frame_id,inference_ms,postprocess_ms,n_detections,track_ids,bboxes_xyxy,confs,footpoints,mem_total_bytes,mem_delta_bytes,mem_bytes,imgsz,model,seq
1,,,7,"[1, 2, 3, 4, 5, 6, 7]","[[1701.75, 396.375, 1856.25, 722.625], [1289.25, 462.375, 1352.25, 656.625], [4.125, 340.3125, 120.1875, 897.1875], [1254.375, 543.0, 1313.625, 655.5], [1887.0, 391.125, 1920.0, 568.875], [254.90625, 465.375, 350.34375, 704.625], [265.03125, 459.75, 331.96875, 578.25]]","[0.77734375, 0.6494140625, 0.6328125, 0.4580078125, 0.440673828125, 0.365234375, 0.255126953125]","[[1779.0, 722.625], [1320.75, 656.625], [62.15625, 897.1875], [1284.0, 655.5], [1903.5, 568.875], [302.625, 704.625], [298.5, 578.25]]",425394176,410927104,425394176,640,yolo26s_int8_640_ncnn_model,MOT17-09
2,,,6,"[1, 2, 3, 4, 5, 6]","[[1692.8563232421875, 395.3987731933594, 1849.5238037109375, 726.2045288085938], [1293.63623046875, 460.4225158691406, 1356.975341796875, 655.9741821289062], [3.02252197265625, 337.5464782714844, 118.84938049316406, 893.4452514648438], [1254.6593017578125, 538.4442138671875, 1317.24560546875, 657.4524536132812], [1884.8714599609375, 390.47418212890625, 1919.525146484375, 577.3357543945312], [257.3731384277344, 461.1446228027344, 355.03594970703125, 706.2520751953125]]","[0.798828125, 0.63427734375, 0.7490234375, 0.57275390625, 0.377685546875, 0.40966796875]","[[1771.1900634765625, 726.2045288085938], [1325.3057861328125, 655.9741821289062], [60.935951232910156, 893.4452514648438], [1285.9524536132812, 657.4524536132812], [1902.1983032226562, 577.3357543945312], [306.2045440673828, 706.2520751953125]]",425394176,410927104,425394176,640,yolo26s_int8_640_ncnn_model,MOT17-09
3,,,6,"[1, 2, 3, 4, 5, 6]","[[1686.796875, 393.4874267578125, 1845.927001953125, 729.7252807617188], [1293.7396240234375, 460.3792419433594, 1358.4342041015625, 660.2352294921875], [3.6419734954833984, 328.00384521484375, 121.17634582519531, 892.5119018554688], [1256.11474609375, 540.7955322265625, 1317.606689453125, 658.0753784179688], [1884.302490234375, 386.9281921386719, 1919.6446533203125, 577.65234375], [260.5254821777344, 462.1532287597656, 358.0335388183594, 707.1105346679688]]","[0.662109375, 0.6181640625, 0.75634765625, 0.52490234375, 0.449462890625, 0.3994140625]","[[1766.3619384765625, 729.7252807617188], [1326.0869140625, 660.2352294921875], [62.409159660339355, 892.5119018554688], [1286.8607177734375, 658.0753784179688], [1901.9735717773438, 577.65234375], [309.2795104980469, 707.1105346679688]]",425394176,410927104,425394176,640,yolo26s_int8_640_ncnn_model,MOT17-09
4,,,7,"[1, 2, 3, 4, 5, 6, 7]","[[1682.1934814453125, 388.080810546875, 1847.720947265625, 738.9974975585938], [1296.337890625, 458.9853515625, 1360.699951171875, 658.4892578125], [4.449651718139648, 307.7315979003906, 126.51782989501953, 893.7024536132812], [1258.4083251953125, 541.6867065429688, 1319.2589111328125, 658.239013671875], [1884.1182861328125, 385.47784423828125, 1919.7298583984375, 577.8733520507812], [263.96771240234375, 460.2814636230469, 361.28204345703125, 706.2149047851562], [273.382080078125, 459.75, 340.08880615234375, 578.25]]","[0.68115234375, 0.58251953125, 0.8037109375, 0.51318359375, 0.38671875, 0.43017578125, 0.265625]","[[1764.9572143554688, 738.9974975585938], [1328.5189208984375, 658.4892578125], [65.48374080657959, 893.7024536132812], [1288.8336181640625, 658.239013671875], [1901.924072265625, 577.8733520507812], [312.6248779296875, 706.2149047851562], [306.7354431152344, 578.25]]",425394176,410927104,425394176,640,yolo26s_int8_640_ncnn_model,MOT17-09
5,,,6,"[1, 2, 3, 4, 5, 6]","[[1680.0565185546875, 384.72900390625, 1851.3760986328125, 750.0341186523438], [1298.4979248046875, 459.09423828125, 1362.226806640625, 657.252197265625], [2.6736841201782227, 263.70916748046875, 135.20016479492188, 900.3574829101562], [1261.31640625, 545.8257446289062, 1318.6441650390625, 656.6024780273438], [1883.822509765625, 382.90496826171875, 1920.0, 578.9556274414062], [264.439453125, 462.44158935546875, 360.56597900390625, 706.4440307617188]]","[0.625, 0.62646484375, 0.85595703125, 0.4111328125, 0.487548828125, 0.48486328125]","[[1765.71630859375, 750.0341186523438], [1330.3623657226562, 657.252197265625], [68.93692445755005, 900.3574829101562], [1289.9802856445312, 656.6024780273438], [1901.9112548828125, 578.9556274414062], [312.5027160644531, 706.4440307617188]]",425394176,410927104,425394176,640,yolo26s_int8_640_ncnn_model,MOT17-09
6,,,6,"[1, 2, 3, 4, 5, 6]","[[1685.18359375, 387.296142578125, 1851.177001953125, 741.775634765625], [1298.630859375, 453.5272521972656, 1364.2550048828125, 658.152587890625], [4.405015468597412, 245.8408660888672, 141.79156494140625, 904.4674072265625], [1263.9957275390625, 551.2996826171875, 1318.78369140625, 658.5025024414062], [1881.2257080078125, 378.40142822265625, 1918.4244384765625, 579.8097534179688], [265.7209167480469, 458.3728332519531, 362.1795654296875, 704.904541015625]]","[0.7216796875, 0.640625, 0.869140625, 0.398193359375, 0.482177734375, 0.4921875]","[[1768.1802978515625, 741.775634765625], [1331.4429321289062, 658.152587890625], [73.09829020500183, 904.4674072265625], [1291.3897094726562, 658.5025024414062], [1899.8250732421875, 579.8097534179688], [313.9502410888672, 704.904541015625]]",425394176,410927104,425394176,640,yolo26s_int8_640_ncnn_model,MOT17-09
7,,,7,"[1, 2, 3, 4, 5, 6, 12]","[[1685.50244140625, 389.75042724609375, 1848.7392578125, 739.047607421875], [1301.654541015625, 456.7945861816406, 1366.0050048828125, 658.4612426757812], [5.888440132141113, 235.63809204101562, 143.91683959960938, 897.25244140625], [1267.2088623046875, 553.833740234375, 1320.70263671875, 660.4793701171875], [1877.090087890625, 366.86151123046875, 1916.9676513671875, 581.869384765625], [270.1903381347656, 457.4930725097656, 365.36474609375, 703.8473510742188], [120.08306121826172, 535.7249755859375, 196.7919464111328, 742.2750244140625]]","[0.76806640625, 0.61767578125, 0.8798828125, 0.319091796875, 0.5244140625, 0.480224609375, 0.345458984375]","[[1767.120849609375, 739.047607421875], [1333.8297729492188, 658.4612426757812], [74.90263986587524, 897.25244140625], [1293.9557495117188, 660.4793701171875], [1897.0288696289062, 581.869384765625], [317.7775421142578, 703.8473510742188], [158.43750381469727, 742.2750244140625]]",425394176,410927104,425394176,640,yolo26s_int8_640_ncnn_model,MOT17-09
8,,,6,"[1, 2, 3, 5, 6, 12]","[[1684.53125, 391.72711181640625, 1846.959716796875, 741.0368041992188], [1303.0750732421875, 451.12359619140625, 1369.279052734375, 658.3040161132812], [7.331118583679199, 232.36045837402344, 146.55714416503906, 896.7684326171875], [1875.6214599609375, 366.16363525390625, 1916.4176025390625, 585.0747680664062], [274.8888244628906, 457.47735595703125, 368.1703796386719, 703.2213134765625], [116.98847198486328, 515.4776000976562, 203.37745666503906, 748.5586547851562]]","[0.75341796875, 0.650390625, 0.88037109375, 0.52978515625, 0.45458984375, 0.38671875]","[[1765.7454833984375, 741.0368041992188], [1336.1770629882812, 658.3040161132812], [76.94413137435913, 896.7684326171875], [1896.01953125, 585.0747680664062], [321.52960205078125, 703.2213134765625], [160.18296432495117, 748.5586547851562]]",425394176,410927104,425394176,640,yolo26s_int8_640_ncnn_model,MOT17-09
9,,,7,"[1, 2, 3, 5, 6, 12, 4]","[[1682.9453125, 391.70916748046875, 1845.5821533203125, 744.4736938476562], [1307.147216796875, 447.0950012207031, 1374.8536376953125, 658.2402954101562], [9.149345397949219, 228.2538604736328, 150.64186096191406, 898.1860961914062], [1874.59765625, 365.60595703125, 1916.7537841796875, 590.731689453125], [279.3549499511719, 457.256103515625, 370.3381042480469, 702.2457275390625], [115.43820190429688, 505.34942626953125, 204.87490844726562, 747.3955078125], [1269.5137939453125, 542.3162231445312, 1327.721435546875, 661.4137573242188]]","[0.7451171875, 0.60205078125, 0.88427734375, 0.5751953125, 0.4052734375, 0.44287109375, 0.4580078125]","[[1764.2637329101562, 744.4736938476562], [1341.0004272460938, 658.2402954101562], [79.89560317993164, 898.1860961914062], [1895.6757202148438, 590.731689453125], [324.8465270996094, 702.2457275390625], [160.15655517578125, 747.3955078125], [1298.6176147460938, 661.4137573242188]]",425394176,410927104,425394176,640,yolo26s_int8_640_ncnn_model,MOT17-09
10,,,6,"[1, 2, 3, 5, 6, 4]","[[1678.9786376953125, 393.4794616699219, 1838.4600830078125, 742.8869018554688], [1311.7664794921875, 446.6452941894531, 1379.70361328125, 657.2103271484375], [14.188406944274902, 227.56097412109375, 157.4639129638672, 894.4823608398438], [1873.468017578125, 372.6446838378906, 1915.727783203125, 595.53857421875], [281.5551452636719, 454.16143798828125, 370.621826171875, 699.877197265625], [1272.3961181640625, 541.4476928710938, 1330.4910888671875, 662.9195556640625]]","[0.7080078125, 0.54833984375, 0.87841796875, 0.62109375, 0.396240234375, 0.4453125]","[[1758.7193603515625, 742.8869018554688], [1345.7350463867188, 657.2103271484375], [85.82615995407104, 894.4823608398438], [1894.597900390625, 595.53857421875], [326.08848571777344, 699.877197265625], [1301.443603515625, 662.9195556640625]]",425394176,410927104,425394176,640,yolo26s_int8_640_ncnn_model,MOT17-09
11,,,7,"[1, 2, 3, 5, 6, 4, 17]","[[1673.76171875, 393.9072265625, 1833.557861328125, 749.4946899414062], [1313.8258056640625, 451.3191223144531, 1382.0340576171875, 662.067626953125], [14.034575462341309, 233.6332244873047, 157.45669555664062, 892.2977294921875], [1871.52783203125, 375.30096435546875, 1914.93505859375, 601.5237426757812], [282.103515625, 454.8116760253906, 369.5318908691406, 701.2932739257812], [1274.352783203125, 538.443359375, 1332.536865234375, 663.1961059570312], [1311.113525390625, 450.375, 1360.6864013671875, 657.2249755859375]]","[0.70654296875, 0.490966796875, 0.88671875, 0.6376953125, 0.324951171875, 0.3017578125, 0.413818359375]","[[1753.6597900390625, 749.4946899414062], [1347.929931640625, 662.067626953125], [85.74563550949097, 892.2977294921875], [1893.2314453125, 601.5237426757812], [325.8177032470703, 701.2932739257812], [1303.44482421875, 663.1961059570312], [1335.8999633789062, 657.2249755859375]]",425394176,410927104,425394176,640,yolo26s_int8_640_ncnn_model,MOT17-09
12,,,7,"[1, 2, 3, 5, 6, 4, 17]","[[1670.5909423828125, 393.5679016113281, 1829.1226806640625, 752.3732299804688], [1315.9722900390625, 453.8863220214844, 1384.3218994140625, 663.1403198242188], [14.303173065185547, 230.73388671875, 161.36717224121094, 896.2076416015625], [1869.6788330078125, 368.2521667480469, 1915.8131103515625, 606.8982543945312], [282.627685546875, 453.0889892578125, 368.872314453125, 701.851806640625], [1276.2879638671875, 540.260986328125, 1332.9798583984375, 664.232421875], [1310.5582275390625, 451.2287902832031, 1359.875732421875, 657.0542602539062]]","[0.73388671875, 0.49609375, 0.88427734375, 0.64501953125, 0.302734375, 0.392578125, 0.429443359375]","[[1749.8568115234375, 752.3732299804688], [1350.1470947265625, 663.1403198242188], [87.83517265319824, 896.2076416015625], [1892.7459716796875, 606.8982543945312], [325.75, 701.851806640625], [1304.6339111328125, 664.232421875], [1335.2169799804688, 657.0542602539062]]",425394176,410927104,425394176,640,yolo26s_int8_640_ncnn_model,MOT17-09
13,,,8,"[1, 2, 3, 5, 4, 17, 21, 12]","[[1670.397705078125, 390.95526123046875, 1828.59375, 751.8768310546875], [1317.9342041015625, 454.64154052734375, 1386.813232421875, 663.768310546875], [15.003339767456055, 229.97488403320312, 166.5177764892578, 904.6024780273438], [1868.0313720703125, 365.6093444824219, 1917.1363525390625, 618.524169921875], [1278.1419677734375, 540.780517578125, 1332.8580322265625, 662.851318359375], [1312.1905517578125, 454.7202453613281, 1361.253173828125, 659.6085205078125], [1347.2156982421875, 488.7749938964844, 1394.7843017578125, 654.2249755859375], [111.92643737792969, 500.171630859375, 201.59068298339844, 745.9478149414062]]","[0.7333984375, 0.482177734375, 0.88134765625, 0.65966796875, 0.37353515625, 0.431640625, 0.38623046875, 0.30126953125]","[[1749.4957275390625, 751.8768310546875], [1352.3737182617188, 663.768310546875], [90.76055812835693, 904.6024780273438], [1892.5838623046875, 618.524169921875], [1305.5, 662.851318359375], [1336.7218627929688, 659.6085205078125], [1371.0, 654.2249755859375], [156.75856018066406, 745.9478149414062]]",425394176,410927104,425394176,640,yolo26s_int8_640_ncnn_model,MOT17-09
14,,,8,"[1, 2, 3, 5, 4, 17, 21, 12]","[[1670.34619140625, 390.2141418457031, 1826.5733642578125, 749.3612670898438], [1318.3870849609375, 458.6754455566406, 1386.8428955078125, 664.2269897460938], [17.005027770996094, 234.56851196289062, 172.8424530029297, 915.0477905273438], [1865.0843505859375, 369.89105224609375, 1916.1854248046875, 631.1182250976562], [1280.8468017578125, 540.0244140625, 1334.6243896484375, 662.2711181640625], [1314.738525390625, 457.7586364746094, 1363.06005859375, 659.57275390625], [1348.19287109375, 489.23638916015625, 1396.114013671875, 656.0704956054688], [116.55062866210938, 508.1329345703125, 202.68914794921875, 744.59912109375]]","[0.72265625, 0.342041015625, 0.88330078125, 0.583984375, 0.377685546875, 0.3642578125, 0.423095703125, 0.32861328125]","[[1748.4597778320312, 749.3612670898438], [1352.614990234375, 664.2269897460938], [94.92374038696289, 915.0477905273438], [1890.6348876953125, 631.1182250976562], [1307.735595703125, 662.2711181640625], [1338.8992919921875, 659.57275390625], [1372.1534423828125, 656.0704956054688], [159.61988830566406, 744.59912109375]]",425394176,410927104,425394176,640,yolo26s_int8_640_ncnn_model,MOT17-09
15,,,8,"[1, 2, 3, 5, 4, 17, 21, 12]","[[1673.8446044921875, 389.9465637207031, 1830.417724609375, 750.3064575195312], [1319.7325439453125, 457.70953369140625, 1388.462646484375, 660.8654174804688], [18.35223960876465, 235.77725219726562, 178.0587615966797, 918.8760986328125], [1861.9447021484375, 365.6832275390625, 1917.8333740234375, 652.55419921875], [1283.566650390625, 541.2462768554688, 1335.4423828125, 661.527587890625], [1317.2789306640625, 455.3832092285156, 1366.2684326171875, 659.5106811523438], [1350.7886962890625, 487.3607177734375, 1398.938720703125, 655.2418823242188], [119.91387939453125, 526.0017700195312, 198.29733276367188, 741.3421630859375]]","[0.69140625, 0.405029296875, 0.89453125, 0.63818359375, 0.4599609375, 0.283935546875, 0.406982421875, 0.3203125]","[[1752.1311645507812, 750.3064575195312], [1354.0975952148438, 660.8654174804688], [98.20550060272217, 918.8760986328125], [1889.8890380859375, 652.55419921875], [1309.5045166015625, 661.527587890625], [1341.773681640625, 659.5106811523438], [1374.8637084960938, 655.2418823242188], [159.10560607910156, 741.3421630859375]]",425394176,410927104,425394176,640,yolo26s_int8_640_ncnn_model,MOT17-09
16,,,8,"[1, 2, 3, 5, 4, 17, 21, 12]","[[1672.9964599609375, 390.6028137207031, 1826.2376708984375, 743.9159545898438], [1323.843505859375, 459.5943908691406, 1392.29052734375, 660.3408203125], [17.95854377746582, 236.4957733154297, 180.8764190673828, 920.2505493164062], [1859.76171875, 368.2899475097656, 1917.5869140625, 664.0709838867188], [1285.4610595703125, 540.0040893554688, 1336.7283935546875, 660.96142578125], [1322.5260009765625, 464.53546142578125, 1370.26220703125, 658.9378051757812], [1352.9652099609375, 488.1516418457031, 1400.6507568359375, 654.6458129882812], [120.86070251464844, 532.126220703125, 196.56735229492188, 740.6021118164062]]","[0.6845703125, 0.30224609375, 0.90234375, 0.6259765625, 0.38427734375, 0.387939453125, 0.44677734375, 0.277587890625]","[[1749.6170654296875, 743.9159545898438], [1358.0670166015625, 660.3408203125], [99.41748142242432, 920.2505493164062], [1888.67431640625, 664.0709838867188], [1311.0947265625, 660.96142578125], [1346.3941040039062, 658.9378051757812], [1376.8079833984375, 654.6458129882812], [158.71402740478516, 740.6021118164062]]",425394176,410927104,425394176,640,yolo26s_int8_640_ncnn_model,MOT17-09
17,,,7,"[1, 2, 3, 5, 4, 17, 21]","[[1670.8001708984375, 388.37091064453125, 1826.643798828125, 747.91259765625], [1327.6585693359375, 462.7980041503906, 1395.2703857421875, 659.6381225585938], [19.85043716430664, 236.98916625976562, 185.1215057373047, 914.7607421875], [1858.986328125, 359.6957702636719, 1919.3480224609375, 669.7100219726562], [1288.0830078125, 539.8031616210938, 1339.1326904296875, 661.471923828125], [1324.1346435546875, 467.75531005859375, 1370.715576171875, 654.4481811523438], [1355.665283203125, 487.08575439453125, 1403.432861328125, 654.710205078125]]","[0.77685546875, 0.353759765625, 0.90478515625, 0.64404296875, 0.480224609375, 0.423583984375, 0.50439453125]","[[1748.7219848632812, 747.91259765625], [1361.4644775390625, 659.6381225585938], [102.48597145080566, 914.7607421875], [1889.1671752929688, 669.7100219726562], [1313.6078491210938, 661.471923828125], [1347.4251098632812, 654.4481811523438], [1379.549072265625, 654.710205078125]]",425394176,410927104,425394176,640,yolo26s_int8_640_ncnn_model,MOT17-09
18,,,8,"[1, 3, 5, 4, 17, 21, 24, 6]","[[1667.376220703125, 387.0599670410156, 1821.5889892578125, 743.943115234375], [20.7460994720459, 237.25877380371094, 189.0763397216797, 911.7037963867188], [1852.0458984375, 342.12615966796875, 1920.0, 713.4255981445312], [1290.9161376953125, 540.4889526367188, 1341.0360107421875, 659.921142578125], [1327.209716796875, 461.61041259765625, 1376.59765625, 656.8485717773438], [1358.9083251953125, 488.0505065917969, 1406.1368408203125, 654.4700317382812], [1814.448974609375, 444.2250061035156, 1869.551025390625, 614.7750244140625], [304.9447937011719, 463.60235595703125, 389.467041015625, 702.1095581054688]]","[0.796875, 0.91748046875, 0.6337890625, 0.456787109375, 0.442138671875, 0.491455078125, 0.480224609375, 0.347900390625]","[[1744.4826049804688, 743.943115234375], [104.9112195968628, 911.7037963867188], [1886.02294921875, 713.4255981445312], [1315.97607421875, 659.921142578125], [1351.9036865234375, 656.8485717773438], [1382.5225830078125, 654.4700317382812], [1842.0, 614.7750244140625], [347.20591735839844, 702.1095581054688]]",425394176,410927104,425394176,640,yolo26s_int8_640_ncnn_model,MOT17-09
19,,,8,"[1, 3, 5, 4, 21, 24, 6, 2]","[[1663.0767822265625, 384.8414306640625, 1818.7969970703125, 747.10107421875], [24.825878143310547, 237.27696228027344, 197.77569580078125, 909.7514038085938], [1848.9222412109375, 333.54730224609375, 1920.0, 739.3305053710938], [1292.308837890625, 541.2745971679688, 1342.27978515625, 660.80029296875], [1361.6947021484375, 488.9342041015625, 1408.4058837890625, 653.8646240234375], [1813.7022705078125, 446.6584167480469, 1867.9801025390625, 614.6591186523438], [309.5230712890625, 462.9361267089844, 395.5289611816406, 701.6809692382812], [1326.8516845703125, 463.84661865234375, 1394.2806396484375, 660.8711547851562]]","[0.8056640625, 0.9091796875, 0.62841796875, 0.45068359375, 0.432373046875, 0.5654296875, 0.46923828125, 0.427490234375]","[[1740.9368896484375, 747.10107421875], [111.3007869720459, 909.7514038085938], [1884.4611206054688, 739.3305053710938], [1317.2943115234375, 660.80029296875], [1385.05029296875, 653.8646240234375], [1840.8411865234375, 614.6591186523438], [352.52601623535156, 701.6809692382812], [1360.566162109375, 660.8711547851562]]",425394176,410927104,425394176,640,yolo26s_int8_640_ncnn_model,MOT17-09
20,,,9,"[1, 3, 5, 4, 21, 24, 6, 2, 17]","[[1659.4163818359375, 383.2904052734375, 1815.96923828125, 748.022216796875], [26.940324783325195, 234.95143127441406, 202.63946533203125, 895.6011352539062], [1847.878662109375, 331.6976013183594, 1920.0, 754.799560546875], [1295.5506591796875, 542.5725708007812, 1345.841552734375, 662.111572265625], [1363.1580810546875, 489.7722473144531, 1409.59619140625, 653.1347045898438], [1812.18603515625, 446.5819396972656, 1866.3731689453125, 614.3263549804688], [310.4533386230469, 465.2431640625, 397.5422058105469, 703.0450439453125], [1326.9786376953125, 458.8798522949219, 1395.2127685546875, 658.123779296875], [1327.7840576171875, 466.1571044921875, 1374.87060546875, 650.7752685546875]]","[0.82568359375, 0.90625, 0.57177734375, 0.4658203125, 0.43603515625, 0.5458984375, 0.481201171875, 0.383544921875, 0.291015625]","[[1737.6928100585938, 748.022216796875], [114.78989505767822, 895.6011352539062], [1883.9393310546875, 754.799560546875], [1320.6961059570312, 662.111572265625], [1386.3771362304688, 653.1347045898438], [1839.2796020507812, 614.3263549804688], [353.9977722167969, 703.0450439453125], [1361.095703125, 658.123779296875], [1351.3273315429688, 650.7752685546875]]",425394176,410927104,425394176,640,yolo26s_int8_640_ncnn_model,MOT17-09
21,,,9,"[1, 3, 5, 4, 21, 24, 6, 2, 17]","[[1656.6116943359375, 380.755859375, 1814.4774169921875, 748.3451538085938], [31.016124725341797, 235.96446228027344, 212.66217041015625, 895.4437866210938], [1847.7081298828125, 331.3020324707031, 1920.0, 763.4076538085938], [1296.674560546875, 541.8334350585938, 1347.1448974609375, 661.8511352539062], [1362.2919921875, 489.8171691894531, 1409.1842041015625, 653.1332397460938], [1811.8072509765625, 446.21051025390625, 1865.8636474609375, 613.380615234375], [311.8773193359375, 463.5783386230469, 400.74285888671875, 702.0604858398438], [1327.4813232421875, 457.869384765625, 1396.02490234375, 657.397705078125], [1328.0419921875, 465.6217956542969, 1375.8084716796875, 649.7701416015625]]","[0.82568359375, 0.9140625, 0.63134765625, 0.461669921875, 0.437255859375, 0.456787109375, 0.48486328125, 0.387939453125, 0.2958984375]","[[1735.5445556640625, 748.3451538085938], [121.83914756774902, 895.4437866210938], [1883.8540649414062, 763.4076538085938], [1321.9097290039062, 661.8511352539062], [1385.7380981445312, 653.1332397460938], [1838.83544921875, 613.380615234375], [356.3100891113281, 702.0604858398438], [1361.7531127929688, 657.397705078125], [1351.9252319335938, 649.7701416015625]]",425394176,410927104,425394176,640,yolo26s_int8_640_ncnn_model,MOT17-09
22,,,9,"[1, 3, 5, 4, 21, 24, 6, 2, 17]","[[1654.9808349609375, 386.4764099121094, 1812.6573486328125, 751.6431884765625], [30.01046371459961, 234.46804809570312, 218.082275390625, 895.42041015625], [1848.4005126953125, 329.9690856933594, 1920.0, 760.271240234375], [1297.26416015625, 542.7947998046875, 1347.3231201171875, 662.4794311523438], [1359.114501953125, 487.7978515625, 1407.6793212890625, 654.1568603515625], [1810.4951171875, 446.33050537109375, 1864.8016357421875, 613.9021606445312], [311.9430847167969, 461.9353332519531, 401.94635009765625, 702.6937255859375], [1328.6427001953125, 455.26812744140625, 1398.2105712890625, 658.3623046875], [1329.549072265625, 464.6727600097656, 1378.7333984375, 651.21875]]","[0.8173828125, 0.91015625, 0.65966796875, 0.447509765625, 0.413330078125, 0.40771484375, 0.46630859375, 0.468017578125, 0.341796875]","[[1733.819091796875, 751.6431884765625], [124.0463695526123, 895.42041015625], [1884.2002563476562, 760.271240234375], [1322.2936401367188, 662.4794311523438], [1383.3969116210938, 654.1568603515625], [1837.6483764648438, 613.9021606445312], [356.94471740722656, 702.6937255859375], [1363.4266357421875, 658.3623046875], [1354.1412353515625, 651.21875]]",425394176,410927104,425394176,640,yolo26s_int8_640_ncnn_model,MOT17-09
23,,,8,"[1, 3, 5, 4, 21, 24, 6, 2]","[[1652.4815673828125, 390.6822814941406, 1810.0513916015625, 752.8720703125], [35.03938674926758, 237.23092651367188, 229.5752716064453, 893.2139892578125], [1848.89794921875, 332.0692138671875, 1920.0, 762.7601318359375], [1298.5294189453125, 542.9178466796875, 1348.1781005859375, 662.9515991210938], [1353.65380859375, 484.8000183105469, 1405.3089599609375, 657.7913818359375], [1811.53173828125, 448.4769592285156, 1865.15478515625, 614.0968627929688], [313.082763671875, 462.04815673828125, 403.0701904296875, 700.2110595703125], [1330.6480712890625, 460.7052917480469, 1399.3333740234375, 662.1720581054688]]","[0.80908203125, 0.91015625, 0.625, 0.488525390625, 0.360595703125, 0.467041015625, 0.5556640625, 0.57080078125]","[[1731.2664794921875, 752.8720703125], [132.30732917785645, 893.2139892578125], [1884.448974609375, 762.7601318359375], [1323.353759765625, 662.9515991210938], [1379.4813842773438, 657.7913818359375], [1838.34326171875, 614.0968627929688], [358.07647705078125, 700.2110595703125], [1364.99072265625, 662.1720581054688]]",425394176,410927104,425394176,640,yolo26s_int8_640_ncnn_model,MOT17-09
24,,,8,"[1, 3, 5, 4, 21, 24, 6, 2]","[[1649.956787109375, 391.2879333496094, 1808.8238525390625, 754.2901000976562], [39.60621643066406, 237.1416778564453, 242.1696319580078, 890.6722412109375], [1849.0113525390625, 330.2333068847656, 1920.0, 761.3733520507812], [1299.8720703125, 542.9654541015625, 1349.4862060546875, 664.1052856445312], [1349.1187744140625, 484.17803955078125, 1402.919189453125, 658.6564331054688], [1810.953125, 447.6485595703125, 1864.218994140625, 612.6034545898438], [313.53961181640625, 461.0838928222656, 404.7461853027344, 703.266357421875], [1330.3450927734375, 464.3053894042969, 1397.720703125, 662.1407470703125]]","[0.73876953125, 0.9150390625, 0.6337890625, 0.5068359375, 0.3720703125, 0.475341796875, 0.611328125, 0.58837890625]","[[1729.3903198242188, 754.2901000976562], [140.88792419433594, 890.6722412109375], [1884.5056762695312, 761.3733520507812], [1324.6791381835938, 664.1052856445312], [1376.0189819335938, 658.6564331054688], [1837.5860595703125, 612.6034545898438], [359.1428985595703, 703.266357421875], [1364.0328979492188, 662.1407470703125]]",425394176,410927104,425394176,640,yolo26s_int8_640_ncnn_model,MOT17-09
25,,,8,"[1, 3, 5, 4, 21, 24, 6, 2]","[[1641.00439453125, 394.9729919433594, 1798.696533203125, 756.2713623046875], [49.65410614013672, 236.56326293945312, 262.61968994140625, 886.400146484375], [1844.90478515625, 330.8143615722656, 1919.9842529296875, 761.2334594726562], [1301.831298828125, 541.99755859375, 1351.3697509765625, 664.5269165039062], [1345.82080078125, 483.9615478515625, 1401.5294189453125, 658.9700927734375], [1811.6673583984375, 447.58380126953125, 1865.080078125, 613.8843383789062], [313.62066650390625, 461.2148742675781, 405.07110595703125, 704.9039916992188], [1329.949951171875, 460.1732482910156, 1399.256103515625, 663.6051025390625]]","[0.57861328125, 0.90625, 0.63623046875, 0.50146484375, 0.43310546875, 0.277099609375, 0.7421875, 0.54736328125]","[[1719.8504638671875, 756.2713623046875], [156.13689804077148, 886.400146484375], [1882.4445190429688, 761.2334594726562], [1326.6005249023438, 664.5269165039062], [1373.6751098632812, 658.9700927734375], [1838.3737182617188, 613.8843383789062], [359.34588623046875, 704.9039916992188], [1364.60302734375, 663.6051025390625]]",425394176,410927104,425394176,640,yolo26s_int8_640_ncnn_model,MOT17-09
26,,,7,"[1, 3, 5, 4, 21, 6, 2]","[[1633.9710693359375, 397.5974426269531, 1790.74072265625, 758.71533203125], [52.424781799316406, 236.54104614257812, 276.6789855957031, 886.7064819335938], [1841.7320556640625, 337.07452392578125, 1916.7589111328125, 763.6561279296875], [1303.477783203125, 542.3692016601562, 1352.0489501953125, 663.9317016601562], [1345.0386962890625, 484.1479797363281, 1402.5140380859375, 659.8117065429688], [314.797607421875, 458.5427551269531, 406.34942626953125, 704.2894897460938], [1330.84326171875, 463.7990417480469, 1398.72412109375, 663.888671875]]","[0.72900390625, 0.919921875, 0.6845703125, 0.41259765625, 0.447509765625, 0.7080078125, 0.54833984375]","[[1712.3558959960938, 758.71533203125], [164.55188369750977, 886.7064819335938], [1879.2454833984375, 763.6561279296875], [1327.7633666992188, 663.9317016601562], [1373.7763671875, 659.8117065429688], [360.5735168457031, 704.2894897460938], [1364.78369140625, 663.888671875]]",425394176,410927104,425394176,640,yolo26s_int8_640_ncnn_model,MOT17-09
27,,,7,"[1, 3, 5, 4, 21, 6, 2]","[[1629.02587890625, 392.8601989746094, 1788.28271484375, 762.3177490234375], [52.29291534423828, 233.11724853515625, 288.4070129394531, 886.3792724609375], [1842.1611328125, 335.81683349609375, 1917.82080078125, 765.1458740234375], [1303.2650146484375, 540.03955078125, 1353.0079345703125, 666.16064453125], [1344.4254150390625, 482.7540588378906, 1403.228759765625, 661.5953369140625], [316.1752624511719, 455.8029479980469, 407.9786071777344, 703.8037109375], [1331.8846435546875, 464.9553527832031, 1398.698486328125, 663.224853515625]]","[0.71044921875, 0.90625, 0.71240234375, 0.5078125, 0.3544921875, 0.69140625, 0.55615234375]","[[1708.654296875, 762.3177490234375], [170.3499641418457, 886.3792724609375], [1879.990966796875, 765.1458740234375], [1328.136474609375, 666.16064453125], [1373.8270874023438, 661.5953369140625], [362.0769348144531, 703.8037109375], [1365.2915649414062, 663.224853515625]]",425394176,410927104,425394176,640,yolo26s_int8_640_ncnn_model,MOT17-09
28,,,7,"[1, 3, 5, 4, 21, 6, 2]","[[1622.21044921875, 389.8359375, 1780.7393798828125, 761.909423828125], [54.74430465698242, 232.13259887695312, 304.8642578125, 892.000732421875], [1836.8428955078125, 329.90716552734375, 1915.9891357421875, 773.8818969726562], [1303.7738037109375, 538.9302368164062, 1353.680419921875, 667.22607421875], [1343.609619140625, 479.294677734375, 1404.1009521484375, 662.2513427734375], [316.9801025390625, 462.9064636230469, 406.697998046875, 705.3413696289062], [1331.4893798828125, 459.65142822265625, 1399.39208984375, 661.712646484375]]","[0.70458984375, 0.9013671875, 0.74951171875, 0.4951171875, 0.395751953125, 0.61279296875, 0.6328125]","[[1701.4749145507812, 761.909423828125], [179.8042812347412, 892.000732421875], [1876.416015625, 773.8818969726562], [1328.7271118164062, 667.22607421875], [1373.8552856445312, 662.2513427734375], [361.83905029296875, 705.3413696289062], [1365.4407348632812, 661.712646484375]]",425394176,410927104,425394176,640,yolo26s_int8_640_ncnn_model,MOT17-09
29,,,7,"[1, 3, 5, 4, 6, 2, 17]","[[1624.476806640625, 383.2512512207031, 1788.9991455078125, 773.0160522460938], [55.46024703979492, 228.3645782470703, 318.0116271972656, 890.702880859375], [1833.5494384765625, 328.0483703613281, 1914.666015625, 777.6514282226562], [1304.42138671875, 539.2454833984375, 1353.3756103515625, 666.88427734375], [318.7149353027344, 476.8722229003906, 404.1051330566406, 705.6790771484375], [1334.06982421875, 457.42388916015625, 1402.776611328125, 660.4013061523438], [1336.4344482421875, 465.05462646484375, 1386.4541015625, 652.4711303710938]]","[0.677734375, 0.9072265625, 0.740234375, 0.456298828125, 0.64013671875, 0.57080078125, 0.348388671875]","[[1706.7379760742188, 773.0160522460938], [186.73593711853027, 890.702880859375], [1874.1077270507812, 777.6514282226562], [1328.8984985351562, 666.88427734375], [361.4100341796875, 705.6790771484375], [1368.4232177734375, 660.4013061523438], [1361.4442749023438, 652.4711303710938]]",425394176,410927104,425394176,640,yolo26s_int8_640_ncnn_model,MOT17-09
30,,,6,"[1, 3, 5, 4, 6, 2]","[[1626.4639892578125, 377.386474609375, 1789.19970703125, 765.0450439453125], [55.0369873046875, 225.6377410888672, 328.8898620605469, 887.6318359375], [1831.7886962890625, 324.7291259765625, 1913.7384033203125, 770.8488159179688], [1305.1292724609375, 539.876953125, 1353.6654052734375, 668.2033081054688], [328.3980712890625, 491.2628479003906, 409.4193420410156, 705.7955932617188], [1336.3760986328125, 463.00225830078125, 1404.6478271484375, 663.3506469726562]]","[0.8076171875, 0.927734375, 0.75390625, 0.476806640625, 0.533203125, 0.625]","[[1707.8318481445312, 765.0450439453125], [191.9634246826172, 887.6318359375], [1872.7635498046875, 770.8488159179688], [1329.3973388671875, 668.2033081054688], [368.90870666503906, 705.7955932617188], [1370.511962890625, 663.3506469726562]]",425394176,410927104,425394176,640,yolo26s_int8_640_ncnn_model,MOT17-09
31,163.45577500010222,0.0,7,"[1, 3, 5, 4, 6, 2, 17]","[[1626.605712890625, 378.0660400390625, 1786.2703857421875, 760.8038330078125], [55.422645568847656, 225.7906036376953, 342.7324523925781, 892.3049926757812], [1827.0953369140625, 318.7451171875, 1912.5999755859375, 779.5350341796875], [1305.952392578125, 538.8976440429688, 1354.1177978515625, 667.9475708007812], [338.1139831542969, 492.8034362792969, 418.89691162109375, 705.3134765625], [1336.5140380859375, 464.6476745605469, 1405.9998779296875, 666.9591064453125], [1336.950439453125, 465.3487548828125, 1387.850341796875, 653.4548950195312]]","[0.76171875, 0.9150390625, 0.73876953125, 0.458740234375, 0.452392578125, 0.607421875, 0.309326171875]","[[1706.4380493164062, 760.8038330078125], [199.0775489807129, 892.3049926757812], [1869.84765625, 779.5350341796875], [1330.0350952148438, 667.9475708007812], [378.5054473876953, 705.3134765625], [1371.2569580078125, 666.9591064453125], [1362.400390625, 653.4548950195312]]",425394176,410927104,425394176,640,yolo26s_int8_640_ncnn_model,MOT17-09
32,163.96003500017287,0.0,7,"[1, 3, 5, 4, 6, 2, 17]","[[1623.903564453125, 377.6379699707031, 1786.13232421875, 770.7550659179688], [57.45075988769531, 227.39697265625, 354.0164794921875, 886.68701171875], [1824.6971435546875, 315.0784912109375, 1912.852783203125, 782.2135620117188], [1307.99609375, 539.0247192382812, 1355.42431640625, 667.3373413085938], [339.300048828125, 494.5232238769531, 418.50872802734375, 701.8451538085938], [1337.3790283203125, 466.4884338378906, 1406.6002197265625, 667.0577392578125], [1337.22265625, 464.904541015625, 1388.7587890625, 654.1409301757812]]","[0.72607421875, 0.91259765625, 0.74365234375, 0.47705078125, 0.3525390625, 0.63818359375, 0.31494140625]","[[1705.0179443359375, 770.7550659179688], [205.7336196899414, 886.68701171875], [1868.7749633789062, 782.2135620117188], [1331.710205078125, 667.3373413085938], [378.9043884277344, 701.8451538085938], [1371.9896240234375, 667.0577392578125], [1362.99072265625, 654.1409301757812]]",425394176,410927104,425394176,640,yolo26s_int8_640_ncnn_model,MOT17-09
33,164.29168299987396,0.0,5,"[1, 3, 5, 4, 2]","[[1619.011474609375, 378.23785400390625, 1782.264404296875, 780.5501098632812], [55.444969177246094, 232.30462646484375, 361.03729248046875, 886.2963256835938], [1819.417236328125, 312.6483154296875, 1909.6365966796875, 781.2188110351562], [1309.4002685546875, 539.08544921875, 1356.1964111328125, 666.095947265625], [1338.9197998046875, 465.68280029296875, 1408.4949951171875, 665.5758056640625]]","[0.6826171875, 0.919921875, 0.73974609375, 0.5166015625, 0.6787109375]","[[1700.637939453125, 780.5501098632812], [208.24113082885742, 886.2963256835938], [1864.5269165039062, 781.2188110351562], [1332.79833984375, 666.095947265625], [1373.7073974609375, 665.5758056640625]]",425394176,410927104,425394176,640,yolo26s_int8_640_ncnn_model,MOT17-09
34,163.72807199991257,0.0,6,"[1, 3, 5, 4, 2, 17]","[[1617.3961181640625, 375.3369140625, 1778.7177734375, 779.6264038085938], [53.98257064819336, 232.7049560546875, 371.6002502441406, 888.6661376953125], [1815.6187744140625, 312.6614074707031, 1908.2955322265625, 783.6716918945312], [1310.9134521484375, 538.375, 1357.396484375, 665.362548828125], [1340.1510009765625, 464.8646240234375, 1410.453369140625, 664.5005493164062], [1336.183837890625, 465.6168212890625, 1388.0, 654.7066040039062]]","[0.75146484375, 0.91650390625, 0.76806640625, 0.49609375, 0.6787109375, 0.3251953125]","[[1698.0569458007812, 779.6264038085938], [212.791410446167, 888.6661376953125], [1861.9571533203125, 783.6716918945312], [1334.1549682617188, 665.362548828125], [1375.3021850585938, 664.5005493164062], [1362.0919189453125, 654.7066040039062]]",425394176,410927104,425394176,640,yolo26s_int8_640_ncnn_model,MOT17-09
35,163.26281200008452,0.0,6,"[1, 3, 5, 4, 2, 17]","[[1619.272705078125, 375.96405029296875, 1778.9622802734375, 781.3696899414062], [62.99304962158203, 237.58547973632812, 391.10052490234375, 887.842529296875], [1812.7547607421875, 310.6826171875, 1907.35302734375, 779.6796875], [1312.5972900390625, 539.6006469726562, 1358.628173828125, 665.5745849609375], [1341.7142333984375, 467.024169921875, 1411.9830322265625, 664.5784301757812], [1337.4764404296875, 466.7905578613281, 1389.0826416015625, 653.779296875]]","[0.78662109375, 0.9072265625, 0.80126953125, 0.51318359375, 0.62841796875, 0.29052734375]","[[1699.1174926757812, 781.3696899414062], [227.0467872619629, 887.842529296875], [1860.0538940429688, 779.6796875], [1335.6127319335938, 665.5745849609375], [1376.8486328125, 664.5784301757812], [1363.279541015625, 653.779296875]]",425394176,410927104,425394176,640,yolo26s_int8_640_ncnn_model,MOT17-09
36,164.17066500002875,0.0,5,"[1, 3, 5, 4, 2]","[[1619.7125244140625, 376.9806823730469, 1779.517822265625, 786.1278076171875], [63.86347961425781, 242.8115692138672, 405.0027160644531, 892.1500244140625], [1809.8333740234375, 308.7860412597656, 1907.969970703125, 783.119384765625], [1313.6710205078125, 539.08251953125, 1359.5543212890625, 664.6573486328125], [1342.66162109375, 466.5828552246094, 1414.0911865234375, 664.8473510742188]]","[0.77978515625, 0.90625, 0.79052734375, 0.487060546875, 0.6767578125]","[[1699.6151733398438, 786.1278076171875], [234.43309783935547, 892.1500244140625], [1858.9016723632812, 783.119384765625], [1336.6126708984375, 664.6573486328125], [1378.3764038085938, 664.8473510742188]]",425394176,410927104,425394176,640,yolo26s_int8_640_ncnn_model,MOT17-09
37,188.89955700001337,0.0,6,"[1, 3, 5, 4, 2, 12]","[[1616.6038818359375, 374.4571838378906, 1775.30615234375, 785.9034423828125], [62.46174240112305, 245.13619995117188, 413.92169189453125, 889.4301147460938], [1807.060546875, 308.384033203125, 1907.0487060546875, 780.1503295898438], [1315.1842041015625, 539.6365356445312, 1360.6865234375, 663.5641479492188], [1342.726806640625, 466.4027404785156, 1415.0772705078125, 664.9402465820312], [116.24579620361328, 529.5750732421875, 192.4241485595703, 742.5192260742188]]","[0.8037109375, 0.91259765625, 0.79248046875, 0.454345703125, 0.66796875, 0.29052734375]","[[1695.9550170898438, 785.9034423828125], [238.19171714782715, 889.4301147460938], [1857.0546264648438, 780.1503295898438], [1337.9353637695312, 663.5641479492188], [1378.9020385742188, 664.9402465820312], [154.3349723815918, 742.5192260742188]]",425394176,410927104,425394176,640,yolo26s_int8_640_ncnn_model,MOT17-09
38,165.29677699986678,0.0,6,"[1, 3, 5, 4, 2, 17]","[[1619.2630615234375, 376.4635925292969, 1777.837646484375, 787.69189453125], [62.37113952636719, 249.47093200683594, 424.7572937011719, 892.8850708007812], [1804.3277587890625, 307.83111572265625, 1907.0264892578125, 779.346435546875], [1315.61328125, 540.3504638671875, 1361.1551513671875, 663.6497802734375], [1342.636962890625, 467.80889892578125, 1415.464111328125, 665.4628295898438], [1337.3590087890625, 468.8741149902344, 1387.7442626953125, 653.0799560546875]]","[0.71923828125, 0.90234375, 0.8173828125, 0.45458984375, 0.64794921875, 0.261474609375]","[[1698.5503540039062, 787.69189453125], [243.56421661376953, 892.8850708007812], [1855.6771240234375, 779.346435546875], [1338.3842163085938, 663.6497802734375], [1379.050537109375, 665.4628295898438], [1362.5516357421875, 653.0799560546875]]",425394176,410927104,425394176,640,yolo26s_int8_640_ncnn_model,MOT17-09
39,168.56146500003888,0.0,6,"[1, 3, 5, 4, 2, 17]","[[1617.14453125, 377.26483154296875, 1776.189208984375, 792.2305908203125], [67.1624526977539, 251.30894470214844, 439.41552734375, 895.9238891601562], [1802.19287109375, 313.11309814453125, 1905.7806396484375, 779.425537109375], [1315.7000732421875, 540.3706665039062, 1361.314697265625, 662.939208984375], [1342.7991943359375, 468.07879638671875, 1416.310791015625, 665.900146484375], [1338.3428955078125, 468.6336364746094, 1390.4195556640625, 657.6038818359375]]","[0.751953125, 0.8974609375, 0.8154296875, 0.467041015625, 0.642578125, 0.263671875]","[[1696.6668701171875, 792.2305908203125], [253.28899002075195, 895.9238891601562], [1853.9867553710938, 779.425537109375], [1338.5073852539062, 662.939208984375], [1379.5549926757812, 665.900146484375], [1364.3812255859375, 657.6038818359375]]",425394176,410927104,425394176,640,yolo26s_int8_640_ncnn_model,MOT17-09
40,164.78312800018102,0.0,6,"[1, 3, 5, 4, 2, 17]","[[1618.046630859375, 378.5705871582031, 1775.928955078125, 792.89697265625], [89.66828918457031, 260.14227294921875, 458.4753723144531, 890.852294921875], [1800.1607666015625, 314.95867919921875, 1904.685302734375, 774.6471557617188], [1317.048828125, 540.1287231445312, 1362.95947265625, 662.925537109375], [1342.071533203125, 468.16455078125, 1416.344482421875, 667.0475463867188], [1338.2764892578125, 469.0484924316406, 1389.745361328125, 656.6552124023438]]","[0.7998046875, 0.88427734375, 0.8125, 0.423828125, 0.63037109375, 0.25244140625]","[[1696.98779296875, 792.89697265625], [274.0718307495117, 890.852294921875], [1852.4230346679688, 774.6471557617188], [1340.004150390625, 662.925537109375], [1379.2080078125, 667.0475463867188], [1364.0109252929688, 656.6552124023438]]",425394176,410927104,425394176,640,yolo26s_int8_640_ncnn_model,MOT17-09
41,164.8946469999828,0.0,5,"[1, 3, 5, 4, 2]","[[1617.7669677734375, 375.1449890136719, 1776.5806884765625, 794.0438842773438], [114.16724395751953, 261.17364501953125, 481.88934326171875, 889.1589965820312], [1798.0096435546875, 312.7208251953125, 1907.781005859375, 786.662353515625], [1317.4525146484375, 538.7962036132812, 1364.5948486328125, 664.1679077148438], [1343.3837890625, 470.4096984863281, 1416.6776123046875, 666.231689453125]]","[0.79638671875, 0.89990234375, 0.8310546875, 0.428466796875, 0.54931640625]","[[1697.173828125, 794.0438842773438], [298.02829360961914, 889.1589965820312], [1852.8953247070312, 786.662353515625], [1341.023681640625, 664.1679077148438], [1380.0307006835938, 666.231689453125]]",425394176,410927104,425394176,640,yolo26s_int8_640_ncnn_model,MOT17-09
42,165.91681499994593,0.0,7,"[1, 3, 5, 4, 2, 32, 17]","[[1619.862548828125, 377.7878112792969, 1774.7174072265625, 785.5660400390625], [134.03750610351562, 266.59417724609375, 496.8495788574219, 888.4130249023438], [1796.11669921875, 311.17626953125, 1909.1239013671875, 789.8585205078125], [1316.98486328125, 540.7608642578125, 1363.7904052734375, 664.1442260742188], [1345.06494140625, 470.7467346191406, 1417.5372314453125, 664.4097900390625], [1376.202880859375, 492.6000061035156, 1422.797119140625, 657.5999755859375], [1340.4073486328125, 470.4146423339844, 1391.9434814453125, 657.3767700195312]]","[0.7900390625, 0.87744140625, 0.8193359375, 0.418212890625, 0.53125, 0.368408203125, 0.287353515625]","[[1697.2899780273438, 785.5660400390625], [315.44354248046875, 888.4130249023438], [1852.6203002929688, 789.8585205078125], [1340.3876342773438, 664.1442260742188], [1381.3010864257812, 664.4097900390625], [1399.5, 657.5999755859375], [1366.1754150390625, 657.3767700195312]]",425394176,410927104,425394176,640,yolo26s_int8_640_ncnn_model,MOT17-09
43,164.67957299983027,0.0,7,"[1, 3, 5, 4, 2, 32, 17]","[[1616.407470703125, 373.3571472167969, 1774.3990478515625, 791.6592407226562], [165.70069885253906, 262.16796875, 519.6246337890625, 880.52490234375], [1793.0087890625, 312.0921936035156, 1909.1927490234375, 797.3643188476562], [1316.942626953125, 540.2789306640625, 1364.2369384765625, 664.3834838867188], [1345.632080078125, 472.5970153808594, 1417.850341796875, 664.969482421875], [1377.2314453125, 491.56561279296875, 1424.067138671875, 657.7149047851562], [1339.9085693359375, 470.6912536621094, 1391.2559814453125, 657.4841918945312]]","[0.8193359375, 0.85888671875, 0.845703125, 0.445556640625, 0.56689453125, 0.39501953125, 0.257080078125]","[[1695.4032592773438, 791.6592407226562], [342.6626663208008, 880.52490234375], [1851.1007690429688, 797.3643188476562], [1340.5897827148438, 664.3834838867188], [1381.7412109375, 664.969482421875], [1400.6492919921875, 657.7149047851562], [1365.582275390625, 657.4841918945312]]",425394176,410927104,425394176,640,yolo26s_int8_640_ncnn_model,MOT17-09
44,165.14003599991156,0.0,6,"[1, 3, 5, 4, 2, 32]","[[1613.5208740234375, 373.44775390625, 1772.0216064453125, 795.1072387695312], [196.2994842529297, 258.43402099609375, 541.153564453125, 874.6082153320312], [1793.4306640625, 323.5040588378906, 1907.703857421875, 793.0280151367188], [1317.0821533203125, 540.3451538085938, 1364.1917724609375, 663.2343139648438], [1345.3082275390625, 471.519775390625, 1418.4332275390625, 665.9259033203125], [1380.0789794921875, 499.3307800292969, 1424.32080078125, 656.5944213867188]]","[0.83056640625, 0.86767578125, 0.84423828125, 0.405029296875, 0.60009765625, 0.298828125]","[[1692.771240234375, 795.1072387695312], [368.72652435302734, 874.6082153320312], [1850.5672607421875, 793.0280151367188], [1340.636962890625, 663.2343139648438], [1381.8707275390625, 665.9259033203125], [1402.1998901367188, 656.5944213867188]]",425394176,410927104,425394176,640,yolo26s_int8_640_ncnn_model,MOT17-09
45,178.13193700021657,0.0,6,"[1, 3, 5, 4, 2, 32]","[[1612.7779541015625, 370.0693664550781, 1768.8692626953125, 782.1133422851562], [231.30784606933594, 262.5931396484375, 560.0200805664062, 864.8422241210938], [1790.4896240234375, 315.7562255859375, 1910.3736572265625, 803.3924560546875], [1317.4454345703125, 540.1210327148438, 1364.7919921875, 663.04638671875], [1344.2861328125, 470.6016845703125, 1417.514404296875, 664.79296875], [1381.737548828125, 503.54827880859375, 1424.7039794921875, 656.8140869140625]]","[0.77587890625, 0.857421875, 0.83544921875, 0.42529296875, 0.60498046875, 0.254638671875]","[[1690.8236083984375, 782.1133422851562], [395.6639633178711, 864.8422241210938], [1850.431640625, 803.3924560546875], [1341.1187133789062, 663.04638671875], [1380.9002685546875, 664.79296875], [1403.2207641601562, 656.8140869140625]]",425394176,410927104,425394176,640,yolo26s_int8_640_ncnn_model,MOT17-09
46,164.6794249998038,0.0,7,"[1, 3, 5, 4, 2, 32, 17]","[[1611.4566650390625, 373.7786865234375, 1766.830078125, 780.0205688476562], [253.77688598632812, 255.06260681152344, 572.5541381835938, 857.2346801757812], [1789.747802734375, 312.1836242675781, 1911.0572509765625, 798.1181030273438], [1317.541748046875, 540.2850341796875, 1365.005126953125, 662.7314453125], [1344.9700927734375, 472.7170715332031, 1418.019287109375, 665.8472290039062], [1382.749755859375, 504.1527099609375, 1425.3408203125, 656.3427124023438], [1342.2635498046875, 469.537841796875, 1394.71875, 658.8184814453125]]","[0.79736328125, 0.8134765625, 0.82568359375, 0.40380859375, 0.56591796875, 0.278564453125, 0.251708984375]","[[1689.1433715820312, 780.0205688476562], [413.16551208496094, 857.2346801757812], [1850.4025268554688, 798.1181030273438], [1341.2734375, 662.7314453125], [1381.4946899414062, 665.8472290039062], [1404.0452880859375, 656.3427124023438], [1368.4911499023438, 658.8184814453125]]",425394176,410927104,425394176,640,yolo26s_int8_640_ncnn_model,MOT17-09
47,164.6059059999061,0.0,6,"[1, 3, 5, 4, 2, 32]","[[1604.5909423828125, 365.7304992675781, 1764.5743408203125, 776.741943359375], [269.9217834472656, 250.5074920654297, 581.7001953125, 859.2755126953125], [1788.6676025390625, 310.5662536621094, 1912.2210693359375, 802.0697021484375], [1317.5533447265625, 541.0926513671875, 1365.0562744140625, 662.8656005859375], [1344.857421875, 471.5097961425781, 1418.5330810546875, 666.2431640625], [1383.56591796875, 503.679443359375, 1426.05615234375, 655.66064453125]]","[0.78515625, 0.7841796875, 0.8388671875, 0.3837890625, 0.61376953125, 0.26416015625]","[[1684.5826416015625, 776.741943359375], [425.8109893798828, 859.2755126953125], [1850.4443359375, 802.0697021484375], [1341.3048095703125, 662.8656005859375], [1381.6952514648438, 666.2431640625], [1404.81103515625, 655.66064453125]]",425394176,410927104,425394176,640,yolo26s_int8_640_ncnn_model,MOT17-09
48,173.987636999982,0.0,5,"[1, 3, 5, 4, 2]","[[1599.21484375, 362.75775146484375, 1762.69970703125, 775.5282592773438], [298.0790100097656, 248.18362426757812, 603.0676879882812, 864.7340087890625], [1787.675537109375, 307.2793884277344, 1913.3121337890625, 805.2036743164062], [1318.22265625, 540.4005126953125, 1366.3516845703125, 663.9159545898438], [1344.9840087890625, 470.5465393066406, 1418.517333984375, 664.9013671875]]","[0.7646484375, 0.81640625, 0.8505859375, 0.388427734375, 0.6220703125]","[[1680.957275390625, 775.5282592773438], [450.57334899902344, 864.7340087890625], [1850.4938354492188, 805.2036743164062], [1342.2871704101562, 663.9159545898438], [1381.7506713867188, 664.9013671875]]",425394176,410927104,425394176,640,yolo26s_int8_640_ncnn_model,MOT17-09
49,177.62830699984988,0.0,8,"[1, 3, 5, 4, 2, 35, 12, 32]","[[1595.7177734375, 356.7354431152344, 1765.5604248046875, 776.0732421875], [332.0001525878906, 254.4903564453125, 624.2506103515625, 858.7196655273438], [1785.87744140625, 302.2574157714844, 1913.2506103515625, 805.2060546875], [1317.809326171875, 541.1273193359375, 1365.48681640625, 663.32275390625], [1345.537353515625, 469.1761169433594, 1419.9473876953125, 665.37939453125], [242.84600830078125, 460.20001220703125, 306.90399169921875, 574.7999877929688], [112.71211242675781, 511.16046142578125, 194.33587646484375, 747.6347045898438], [1384.7564697265625, 506.87078857421875, 1426.634521484375, 656.8273315429688]]","[0.80517578125, 0.837890625, 0.845703125, 0.4091796875, 0.64404296875, 0.402099609375, 0.26123046875, 0.25634765625]","[[1680.6390991210938, 776.0732421875], [478.12538146972656, 858.7196655273438], [1849.5640258789062, 805.2060546875], [1341.6480712890625, 663.32275390625], [1382.7423706054688, 665.37939453125], [274.875, 574.7999877929688], [153.52399444580078, 747.6347045898438], [1405.6954956054688, 656.8273315429688]]",425394176,410927104,425394176,640,yolo26s_int8_640_ncnn_model,MOT17-09
50,165.12814700013223,0.0,8,"[1, 3, 5, 4, 2, 35, 12, 32]","[[1586.9732666015625, 355.00445556640625, 1760.423095703125, 777.771484375], [364.9653015136719, 252.41961669921875, 653.7057495117188, 852.00732421875], [1785.8682861328125, 297.0667419433594, 1914.0780029296875, 798.6146850585938], [1318.437255859375, 540.4091186523438, 1366.306884765625, 663.0952758789062], [1345.99951171875, 469.6440734863281, 1420.19580078125, 664.5704956054688], [241.9375457763672, 458.1403503417969, 304.3797302246094, 569.994140625], [113.80371856689453, 510.4837341308594, 193.85638427734375, 745.8186645507812], [1384.4140625, 503.5541687011719, 1427.151611328125, 656.689697265625]]","[0.7998046875, 0.87451171875, 0.8505859375, 0.398193359375, 0.61328125, 0.35107421875, 0.27197265625, 0.287353515625]","[[1673.6981811523438, 777.771484375], [509.3355255126953, 852.00732421875], [1849.97314453125, 798.6146850585938], [1342.3720703125, 663.0952758789062], [1383.09765625, 664.5704956054688], [273.1586380004883, 569.994140625], [153.83005142211914, 745.8186645507812], [1405.7828369140625, 656.689697265625]]",425394176,410927104,425394176,640,yolo26s_int8_640_ncnn_model,MOT17-09
51,164.14116500004639,0.0,8,"[1, 3, 5, 4, 2, 35, 12, 32]","[[1581.3748779296875, 353.4338073730469, 1758.8916015625, 779.4194946289062], [381.5494689941406, 258.2568359375, 671.935791015625, 858.9592895507812], [1786.2796630859375, 309.1787414550781, 1912.56884765625, 798.7008056640625], [1318.5361328125, 539.8905029296875, 1366.71630859375, 663.2594604492188], [1346.3458251953125, 470.3174133300781, 1421.0667724609375, 665.7504272460938], [242.528564453125, 457.7296142578125, 304.0842590332031, 568.0556640625], [114.91209411621094, 510.2588806152344, 194.81591796875, 749.1015014648438], [1385.4967041015625, 503.4169921875, 1428.124267578125, 655.6224975585938]]","[0.76513671875, 0.89599609375, 0.85498046875, 0.37158203125, 0.62060546875, 0.325927734375, 0.32373046875, 0.298583984375]","[[1670.1332397460938, 779.4194946289062], [526.7426300048828, 858.9592895507812], [1849.4242553710938, 798.7008056640625], [1342.626220703125, 663.2594604492188], [1383.706298828125, 665.7504272460938], [273.30641174316406, 568.0556640625], [154.86400604248047, 749.1015014648438], [1406.8104858398438, 655.6224975585938]]",425394176,410927104,425394176,640,yolo26s_int8_640_ncnn_model,MOT17-09
52,164.3894989999808,0.0,8,"[1, 3, 5, 4, 2, 35, 12, 36]","[[1577.644287109375, 361.0275573730469, 1754.177001953125, 779.8065795898438], [398.35418701171875, 263.2854919433594, 690.5944213867188, 859.7715454101562], [1782.68359375, 297.21533203125, 1913.320068359375, 798.419677734375], [1318.471923828125, 539.6952514648438, 1366.9359130859375, 663.323486328125], [1344.9796142578125, 469.82421875, 1419.8807373046875, 665.9462890625], [241.15380859375, 460.4984436035156, 304.2237243652344, 573.8406982421875], [114.13140869140625, 487.21112060546875, 199.0680694580078, 747.8848266601562], [357.148193359375, 446.1000061035156, 446.55181884765625, 705.0]]","[0.8642578125, 0.89501953125, 0.8505859375, 0.3125, 0.6103515625, 0.31982421875, 0.328857421875, 0.5693359375]","[[1665.91064453125, 779.8065795898438], [544.4743041992188, 859.7715454101562], [1848.0018310546875, 798.419677734375], [1342.7039184570312, 663.323486328125], [1382.43017578125, 665.9462890625], [272.6887664794922, 573.8406982421875], [156.59973907470703, 747.8848266601562], [401.8500061035156, 705.0]]",425394176,410927104,425394176,640,yolo26s_int8_640_ncnn_model,MOT17-09
53,164.53940600013084,0.0,7,"[1, 3, 5, 4, 2, 35, 36]","[[1571.8294677734375, 357.81072998046875, 1753.0089111328125, 784.1769409179688], [406.291259765625, 266.6436767578125, 701.9078979492188, 858.6460571289062], [1781.335693359375, 292.5666198730469, 1914.1402587890625, 801.4749145507812], [1318.298828125, 539.3762817382812, 1367.1318359375, 663.5964965820312], [1344.5482177734375, 470.37567138671875, 1419.3118896484375, 666.26416015625], [240.80369567871094, 461.405029296875, 304.21044921875, 575.754638671875], [364.1444091796875, 453.1578369140625, 451.3572082519531, 705.5784912109375]]","[0.77978515625, 0.89501953125, 0.85107421875, 0.348876953125, 0.59765625, 0.32275390625, 0.451416015625]","[[1662.419189453125, 784.1769409179688], [554.0995788574219, 858.6460571289062], [1847.7379760742188, 801.4749145507812], [1342.71533203125, 663.5964965820312], [1381.9300537109375, 666.26416015625], [272.50707244873047, 575.754638671875], [407.7508087158203, 705.5784912109375]]",425394176,410927104,425394176,640,yolo26s_int8_640_ncnn_model,MOT17-09
54,173.97719299992787,0.0,8,"[1, 3, 5, 4, 2, 35, 36, 32]","[[1567.9019775390625, 356.8858642578125, 1750.5535888671875, 785.5524291992188], [409.94000244140625, 267.9775390625, 709.4609985351562, 858.1527099609375], [1780.6583251953125, 288.6421813964844, 1914.6710205078125, 799.9075317382812], [1318.5135498046875, 540.7416381835938, 1366.894775390625, 663.2059936523438], [1344.3756103515625, 469.838134765625, 1419.080810546875, 666.1325073242188], [240.60166931152344, 459.6014099121094, 302.7568664550781, 572.20068359375], [373.4136047363281, 448.10888671875, 463.1597595214844, 706.06640625], [1384.785400390625, 502.4240417480469, 1428.4766845703125, 658.5636596679688]]","[0.8115234375, 0.88330078125, 0.85595703125, 0.331298828125, 0.59912109375, 0.340087890625, 0.329345703125, 0.253173828125]","[[1659.227783203125, 785.5524291992188], [559.7005004882812, 858.1527099609375], [1847.6646728515625, 799.9075317382812], [1342.7041625976562, 663.2059936523438], [1381.7282104492188, 666.1325073242188], [271.6792678833008, 572.20068359375], [418.28668212890625, 706.06640625], [1406.6310424804688, 658.5636596679688]]",425394176,410927104,425394176,640,yolo26s_int8_640_ncnn_model,MOT17-09
55,164.2945349999536,0.0,7,"[1, 3, 5, 4, 2, 35, 36]","[[1567.7725830078125, 363.7199401855469, 1748.458984375, 788.7670288085938], [412.15643310546875, 272.65826416015625, 715.0750732421875, 860.7583618164062], [1779.870361328125, 286.47760009765625, 1915.4583740234375, 800.9749755859375], [1318.6253662109375, 541.2647705078125, 1366.740966796875, 663.0573120117188], [1344.141357421875, 470.869140625, 1418.155517578125, 665.8308715820312], [240.08502197265625, 461.0159606933594, 302.7242431640625, 575.0621337890625], [365.45477294921875, 447.5519104003906, 454.30267333984375, 705.083251953125]]","[0.81787109375, 0.8798828125, 0.85107421875, 0.334716796875, 0.6220703125, 0.2685546875, 0.40576171875]","[[1658.1157836914062, 788.7670288085938], [563.6157531738281, 860.7583618164062], [1847.6643676757812, 800.9749755859375], [1342.6831665039062, 663.0573120117188], [1381.1484375, 665.8308715820312], [271.4046325683594, 575.0621337890625], [409.87872314453125, 705.083251953125]]",425394176,410927104,425394176,640,yolo26s_int8_640_ncnn_model,MOT17-09
56,166.05233400014185,0.0,7,"[1, 3, 5, 4, 2, 35, 36]","[[1565.404296875, 365.382080078125, 1746.2508544921875, 792.9395751953125], [417.9670104980469, 276.72100830078125, 720.8965454101562, 861.4048461914062], [1775.4798583984375, 287.7001037597656, 1913.9949951171875, 810.1940307617188], [1318.294921875, 540.2145385742188, 1367.031005859375, 663.2517700195312], [1344.311767578125, 470.01519775390625, 1418.5244140625, 665.9612426757812], [239.62889099121094, 459.98492431640625, 301.4886474609375, 573.52880859375], [368.9081726074219, 445.4680480957031, 458.1731262207031, 704.4646606445312]]","[0.8251953125, 0.87451171875, 0.849609375, 0.311279296875, 0.62646484375, 0.39697265625, 0.4345703125]","[[1655.8275756835938, 792.9395751953125], [569.4317779541016, 861.4048461914062], [1844.7374267578125, 810.1940307617188], [1342.6629638671875, 663.2517700195312], [1381.4180908203125, 665.9612426757812], [270.5587692260742, 573.52880859375], [413.5406494140625, 704.4646606445312]]",425394176,410927104,425394176,640,yolo26s_int8_640_ncnn_model,MOT17-09
57,163.71560900006443,0.0,7,"[1, 3, 5, 4, 2, 35, 36]","[[1560.119140625, 365.02740478515625, 1742.0965576171875, 795.462158203125], [430.6949157714844, 273.5583190917969, 731.29150390625, 854.3211059570312], [1772.39306640625, 284.317626953125, 1912.9375, 810.7213134765625], [1317.3282470703125, 540.5609130859375, 1365.9857177734375, 663.5730590820312], [1344.2799072265625, 471.17523193359375, 1417.7608642578125, 665.5132446289062], [238.25225830078125, 459.3371887207031, 301.26641845703125, 576.250244140625], [376.4105224609375, 445.557861328125, 468.3435974121094, 709.7981567382812]]","[0.8310546875, 0.87158203125, 0.83203125, 0.31689453125, 0.5986328125, 0.464599609375, 0.53955078125]","[[1651.1078491210938, 795.462158203125], [580.9932098388672, 854.3211059570312], [1842.665283203125, 810.7213134765625], [1341.656982421875, 663.5730590820312], [1381.0203857421875, 665.5132446289062], [269.75933837890625, 576.250244140625], [422.37705993652344, 709.7981567382812]]",425394176,410927104,425394176,640,yolo26s_int8_640_ncnn_model,MOT17-09
58,164.21848100003444,0.0,7,"[1, 3, 5, 4, 2, 35, 36]","[[1552.6646728515625, 368.5928955078125, 1734.3311767578125, 796.6188354492188], [454.76702880859375, 263.93963623046875, 749.6971435546875, 844.0897216796875], [1768.65673828125, 284.19427490234375, 1911.2208251953125, 814.6553955078125], [1317.9246826171875, 540.6929931640625, 1366.5875244140625, 663.6956787109375], [1344.294677734375, 470.6184997558594, 1417.434326171875, 664.3468017578125], [238.0272979736328, 459.5977478027344, 299.442626953125, 574.7467041015625], [378.6390380859375, 448.701416015625, 469.63079833984375, 706.5471801757812]]","[0.8642578125, 0.849609375, 0.822265625, 0.338134765625, 0.591796875, 0.344482421875, 0.689453125]","[[1643.4979248046875, 796.6188354492188], [602.2320861816406, 844.0897216796875], [1839.9387817382812, 814.6553955078125], [1342.256103515625, 663.6956787109375], [1380.864501953125, 664.3468017578125], [268.7349624633789, 574.7467041015625], [424.1349182128906, 706.5471801757812]]",425394176,410927104,425394176,640,yolo26s_int8_640_ncnn_model,MOT17-09
59,164.57883299995046,0.0,7,"[1, 3, 5, 4, 2, 35, 36]","[[1544.7127685546875, 363.7642517089844, 1728.7965087890625, 797.2500610351562], [481.173828125, 265.036376953125, 767.988525390625, 841.5740966796875], [1767.0609130859375, 285.93695068359375, 1910.80419921875, 816.3392944335938], [1317.876953125, 539.750732421875, 1367.077392578125, 664.7324829101562], [1345.3260498046875, 470.6522521972656, 1419.2618408203125, 665.6486206054688], [237.8253936767578, 459.4478759765625, 297.9142761230469, 573.3916015625], [381.2147521972656, 449.3790283203125, 472.6025390625, 703.7384033203125]]","[0.78369140625, 0.83203125, 0.82958984375, 0.35693359375, 0.6044921875, 0.3720703125, 0.732421875]","[[1636.754638671875, 797.2500610351562], [624.5811767578125, 841.5740966796875], [1838.9325561523438, 816.3392944335938], [1342.4771728515625, 664.7324829101562], [1382.2939453125, 665.6486206054688], [267.86983489990234, 573.3916015625], [426.9086456298828, 703.7384033203125]]",425394176,410927104,425394176,640,yolo26s_int8_640_ncnn_model,MOT17-09
60,164.0466290000404,0.0,6,"[1, 3, 5, 4, 2, 36]","[[1536.2186279296875, 357.7596435546875, 1724.56591796875, 799.659423828125], [527.1598510742188, 264.69195556640625, 804.423095703125, 835.4886474609375], [1766.453125, 292.95025634765625, 1910.7303466796875, 818.5067138671875], [1317.3389892578125, 540.38134765625, 1365.8004150390625, 664.1353149414062], [1344.799072265625, 471.1568603515625, 1417.8861083984375, 663.665283203125], [381.79541015625, 452.9466552734375, 473.75048828125, 703.4869995117188]]","[0.8193359375, 0.78369140625, 0.8251953125, 0.3564453125, 0.5732421875, 0.70263671875]","[[1630.3922729492188, 799.659423828125], [665.7914733886719, 835.4886474609375], [1838.5917358398438, 818.5067138671875], [1341.5697021484375, 664.1353149414062], [1381.3425903320312, 663.665283203125], [427.77294921875, 703.4869995117188]]",425394176,410927104,425394176,640,yolo26s_int8_640_ncnn_model,MOT17-09
61,164.38485100002254,0.0,6,"[1, 3, 5, 4, 2, 36]","[[1530.0189208984375, 357.9408264160156, 1718.33984375, 798.0807495117188], [562.0885009765625, 264.5518798828125, 833.5367431640625, 833.3098754882812], [1763.5848388671875, 298.8948974609375, 1909.47216796875, 823.9533081054688], [1317.240234375, 540.3779296875, 1365.188232421875, 663.1560668945312], [1345.13525390625, 471.3447570800781, 1417.806884765625, 662.9111328125], [382.97503662109375, 454.235595703125, 475.98944091796875, 703.4078369140625]]","[0.83984375, 0.818359375, 0.83251953125, 0.382080078125, 0.61669921875, 0.72216796875]","[[1624.1793823242188, 798.0807495117188], [697.8126220703125, 833.3098754882812], [1836.5285034179688, 823.9533081054688], [1341.2142333984375, 663.1560668945312], [1381.4710693359375, 662.9111328125], [429.48223876953125, 703.4078369140625]]",425394176,410927104,425394176,640,yolo26s_int8_640_ncnn_model,MOT17-09
62,190.91448599988325,0.0,6,"[1, 3, 5, 4, 2, 36]","[[1523.4337158203125, 355.0867004394531, 1716.5362548828125, 804.3226928710938], [582.5538330078125, 267.3601989746094, 848.4855346679688, 832.7279663085938], [1759.5843505859375, 299.42242431640625, 1908.0391845703125, 825.6868286132812], [1317.1165771484375, 540.6250610351562, 1365.0400390625, 663.5316162109375], [1344.6435546875, 470.9125061035156, 1418.38916015625, 665.1250610351562], [381.77227783203125, 443.78277587890625, 479.7397766113281, 704.1499633789062]]","[0.86474609375, 0.83544921875, 0.84326171875, 0.397705078125, 0.60400390625, 0.7236328125]","[[1619.9849853515625, 804.3226928710938], [715.5196838378906, 832.7279663085938], [1833.811767578125, 825.6868286132812], [1341.0783081054688, 663.5316162109375], [1381.516357421875, 665.1250610351562], [430.7560272216797, 704.1499633789062]]",425394176,410927104,425394176,640,yolo26s_int8_640_ncnn_model,MOT17-09
63,163.8885909999317,0.0,6,"[1, 3, 5, 4, 2, 36]","[[1515.5107421875, 351.0976257324219, 1709.796875, 801.7409057617188], [595.4815063476562, 267.27935791015625, 864.1972045898438, 841.7259521484375], [1754.1053466796875, 292.95013427734375, 1907.5986328125, 829.9609375], [1317.00634765625, 540.9652709960938, 1365.04736328125, 664.4176025390625], [1343.7965087890625, 471.4884033203125, 1417.2891845703125, 665.2162475585938], [387.6829833984375, 442.9314270019531, 486.50201416015625, 705.4138793945312]]","[0.8701171875, 0.81396484375, 0.876953125, 0.380615234375, 0.59375, 0.7021484375]","[[1612.65380859375, 801.7409057617188], [729.83935546875, 841.7259521484375], [1830.8519897460938, 829.9609375], [1341.02685546875, 664.4176025390625], [1380.5428466796875, 665.2162475585938], [437.0924987792969, 705.4138793945312]]",425394176,410927104,425394176,640,yolo26s_int8_640_ncnn_model,MOT17-09
64,163.5653870000624,0.0,6,"[1, 3, 5, 4, 2, 36]","[[1510.700439453125, 353.7837219238281, 1705.37451171875, 804.3709716796875], [612.6639404296875, 270.4508056640625, 876.7191772460938, 836.9732666015625], [1749.115966796875, 287.6878356933594, 1906.51611328125, 831.3790893554688], [1317.2371826171875, 540.8447265625, 1364.7777099609375, 663.0186767578125], [1344.101318359375, 471.952392578125, 1417.2298583984375, 665.0018310546875], [393.84881591796875, 448.0982971191406, 490.4492492675781, 704.4165649414062]]","[0.85888671875, 0.849609375, 0.869140625, 0.348388671875, 0.59375, 0.72998046875]","[[1608.0374755859375, 804.3709716796875], [744.6915588378906, 836.9732666015625], [1827.8160400390625, 831.3790893554688], [1341.0074462890625, 663.0186767578125], [1380.6655883789062, 665.0018310546875], [442.14903259277344, 704.4165649414062]]",425394176,410927104,425394176,640,yolo26s_int8_640_ncnn_model,MOT17-09
65,164.30614699993384,0.0,6,"[1, 3, 5, 4, 2, 36]","[[1508.2159423828125, 358.798828125, 1700.745361328125, 803.3555908203125], [629.529541015625, 276.6304626464844, 890.3593139648438, 834.2190551757812], [1743.8558349609375, 282.38031005859375, 1905.6365966796875, 833.1787719726562], [1317.0770263671875, 539.054931640625, 1364.923583984375, 662.23583984375], [1344.464111328125, 470.3843994140625, 1417.955810546875, 664.671630859375], [400.2217102050781, 445.3397521972656, 497.6783142089844, 706.7933349609375]]","[0.83251953125, 0.87353515625, 0.8857421875, 0.29345703125, 0.591796875, 0.7451171875]","[[1604.4806518554688, 803.3555908203125], [759.9444274902344, 834.2190551757812], [1824.7462158203125, 833.1787719726562], [1341.0003051757812, 662.23583984375], [1381.2099609375, 664.671630859375], [448.95001220703125, 706.7933349609375]]",425394176,410927104,425394176,640,yolo26s_int8_640_ncnn_model,MOT17-09
66,164.17638799998713,0.0,6,"[1, 3, 5, 4, 2, 36]","[[1509.135498046875, 359.256591796875, 1703.4525146484375, 806.3848876953125], [637.2822265625, 278.6566467285156, 899.4848022460938, 836.5093383789062], [1739.1712646484375, 278.7972106933594, 1904.1728515625, 832.4345703125], [1316.2972412109375, 540.1182250976562, 1363.7198486328125, 662.19384765625], [1345.0157470703125, 469.7915954589844, 1418.8028564453125, 664.5477294921875], [405.7894287109375, 443.34100341796875, 502.8664245605469, 707.6660766601562]]","[0.82373046875, 0.88134765625, 0.86328125, 0.282470703125, 0.59033203125, 0.77294921875]","[[1606.2940063476562, 806.3848876953125], [768.3835144042969, 836.5093383789062], [1821.6720581054688, 832.4345703125], [1340.008544921875, 662.19384765625], [1381.9093017578125, 664.5477294921875], [454.3279266357422, 707.6660766601562]]",425394176,410927104,425394176,640,yolo26s_int8_640_ncnn_model,MOT17-09
67,166.58777900011046,0.0,7,"[1, 3, 5, 4, 2, 36, 40]","[[1508.661376953125, 355.2405090332031, 1703.5914306640625, 808.7161254882812], [642.767578125, 281.8509521484375, 904.9873657226562, 835.9179077148438], [1736.9754638671875, 279.0773620605469, 1904.150390625, 831.4472045898438], [1315.964599609375, 540.0311889648438, 1363.30029296875, 661.68701171875], [1343.88525390625, 469.5686340332031, 1417.489501953125, 664.5021362304688], [409.4452209472656, 441.8554382324219, 505.9832458496094, 707.7418823242188], [250.48056030273438, 481.7250061035156, 312.4694519042969, 705.0750122070312]]","[0.8388671875, 0.88037109375, 0.88134765625, 0.318359375, 0.59130859375, 0.7880859375, 0.39697265625]","[[1606.1264038085938, 808.7161254882812], [773.8774719238281, 835.9179077148438], [1820.5629272460938, 831.4472045898438], [1339.6324462890625, 661.68701171875], [1380.6873779296875, 664.5021362304688], [457.7142333984375, 707.7418823242188], [281.4750061035156, 705.0750122070312]]",425394176,410927104,425394176,640,yolo26s_int8_640_ncnn_model,MOT17-09
68,164.82079599995814,0.0,7,"[1, 3, 5, 4, 2, 36, 40]","[[1508.0164794921875, 348.199951171875, 1704.359375, 811.1510009765625], [652.0076904296875, 287.2329406738281, 912.4656982421875, 833.5005493164062], [1732.74365234375, 277.03302001953125, 1903.7435302734375, 833.2102661132812], [1315.6578369140625, 540.4965209960938, 1363.3341064453125, 662.9933471679688], [1344.22021484375, 470.23052978515625, 1417.2138671875, 663.7437744140625], [414.5811462402344, 442.5476379394531, 510.0431823730469, 705.5360107421875], [255.1552734375, 478.9526062011719, 318.7109680175781, 706.461181640625]]","[0.82568359375, 0.87744140625, 0.857421875, 0.3408203125, 0.5712890625, 0.720703125, 0.474853515625]","[[1606.1879272460938, 811.1510009765625], [782.2366943359375, 833.5005493164062], [1818.2435913085938, 833.2102661132812], [1339.4959716796875, 662.9933471679688], [1380.717041015625, 663.7437744140625], [462.3121643066406, 705.5360107421875], [286.93312072753906, 706.461181640625]]",425394176,410927104,425394176,640,yolo26s_int8_640_ncnn_model,MOT17-09
69,163.9059990000078,0.0,7,"[1, 3, 5, 4, 2, 36, 40]","[[1508.54248046875, 345.54229736328125, 1704.1026611328125, 812.0304565429688], [658.6385498046875, 285.67205810546875, 921.7901611328125, 836.1511840820312], [1727.9000244140625, 272.7452087402344, 1903.02392578125, 832.46728515625], [1316.486572265625, 539.92919921875, 1364.39306640625, 663.2405395507812], [1343.5947265625, 469.73968505859375, 1416.8709716796875, 664.2040405273438], [419.3799743652344, 442.3428649902344, 514.880615234375, 704.1873779296875], [257.57183837890625, 477.44195556640625, 321.9898986816406, 705.1947631835938]]","[0.8115234375, 0.873046875, 0.8447265625, 0.358642578125, 0.58642578125, 0.72216796875, 0.53173828125]","[[1606.3225708007812, 812.0304565429688], [790.21435546875, 836.1511840820312], [1815.4619750976562, 832.46728515625], [1340.4398193359375, 663.2405395507812], [1380.2328491210938, 664.2040405273438], [467.1302947998047, 704.1873779296875], [289.78086853027344, 705.1947631835938]]",425394176,410927104,425394176,640,yolo26s_int8_640_ncnn_model,MOT17-09
70,164.17951700009326,0.0,7,"[1, 3, 5, 4, 2, 36, 40]","[[1508.465576171875, 348.12939453125, 1704.5189208984375, 819.5496215820312], [676.127197265625, 289.3808898925781, 935.0901489257812, 834.8092651367188], [1721.51220703125, 273.2602844238281, 1899.5645751953125, 833.967529296875], [1315.9208984375, 539.96142578125, 1363.7041015625, 663.087158203125], [1344.3909912109375, 471.53668212890625, 1416.7044677734375, 663.3903198242188], [421.953857421875, 442.53338623046875, 517.6201171875, 703.4337158203125], [260.29888916015625, 475.6438903808594, 326.0690002441406, 705.0245971679688]]","[0.8095703125, 0.849609375, 0.78466796875, 0.3837890625, 0.58984375, 0.7265625, 0.560546875]","[[1606.4922485351562, 819.5496215820312], [805.6086730957031, 834.8092651367188], [1810.5383911132812, 833.967529296875], [1339.8125, 663.087158203125], [1380.5477294921875, 663.3903198242188], [469.7869873046875, 703.4337158203125], [293.18394470214844, 705.0245971679688]]",425394176,410927104,425394176,640,yolo26s_int8_640_ncnn_model,MOT17-09
71,183.03220200004944,0.0,7,"[1, 3, 5, 4, 2, 36, 40]","[[1511.67333984375, 347.939453125, 1707.513916015625, 819.6671142578125], [698.400390625, 286.8401794433594, 952.1749267578125, 826.2269287109375], [1714.411865234375, 272.5412292480469, 1895.181396484375, 834.484619140625], [1316.6300048828125, 539.7276000976562, 1364.5035400390625, 663.2761840820312], [1344.4495849609375, 471.97216796875, 1416.891357421875, 664.32958984375], [422.75732421875, 438.1529541015625, 520.0032348632812, 701.666259765625], [261.2579345703125, 476.4687805175781, 327.3597717285156, 702.5446166992188]]","[0.7841796875, 0.85888671875, 0.78271484375, 0.339111328125, 0.56494140625, 0.66162109375, 0.56005859375]","[[1609.5936279296875, 819.6671142578125], [825.2876586914062, 826.2269287109375], [1804.796630859375, 834.484619140625], [1340.5667724609375, 663.2761840820312], [1380.6704711914062, 664.32958984375], [471.3802795410156, 701.666259765625], [294.30885314941406, 702.5446166992188]]",425394176,410927104,425394176,640,yolo26s_int8_640_ncnn_model,MOT17-09
72,164.00440600000366,0.0,7,"[1, 3, 5, 4, 2, 36, 40]","[[1506.5037841796875, 344.95355224609375, 1703.433837890625, 820.6149291992188], [714.9261474609375, 286.8180847167969, 960.1945190429688, 818.0601806640625], [1693.8319091796875, 266.5353698730469, 1880.0260009765625, 829.5755004882812], [1316.09423828125, 540.1355590820312, 1363.634033203125, 662.8526611328125], [1344.5673828125, 471.8817443847656, 1416.8673095703125, 663.939697265625], [423.2400817871094, 438.9974365234375, 521.4493408203125, 702.4942626953125], [260.81964111328125, 473.9154357910156, 328.7937316894531, 702.488525390625]]","[0.77734375, 0.81591796875, 0.77587890625, 0.33154296875, 0.59033203125, 0.74658203125, 0.59130859375]","[[1604.9688110351562, 820.6149291992188], [837.5603332519531, 818.0601806640625], [1786.928955078125, 829.5755004882812], [1339.8641357421875, 662.8526611328125], [1380.7173461914062, 663.939697265625], [472.34471130371094, 702.4942626953125], [294.8066864013672, 702.488525390625]]",425394176,410927104,425394176,640,yolo26s_int8_640_ncnn_model,MOT17-09
73,166.11162999993212,0.0,7,"[1, 3, 5, 4, 2, 36, 40]","[[1504.509521484375, 347.04583740234375, 1700.0806884765625, 821.64697265625], [730.727294921875, 282.86785888671875, 967.357421875, 807.9481811523438], [1682.100341796875, 266.6551208496094, 1874.4530029296875, 833.211669921875], [1316.852294921875, 540.2922973632812, 1364.3299560546875, 662.691650390625], [1345.5390625, 470.35198974609375, 1418.91064453125, 664.2900390625], [423.3636474609375, 438.60906982421875, 524.2500610351562, 706.5380859375], [261.6357421875, 475.1312255859375, 330.7249450683594, 702.4950561523438]]","[0.822265625, 0.802734375, 0.77685546875, 0.3623046875, 0.61669921875, 0.7763671875, 0.63720703125]","[[1602.2951049804688, 821.64697265625], [849.0423583984375, 807.9481811523438], [1778.2766723632812, 833.211669921875], [1340.5911254882812, 662.691650390625], [1382.224853515625, 664.2900390625], [473.8068542480469, 706.5380859375], [296.1803436279297, 702.4950561523438]]",425394176,410927104,425394176,640,yolo26s_int8_640_ncnn_model,MOT17-09
74,164.50512999995226,0.0,7,"[1, 3, 5, 4, 2, 36, 40]","[[1505.6781005859375, 345.9181823730469, 1700.9805908203125, 820.9844970703125], [748.3043823242188, 278.2259216308594, 977.20849609375, 800.418212890625], [1673.7891845703125, 261.96844482421875, 1872.5743408203125, 834.441162109375], [1316.24853515625, 540.5994262695312, 1363.499267578125, 662.3842163085938], [1344.8197021484375, 471.2569580078125, 1417.7947998046875, 663.9291381835938], [425.2969055175781, 442.666015625, 526.1607666015625, 704.8665771484375], [261.7000732421875, 472.5557556152344, 333.5146484375, 704.5784301757812]]","[0.82373046875, 0.74658203125, 0.7666015625, 0.348388671875, 0.61572265625, 0.779296875, 0.5771484375]","[[1603.329345703125, 820.9844970703125], [862.7564392089844, 800.418212890625], [1773.1817626953125, 834.441162109375], [1339.8739013671875, 662.3842163085938], [1381.3072509765625, 663.9291381835938], [475.7288360595703, 704.8665771484375], [297.60736083984375, 704.5784301757812]]",425394176,410927104,425394176,640,yolo26s_int8_640_ncnn_model,MOT17-09
75,163.53199800005314,0.0,7,"[1, 3, 5, 4, 2, 36, 40]","[[1501.4403076171875, 341.6982727050781, 1700.2410888671875, 827.452880859375], [763.4114379882812, 281.6163635253906, 985.2020263671875, 798.6356201171875], [1661.7393798828125, 263.56939697265625, 1865.3592529296875, 831.5551147460938], [1315.9349365234375, 540.4659423828125, 1363.2723388671875, 662.518798828125], [1343.896484375, 471.602783203125, 1417.01416015625, 664.7858276367188], [424.087646484375, 441.5172424316406, 527.5494384765625, 705.9568481445312], [263.9609680175781, 468.8794250488281, 337.6983642578125, 705.0972290039062]]","[0.82763671875, 0.642578125, 0.75732421875, 0.353515625, 0.6123046875, 0.78515625, 0.4970703125]","[[1600.8406982421875, 827.452880859375], [874.3067321777344, 798.6356201171875], [1763.54931640625, 831.5551147460938], [1339.6036376953125, 662.518798828125], [1380.455322265625, 664.7858276367188], [475.81854248046875, 705.9568481445312], [300.8296661376953, 705.0972290039062]]",425394176,410927104,425394176,640,yolo26s_int8_640_ncnn_model,MOT17-09
76,164.49453700010963,0.0,7,"[1, 3, 5, 4, 2, 36, 40]","[[1498.463134765625, 339.0323486328125, 1699.4930419921875, 829.96923828125], [777.9579467773438, 284.0059509277344, 996.1504516601562, 798.0037231445312], [1659.917236328125, 263.0336608886719, 1868.1270751953125, 833.6221923828125], [1315.8702392578125, 540.6622924804688, 1363.139404296875, 662.3239135742188], [1343.517578125, 471.4825744628906, 1416.752197265625, 665.3562622070312], [419.87811279296875, 440.10662841796875, 525.223876953125, 706.3602905273438], [265.7028503417969, 466.79998779296875, 340.9654846191406, 706.042236328125]]","[0.82763671875, 0.6767578125, 0.78125, 0.32373046875, 0.63037109375, 0.76123046875, 0.54541015625]","[[1598.9780883789062, 829.96923828125], [887.05419921875, 798.0037231445312], [1764.0221557617188, 833.6221923828125], [1339.5048217773438, 662.3239135742188], [1380.1348876953125, 665.3562622070312], [472.5509948730469, 706.3602905273438], [303.33416748046875, 706.042236328125]]",425394176,410927104,425394176,640,yolo26s_int8_640_ncnn_model,MOT17-09
77,164.65879600013977,0.0,7,"[1, 3, 5, 4, 2, 36, 40]","[[1492.5849609375, 336.8274230957031, 1694.2799072265625, 831.1060791015625], [801.8645629882812, 291.5078125, 1018.6773681640625, 803.287353515625], [1653.032470703125, 264.1224365234375, 1865.85986328125, 834.13232421875], [1315.7442626953125, 540.4869995117188, 1363.1978759765625, 662.500732421875], [1344.2088623046875, 470.93914794921875, 1417.8033447265625, 666.0642700195312], [420.3205871582031, 438.3475646972656, 528.0450439453125, 707.742431640625], [265.55462646484375, 464.0861511230469, 342.5906677246094, 705.4035034179688]]","[0.82568359375, 0.7626953125, 0.759765625, 0.338134765625, 0.61669921875, 0.759765625, 0.607421875]","[[1593.4324340820312, 831.1060791015625], [910.2709655761719, 803.287353515625], [1759.4461669921875, 834.13232421875], [1339.4710693359375, 662.500732421875], [1381.006103515625, 666.0642700195312], [474.1828155517578, 707.742431640625], [304.07264709472656, 705.4035034179688]]",425394176,410927104,425394176,640,yolo26s_int8_640_ncnn_model,MOT17-09
78,164.8761670001022,0.0,7,"[1, 3, 5, 4, 2, 36, 40]","[[1487.3717041015625, 330.8798522949219, 1689.4996337890625, 826.8020629882812], [824.2606201171875, 294.8955078125, 1040.4808349609375, 797.7509155273438], [1651.3363037109375, 258.664794921875, 1870.373779296875, 837.261962890625], [1315.1912841796875, 541.410888671875, 1362.7408447265625, 663.560546875], [1344.1326904296875, 471.2259826660156, 1417.5545654296875, 665.8333740234375], [423.2846374511719, 438.679931640625, 531.1016235351562, 705.3048706054688], [267.7630615234375, 464.85638427734375, 345.2364196777344, 704.41162109375]]","[0.84814453125, 0.8310546875, 0.7705078125, 0.351318359375, 0.6005859375, 0.76708984375, 0.583984375]","[[1588.4356689453125, 826.8020629882812], [932.3707275390625, 797.7509155273438], [1760.8550415039062, 837.261962890625], [1338.966064453125, 663.560546875], [1380.8436279296875, 665.8333740234375], [477.19313049316406, 705.3048706054688], [306.49974060058594, 704.41162109375]]",425394176,410927104,425394176,640,yolo26s_int8_640_ncnn_model,MOT17-09
79,181.21651499996005,0.0,7,"[1, 3, 5, 4, 2, 36, 40]","[[1487.1494140625, 328.41729736328125, 1690.010009765625, 825.3321533203125], [835.1861572265625, 292.833251953125, 1054.8250732421875, 795.0283813476562], [1650.0157470703125, 258.73980712890625, 1873.0494384765625, 840.25927734375], [1314.9742431640625, 540.76708984375, 1362.5836181640625, 662.9702758789062], [1343.327392578125, 469.6006774902344, 1417.2442626953125, 665.4912719726562], [425.411376953125, 438.333740234375, 534.0831909179688, 706.840087890625], [274.1948547363281, 465.4734802246094, 354.17047119140625, 706.7701416015625]]","[0.85888671875, 0.845703125, 0.77685546875, 0.326416015625, 0.59619140625, 0.7490234375, 0.591796875]","[[1588.5797119140625, 825.3321533203125], [945.005615234375, 795.0283813476562], [1761.5325927734375, 840.25927734375], [1338.7789306640625, 662.9702758789062], [1380.2858276367188, 665.4912719726562], [479.7472839355469, 706.840087890625], [314.1826629638672, 706.7701416015625]]",425394176,410927104,425394176,640,yolo26s_int8_640_ncnn_model,MOT17-09
80,164.46524100001625,0.0,7,"[1, 3, 5, 4, 2, 36, 40]","[[1482.1163330078125, 325.7044982910156, 1687.4659423828125, 825.5859375], [838.2581176757812, 297.5173034667969, 1063.96875, 803.6172485351562], [1645.2864990234375, 256.0038146972656, 1874.66748046875, 846.1672973632812], [1315.3353271484375, 540.2722778320312, 1363.08251953125, 662.9926147460938], [1344.169921875, 469.4830627441406, 1417.958740234375, 664.8643798828125], [425.8622741699219, 435.9961242675781, 534.4219970703125, 706.6737060546875], [285.3735656738281, 466.9908752441406, 366.9255065917969, 707.40771484375]]","[0.86328125, 0.86328125, 0.80908203125, 0.338134765625, 0.56591796875, 0.73876953125, 0.67041015625]","[[1584.7911376953125, 825.5859375], [951.1134338378906, 803.6172485351562], [1759.9769897460938, 846.1672973632812], [1339.2089233398438, 662.9926147460938], [1381.0643310546875, 664.8643798828125], [480.1421356201172, 706.6737060546875], [326.1495361328125, 707.40771484375]]",425394176,410927104,425394176,640,yolo26s_int8_640_ncnn_model,MOT17-09
81,164.12440599992806,0.0,7,"[1, 3, 5, 4, 2, 36, 40]","[[1475.6614990234375, 324.7442932128906, 1683.3370361328125, 828.5974731445312], [838.3623657226562, 297.8462219238281, 1068.3409423828125, 804.2855834960938], [1643.0482177734375, 257.47076416015625, 1875.9591064453125, 849.8378295898438], [1315.6575927734375, 541.074462890625, 1363.0936279296875, 663.000732421875], [1343.9698486328125, 468.2060852050781, 1418.7540283203125, 665.862060546875], [430.5921936035156, 435.126708984375, 538.7142944335938, 706.604736328125], [292.14996337890625, 470.84149169921875, 373.7276306152344, 705.4071655273438]]","[0.8583984375, 0.84423828125, 0.80517578125, 0.35595703125, 0.60400390625, 0.7578125, 0.65869140625]","[[1579.499267578125, 828.5974731445312], [953.3516540527344, 804.2855834960938], [1759.503662109375, 849.8378295898438], [1339.3756103515625, 663.000732421875], [1381.3619384765625, 665.862060546875], [484.6532440185547, 706.604736328125], [332.9387969970703, 705.4071655273438]]",425394176,410927104,425394176,640,yolo26s_int8_640_ncnn_model,MOT17-09
82,163.83992600003694,0.0,7,"[1, 3, 5, 4, 2, 36, 40]","[[1469.8450927734375, 326.6629638671875, 1677.4393310546875, 824.5493774414062], [840.2534790039062, 299.2745056152344, 1073.9808349609375, 807.2022705078125], [1640.9871826171875, 256.1294250488281, 1877.9154052734375, 853.14501953125], [1315.53515625, 541.1307983398438, 1363.348388671875, 664.2449951171875], [1344.16845703125, 468.96392822265625, 1418.77685546875, 665.9899291992188], [432.12799072265625, 431.85858154296875, 540.4594116210938, 707.560791015625], [295.2748107910156, 466.33184814453125, 379.4071044921875, 703.6347045898438]]","[0.82763671875, 0.8330078125, 0.7939453125, 0.345947265625, 0.59619140625, 0.76513671875, 0.62646484375]","[[1573.6422119140625, 824.5493774414062], [957.1171569824219, 807.2022705078125], [1759.4512939453125, 853.14501953125], [1339.4417724609375, 664.2449951171875], [1381.47265625, 665.9899291992188], [486.293701171875, 707.560791015625], [337.34095764160156, 703.6347045898438]]",425394176,410927104,425394176,640,yolo26s_int8_640_ncnn_model,MOT17-09
83,164.02766700002758,0.0,7,"[1, 3, 5, 4, 2, 36, 40]","[[1464.4368896484375, 324.51043701171875, 1672.65478515625, 820.9677124023438], [851.8749389648438, 301.3695373535156, 1082.1180419921875, 799.7652587890625], [1638.229736328125, 252.10345458984375, 1878.8782958984375, 853.9652099609375], [1315.595458984375, 541.3966674804688, 1363.340576171875, 664.462646484375], [1343.1046142578125, 468.0262145996094, 1417.9404296875, 666.2816772460938], [435.6666259765625, 434.3306579589844, 541.4548950195312, 707.1810913085938], [297.5003662109375, 467.1579895019531, 383.4093017578125, 704.4681396484375]]","[0.8359375, 0.798828125, 0.82958984375, 0.3798828125, 0.60888671875, 0.75390625, 0.6474609375]","[[1568.5458374023438, 820.9677124023438], [966.9964904785156, 799.7652587890625], [1758.5540161132812, 853.9652099609375], [1339.468017578125, 664.462646484375], [1380.5225219726562, 666.2816772460938], [488.5607604980469, 707.1810913085938], [340.454833984375, 704.4681396484375]]",425394176,410927104,425394176,640,yolo26s_int8_640_ncnn_model,MOT17-09
84,165.1181679999354,0.0,7,"[1, 3, 5, 4, 2, 36, 40]","[[1445.6846923828125, 327.71441650390625, 1658.104248046875, 824.5482788085938], [865.2852783203125, 302.719970703125, 1089.1181640625, 788.3491821289062], [1648.21728515625, 251.7239227294922, 1890.01708984375, 858.993896484375], [1315.72607421875, 541.494873046875, 1363.232666015625, 663.5492553710938], [1342.40576171875, 468.91314697265625, 1416.9327392578125, 666.1408081054688], [438.2562561035156, 435.07379150390625, 541.9015502929688, 706.2832641601562], [297.01385498046875, 466.0157165527344, 384.93109130859375, 706.2802734375]]","[0.845703125, 0.77587890625, 0.8525390625, 0.324462890625, 0.63525390625, 0.7744140625, 0.666015625]","[[1551.8944702148438, 824.5482788085938], [977.2017211914062, 788.3491821289062], [1769.1171875, 858.993896484375], [1339.4793701171875, 663.5492553710938], [1379.6692504882812, 666.1408081054688], [490.0789031982422, 706.2832641601562], [340.97247314453125, 706.2802734375]]",425394176,410927104,425394176,640,yolo26s_int8_640_ncnn_model,MOT17-09
85,163.76901800003907,0.0,7,"[1, 3, 5, 4, 2, 36, 40]","[[1445.476806640625, 327.125244140625, 1661.8209228515625, 832.690673828125], [888.5230712890625, 301.7707824707031, 1104.69287109375, 781.524169921875], [1654.4564208984375, 247.83148193359375, 1895.9305419921875, 857.7716674804688], [1315.7369384765625, 541.5283813476562, 1363.2327880859375, 663.1978149414062], [1342.7327880859375, 468.0208740234375, 1417.9437255859375, 666.329833984375], [443.3834228515625, 433.63934326171875, 545.19287109375, 704.7008056640625], [300.9037780761719, 467.088134765625, 389.056640625, 706.4702758789062]]","[0.82763671875, 0.76513671875, 0.8720703125, 0.40185546875, 0.658203125, 0.75244140625, 0.72265625]","[[1553.6488647460938, 832.690673828125], [996.6079711914062, 781.524169921875], [1775.1934814453125, 857.7716674804688], [1339.48486328125, 663.1978149414062], [1380.3382568359375, 666.329833984375], [494.28814697265625, 704.7008056640625], [344.98020935058594, 706.4702758789062]]",425394176,410927104,425394176,640,yolo26s_int8_640_ncnn_model,MOT17-09
86,164.2519629999697,0.0,8,"[1, 3, 5, 4, 2, 36, 40, 46]","[[1449.69287109375, 325.3404541015625, 1667.0780029296875, 840.2803344726562], [908.7440795898438, 301.744873046875, 1119.965576171875, 780.7482299804688], [1658.686767578125, 246.4011688232422, 1898.391845703125, 857.220703125], [1315.2440185546875, 541.0411376953125, 1362.7384033203125, 662.5682373046875], [1342.748779296875, 468.43121337890625, 1417.450927734375, 665.65625], [447.02239990234375, 433.3638000488281, 548.0321044921875, 705.8389892578125], [304.50714111328125, 469.26031494140625, 391.92254638671875, 705.7936401367188], [419.2487487792969, 430.42498779296875, 538.05126953125, 705.9749755859375]]","[0.798828125, 0.625, 0.8828125, 0.40087890625, 0.62744140625, 0.75146484375, 0.69580078125, 0.417236328125]","[[1558.3854370117188, 840.2803344726562], [1014.3548278808594, 780.7482299804688], [1778.539306640625, 857.220703125], [1338.9912109375, 662.5682373046875], [1380.099853515625, 665.65625], [497.5272521972656, 705.8389892578125], [348.21484375, 705.7936401367188], [478.65000915527344, 705.9749755859375]]",425394176,410927104,425394176,640,yolo26s_int8_640_ncnn_model,MOT17-09
87,164.13888800002496,0.0,8,"[1, 3, 5, 4, 2, 36, 40, 46]","[[1441.572509765625, 327.2668762207031, 1659.4927978515625, 845.4542236328125], [920.2440795898438, 302.4421691894531, 1132.671142578125, 791.8250732421875], [1661.951171875, 245.9217071533203, 1899.674560546875, 856.93994140625], [1316.4151611328125, 540.6070556640625, 1364.17626953125, 662.5803833007812], [1343.3779296875, 469.3388977050781, 1417.63623046875, 664.6524658203125], [451.4679870605469, 435.255859375, 550.8026733398438, 705.2840576171875], [305.64794921875, 464.3772277832031, 395.6603698730469, 709.2653198242188], [426.85394287109375, 431.6406555175781, 544.1078491210938, 702.9068603515625]]","[0.70703125, 0.7333984375, 0.8857421875, 0.36962890625, 0.63720703125, 0.74072265625, 0.7001953125, 0.471923828125]","[[1550.5326538085938, 845.4542236328125], [1026.4576110839844, 791.8250732421875], [1780.8128662109375, 856.93994140625], [1340.2957153320312, 662.5803833007812], [1380.507080078125, 664.6524658203125], [501.1353302001953, 705.2840576171875], [350.65415954589844, 709.2653198242188], [485.48089599609375, 702.9068603515625]]",425394176,410927104,425394176,640,yolo26s_int8_640_ncnn_model,MOT17-09
88,177.52725299988015,0.0,7,"[1, 3, 5, 4, 2, 36, 40]","[[1431.9554443359375, 330.26104736328125, 1649.561767578125, 848.09912109375], [941.5606079101562, 302.29693603515625, 1147.246826171875, 777.5682373046875], [1660.208740234375, 240.25527954101562, 1899.1982421875, 859.3613891601562], [1316.6661376953125, 539.9480590820312, 1364.9097900390625, 663.0830078125], [1341.147216796875, 469.1889953613281, 1415.205810546875, 664.7706909179688], [457.5820007324219, 432.5189208984375, 559.1461181640625, 706.5636596679688], [309.72802734375, 465.7574768066406, 398.8518371582031, 707.3666381835938]]","[0.85498046875, 0.720703125, 0.87353515625, 0.363525390625, 0.5712890625, 0.72998046875, 0.59716796875]","[[1540.7586059570312, 848.09912109375], [1044.4037170410156, 777.5682373046875], [1779.7034912109375, 859.3613891601562], [1340.7879638671875, 663.0830078125], [1378.176513671875, 664.7706909179688], [508.3640594482422, 706.5636596679688], [354.28993225097656, 707.3666381835938]]",425394176,410927104,425394176,640,yolo26s_int8_640_ncnn_model,MOT17-09
89,167.66783600019153,0.0,7,"[1, 3, 5, 4, 2, 36, 40]","[[1425.3226318359375, 332.9132080078125, 1643.0960693359375, 851.4813842773438], [955.003662109375, 303.31695556640625, 1158.2413330078125, 772.0398559570312], [1657.400390625, 234.72955322265625, 1897.225341796875, 859.7384033203125], [1316.010498046875, 540.4418334960938, 1363.955078125, 662.53369140625], [1340.935302734375, 469.8776550292969, 1414.6697998046875, 665.0657958984375], [462.89202880859375, 435.4481201171875, 564.9880981445312, 707.0428466796875], [313.3730163574219, 463.8504333496094, 402.1495361328125, 705.1185913085938]]","[0.8603515625, 0.677734375, 0.8662109375, 0.383544921875, 0.58642578125, 0.75732421875, 0.58935546875]","[[1534.2093505859375, 851.4813842773438], [1056.6224975585938, 772.0398559570312], [1777.3128662109375, 859.7384033203125], [1339.9827880859375, 662.53369140625], [1377.8025512695312, 665.0657958984375], [513.9400634765625, 707.0428466796875], [357.7612762451172, 705.1185913085938]]",425394176,410927104,425394176,640,yolo26s_int8_640_ncnn_model,MOT17-09
90,165.83944600006362,0.0,8,"[1, 3, 5, 4, 2, 36, 40, 51]","[[1412.617919921875, 329.9887390136719, 1634.3822021484375, 859.5782470703125], [968.2562255859375, 309.306396484375, 1169.0406494140625, 770.4830932617188], [1657.014404296875, 235.8851318359375, 1893.814697265625, 856.6343383789062], [1314.6512451171875, 540.3856811523438, 1362.7041015625, 662.5731201171875], [1334.90478515625, 465.6720275878906, 1407.5362548828125, 661.7055053710938], [465.27362060546875, 435.101806640625, 568.584716796875, 707.7186279296875], [315.13916015625, 462.65716552734375, 404.7210998535156, 706.7450561523438], [1379.2352294921875, 492.8999938964844, 1426.0648193359375, 657.5999755859375]]","[0.82958984375, 0.78466796875, 0.8603515625, 0.391357421875, 0.5166015625, 0.7626953125, 0.65771484375, 0.36474609375]","[[1523.5000610351562, 859.5782470703125], [1068.6484375, 770.4830932617188], [1775.41455078125, 856.6343383789062], [1338.6776733398438, 662.5731201171875], [1371.2205200195312, 661.7055053710938], [516.9291687011719, 707.7186279296875], [359.9301300048828, 706.7450561523438], [1402.6500244140625, 657.5999755859375]]",425394176,410927104,425394176,640,yolo26s_int8_640_ncnn_model,MOT17-09
91,164.556814999969,0.0,9,"[1, 3, 5, 4, 2, 36, 40, 51, 53]","[[1408.8577880859375, 329.9894104003906, 1629.353271484375, 856.5621337890625], [974.5906982421875, 315.8842468261719, 1173.5435791015625, 769.650390625], [1655.4112548828125, 236.42774963378906, 1890.024169921875, 856.3737182617188], [1315.125732421875, 540.61376953125, 1363.2333984375, 662.3422241210938], [1331.802490234375, 462.8543395996094, 1402.7474365234375, 658.7122802734375], [464.4875183105469, 432.9981994628906, 568.907958984375, 708.9569702148438], [315.8589782714844, 461.98370361328125, 405.8962097167969, 706.619384765625], [1378.209228515625, 491.05450439453125, 1425.7066650390625, 658.2920532226562], [7.4413886070251465, 459.45001220703125, 111.35861206054688, 749.25]]","[0.8505859375, 0.79638671875, 0.85205078125, 0.40380859375, 0.55078125, 0.76318359375, 0.69873046875, 0.36474609375, 0.3818359375]","[[1519.1055297851562, 856.5621337890625], [1074.067138671875, 769.650390625], [1772.7177124023438, 856.3737182617188], [1339.1795654296875, 662.3422241210938], [1367.2749633789062, 658.7122802734375], [516.6977386474609, 708.9569702148438], [360.8775939941406, 706.619384765625], [1401.9579467773438, 658.2920532226562], [59.40000033378601, 749.25]]",425394176,410927104,425394176,640,yolo26s_int8_640_ncnn_model,MOT17-09
92,164.16251800001191,0.0,8,"[1, 3, 5, 4, 2, 36, 40, 53]","[[1399.524658203125, 325.6888122558594, 1622.916015625, 858.5927734375], [977.6415405273438, 318.25030517578125, 1179.4727783203125, 771.4700317382812], [1651.9945068359375, 236.7051544189453, 1885.5018310546875, 857.2293701171875], [1314.7867431640625, 540.701171875, 1362.9674072265625, 662.2572021484375], [1331.3291015625, 463.0459899902344, 1400.3160400390625, 657.3490600585938], [464.5800476074219, 431.7190246582031, 569.8981323242188, 711.8805541992188], [317.63873291015625, 462.0016784667969, 407.0450744628906, 705.3331298828125], [7.078718662261963, 459.1015319824219, 110.61784362792969, 747.5077514648438]]","[0.837890625, 0.79150390625, 0.84912109375, 0.388671875, 0.494140625, 0.76416015625, 0.701171875, 0.382080078125]","[[1511.2203369140625, 858.5927734375], [1078.5571594238281, 771.4700317382812], [1768.7481689453125, 857.2293701171875], [1338.8770751953125, 662.2572021484375], [1365.8225708007812, 657.3490600585938], [517.2390899658203, 711.8805541992188], [362.34190368652344, 705.3331298828125], [58.848281145095825, 747.5077514648438]]",425394176,410927104,425394176,640,yolo26s_int8_640_ncnn_model,MOT17-09
93,174.73402800010263,0.0,7,"[1, 3, 5, 4, 2, 36, 40]","[[1394.2969970703125, 323.95574951171875, 1617.6094970703125, 858.4212646484375], [989.2966918945312, 320.6728515625, 1191.297607421875, 768.5958862304688], [1643.832763671875, 232.057373046875, 1880.8287353515625, 861.3509521484375], [1314.707763671875, 540.9823608398438, 1362.8232421875, 661.9797973632812], [1333.1724853515625, 466.6272277832031, 1399.4718017578125, 656.364990234375], [466.4380187988281, 433.4576721191406, 569.7239379882812, 709.7860107421875], [320.91778564453125, 462.5319519042969, 411.56597900390625, 708.3096923828125]]","[0.8603515625, 0.7568359375, 0.86572265625, 0.392333984375, 0.4775390625, 0.78125, 0.673828125]","[[1505.9532470703125, 858.4212646484375], [1090.2971496582031, 768.5958862304688], [1762.3307495117188, 861.3509521484375], [1338.7655029296875, 661.9797973632812], [1366.3221435546875, 656.364990234375], [518.0809783935547, 709.7860107421875], [366.24188232421875, 708.3096923828125]]",425394176,410927104,425394176,640,yolo26s_int8_640_ncnn_model,MOT17-09
94,164.07272199990075,0.0,7,"[1, 3, 5, 4, 2, 36, 40]","[[1389.2802734375, 318.4000244140625, 1613.105712890625, 858.2632446289062], [1004.4027099609375, 326.88330078125, 1206.0797119140625, 774.2650146484375], [1635.4029541015625, 236.37557983398438, 1870.720947265625, 859.8060302734375], [1314.1783447265625, 541.088134765625, 1362.2811279296875, 661.8782348632812], [1332.978271484375, 463.74261474609375, 1399.158203125, 656.2788696289062], [467.0843200683594, 432.1632385253906, 570.4730834960938, 710.938720703125], [324.19708251953125, 464.96942138671875, 414.4745788574219, 708.1959838867188]]","[0.86474609375, 0.7392578125, 0.876953125, 0.45458984375, 0.491455078125, 0.7626953125, 0.68701171875]","[[1501.1929931640625, 858.2632446289062], [1105.2412109375, 774.2650146484375], [1753.0619506835938, 859.8060302734375], [1338.229736328125, 661.8782348632812], [1366.0682373046875, 656.2788696289062], [518.7787017822266, 710.938720703125], [369.33583068847656, 708.1959838867188]]",425394176,410927104,425394176,640,yolo26s_int8_640_ncnn_model,MOT17-09
95,165.44081600000027,0.0,7,"[1, 3, 5, 4, 2, 36, 40]","[[1380.748779296875, 318.4094543457031, 1603.656982421875, 858.0076293945312], [1009.4437866210938, 332.59747314453125, 1213.2479248046875, 784.9367065429688], [1629.089111328125, 231.67510986328125, 1868.0787353515625, 867.5814819335938], [1313.87890625, 540.878173828125, 1362.1851806640625, 662.0919799804688], [1332.3515625, 463.6786193847656, 1397.678466796875, 657.2582397460938], [468.1779479980469, 430.2078552246094, 571.2274780273438, 710.8665771484375], [327.2206115722656, 467.41015625, 416.52850341796875, 707.6448974609375]]","[0.87451171875, 0.779296875, 0.88818359375, 0.4384765625, 0.5390625, 0.75634765625, 0.70263671875]","[[1492.202880859375, 858.0076293945312], [1111.3458557128906, 784.9367065429688], [1748.5839233398438, 867.5814819335938], [1338.0320434570312, 662.0919799804688], [1365.0150146484375, 657.2582397460938], [519.7027130126953, 710.8665771484375], [371.8745574951172, 707.6448974609375]]",425394176,410927104,425394176,640,yolo26s_int8_640_ncnn_model,MOT17-09
96,164.36511099982454,0.0,7,"[1, 3, 5, 4, 2, 36, 40]","[[1377.28564453125, 316.2483215332031, 1599.6776123046875, 857.0958862304688], [1018.8009033203125, 325.1838684082031, 1221.5462646484375, 774.5192260742188], [1623.8182373046875, 237.31190490722656, 1860.3214111328125, 868.9910278320312], [1313.93017578125, 541.7891235351562, 1361.9952392578125, 662.1755981445312], [1339.9644775390625, 468.3755798339844, 1406.182861328125, 662.8551025390625], [468.3634948730469, 429.972412109375, 570.5913696289062, 710.33203125], [328.56201171875, 469.330810546875, 418.348876953125, 710.4158325195312]]","[0.88037109375, 0.7578125, 0.88427734375, 0.4443359375, 0.55078125, 0.75537109375, 0.75732421875]","[[1488.4816284179688, 857.0958862304688], [1120.173583984375, 774.5192260742188], [1742.06982421875, 868.9910278320312], [1337.9627075195312, 662.1755981445312], [1373.0736694335938, 662.8551025390625], [519.4774322509766, 710.33203125], [373.4554443359375, 710.4158325195312]]",425394176,410927104,425394176,640,yolo26s_int8_640_ncnn_model,MOT17-09
97,164.93511200019384,0.0,7,"[1, 3, 5, 4, 2, 36, 40]","[[1374.603271484375, 316.3354797363281, 1595.02099609375, 856.8131103515625], [1025.804443359375, 323.5060729980469, 1226.241455078125, 771.3302612304688], [1620.3277587890625, 239.5497283935547, 1855.07275390625, 869.4616088867188], [1314.379638671875, 541.3869018554688, 1362.49951171875, 661.9610595703125], [1341.378662109375, 468.1840515136719, 1407.9600830078125, 661.02783203125], [471.2555847167969, 429.1622009277344, 572.7976684570312, 709.8682861328125], [328.6288146972656, 469.7947998046875, 418.2712097167969, 711.6910400390625]]","[0.88134765625, 0.79052734375, 0.892578125, 0.476806640625, 0.6650390625, 0.75927734375, 0.72705078125]","[[1484.8121337890625, 856.8131103515625], [1126.02294921875, 771.3302612304688], [1737.7002563476562, 869.4616088867188], [1338.4395751953125, 661.9610595703125], [1374.6693725585938, 661.02783203125], [522.0266265869141, 709.8682861328125], [373.45001220703125, 711.6910400390625]]",425394176,410927104,425394176,640,yolo26s_int8_640_ncnn_model,MOT17-09
98,163.90457400007108,0.0,7,"[1, 3, 5, 4, 2, 36, 40]","[[1368.3592529296875, 315.0603942871094, 1590.0068359375, 861.9599609375], [1038.99853515625, 321.0675048828125, 1231.5516357421875, 753.9736938476562], [1607.9970703125, 228.7972869873047, 1848.4964599609375, 877.24853515625], [1314.4718017578125, 540.4883422851562, 1362.7735595703125, 661.6343383789062], [1342.2159423828125, 469.0989074707031, 1408.333251953125, 660.32861328125], [472.7073059082031, 429.1214904785156, 573.6283569335938, 708.4486083984375], [327.65472412109375, 466.4925537109375, 417.0527038574219, 709.6801147460938]]","[0.833984375, 0.7724609375, 0.87841796875, 0.417724609375, 0.6337890625, 0.7939453125, 0.68017578125]","[[1479.1830444335938, 861.9599609375], [1135.2750854492188, 753.9736938476562], [1728.2467651367188, 877.24853515625], [1338.6226806640625, 661.6343383789062], [1375.2745971679688, 660.32861328125], [523.1678314208984, 708.4486083984375], [372.3537139892578, 709.6801147460938]]",425394176,410927104,425394176,640,yolo26s_int8_640_ncnn_model,MOT17-09
99,163.92246300006263,0.0,7,"[1, 3, 5, 4, 2, 36, 40]","[[1365.56689453125, 314.6173095703125, 1587.9141845703125, 867.7942504882812], [1045.98828125, 319.8270263671875, 1235.556640625, 751.7944946289062], [1608.85498046875, 231.26683044433594, 1846.59814453125, 873.6444091796875], [1314.7615966796875, 539.9011840820312, 1363.6163330078125, 662.7517700195312], [1343.7176513671875, 472.17523193359375, 1409.2642822265625, 660.3175048828125], [472.5434875488281, 427.88818359375, 574.0077514648438, 708.152099609375], [328.2991638183594, 463.0102844238281, 418.11846923828125, 710.1387329101562]]","[0.794921875, 0.7685546875, 0.876953125, 0.403076171875, 0.64404296875, 0.79150390625, 0.64892578125]","[[1476.7405395507812, 867.7942504882812], [1140.7724609375, 751.7944946289062], [1727.7265625, 873.6444091796875], [1339.18896484375, 662.7517700195312], [1376.490966796875, 660.3175048828125], [523.2756195068359, 708.152099609375], [373.2088165283203, 710.1387329101562]]",425394176,410927104,425394176,640,yolo26s_int8_640_ncnn_model,MOT17-09
100,163.95179699998153,0.0,7,"[1, 3, 5, 4, 2, 36, 40]","[[1360.57861328125, 315.9633483886719, 1582.5811767578125, 872.4131469726562], [1053.0950927734375, 318.5954895019531, 1237.8253173828125, 745.842041015625], [1603.6280517578125, 227.97471618652344, 1841.8966064453125, 872.5145263671875], [1314.9769287109375, 538.6962890625, 1363.8294677734375, 662.1895141601562], [1344.3106689453125, 470.5698547363281, 1410.565673828125, 659.0685424804688], [472.37579345703125, 426.6998596191406, 574.620849609375, 707.7935180664062], [327.41729736328125, 459.9788513183594, 418.03118896484375, 711.04150390625]]","[0.82666015625, 0.72607421875, 0.87060546875, 0.32177734375, 0.5771484375, 0.79296875, 0.69189453125]","[[1471.5798950195312, 872.4131469726562], [1145.460205078125, 745.842041015625], [1722.7623291015625, 872.5145263671875], [1339.4031982421875, 662.1895141601562], [1377.4381713867188, 659.0685424804688], [523.4983215332031, 707.7935180664062], [372.7242431640625, 711.04150390625]]",425394176,410927104,425394176,640,yolo26s_int8_640_ncnn_model,MOT17-09
101,165.76724199990167,0.0,7,"[1, 3, 5, 4, 2, 36, 40]","[[1357.933349609375, 319.4691162109375, 1576.7435302734375, 870.1653442382812], [1065.4771728515625, 321.1176452636719, 1245.198974609375, 744.7535400390625], [1596.767578125, 224.4320068359375, 1837.365234375, 873.392333984375], [1314.3189697265625, 539.9694213867188, 1362.674072265625, 662.2207641601562], [1337.6783447265625, 468.71484375, 1402.95703125, 657.8641967773438], [472.3248596191406, 426.0243835449219, 576.19970703125, 709.883544921875], [330.3242492675781, 458.1045837402344, 421.4892272949219, 712.1119995117188]]","[0.8115234375, 0.8193359375, 0.87060546875, 0.39453125, 0.53271484375, 0.8203125, 0.66796875]","[[1467.3384399414062, 870.1653442382812], [1155.3380737304688, 744.7535400390625], [1717.06640625, 873.392333984375], [1338.4965209960938, 662.2207641601562], [1370.3176879882812, 657.8641967773438], [524.2622833251953, 709.883544921875], [375.90673828125, 712.1119995117188]]",425394176,410927104,425394176,640,yolo26s_int8_640_ncnn_model,MOT17-09
102,164.1714449999654,0.0,7,"[1, 3, 5, 4, 2, 36, 40]","[[1356.8199462890625, 317.9988098144531, 1576.0294189453125, 873.0425415039062], [1076.88330078125, 322.03228759765625, 1256.4501953125, 748.4913330078125], [1590.5235595703125, 224.98716735839844, 1831.6741943359375, 874.7880249023438], [1314.21630859375, 538.2293090820312, 1363.0758056640625, 662.48193359375], [1335.677490234375, 468.2573547363281, 1399.5928955078125, 657.1735229492188], [472.1153564453125, 424.80548095703125, 577.37451171875, 708.7030029296875], [331.47381591796875, 457.169677734375, 422.8924865722656, 712.7542114257812]]","[0.8017578125, 0.87060546875, 0.8896484375, 0.3330078125, 0.50927734375, 0.82666015625, 0.70458984375]","[[1466.4246826171875, 873.0425415039062], [1166.666748046875, 748.4913330078125], [1711.098876953125, 874.7880249023438], [1338.6460571289062, 662.48193359375], [1367.6351928710938, 657.1735229492188], [524.7449340820312, 708.7030029296875], [377.1831512451172, 712.7542114257812]]",425394176,410927104,425394176,640,yolo26s_int8_640_ncnn_model,MOT17-09
103,164.34164800011786,0.0,7,"[1, 3, 5, 4, 2, 36, 40]","[[1353.522216796875, 317.582763671875, 1575.015869140625, 881.8214111328125], [1095.81396484375, 326.5804748535156, 1275.16455078125, 749.7241821289062], [1581.4276123046875, 219.09295654296875, 1824.6844482421875, 872.5582885742188], [1314.6724853515625, 539.7979736328125, 1362.734130859375, 662.3336791992188], [1332.8865966796875, 463.3632507324219, 1396.4249267578125, 655.68505859375], [471.82159423828125, 425.3548889160156, 578.9109497070312, 710.2237548828125], [333.1406555175781, 456.10699462890625, 424.27362060546875, 710.7720336914062]]","[0.82373046875, 0.9013671875, 0.89208984375, 0.38623046875, 0.41064453125, 0.81201171875, 0.740234375]","[[1464.26904296875, 881.8214111328125], [1185.4892578125, 749.7241821289062], [1703.0560302734375, 872.5582885742188], [1338.7033081054688, 662.3336791992188], [1364.65576171875, 655.68505859375], [525.3662719726562, 710.2237548828125], [378.70713806152344, 710.7720336914062]]",425394176,410927104,425394176,640,yolo26s_int8_640_ncnn_model,MOT17-09
104,164.3165370001043,0.0,6,"[1, 3, 5, 4, 36, 40]","[[1347.0068359375, 314.0078430175781, 1570.383056640625, 884.5902709960938], [1113.3167724609375, 332.38134765625, 1292.00439453125, 749.1585083007812], [1576.6082763671875, 218.3903350830078, 1819.7646484375, 874.1343383789062], [1314.882568359375, 539.9136962890625, 1362.5709228515625, 661.7794189453125], [471.843505859375, 425.58758544921875, 580.2500610351562, 710.7974243164062], [335.7565612792969, 454.9952392578125, 427.8603820800781, 711.7257080078125]]","[0.83203125, 0.869140625, 0.88427734375, 0.40380859375, 0.81640625, 0.71240234375]","[[1458.6949462890625, 884.5902709960938], [1202.6605834960938, 749.1585083007812], [1698.1864624023438, 874.1343383789062], [1338.7267456054688, 661.7794189453125], [526.0467834472656, 710.7974243164062], [381.8084716796875, 711.7257080078125]]",425394176,410927104,425394176,640,yolo26s_int8_640_ncnn_model,MOT17-09
105,181.56625700021323,0.0,6,"[1, 3, 5, 4, 36, 40]","[[1341.46435546875, 310.4501037597656, 1566.0860595703125, 885.79541015625], [1122.58935546875, 332.362548828125, 1302.6873779296875, 749.1512451171875], [1570.4547119140625, 216.34397888183594, 1814.666259765625, 877.5354614257812], [1314.4588623046875, 539.958984375, 1362.020263671875, 661.5722045898438], [470.7770690917969, 423.4730529785156, 581.7378540039062, 713.2314453125], [339.8557434082031, 453.3750915527344, 432.8712158203125, 712.3251953125]]","[0.8388671875, 0.88330078125, 0.88037109375, 0.302978515625, 0.8125, 0.6953125]","[[1453.7752075195312, 885.79541015625], [1212.6383666992188, 749.1512451171875], [1692.5604858398438, 877.5354614257812], [1338.2395629882812, 661.5722045898438], [526.2574615478516, 713.2314453125], [386.3634796142578, 712.3251953125]]",425394176,410927104,425394176,640,yolo26s_int8_640_ncnn_model,MOT17-09
106,164.01159299994106,0.0,6,"[1, 3, 5, 4, 36, 40]","[[1330.93896484375, 305.43841552734375, 1557.4642333984375, 887.874755859375], [1125.57666015625, 328.5525817871094, 1307.2828369140625, 747.9591674804688], [1560.96728515625, 214.5226287841797, 1808.39794921875, 888.75732421875], [1314.676025390625, 541.962646484375, 1361.4393310546875, 661.4969482421875], [471.4825439453125, 425.1490783691406, 582.0984497070312, 711.6836547851562], [339.78271484375, 452.7915344238281, 433.8125, 714.510009765625]]","[0.84130859375, 0.88720703125, 0.88720703125, 0.2890625, 0.81787109375, 0.70654296875]","[[1444.2015991210938, 887.874755859375], [1216.4297485351562, 747.9591674804688], [1684.6826171875, 888.75732421875], [1338.0576782226562, 661.4969482421875], [526.7904968261719, 711.6836547851562], [386.797607421875, 714.510009765625]]",425394176,410927104,425394176,640,yolo26s_int8_640_ncnn_model,MOT17-09
107,165.70977900005346,0.0,5,"[1, 3, 5, 36, 40]","[[1319.5628662109375, 303.0772705078125, 1548.1302490234375, 889.0691528320312], [1128.424072265625, 336.77789306640625, 1307.471435546875, 748.8121337890625], [1554.3436279296875, 216.582275390625, 1801.5137939453125, 895.1741333007812], [469.6634521484375, 422.1041259765625, 582.7423095703125, 713.794921875], [342.0562744140625, 456.28643798828125, 434.6615905761719, 714.5940551757812]]","[0.85595703125, 0.89111328125, 0.89208984375, 0.81982421875, 0.712890625]","[[1433.8465576171875, 889.0691528320312], [1217.94775390625, 748.8121337890625], [1677.9287109375, 895.1741333007812], [526.202880859375, 713.794921875], [388.3589324951172, 714.5940551757812]]",425394176,410927104,425394176,640,yolo26s_int8_640_ncnn_model,MOT17-09
108,166.37253899989446,0.0,5,"[1, 3, 5, 36, 40]","[[1304.7757568359375, 303.33447265625, 1537.6876220703125, 897.165283203125], [1136.3531494140625, 340.0926208496094, 1310.774169921875, 741.9351196289062], [1547.2269287109375, 217.56625366210938, 1794.0086669921875, 902.3394775390625], [471.03076171875, 424.909423828125, 583.334716796875, 714.5758056640625], [344.8052673339844, 458.6605529785156, 436.4010009765625, 713.6134643554688]]","[0.84765625, 0.857421875, 0.8720703125, 0.8125, 0.71484375]","[[1421.231689453125, 897.165283203125], [1223.5636596679688, 741.9351196289062], [1670.6177978515625, 902.3394775390625], [527.1827392578125, 714.5758056640625], [390.60313415527344, 713.6134643554688]]",425394176,410927104,425394176,640,yolo26s_int8_640_ncnn_model,MOT17-09
109,164.8149459999786,0.0,5,"[1, 3, 5, 36, 40]","[[1293.3013916015625, 300.5472412109375, 1530.1392822265625, 895.2686767578125], [1144.8048095703125, 341.12249755859375, 1314.7626953125, 735.5288696289062], [1544.794677734375, 218.11245727539062, 1789.2752685546875, 901.9052124023438], [469.838134765625, 423.5416259765625, 583.2257080078125, 717.3302001953125], [346.52447509765625, 459.5730895996094, 438.20635986328125, 715.2140502929688]]","[0.857421875, 0.86572265625, 0.87451171875, 0.81396484375, 0.6923828125]","[[1411.7203369140625, 895.2686767578125], [1229.7837524414062, 735.5288696289062], [1667.0349731445312, 901.9052124023438], [526.5319213867188, 717.3302001953125], [392.36541748046875, 715.2140502929688]]",425394176,410927104,425394176,640,yolo26s_int8_640_ncnn_model,MOT17-09
110,163.28425899996546,0.0,5,"[1, 3, 5, 36, 40]","[[1287.3590087890625, 298.1806945800781, 1525.3408203125, 892.82666015625], [1156.2452392578125, 339.5357971191406, 1322.318359375, 731.1093139648438], [1541.6783447265625, 213.19252014160156, 1786.135986328125, 900.8746948242188], [470.7254638671875, 425.0052185058594, 583.7640380859375, 719.3316650390625], [347.7391662597656, 459.9193115234375, 439.1653137207031, 715.8013916015625]]","[0.853515625, 0.83935546875, 0.86474609375, 0.81591796875, 0.72998046875]","[[1406.3499145507812, 892.82666015625], [1239.2817993164062, 731.1093139648438], [1663.9071655273438, 900.8746948242188], [527.2447509765625, 719.3316650390625], [393.4522399902344, 715.8013916015625]]",425394176,410927104,425394176,640,yolo26s_int8_640_ncnn_model,MOT17-09
111,164.27029699980267,0.0,5,"[1, 3, 5, 36, 40]","[[1281.72314453125, 296.9682312011719, 1521.4715576171875, 891.189208984375], [1163.003173828125, 336.2522277832031, 1326.927490234375, 730.2042846679688], [1533.6636962890625, 211.1172637939453, 1778.366943359375, 903.5858764648438], [469.341064453125, 423.3618469238281, 582.6783447265625, 720.3138427734375], [348.91455078125, 458.0721130371094, 440.148193359375, 716.0064086914062]]","[0.85888671875, 0.7783203125, 0.85595703125, 0.79931640625, 0.69189453125]","[[1401.5973510742188, 891.189208984375], [1244.96533203125, 730.2042846679688], [1656.0153198242188, 903.5858764648438], [526.0097045898438, 720.3138427734375], [394.5313720703125, 716.0064086914062]]",425394176,410927104,425394176,640,yolo26s_int8_640_ncnn_model,MOT17-09
112,164.43333500001245,0.0,5,"[1, 3, 5, 36, 40]","[[1277.1907958984375, 296.6919250488281, 1518.931884765625, 893.3308715820312], [1166.40283203125, 333.3727722167969, 1328.1278076171875, 730.584228515625], [1530.9271240234375, 210.50062561035156, 1773.49560546875, 900.4739379882812], [468.0046081542969, 422.501953125, 580.079345703125, 719.91748046875], [351.4145812988281, 459.10418701171875, 441.7862548828125, 716.314453125]]","[0.8720703125, 0.77587890625, 0.86181640625, 0.7939453125, 0.69921875]","[[1398.0613403320312, 893.3308715820312], [1247.2653198242188, 730.584228515625], [1652.2113647460938, 900.4739379882812], [524.0419769287109, 719.91748046875], [396.6004180908203, 716.314453125]]",425394176,410927104,425394176,640,yolo26s_int8_640_ncnn_model,MOT17-09
113,164.55368600009024,0.0,5,"[1, 3, 5, 36, 40]","[[1273.612548828125, 297.1361999511719, 1516.337890625, 897.534423828125], [1170.0791015625, 330.40313720703125, 1334.5194091796875, 743.6196899414062], [1526.602783203125, 213.65589904785156, 1769.4156494140625, 906.71826171875], [466.8494567871094, 419.72320556640625, 579.697021484375, 722.1985473632812], [352.3549499511719, 457.2765808105469, 443.265380859375, 716.6616821289062]]","[0.85400390625, 0.701171875, 0.88525390625, 0.79638671875, 0.63427734375]","[[1394.9752197265625, 897.534423828125], [1252.2992553710938, 743.6196899414062], [1648.0092163085938, 906.71826171875], [523.2732391357422, 722.1985473632812], [397.81016540527344, 716.6616821289062]]",425394176,410927104,425394176,640,yolo26s_int8_640_ncnn_model,MOT17-09
114,179.88942300007693,0.0,5,"[1, 3, 5, 36, 40]","[[1269.9677734375, 295.3873291015625, 1514.1319580078125, 899.0704956054688], [1173.645751953125, 335.1671447753906, 1337.2564697265625, 755.3767700195312], [1520.446533203125, 211.8137664794922, 1764.870361328125, 913.0778198242188], [463.60943603515625, 415.5002136230469, 577.4376831054688, 723.2813110351562], [354.0306091308594, 455.35870361328125, 445.3371887207031, 717.0247802734375]]","[0.86181640625, 0.58447265625, 0.88134765625, 0.79443359375, 0.67138671875]","[[1392.0498657226562, 899.0704956054688], [1255.4511108398438, 755.3767700195312], [1642.658447265625, 913.0778198242188], [520.5235595703125, 723.2813110351562], [399.68389892578125, 717.0247802734375]]",425394176,410927104,425394176,640,yolo26s_int8_640_ncnn_model,MOT17-09
115,164.46544600012203,0.0,6,"[1, 3, 5, 36, 40, 57]","[[1265.401611328125, 294.7681579589844, 1510.98291015625, 899.5845336914062], [1177.125732421875, 337.7386169433594, 1329.7296142578125, 737.5805053710938], [1515.5421142578125, 211.5146942138672, 1760.1673583984375, 917.98681640625], [462.7765808105469, 414.1557922363281, 576.1619262695312, 723.4189453125], [355.16741943359375, 452.670654296875, 446.9731750488281, 717.1476440429688], [319.12115478515625, 447.1499938964844, 440.0288391113281, 720.75]]","[0.85595703125, 0.64404296875, 0.89111328125, 0.80615234375, 0.658203125, 0.34228515625]","[[1388.1922607421875, 899.5845336914062], [1253.4276733398438, 737.5805053710938], [1637.854736328125, 917.98681640625], [519.4692535400391, 723.4189453125], [401.07029724121094, 717.1476440429688], [379.5749969482422, 720.75]]",425394176,410927104,425394176,640,yolo26s_int8_640_ncnn_model,MOT17-09
116,164.3814259998635,0.0,5,"[1, 5, 36, 40, 57]","[[1254.513427734375, 294.5817565917969, 1503.5673828125, 905.6257934570312], [1508.70361328125, 206.76608276367188, 1755.8505859375, 924.4287719726562], [461.28143310546875, 411.9613342285156, 573.913330078125, 723.1900024414062], [356.6866149902344, 452.40423583984375, 447.85748291015625, 717.4259033203125], [319.06719970703125, 444.1461181640625, 440.8337707519531, 719.5946655273438]]","[0.857421875, 0.87158203125, 0.8271484375, 0.654296875, 0.35205078125]","[[1379.0404052734375, 905.6257934570312], [1632.277099609375, 924.4287719726562], [517.5973815917969, 723.1900024414062], [402.2720489501953, 717.4259033203125], [379.9504852294922, 719.5946655273438]]",425394176,410927104,425394176,640,yolo26s_int8_640_ncnn_model,MOT17-09
117,164.2645189999712,0.0,5,"[1, 5, 36, 40, 57]","[[1248.3582763671875, 291.848876953125, 1502.168701171875, 913.5067138671875], [1494.4102783203125, 208.545166015625, 1744.6822509765625, 934.0040893554688], [460.4739685058594, 410.427490234375, 572.3314819335938, 723.8094482421875], [355.5107727050781, 447.8913269042969, 447.84375, 719.9829711914062], [323.39593505859375, 444.0099182128906, 444.02313232421875, 717.1724243164062]]","[0.85986328125, 0.87353515625, 0.8212890625, 0.66943359375, 0.282958984375]","[[1375.2634887695312, 913.5067138671875], [1619.5462646484375, 934.0040893554688], [516.4027252197266, 723.8094482421875], [401.67726135253906, 719.9829711914062], [383.70953369140625, 717.1724243164062]]",425394176,410927104,425394176,640,yolo26s_int8_640_ncnn_model,MOT17-09
118,164.92472300001282,0.0,4,"[1, 5, 36, 40]","[[1236.2056884765625, 292.0718994140625, 1491.2528076171875, 918.1434326171875], [1491.6480712890625, 202.5340576171875, 1743.9500732421875, 935.46533203125], [459.30767822265625, 410.377197265625, 569.6717529296875, 722.5457763671875], [356.3658447265625, 449.3863525390625, 446.93646240234375, 718.7366333007812]]","[0.8125, 0.892578125, 0.8330078125, 0.6416015625]","[[1363.729248046875, 918.1434326171875], [1617.799072265625, 935.46533203125], [514.4897155761719, 722.5457763671875], [401.6511535644531, 718.7366333007812]]",425394176,410927104,425394176,640,yolo26s_int8_640_ncnn_model,MOT17-09
119,164.40946400007306,0.0,4,"[1, 5, 36, 40]","[[1221.824462890625, 291.716064453125, 1481.48876953125, 928.1621704101562], [1484.7105712890625, 188.99844360351562, 1740.17041015625, 931.4697265625], [457.38037109375, 409.17388916015625, 567.2177734375, 724.25390625], [353.5221862792969, 450.75653076171875, 444.1921691894531, 720.4486694335938]]","[0.837890625, 0.89990234375, 0.8232421875, 0.587890625]","[[1351.6566162109375, 928.1621704101562], [1612.4404907226562, 931.4697265625], [512.299072265625, 724.25390625], [398.857177734375, 720.4486694335938]]",425394176,410927104,425394176,640,yolo26s_int8_640_ncnn_model,MOT17-09
120,163.63801900001818,0.0,4,"[1, 5, 36, 40]","[[1211.5616455078125, 293.8193359375, 1473.180908203125, 933.5877075195312], [1483.7252197265625, 188.77816772460938, 1739.3994140625, 932.7529296875], [455.87945556640625, 408.2646179199219, 565.1422729492188, 725.3731079101562], [350.65252685546875, 450.0665588378906, 441.9083251953125, 720.3395385742188]]","[0.88330078125, 0.89990234375, 0.84228515625, 0.58203125]","[[1342.3712768554688, 933.5877075195312], [1611.5623168945312, 932.7529296875], [510.5108642578125, 725.3731079101562], [396.2804260253906, 720.3395385742188]]",425394176,410927104,425394176,640,yolo26s_int8_640_ncnn_model,MOT17-09
121,164.30016699996486,0.0,4,"[1, 5, 36, 40]","[[1199.60791015625, 290.61944580078125, 1464.775390625, 933.6888427734375], [1480.5628662109375, 177.25494384765625, 1740.3482666015625, 935.8333740234375], [455.2348937988281, 408.69683837890625, 563.5006713867188, 725.0383911132812], [349.6987609863281, 452.5392150878906, 440.850341796875, 723.4852294921875]]","[0.89599609375, 0.88671875, 0.83251953125, 0.60107421875]","[[1332.191650390625, 933.6888427734375], [1610.45556640625, 935.8333740234375], [509.36778259277344, 725.0383911132812], [395.27455139160156, 723.4852294921875]]",425394176,410927104,425394176,640,yolo26s_int8_640_ncnn_model,MOT17-09
122,180.13868200000616,0.0,4,"[1, 5, 36, 40]","[[1184.9012451171875, 285.864501953125, 1453.5595703125, 933.2179565429688], [1475.166259765625, 152.9354248046875, 1739.3458251953125, 931.5433349609375], [454.3556823730469, 407.9180908203125, 562.5933227539062, 725.8704223632812], [348.98907470703125, 453.99029541015625, 440.26922607421875, 726.1395874023438]]","[0.9150390625, 0.890625, 0.8251953125, 0.640625]","[[1319.2304077148438, 933.2179565429688], [1607.2560424804688, 931.5433349609375], [508.47450256347656, 725.8704223632812], [394.629150390625, 726.1395874023438]]",425394176,410927104,425394176,640,yolo26s_int8_640_ncnn_model,MOT17-09
123,165.14601999983824,0.0,4,"[1, 5, 36, 40]","[[1161.815185546875, 278.5643310546875, 1436.8485107421875, 937.4563598632812], [1469.3785400390625, 144.457763671875, 1735.18994140625, 933.946044921875], [452.8589172363281, 409.3807373046875, 559.5391235351562, 724.440185546875], [345.9587097167969, 454.7952575683594, 437.3628845214844, 726.8704833984375]]","[0.89990234375, 0.88525390625, 0.8173828125, 0.6494140625]","[[1299.3318481445312, 937.4563598632812], [1602.2842407226562, 933.946044921875], [506.1990203857422, 724.440185546875], [391.6607971191406, 726.8704833984375]]",425394176,410927104,425394176,640,yolo26s_int8_640_ncnn_model,MOT17-09
124,166.00141100002475,0.0,4,"[1, 5, 36, 40]","[[1147.8857421875, 273.6341857910156, 1427.3597412109375, 939.212646484375], [1462.98388671875, 145.03912353515625, 1728.3140869140625, 938.9437866210938], [452.4043273925781, 411.9580383300781, 557.3464965820312, 723.8697509765625], [343.157958984375, 452.13934326171875, 435.9169006347656, 727.111083984375]]","[0.90234375, 0.888671875, 0.82470703125, 0.6884765625]","[[1287.6227416992188, 939.212646484375], [1595.6489868164062, 938.9437866210938], [504.8754119873047, 723.8697509765625], [389.5374298095703, 727.111083984375]]",425394176,410927104,425394176,640,yolo26s_int8_640_ncnn_model,MOT17-09
125,165.35763199999565,0.0,5,"[1, 5, 36, 40, 62]","[[1138.3411865234375, 275.36383056640625, 1417.8121337890625, 933.2799682617188], [1459.347412109375, 147.93142700195312, 1721.303955078125, 931.4951171875], [452.3853454589844, 412.210205078125, 556.4522705078125, 723.3911743164062], [343.4125061035156, 452.8598327636719, 436.0380859375, 728.401123046875], [420.4707336425781, 409.6499938964844, 559.479248046875, 723.75]]","[0.8896484375, 0.88720703125, 0.810546875, 0.64306640625, 0.5810546875]","[[1278.07666015625, 933.2799682617188], [1590.32568359375, 931.4951171875], [504.41880798339844, 723.3911743164062], [389.7252960205078, 728.401123046875], [489.97499084472656, 723.75]]",425394176,410927104,425394176,640,yolo26s_int8_640_ncnn_model,MOT17-09
126,164.80809399990903,0.0,5,"[1, 5, 36, 40, 64]","[[1123.8917236328125, 273.1661071777344, 1405.972900390625, 931.849853515625], [1454.236572265625, 154.44834899902344, 1714.825439453125, 934.2006225585938], [451.5377197265625, 411.0760192871094, 556.5411987304688, 727.4174194335938], [343.6007995605469, 449.69171142578125, 437.005615234375, 726.3928833007812], [120.38054656982422, 495.07501220703125, 194.7694549560547, 743.3250122070312]]","[0.8798828125, 0.89501953125, 0.8095703125, 0.63623046875, 0.343505859375]","[[1264.9323120117188, 931.849853515625], [1584.531005859375, 934.2006225585938], [504.0394592285156, 727.4174194335938], [390.30320739746094, 726.3928833007812], [157.57500076293945, 743.3250122070312]]",425394176,410927104,425394176,640,yolo26s_int8_640_ncnn_model,MOT17-09
127,164.90103899991482,0.0,6,"[1, 5, 36, 40, 64, 66]","[[1114.6025390625, 272.15570068359375, 1400.0853271484375, 937.4014892578125], [1449.64208984375, 153.60914611816406, 1711.4366455078125, 936.6524658203125], [451.8197021484375, 408.6899719238281, 557.515869140625, 728.9180297851562], [342.396728515625, 445.04583740234375, 438.6678161621094, 727.0785522460938], [120.53977966308594, 494.7295227050781, 195.21482849121094, 744.1311645507812], [0.2502543032169342, 538.7999877929688, 40.47474670410156, 675.5999755859375]]","[0.86328125, 0.890625, 0.79931640625, 0.69091796875, 0.42236328125, 0.397705078125]","[[1257.3439331054688, 937.4014892578125], [1580.5393676757812, 936.6524658203125], [504.66778564453125, 728.9180297851562], [390.5322723388672, 727.0785522460938], [157.87730407714844, 744.1311645507812], [20.36250050365925, 675.5999755859375]]",425394176,410927104,425394176,640,yolo26s_int8_640_ncnn_model,MOT17-09
128,164.73048300008486,0.0,5,"[1, 5, 36, 40, 64]","[[1117.2945556640625, 269.87152099609375, 1406.072509765625, 945.3394165039062], [1434.3326416015625, 156.3595428466797, 1700.4229736328125, 944.4210205078125], [451.2541809082031, 406.0726623535156, 557.6465454101562, 731.1881103515625], [340.3118896484375, 441.3462829589844, 438.97686767578125, 727.3189086914062], [123.2181625366211, 525.6986694335938, 187.94732666015625, 741.2080688476562]]","[0.857421875, 0.8974609375, 0.814453125, 0.64306640625, 0.3583984375]","[[1261.6835327148438, 945.3394165039062], [1567.3778076171875, 944.4210205078125], [504.4503631591797, 731.1881103515625], [389.6443786621094, 727.3189086914062], [155.58274459838867, 741.2080688476562]]",425394176,410927104,425394176,640,yolo26s_int8_640_ncnn_model,MOT17-09
129,165.45778099998643,0.0,5,"[1, 5, 36, 40, 64]","[[1115.743408203125, 259.1402893066406, 1409.6099853515625, 951.34814453125], [1411.7652587890625, 154.31214904785156, 1685.7822265625, 952.478271484375], [452.438232421875, 405.0968322753906, 557.8239135742188, 730.0637817382812], [336.5558166503906, 436.2882385253906, 439.1234130859375, 732.0440063476562], [124.44245910644531, 536.2177734375, 185.87313842773438, 739.3535766601562]]","[0.85986328125, 0.89501953125, 0.7998046875, 0.71337890625, 0.326171875]","[[1262.6766967773438, 951.34814453125], [1548.7737426757812, 952.478271484375], [505.1310729980469, 730.0637817382812], [387.83961486816406, 732.0440063476562], [155.15779876708984, 739.3535766601562]]",425394176,410927104,425394176,640,yolo26s_int8_640_ncnn_model,MOT17-09
130,164.63294599998335,0.0,5,"[1, 5, 36, 40, 64]","[[1116.564208984375, 261.3228454589844, 1406.1580810546875, 949.2857666015625], [1396.126708984375, 152.63519287109375, 1677.8653564453125, 962.3303833007812], [452.7781066894531, 403.5224304199219, 557.5726318359375, 728.8567504882812], [333.45416259765625, 434.8846740722656, 438.9219055175781, 737.2252197265625], [122.31041717529297, 533.7354736328125, 186.10389709472656, 743.7838745117188]]","[0.857421875, 0.9013671875, 0.80615234375, 0.73046875, 0.3994140625]","[[1261.3611450195312, 949.2857666015625], [1536.9960327148438, 962.3303833007812], [505.1753692626953, 728.8567504882812], [386.1880340576172, 737.2252197265625], [154.20715713500977, 743.7838745117188]]",425394176,410927104,425394176,640,yolo26s_int8_640_ncnn_model,MOT17-09
131,176.21647500004656,0.0,7,"[1, 5, 36, 40, 64, 3, 62]","[[1111.11962890625, 266.97369384765625, 1397.4364013671875, 950.5604858398438], [1384.0162353515625, 158.93698120117188, 1667.760498046875, 965.0087280273438], [452.7221374511719, 406.1618347167969, 555.7315063476562, 728.1278076171875], [331.16455078125, 434.1555480957031, 439.4717102050781, 742.3595581054688], [123.39900970458984, 530.13134765625, 187.96218872070312, 741.3629150390625], [1343.8560791015625, 364.1393127441406, 1465.663330078125, 697.9765014648438], [413.2427062988281, 401.7490539550781, 556.6649780273438, 726.3344116210938]]","[0.8857421875, 0.89111328125, 0.814453125, 0.74365234375, 0.5380859375, 0.67822265625, 0.5830078125]","[[1254.2780151367188, 950.5604858398438], [1525.8883666992188, 965.0087280273438], [504.22682189941406, 728.1278076171875], [385.31813049316406, 742.3595581054688], [155.68059921264648, 741.3629150390625], [1404.7597045898438, 697.9765014648438], [484.95384216308594, 726.3344116210938]]",425394176,410927104,425394176,640,yolo26s_int8_640_ncnn_model,MOT17-09
132,165.35950299999058,0.0,7,"[1, 5, 36, 40, 64, 3, 62]","[[1105.615478515625, 269.5773620605469, 1390.1600341796875, 953.538330078125], [1376.603759765625, 154.06155395507812, 1664.304931640625, 967.364990234375], [452.9988708496094, 405.2184143066406, 555.767578125, 728.82275390625], [330.55340576171875, 431.9843444824219, 439.9324035644531, 742.3496704101562], [122.27635192871094, 531.9284057617188, 187.81048583984375, 745.5162963867188], [1344.9666748046875, 365.05523681640625, 1462.6180419921875, 696.7742309570312], [414.1820983886719, 399.9890441894531, 558.873046875, 728.8582153320312]]","[0.88330078125, 0.89208984375, 0.79248046875, 0.759765625, 0.48291015625, 0.6396484375, 0.564453125]","[[1247.8877563476562, 953.538330078125], [1520.454345703125, 967.364990234375], [504.3832244873047, 728.82275390625], [385.24290466308594, 742.3496704101562], [155.04341888427734, 745.5162963867188], [1403.7923583984375, 696.7742309570312], [486.52757263183594, 728.8582153320312]]",425394176,410927104,425394176,640,yolo26s_int8_640_ncnn_model,MOT17-09
133,165.475909999941,0.0,7,"[1, 5, 36, 40, 64, 62, 69]","[[1097.61279296875, 272.21466064453125, 1383.9373779296875, 961.852783203125], [1374.4945068359375, 157.67227172851562, 1661.84814453125, 970.595703125], [452.8316650390625, 404.14141845703125, 555.10107421875, 727.8369140625], [330.05841064453125, 430.4688720703125, 440.4111328125, 743.0098876953125], [122.78067779541016, 524.5900268554688, 189.9842071533203, 742.3280029296875], [414.51531982421875, 403.4560241699219, 557.5609130859375, 727.667236328125], [1693.9317626953125, 476.4750061035156, 1738.668212890625, 583.125]]","[0.853515625, 0.90478515625, 0.79833984375, 0.7666015625, 0.30517578125, 0.57275390625, 0.337158203125]","[[1240.7750854492188, 961.852783203125], [1518.1713256835938, 970.595703125], [503.96636962890625, 727.8369140625], [385.2347717285156, 743.0098876953125], [156.38244247436523, 742.3280029296875], [486.0381164550781, 727.667236328125], [1716.2999877929688, 583.125]]",425394176,410927104,425394176,640,yolo26s_int8_640_ncnn_model,MOT17-09
134,165.19103900009213,0.0,7,"[1, 5, 36, 40, 64, 62, 69]","[[1091.314208984375, 273.2466735839844, 1380.3870849609375, 974.75146484375], [1371.84912109375, 159.3665008544922, 1659.40576171875, 973.421142578125], [453.10113525390625, 405.2381591796875, 554.552490234375, 727.943115234375], [330.75787353515625, 430.92095947265625, 441.69647216796875, 744.1837768554688], [120.76457977294922, 527.6414184570312, 188.6619110107422, 746.5015258789062], [412.9112548828125, 400.7599182128906, 557.3215942382812, 727.1910400390625], [1693.73583984375, 476.30126953125, 1738.40087890625, 582.83544921875]]","[0.86865234375, 0.90478515625, 0.7890625, 0.77099609375, 0.3740234375, 0.5546875, 0.2744140625]","[[1235.8506469726562, 974.75146484375], [1515.62744140625, 973.421142578125], [503.8268127441406, 727.943115234375], [386.2271728515625, 744.1837768554688], [154.7132453918457, 746.5015258789062], [485.1164245605469, 727.1910400390625], [1716.068359375, 582.83544921875]]",425394176,410927104,425394176,640,yolo26s_int8_640_ncnn_model,MOT17-09
135,166.54074400003083,0.0,7,"[1, 5, 36, 40, 64, 62, 69]","[[1087.39501953125, 268.8814697265625, 1380.02490234375, 984.3204345703125], [1365.4696044921875, 151.91610717773438, 1656.4859619140625, 980.5321655273438], [453.0248107910156, 403.9433288574219, 554.5598754882812, 728.717041015625], [328.5482482910156, 429.1918029785156, 440.7796630859375, 746.5383911132812], [120.77796936035156, 521.3274536132812, 190.96188354492188, 746.2728881835938], [413.57330322265625, 402.5441589355469, 557.5137939453125, 727.2509155273438], [1695.109619140625, 476.8277893066406, 1739.2103271484375, 582.1546630859375]]","[0.8671875, 0.8984375, 0.79150390625, 0.79296875, 0.374267578125, 0.5712890625, 0.266357421875]","[[1233.7099609375, 984.3204345703125], [1510.977783203125, 980.5321655273438], [503.79234313964844, 728.717041015625], [384.66395568847656, 746.5383911132812], [155.86992645263672, 746.2728881835938], [485.5435485839844, 727.2509155273438], [1717.1599731445312, 582.1546630859375]]",425394176,410927104,425394176,640,yolo26s_int8_640_ncnn_model,MOT17-09
136,165.00815100016553,0.0,8,"[1, 5, 36, 40, 64, 62, 69, 72]","[[1075.310791015625, 260.0207824707031, 1369.407958984375, 985.27197265625], [1353.0540771484375, 141.2898712158203, 1648.1552734375, 985.0731201171875], [452.56494140625, 403.96527099609375, 554.0363159179688, 729.4940795898438], [328.53302001953125, 428.089111328125, 441.5803527832031, 747.8753662109375], [123.72740936279297, 522.9221801757812, 193.61343383789062, 744.1766967773438], [415.25225830078125, 401.75030517578125, 559.2052001953125, 726.7586059570312], [1695.795654296875, 477.5631103515625, 1739.2166748046875, 581.3856811523438], [12.275938987731934, 428.0249938964844, 114.84906005859375, 930.9749755859375]]","[0.8828125, 0.896484375, 0.802734375, 0.79150390625, 0.41259765625, 0.55810546875, 0.292236328125, 0.70068359375]","[[1222.359375, 985.27197265625], [1500.6046752929688, 985.0731201171875], [503.3006286621094, 729.4940795898438], [385.0566864013672, 747.8753662109375], [158.6704216003418, 744.1766967773438], [487.2287292480469, 726.7586059570312], [1717.5061645507812, 581.3856811523438], [63.56249952316284, 930.9749755859375]]",425394176,410927104,425394176,640,yolo26s_int8_640_ncnn_model,MOT17-09
137,165.6204290000005,0.0,8,"[1, 5, 36, 40, 64, 62, 69, 72]","[[1062.850830078125, 256.15606689453125, 1355.97265625, 983.0198364257812], [1345.7513427734375, 139.4827880859375, 1640.1419677734375, 982.5237426757812], [450.6152648925781, 402.263916015625, 554.65478515625, 737.4376220703125], [327.5880432128906, 425.26934814453125, 441.8797912597656, 748.8204956054688], [122.88066864013672, 520.9503784179688, 193.58216857910156, 743.8562622070312], [413.3999328613281, 401.4751281738281, 557.8497314453125, 726.5643310546875], [1697.0352783203125, 477.515869140625, 1740.3560791015625, 581.4320678710938], [27.571292877197266, 430.5183410644531, 129.4158477783203, 923.8428955078125]]","[0.87890625, 0.8896484375, 0.78369140625, 0.7763671875, 0.4375, 0.5546875, 0.3193359375, 0.77685546875]","[[1209.4117431640625, 983.0198364257812], [1492.9466552734375, 982.5237426757812], [502.63502502441406, 737.4376220703125], [384.7339172363281, 748.8204956054688], [158.23141860961914, 743.8562622070312], [485.6248321533203, 726.5643310546875], [1718.6956787109375, 581.4320678710938], [78.49357032775879, 923.8428955078125]]",425394176,410927104,425394176,640,yolo26s_int8_640_ncnn_model,MOT17-09
138,164.62326199985,0.0,7,"[1, 5, 36, 40, 62, 69, 72]","[[1048.3431396484375, 246.75782775878906, 1347.287353515625, 995.8529663085938], [1335.0406494140625, 135.93971252441406, 1631.7379150390625, 984.3334350585938], [450.8186340332031, 402.12701416015625, 553.9738159179688, 734.0538330078125], [325.5252685546875, 423.505126953125, 440.2965087890625, 747.906005859375], [410.47393798828125, 400.14874267578125, 556.0936279296875, 726.7334594726562], [1696.0936279296875, 476.9539794921875, 1739.9327392578125, 581.999755859375], [31.423322677612305, 326.42340087890625, 155.6488800048828, 920.1578369140625]]","[0.873046875, 0.9072265625, 0.7744140625, 0.75439453125, 0.546875, 0.334716796875, 0.78515625]","[[1197.8152465820312, 995.8529663085938], [1483.3892822265625, 984.3334350585938], [502.39622497558594, 734.0538330078125], [382.910888671875, 747.906005859375], [483.2837829589844, 726.7334594726562], [1718.01318359375, 581.999755859375], [93.53610134124756, 920.1578369140625]]",425394176,410927104,425394176,640,yolo26s_int8_640_ncnn_model,MOT17-09
139,202.28314800010594,0.0,6,"[1, 5, 36, 40, 69, 72]","[[1032.515625, 236.20541381835938, 1335.278076171875, 995.989501953125], [1325.07275390625, 128.53811645507812, 1627.0693359375, 993.0189819335938], [451.2568664550781, 402.8441467285156, 554.3803100585938, 733.9216918945312], [324.6423034667969, 423.1311950683594, 440.29632568359375, 751.1777954101562], [1695.91748046875, 477.2670593261719, 1739.5855712890625, 581.693115234375], [35.600364685058594, 298.9386901855469, 166.96238708496094, 914.0104370117188]]","[0.87451171875, 0.90234375, 0.767578125, 0.77001953125, 0.3974609375, 0.72509765625]","[[1183.8968505859375, 995.989501953125], [1476.071044921875, 993.0189819335938], [502.81858825683594, 733.9216918945312], [382.4693145751953, 751.1777954101562], [1717.7515258789062, 581.693115234375], [101.28137588500977, 914.0104370117188]]",425394176,410927104,425394176,640,yolo26s_int8_640_ncnn_model,MOT17-09
140,171.25119399997857,0.0,7,"[1, 5, 36, 40, 69, 72, 62]","[[1018.678466796875, 237.4559326171875, 1321.344970703125, 994.5256958007812], [1312.8487548828125, 122.87716674804688, 1617.56591796875, 996.2193603515625], [450.5671691894531, 404.6180725097656, 553.440185546875, 733.3525390625], [322.89398193359375, 421.81640625, 439.7833251953125, 753.60546875], [1695.612060546875, 476.8619689941406, 1739.6712646484375, 582.1046142578125], [35.15122604370117, 286.26495361328125, 171.8331298828125, 911.9526977539062], [406.1606140136719, 401.4051513671875, 555.9740600585938, 736.6934204101562]]","[0.89599609375, 0.89990234375, 0.78564453125, 0.76806640625, 0.411865234375, 0.7744140625, 0.55908203125]","[[1170.01171875, 994.5256958007812], [1465.2073364257812, 996.2193603515625], [502.00367736816406, 733.3525390625], [381.3386535644531, 753.60546875], [1717.6416625976562, 582.1046142578125], [103.49217796325684, 911.9526977539062], [481.0673370361328, 736.6934204101562]]",425394176,410927104,425394176,640,yolo26s_int8_640_ncnn_model,MOT17-09
141,164.75666899987118,0.0,6,"[1, 5, 36, 40, 69, 72]","[[1004.9678344726562, 237.96115112304688, 1309.289306640625, 990.963134765625], [1296.4293212890625, 123.75492095947266, 1599.724853515625, 994.3759765625], [449.3731994628906, 402.57769775390625, 553.0518798828125, 732.8662719726562], [321.63232421875, 420.139892578125, 438.5015869140625, 750.8126831054688], [1694.7020263671875, 476.203125, 1738.45458984375, 580.7366333007812], [32.971458435058594, 276.2989196777344, 175.0101318359375, 911.5332641601562]]","[0.888671875, 0.89990234375, 0.794921875, 0.7841796875, 0.33642578125, 0.82568359375]","[[1157.1285705566406, 990.963134765625], [1448.0770874023438, 994.3759765625], [501.21253967285156, 732.8662719726562], [380.06695556640625, 750.8126831054688], [1716.5783081054688, 580.7366333007812], [103.99079513549805, 911.5332641601562]]",425394176,410927104,425394176,640,yolo26s_int8_640_ncnn_model,MOT17-09
142,165.08478000014293,0.0,6,"[1, 5, 36, 40, 69, 72]","[[993.1663208007812, 236.1738739013672, 1302.090576171875, 991.56298828125], [1285.376220703125, 126.44347381591797, 1585.432373046875, 986.3839111328125], [448.94232177734375, 404.783935546875, 552.9149780273438, 733.6563720703125], [321.7251892089844, 421.275390625, 437.4761657714844, 746.9684448242188], [1696.0634765625, 476.97161865234375, 1740.3470458984375, 583.2754516601562], [30.553926467895508, 268.6035461425781, 178.71002197265625, 915.9287719726562]]","[0.88671875, 0.89599609375, 0.81396484375, 0.7705078125, 0.326416015625, 0.802734375]","[[1147.6284484863281, 991.56298828125], [1435.404296875, 986.3839111328125], [500.92864990234375, 733.6563720703125], [379.6006774902344, 746.9684448242188], [1718.2052612304688, 583.2754516601562], [104.63197422027588, 915.9287719726562]]",425394176,410927104,425394176,640,yolo26s_int8_640_ncnn_model,MOT17-09
143,165.50687299991296,0.0,6,"[1, 5, 36, 40, 69, 72]","[[975.9321899414062, 230.66859436035156, 1293.0916748046875, 1000.5474853515625], [1277.5927734375, 128.328857421875, 1579.3143310546875, 993.367919921875], [449.01483154296875, 403.9008483886719, 554.6434936523438, 736.6671752929688], [318.2306213378906, 419.0436096191406, 435.7132263183594, 748.1813354492188], [1695.879638671875, 476.2553405761719, 1739.7244873046875, 581.2140502929688], [31.933116912841797, 268.6939392089844, 183.46507263183594, 914.8797607421875]]","[0.90234375, 0.89892578125, 0.7998046875, 0.7734375, 0.346923828125, 0.86181640625]","[[1134.5119323730469, 1000.5474853515625], [1428.4535522460938, 993.367919921875], [501.82916259765625, 736.6671752929688], [376.971923828125, 748.1813354492188], [1717.8020629882812, 581.2140502929688], [107.69909477233887, 914.8797607421875]]",425394176,410927104,425394176,640,yolo26s_int8_640_ncnn_model,MOT17-09
144,164.46757599987905,0.0,6,"[1, 5, 36, 40, 69, 72]","[[966.747314453125, 228.41909790039062, 1289.0040283203125, 1005.0894165039062], [1266.8543701171875, 119.25218963623047, 1577.531005859375, 1011.6981201171875], [447.5168151855469, 405.7912902832031, 554.8710327148438, 742.4655151367188], [315.5392761230469, 418.2445373535156, 434.5084533691406, 749.6010131835938], [1694.6678466796875, 476.2337646484375, 1738.5997314453125, 581.1832275390625], [32.96489334106445, 268.0807800292969, 191.56857299804688, 924.3768920898438]]","[0.890625, 0.9052734375, 0.80810546875, 0.7841796875, 0.3330078125, 0.875]","[[1127.8756713867188, 1005.0894165039062], [1422.1926879882812, 1011.6981201171875], [501.1939239501953, 742.4655151367188], [375.02386474609375, 749.6010131835938], [1716.6337890625, 581.1832275390625], [112.26673316955566, 924.3768920898438]]",425394176,410927104,425394176,640,yolo26s_int8_640_ncnn_model,MOT17-09
145,164.54218700005185,0.0,6,"[1, 5, 36, 40, 69, 72]","[[951.81396484375, 227.90843200683594, 1279.964599609375, 1013.3272705078125], [1258.654541015625, 113.20226287841797, 1574.657958984375, 1024.1446533203125], [447.88433837890625, 406.76141357421875, 556.0084228515625, 744.39501953125], [313.055419921875, 419.9561462402344, 432.6174621582031, 750.1173095703125], [1694.249755859375, 476.2278137207031, 1738.1446533203125, 581.177978515625], [32.50532913208008, 264.56646728515625, 196.58544921875, 922.2685546875]]","[0.888671875, 0.9072265625, 0.79736328125, 0.79833984375, 0.313232421875, 0.84619140625]","[[1115.8892822265625, 1013.3272705078125], [1416.65625, 1024.1446533203125], [501.9463806152344, 744.39501953125], [372.83644104003906, 750.1173095703125], [1716.1972045898438, 581.177978515625], [114.54538917541504, 922.2685546875]]",425394176,410927104,425394176,640,yolo26s_int8_640_ncnn_model,MOT17-09
146,164.54144600015752,0.0,6,"[1, 5, 36, 40, 69, 72]","[[935.6566772460938, 222.1793212890625, 1269.9884033203125, 1019.0479125976562], [1252.435791015625, 115.10802459716797, 1568.4423828125, 1027.582763671875], [449.1458435058594, 403.430908203125, 560.276611328125, 748.7811279296875], [312.5167236328125, 421.1532287597656, 433.29241943359375, 752.7547607421875], [1695.6453857421875, 476.4771423339844, 1740.419921875, 583.9273681640625], [45.28068542480469, 265.26751708984375, 211.60617065429688, 913.3372802734375]]","[0.875, 0.9072265625, 0.8154296875, 0.82958984375, 0.298583984375, 0.8115234375]","[[1102.8225402832031, 1019.0479125976562], [1410.4390869140625, 1027.582763671875], [504.7112274169922, 748.7811279296875], [372.9045715332031, 752.7547607421875], [1718.0326538085938, 583.9273681640625], [128.44342803955078, 913.3372802734375]]",425394176,410927104,425394176,640,yolo26s_int8_640_ncnn_model,MOT17-09
147,164.94746600005783,0.0,7,"[1, 5, 36, 40, 69, 72, 77]","[[924.75634765625, 219.83285522460938, 1265.6910400390625, 1034.0576171875], [1243.9866943359375, 120.3866958618164, 1560.978759765625, 1036.068115234375], [448.5157165527344, 400.21356201171875, 562.0232543945312, 750.3951416015625], [311.0528564453125, 418.9248046875, 434.3902282714844, 756.4375610351562], [1695.8291015625, 476.0776062011719, 1739.6319580078125, 581.4984741210938], [61.14270782470703, 264.2224426269531, 231.66641235351562, 915.01220703125], [1.2857900857925415, 397.125, 107.80171203613281, 798.6749877929688]]","[0.88330078125, 0.91748046875, 0.82470703125, 0.82666015625, 0.319580078125, 0.78369140625, 0.36669921875]","[[1095.2236938476562, 1034.0576171875], [1402.4827270507812, 1036.068115234375], [505.2694854736328, 750.3951416015625], [372.72154235839844, 756.4375610351562], [1717.7305297851562, 581.4984741210938], [146.40456008911133, 915.01220703125], [54.54375106096268, 798.6749877929688]]",425394176,410927104,425394176,640,yolo26s_int8_640_ncnn_model,MOT17-09
148,174.52939999998307,0.0,7,"[1, 5, 36, 40, 69, 72, 77]","[[922.306884765625, 229.01626586914062, 1260.04638671875, 1035.5267333984375], [1235.607177734375, 113.64923095703125, 1556.01025390625, 1040.1112060546875], [449.2279052734375, 398.00750732421875, 564.6690673828125, 749.9742431640625], [309.8627014160156, 419.8213806152344, 433.0506286621094, 757.0639038085938], [1696.3201904296875, 476.4241638183594, 1740.89306640625, 584.051513671875], [94.34815216064453, 267.3109130859375, 271.421630859375, 918.66064453125], [4.238341808319092, 395.9677429199219, 118.47602844238281, 826.2180786132812]]","[0.892578125, 0.9208984375, 0.8203125, 0.8154296875, 0.30224609375, 0.81982421875, 0.60009765625]","[[1091.1766357421875, 1035.5267333984375], [1395.8087158203125, 1040.1112060546875], [506.948486328125, 749.9742431640625], [371.4566650390625, 757.0639038085938], [1718.6066284179688, 584.051513671875], [182.88489151000977, 918.66064453125], [61.35718512535095, 826.2180786132812]]",425394176,410927104,425394176,640,yolo26s_int8_640_ncnn_model,MOT17-09
149,169.0080430000762,0.0,7,"[1, 5, 36, 40, 69, 72, 77]","[[915.4304809570312, 232.71463012695312, 1253.825927734375, 1043.7398681640625], [1229.0323486328125, 118.98390197753906, 1548.244873046875, 1044.4141845703125], [450.4023742675781, 397.9189453125, 565.7518310546875, 746.0661010742188], [308.5065612792969, 416.257568359375, 432.5214538574219, 756.2679443359375], [1695.9749755859375, 475.56695556640625, 1739.90673828125, 582.0360107421875], [123.65604400634766, 270.8709716796875, 309.3609313964844, 918.2510986328125], [7.76735782623291, 399.23211669921875, 125.18443298339844, 839.7598876953125]]","[0.88134765625, 0.91650390625, 0.822265625, 0.810546875, 0.339599609375, 0.86474609375, 0.402587890625]","[[1084.6282043457031, 1043.7398681640625], [1388.6386108398438, 1044.4141845703125], [508.0771026611328, 746.0661010742188], [370.5140075683594, 756.2679443359375], [1717.9408569335938, 582.0360107421875], [216.50848770141602, 918.2510986328125], [66.47589540481567, 839.7598876953125]]",425394176,410927104,425394176,640,yolo26s_int8_640_ncnn_model,MOT17-09
150,164.8450770001091,0.0,7,"[1, 5, 36, 40, 69, 72, 77]","[[902.9863891601562, 224.58824157714844, 1248.169677734375, 1054.2978515625], [1222.7435302734375, 118.16761779785156, 1542.767333984375, 1045.8629150390625], [450.5389404296875, 397.17340087890625, 566.45166015625, 744.2625122070312], [306.707275390625, 414.68603515625, 431.2106628417969, 756.1730346679688], [1695.968017578125, 475.985107421875, 1739.386962890625, 581.5028076171875], [141.0474853515625, 276.78973388671875, 338.7734069824219, 920.968017578125], [7.397127151489258, 400.4003601074219, 139.71018981933594, 896.107421875]]","[0.89453125, 0.90869140625, 0.8388671875, 0.8115234375, 0.322998046875, 0.86767578125, 0.6435546875]","[[1075.5780334472656, 1054.2978515625], [1382.7554321289062, 1045.8629150390625], [508.49530029296875, 744.2625122070312], [368.95896911621094, 756.1730346679688], [1717.677490234375, 581.5028076171875], [239.9104461669922, 920.968017578125], [73.5536584854126, 896.107421875]]",425394176,410927104,425394176,640,yolo26s_int8_640_ncnn_model,MOT17-09
151,165.31233599994266,0.0,7,"[1, 5, 36, 40, 69, 72, 77]","[[887.6265869140625, 213.73443603515625, 1237.679931640625, 1058.146240234375], [1211.3997802734375, 112.9881362915039, 1535.4375, 1053.12353515625], [450.4709777832031, 395.18560791015625, 567.7941284179688, 745.2826538085938], [301.8961181640625, 410.9239196777344, 428.01336669921875, 755.363037109375], [1696.615234375, 476.3949279785156, 1740.5277099609375, 584.0435791015625], [155.4579315185547, 282.6342468261719, 365.5647277832031, 914.8403930664062], [29.961490631103516, 398.7691650390625, 169.28143310546875, 909.105224609375]]","[0.91259765625, 0.91015625, 0.822265625, 0.7783203125, 0.25634765625, 0.83203125, 0.5576171875]","[[1062.6532592773438, 1058.146240234375], [1373.4186401367188, 1053.12353515625], [509.13255310058594, 745.2826538085938], [364.9547424316406, 755.363037109375], [1718.5714721679688, 584.0435791015625], [260.5113296508789, 914.8403930664062], [99.62146186828613, 909.105224609375]]",425394176,410927104,425394176,640,yolo26s_int8_640_ncnn_model,MOT17-09
152,165.24035500015088,0.0,6,"[1, 5, 36, 40, 72, 77]","[[873.6356201171875, 205.4718017578125, 1228.6903076171875, 1060.6436767578125], [1202.006103515625, 104.69709014892578, 1528.445068359375, 1056.21337890625], [450.9979553222656, 393.4744567871094, 569.6897583007812, 746.6318359375], [304.4814758300781, 408.54931640625, 429.0939025878906, 749.1271362304688], [163.43118286132812, 289.0703430175781, 383.91400146484375, 907.6621704101562], [39.342830657958984, 379.924560546875, 188.71865844726562, 916.5536499023438]]","[0.919921875, 0.90380859375, 0.82666015625, 0.79638671875, 0.8271484375, 0.50390625]","[[1051.1629638671875, 1060.6436767578125], [1365.2255859375, 1056.21337890625], [510.34385681152344, 746.6318359375], [366.7876892089844, 749.1271362304688], [273.67259216308594, 907.6621704101562], [114.0307445526123, 916.5536499023438]]",425394176,410927104,425394176,640,yolo26s_int8_640_ncnn_model,MOT17-09
153,164.8202249998576,0.0,8,"[1, 5, 36, 40, 72, 77, 82, 69]","[[855.7011108398438, 211.177001953125, 1212.0804443359375, 1063.357177734375], [1189.19482421875, 105.02159118652344, 1515.9451904296875, 1056.729736328125], [451.96490478515625, 394.57562255859375, 570.5958251953125, 747.3670654296875], [313.34027099609375, 410.6690979003906, 438.3433837890625, 758.5966186523438], [160.51097106933594, 285.8735656738281, 397.4145202636719, 910.8884887695312], [68.8194580078125, 392.1883239746094, 217.3778839111328, 927.661865234375], [1501.0826416015625, 409.79998779296875, 1568.8173828125, 683.4000244140625], [1696.9749755859375, 476.89044189453125, 1740.9613037109375, 584.856689453125]]","[0.91845703125, 0.90478515625, 0.8203125, 0.74365234375, 0.873046875, 0.418212890625, 0.47412109375, 0.2890625]","[[1033.8907775878906, 1063.357177734375], [1352.5700073242188, 1056.729736328125], [511.2803649902344, 747.3670654296875], [375.8418273925781, 758.5966186523438], [278.9627456665039, 910.8884887695312], [143.09867095947266, 927.661865234375], [1534.9500122070312, 683.4000244140625], [1718.9681396484375, 584.856689453125]]",425394176,410927104,425394176,640,yolo26s_int8_640_ncnn_model,MOT17-09
154,164.10587199993643,0.0,8,"[1, 5, 36, 40, 72, 77, 82, 69]","[[836.4346923828125, 205.65086364746094, 1196.197509765625, 1059.274658203125], [1182.9625244140625, 100.07765197753906, 1512.102294921875, 1059.9383544921875], [453.5762939453125, 393.0566101074219, 572.6199340820312, 747.6189575195312], [326.05352783203125, 412.4794006347656, 441.7553405761719, 740.5665283203125], [160.465576171875, 287.561279296875, 408.6480712890625, 910.394775390625], [93.61238861083984, 406.38238525390625, 235.25985717773438, 918.7472534179688], [1491.53955078125, 391.6413879394531, 1564.237060546875, 681.6065673828125], [1696.4798583984375, 477.0119934082031, 1739.573974609375, 582.9793090820312]]","[0.91357421875, 0.91357421875, 0.822265625, 0.689453125, 0.90234375, 0.50048828125, 0.55810546875, 0.31982421875]","[[1016.3161010742188, 1059.274658203125], [1347.5324096679688, 1059.9383544921875], [513.0981140136719, 747.6189575195312], [383.90443420410156, 740.5665283203125], [284.55682373046875, 910.394775390625], [164.4361228942871, 918.7472534179688], [1527.8883056640625, 681.6065673828125], [1718.0269165039062, 582.9793090820312]]",425394176,410927104,425394176,640,yolo26s_int8_640_ncnn_model,MOT17-09
155,164.74979899999198,0.0,8,"[1, 5, 36, 40, 72, 77, 82, 69]","[[819.236083984375, 207.81329345703125, 1181.1077880859375, 1060.2498779296875], [1175.1112060546875, 91.64722442626953, 1506.876708984375, 1059.7818603515625], [454.942138671875, 393.7392883300781, 574.5602416992188, 750.400146484375], [340.310302734375, 415.2742614746094, 443.8885192871094, 715.2824096679688], [161.38475036621094, 288.39752197265625, 416.77239990234375, 906.2781372070312], [113.62139129638672, 400.83343505859375, 257.7231140136719, 922.2279663085938], [1486.5067138671875, 386.9864501953125, 1561.9029541015625, 682.347412109375], [1697.307861328125, 476.8016662597656, 1740.069091796875, 582.5565795898438]]","[0.90234375, 0.9072265625, 0.80126953125, 0.580078125, 0.87890625, 0.65478515625, 0.64208984375, 0.27685546875]","[[1000.1719360351562, 1060.2498779296875], [1340.9939575195312, 1059.7818603515625], [514.7511901855469, 750.400146484375], [392.0994110107422, 715.2824096679688], [289.07857513427734, 906.2781372070312], [185.6722526550293, 922.2279663085938], [1524.204833984375, 682.347412109375], [1718.6884765625, 582.5565795898438]]",425394176,410927104,425394176,640,yolo26s_int8_640_ncnn_model,MOT17-09
156,203.4269089999725,0.0,7,"[1, 5, 36, 72, 77, 82, 69]","[[791.6123657226562, 205.53707885742188, 1157.8607177734375, 1061.69970703125], [1167.5198974609375, 81.15855407714844, 1500.23486328125, 1050.2471923828125], [457.5875549316406, 396.489501953125, 576.5668334960938, 749.952392578125], [189.8399658203125, 294.2245788574219, 442.4454040527344, 898.4187622070312], [147.06468200683594, 391.6050109863281, 295.7066650390625, 914.475341796875], [1482.0537109375, 379.4208068847656, 1560.984619140625, 682.6651611328125], [1697.2713623046875, 477.46575927734375, 1740.59033203125, 584.6406860351562]]","[0.89208984375, 0.91845703125, 0.7685546875, 0.76171875, 0.66259765625, 0.63330078125, 0.275634765625]","[[974.7365417480469, 1061.69970703125], [1333.8773803710938, 1050.2471923828125], [517.0771942138672, 749.952392578125], [316.14268493652344, 898.4187622070312], [221.38567352294922, 914.475341796875], [1521.5191650390625, 682.6651611328125], [1718.9308471679688, 584.6406860351562]]",425394176,410927104,425394176,640,yolo26s_int8_640_ncnn_model,MOT17-09
157,166.12344799978018,0.0,6,"[1, 5, 36, 72, 77, 82]","[[772.9468383789062, 202.29139709472656, 1142.31396484375, 1059.6572265625], [1155.769287109375, 67.9148941040039, 1494.3499755859375, 1053.841796875], [464.4744873046875, 403.5101318359375, 581.792236328125, 747.7620239257812], [199.94158935546875, 295.06744384765625, 453.4184265136719, 893.0127563476562], [166.34088134765625, 393.23248291015625, 316.41998291015625, 896.8134155273438], [1481.6175537109375, 378.1802673339844, 1563.0347900390625, 683.8389282226562]]","[0.9052734375, 0.9248046875, 0.79150390625, 0.79150390625, 0.71826171875, 0.65576171875]","[[957.6304016113281, 1059.6572265625], [1325.0596313476562, 1053.841796875], [523.1333618164062, 747.7620239257812], [326.6800079345703, 893.0127563476562], [241.38043212890625, 896.8134155273438], [1522.326171875, 683.8389282226562]]",425394176,410927104,425394176,640,yolo26s_int8_640_ncnn_model,MOT17-09
158,164.4802250000339,0.0,6,"[1, 5, 36, 72, 77, 82]","[[754.1922607421875, 201.6321258544922, 1125.3763427734375, 1059.2410888671875], [1149.3560791015625, 54.70275115966797, 1491.6358642578125, 1046.80615234375], [460.3262023925781, 401.678466796875, 579.436279296875, 748.399169921875], [220.40992736816406, 287.9613952636719, 475.75189208984375, 896.5922241210938], [174.17958068847656, 391.3968200683594, 329.84881591796875, 887.8648071289062], [1487.333984375, 377.05633544921875, 1570.6422119140625, 681.1630249023438]]","[0.89208984375, 0.92822265625, 0.763671875, 0.80322265625, 0.6826171875, 0.74951171875]","[[939.7843017578125, 1059.2410888671875], [1320.4959716796875, 1046.80615234375], [519.8812408447266, 748.399169921875], [348.0809097290039, 896.5922241210938], [252.01419830322266, 887.8648071289062], [1528.9880981445312, 681.1630249023438]]",425394176,410927104,425394176,640,yolo26s_int8_640_ncnn_model,MOT17-09
159,164.6749470000941,0.0,7,"[1, 5, 36, 72, 77, 82, 69]","[[743.31689453125, 198.7555694580078, 1116.8017578125, 1057.740234375], [1139.515869140625, 47.606285095214844, 1485.814208984375, 1044.25439453125], [461.4520568847656, 398.51190185546875, 582.765625, 751.098388671875], [243.7007293701172, 284.7730712890625, 493.2264404296875, 894.6486206054688], [175.83763122558594, 397.48980712890625, 334.984619140625, 890.5260620117188], [1491.8092041015625, 376.1617431640625, 1577.426513671875, 681.96875], [1697.313720703125, 476.8305358886719, 1740.778076171875, 585.3319702148438]]","[0.90234375, 0.919921875, 0.75244140625, 0.79736328125, 0.7578125, 0.77587890625, 0.256103515625]","[[930.059326171875, 1057.740234375], [1312.6650390625, 1044.25439453125], [522.1088409423828, 751.098388671875], [368.46358489990234, 894.6486206054688], [255.41112518310547, 890.5260620117188], [1534.6178588867188, 681.96875], [1719.0458984375, 585.3319702148438]]",425394176,410927104,425394176,640,yolo26s_int8_640_ncnn_model,MOT17-09
160,164.6331319998353,0.0,7,"[1, 5, 36, 72, 77, 82, 69]","[[740.4884643554688, 197.74452209472656, 1114.2720947265625, 1057.077392578125], [1130.81396484375, 47.07400131225586, 1481.23046875, 1051.0882568359375], [465.1789245605469, 398.79083251953125, 586.5598754882812, 752.590576171875], [271.2943420410156, 286.020751953125, 512.18359375, 888.6530151367188], [180.85073852539062, 403.5352783203125, 343.16302490234375, 889.5611572265625], [1495.767333984375, 374.0085754394531, 1583.7125244140625, 681.2650756835938], [1697.69677734375, 475.9405517578125, 1740.39453125, 583.1248779296875]]","[0.89990234375, 0.92333984375, 0.75, 0.7900390625, 0.7744140625, 0.775390625, 0.271728515625]","[[927.3802795410156, 1057.077392578125], [1306.022216796875, 1051.0882568359375], [525.8694000244141, 752.590576171875], [391.7389678955078, 888.6530151367188], [262.0068817138672, 889.5611572265625], [1539.7399291992188, 681.2650756835938], [1719.045654296875, 583.1248779296875]]",425394176,410927104,425394176,640,yolo26s_int8_640_ncnn_model,MOT17-09
161,164.90633600005822,0.0,8,"[1, 5, 36, 72, 77, 82, 69, 62]","[[747.5087890625, 200.16061401367188, 1116.1085205078125, 1056.0054931640625], [1119.55078125, 41.921634674072266, 1474.220703125, 1050.9500732421875], [472.6645812988281, 399.8899841308594, 593.7086791992188, 756.094970703125], [281.2916259765625, 288.4756774902344, 523.503662109375, 886.5848388671875], [188.8939666748047, 405.5545959472656, 355.5122985839844, 885.2217407226562], [1502.2060546875, 373.6365966796875, 1591.10205078125, 676.7378540039062], [1697.6429443359375, 477.1264953613281, 1740.445556640625, 584.8479614257812], [316.8008728027344, 319.9952087402344, 562.6150512695312, 906.4702758789062]]","[0.87353515625, 0.93359375, 0.759765625, 0.78173828125, 0.7939453125, 0.59521484375, 0.261474609375, 0.7470703125]","[[931.8086547851562, 1056.0054931640625], [1296.8857421875, 1050.9500732421875], [533.1866302490234, 756.094970703125], [402.39764404296875, 886.5848388671875], [272.20313262939453, 885.2217407226562], [1546.654052734375, 676.7378540039062], [1719.0442504882812, 584.8479614257812], [439.7079620361328, 906.4702758789062]]",425394176,410927104,425394176,640,yolo26s_int8_640_ncnn_model,MOT17-09
162,164.93937400014147,0.0,8,"[1, 5, 36, 72, 77, 82, 69, 64]","[[751.847412109375, 198.18836975097656, 1116.0880126953125, 1054.5379638671875], [1108.6845703125, 42.854820251464844, 1466.8692626953125, 1055.9970703125], [481.4305419921875, 397.84222412109375, 601.721923828125, 755.9122314453125], [300.7346496582031, 293.96087646484375, 542.7105712890625, 883.40673828125], [196.82269287109375, 397.5108642578125, 369.0486145019531, 879.1627807617188], [1505.0321044921875, 372.6774597167969, 1595.3885498046875, 672.0215454101562], [1697.9754638671875, 476.82330322265625, 1740.10693359375, 583.2587280273438], [116.18257141113281, 530.6367797851562, 188.050537109375, 747.4130249023438]]","[0.87451171875, 0.93505859375, 0.60498046875, 0.748046875, 0.68505859375, 0.59375, 0.2548828125, 0.292724609375]","[[933.9677124023438, 1054.5379638671875], [1287.7769165039062, 1055.9970703125], [541.5762329101562, 755.9122314453125], [421.7226104736328, 883.40673828125], [282.93565368652344, 879.1627807617188], [1550.2103271484375, 672.0215454101562], [1719.0411987304688, 583.2587280273438], [152.1165542602539, 747.4130249023438]]",425394176,410927104,425394176,640,yolo26s_int8_640_ncnn_model,MOT17-09
163,165.65144800006237,0.0,8,"[1, 5, 36, 72, 77, 82, 69, 64]","[[745.1382446289062, 200.47076416015625, 1103.4267578125, 1052.940673828125], [1097.96142578125, 40.69879150390625, 1457.441650390625, 1050.7327880859375], [492.35284423828125, 396.570556640625, 613.287841796875, 760.24169921875], [347.4494323730469, 305.836181640625, 585.7215576171875, 888.5604248046875], [221.11557006835938, 400.4579772949219, 391.8213806152344, 872.8178100585938], [1511.60302734375, 373.22161865234375, 1607.3995361328125, 684.6458129882812], [1698.298828125, 476.4561462402344, 1739.7747802734375, 581.9048461914062], [119.02383422851562, 529.164794921875, 191.13409423828125, 749.0016479492188]]","[0.85546875, 0.9375, 0.6669921875, 0.69140625, 0.6328125, 0.71240234375, 0.2763671875, 0.278076171875]","[[924.2825012207031, 1052.940673828125], [1277.7015380859375, 1050.7327880859375], [552.8203430175781, 760.24169921875], [466.5854949951172, 888.5604248046875], [306.4684753417969, 872.8178100585938], [1559.5012817382812, 684.6458129882812], [1719.0368041992188, 581.9048461914062], [155.07896423339844, 749.0016479492188]]",425394176,410927104,425394176,640,yolo26s_int8_640_ncnn_model,MOT17-09
164,165.1054659998863,0.0,6,"[1, 5, 36, 72, 77, 82]","[[732.2212524414062, 194.7076873779297, 1089.9056396484375, 1055.0157470703125], [1089.392822265625, 37.09752655029297, 1454.004150390625, 1054.5758056640625], [507.4362487792969, 396.0956726074219, 627.6397094726562, 757.9185791015625], [369.9608459472656, 299.90283203125, 612.3549194335938, 887.9415283203125], [241.5861053466797, 393.8096923828125, 408.97552490234375, 861.0372924804688], [1513.6502685546875, 375.2124328613281, 1612.0654296875, 688.56494140625]]","[0.87451171875, 0.93359375, 0.689453125, 0.8388671875, 0.6220703125, 0.6748046875]","[[911.0634460449219, 1055.0157470703125], [1271.698486328125, 1054.5758056640625], [567.5379791259766, 757.9185791015625], [491.1578826904297, 887.9415283203125], [325.2808151245117, 861.0372924804688], [1562.8578491210938, 688.56494140625]]",425394176,410927104,425394176,640,yolo26s_int8_640_ncnn_model,MOT17-09
165,175.04599299991241,0.0,7,"[1, 5, 36, 72, 77, 82, 69]","[[717.031494140625, 187.40492248535156, 1076.0482177734375, 1058.971923828125], [1078.15185546875, 40.06857681274414, 1445.50537109375, 1058.6961669921875], [525.5248413085938, 399.1382751464844, 642.277099609375, 749.8056030273438], [382.0363464355469, 301.7845458984375, 627.6634521484375, 888.6287841796875], [266.75311279296875, 386.8250427246094, 431.1903076171875, 853.1151733398438], [1516.18408203125, 377.0924377441406, 1615.7996826171875, 685.1162109375], [1697.9385986328125, 477.4437255859375, 1740.1298828125, 584.8440551757812]]","[0.88720703125, 0.9326171875, 0.61572265625, 0.85888671875, 0.6728515625, 0.646484375, 0.281494140625]","[[896.5398559570312, 1058.971923828125], [1261.82861328125, 1058.6961669921875], [583.9009704589844, 749.8056030273438], [504.8498992919922, 888.6287841796875], [348.9717102050781, 853.1151733398438], [1565.9918823242188, 685.1162109375], [1719.0342407226562, 584.8440551757812]]",425394176,410927104,425394176,640,yolo26s_int8_640_ncnn_model,MOT17-09
166,164.2116509999596,0.0,7,"[1, 5, 36, 72, 77, 82, 69]","[[704.7557373046875, 186.17465209960938, 1062.2491455078125, 1059.9429931640625], [1059.5723876953125, 38.652671813964844, 1429.552001953125, 1057.9931640625], [546.7565307617188, 398.810791015625, 660.5650634765625, 738.1654052734375], [395.375244140625, 307.4744873046875, 643.4478759765625, 886.9546508789062], [303.8555603027344, 387.24456787109375, 461.9732360839844, 845.1974487304688], [1515.40869140625, 378.15924072265625, 1616.6824951171875, 680.5125122070312], [1696.17529296875, 476.8980712890625, 1737.8489990234375, 583.2661743164062]]","[0.890625, 0.93408203125, 0.326416015625, 0.85400390625, 0.62841796875, 0.66064453125, 0.25244140625]","[[883.50244140625, 1059.9429931640625], [1244.5621948242188, 1057.9931640625], [603.6607971191406, 738.1654052734375], [519.4115600585938, 886.9546508789062], [382.9143981933594, 845.1974487304688], [1566.0455932617188, 680.5125122070312], [1717.0121459960938, 583.2661743164062]]",425394176,410927104,425394176,640,yolo26s_int8_640_ncnn_model,MOT17-09
167,165.32876199994462,0.0,7,"[1, 5, 72, 77, 82, 69, 92]","[[692.4309692382812, 181.85084533691406, 1051.6104736328125, 1063.2203369140625], [1045.772216796875, 38.00029373168945, 1416.0479736328125, 1052.975341796875], [404.9436340332031, 312.4834899902344, 654.7125854492188, 881.5025024414062], [321.5065002441406, 388.7164611816406, 484.95159912109375, 873.1370239257812], [1526.052490234375, 385.1288146972656, 1625.8271484375, 677.2700805664062], [1695.6492919921875, 476.45184326171875, 1736.9127197265625, 581.9436645507812], [1414.51220703125, 489.8999938964844, 1460.687744140625, 672.5999755859375]]","[0.9013671875, 0.92919921875, 0.873046875, 0.669921875, 0.68310546875, 0.31884765625, 0.51513671875]","[[872.0207214355469, 1063.2203369140625], [1230.9100952148438, 1052.975341796875], [529.8281097412109, 881.5025024414062], [403.2290496826172, 873.1370239257812], [1575.9398193359375, 677.2700805664062], [1716.281005859375, 581.9436645507812], [1437.5999755859375, 672.5999755859375]]",425394176,410927104,425394176,640,yolo26s_int8_640_ncnn_model,MOT17-09
168,166.5710049999234,0.0,7,"[1, 5, 72, 77, 82, 69, 92]","[[678.9550170898438, 175.8612060546875, 1037.435302734375, 1057.0322265625], [1030.2506103515625, 23.78041648864746, 1408.0625, 1053.2427978515625], [417.5740661621094, 314.0710144042969, 667.8634033203125, 874.7545166015625], [336.8439636230469, 389.9982604980469, 499.48828125, 876.7391967773438], [1525.5789794921875, 387.54620361328125, 1627.3934326171875, 678.3360595703125], [1696.4666748046875, 476.53594970703125, 1737.5528564453125, 582.1952514648438], [1413.9930419921875, 470.38641357421875, 1464.8585205078125, 671.572998046875]]","[0.90869140625, 0.92919921875, 0.85107421875, 0.80615234375, 0.73876953125, 0.321533203125, 0.442138671875]","[[858.1951599121094, 1057.0322265625], [1219.1565551757812, 1053.2427978515625], [542.7187347412109, 874.7545166015625], [418.16612243652344, 876.7391967773438], [1576.4862060546875, 678.3360595703125], [1717.009765625, 582.1952514648438], [1439.42578125, 671.572998046875]]",425394176,410927104,425394176,640,yolo26s_int8_640_ncnn_model,MOT17-09
169,165.13361400006943,0.0,7,"[1, 5, 72, 77, 82, 69, 92]","[[655.923828125, 164.04917907714844, 1021.14404296875, 1060.2911376953125], [1017.5780029296875, 20.256132125854492, 1399.7158203125, 1053.5660400390625], [424.7026672363281, 308.3382873535156, 675.4205932617188, 871.5708618164062], [350.7195739746094, 390.786376953125, 508.3249816894531, 865.0218505859375], [1529.1802978515625, 388.9391784667969, 1631.9674072265625, 676.2399291992188], [1697.91015625, 476.5705261230469, 1738.6536865234375, 582.2926635742188], [1401.8873291015625, 457.20050048828125, 1458.4405517578125, 678.6397094726562]]","[0.87890625, 0.931640625, 0.81787109375, 0.81982421875, 0.73291015625, 0.3212890625, 0.5439453125]","[[838.533935546875, 1060.2911376953125], [1208.6469116210938, 1053.5660400390625], [550.0616302490234, 871.5708618164062], [429.52227783203125, 865.0218505859375], [1580.5738525390625, 676.2399291992188], [1718.2819213867188, 582.2926635742188], [1430.1639404296875, 678.6397094726562]]",425394176,410927104,425394176,640,yolo26s_int8_640_ncnn_model,MOT17-09
170,166.5676530001292,0.0,7,"[1, 5, 72, 77, 82, 69, 92]","[[629.7472534179688, 156.9874725341797, 999.8198852539062, 1066.158447265625], [1007.4684448242188, 17.103750228881836, 1391.7166748046875, 1051.6915283203125], [437.2991638183594, 305.1893310546875, 683.0633544921875, 867.483154296875], [367.0478515625, 396.109375, 521.38720703125, 858.4404907226562], [1527.2109375, 389.4584045410156, 1632.704833984375, 677.478759765625], [1696.424560546875, 476.8341369628906, 1737.1402587890625, 582.0838623046875], [1397.9564208984375, 447.9808044433594, 1457.6534423828125, 677.8323974609375]]","[0.890625, 0.93359375, 0.76025390625, 0.70703125, 0.7509765625, 0.28173828125, 0.6025390625]","[[814.7835693359375, 1066.158447265625], [1199.5925598144531, 1051.6915283203125], [560.1812591552734, 867.483154296875], [444.217529296875, 858.4404907226562], [1579.9578857421875, 677.478759765625], [1716.7824096679688, 582.0838623046875], [1427.804931640625, 677.8323974609375]]",425394176,410927104,425394176,640,yolo26s_int8_640_ncnn_model,MOT17-09
171,165.40341099994293,0.0,7,"[1, 5, 72, 77, 82, 69, 92]","[[591.4821166992188, 146.5819854736328, 965.8886108398438, 1059.5439453125], [994.0191650390625, 9.4015531539917, 1385.214111328125, 1054.65576171875], [473.1436462402344, 314.9588928222656, 700.9059448242188, 857.072265625], [395.82159423828125, 399.86572265625, 558.2904052734375, 862.2440185546875], [1531.4178466796875, 391.1405029296875, 1635.7884521484375, 668.4800415039062], [1696.8846435546875, 476.68756103515625, 1737.5340576171875, 582.2552490234375], [1389.9281005859375, 440.0184631347656, 1451.9212646484375, 676.3479614257812]]","[0.89990234375, 0.931640625, 0.62646484375, 0.57080078125, 0.7421875, 0.28759765625, 0.49462890625]","[[778.6853637695312, 1059.5439453125], [1189.6166381835938, 1054.65576171875], [587.0247955322266, 857.072265625], [477.0559997558594, 862.2440185546875], [1583.6031494140625, 668.4800415039062], [1717.2093505859375, 582.2552490234375], [1420.9246826171875, 676.3479614257812]]",425394176,410927104,425394176,640,yolo26s_int8_640_ncnn_model,MOT17-09
172,167.1586899999511,0.0,9,"[1, 5, 72, 77, 82, 69, 92, 95, 40]","[[567.6685180664062, 147.66790771484375, 943.8666381835938, 1058.9161376953125], [984.0184936523438, 3.92228627204895, 1378.4954833984375, 1049.614013671875], [492.5310363769531, 314.4772644042969, 709.8244018554688, 851.3785400390625], [412.3458251953125, 397.7552490234375, 587.2424926757812, 863.1600952148438], [1532.6158447265625, 388.2222900390625, 1639.06982421875, 666.610107421875], [1697.1112060546875, 475.642333984375, 1737.6376953125, 581.3306274414062], [1390.803466796875, 439.53558349609375, 1454.208984375, 676.728515625], [1339.6729736328125, 543.2999877929688, 1382.5269775390625, 681.2999877929688], [336.3009033203125, 410.7045593261719, 457.71136474609375, 771.546142578125]]","[0.9013671875, 0.93505859375, 0.4580078125, 0.82470703125, 0.79443359375, 0.28759765625, 0.5400390625, 0.62890625, 0.459716796875]","[[755.767578125, 1058.9161376953125], [1181.2569885253906, 1049.614013671875], [601.1777191162109, 851.3785400390625], [499.7941589355469, 863.1600952148438], [1585.8428344726562, 666.610107421875], [1717.3744506835938, 581.3306274414062], [1422.5062255859375, 676.728515625], [1361.0999755859375, 681.2999877929688], [397.0061340332031, 771.546142578125]]",425394176,410927104,425394176,640,yolo26s_int8_640_ncnn_model,MOT17-09
173,188.73365500007822,0.0,9,"[1, 5, 72, 77, 82, 69, 92, 95, 40]","[[551.2999267578125, 140.8708038330078, 930.6470336914062, 1058.158935546875], [969.5575561523438, 0.0, 1367.61279296875, 1047.17138671875], [499.2778015136719, 307.60626220703125, 710.2478637695312, 857.0885620117188], [407.660400390625, 417.77447509765625, 576.8547973632812, 856.5593872070312], [1535.892822265625, 385.6546630859375, 1643.245849609375, 663.4725341796875], [1697.24365234375, 476.24090576171875, 1737.6357421875, 581.974609375], [1388.3157958984375, 443.6192932128906, 1452.2440185546875, 676.0763549804688], [1341.0068359375, 546.8262939453125, 1382.58056640625, 679.6235961914062], [344.23748779296875, 406.8546142578125, 467.6106262207031, 780.0090942382812]]","[0.8935546875, 0.93115234375, 0.56201171875, 0.82373046875, 0.74365234375, 0.251708984375, 0.51416015625, 0.6337890625, 0.701171875]","[[740.9734802246094, 1058.158935546875], [1168.5851745605469, 1047.17138671875], [604.7628326416016, 857.0885620117188], [492.2575988769531, 856.5593872070312], [1589.5693359375, 663.4725341796875], [1717.439697265625, 581.974609375], [1420.2799072265625, 676.0763549804688], [1361.793701171875, 679.6235961914062], [405.92405700683594, 780.0090942382812]]",425394176,410927104,425394176,640,yolo26s_int8_640_ncnn_model,MOT17-09
174,169.25297000011597,0.0,7,"[1, 5, 77, 82, 92, 95, 40]","[[536.0928344726562, 138.1973419189453, 914.129150390625, 1050.228759765625], [956.2239379882812, 0.0, 1361.197509765625, 1056.854248046875], [413.5005187988281, 405.3531494140625, 586.2221069335938, 850.7124633789062], [1539.2867431640625, 385.94610595703125, 1646.40478515625, 662.1087036132812], [1382.752197265625, 436.7829895019531, 1451.3536376953125, 679.5685424804688], [1342.3697509765625, 547.6991577148438, 1384.0589599609375, 679.3646850585938], [349.31622314453125, 406.5985107421875, 472.1907653808594, 781.9686889648438]]","[0.89501953125, 0.92578125, 0.76611328125, 0.701171875, 0.54052734375, 0.673828125, 0.7509765625]","[[725.1109924316406, 1050.228759765625], [1158.7107238769531, 1056.854248046875], [499.86131286621094, 850.7124633789062], [1592.8457641601562, 662.1087036132812], [1417.0529174804688, 679.5685424804688], [1363.21435546875, 679.3646850585938], [410.7534942626953, 781.9686889648438]]",425394176,410927104,425394176,640,yolo26s_int8_640_ncnn_model,MOT17-09
175,165.11620699998275,0.0,8,"[1, 5, 77, 82, 92, 95, 40, 69]","[[519.7852783203125, 127.7183609008789, 902.836181640625, 1052.8731689453125], [948.3365478515625, 0.0, 1354.4232177734375, 1055.600341796875], [426.454833984375, 392.6722106933594, 599.9539794921875, 845.9083251953125], [1544.2342529296875, 385.5675964355469, 1651.6669921875, 664.166015625], [1385.869384765625, 433.669189453125, 1456.767578125, 680.5963134765625], [1342.6064453125, 548.1537475585938, 1384.623779296875, 679.0452270507812], [355.2122802734375, 405.8004455566406, 478.2640380859375, 782.35595703125], [1697.247314453125, 475.63580322265625, 1737.6915283203125, 581.9706420898438]]","[0.89111328125, 0.9208984375, 0.61474609375, 0.62451171875, 0.50830078125, 0.708984375, 0.7724609375, 0.250244140625]","[[711.3107299804688, 1052.8731689453125], [1151.3798828125, 1055.600341796875], [513.2044067382812, 845.9083251953125], [1597.9506225585938, 664.166015625], [1421.3184814453125, 680.5963134765625], [1363.6151123046875, 679.0452270507812], [416.7381591796875, 782.35595703125], [1717.4694213867188, 581.9706420898438]]",425394176,410927104,425394176,640,yolo26s_int8_640_ncnn_model,MOT17-09
176,165.2025229998344,0.0,8,"[1, 5, 77, 82, 92, 95, 40, 69]","[[507.7118835449219, 127.84278106689453, 893.2470092773438, 1063.7069091796875], [932.3826904296875, 0.0, 1337.9312744140625, 1051.3861083984375], [447.707763671875, 395.8199768066406, 611.4046630859375, 838.2153930664062], [1548.708740234375, 385.9322509765625, 1654.753662109375, 661.5046997070312], [1391.37109375, 432.4932556152344, 1464.6591796875, 681.199462890625], [1344.2861328125, 549.3302001953125, 1387.5126953125, 682.26318359375], [362.003173828125, 405.7615966796875, 490.6243591308594, 802.6179809570312], [1696.300048828125, 475.5087890625, 1736.6383056640625, 581.97509765625]]","[0.89599609375, 0.9150390625, 0.529296875, 0.6572265625, 0.52587890625, 0.71728515625, 0.767578125, 0.344482421875]","[[700.4794464111328, 1063.7069091796875], [1135.156982421875, 1051.3861083984375], [529.5562133789062, 838.2153930664062], [1601.731201171875, 661.5046997070312], [1428.01513671875, 681.199462890625], [1365.8994140625, 682.26318359375], [426.3137664794922, 802.6179809570312], [1716.4691772460938, 581.97509765625]]",425394176,410927104,425394176,640,yolo26s_int8_640_ncnn_model,MOT17-09
177,164.93739199995616,0.0,7,"[1, 5, 82, 92, 95, 40, 69]","[[495.3727722167969, 122.91246795654297, 880.3001098632812, 1061.21728515625], [915.04541015625, 0.0, 1318.98193359375, 1048.528076171875], [1553.856689453125, 384.58258056640625, 1660.17041015625, 660.0513916015625], [1392.3995361328125, 448.9945983886719, 1461.1185302734375, 677.4610595703125], [1346.1824951171875, 550.4751586914062, 1390.2645263671875, 683.621826171875], [365.8971252441406, 406.71856689453125, 496.7872009277344, 811.1859741210938], [1696.0107421875, 475.9617919921875, 1736.21728515625, 581.481201171875]]","[0.89111328125, 0.92236328125, 0.69873046875, 0.45458984375, 0.6630859375, 0.77685546875, 0.3349609375]","[[687.8364410400391, 1061.21728515625], [1117.013671875, 1048.528076171875], [1607.0135498046875, 660.0513916015625], [1426.759033203125, 677.4610595703125], [1368.2235107421875, 683.621826171875], [431.3421630859375, 811.1859741210938], [1716.114013671875, 581.481201171875]]",425394176,410927104,425394176,640,yolo26s_int8_640_ncnn_model,MOT17-09
178,164.97911399983423,0.0,9,"[1, 5, 82, 92, 95, 40, 69, 99, 100]","[[479.3141784667969, 117.50495147705078, 865.233154296875, 1056.0413818359375], [901.3605346679688, 0.0, 1300.93896484375, 1041.505126953125], [1560.024658203125, 384.58587646484375, 1667.6529541015625, 661.0538330078125], [1393.842529296875, 456.9327392578125, 1460.8355712890625, 677.952880859375], [1347.161865234375, 550.5682373046875, 1391.8712158203125, 683.301025390625], [368.60858154296875, 407.1239929199219, 499.7877197265625, 814.3905029296875], [1697.9849853515625, 476.3846435546875, 1737.96337890625, 582.0430297851562], [0.0, 525.375, 98.18972778320312, 1007.0250244140625], [0.0, 528.375, 94.87989807128906, 654.2249755859375]]","[0.90625, 0.927734375, 0.732421875, 0.48583984375, 0.66943359375, 0.79736328125, 0.350830078125, 0.398681640625, 0.4599609375]","[[672.2736663818359, 1056.0413818359375], [1101.1497497558594, 1041.505126953125], [1613.8388061523438, 661.0538330078125], [1427.3390502929688, 677.952880859375], [1369.5165405273438, 683.301025390625], [434.1981506347656, 814.3905029296875], [1717.9741821289062, 582.0430297851562], [49.09486389160156, 1007.0250244140625], [47.43994903564453, 654.2249755859375]]",425394176,410927104,425394176,640,yolo26s_int8_640_ncnn_model,MOT17-09
179,165.57526300016434,0.0,8,"[1, 5, 82, 92, 95, 40, 69, 64]","[[453.9176940917969, 123.50614166259766, 841.959716796875, 1055.035888671875], [889.9827270507812, 0.0, 1286.3294677734375, 1038.8623046875], [1563.7088623046875, 388.3245849609375, 1672.788818359375, 665.7003173828125], [1393.2884521484375, 458.85894775390625, 1459.8355712890625, 679.1282958984375], [1348.5213623046875, 549.5216674804688, 1394.4078369140625, 684.1854248046875], [374.9765319824219, 402.92669677734375, 504.1862487792969, 808.1569213867188], [1698.800537109375, 476.54437255859375, 1738.548583984375, 582.2560424804688], [128.91639709472656, 514.3426513671875, 205.3199005126953, 745.9552612304688]]","[0.91357421875, 0.93408203125, 0.74072265625, 0.587890625, 0.68359375, 0.7734375, 0.29052734375, 0.38232421875]","[[647.9387054443359, 1055.035888671875], [1088.1560974121094, 1038.8623046875], [1618.2488403320312, 665.7003173828125], [1426.56201171875, 679.1282958984375], [1371.464599609375, 684.1854248046875], [439.5813903808594, 808.1569213867188], [1718.674560546875, 582.2560424804688], [167.11814880371094, 745.9552612304688]]",425394176,410927104,425394176,640,yolo26s_int8_640_ncnn_model,MOT17-09
180,164.69761400003335,0.0,9,"[1, 5, 82, 92, 95, 40, 102, 64, 99]","[[438.0423889160156, 118.5416030883789, 835.1066284179688, 1061.08837890625], [882.0573120117188, 0.0, 1280.4002685546875, 1047.330078125], [1567.9454345703125, 391.4761962890625, 1677.528076171875, 667.7343139648438], [1394.7872314453125, 461.11309814453125, 1460.819091796875, 679.0426025390625], [1348.7117919921875, 548.3504028320312, 1395.5289306640625, 684.2347412109375], [378.0665588378906, 398.87298583984375, 507.0004577636719, 811.916015625], [1425.0948486328125, 434.625, 1487.605224609375, 661.5750122070312], [127.55225372314453, 513.1654052734375, 204.63084411621094, 745.5952758789062], [0.0, 451.7600402832031, 114.96317291259766, 1000.5038452148438]]","[0.9091796875, 0.93359375, 0.72802734375, 0.47705078125, 0.64794921875, 0.72314453125, 0.35400390625, 0.333251953125, 0.470703125]","[[636.5745086669922, 1061.08837890625], [1081.2287902832031, 1047.330078125], [1622.7367553710938, 667.7343139648438], [1427.8031616210938, 679.0426025390625], [1372.120361328125, 684.2347412109375], [442.53350830078125, 811.916015625], [1456.3500366210938, 661.5750122070312], [166.09154891967773, 745.5952758789062], [57.48158645629883, 1000.5038452148438]]",425394176,410927104,425394176,640,yolo26s_int8_640_ncnn_model,MOT17-09
181,165.41305999999167,0.0,9,"[1, 5, 82, 92, 95, 102, 99, 72, 69]","[[428.5202941894531, 124.16874694824219, 830.217041015625, 1058.93115234375], [867.1088256835938, 0.0, 1264.274169921875, 1048.568359375], [1570.3643798828125, 390.6680908203125, 1680.1640625, 665.534912109375], [1394.7998046875, 461.2504577636719, 1460.791015625, 678.7379150390625], [1350.010009765625, 548.6450805664062, 1397.61572265625, 684.4821166992188], [1426.6448974609375, 447.6648864746094, 1486.286865234375, 663.8352661132812], [0.0, 258.2971496582031, 144.6915740966797, 1003.2963256835938], [687.339599609375, 315.88494873046875, 879.0889892578125, 830.022216796875], [1697.79052734375, 476.0298156738281, 1737.8470458984375, 582.9379272460938]]","[0.91357421875, 0.91845703125, 0.76953125, 0.56689453125, 0.63427734375, 0.5, 0.76416015625, 0.650390625, 0.318115234375]","[[629.3686676025391, 1058.93115234375], [1065.6914978027344, 1048.568359375], [1625.2642211914062, 665.534912109375], [1427.79541015625, 678.7379150390625], [1373.8128662109375, 684.4821166992188], [1456.4658813476562, 663.8352661132812], [72.34578704833984, 1003.2963256835938], [783.2142944335938, 830.022216796875], [1717.8187866210938, 582.9379272460938]]",425394176,410927104,425394176,640,yolo26s_int8_640_ncnn_model,MOT17-09
182,183.3755210000163,0.0,10,"[1, 5, 82, 92, 95, 102, 99, 72, 69, 64]","[[415.9222717285156, 119.54014587402344, 827.24560546875, 1059.072265625], [855.54736328125, 0.0, 1253.0577392578125, 1051.514892578125], [1572.2015380859375, 390.0967712402344, 1681.902587890625, 663.9700317382812], [1395.932373046875, 462.0751647949219, 1461.684326171875, 678.8578491210938], [1352.43798828125, 547.9879760742188, 1400.3555908203125, 682.2960815429688], [1432.5682373046875, 452.85211181640625, 1490.02294921875, 661.284423828125], [0.0, 191.5274200439453, 154.82980346679688, 1001.2510375976562], [704.5610961914062, 329.2450866699219, 884.6260986328125, 831.98046875], [1696.6632080078125, 476.1634521484375, 1736.5374755859375, 582.8386840820312], [129.2047119140625, 510.3976135253906, 205.69644165039062, 743.0333862304688]]","[0.91259765625, 0.9140625, 0.73876953125, 0.583984375, 0.66259765625, 0.41357421875, 0.84814453125, 0.74951171875, 0.33740234375, 0.321044921875]","[[621.5839385986328, 1059.072265625], [1054.3025512695312, 1051.514892578125], [1627.0520629882812, 663.9700317382812], [1428.808349609375, 678.8578491210938], [1376.3967895507812, 682.2960815429688], [1461.2955932617188, 661.284423828125], [77.41490173339844, 1001.2510375976562], [794.5935974121094, 831.98046875], [1716.600341796875, 582.8386840820312], [167.45057678222656, 743.0333862304688]]",425394176,410927104,425394176,640,yolo26s_int8_640_ncnn_model,MOT17-09
183,165.231059000007,0.0,10,"[1, 5, 82, 92, 95, 102, 99, 72, 69, 64]","[[401.5174560546875, 113.44684600830078, 822.4769897460938, 1057.6346435546875], [849.0678100585938, 0.0, 1245.87255859375, 1052.62451171875], [1574.7913818359375, 388.8743591308594, 1684.3406982421875, 662.4041137695312], [1398.787841796875, 459.40972900390625, 1465.6087646484375, 679.8877563476562], [1353.8421630859375, 547.4761352539062, 1402.7744140625, 682.7158813476562], [1433.5380859375, 451.9557800292969, 1491.8203125, 663.6738891601562], [0.15955884754657745, 167.6874237060547, 177.11952209472656, 1001.3118286132812], [707.322998046875, 323.6356201171875, 884.4004516601562, 827.1047973632812], [1696.1290283203125, 475.9638671875, 1736.198974609375, 583.0497436523438], [130.18429565429688, 508.89990234375, 206.3347625732422, 742.4425048828125]]","[0.9111328125, 0.91357421875, 0.748046875, 0.56982421875, 0.56494140625, 0.4453125, 0.8388671875, 0.78759765625, 0.2861328125, 0.3671875]","[[611.9972229003906, 1057.6346435546875], [1047.4701843261719, 1052.62451171875], [1629.5660400390625, 662.4041137695312], [1432.1983032226562, 679.8877563476562], [1378.3082885742188, 682.7158813476562], [1462.67919921875, 663.6738891601562], [88.63954047113657, 1001.3118286132812], [795.8617248535156, 827.1047973632812], [1716.1640014648438, 583.0497436523438], [168.25952911376953, 742.4425048828125]]",425394176,410927104,425394176,640,yolo26s_int8_640_ncnn_model,MOT17-09
184,165.61061499987773,0.0,9,"[1, 5, 82, 92, 95, 102, 99, 72, 69]","[[376.6312255859375, 113.71015167236328, 804.607421875, 1054.613525390625], [835.453125, 0.0, 1229.4781494140625, 1047.0924072265625], [1577.797119140625, 391.6387939453125, 1684.9359130859375, 658.6060791015625], [1403.7713623046875, 456.9440002441406, 1471.0791015625, 679.7669067382812], [1354.275390625, 545.5347290039062, 1404.6461181640625, 683.61572265625], [1424.8973388671875, 449.0398254394531, 1485.86962890625, 667.9647216796875], [36.516693115234375, 162.2067108154297, 219.8349609375, 989.5171508789062], [705.18896484375, 339.4841613769531, 876.3842163085938, 827.5357666015625], [1695.77099609375, 474.9011535644531, 1736.23876953125, 582.1375122070312]]","[0.91748046875, 0.9013671875, 0.74755859375, 0.5302734375, 0.54345703125, 0.38525390625, 0.8642578125, 0.79248046875, 0.310791015625]","[[590.6193237304688, 1054.613525390625], [1032.4656372070312, 1047.0924072265625], [1631.3665161132812, 658.6060791015625], [1437.4252319335938, 679.7669067382812], [1379.4607543945312, 683.61572265625], [1455.3834838867188, 667.9647216796875], [128.1758270263672, 989.5171508789062], [790.7865905761719, 827.5357666015625], [1716.0048828125, 582.1375122070312]]",425394176,410927104,425394176,640,yolo26s_int8_640_ncnn_model,MOT17-09
185,166.76485700008925,0.0,10,"[1, 5, 82, 92, 95, 102, 99, 72, 69, 106]","[[348.07403564453125, 107.0075912475586, 785.3272094726562, 1053.4625244140625], [823.8836059570312, 0.0, 1220.6639404296875, 1054.4071044921875], [1580.7095947265625, 390.6714172363281, 1691.084716796875, 665.2293090820312], [1403.1563720703125, 454.0557556152344, 1471.6961669921875, 680.6936645507812], [1355.8516845703125, 546.7825927734375, 1405.8055419921875, 682.9590454101562], [1421.9163818359375, 446.08453369140625, 1484.8314208984375, 669.134521484375], [60.42479705810547, 171.06451416015625, 250.83428955078125, 982.7950439453125], [717.43408203125, 334.0053405761719, 891.0496826171875, 838.2091674804688], [1694.7984619140625, 475.9853515625, 1735.12353515625, 582.2846069335938], [1456.250732421875, 432.8999938964844, 1504.4493408203125, 654.9000244140625]]","[0.9072265625, 0.9091796875, 0.74169921875, 0.55224609375, 0.59130859375, 0.368896484375, 0.8818359375, 0.7607421875, 0.287109375, 0.37255859375]","[[566.7006225585938, 1053.4625244140625], [1022.2737731933594, 1054.4071044921875], [1635.8971557617188, 665.2293090820312], [1437.42626953125, 680.6936645507812], [1380.82861328125, 682.9590454101562], [1453.3739013671875, 669.134521484375], [155.62954330444336, 982.7950439453125], [804.2418823242188, 838.2091674804688], [1714.9609985351562, 582.2846069335938], [1480.3500366210938, 654.9000244140625]]",425394176,410927104,425394176,640,yolo26s_int8_640_ncnn_model,MOT17-09
186,165.16731900014747,0.0,11,"[1, 5, 82, 92, 95, 102, 99, 72, 69, 106, 77]","[[300.1558532714844, 89.77416229248047, 750.5814208984375, 1060.935791015625], [806.3738403320312, 0.0, 1204.6318359375, 1057.40185546875], [1584.0322265625, 388.0925598144531, 1696.8359375, 667.912109375], [1403.2535400390625, 452.25299072265625, 1471.5428466796875, 679.8038330078125], [1357.8863525390625, 548.5151977539062, 1407.6656494140625, 683.4445190429688], [1418.595703125, 443.1278991699219, 1483.66650390625, 671.2884521484375], [62.599021911621094, 181.61761474609375, 258.1409912109375, 974.8700561523438], [728.8934936523438, 329.87933349609375, 900.5943603515625, 850.1398315429688], [1695.3775634765625, 476.4021911621094, 1735.7532958984375, 582.3414306640625], [1463.7642822265625, 432.2003479003906, 1512.3277587890625, 653.0343017578125], [611.7734375, 404.7002868652344, 764.7842407226562, 815.8585815429688]]","[0.8984375, 0.919921875, 0.75, 0.50732421875, 0.54638671875, 0.3583984375, 0.86865234375, 0.69970703125, 0.293212890625, 0.4931640625, 0.8291015625]","[[525.3686370849609, 1060.935791015625], [1005.5028381347656, 1057.40185546875], [1640.43408203125, 667.912109375], [1437.398193359375, 679.8038330078125], [1382.7760009765625, 683.4445190429688], [1451.131103515625, 671.2884521484375], [160.3700065612793, 974.8700561523438], [814.7439270019531, 850.1398315429688], [1715.5654296875, 582.3414306640625], [1488.0460205078125, 653.0343017578125], [688.2788391113281, 815.8585815429688]]",425394176,410927104,425394176,640,yolo26s_int8_640_ncnn_model,MOT17-09
187,165.42765300005158,0.0,10,"[1, 5, 82, 92, 95, 102, 99, 72, 106, 77]","[[259.2235107421875, 78.48503112792969, 716.2579345703125, 1063.7601318359375], [794.8934936523438, 0.0, 1193.402099609375, 1056.781494140625], [1587.8931884765625, 386.1188659667969, 1702.0792236328125, 667.9541625976562], [1403.8009033203125, 449.880615234375, 1472.8870849609375, 680.1863403320312], [1358.7430419921875, 545.6677856445312, 1410.1429443359375, 685.1181640625], [1417.3408203125, 445.5535888671875, 1481.3265380859375, 664.4281005859375], [55.1911735534668, 183.0840301513672, 256.1933898925781, 965.0289916992188], [747.4926147460938, 348.9210205078125, 902.7667236328125, 835.982177734375], [1473.128173828125, 429.9156188964844, 1523.265869140625, 653.3062133789062], [627.15771484375, 405.5008239746094, 778.502685546875, 813.8023681640625]]","[0.84765625, 0.916015625, 0.75439453125, 0.4794921875, 0.4951171875, 0.34716796875, 0.85205078125, 0.5634765625, 0.45263671875, 0.73974609375]","[[487.74072265625, 1063.7601318359375], [994.1477966308594, 1056.781494140625], [1644.9862060546875, 667.9541625976562], [1438.343994140625, 680.1863403320312], [1384.4429931640625, 685.1181640625], [1449.3336791992188, 664.4281005859375], [155.69228172302246, 965.0289916992188], [825.1296691894531, 835.982177734375], [1498.197021484375, 653.3062133789062], [702.8302001953125, 813.8023681640625]]",425394176,410927104,425394176,640,yolo26s_int8_640_ncnn_model,MOT17-09
188,168.32783999984713,0.0,11,"[1, 5, 82, 92, 95, 102, 99, 72, 106, 77, 109]","[[227.14186096191406, 84.85371398925781, 677.1727905273438, 1058.21484375], [783.3675537109375, 0.0, 1179.438720703125, 1050.572509765625], [1591.823974609375, 388.0785827636719, 1703.3182373046875, 661.30859375], [1404.3726806640625, 448.7756042480469, 1473.9708251953125, 681.5510864257812], [1360.7645263671875, 543.8755493164062, 1413.2054443359375, 686.4680786132812], [1416.5135498046875, 443.8883361816406, 1482.9915771484375, 668.4136962890625], [47.91521072387695, 193.3821258544922, 254.52227783203125, 968.0974731445312], [769.8515625, 373.9004211425781, 915.140625, 832.127685546875], [1478.6312255859375, 428.9502868652344, 1530.3388671875, 654.8423461914062], [645.9046020507812, 412.3042907714844, 793.0402221679688, 815.6522827148438], [573.9315795898438, 376.6499938964844, 662.6683959960938, 786.75]]","[0.87841796875, 0.9267578125, 0.74658203125, 0.4853515625, 0.494140625, 0.380615234375, 0.7841796875, 0.476806640625, 0.51611328125, 0.7470703125, 0.60498046875]","[[452.1573257446289, 1058.21484375], [981.4031372070312, 1050.572509765625], [1647.5711059570312, 661.30859375], [1439.1717529296875, 681.5510864257812], [1386.9849853515625, 686.4680786132812], [1449.7525634765625, 668.4136962890625], [151.2187442779541, 968.0974731445312], [842.49609375, 832.127685546875], [1504.4850463867188, 654.8423461914062], [719.472412109375, 815.6522827148438], [618.2999877929688, 786.75]]",425394176,410927104,425394176,640,yolo26s_int8_640_ncnn_model,MOT17-09
189,168.83774800021456,0.0,9,"[1, 5, 82, 92, 95, 99, 106, 77, 109]","[[166.90133666992188, 84.83502197265625, 606.4375, 1050.84912109375], [767.589599609375, 0.0, 1163.7034912109375, 1049.9351806640625], [1594.03955078125, 389.09490966796875, 1704.7139892578125, 658.5005493164062], [1408.1583251953125, 447.66436767578125, 1481.5709228515625, 688.6911010742188], [1363.5560302734375, 546.1327514648438, 1415.188232421875, 686.9732055664062], [28.2607479095459, 192.41943359375, 241.7079315185547, 981.8434448242188], [1486.41943359375, 430.30804443359375, 1539.0377197265625, 653.7472534179688], [668.1402587890625, 406.9879150390625, 811.0235595703125, 812.1251220703125], [574.6365966796875, 387.9806823730469, 661.505615234375, 785.033203125]]","[0.8505859375, 0.91015625, 0.7744140625, 0.548828125, 0.52197265625, 0.5400390625, 0.55078125, 0.53173828125, 0.6708984375]","[[386.66941833496094, 1050.84912109375], [965.6465454101562, 1049.9351806640625], [1649.3767700195312, 658.5005493164062], [1444.8646240234375, 688.6911010742188], [1389.3721313476562, 686.9732055664062], [134.9843397140503, 981.8434448242188], [1512.7285766601562, 653.7472534179688], [739.5819091796875, 812.1251220703125], [618.0711059570312, 785.033203125]]",425394176,410927104,425394176,640,yolo26s_int8_640_ncnn_model,MOT17-09
190,190.93578699994396,0.0,9,"[1, 5, 82, 92, 95, 99, 106, 77, 109]","[[82.7087631225586, 76.56434631347656, 532.4502563476562, 1049.556396484375], [758.732177734375, 0.0, 1154.6683349609375, 1047.9620361328125], [1597.7845458984375, 393.71905517578125, 1708.045654296875, 658.2327880859375], [1410.0460205078125, 446.0625915527344, 1485.9046630859375, 690.6574096679688], [1365.9801025390625, 546.2783813476562, 1417.4251708984375, 686.8992919921875], [1.1883325576782227, 216.6986846923828, 206.9372100830078, 988.9066772460938], [1491.765380859375, 432.96087646484375, 1545.095458984375, 653.3574829101562], [680.6805419921875, 405.49200439453125, 821.1964111328125, 818.3809204101562], [591.4808349609375, 387.7160949707031, 679.9393310546875, 782.6752319335938]]","[0.74755859375, 0.90380859375, 0.7529296875, 0.53759765625, 0.5830078125, 0.72509765625, 0.638671875, 0.5185546875, 0.62646484375]","[[307.5795097351074, 1049.556396484375], [956.7002563476562, 1047.9620361328125], [1652.9151000976562, 658.2327880859375], [1447.975341796875, 690.6574096679688], [1391.70263671875, 686.8992919921875], [104.06277132034302, 988.9066772460938], [1518.430419921875, 653.3574829101562], [750.9384765625, 818.3809204101562], [635.7100830078125, 782.6752319335938]]",425394176,410927104,425394176,640,yolo26s_int8_640_ncnn_model,MOT17-09
191,167.30050599994684,0.0,10,"[1, 5, 82, 92, 95, 99, 106, 77, 109, 40]","[[31.42972183227539, 73.09270477294922, 490.38653564453125, 1055.50537109375], [740.187744140625, 0.0, 1141.6270751953125, 1058.1346435546875], [1602.4517822265625, 396.4402770996094, 1713.7593994140625, 660.170654296875], [1410.55126953125, 442.8060302734375, 1489.674560546875, 694.061767578125], [1368.83984375, 545.3448486328125, 1420.1507568359375, 685.8655395507812], [0.0, 227.21029663085938, 181.19284057617188, 981.5126342773438], [1495.438720703125, 432.0817565917969, 1550.000244140625, 651.9185180664062], [690.985595703125, 403.1917419433594, 828.6752319335938, 821.5098266601562], [599.8506469726562, 391.31658935546875, 689.5172729492188, 780.3131713867188], [464.7754211425781, 397.54302978515625, 596.9122314453125, 829.8623657226562]]","[0.87060546875, 0.9013671875, 0.59375, 0.64892578125, 0.5615234375, 0.53662109375, 0.62255859375, 0.5107421875, 0.666015625, 0.642578125]","[[260.9081287384033, 1055.50537109375], [940.9074096679688, 1058.1346435546875], [1658.1055908203125, 660.170654296875], [1450.1129150390625, 694.061767578125], [1394.4953002929688, 685.8655395507812], [90.59642028808594, 981.5126342773438], [1522.719482421875, 651.9185180664062], [759.8304138183594, 821.5098266601562], [644.6839599609375, 780.3131713867188], [530.8438262939453, 829.8623657226562]]",425394176,410927104,425394176,640,yolo26s_int8_640_ncnn_model,MOT17-09
192,165.40126399991095,0.0,9,"[1, 5, 82, 92, 95, 99, 106, 109, 40]","[[6.862590312957764, 74.38809204101562, 468.3106689453125, 1056.30908203125], [724.1193237304688, 0.0, 1128.8802490234375, 1059.984130859375], [1606.143310546875, 398.4224548339844, 1717.657470703125, 658.9144897460938], [1411.958740234375, 441.8397521972656, 1493.702880859375, 697.029541015625], [1370.780029296875, 538.5607299804688, 1425.1314697265625, 687.93505859375], [0.0, 235.85337829589844, 173.69692993164062, 974.105224609375], [1498.7625732421875, 433.823974609375, 1554.3262939453125, 651.415771484375], [602.5100708007812, 385.4444885253906, 695.7334594726562, 778.8056030273438], [479.219970703125, 400.72662353515625, 604.3453369140625, 811.6134033203125]]","[0.8232421875, 0.91259765625, 0.6572265625, 0.67529296875, 0.53369140625, 0.456787109375, 0.6513671875, 0.705078125, 0.64794921875]","[[237.58662962913513, 1056.30908203125], [926.4997863769531, 1059.984130859375], [1661.900390625, 658.9144897460938], [1452.830810546875, 697.029541015625], [1397.9557495117188, 687.93505859375], [86.84846496582031, 974.105224609375], [1526.54443359375, 651.415771484375], [649.1217651367188, 778.8056030273438], [541.7826538085938, 811.6134033203125]]",425394176,410927104,425394176,640,yolo26s_int8_640_ncnn_model,MOT17-09
193,166.31594900013624,0.0,9,"[1, 5, 82, 92, 95, 99, 106, 109, 40]","[[0.0, 66.4063949584961, 455.845703125, 1059.3330078125], [712.515380859375, 0.0, 1116.6729736328125, 1056.4483642578125], [1612.1224365234375, 403.1350402832031, 1722.22900390625, 656.459716796875], [1411.8369140625, 442.4927673339844, 1495.8248291015625, 701.0486450195312], [1374.0120849609375, 535.080810546875, 1429.2386474609375, 687.7330932617188], [0.0, 240.5635986328125, 169.39601135253906, 961.7606201171875], [1503.14453125, 433.9454345703125, 1560.352783203125, 651.7646484375], [604.3463134765625, 387.6081237792969, 700.5069580078125, 780.4884033203125], [486.5091857910156, 400.7987365722656, 608.37255859375, 808.3777465820312]]","[0.8583984375, 0.921875, 0.61669921875, 0.6630859375, 0.360595703125, 0.40380859375, 0.6982421875, 0.69677734375, 0.58935546875]","[[227.9228515625, 1059.3330078125], [914.5941772460938, 1056.4483642578125], [1667.1757202148438, 656.459716796875], [1453.8308715820312, 701.0486450195312], [1401.6253662109375, 687.7330932617188], [84.69800567626953, 961.7606201171875], [1531.7486572265625, 651.7646484375], [652.4266357421875, 780.4884033203125], [547.4408721923828, 808.3777465820312]]",425394176,410927104,425394176,640,yolo26s_int8_640_ncnn_model,MOT17-09
194,166.04402400002982,0.0,8,"[1, 5, 82, 92, 95, 106, 109, 40]","[[0.0, 59.82487869262695, 440.4884948730469, 1057.2744140625], [687.3302001953125, 0.0, 1092.208740234375, 1055.0732421875], [1620.7069091796875, 404.0921630859375, 1729.358154296875, 655.3157348632812], [1410.3328857421875, 440.3604431152344, 1496.03857421875, 701.0831909179688], [1376.8360595703125, 533.0148315429688, 1433.020751953125, 688.363525390625], [1504.061279296875, 434.23236083984375, 1562.763916015625, 652.6689453125], [599.2070922851562, 380.2460021972656, 697.943359375, 779.8592529296875], [503.43994140625, 399.556884765625, 623.1375122070312, 807.4750366210938]]","[0.86279296875, 0.91650390625, 0.67724609375, 0.7021484375, 0.38037109375, 0.65771484375, 0.708984375, 0.62158203125]","[[220.24424743652344, 1057.2744140625], [889.7694702148438, 1055.0732421875], [1675.0325317382812, 655.3157348632812], [1453.1857299804688, 701.0831909179688], [1404.9284057617188, 688.363525390625], [1533.41259765625, 652.6689453125], [648.5752258300781, 779.8592529296875], [563.2887268066406, 807.4750366210938]]",425394176,410927104,425394176,640,yolo26s_int8_640_ncnn_model,MOT17-09
195,166.2363389998518,0.0,8,"[1, 5, 82, 92, 95, 106, 109, 40]","[[0.0, 60.425804138183594, 428.71923828125, 1065.342529296875], [668.525634765625, 0.0, 1075.42578125, 1054.29052734375], [1621.780517578125, 405.14617919921875, 1729.740966796875, 655.1751708984375], [1409.9000244140625, 441.5354919433594, 1496.8372802734375, 702.9830932617188], [1378.6248779296875, 532.2552490234375, 1435.573974609375, 688.5939331054688], [1502.812255859375, 431.55706787109375, 1563.77587890625, 654.7780151367188], [596.8563232421875, 379.6187438964844, 693.5234985351562, 772.522216796875], [513.7238159179688, 401.81427001953125, 631.6029052734375, 806.4174194335938]]","[0.82568359375, 0.8984375, 0.74267578125, 0.69873046875, 0.5205078125, 0.623046875, 0.66259765625, 0.64111328125]","[[214.359619140625, 1065.342529296875], [871.9757080078125, 1054.29052734375], [1675.7607421875, 655.1751708984375], [1453.36865234375, 702.9830932617188], [1407.0994262695312, 688.5939331054688], [1533.2940673828125, 654.7780151367188], [645.1899108886719, 772.522216796875], [572.6633605957031, 806.4174194335938]]",425394176,410927104,425394176,640,yolo26s_int8_640_ncnn_model,MOT17-09
196,166.19057900015832,0.0,7,"[1, 5, 82, 92, 95, 106, 40]","[[0.0, 63.513980865478516, 413.4389953613281, 1062.740478515625], [635.0276489257812, 2.8010661602020264, 1043.03857421875, 1046.55126953125], [1624.234375, 403.9816589355469, 1731.5103759765625, 652.64794921875], [1411.01806640625, 441.0575866699219, 1498.69775390625, 702.6734619140625], [1381.863037109375, 534.6948852539062, 1439.6982421875, 689.8890991210938], [1504.15478515625, 429.06744384765625, 1564.99609375, 651.0838623046875], [519.8385620117188, 404.6443176269531, 635.8604736328125, 805.0511474609375]]","[0.8251953125, 0.8818359375, 0.748046875, 0.69970703125, 0.61572265625, 0.58935546875, 0.6708984375]","[[206.71949768066406, 1062.740478515625], [839.0331115722656, 1046.55126953125], [1677.8723754882812, 652.64794921875], [1454.85791015625, 702.6734619140625], [1410.7806396484375, 689.8890991210938], [1534.575439453125, 651.0838623046875], [577.8495178222656, 805.0511474609375]]",425394176,410927104,425394176,640,yolo26s_int8_640_ncnn_model,MOT17-09
197,166.26028299992868,0.0,9,"[1, 5, 82, 92, 95, 106, 40, 128, 72]","[[0.0, 61.13946533203125, 402.8144836425781, 1059.4830322265625], [606.1184692382812, 0.9598397612571716, 1023.3707275390625, 1047.603759765625], [1629.0145263671875, 401.2443542480469, 1736.009033203125, 650.9863891601562], [1415.9755859375, 446.8034362792969, 1498.715576171875, 688.7525634765625], [1382.989013671875, 532.484375, 1443.1832275390625, 690.61767578125], [1506.2410888671875, 431.8768005371094, 1567.4732666015625, 651.921142578125], [521.2540893554688, 398.4176025390625, 638.1561889648438, 804.822509765625], [287.7820739746094, 208.6125030517578, 514.117919921875, 950.2874755859375], [934.6201171875, 513.9160766601562, 1036.5020751953125, 806.5567016601562]]","[0.71630859375, 0.9052734375, 0.7431640625, 0.66845703125, 0.60986328125, 0.6083984375, 0.65185546875, 0.814453125, 0.414306640625]","[[201.40724182128906, 1059.4830322265625], [814.7445983886719, 1047.603759765625], [1682.5117797851562, 650.9863891601562], [1457.3455810546875, 688.7525634765625], [1413.0861206054688, 690.61767578125], [1536.857177734375, 651.921142578125], [579.7051391601562, 804.822509765625], [400.9499969482422, 950.2874755859375], [985.5610961914062, 806.5567016601562]]",425394176,410927104,425394176,640,yolo26s_int8_640_ncnn_model,MOT17-09
198,165.38998600003652,0.0,9,"[1, 5, 82, 92, 95, 106, 40, 128, 72]","[[0.0, 53.434059143066406, 392.73907470703125, 1060.2113037109375], [576.5996704101562, 0.2712411880493164, 1003.1651000976562, 1050.00390625], [1630.192626953125, 400.9421691894531, 1736.0174560546875, 649.6559448242188], [1413.553955078125, 443.026611328125, 1500.883544921875, 695.3958129882812], [1386.863037109375, 537.5317993164062, 1446.767822265625, 691.85546875], [1504.11962890625, 423.4383239746094, 1566.9671630859375, 648.7448120117188], [524.9065551757812, 396.09149169921875, 641.8479614257812, 804.7633056640625], [295.6122131347656, 214.82144165039062, 524.4854736328125, 959.4149169921875], [946.9209594726562, 521.0780029296875, 1049.2996826171875, 805.8002319335938]]","[0.60595703125, 0.91748046875, 0.74365234375, 0.67236328125, 0.58837890625, 0.6064453125, 0.62451171875, 0.8525390625, 0.42529296875]","[[196.36953735351562, 1060.2113037109375], [789.8823852539062, 1050.00390625], [1683.1050415039062, 649.6559448242188], [1457.21875, 695.3958129882812], [1416.8154296875, 691.85546875], [1535.5433959960938, 648.7448120117188], [583.3772583007812, 804.7633056640625], [410.04884338378906, 959.4149169921875], [998.1103210449219, 805.8002319335938]]",425394176,410927104,425394176,640,yolo26s_int8_640_ncnn_model,MOT17-09
199,166.9193949999226,0.0,7,"[1, 5, 82, 92, 106, 128, 72]","[[0.0, 52.850154876708984, 341.5309753417969, 1057.2767333984375], [547.0673828125, 0.017932385206222534, 985.0396728515625, 1052.9078369140625], [1628.52685546875, 397.0619201660156, 1735.82666015625, 648.948974609375], [1415.6484375, 444.884521484375, 1502.6060791015625, 691.6083374023438], [1505.32470703125, 424.76629638671875, 1568.531982421875, 649.0578002929688], [298.5775451660156, 223.90982055664062, 529.51220703125, 966.02880859375], [948.7750854492188, 517.25537109375, 1056.0513916015625, 803.1387329101562]]","[0.7119140625, 0.89111328125, 0.74853515625, 0.6474609375, 0.63623046875, 0.8427734375, 0.67822265625]","[[170.76548767089844, 1057.2767333984375], [766.0535278320312, 1052.9078369140625], [1682.1767578125, 648.948974609375], [1459.1272583007812, 691.6083374023438], [1536.9283447265625, 649.0578002929688], [414.0448760986328, 966.02880859375], [1002.4132385253906, 803.1387329101562]]",425394176,410927104,425394176,640,yolo26s_int8_640_ncnn_model,MOT17-09
200,165.87289399990368,0.0,9,"[1, 5, 82, 92, 106, 128, 72, 131, 95]","[[0.0, 52.026390075683594, 316.74285888671875, 1058.8697509765625], [515.220703125, 0.0, 959.6690673828125, 1051.039306640625], [1630.474609375, 397.3410339355469, 1736.9364013671875, 647.9769897460938], [1416.9183349609375, 442.9070129394531, 1506.6806640625, 695.8268432617188], [1506.7120361328125, 427.5578308105469, 1569.9051513671875, 649.947265625], [292.8798828125, 231.0946807861328, 524.847900390625, 967.851806640625], [960.5472412109375, 496.4665832519531, 1081.886962890625, 806.7525634765625], [109.30670928955078, 258.07501220703125, 366.6432800292969, 919.125], [1393.1162109375, 533.272705078125, 1453.2093505859375, 689.6892700195312]]","[0.79931640625, 0.90380859375, 0.70458984375, 0.66650390625, 0.640625, 0.85595703125, 0.6962890625, 0.6865234375, 0.26513671875]","[[158.37142944335938, 1058.8697509765625], [737.4448852539062, 1051.039306640625], [1683.7055053710938, 647.9769897460938], [1461.7994995117188, 695.8268432617188], [1538.30859375, 649.947265625], [408.8638916015625, 967.851806640625], [1021.2171020507812, 806.7525634765625], [237.97499465942383, 919.125], [1423.1627807617188, 689.6892700195312]]",425394176,410927104,425394176,640,yolo26s_int8_640_ncnn_model,MOT17-09
201,165.80813500013392,0.0,9,"[5, 82, 92, 106, 128, 72, 131, 95, 99]","[[477.4226379394531, 0.0, 935.6634521484375, 1051.0714111328125], [1632.15625, 399.68780517578125, 1736.1669921875, 644.4166259765625], [1422.216552734375, 444.6434326171875, 1510.171875, 689.0293579101562], [1513.025146484375, 427.1465148925781, 1578.3353271484375, 655.7783813476562], [290.7225646972656, 237.24896240234375, 522.1112060546875, 963.0119018554688], [962.8013916015625, 386.0970153808594, 1127.3873291015625, 802.77001953125], [131.6746063232422, 260.25421142578125, 389.4800720214844, 924.9921264648438], [1398.47509765625, 532.9094848632812, 1458.14453125, 690.5980224609375], [0.0, 109.87969207763672, 210.42901611328125, 1054.36865234375]]","[0.833984375, 0.7099609375, 0.6767578125, 0.5517578125, 0.82568359375, 0.67822265625, 0.669921875, 0.4384765625, 0.74658203125]","[[706.5430450439453, 1051.0714111328125], [1684.16162109375, 644.4166259765625], [1466.1942138671875, 689.0293579101562], [1545.6802368164062, 655.7783813476562], [406.41688537597656, 963.0119018554688], [1045.0943603515625, 802.77001953125], [260.5773391723633, 924.9921264648438], [1428.309814453125, 690.5980224609375], [105.21450805664062, 1054.36865234375]]",425394176,410927104,425394176,640,yolo26s_int8_640_ncnn_model,MOT17-09
202,166.4548570001898,0.0,9,"[5, 82, 92, 106, 128, 72, 131, 95, 99]","[[442.0898742675781, 0.0, 909.0704345703125, 1047.369140625], [1635.48779296875, 400.82177734375, 1738.951171875, 643.8756103515625], [1424.1807861328125, 443.8484802246094, 1512.4598388671875, 685.8551635742188], [1522.1627197265625, 425.28436279296875, 1586.3079833984375, 650.8248291015625], [287.6398620605469, 240.1101837158203, 519.6659545898438, 962.2255859375], [972.6137084960938, 355.6989440917969, 1151.2059326171875, 801.8759765625], [169.4067840576172, 265.1990661621094, 416.0214538574219, 904.6548461914062], [1401.1080322265625, 527.844970703125, 1461.0731201171875, 687.9603271484375], [0.0, 178.82041931152344, 188.65420532226562, 1052.6395263671875]]","[0.84619140625, 0.75439453125, 0.68896484375, 0.56591796875, 0.81005859375, 0.81982421875, 0.74658203125, 0.404541015625, 0.599609375]","[[675.5801544189453, 1047.369140625], [1687.219482421875, 643.8756103515625], [1468.3203125, 685.8551635742188], [1554.2353515625, 650.8248291015625], [403.6529083251953, 962.2255859375], [1061.9098205566406, 801.8759765625], [292.71411895751953, 904.6548461914062], [1431.090576171875, 687.9603271484375], [94.32710266113281, 1052.6395263671875]]",425394176,410927104,425394176,640,yolo26s_int8_640_ncnn_model,MOT17-09
203,166.20207999994818,0.0,10,"[5, 82, 92, 106, 128, 72, 131, 95, 99, 132]","[[411.5075988769531, 0.0, 889.1544799804688, 1050.442626953125], [1637.9559326171875, 402.9798889160156, 1740.560546875, 642.971435546875], [1426.3033447265625, 444.0662841796875, 1515.77734375, 686.18896484375], [1523.543212890625, 423.5893249511719, 1589.2259521484375, 653.86083984375], [289.0504455566406, 242.67434692382812, 519.4441528320312, 957.9481811523438], [978.4291381835938, 347.317626953125, 1162.9521484375, 800.9623413085938], [197.53086853027344, 255.79879760742188, 435.2001647949219, 875.8838500976562], [1404.8218994140625, 526.9335327148438, 1465.161376953125, 687.9534301757812], [0.0, 221.87110900878906, 155.50096130371094, 954.0440063476562], [848.8291015625, 525.75, 972.1708984375, 790.3499755859375]]","[0.8935546875, 0.76611328125, 0.642578125, 0.62744140625, 0.7744140625, 0.88525390625, 0.796875, 0.441650390625, 0.796875, 0.461669921875]","[[650.3310394287109, 1050.442626953125], [1689.2582397460938, 642.971435546875], [1471.0403442382812, 686.18896484375], [1556.3845825195312, 653.86083984375], [404.24729919433594, 957.9481811523438], [1070.6906433105469, 800.9623413085938], [316.36551666259766, 875.8838500976562], [1434.9916381835938, 687.9534301757812], [77.75048065185547, 954.0440063476562], [910.5, 790.3499755859375]]",425394176,410927104,425394176,640,yolo26s_int8_640_ncnn_model,MOT17-09
204,165.41061599991735,0.0,9,"[5, 82, 92, 106, 72, 131, 95, 99, 132]","[[376.223876953125, 0.0, 863.4833374023438, 1056.5648193359375], [1643.398193359375, 404.2696533203125, 1746.452392578125, 644.1873168945312], [1428.8953857421875, 444.90704345703125, 1519.0604248046875, 686.5803833007812], [1535.597900390625, 425.67724609375, 1600.18603515625, 651.30810546875], [980.6336669921875, 345.66351318359375, 1168.331298828125, 799.6793823242188], [214.09994506835938, 260.9942626953125, 457.0882873535156, 899.6796264648438], [1408.818115234375, 522.1873779296875, 1470.810546875, 688.4554443359375], [0.0, 297.1659240722656, 117.46681213378906, 885.9096069335938], [847.858154296875, 492.0300598144531, 986.7431640625, 790.7467041015625]]","[0.91162109375, 0.72998046875, 0.56201171875, 0.66552734375, 0.86181640625, 0.85986328125, 0.329833984375, 0.6103515625, 0.6005859375]","[[619.8536071777344, 1056.5648193359375], [1694.92529296875, 644.1873168945312], [1473.9779052734375, 686.5803833007812], [1567.8919677734375, 651.30810546875], [1074.4824829101562, 799.6793823242188], [335.5941162109375, 899.6796264648438], [1439.8143310546875, 688.4554443359375], [58.73340606689453, 885.9096069335938], [917.3006591796875, 790.7467041015625]]",425394176,410927104,425394176,640,yolo26s_int8_640_ncnn_model,MOT17-09
205,166.4739500001815,0.0,8,"[5, 82, 92, 106, 72, 131, 95, 132]","[[344.09954833984375, 0.0, 837.677001953125, 1052.44580078125], [1646.524169921875, 405.47479248046875, 1749.3359375, 643.9290161132812], [1431.689208984375, 444.24090576171875, 1524.2933349609375, 690.7225341796875], [1544.170166015625, 427.2621154785156, 1612.072509765625, 652.5563354492188], [980.6654663085938, 348.7821960449219, 1168.1849365234375, 795.1170043945312], [224.1976776123047, 266.1312255859375, 459.7982482910156, 893.8450317382812], [1411.5205078125, 518.7146606445312, 1475.4805908203125, 690.3572387695312], [842.2609252929688, 436.70074462890625, 1005.861328125, 790.8887329101562]]","[0.9013671875, 0.751953125, 0.60791015625, 0.54931640625, 0.82568359375, 0.83544921875, 0.57763671875, 0.73095703125]","[[590.8882751464844, 1052.44580078125], [1697.9300537109375, 643.9290161132812], [1477.9912719726562, 690.7225341796875], [1578.121337890625, 652.5563354492188], [1074.4252014160156, 795.1170043945312], [341.99796295166016, 893.8450317382812], [1443.5005493164062, 690.3572387695312], [924.0611267089844, 790.8887329101562]]",425394176,410927104,425394176,640,yolo26s_int8_640_ncnn_model,MOT17-09
206,166.07394999982716,0.0,8,"[5, 82, 92, 106, 72, 131, 95, 132]","[[305.35845947265625, 0.0, 809.2311401367188, 1055.819580078125], [1649.3101806640625, 405.14935302734375, 1752.564208984375, 646.616455078125], [1437.98046875, 443.9981994628906, 1530.73095703125, 688.3353271484375], [1549.5986328125, 428.1123046875, 1621.8897705078125, 655.7540283203125], [988.2362670898438, 342.9701843261719, 1174.9566650390625, 786.4325561523438], [225.36485290527344, 272.6708679199219, 451.244384765625, 891.4276733398438], [1415.3260498046875, 522.0255737304688, 1479.1597900390625, 692.3096923828125], [851.5255126953125, 414.57586669921875, 1025.32275390625, 790.9351196289062]]","[0.90283203125, 0.72900390625, 0.58056640625, 0.449951171875, 0.8505859375, 0.64404296875, 0.6376953125, 0.7890625]","[[557.2947998046875, 1055.819580078125], [1700.9371948242188, 646.616455078125], [1484.355712890625, 688.3353271484375], [1585.7442016601562, 655.7540283203125], [1081.5964660644531, 786.4325561523438], [338.3046188354492, 891.4276733398438], [1447.242919921875, 692.3096923828125], [938.4241333007812, 790.9351196289062]]",425394176,410927104,425394176,640,yolo26s_int8_640_ncnn_model,MOT17-09
207,186.13869099999647,0.0,8,"[5, 82, 92, 106, 72, 95, 132, 99]","[[275.1825256347656, 0.0, 789.1522216796875, 1058.5677490234375], [1651.414306640625, 403.7662048339844, 1754.4893798828125, 645.9024658203125], [1437.14013671875, 443.9163818359375, 1534.2559814453125, 698.3416748046875], [1550.9434814453125, 431.15130615234375, 1625.9161376953125, 655.2230224609375], [1000.21435546875, 343.0226745605469, 1183.2047119140625, 782.2857666015625], [1417.338134765625, 525.8478393554688, 1480.7548828125, 694.5487670898438], [855.298828125, 408.6662292480469, 1031.8175048828125, 791.9358520507812], [0.0, 259.294677734375, 132.2342987060547, 1004.0731811523438]]","[0.91943359375, 0.76318359375, 0.625, 0.607421875, 0.85693359375, 0.609375, 0.86181640625, 0.705078125]","[[532.1673736572266, 1058.5677490234375], [1702.9518432617188, 645.9024658203125], [1485.6980590820312, 698.3416748046875], [1588.4298095703125, 655.2230224609375], [1091.7095336914062, 782.2857666015625], [1449.0465087890625, 694.5487670898438], [943.5581665039062, 791.9358520507812], [66.11714935302734, 1004.0731811523438]]",425394176,410927104,425394176,640,yolo26s_int8_640_ncnn_model,MOT17-09
208,167.79265599984683,0.0,9,"[5, 82, 92, 106, 72, 95, 132, 137, 99]","[[239.81863403320312, 0.0, 761.3941650390625, 1059.093017578125], [1651.540771484375, 404.2132263183594, 1753.6707763671875, 645.6493530273438], [1437.7237548828125, 443.159423828125, 1537.4805908203125, 703.7584228515625], [1553.5791015625, 431.3168029785156, 1632.8018798828125, 655.0029296875], [1007.8078002929688, 346.46807861328125, 1186.3760986328125, 779.7843017578125], [1419.8140869140625, 530.0538330078125, 1482.357177734375, 695.6398315429688], [864.2813110351562, 402.26251220703125, 1041.0113525390625, 786.117431640625], [1610.3406982421875, 406.42498779296875, 1758.059326171875, 644.7750244140625], [0.0, 264.7311096191406, 154.84104919433594, 1015.0958251953125]]","[0.92236328125, 0.78173828125, 0.71875, 0.703125, 0.86181640625, 0.462158203125, 0.86181640625, 0.4501953125, 0.8408203125]","[[500.6063995361328, 1059.093017578125], [1702.6057739257812, 645.6493530273438], [1487.6021728515625, 703.7584228515625], [1593.1904907226562, 655.0029296875], [1097.0919494628906, 779.7843017578125], [1451.0856323242188, 695.6398315429688], [952.6463317871094, 786.117431640625], [1684.2000122070312, 644.7750244140625], [77.42052459716797, 1015.0958251953125]]",425394176,410927104,425394176,640,yolo26s_int8_640_ncnn_model,MOT17-09
209,165.71620900003836,0.0,8,"[5, 82, 92, 106, 72, 95, 132, 99]","[[192.76834106445312, 0.0, 718.1779174804688, 1057.284423828125], [1659.059814453125, 403.3724060058594, 1761.5802001953125, 645.57177734375], [1439.7384033203125, 441.89935302734375, 1540.651123046875, 704.8395385742188], [1556.212158203125, 433.3548889160156, 1637.3319091796875, 651.9310302734375], [1021.4060668945312, 344.8033142089844, 1196.6104736328125, 778.4204711914062], [1418.0970458984375, 527.9431762695312, 1481.3858642578125, 696.7818603515625], [874.4745483398438, 404.9267272949219, 1045.1798095703125, 779.8695068359375], [8.870380401611328, 267.9451599121094, 173.05657958984375, 1015.47998046875]]","[0.91259765625, 0.78515625, 0.74169921875, 0.66259765625, 0.83056640625, 0.45068359375, 0.79833984375, 0.8759765625]","[[455.47312927246094, 1057.284423828125], [1710.3200073242188, 645.57177734375], [1490.1947631835938, 704.8395385742188], [1596.7720336914062, 651.9310302734375], [1109.0082702636719, 778.4204711914062], [1449.741455078125, 696.7818603515625], [959.8271789550781, 779.8695068359375], [90.96347999572754, 1015.47998046875]]",425394176,410927104,425394176,640,yolo26s_int8_640_ncnn_model,MOT17-09
210,165.05472700009705,0.0,10,"[5, 82, 92, 106, 72, 95, 132, 99, 140, 40]","[[147.5780487060547, 0.0, 674.7760009765625, 1055.0892333984375], [1666.1427001953125, 403.292236328125, 1768.03271484375, 644.31787109375], [1440.9422607421875, 440.1990051269531, 1543.2135009765625, 706.42333984375], [1555.991943359375, 432.609130859375, 1639.792724609375, 651.2611694335938], [1039.998291015625, 341.1961975097656, 1214.766845703125, 779.3311157226562], [1419.853271484375, 523.969970703125, 1484.3692626953125, 696.45703125], [889.8515014648438, 399.34136962890625, 1058.604248046875, 775.2340087890625], [7.914875030517578, 268.7654113769531, 172.07472229003906, 1008.9083862304688], [669.5840454101562, 382.125, 849.4659423828125, 793.875], [541.0396118164062, 357.7652587890625, 707.2896118164062, 896.2523193359375]]","[0.88037109375, 0.744140625, 0.69384765625, 0.6318359375, 0.82958984375, 0.57763671875, 0.83203125, 0.83544921875, 0.432373046875, 0.51318359375]","[[411.1770248413086, 1055.0892333984375], [1717.0877075195312, 644.31787109375], [1492.077880859375, 706.42333984375], [1597.892333984375, 651.2611694335938], [1127.382568359375, 779.3311157226562], [1452.1112670898438, 696.45703125], [974.2278747558594, 775.2340087890625], [89.99479866027832, 1008.9083862304688], [759.5249938964844, 793.875], [624.1646118164062, 896.2523193359375]]",425394176,410927104,425394176,640,yolo26s_int8_640_ncnn_model,MOT17-09
211,166.58146899999338,0.0,10,"[5, 82, 92, 106, 72, 95, 132, 99, 140, 40]","[[87.92305755615234, 0.0, 615.1594848632812, 1053.9990234375], [1670.039794921875, 402.7550354003906, 1770.983642578125, 640.38037109375], [1441.52392578125, 439.562744140625, 1544.8770751953125, 707.9573974609375], [1558.7523193359375, 430.0783386230469, 1645.5050048828125, 651.2679443359375], [1058.5299072265625, 336.5795593261719, 1235.9034423828125, 781.3432006835938], [1422.476318359375, 518.061767578125, 1488.2720947265625, 695.8261108398438], [905.4889526367188, 398.87030029296875, 1070.14111328125, 772.54931640625], [0.0, 268.5731201171875, 154.27037048339844, 976.2017822265625], [692.98583984375, 384.7562561035156, 869.684326171875, 788.9048461914062], [540.4778442382812, 289.13201904296875, 740.7213134765625, 902.3460693359375]]","[0.9150390625, 0.720703125, 0.73193359375, 0.72412109375, 0.87890625, 0.53955078125, 0.83203125, 0.8505859375, 0.72119140625, 0.83056640625]","[[351.5412712097168, 1053.9990234375], [1720.51171875, 640.38037109375], [1493.2005004882812, 707.9573974609375], [1602.128662109375, 651.2679443359375], [1147.2166748046875, 781.3432006835938], [1455.3742065429688, 695.8261108398438], [987.8150329589844, 772.54931640625], [77.13518524169922, 976.2017822265625], [781.3350830078125, 788.9048461914062], [640.5995788574219, 902.3460693359375]]",425394176,410927104,425394176,640,yolo26s_int8_640_ncnn_model,MOT17-09
212,166.3105060001726,0.0,9,"[5, 82, 92, 106, 72, 95, 132, 140, 40]","[[50.57419204711914, 0.0, 577.8751220703125, 1048.378173828125], [1672.387939453125, 402.2947082519531, 1772.9193115234375, 638.1720581054688], [1440.6593017578125, 439.0928649902344, 1545.4447021484375, 711.6767578125], [1561.52099609375, 428.6275329589844, 1649.5601806640625, 649.792236328125], [1072.7701416015625, 337.3043518066406, 1252.6290283203125, 787.7974853515625], [1425.5787353515625, 518.7392578125, 1490.425537109375, 696.5435180664062], [917.2105712890625, 399.1577453613281, 1081.0362548828125, 778.78125], [704.8082275390625, 377.609130859375, 882.6124877929688, 783.4492797851562], [541.1973266601562, 257.3841857910156, 765.755859375, 907.5808715820312]]","[0.892578125, 0.70947265625, 0.64794921875, 0.69775390625, 0.876953125, 0.489501953125, 0.751953125, 0.65771484375, 0.833984375]","[[314.2246570587158, 1048.378173828125], [1722.6536254882812, 638.1720581054688], [1493.052001953125, 711.6767578125], [1605.5405883789062, 649.792236328125], [1162.6995849609375, 787.7974853515625], [1458.0021362304688, 696.5435180664062], [999.1234130859375, 778.78125], [793.7103576660156, 783.4492797851562], [653.4765930175781, 907.5808715820312]]",425394176,410927104,425394176,640,yolo26s_int8_640_ncnn_model,MOT17-09
213,166.20548800005963,0.0,10,"[5, 82, 92, 106, 72, 95, 132, 140, 40, 142]","[[15.069771766662598, 0.0, 547.6021118164062, 1055.2020263671875], [1674.1639404296875, 401.1210021972656, 1776.4727783203125, 640.3775634765625], [1443.7484130859375, 439.41973876953125, 1545.0230712890625, 700.8308715820312], [1564.7860107421875, 425.8446960449219, 1654.4736328125, 650.480712890625], [1084.8155517578125, 338.73406982421875, 1267.189697265625, 793.388916015625], [1430.08154296875, 525.1881713867188, 1491.6650390625, 695.5816650390625], [925.8245849609375, 400.9774475097656, 1090.2386474609375, 790.7900390625], [714.161865234375, 393.19927978515625, 886.3582763671875, 786.7423095703125], [539.4903564453125, 241.43515014648438, 781.599609375, 907.7828369140625], [1510.8651123046875, 430.57501220703125, 1645.73486328125, 643.4249877929688]]","[0.86181640625, 0.77001953125, 0.60498046875, 0.71826171875, 0.86181640625, 0.53564453125, 0.77294921875, 0.72265625, 0.83203125, 0.38623046875]","[[281.3359417915344, 1055.2020263671875], [1725.318359375, 640.3775634765625], [1494.3857421875, 700.8308715820312], [1609.6298217773438, 650.480712890625], [1176.0026245117188, 793.388916015625], [1460.873291015625, 695.5816650390625], [1008.0316162109375, 790.7900390625], [800.2600708007812, 786.7423095703125], [660.5449829101562, 907.7828369140625], [1578.2999877929688, 643.4249877929688]]",425394176,410927104,425394176,640,yolo26s_int8_640_ncnn_model,MOT17-09
214,165.88739399981023,0.0,10,"[5, 82, 92, 106, 72, 95, 132, 140, 40, 131]","[[0.0, 0.0, 530.72705078125, 1050.1068115234375], [1676.2264404296875, 401.673828125, 1778.1644287109375, 639.2465209960938], [1440.78955078125, 442.57330322265625, 1540.8011474609375, 697.505615234375], [1572.5631103515625, 427.2721252441406, 1661.3148193359375, 653.214111328125], [1096.86376953125, 337.9611511230469, 1278.091064453125, 789.3278198242188], [1435.4737548828125, 529.4828491210938, 1496.21337890625, 696.4404907226562], [944.6809692382812, 403.0744934082031, 1099.0576171875, 776.9325561523438], [714.3484497070312, 378.71295166015625, 898.9909057617188, 805.4846801757812], [543.7459106445312, 242.4833984375, 794.9835205078125, 905.15478515625], [373.0865478515625, 281.7799377441406, 595.2838745117188, 887.64404296875]]","[0.91845703125, 0.71826171875, 0.54052734375, 0.7802734375, 0.8583984375, 0.52978515625, 0.7685546875, 0.68017578125, 0.83056640625, 0.580078125]","[[265.363525390625, 1050.1068115234375], [1727.1954345703125, 639.2465209960938], [1490.7953491210938, 697.505615234375], [1616.93896484375, 653.214111328125], [1187.4774169921875, 789.3278198242188], [1465.8435668945312, 696.4404907226562], [1021.8692932128906, 776.9325561523438], [806.669677734375, 805.4846801757812], [669.3647155761719, 905.15478515625], [484.1852111816406, 887.64404296875]]",425394176,410927104,425394176,640,yolo26s_int8_640_ncnn_model,MOT17-09
215,168.7726370000746,0.0,10,"[5, 82, 92, 106, 72, 95, 132, 140, 40, 131]","[[0.0, 0.0, 523.8834838867188, 1053.3814697265625], [1679.41455078125, 402.13604736328125, 1782.0941162109375, 640.5867919921875], [1439.661376953125, 440.2549743652344, 1541.125732421875, 695.7590942382812], [1579.002197265625, 426.1049499511719, 1666.028076171875, 652.0411376953125], [1105.9884033203125, 344.3283996582031, 1286.5416259765625, 789.2351684570312], [1437.1492919921875, 531.0746459960938, 1498.017578125, 697.7479858398438], [957.9278564453125, 405.8104248046875, 1105.661865234375, 770.1439819335938], [718.2529296875, 375.2832336425781, 900.1083984375, 802.0640869140625], [545.1054077148438, 245.8017578125, 804.0714721679688, 903.2813720703125], [391.9258117675781, 282.2939758300781, 607.3897094726562, 879.1600952148438]]","[0.9111328125, 0.7021484375, 0.3525390625, 0.71044921875, 0.86181640625, 0.568359375, 0.80517578125, 0.63818359375, 0.84228515625, 0.69140625]","[[261.9417419433594, 1053.3814697265625], [1730.7543334960938, 640.5867919921875], [1490.3935546875, 695.7590942382812], [1622.51513671875, 652.0411376953125], [1196.2650146484375, 789.2351684570312], [1467.5834350585938, 697.7479858398438], [1031.7948608398438, 770.1439819335938], [809.1806640625, 802.0640869140625], [674.5884399414062, 903.2813720703125], [499.6577606201172, 879.1600952148438]]",425394176,410927104,425394176,640,yolo26s_int8_640_ncnn_model,MOT17-09
216,166.291671999943,0.0,10,"[5, 82, 92, 106, 72, 95, 132, 140, 40, 131]","[[0.0, 3.944171667098999, 501.4267883300781, 1059.080078125], [1682.52978515625, 402.3089599609375, 1785.39111328125, 639.127685546875], [1453.226318359375, 444.86376953125, 1551.0108642578125, 693.625732421875], [1588.1910400390625, 426.16619873046875, 1672.57958984375, 647.1406860351562], [1116.748046875, 349.95965576171875, 1293.2801513671875, 782.283203125], [1439.8388671875, 534.1412353515625, 1500.4019775390625, 698.7188110351562], [974.5360107421875, 409.9483642578125, 1117.698486328125, 766.896728515625], [727.0091552734375, 372.2579650878906, 903.4112548828125, 794.0845947265625], [563.2905883789062, 247.513427734375, 819.5411987304688, 885.81689453125], [418.5147399902344, 282.336181640625, 630.755615234375, 888.6203002929688]]","[0.69921875, 0.64404296875, 0.57666015625, 0.69775390625, 0.88818359375, 0.59765625, 0.8173828125, 0.68701171875, 0.8251953125, 0.73876953125]","[[250.71339416503906, 1059.080078125], [1733.96044921875, 639.127685546875], [1502.1185913085938, 693.625732421875], [1630.3853149414062, 647.1406860351562], [1205.0140991210938, 782.283203125], [1470.1204223632812, 698.7188110351562], [1046.1172485351562, 766.896728515625], [815.210205078125, 794.0845947265625], [691.4158935546875, 885.81689453125], [524.6351776123047, 888.6203002929688]]",425394176,410927104,425394176,640,yolo26s_int8_640_ncnn_model,MOT17-09
217,165.95826499997202,0.0,11,"[5, 82, 92, 106, 72, 95, 132, 140, 40, 131, 147]","[[0.0, 8.164194107055664, 446.7821350097656, 1064.447265625], [1684.152587890625, 401.874755859375, 1787.9229736328125, 639.0943603515625], [1461.406982421875, 445.120361328125, 1557.626708984375, 692.3236083984375], [1597.6654052734375, 427.7028503417969, 1680.6348876953125, 645.7794189453125], [1124.010986328125, 353.29052734375, 1298.5028076171875, 778.6647338867188], [1441.4071044921875, 535.2789916992188, 1502.5074462890625, 701.0634155273438], [984.021240234375, 413.0605773925781, 1124.14404296875, 766.5027465820312], [733.8781127929688, 369.1800537109375, 906.3546752929688, 791.03662109375], [565.2506713867188, 245.0767364501953, 828.2090454101562, 891.0992431640625], [445.2444152832031, 287.42596435546875, 644.6703491210938, 875.1011352539062], [205.89244079589844, 579.375, 329.4575500488281, 1013.0250244140625]]","[0.5810546875, 0.59765625, 0.55419921875, 0.61083984375, 0.8759765625, 0.5751953125, 0.80078125, 0.71044921875, 0.869140625, 0.76318359375, 0.490478515625]","[[223.3910675048828, 1064.447265625], [1736.0377807617188, 639.0943603515625], [1509.516845703125, 692.3236083984375], [1639.150146484375, 645.7794189453125], [1211.2568969726562, 778.6647338867188], [1471.957275390625, 701.0634155273438], [1054.0826416015625, 766.5027465820312], [820.1163940429688, 791.03662109375], [696.7298583984375, 891.0992431640625], [544.9573822021484, 875.1011352539062], [267.6749954223633, 1013.0250244140625]]",425394176,410927104,425394176,640,yolo26s_int8_640_ncnn_model,MOT17-09
218,166.12089399995966,0.0,11,"[5, 82, 92, 106, 72, 95, 132, 140, 40, 131, 147]","[[0.0, 11.96873664855957, 408.2891540527344, 1061.24658203125], [1687.7239990234375, 403.69598388671875, 1791.6380615234375, 639.1026000976562], [1463.344970703125, 443.2076110839844, 1559.97412109375, 693.8564453125], [1604.6767578125, 426.037841796875, 1689.7431640625, 648.5400390625], [1130.289794921875, 356.89886474609375, 1303.9388427734375, 779.107666015625], [1444.3135986328125, 536.6705322265625, 1504.75390625, 700.9260864257812], [991.5554809570312, 416.4604797363281, 1129.7569580078125, 766.4287719726562], [743.1723022460938, 372.4427795410156, 909.1720581054688, 789.6514282226562], [580.5963745117188, 247.8535919189453, 840.3615112304688, 887.5494384765625], [463.81036376953125, 290.8666687011719, 654.3596801757812, 870.4292602539062], [201.16513061523438, 555.5909423828125, 331.1473693847656, 1007.4658203125]]","[0.591796875, 0.65576171875, 0.6640625, 0.564453125, 0.8828125, 0.467041015625, 0.7744140625, 0.68701171875, 0.86767578125, 0.734375, 0.7392578125]","[[204.1445770263672, 1061.24658203125], [1739.6810302734375, 639.1026000976562], [1511.6595458984375, 693.8564453125], [1647.2099609375, 648.5400390625], [1217.1143188476562, 779.107666015625], [1474.5337524414062, 700.9260864257812], [1060.6562194824219, 766.4287719726562], [826.1721801757812, 789.6514282226562], [710.4789428710938, 887.5494384765625], [559.0850219726562, 870.4292602539062], [266.15625, 1007.4658203125]]",425394176,410927104,425394176,640,yolo26s_int8_640_ncnn_model,MOT17-09
219,165.8284499999354,0.0,12,"[5, 82, 92, 106, 72, 95, 132, 140, 40, 131, 147, 137]","[[0.0, 8.40522575378418, 358.2002868652344, 1061.9776611328125], [1688.291015625, 406.37347412109375, 1791.579345703125, 639.126953125], [1465.696533203125, 441.7479553222656, 1563.98046875, 700.1371459960938], [1604.1500244140625, 426.65936279296875, 1688.03125, 649.3292236328125], [1137.8768310546875, 353.6007080078125, 1310.8251953125, 774.0869140625], [1448.9364013671875, 539.4075927734375, 1507.8345947265625, 699.5984497070312], [998.012939453125, 417.9472351074219, 1135.412109375, 766.47119140625], [755.3978881835938, 369.9513854980469, 918.01416015625, 790.91064453125], [584.251953125, 254.47825622558594, 839.4606323242188, 877.8369750976562], [484.5331115722656, 301.2691345214844, 669.817138671875, 877.6893920898438], [213.42230224609375, 503.05010986328125, 361.9039611816406, 1003.2760009765625], [1597.047119140625, 426.64947509765625, 1733.142822265625, 650.222900390625]]","[0.6806640625, 0.63134765625, 0.66650390625, 0.5087890625, 0.84423828125, 0.480224609375, 0.80078125, 0.6650390625, 0.767578125, 0.69482421875, 0.759765625, 0.537109375]","[[179.1001434326172, 1061.9776611328125], [1739.9351806640625, 639.126953125], [1514.8385009765625, 700.1371459960938], [1646.0906372070312, 649.3292236328125], [1224.3510131835938, 774.0869140625], [1478.385498046875, 699.5984497070312], [1066.7125244140625, 766.47119140625], [836.7060241699219, 790.91064453125], [711.8562927246094, 877.8369750976562], [577.1751251220703, 877.6893920898438], [287.6631317138672, 1003.2760009765625], [1665.094970703125, 650.222900390625]]",425394176,410927104,425394176,640,yolo26s_int8_640_ncnn_model,MOT17-09
220,165.34124600002542,0.0,12,"[82, 92, 106, 72, 95, 132, 140, 40, 131, 149, 128, 99]","[[1690.18115234375, 407.8670349121094, 1793.625732421875, 640.6521606445312], [1471.059326171875, 438.501953125, 1568.68408203125, 696.3737182617188], [1610.3343505859375, 428.64105224609375, 1694.3778076171875, 654.8408203125], [1146.88916015625, 353.6832275390625, 1317.3524169921875, 768.0185546875], [1452.5872802734375, 540.901123046875, 1510.8570556640625, 698.570068359375], [1007.1857299804688, 417.41680908203125, 1142.9962158203125, 763.8043212890625], [766.8389282226562, 369.83270263671875, 925.8543701171875, 793.634765625], [614.8765258789062, 263.4651184082031, 860.8016967773438, 878.7233276367188], [500.1083068847656, 292.7900390625, 682.3346557617188, 865.6586303710938], [1639.5706787109375, 405.29998779296875, 1796.029296875, 643.7999877929688], [209.85853576660156, 469.4193115234375, 420.1639709472656, 1003.4613037109375], [0.0, 21.4317569732666, 202.88796997070312, 1051.0673828125]]","[0.67626953125, 0.66748046875, 0.54931640625, 0.83935546875, 0.5087890625, 0.82666015625, 0.5732421875, 0.77685546875, 0.77001953125, 0.40673828125, 0.8095703125, 0.56494140625]","[[1741.9034423828125, 640.6521606445312], [1519.8717041015625, 696.3737182617188], [1652.3560791015625, 654.8408203125], [1232.1207885742188, 768.0185546875], [1481.72216796875, 698.570068359375], [1075.0909729003906, 763.8043212890625], [846.3466491699219, 793.634765625], [737.839111328125, 878.7233276367188], [591.2214813232422, 865.6586303710938], [1717.7999877929688, 643.7999877929688], [315.0112533569336, 1003.4613037109375], [101.44398498535156, 1051.0673828125]]",425394176,410927104,425394176,640,yolo26s_int8_640_ncnn_model,MOT17-09
221,166.1128389998794,0.0,12,"[82, 92, 106, 72, 95, 132, 140, 40, 131, 149, 128, 137]","[[1693.4425048828125, 408.9025573730469, 1795.6136474609375, 638.7457275390625], [1471.852294921875, 438.9868469238281, 1567.5587158203125, 695.1453247070312], [1614.445068359375, 430.8681640625, 1694.6519775390625, 649.5301513671875], [1152.2252197265625, 353.8014221191406, 1322.96142578125, 770.8065795898438], [1457.1439208984375, 541.1611938476562, 1515.578125, 698.4273681640625], [1019.897705078125, 415.1127014160156, 1155.789794921875, 767.093505859375], [784.599365234375, 368.3500061035156, 938.676513671875, 789.1705322265625], [646.509521484375, 261.2909851074219, 882.8759765625, 872.8179931640625], [533.8214111328125, 292.05072021484375, 719.7757568359375, 867.7254028320312], [1639.4210205078125, 402.7668151855469, 1798.021240234375, 644.7211303710938], [194.83975219726562, 327.9305114746094, 477.6755065917969, 990.2669677734375], [1603.875732421875, 430.927978515625, 1734.66552734375, 651.7623901367188]]","[0.7138671875, 0.62548828125, 0.271728515625, 0.84716796875, 0.43017578125, 0.79541015625, 0.56005859375, 0.68701171875, 0.82373046875, 0.427734375, 0.83984375, 0.712890625]","[[1744.528076171875, 638.7457275390625], [1519.7055053710938, 695.1453247070312], [1654.5485229492188, 649.5301513671875], [1237.5933227539062, 770.8065795898438], [1486.3610229492188, 698.4273681640625], [1087.84375, 767.093505859375], [861.637939453125, 789.1705322265625], [764.6927490234375, 872.8179931640625], [626.798583984375, 867.7254028320312], [1718.7211303710938, 644.7211303710938], [336.25762939453125, 990.2669677734375], [1669.2706298828125, 651.7623901367188]]",425394176,410927104,425394176,640,yolo26s_int8_640_ncnn_model,MOT17-09
222,164.79111599983298,0.0,12,"[82, 92, 106, 72, 95, 132, 140, 40, 131, 149, 128, 99]","[[1693.37353515625, 407.5177917480469, 1795.4312744140625, 636.7877197265625], [1472.24365234375, 436.9584655761719, 1568.7757568359375, 698.8958740234375], [1621.8599853515625, 427.71429443359375, 1704.4102783203125, 650.4636840820312], [1156.16748046875, 353.9031982421875, 1323.4031982421875, 764.95361328125], [1460.2054443359375, 542.71826171875, 1518.7364501953125, 699.8666381835938], [1030.983642578125, 412.37445068359375, 1164.5159912109375, 763.42626953125], [806.708984375, 370.34674072265625, 957.4368286132812, 786.97021484375], [678.297119140625, 254.39013671875, 913.2536010742188, 870.8096923828125], [545.8338623046875, 294.1082458496094, 735.4383544921875, 868.1926879882812], [1642.37646484375, 401.907958984375, 1798.0025634765625, 639.2533569335938], [195.27450561523438, 299.87408447265625, 506.231689453125, 991.1466064453125], [17.716588973999023, 30.445693969726562, 249.35528564453125, 1068.9766845703125]]","[0.69677734375, 0.59033203125, 0.6025390625, 0.857421875, 0.404541015625, 0.751953125, 0.54345703125, 0.7080078125, 0.8505859375, 0.42236328125, 0.83544921875, 0.398681640625]","[[1744.4024047851562, 636.7877197265625], [1520.5097045898438, 698.8958740234375], [1663.1351318359375, 650.4636840820312], [1239.7853393554688, 764.95361328125], [1489.470947265625, 699.8666381835938], [1097.7498168945312, 763.42626953125], [882.0729064941406, 786.97021484375], [795.7753601074219, 870.8096923828125], [640.6361083984375, 868.1926879882812], [1720.1895141601562, 639.2533569335938], [350.7530975341797, 991.1466064453125], [133.53593730926514, 1068.9766845703125]]",425394176,410927104,425394176,640,yolo26s_int8_640_ncnn_model,MOT17-09
223,165.9305430000586,0.0,13,"[82, 92, 106, 72, 95, 132, 140, 40, 131, 149, 128, 99, 147]","[[1694.5513916015625, 404.987060546875, 1799.9495849609375, 643.0521240234375], [1481.8258056640625, 435.2314147949219, 1571.4227294921875, 677.7163696289062], [1628.8255615234375, 433.2192687988281, 1711.3868408203125, 650.0675048828125], [1160.6962890625, 352.0122985839844, 1326.6678466796875, 765.8065185546875], [1461.22802734375, 539.2694091796875, 1521.7962646484375, 702.3917846679688], [1038.7769775390625, 413.6900939941406, 1171.4095458984375, 766.7781982421875], [827.6038818359375, 378.4046936035156, 972.1439208984375, 780.9029541015625], [693.12158203125, 254.48927307128906, 924.0160522460938, 870.4158325195312], [544.0174560546875, 295.5968017578125, 739.6055297851562, 869.68017578125], [1640.6226806640625, 401.72027587890625, 1798.36669921875, 642.004638671875], [200.1798858642578, 282.0257263183594, 530.06494140625, 989.1396484375], [40.83138656616211, 83.76155853271484, 226.15953063964844, 801.4411010742188], [172.75636291503906, 322.85980224609375, 361.4800720214844, 946.0872802734375]]","[0.677734375, 0.52880859375, 0.68603515625, 0.8505859375, 0.4736328125, 0.7421875, 0.52587890625, 0.80615234375, 0.83544921875, 0.4267578125, 0.85888671875, 0.544921875, 0.43603515625]","[[1747.25048828125, 643.0521240234375], [1526.624267578125, 677.7163696289062], [1670.106201171875, 650.0675048828125], [1243.6820678710938, 765.8065185546875], [1491.5121459960938, 702.3917846679688], [1105.09326171875, 766.7781982421875], [899.8739013671875, 780.9029541015625], [808.5688171386719, 870.4158325195312], [641.8114929199219, 869.68017578125], [1719.4946899414062, 642.004638671875], [365.1224136352539, 989.1396484375], [133.49545860290527, 801.4411010742188], [267.1182174682617, 946.0872802734375]]",425394176,410927104,425394176,640,yolo26s_int8_640_ncnn_model,MOT17-09
224,203.9671529998941,0.0,13,"[82, 92, 106, 72, 95, 132, 140, 40, 131, 149, 128, 147, 137]","[[1699.0804443359375, 405.2676086425781, 1803.298095703125, 642.1943359375], [1480.896728515625, 434.0853271484375, 1575.76904296875, 694.3284301757812], [1626.7476806640625, 437.3383483886719, 1708.2611083984375, 647.9140014648438], [1167.1494140625, 354.8315734863281, 1327.497802734375, 760.7271728515625], [1464.815185546875, 539.9319458007812, 1525.460205078125, 702.3361206054688], [1048.8173828125, 413.5494079589844, 1180.0657958984375, 767.8368530273438], [850.6951904296875, 377.6833190917969, 994.79638671875, 779.4077758789062], [704.3721923828125, 262.82415771484375, 934.3275756835938, 870.016845703125], [549.4270629882812, 297.1136474609375, 747.6187744140625, 865.3082885742188], [1644.400146484375, 402.78326416015625, 1798.4033203125, 637.5521850585938], [205.3739776611328, 278.8101501464844, 544.7725830078125, 986.833251953125], [147.90460205078125, 304.697021484375, 338.66259765625, 936.0770874023438], [1615.9388427734375, 436.55413818359375, 1742.935546875, 652.5680541992188]]","[0.64501953125, 0.58349609375, 0.63134765625, 0.82958984375, 0.5087890625, 0.73876953125, 0.556640625, 0.81396484375, 0.81787109375, 0.388427734375, 0.87890625, 0.50048828125, 0.41552734375]","[[1751.1892700195312, 642.1943359375], [1528.3328857421875, 694.3284301757812], [1667.50439453125, 647.9140014648438], [1247.3236083984375, 760.7271728515625], [1495.1376953125, 702.3361206054688], [1114.4415893554688, 767.8368530273438], [922.7457885742188, 779.4077758789062], [819.3498840332031, 870.016845703125], [648.5229187011719, 865.3082885742188], [1721.4017333984375, 637.5521850585938], [375.07328033447266, 986.833251953125], [243.28359985351562, 936.0770874023438], [1679.4371948242188, 652.5680541992188]]",425394176,410927104,425394176,640,yolo26s_int8_640_ncnn_model,MOT17-09
225,166.16435800006002,0.0,13,"[82, 92, 106, 72, 95, 132, 140, 40, 131, 149, 128, 147, 137]","[[1702.033203125, 404.134521484375, 1807.1290283203125, 645.0706787109375], [1484.8707275390625, 432.71221923828125, 1581.757568359375, 701.0534057617188], [1627.9881591796875, 434.3132019042969, 1710.66357421875, 645.6060791015625], [1176.005859375, 355.96661376953125, 1334.65771484375, 760.884033203125], [1468.538330078125, 541.154052734375, 1528.226806640625, 700.30419921875], [1057.1767578125, 414.57879638671875, 1184.01904296875, 759.364990234375], [876.0068969726562, 437.78277587890625, 999.4530029296875, 773.6408081054688], [726.0848388671875, 270.2245178222656, 954.5194091796875, 872.7266845703125], [554.5006713867188, 297.8913879394531, 754.1937255859375, 860.4627685546875], [1650.0531005859375, 403.197998046875, 1802.5797119140625, 636.0359497070312], [217.56045532226562, 282.5603942871094, 558.6253051757812, 984.3093872070312], [171.50282287597656, 300.2456970214844, 370.439208984375, 929.537353515625], [1618.065185546875, 429.6535949707031, 1746.12890625, 652.7938232421875]]","[0.646484375, 0.5927734375, 0.325439453125, 0.82666015625, 0.5712890625, 0.77099609375, 0.54248046875, 0.77880859375, 0.78466796875, 0.37353515625, 0.88720703125, 0.467041015625, 0.51123046875]","[[1754.5811157226562, 645.0706787109375], [1533.3141479492188, 701.0534057617188], [1669.3258666992188, 645.6060791015625], [1255.331787109375, 760.884033203125], [1498.382568359375, 700.30419921875], [1120.597900390625, 759.364990234375], [937.7299499511719, 773.6408081054688], [840.3021240234375, 872.7266845703125], [654.3471984863281, 860.4627685546875], [1726.31640625, 636.0359497070312], [388.09288024902344, 984.3093872070312], [270.9710159301758, 929.537353515625], [1682.0970458984375, 652.7938232421875]]",425394176,410927104,425394176,640,yolo26s_int8_640_ncnn_model,MOT17-09
226,164.72509699997318,0.0,11,"[82, 92, 72, 95, 132, 140, 40, 131, 128, 147, 137]","[[1708.9366455078125, 404.9364013671875, 1810.4794921875, 640.9815063476562], [1490.5142822265625, 431.4750061035156, 1587.5775146484375, 701.486328125], [1190.197021484375, 357.9148254394531, 1347.7977294921875, 760.5156860351562], [1472.2999267578125, 539.59375, 1533.6468505859375, 702.510009765625], [1069.4639892578125, 418.3324890136719, 1193.540283203125, 753.9031372070312], [889.9085693359375, 460.75201416015625, 1006.4095458984375, 774.2078857421875], [752.67431640625, 274.6763916015625, 980.4680786132812, 868.1453857421875], [562.677734375, 304.6395568847656, 760.1419677734375, 855.2138061523438], [238.66331481933594, 279.79071044921875, 574.97021484375, 973.0563354492188], [188.9326629638672, 298.5243225097656, 397.7231750488281, 925.9325561523438], [1627.4940185546875, 431.1015930175781, 1748.3775634765625, 646.18798828125]]","[0.68505859375, 0.488525390625, 0.814453125, 0.533203125, 0.8173828125, 0.41552734375, 0.7890625, 0.724609375, 0.84423828125, 0.6748046875, 0.414794921875]","[[1759.7080688476562, 640.9815063476562], [1539.0458984375, 701.486328125], [1268.9973754882812, 760.5156860351562], [1502.973388671875, 702.510009765625], [1131.5021362304688, 753.9031372070312], [948.1590576171875, 774.2078857421875], [866.5711975097656, 868.1453857421875], [661.4098510742188, 855.2138061523438], [406.81676483154297, 973.0563354492188], [293.32791900634766, 925.9325561523438], [1687.935791015625, 646.18798828125]]",425394176,410927104,425394176,640,yolo26s_int8_640_ncnn_model,MOT17-09
227,165.86363600004006,0.0,12,"[82, 92, 72, 95, 132, 140, 40, 131, 128, 147, 137, 156]","[[1714.3902587890625, 405.4952697753906, 1812.6934814453125, 636.1533203125], [1504.77880859375, 435.44366455078125, 1597.1318359375, 697.20263671875], [1199.7728271484375, 361.9139709472656, 1355.82275390625, 760.2001342773438], [1475.31103515625, 541.9597778320312, 1536.8179931640625, 703.3150024414062], [1079.3922119140625, 423.5757141113281, 1202.0311279296875, 753.1873168945312], [901.3338623046875, 474.7825012207031, 1015.824951171875, 782.378173828125], [765.1600952148438, 277.62841796875, 994.5807495117188, 867.162353515625], [574.446044921875, 302.4635009765625, 770.491455078125, 848.9351806640625], [261.0508728027344, 284.3873596191406, 587.7887573242188, 967.43505859375], [192.06333923339844, 298.27197265625, 409.18914794921875, 924.7362060546875], [1638.3568115234375, 433.1461181640625, 1756.021728515625, 644.1112670898438], [1530.167724609375, 459.0, 1594.0322265625, 676.5]]","[0.64599609375, 0.4287109375, 0.8310546875, 0.5126953125, 0.80517578125, 0.43994140625, 0.85107421875, 0.697265625, 0.81787109375, 0.666015625, 0.52734375, 0.390625]","[[1763.5418701171875, 636.1533203125], [1550.955322265625, 697.20263671875], [1277.7977905273438, 760.2001342773438], [1506.0645141601562, 703.3150024414062], [1140.711669921875, 753.1873168945312], [958.5794067382812, 782.378173828125], [879.8704223632812, 867.162353515625], [672.46875, 848.9351806640625], [424.41981506347656, 967.43505859375], [300.6262435913086, 924.7362060546875], [1697.1892700195312, 644.1112670898438], [1562.0999755859375, 676.5]]",425394176,410927104,425394176,640,yolo26s_int8_640_ncnn_model,MOT17-09
228,165.42278299993995,0.0,13,"[82, 92, 72, 95, 132, 140, 40, 131, 128, 147, 137, 156, 106]","[[1720.4974365234375, 406.4527893066406, 1817.22021484375, 634.601318359375], [1502.948974609375, 433.5309753417969, 1595.8623046875, 695.0093994140625], [1206.4483642578125, 365.6758728027344, 1360.047119140625, 758.8995971679688], [1478.561767578125, 544.8369750976562, 1539.6175537109375, 704.5965576171875], [1086.965576171875, 427.8148193359375, 1208.58251953125, 753.7485961914062], [912.8799438476562, 486.4960021972656, 1021.9895629882812, 779.9646606445312], [769.0263061523438, 273.2470397949219, 1004.4859008789062, 869.300537109375], [591.4989013671875, 314.3797607421875, 782.6494750976562, 851.967041015625], [290.76177978515625, 281.04437255859375, 607.7454833984375, 959.7669067382812], [196.34352111816406, 294.6573181152344, 418.14129638671875, 921.3369140625], [1645.81787109375, 429.3418273925781, 1763.2923583984375, 643.8558349609375], [1534.4271240234375, 463.7232971191406, 1598.2747802734375, 681.2232666015625], [1640.7076416015625, 422.2279052734375, 1732.6182861328125, 643.7277221679688]]","[0.6484375, 0.447265625, 0.822265625, 0.533203125, 0.81787109375, 0.346923828125, 0.84423828125, 0.73681640625, 0.78662109375, 0.7734375, 0.61328125, 0.435302734375, 0.35302734375]","[[1768.8588256835938, 634.601318359375], [1549.4056396484375, 695.0093994140625], [1283.2477416992188, 758.8995971679688], [1509.0896606445312, 704.5965576171875], [1147.7740478515625, 753.7485961914062], [967.4347534179688, 779.9646606445312], [886.756103515625, 869.300537109375], [687.0741882324219, 851.967041015625], [449.2536315917969, 959.7669067382812], [307.2424087524414, 921.3369140625], [1704.5551147460938, 643.8558349609375], [1566.3509521484375, 681.2232666015625], [1686.6629638671875, 643.7277221679688]]",425394176,410927104,425394176,640,yolo26s_int8_640_ncnn_model,MOT17-09
229,166.11535799984267,0.0,11,"[82, 92, 72, 95, 132, 40, 131, 128, 147, 137, 156]","[[1730.5335693359375, 409.5512390136719, 1822.890380859375, 628.3021850585938], [1510.1392822265625, 430.8534240722656, 1603.1204833984375, 693.1985473632812], [1212.4832763671875, 365.31951904296875, 1364.4039306640625, 757.2235107421875], [1482.9080810546875, 547.3873901367188, 1543.265869140625, 705.5563354492188], [1092.6842041015625, 430.6515197753906, 1212.3974609375, 750.76025390625], [773.76416015625, 272.2298583984375, 1011.8377075195312, 866.5175170898438], [610.2515869140625, 306.31854248046875, 796.7673950195312, 840.5156860351562], [336.24969482421875, 285.7261657714844, 639.0162353515625, 953.2365112304688], [216.4163055419922, 294.5827941894531, 436.8281555175781, 910.15673828125], [1653.092041015625, 425.4492492675781, 1769.214599609375, 644.2674560546875], [1535.104248046875, 454.60565185546875, 1602.639892578125, 685.0723266601562]]","[0.39013671875, 0.61328125, 0.82177734375, 0.6064453125, 0.8095703125, 0.86181640625, 0.77001953125, 0.85205078125, 0.77294921875, 0.6650390625, 0.34228515625]","[[1776.7119750976562, 628.3021850585938], [1556.6298828125, 693.1985473632812], [1288.443603515625, 757.2235107421875], [1513.0869750976562, 705.5563354492188], [1152.5408325195312, 750.76025390625], [892.8009338378906, 866.5175170898438], [703.5094909667969, 840.5156860351562], [487.6329650878906, 953.2365112304688], [326.62223052978516, 910.15673828125], [1711.1533203125, 644.2674560546875], [1568.8720703125, 685.0723266601562]]",425394176,410927104,425394176,640,yolo26s_int8_640_ncnn_model,MOT17-09
230,166.49980299985145,0.0,11,"[82, 92, 72, 95, 132, 40, 131, 128, 147, 137, 156]","[[1733.6302490234375, 409.4375305175781, 1825.35595703125, 630.2792358398438], [1511.331298828125, 431.8426818847656, 1605.1318359375, 694.4937744140625], [1215.74267578125, 364.9184265136719, 1366.404296875, 756.906005859375], [1486.9603271484375, 549.3054809570312, 1546.942626953125, 706.8900146484375], [1096.998046875, 429.4359436035156, 1216.907470703125, 749.9634399414062], [779.7293701171875, 269.6224060058594, 1018.2427368164062, 862.7332763671875], [626.7662963867188, 307.6443176269531, 810.925537109375, 847.0242309570312], [366.7689514160156, 286.09503173828125, 662.615478515625, 950.5097045898438], [239.85800170898438, 296.5543518066406, 455.94976806640625, 897.3151245117188], [1662.9957275390625, 423.48516845703125, 1775.920166015625, 644.926025390625], [1540.6724853515625, 455.8092346191406, 1609.43994140625, 690.8344116210938]]","[0.384765625, 0.6513671875, 0.779296875, 0.58251953125, 0.80078125, 0.86474609375, 0.802734375, 0.8603515625, 0.78759765625, 0.6748046875, 0.25439453125]","[[1779.4931030273438, 630.2792358398438], [1558.2315673828125, 694.4937744140625], [1291.073486328125, 756.906005859375], [1516.9514770507812, 706.8900146484375], [1156.9527587890625, 749.9634399414062], [898.9860534667969, 862.7332763671875], [718.8459167480469, 847.0242309570312], [514.6922149658203, 950.5097045898438], [347.9038848876953, 897.3151245117188], [1719.4579467773438, 644.926025390625], [1575.0562133789062, 690.8344116210938]]",425394176,410927104,425394176,640,yolo26s_int8_640_ncnn_model,MOT17-09
231,165.29022800000348,0.0,10,"[82, 92, 72, 95, 132, 40, 131, 128, 147, 137]","[[1739.9609375, 411.6284484863281, 1828.819091796875, 627.7805786132812], [1518.81591796875, 433.4822082519531, 1614.3861083984375, 697.7103271484375], [1222.6600341796875, 362.7597961425781, 1371.8359375, 754.8499755859375], [1492.187255859375, 539.5272216796875, 1555.310302734375, 705.8707885742188], [1104.906494140625, 430.7247009277344, 1223.6705322265625, 747.9762573242188], [797.0667724609375, 273.9980773925781, 1032.379150390625, 860.953369140625], [646.9646606445312, 310.83026123046875, 827.5256958007812, 848.78369140625], [395.0782165527344, 288.3785705566406, 684.9227294921875, 951.5977172851562], [275.4209899902344, 301.9293212890625, 484.6744384765625, 891.0753784179688], [1671.0843505859375, 424.7237854003906, 1777.8365478515625, 641.2363891601562]]","[0.63525390625, 0.67626953125, 0.77685546875, 0.525390625, 0.8037109375, 0.8583984375, 0.7880859375, 0.8359375, 0.751953125, 0.59130859375]","[[1784.3900146484375, 627.7805786132812], [1566.6010131835938, 697.7103271484375], [1297.2479858398438, 754.8499755859375], [1523.748779296875, 705.8707885742188], [1164.2885131835938, 747.9762573242188], [914.7229614257812, 860.953369140625], [737.2451782226562, 848.78369140625], [540.0004730224609, 951.5977172851562], [380.04771423339844, 891.0753784179688], [1724.46044921875, 641.2363891601562]]",425394176,410927104,425394176,640,yolo26s_int8_640_ncnn_model,MOT17-09
232,182.23968799998147,0.0,10,"[82, 92, 72, 95, 132, 40, 131, 128, 147, 137]","[[1746.38232421875, 410.92181396484375, 1833.7884521484375, 626.3812255859375], [1515.6448974609375, 430.1712646484375, 1613.7322998046875, 698.9239501953125], [1226.7529296875, 361.1929016113281, 1374.8079833984375, 756.8701171875], [1496.9871826171875, 539.798583984375, 1559.29541015625, 704.51123046875], [1113.2138671875, 429.94329833984375, 1231.2080078125, 744.541015625], [801.0648193359375, 278.2895202636719, 1031.2498779296875, 854.7073364257812], [659.87353515625, 310.3569030761719, 837.7859497070312, 850.1506958007812], [423.8489074707031, 296.7132263183594, 705.3779296875, 951.7423095703125], [312.0162658691406, 305.0501708984375, 514.0078125, 890.7002563476562], [1677.3245849609375, 421.2263488769531, 1783.0325927734375, 643.8244018554688]]","[0.65966796875, 0.75, 0.7939453125, 0.59033203125, 0.796875, 0.76171875, 0.80712890625, 0.86181640625, 0.759765625, 0.60009765625]","[[1790.0853881835938, 626.3812255859375], [1564.6885986328125, 698.9239501953125], [1300.7804565429688, 756.8701171875], [1528.1412963867188, 704.51123046875], [1172.2109375, 744.541015625], [916.1573486328125, 854.7073364257812], [748.8297424316406, 850.1506958007812], [564.6134185791016, 951.7423095703125], [413.0120391845703, 890.7002563476562], [1730.1785888671875, 643.8244018554688]]",425394176,410927104,425394176,640,yolo26s_int8_640_ncnn_model,MOT17-09
233,164.96111599985852,0.0,10,"[82, 92, 72, 95, 132, 40, 131, 128, 147, 137]","[[1750.9969482421875, 412.39239501953125, 1837.0943603515625, 627.1592407226562], [1516.4229736328125, 430.1602783203125, 1615.166015625, 698.1428833007812], [1231.3966064453125, 359.6146545410156, 1375.2926025390625, 750.7364501953125], [1500.5076904296875, 537.6854858398438, 1562.7940673828125, 703.2071533203125], [1124.800537109375, 433.39752197265625, 1239.9190673828125, 740.572509765625], [824.196044921875, 278.0232238769531, 1047.179931640625, 849.2755737304688], [680.9560546875, 316.8403015136719, 854.63623046875, 841.02001953125], [444.247802734375, 293.730712890625, 722.1760864257812, 949.1534423828125], [339.9603576660156, 305.1836853027344, 534.253662109375, 886.4608154296875], [1684.0999755859375, 419.21185302734375, 1788.135986328125, 645.5230102539062]]","[0.64013671875, 0.69873046875, 0.7939453125, 0.57861328125, 0.81005859375, 0.8203125, 0.79248046875, 0.86572265625, 0.7724609375, 0.626953125]","[[1794.045654296875, 627.1592407226562], [1565.7944946289062, 698.1428833007812], [1303.3446044921875, 750.7364501953125], [1531.65087890625, 703.2071533203125], [1182.3598022460938, 740.572509765625], [935.68798828125, 849.2755737304688], [767.796142578125, 841.02001953125], [583.2119445800781, 949.1534423828125], [437.1070098876953, 886.4608154296875], [1736.1179809570312, 645.5230102539062]]",425394176,410927104,425394176,640,yolo26s_int8_640_ncnn_model,MOT17-09
234,165.26367200003733,0.0,10,"[82, 92, 72, 95, 132, 40, 131, 128, 147, 137]","[[1756.6441650390625, 412.4192199707031, 1842.081298828125, 627.992919921875], [1515.8681640625, 428.94866943359375, 1618.244384765625, 706.9644165039062], [1240.41015625, 360.0198974609375, 1383.59716796875, 753.4447631835938], [1509.062744140625, 540.0987548828125, 1572.406494140625, 704.4324951171875], [1135.7469482421875, 430.64093017578125, 1249.9500732421875, 739.1746215820312], [844.0281982421875, 288.65838623046875, 1055.9722900390625, 849.5686645507812], [703.1499633789062, 305.2660217285156, 882.6410522460938, 833.4730224609375], [466.0882568359375, 301.8871154785156, 738.8749389648438, 947.0231323242188], [368.3387756347656, 309.4207763671875, 557.346923828125, 890.4906005859375], [1693.16064453125, 418.4660949707031, 1797.0498046875, 650.1065063476562]]","[0.5908203125, 0.63330078125, 0.8056640625, 0.5703125, 0.67822265625, 0.78955078125, 0.7802734375, 0.861328125, 0.73779296875, 0.662109375]","[[1799.3627319335938, 627.992919921875], [1567.0562744140625, 706.9644165039062], [1312.003662109375, 753.4447631835938], [1540.734619140625, 704.4324951171875], [1192.8485107421875, 739.1746215820312], [950.000244140625, 849.5686645507812], [792.8955078125, 833.4730224609375], [602.4815979003906, 947.0231323242188], [462.8428497314453, 890.4906005859375], [1745.105224609375, 650.1065063476562]]",425394176,410927104,425394176,640,yolo26s_int8_640_ncnn_model,MOT17-09
235,166.6100990000814,0.0,11,"[82, 92, 72, 95, 132, 40, 131, 128, 147, 137, 163]","[[1760.58740234375, 411.16131591796875, 1845.7847900390625, 628.5851440429688], [1518.623291015625, 426.074462890625, 1620.17529296875, 701.0038452148438], [1248.9525146484375, 358.9401550292969, 1391.9942626953125, 753.7598876953125], [1513.4503173828125, 539.0451049804688, 1578.5789794921875, 703.9017333984375], [1141.3388671875, 430.61572265625, 1253.505615234375, 736.7301025390625], [857.6002807617188, 293.3664245605469, 1062.0751953125, 851.0158081054688], [722.85009765625, 303.9828796386719, 906.293212890625, 829.7868041992188], [476.96002197265625, 303.4138488769531, 749.0543823242188, 945.9423828125], [383.1916809082031, 312.98480224609375, 569.1442260742188, 893.6941528320312], [1702.395263671875, 420.65277099609375, 1804.1484375, 651.3623046875], [119.67884063720703, 530.4000244140625, 196.5211639404297, 746.0999755859375]]","[0.57275390625, 0.564453125, 0.81787109375, 0.54833984375, 0.60009765625, 0.84765625, 0.81201171875, 0.875, 0.73974609375, 0.642578125, 0.363037109375]","[[1803.1860961914062, 628.5851440429688], [1569.3992919921875, 701.0038452148438], [1320.473388671875, 753.7598876953125], [1546.0146484375, 703.9017333984375], [1197.4222412109375, 736.7301025390625], [959.8377380371094, 851.0158081054688], [814.5716552734375, 829.7868041992188], [613.0072021484375, 945.9423828125], [476.16795349121094, 893.6941528320312], [1753.2718505859375, 651.3623046875], [158.10000228881836, 746.0999755859375]]",425394176,410927104,425394176,640,yolo26s_int8_640_ncnn_model,MOT17-09
236,164.76196899998286,0.0,10,"[82, 92, 72, 95, 132, 40, 131, 128, 147, 137]","[[1766.3033447265625, 409.67919921875, 1850.5706787109375, 626.846435546875], [1529.22802734375, 426.7110595703125, 1628.8736572265625, 700.8350830078125], [1260.3848876953125, 358.04632568359375, 1404.2999267578125, 752.4335327148438], [1514.3846435546875, 534.2014770507812, 1583.28759765625, 705.1765747070312], [1147.802734375, 425.0891418457031, 1263.7828369140625, 744.411865234375], [878.77587890625, 279.40936279296875, 1083.2822265625, 842.2271728515625], [731.9580078125, 312.842529296875, 916.1640014648438, 832.130859375], [490.3139343261719, 311.23895263671875, 759.2399291992188, 946.3695678710938], [397.721435546875, 321.8480224609375, 577.8575439453125, 886.9776000976562], [1710.328857421875, 427.2021484375, 1808.0126953125, 650.0994262695312]]","[0.54736328125, 0.4697265625, 0.85546875, 0.360107421875, 0.72607421875, 0.83642578125, 0.7880859375, 0.87451171875, 0.75, 0.6650390625]","[[1808.43701171875, 626.846435546875], [1579.0508422851562, 700.8350830078125], [1332.3424072265625, 752.4335327148438], [1548.8361206054688, 705.1765747070312], [1205.7927856445312, 744.411865234375], [981.029052734375, 842.2271728515625], [824.0610046386719, 832.130859375], [624.7769317626953, 946.3695678710938], [487.78948974609375, 886.9776000976562], [1759.1707763671875, 650.0994262695312]]",425394176,410927104,425394176,640,yolo26s_int8_640_ncnn_model,MOT17-09
237,165.33320899998216,0.0,9,"[82, 92, 72, 132, 40, 131, 128, 147, 137]","[[1770.3731689453125, 409.1069030761719, 1854.1060791015625, 628.2029418945312], [1522.214111328125, 427.97100830078125, 1623.20068359375, 704.70556640625], [1268.6236572265625, 356.2327880859375, 1414.4185791015625, 753.459716796875], [1154.3509521484375, 423.06048583984375, 1268.9287109375, 739.4182739257812], [903.8028564453125, 281.2613525390625, 1106.9412841796875, 840.8802490234375], [735.8375854492188, 314.7768249511719, 922.0144653320312, 828.4968872070312], [497.98651123046875, 311.4326477050781, 766.0349731445312, 942.362548828125], [410.02392578125, 324.9062194824219, 590.9732055664062, 886.3651123046875], [1713.77685546875, 430.48150634765625, 1808.55908203125, 646.8364868164062]]","[0.5029296875, 0.43603515625, 0.71142578125, 0.72314453125, 0.85986328125, 0.80126953125, 0.82373046875, 0.73876953125, 0.65478515625]","[[1812.2396240234375, 628.2029418945312], [1572.7073974609375, 704.70556640625], [1341.5211181640625, 753.459716796875], [1211.6398315429688, 739.4182739257812], [1005.3720703125, 840.8802490234375], [828.926025390625, 828.4968872070312], [632.0107421875, 942.362548828125], [500.4985656738281, 886.3651123046875], [1761.16796875, 646.8364868164062]]",425394176,410927104,425394176,640,yolo26s_int8_640_ncnn_model,MOT17-09
238,164.918802000102,0.0,9,"[82, 92, 72, 132, 40, 131, 128, 147, 137]","[[1774.018310546875, 407.40301513671875, 1856.974365234375, 626.258056640625], [1528.0286865234375, 426.74713134765625, 1628.1112060546875, 702.9518432617188], [1274.2520751953125, 358.53375244140625, 1418.140380859375, 747.943603515625], [1160.2557373046875, 425.0318908691406, 1272.7144775390625, 737.7744750976562], [924.1004028320312, 283.82879638671875, 1127.8262939453125, 840.5894775390625], [741.8276977539062, 326.218017578125, 926.4240112304688, 826.4847412109375], [504.482177734375, 314.3569641113281, 769.7161865234375, 931.0709838867188], [419.0690612792969, 324.57843017578125, 604.2604370117188, 885.9794311523438], [1717.926025390625, 432.4408874511719, 1811.486572265625, 644.8568115234375]]","[0.31494140625, 0.4384765625, 0.72412109375, 0.7216796875, 0.8115234375, 0.7890625, 0.8232421875, 0.78173828125, 0.673828125]","[[1815.496337890625, 626.258056640625], [1578.0699462890625, 702.9518432617188], [1346.1962280273438, 747.943603515625], [1216.485107421875, 737.7744750976562], [1025.9633483886719, 840.5894775390625], [834.1258544921875, 826.4847412109375], [637.0991821289062, 931.0709838867188], [511.6647491455078, 885.9794311523438], [1764.706298828125, 644.8568115234375]]",425394176,410927104,425394176,640,yolo26s_int8_640_ncnn_model,MOT17-09
239,165.5444869998064,0.0,11,"[82, 92, 72, 132, 40, 131, 128, 147, 137, 163, 95]","[[1780.0211181640625, 408.7417907714844, 1861.03857421875, 623.5565795898438], [1535.130859375, 424.07879638671875, 1626.8656005859375, 674.848388671875], [1283.4959716796875, 366.4263610839844, 1428.7413330078125, 755.8699340820312], [1170.08056640625, 430.2861328125, 1279.8629150390625, 736.7130126953125], [935.3703002929688, 279.66583251953125, 1143.7845458984375, 838.69140625], [744.9703979492188, 329.6716613769531, 930.891357421875, 824.583251953125], [548.7256469726562, 316.30865478515625, 802.4005737304688, 913.9827880859375], [431.92633056640625, 323.2331237792969, 622.5769653320312, 889.4030151367188], [1728.1502685546875, 430.6309509277344, 1819.558349609375, 640.614501953125], [120.08210754394531, 530.61767578125, 198.2221221923828, 750.2359008789062], [1529.4371337890625, 538.2859497070312, 1601.1563720703125, 708.16845703125]]","[0.3662109375, 0.327880859375, 0.73681640625, 0.74169921875, 0.82666015625, 0.74365234375, 0.76318359375, 0.763671875, 0.6259765625, 0.37158203125, 0.44482421875]","[[1820.5298461914062, 623.5565795898438], [1580.9982299804688, 674.848388671875], [1356.11865234375, 755.8699340820312], [1224.9717407226562, 736.7130126953125], [1039.5774230957031, 838.69140625], [837.9308776855469, 824.583251953125], [675.5631103515625, 913.9827880859375], [527.2516479492188, 889.4030151367188], [1773.8543090820312, 640.614501953125], [159.15211486816406, 750.2359008789062], [1565.2967529296875, 708.16845703125]]",425394176,410927104,425394176,640,yolo26s_int8_640_ncnn_model,MOT17-09
240,165.39811699999518,0.0,11,"[82, 72, 132, 40, 131, 128, 147, 137, 170, 163, 95]","[[1784.6917724609375, 409.2537841796875, 1863.805419921875, 619.5650634765625], [1288.8902587890625, 365.3791198730469, 1434.197509765625, 753.8765258789062], [1178.9884033203125, 430.0123291015625, 1288.7027587890625, 736.6248779296875], [940.5801391601562, 280.458251953125, 1152.616943359375, 837.677978515625], [746.481689453125, 329.7177429199219, 934.2179565429688, 824.0985717773438], [575.0189819335938, 313.7046203613281, 822.5752563476562, 906.030029296875], [448.887451171875, 326.3300476074219, 640.582275390625, 887.3811645507812], [1733.7471923828125, 427.4278564453125, 1824.3658447265625, 639.5573120117188], [911.2767333984375, 383.4750061035156, 968.5232543945312, 755.3250122070312], [120.8847427368164, 530.6356811523438, 197.5933074951172, 746.23388671875], [1532.7073974609375, 540.0704956054688, 1605.8665771484375, 706.552734375]]","[0.283203125, 0.72265625, 0.73974609375, 0.8525390625, 0.75390625, 0.8095703125, 0.75390625, 0.58837890625, 0.432373046875, 0.34130859375, 0.3505859375]","[[1824.2485961914062, 619.5650634765625], [1361.5438842773438, 753.8765258789062], [1233.8455810546875, 736.6248779296875], [1046.5985412597656, 837.677978515625], [840.3498229980469, 824.0985717773438], [698.797119140625, 906.030029296875], [544.73486328125, 887.3811645507812], [1779.0565185546875, 639.5573120117188], [939.8999938964844, 755.3250122070312], [159.2390251159668, 746.23388671875], [1569.2869873046875, 706.552734375]]",425394176,410927104,425394176,640,yolo26s_int8_640_ncnn_model,MOT17-09
241,187.8278600001977,0.0,11,"[82, 72, 132, 40, 131, 128, 147, 137, 170, 95, 92]","[[1785.95751953125, 408.9416198730469, 1864.9600830078125, 620.6248168945312], [1293.2821044921875, 369.93218994140625, 1439.2733154296875, 758.11083984375], [1185.263427734375, 430.4013977050781, 1294.4508056640625, 736.137939453125], [943.830322265625, 289.71527099609375, 1154.44775390625, 834.3858642578125], [759.885498046875, 325.6408996582031, 947.7489624023438, 823.0015258789062], [580.6343383789062, 315.7461853027344, 826.1611328125, 897.2657470703125], [468.72320556640625, 327.5231018066406, 655.1826782226562, 873.9483642578125], [1740.4647216796875, 428.9676208496094, 1829.1031494140625, 639.4379272460938], [917.8073120117188, 382.1531066894531, 977.8555297851562, 772.509765625], [1539.11962890625, 536.4192504882812, 1614.1156005859375, 705.2468872070312], [1532.369873046875, 423.9027404785156, 1632.03076171875, 699.1380004882812]]","[0.260009765625, 0.63916015625, 0.73681640625, 0.83642578125, 0.83251953125, 0.755859375, 0.79296875, 0.4970703125, 0.433837890625, 0.348876953125, 0.287109375]","[[1825.4588012695312, 620.6248168945312], [1366.2777099609375, 758.11083984375], [1239.8571166992188, 736.137939453125], [1049.1390380859375, 834.3858642578125], [853.8172302246094, 823.0015258789062], [703.3977355957031, 897.2657470703125], [561.9529418945312, 873.9483642578125], [1784.783935546875, 639.4379272460938], [947.8314208984375, 772.509765625], [1576.6176147460938, 705.2468872070312], [1582.2003173828125, 699.1380004882812]]",425394176,410927104,425394176,640,yolo26s_int8_640_ncnn_model,MOT17-09
242,164.99498700000004,0.0,11,"[82, 72, 132, 40, 131, 128, 147, 137, 170, 95, 92]","[[1790.51904296875, 410.56585693359375, 1868.9952392578125, 622.2936401367188], [1303.908203125, 370.1298828125, 1447.55517578125, 748.286865234375], [1191.9476318359375, 436.7672424316406, 1298.6470947265625, 735.7529296875], [944.0712280273438, 286.8017272949219, 1158.8446044921875, 833.6038818359375], [783.4819946289062, 322.18115234375, 964.2538452148438, 808.5921020507812], [590.0411987304688, 317.9940490722656, 835.3209228515625, 896.7689819335938], [487.48773193359375, 329.97637939453125, 669.1228637695312, 866.1832275390625], [1742.3013916015625, 422.05889892578125, 1833.129150390625, 642.919921875], [928.2069702148438, 382.8340759277344, 985.3660888671875, 751.1827392578125], [1546.6796875, 538.0427856445312, 1621.568603515625, 705.7605590820312], [1533.3946533203125, 422.08746337890625, 1635.01708984375, 704.2529296875]]","[0.29052734375, 0.7265625, 0.70751953125, 0.8408203125, 0.77392578125, 0.802734375, 0.70947265625, 0.5263671875, 0.398681640625, 0.40478515625, 0.3525390625]","[[1829.7571411132812, 622.2936401367188], [1375.731689453125, 748.286865234375], [1245.29736328125, 735.7529296875], [1051.4579162597656, 833.6038818359375], [873.867919921875, 808.5921020507812], [712.6810607910156, 896.7689819335938], [578.3052978515625, 866.1832275390625], [1787.7152709960938, 642.919921875], [956.7865295410156, 751.1827392578125], [1584.1241455078125, 705.7605590820312], [1584.2058715820312, 704.2529296875]]",425394176,410927104,425394176,640,yolo26s_int8_640_ncnn_model,MOT17-09
243,164.8924490000354,0.0,11,"[82, 72, 132, 40, 131, 128, 147, 137, 170, 95, 92]","[[1791.673095703125, 412.6669921875, 1870.772216796875, 627.434814453125], [1307.54931640625, 367.65045166015625, 1451.407470703125, 742.0607299804688], [1196.1954345703125, 432.6237487792969, 1306.8448486328125, 746.2037963867188], [945.2445678710938, 284.0797119140625, 1162.5614013671875, 831.0128784179688], [796.0819091796875, 317.9139099121094, 971.7266845703125, 802.1207275390625], [619.2328491210938, 316.6565856933594, 862.031005859375, 891.889892578125], [513.053955078125, 328.4496765136719, 691.1551513671875, 867.03271484375], [1745.0028076171875, 421.47100830078125, 1834.3365478515625, 645.1881713867188], [938.15869140625, 387.4234924316406, 994.4552001953125, 745.8165283203125], [1555.9593505859375, 542.6326904296875, 1627.5177001953125, 703.9768676757812], [1534.6239013671875, 421.43890380859375, 1637.118408203125, 708.1024169921875]]","[0.268310546875, 0.759765625, 0.6748046875, 0.83642578125, 0.75390625, 0.84912109375, 0.7109375, 0.462890625, 0.41162109375, 0.52783203125, 0.322509765625]","[[1831.22265625, 627.434814453125], [1379.4783935546875, 742.0607299804688], [1251.5201416015625, 746.2037963867188], [1053.9029846191406, 831.0128784179688], [883.904296875, 802.1207275390625], [740.6319274902344, 891.889892578125], [602.1045532226562, 867.03271484375], [1789.669677734375, 645.1881713867188], [966.3069458007812, 745.8165283203125], [1591.738525390625, 703.9768676757812], [1585.8711547851562, 708.1024169921875]]",425394176,410927104,425394176,640,yolo26s_int8_640_ncnn_model,MOT17-09
244,165.12687599993114,0.0,12,"[82, 72, 132, 40, 131, 128, 147, 137, 170, 95, 92, 163]","[[1796.1058349609375, 414.680419921875, 1871.136962890625, 618.2510986328125], [1310.1466064453125, 374.4659423828125, 1452.0552978515625, 741.0574951171875], [1199.021240234375, 429.639892578125, 1308.311767578125, 741.687744140625], [955.3109741210938, 286.6427001953125, 1170.3580322265625, 829.4896240234375], [809.5134887695312, 320.32232666015625, 979.8257446289062, 801.8671264648438], [647.3508911132812, 323.5310974121094, 893.5752563476562, 893.9195556640625], [545.9124145507812, 327.69232177734375, 713.199951171875, 852.791748046875], [1754.5361328125, 416.85003662109375, 1843.56298828125, 643.62158203125], [948.3628540039062, 388.5620422363281, 1008.4010620117188, 762.2837524414062], [1560.2833251953125, 528.7369384765625, 1638.5203857421875, 706.8350219726562], [1544.8236083984375, 422.2160339355469, 1645.580810546875, 708.5445556640625], [119.78713989257812, 531.994384765625, 195.9955291748047, 745.8959350585938]]","[0.275634765625, 0.7568359375, 0.6748046875, 0.86181640625, 0.7529296875, 0.8857421875, 0.73974609375, 0.58837890625, 0.60546875, 0.438720703125, 0.302734375, 0.273193359375]","[[1833.6213989257812, 618.2510986328125], [1381.1009521484375, 741.0574951171875], [1253.66650390625, 741.687744140625], [1062.8345031738281, 829.4896240234375], [894.6696166992188, 801.8671264648438], [770.4630737304688, 893.9195556640625], [629.5561828613281, 852.791748046875], [1799.049560546875, 643.62158203125], [978.3819580078125, 762.2837524414062], [1599.40185546875, 706.8350219726562], [1595.2022094726562, 708.5445556640625], [157.8913345336914, 745.8959350585938]]",425394176,410927104,425394176,640,yolo26s_int8_640_ncnn_model,MOT17-09
245,165.71622799983743,0.0,11,"[82, 72, 132, 40, 131, 128, 147, 137, 170, 95, 92]","[[1797.972900390625, 415.4303283691406, 1874.732666015625, 625.8611450195312], [1309.7947998046875, 374.2176513671875, 1451.0135498046875, 735.4732055664062], [1205.73876953125, 429.4530029296875, 1311.470703125, 730.9976806640625], [966.0770263671875, 288.5924377441406, 1177.4124755859375, 825.0047607421875], [820.913330078125, 317.95257568359375, 987.4973754882812, 802.1688232421875], [659.8853149414062, 320.4063415527344, 911.8649291992188, 891.4815673828125], [560.546630859375, 328.7450256347656, 724.7398071289062, 861.4977416992188], [1761.0225830078125, 415.6005554199219, 1849.7835693359375, 642.5300903320312], [954.6533203125, 390.4716491699219, 1016.9776611328125, 765.1073608398438], [1566.1016845703125, 529.5843505859375, 1643.951416015625, 707.8433837890625], [1544.3677978515625, 422.81829833984375, 1645.2279052734375, 708.382568359375]]","[0.28076171875, 0.7421875, 0.673828125, 0.84326171875, 0.73876953125, 0.890625, 0.720703125, 0.556640625, 0.609375, 0.560546875, 0.28466796875]","[[1836.352783203125, 625.8611450195312], [1380.4041748046875, 735.4732055664062], [1258.604736328125, 730.9976806640625], [1071.7447509765625, 825.0047607421875], [904.2053527832031, 802.1688232421875], [785.8751220703125, 891.4815673828125], [642.6432189941406, 861.4977416992188], [1805.403076171875, 642.5300903320312], [985.8154907226562, 765.1073608398438], [1605.0265502929688, 707.8433837890625], [1594.7978515625, 708.382568359375]]",425394176,410927104,425394176,640,yolo26s_int8_640_ncnn_model,MOT17-09
246,166.9939149999209,0.0,11,"[82, 72, 132, 40, 131, 128, 147, 137, 170, 95, 92]","[[1799.561767578125, 415.1952819824219, 1876.9664306640625, 630.0608520507812], [1312.7886962890625, 368.0454406738281, 1453.0584716796875, 729.4548950195312], [1206.9443359375, 425.61627197265625, 1312.3558349609375, 725.689208984375], [978.61328125, 292.9255065917969, 1184.6968994140625, 818.7787475585938], [828.9216918945312, 308.3420104980469, 997.682861328125, 816.08984375], [667.742431640625, 318.7043151855469, 926.0862426757812, 891.2283325195312], [580.8143310546875, 327.8022155761719, 740.8997192382812, 863.2048950195312], [1768.369384765625, 416.88848876953125, 1856.7398681640625, 641.376708984375], [963.7445678710938, 387.21142578125, 1027.9466552734375, 756.4765625], [1579.850341796875, 539.7908325195312, 1655.6646728515625, 708.2476196289062], [1537.022705078125, 422.1085205078125, 1636.3052978515625, 710.2130737304688]]","[0.306640625, 0.7177734375, 0.7373046875, 0.79248046875, 0.650390625, 0.89208984375, 0.71142578125, 0.515625, 0.61083984375, 0.489501953125, 0.456787109375]","[[1838.2640991210938, 630.0608520507812], [1382.923583984375, 729.4548950195312], [1259.6500854492188, 725.689208984375], [1081.6550903320312, 818.7787475585938], [913.3022766113281, 816.08984375], [796.9143371582031, 891.2283325195312], [660.8570251464844, 863.2048950195312], [1812.5546264648438, 641.376708984375], [995.8456115722656, 756.4765625], [1617.7575073242188, 708.2476196289062], [1586.6640014648438, 710.2130737304688]]",425394176,410927104,425394176,640,yolo26s_int8_640_ncnn_model,MOT17-09
247,165.8805619999839,0.0,11,"[82, 72, 132, 40, 131, 128, 147, 137, 170, 95, 92]","[[1801.5286865234375, 415.08331298828125, 1880.1439208984375, 634.6109008789062], [1317.4544677734375, 365.4908447265625, 1455.8736572265625, 725.5625], [1210.931640625, 424.2142333984375, 1316.7169189453125, 724.7883911132812], [1005.3596801757812, 296.0181884765625, 1206.662109375, 815.0435180664062], [842.4569091796875, 311.1330871582031, 1006.9909057617188, 820.8129272460938], [673.52099609375, 322.02923583984375, 935.1785278320312, 890.2821655273438], [599.317626953125, 333.3341369628906, 754.1665649414062, 864.1243896484375], [1771.97509765625, 419.65234375, 1860.1195068359375, 641.6889038085938], [976.3662719726562, 387.501708984375, 1041.3980712890625, 745.515625], [1586.8548583984375, 548.3401489257812, 1661.9119873046875, 711.9180297851562], [1536.190185546875, 425.5487976074219, 1630.79541015625, 704.2302856445312]]","[0.31689453125, 0.74267578125, 0.732421875, 0.80712890625, 0.6181640625, 0.87890625, 0.6181640625, 0.438720703125, 0.609375, 0.30810546875, 0.4794921875]","[[1840.8363037109375, 634.6109008789062], [1386.6640625, 725.5625], [1263.8242797851562, 724.7883911132812], [1106.0108947753906, 815.0435180664062], [924.7239074707031, 820.8129272460938], [804.3497619628906, 890.2821655273438], [676.7420959472656, 864.1243896484375], [1816.0473022460938, 641.6889038085938], [1008.8821716308594, 745.515625], [1624.3834228515625, 711.9180297851562], [1583.4927978515625, 704.2302856445312]]",425394176,410927104,425394176,640,yolo26s_int8_640_ncnn_model,MOT17-09
248,165.65848799996274,0.0,11,"[82, 72, 132, 40, 131, 128, 147, 137, 170, 95, 92]","[[1803.4154052734375, 413.5507507324219, 1881.954345703125, 634.8547973632812], [1322.62255859375, 364.7815856933594, 1459.094482421875, 723.9608154296875], [1214.5640869140625, 422.2171936035156, 1321.74951171875, 723.0249633789062], [1022.245849609375, 294.4812927246094, 1223.0263671875, 818.40966796875], [858.0269165039062, 316.2074890136719, 1016.0155029296875, 814.8078002929688], [682.0026245117188, 321.1285095214844, 946.8596801757812, 890.1963500976562], [624.66552734375, 330.97882080078125, 782.76318359375, 863.1123657226562], [1774.2529296875, 423.7044372558594, 1860.0440673828125, 640.8242797851562], [987.9370727539062, 391.193359375, 1053.9219970703125, 739.9970703125], [1588.7833251953125, 541.1361083984375, 1666.378173828125, 710.4833984375], [1534.652099609375, 423.439208984375, 1627.7281494140625, 705.3143310546875]]","[0.303955078125, 0.73095703125, 0.71337890625, 0.85205078125, 0.6591796875, 0.8203125, 0.55078125, 0.63427734375, 0.5966796875, 0.482666015625, 0.6044921875]","[[1842.6848754882812, 634.8547973632812], [1390.8585205078125, 723.9608154296875], [1268.1567993164062, 723.0249633789062], [1122.6361083984375, 818.40966796875], [937.0212097167969, 814.8078002929688], [814.43115234375, 890.1963500976562], [703.71435546875, 863.1123657226562], [1817.1484985351562, 640.8242797851562], [1020.9295349121094, 739.9970703125], [1627.5807495117188, 710.4833984375], [1581.1901245117188, 705.3143310546875]]",425394176,410927104,425394176,640,yolo26s_int8_640_ncnn_model,MOT17-09
249,199.58559299993794,0.0,10,"[72, 132, 40, 131, 128, 147, 137, 170, 95, 92]","[[1325.1976318359375, 369.26776123046875, 1458.2685546875, 724.7153930664062], [1224.5184326171875, 427.4561767578125, 1332.5157470703125, 723.4228515625], [1041.6761474609375, 296.7363586425781, 1238.9688720703125, 809.9041137695312], [881.5946655273438, 317.9212951660156, 1034.68359375, 804.8026123046875], [690.443115234375, 326.24444580078125, 951.7473754882812, 882.8041381835938], [652.0572509765625, 334.59197998046875, 817.508544921875, 864.3243408203125], [1777.7838134765625, 427.7482604980469, 1860.8856201171875, 640.0087890625], [998.685791015625, 389.4049072265625, 1071.58154296875, 757.6637573242188], [1591.20068359375, 541.7062377929688, 1668.0208740234375, 709.7092895507812], [1536.2230224609375, 424.1526184082031, 1626.3765869140625, 700.2683715820312]]","[0.75830078125, 0.7265625, 0.80322265625, 0.57666015625, 0.81640625, 0.640625, 0.59130859375, 0.489501953125, 0.461669921875, 0.58251953125]","[[1391.7330932617188, 724.7153930664062], [1278.51708984375, 723.4228515625], [1140.322509765625, 809.9041137695312], [958.1391296386719, 804.8026123046875], [821.0952453613281, 882.8041381835938], [734.7828979492188, 864.3243408203125], [1819.334716796875, 640.0087890625], [1035.1336669921875, 757.6637573242188], [1629.6107788085938, 709.7092895507812], [1581.2998046875, 700.2683715820312]]",425394176,410927104,425394176,640,yolo26s_int8_640_ncnn_model,MOT17-09
250,164.7862830000122,0.0,11,"[72, 132, 40, 131, 128, 147, 137, 170, 95, 92, 82]","[[1327.8218994140625, 369.95135498046875, 1458.9041748046875, 724.1011352539062], [1233.6168212890625, 424.96142578125, 1342.7530517578125, 722.147705078125], [1054.9014892578125, 297.2900390625, 1251.9942626953125, 807.0376586914062], [898.3469848632812, 317.8059387207031, 1049.7755126953125, 801.8634643554688], [710.4226684570312, 326.12982177734375, 967.52783203125, 876.1338500976562], [647.32275390625, 337.71746826171875, 812.7762451171875, 859.1549072265625], [1777.8218994140625, 422.9775695800781, 1862.0767822265625, 640.9722290039062], [1000.794677734375, 387.7673034667969, 1077.2335205078125, 766.9070434570312], [1594.883544921875, 540.1756591796875, 1671.2830810546875, 710.139404296875], [1536.487548828125, 427.197509765625, 1624.1387939453125, 698.5376586914062], [1797.23291015625, 422.79913330078125, 1875.818115234375, 637.7989501953125]]","[0.7578125, 0.685546875, 0.83984375, 0.54638671875, 0.80615234375, 0.70703125, 0.373779296875, 0.44677734375, 0.423583984375, 0.5283203125, 0.5]","[[1393.363037109375, 724.1011352539062], [1288.1849365234375, 722.147705078125], [1153.4478759765625, 807.0376586914062], [974.0612487792969, 801.8634643554688], [838.9752502441406, 876.1338500976562], [730.0494995117188, 859.1549072265625], [1819.9493408203125, 640.9722290039062], [1039.0140991210938, 766.9070434570312], [1633.0833129882812, 710.139404296875], [1580.3131713867188, 698.5376586914062], [1836.5255126953125, 637.7989501953125]]",425394176,410927104,425394176,640,yolo26s_int8_640_ncnn_model,MOT17-09
251,166.19497000010597,0.0,10,"[72, 132, 40, 131, 128, 147, 137, 170, 95, 92]","[[1337.1588134765625, 372.44061279296875, 1466.4417724609375, 723.7034301757812], [1237.159423828125, 387.24749755859375, 1357.896484375, 720.7301635742188], [1068.3349609375, 295.5749206542969, 1269.32568359375, 809.963623046875], [912.8807373046875, 327.236083984375, 1059.1014404296875, 791.3657836914062], [738.8353881835938, 319.8981018066406, 992.3621826171875, 873.9283447265625], [650.4432983398438, 339.0219421386719, 818.4498901367188, 857.1809692382812], [1787.655517578125, 425.17108154296875, 1872.2137451171875, 639.359130859375], [1014.7589111328125, 385.3865051269531, 1094.0482177734375, 764.2455444335938], [1600.6038818359375, 531.4467163085938, 1679.6495361328125, 711.52783203125], [1537.4588623046875, 426.8584289550781, 1624.3778076171875, 698.3770751953125]]","[0.74951171875, 0.68896484375, 0.8408203125, 0.580078125, 0.81591796875, 0.78466796875, 0.51171875, 0.447509765625, 0.552734375, 0.61083984375]","[[1401.80029296875, 723.7034301757812], [1297.5279541015625, 720.7301635742188], [1168.830322265625, 809.963623046875], [985.9910888671875, 791.3657836914062], [865.5987854003906, 873.9283447265625], [734.4465942382812, 857.1809692382812], [1829.9346313476562, 639.359130859375], [1054.403564453125, 764.2455444335938], [1640.126708984375, 711.52783203125], [1580.9183349609375, 698.3770751953125]]",425394176,410927104,425394176,640,yolo26s_int8_640_ncnn_model,MOT17-09
252,165.66622799996367,0.0,10,"[72, 132, 40, 131, 128, 147, 170, 95, 92, 180]","[[1346.6085205078125, 375.1046447753906, 1474.967041015625, 723.8843994140625], [1240.557373046875, 374.9596252441406, 1363.2354736328125, 720.6845092773438], [1076.706298828125, 300.1278991699219, 1278.435302734375, 810.8873291015625], [919.9109497070312, 332.29656982421875, 1061.744140625, 785.9996948242188], [770.7442626953125, 319.93817138671875, 1014.9625244140625, 866.8868408203125], [658.7725219726562, 356.104248046875, 825.1416015625, 854.9170532226562], [1021.322021484375, 385.9485778808594, 1104.3936767578125, 773.5838623046875], [1607.489990234375, 530.118408203125, 1685.5670166015625, 712.042236328125], [1539.791015625, 425.4944152832031, 1626.440673828125, 697.5690307617188], [552.0633544921875, 337.125, 836.78662109375, 855.0750122070312]]","[0.751953125, 0.65625, 0.84814453125, 0.433837890625, 0.83740234375, 0.83642578125, 0.39013671875, 0.58935546875, 0.58203125, 0.476318359375]","[[1410.7877807617188, 723.8843994140625], [1301.8964233398438, 720.6845092773438], [1177.57080078125, 810.8873291015625], [990.8275451660156, 785.9996948242188], [892.8533935546875, 866.8868408203125], [741.9570617675781, 854.9170532226562], [1062.8578491210938, 773.5838623046875], [1646.5285034179688, 712.042236328125], [1583.1158447265625, 697.5690307617188], [694.4249877929688, 855.0750122070312]]",425394176,410927104,425394176,640,yolo26s_int8_640_ncnn_model,MOT17-09
253,165.21874699992622,0.0,9,"[72, 132, 40, 128, 147, 95, 92, 182, 82]","[[1352.6324462890625, 376.32098388671875, 1480.2742919921875, 722.770751953125], [1244.7708740234375, 374.50634765625, 1366.7279052734375, 724.1055908203125], [1085.6492919921875, 305.0567321777344, 1285.9327392578125, 808.0806884765625], [791.2518310546875, 321.6988220214844, 1029.576171875, 868.6505737304688], [673.9507446289062, 362.00146484375, 843.40087890625, 852.6708374023438], [1613.3712158203125, 529.8796997070312, 1690.090087890625, 711.9839477539062], [1541.2076416015625, 424.739501953125, 1628.6251220703125, 699.49609375], [887.0278930664062, 326.7749938964844, 1038.97216796875, 790.4249877929688], [1798.2200927734375, 417.1034851074219, 1880.634521484375, 636.6827392578125]]","[0.732421875, 0.6328125, 0.814453125, 0.83203125, 0.8388671875, 0.5947265625, 0.59033203125, 0.35791015625, 0.66845703125]","[[1416.453369140625, 722.770751953125], [1305.7493896484375, 724.1055908203125], [1185.791015625, 808.0806884765625], [910.4140014648438, 868.6505737304688], [758.6758117675781, 852.6708374023438], [1651.7306518554688, 711.9839477539062], [1584.9163818359375, 699.49609375], [963.0000305175781, 790.4249877929688], [1839.4273071289062, 636.6827392578125]]",425394176,410927104,425394176,640,yolo26s_int8_640_ncnn_model,MOT17-09
254,165.64737699991383,0.0,11,"[72, 132, 40, 128, 147, 95, 92, 182, 82, 131, 170]","[[1357.613037109375, 378.7403564453125, 1486.1163330078125, 727.4178466796875], [1257.51904296875, 408.048583984375, 1367.1522216796875, 722.1130981445312], [1086.9691162109375, 310.2322082519531, 1283.669921875, 806.7303466796875], [784.7252807617188, 320.3492431640625, 1024.9278564453125, 869.4413452148438], [680.7269897460938, 344.65093994140625, 857.3209838867188, 846.1422119140625], [1621.707275390625, 521.7222900390625, 1701.025634765625, 712.1920776367188], [1540.8155517578125, 425.45440673828125, 1628.347412109375, 700.2214965820312], [850.4295043945312, 325.7918395996094, 1022.364990234375, 850.6282348632812], [1803.00244140625, 417.8398132324219, 1886.4276123046875, 635.671142578125], [929.1974487304688, 325.1958923339844, 1077.700927734375, 807.200927734375], [1022.7386474609375, 386.72210693359375, 1105.8251953125, 777.2396850585938]]","[0.7138671875, 0.6181640625, 0.75146484375, 0.5263671875, 0.833984375, 0.58154296875, 0.59814453125, 0.77685546875, 0.65966796875, 0.32568359375, 0.53125]","[[1421.8646850585938, 727.4178466796875], [1312.3356323242188, 722.1130981445312], [1185.3195190429688, 806.7303466796875], [904.8265686035156, 869.4413452148438], [769.0239868164062, 846.1422119140625], [1661.366455078125, 712.1920776367188], [1584.5814819335938, 700.2214965820312], [936.3972473144531, 850.6282348632812], [1844.7150268554688, 635.671142578125], [1003.4491882324219, 807.200927734375], [1064.2819213867188, 777.2396850585938]]",425394176,410927104,425394176,640,yolo26s_int8_640_ncnn_model,MOT17-09
255,165.43821000004755,0.0,10,"[72, 132, 40, 147, 95, 92, 182, 82, 131, 170]","[[1360.7850341796875, 378.86053466796875, 1487.6031494140625, 723.9689331054688], [1257.470947265625, 377.02740478515625, 1374.5299072265625, 719.3470458984375], [1085.411376953125, 304.3125, 1282.91845703125, 810.0654907226562], [697.40185546875, 360.862548828125, 866.7788696289062, 839.1126708984375], [1632.49560546875, 526.8898315429688, 1710.787353515625, 711.7801513671875], [1540.6767578125, 424.5010070800781, 1628.168701171875, 698.7556762695312], [848.8941650390625, 327.09033203125, 1029.6490478515625, 878.3524780273438], [1806.995361328125, 415.85760498046875, 1892.0704345703125, 635.5557861328125], [935.9495849609375, 328.2816162109375, 1080.160888671875, 815.2298583984375], [1024.6212158203125, 386.9936828613281, 1106.046875, 767.5687255859375]]","[0.7509765625, 0.6337890625, 0.78369140625, 0.8583984375, 0.61474609375, 0.60595703125, 0.83935546875, 0.744140625, 0.343994140625, 0.591796875]","[[1424.194091796875, 723.9689331054688], [1316.0004272460938, 719.3470458984375], [1184.1649169921875, 810.0654907226562], [782.0903625488281, 839.1126708984375], [1671.6414794921875, 711.7801513671875], [1584.4227294921875, 698.7556762695312], [939.2716064453125, 878.3524780273438], [1849.5328979492188, 635.5557861328125], [1008.0552368164062, 815.2298583984375], [1065.3340454101562, 767.5687255859375]]",425394176,410927104,425394176,640,yolo26s_int8_640_ncnn_model,MOT17-09
256,164.98519099991427,0.0,9,"[72, 132, 40, 147, 95, 92, 82, 170, 128]","[[1363.3238525390625, 374.6123046875, 1490.372802734375, 723.9534912109375], [1270.4232177734375, 406.8072204589844, 1373.9205322265625, 714.5415649414062], [1103.385986328125, 309.5159912109375, 1297.1923828125, 805.889892578125], [715.9217529296875, 353.8586120605469, 883.9822998046875, 835.57568359375], [1642.419921875, 528.29345703125, 1722.201416015625, 713.3303833007812], [1539.5286865234375, 421.6706848144531, 1627.16259765625, 698.6886596679688], [1811.2275390625, 417.337890625, 1897.2222900390625, 637.2263793945312], [1033.0877685546875, 389.07049560546875, 1113.968017578125, 768.0972900390625], [839.964599609375, 319.4236145019531, 1075.8717041015625, 868.96826171875]]","[0.70166015625, 0.66845703125, 0.78759765625, 0.8037109375, 0.6787109375, 0.63671875, 0.7421875, 0.5322265625, 0.83056640625]","[[1426.8483276367188, 723.9534912109375], [1322.171875, 714.5415649414062], [1200.2891845703125, 805.889892578125], [799.9520263671875, 835.57568359375], [1682.3106689453125, 713.3303833007812], [1583.3456420898438, 698.6886596679688], [1854.2249145507812, 637.2263793945312], [1073.5278930664062, 768.0972900390625], [957.9181518554688, 868.96826171875]]",425394176,410927104,425394176,640,yolo26s_int8_640_ncnn_model,MOT17-09
257,167.2277860000122,0.0,9,"[72, 132, 40, 147, 95, 92, 82, 170, 128]","[[1365.1146240234375, 375.2414855957031, 1493.220947265625, 732.656005859375], [1277.3419189453125, 418.0407409667969, 1378.115478515625, 721.3502197265625], [1106.95654296875, 309.4413757324219, 1297.9798583984375, 804.3589477539062], [735.6287231445312, 350.296875, 900.372314453125, 833.3935546875], [1646.7069091796875, 530.5700073242188, 1727.4632568359375, 715.1331176757812], [1540.4620361328125, 423.58001708984375, 1627.35693359375, 699.6487426757812], [1812.1888427734375, 416.664794921875, 1897.6708984375, 635.1248779296875], [1043.1966552734375, 392.5418701171875, 1121.3756103515625, 755.5866088867188], [862.3099365234375, 321.45587158203125, 1094.93359375, 867.966552734375]]","[0.7666015625, 0.66650390625, 0.68994140625, 0.7529296875, 0.71337890625, 0.607421875, 0.6953125, 0.51318359375, 0.8525390625]","[[1429.1677856445312, 732.656005859375], [1327.7286987304688, 721.3502197265625], [1202.4682006835938, 804.3589477539062], [818.0005187988281, 833.3935546875], [1687.0850830078125, 715.1331176757812], [1583.9094848632812, 699.6487426757812], [1854.9298706054688, 635.1248779296875], [1082.2861328125, 755.5866088867188], [978.6217651367188, 867.966552734375]]",425394176,410927104,425394176,640,yolo26s_int8_640_ncnn_model,MOT17-09
258,172.76655000000574,0.0,10,"[72, 132, 40, 147, 95, 92, 82, 170, 128, 163]","[[1369.697998046875, 373.9898376464844, 1497.9627685546875, 737.4299926757812], [1283.3885498046875, 423.2541198730469, 1381.7464599609375, 722.5116577148438], [1119.270263671875, 308.8601989746094, 1310.523193359375, 804.3468627929688], [754.6472778320312, 345.56201171875, 918.6500244140625, 837.0778198242188], [1652.197509765625, 530.966064453125, 1732.9794921875, 714.3222045898438], [1538.46923828125, 422.10076904296875, 1625.7833251953125, 701.2507934570312], [1814.8974609375, 418.6368408203125, 1899.263671875, 636.0427856445312], [1052.650146484375, 395.31439208984375, 1128.900634765625, 744.2821044921875], [872.0923461914062, 327.3133239746094, 1102.17626953125, 868.5010986328125], [120.81938934326172, 525.8550415039062, 198.5959930419922, 741.8212280273438]]","[0.74658203125, 0.70947265625, 0.798828125, 0.6884765625, 0.6044921875, 0.59326171875, 0.68505859375, 0.3720703125, 0.869140625, 0.28564453125]","[[1433.8303833007812, 737.4299926757812], [1332.5675048828125, 722.5116577148438], [1214.896728515625, 804.3468627929688], [836.6486511230469, 837.0778198242188], [1692.5885009765625, 714.3222045898438], [1582.1262817382812, 701.2507934570312], [1857.08056640625, 636.0427856445312], [1090.775390625, 744.2821044921875], [987.1343078613281, 868.5010986328125], [159.70769119262695, 741.8212280273438]]",425394176,410927104,425394176,640,yolo26s_int8_640_ncnn_model,MOT17-09
259,165.60389599999326,0.0,9,"[72, 132, 40, 147, 95, 92, 82, 170, 128]","[[1375.7769775390625, 375.218505859375, 1501.01953125, 734.5762939453125], [1289.4027099609375, 426.41729736328125, 1388.884521484375, 732.7533569335938], [1125.6995849609375, 305.3578796386719, 1314.673095703125, 796.6821899414062], [771.0025634765625, 346.758056640625, 935.0098266601562, 846.4783325195312], [1652.9310302734375, 528.9042358398438, 1735.9014892578125, 717.211181640625], [1539.508544921875, 422.2951965332031, 1627.3226318359375, 706.037841796875], [1816.4169921875, 419.1282958984375, 1899.18701171875, 633.6475830078125], [1062.8377685546875, 399.06549072265625, 1139.5211181640625, 742.5045166015625], [881.8174438476562, 327.7896423339844, 1111.429443359375, 868.4868774414062]]","[0.8037109375, 0.69775390625, 0.8095703125, 0.81005859375, 0.642578125, 0.619140625, 0.611328125, 0.38671875, 0.8447265625]","[[1438.3982543945312, 734.5762939453125], [1339.1436157226562, 732.7533569335938], [1220.1863403320312, 796.6821899414062], [853.0061950683594, 846.4783325195312], [1694.416259765625, 717.211181640625], [1583.4155883789062, 706.037841796875], [1857.802001953125, 633.6475830078125], [1101.179443359375, 742.5045166015625], [996.6234436035156, 868.4868774414062]]",425394176,410927104,425394176,640,yolo26s_int8_640_ncnn_model,MOT17-09
260,166.29158199998528,0.0,9,"[72, 132, 40, 147, 95, 92, 82, 128, 163]","[[1385.4217529296875, 374.9362487792969, 1510.3592529296875, 735.1888427734375], [1296.015869140625, 425.3247375488281, 1390.7425537109375, 719.9418334960938], [1135.28515625, 304.12103271484375, 1322.2498779296875, 792.7389526367188], [785.2476806640625, 345.6094970703125, 947.8119506835938, 847.7664184570312], [1657.0025634765625, 525.4512939453125, 1740.6856689453125, 716.0791015625], [1539.9439697265625, 422.6291809082031, 1627.8529052734375, 708.5776977539062], [1819.6226806640625, 417.5583190917969, 1902.3172607421875, 631.4852905273438], [893.0333251953125, 331.20465087890625, 1120.0228271484375, 870.2490234375], [120.96190643310547, 529.4934692382812, 198.30740356445312, 741.3552856445312]]","[0.796875, 0.59423828125, 0.8154296875, 0.7685546875, 0.5908203125, 0.63427734375, 0.6748046875, 0.85400390625, 0.252197265625]","[[1447.8905029296875, 735.1888427734375], [1343.3792114257812, 719.9418334960938], [1228.7675170898438, 792.7389526367188], [866.5298156738281, 847.7664184570312], [1698.8441162109375, 716.0791015625], [1583.8984375, 708.5776977539062], [1860.969970703125, 631.4852905273438], [1006.528076171875, 870.2490234375], [159.6346549987793, 741.3552856445312]]",425394176,410927104,425394176,640,yolo26s_int8_640_ncnn_model,MOT17-09
261,164.92611700005,0.0,9,"[72, 132, 40, 147, 95, 92, 82, 128, 163]","[[1393.410888671875, 374.5723876953125, 1519.0697021484375, 737.6354370117188], [1302.724853515625, 429.37664794921875, 1394.6810302734375, 716.4681396484375], [1141.128173828125, 306.7560729980469, 1324.105224609375, 788.2307739257812], [798.70068359375, 350.11749267578125, 961.2183837890625, 857.2009887695312], [1662.4737548828125, 525.8565673828125, 1746.0030517578125, 717.8235473632812], [1540.779296875, 421.7872314453125, 1627.3646240234375, 704.6001586914062], [1821.7763671875, 418.704345703125, 1904.362060546875, 631.9220581054688], [902.9046020507812, 330.0050354003906, 1128.3028564453125, 867.4566650390625], [120.05866241455078, 525.9505615234375, 199.03099060058594, 741.5303955078125]]","[0.80126953125, 0.580078125, 0.8154296875, 0.76318359375, 0.64990234375, 0.6220703125, 0.66650390625, 0.849609375, 0.2900390625]","[[1456.2402954101562, 737.6354370117188], [1348.7029418945312, 716.4681396484375], [1232.61669921875, 788.2307739257812], [879.9595336914062, 857.2009887695312], [1704.2384033203125, 717.8235473632812], [1584.0719604492188, 704.6001586914062], [1863.0692138671875, 631.9220581054688], [1015.6037292480469, 867.4566650390625], [159.54482650756836, 741.5303955078125]]",425394176,410927104,425394176,640,yolo26s_int8_640_ncnn_model,MOT17-09
262,164.7512279998864,0.0,8,"[72, 132, 40, 147, 95, 92, 82, 128]","[[1396.5740966796875, 372.20623779296875, 1523.828125, 740.7669067382812], [1309.271728515625, 439.1606750488281, 1396.6270751953125, 712.9508666992188], [1142.740966796875, 308.9764099121094, 1324.614013671875, 794.4065551757812], [816.8745727539062, 349.6005554199219, 975.7872924804688, 841.2993774414062], [1670.917236328125, 526.0421752929688, 1753.034912109375, 717.4922485351562], [1541.72021484375, 422.9642333984375, 1626.529541015625, 701.5499877929688], [1825.602783203125, 416.8931579589844, 1909.8973388671875, 635.3265991210938], [929.9266967773438, 332.279296875, 1144.725341796875, 854.7386474609375]]","[0.7529296875, 0.552734375, 0.8173828125, 0.8076171875, 0.69873046875, 0.65185546875, 0.50927734375, 0.7568359375]","[[1460.2011108398438, 740.7669067382812], [1352.9494018554688, 712.9508666992188], [1233.677490234375, 794.4065551757812], [896.3309326171875, 841.2993774414062], [1711.97607421875, 717.4922485351562], [1584.1248779296875, 701.5499877929688], [1867.7500610351562, 635.3265991210938], [1037.3260192871094, 854.7386474609375]]",425394176,410927104,425394176,640,yolo26s_int8_640_ncnn_model,MOT17-09
263,166.32604400001583,0.0,9,"[72, 132, 40, 147, 95, 92, 82, 128, 170]","[[1405.744873046875, 378.67828369140625, 1527.128173828125, 722.7643432617188], [1312.488525390625, 442.1891784667969, 1398.0147705078125, 711.1951904296875], [1147.2216796875, 310.76788330078125, 1327.3463134765625, 796.7619018554688], [826.0596313476562, 349.6327209472656, 985.6246948242188, 841.953857421875], [1677.8858642578125, 527.1261596679688, 1759.411376953125, 720.2993774414062], [1541.2689208984375, 418.44647216796875, 1626.9969482421875, 701.3772583007812], [1829.073974609375, 419.16534423828125, 1911.7528076171875, 633.6455688476562], [944.4068603515625, 333.886474609375, 1153.3121337890625, 851.2236328125], [1097.4267578125, 401.43719482421875, 1182.43408203125, 765.257568359375]]","[0.78955078125, 0.5615234375, 0.80078125, 0.8388671875, 0.73095703125, 0.60498046875, 0.55419921875, 0.7666015625, 0.349365234375]","[[1466.4365234375, 722.7643432617188], [1355.2516479492188, 711.1951904296875], [1237.2839965820312, 796.7619018554688], [905.8421630859375, 841.953857421875], [1718.6486206054688, 720.2993774414062], [1584.1329345703125, 701.3772583007812], [1870.4133911132812, 633.6455688476562], [1048.8594970703125, 851.2236328125], [1139.930419921875, 765.257568359375]]",425394176,410927104,425394176,640,yolo26s_int8_640_ncnn_model,MOT17-09
264,164.63406200000463,0.0,9,"[72, 132, 40, 147, 95, 92, 82, 128, 163]","[[1410.0369873046875, 382.22357177734375, 1529.04150390625, 714.6727905273438], [1319.7783203125, 441.6673278808594, 1406.20751953125, 713.152099609375], [1161.5032958984375, 308.9225769042969, 1342.033935546875, 795.2214965820312], [840.3536987304688, 362.8066711425781, 997.2874145507812, 834.0364379882812], [1684.0428466796875, 526.5723876953125, 1765.7626953125, 722.326171875], [1543.7510986328125, 421.45660400390625, 1628.447265625, 701.5573120117188], [1830.9425048828125, 420.0428466796875, 1913.6815185546875, 632.9844360351562], [962.380859375, 336.9681701660156, 1168.779052734375, 856.514404296875], [119.1441650390625, 529.782958984375, 197.80361938476562, 746.360595703125]]","[0.79248046875, 0.61474609375, 0.79052734375, 0.84228515625, 0.744140625, 0.56494140625, 0.65185546875, 0.8037109375, 0.309814453125]","[[1469.5392456054688, 714.6727905273438], [1362.992919921875, 713.152099609375], [1251.7686157226562, 795.2214965820312], [918.820556640625, 834.0364379882812], [1724.9027709960938, 722.326171875], [1586.0991821289062, 701.5573120117188], [1872.31201171875, 632.9844360351562], [1065.5799560546875, 856.514404296875], [158.47389221191406, 746.360595703125]]",425394176,410927104,425394176,640,yolo26s_int8_640_ncnn_model,MOT17-09
265,164.82246900000064,0.0,9,"[72, 132, 40, 147, 95, 92, 82, 128, 163]","[[1414.0093994140625, 383.4770812988281, 1533.009765625, 711.8045654296875], [1320.7279052734375, 438.14208984375, 1408.53857421875, 715.1571655273438], [1173.89013671875, 309.0641784667969, 1353.889404296875, 792.82177734375], [843.9955444335938, 357.42669677734375, 1004.962646484375, 832.3606567382812], [1691.3997802734375, 528.3370361328125, 1770.59423828125, 719.1494750976562], [1544.417724609375, 419.4103698730469, 1629.2633056640625, 700.8792724609375], [1832.2796630859375, 419.864013671875, 1915.5673828125, 633.2340698242188], [977.072509765625, 334.85400390625, 1181.384765625, 858.7943115234375], [118.12567138671875, 529.9137573242188, 196.67678833007812, 747.665283203125]]","[0.75146484375, 0.6591796875, 0.80517578125, 0.78173828125, 0.7138671875, 0.56787109375, 0.63818359375, 0.81982421875, 0.27001953125]","[[1473.5095825195312, 711.8045654296875], [1364.6332397460938, 715.1571655273438], [1263.8897705078125, 792.82177734375], [924.4790954589844, 832.3606567382812], [1730.9970092773438, 719.1494750976562], [1586.8405151367188, 700.8792724609375], [1873.9235229492188, 633.2340698242188], [1079.2286376953125, 858.7943115234375], [157.40122985839844, 747.665283203125]]",425394176,410927104,425394176,640,yolo26s_int8_640_ncnn_model,MOT17-09
266,182.54048599987982,0.0,8,"[72, 132, 40, 147, 95, 92, 82, 128]","[[1416.4482421875, 382.6399230957031, 1537.1365966796875, 715.1137084960938], [1326.220703125, 438.5087890625, 1412.8487548828125, 714.1912231445312], [1184.9888916015625, 320.79241943359375, 1360.2298583984375, 789.2274169921875], [852.3353271484375, 364.4176025390625, 1010.9482421875, 827.8182373046875], [1694.9036865234375, 531.2788696289062, 1773.185302734375, 720.6138916015625], [1544.55517578125, 420.3845520019531, 1631.630126953125, 710.7620849609375], [1832.5902099609375, 419.7870788574219, 1916.2890625, 633.3281860351562], [988.9216918945312, 329.81707763671875, 1187.603271484375, 847.0435791015625]]","[0.79443359375, 0.7373046875, 0.78759765625, 0.79931640625, 0.70068359375, 0.53564453125, 0.640625, 0.8642578125]","[[1476.7924194335938, 715.1137084960938], [1369.5347290039062, 714.1912231445312], [1272.609375, 789.2274169921875], [931.6417846679688, 827.8182373046875], [1734.0444946289062, 720.6138916015625], [1588.0926513671875, 710.7620849609375], [1874.4396362304688, 633.3281860351562], [1088.2624816894531, 847.0435791015625]]",425394176,410927104,425394176,640,yolo26s_int8_640_ncnn_model,MOT17-09
267,165.0867289999951,0.0,9,"[72, 132, 40, 147, 95, 92, 82, 128, 163]","[[1419.42529296875, 381.8053283691406, 1541.24755859375, 716.8863525390625], [1330.68359375, 436.58746337890625, 1417.6478271484375, 715.8506469726562], [1190.970703125, 314.9867858886719, 1367.054443359375, 785.0393676757812], [864.14892578125, 355.6836242675781, 1023.3795776367188, 823.4296264648438], [1698.2852783203125, 529.402587890625, 1777.612060546875, 722.1365356445312], [1543.8243408203125, 422.2287902832031, 1629.363525390625, 711.0447998046875], [1834.02490234375, 422.477783203125, 1917.050048828125, 632.6193237304688], [1005.5927734375, 334.88037109375, 1205.4093017578125, 844.6312255859375], [118.69329071044922, 529.9973754882812, 196.39749145507812, 745.8441772460938]]","[0.82177734375, 0.76953125, 0.8076171875, 0.85498046875, 0.69482421875, 0.62060546875, 0.68310546875, 0.86181640625, 0.2568359375]","[[1480.33642578125, 716.8863525390625], [1374.1657104492188, 715.8506469726562], [1279.0125732421875, 785.0393676757812], [943.7642517089844, 823.4296264648438], [1737.9486694335938, 722.1365356445312], [1586.5939331054688, 711.0447998046875], [1875.5374755859375, 632.6193237304688], [1105.5010375976562, 844.6312255859375], [157.54539108276367, 745.8441772460938]]",425394176,410927104,425394176,640,yolo26s_int8_640_ncnn_model,MOT17-09
268,165.33882099997754,0.0,9,"[72, 132, 40, 147, 95, 92, 82, 128, 163]","[[1422.4957275390625, 381.96063232421875, 1545.4495849609375, 721.0869140625], [1335.05126953125, 434.8424072265625, 1418.3792724609375, 704.58203125], [1198.3052978515625, 318.30535888671875, 1369.875732421875, 777.0770874023438], [877.4898681640625, 359.1729431152344, 1033.09326171875, 818.1571655273438], [1703.9937744140625, 531.4049072265625, 1782.35498046875, 722.933837890625], [1543.861328125, 424.1927795410156, 1628.1129150390625, 711.845703125], [1835.4578857421875, 421.7381286621094, 1918.2562255859375, 630.1036376953125], [1026.44970703125, 336.77471923828125, 1228.2984619140625, 843.8187255859375], [119.50347137451172, 530.763671875, 196.9713897705078, 746.6428833007812]]","[0.80615234375, 0.7626953125, 0.818359375, 0.8310546875, 0.68994140625, 0.5751953125, 0.6748046875, 0.8310546875, 0.361328125]","[[1483.97265625, 721.0869140625], [1376.7152709960938, 704.58203125], [1284.0905151367188, 777.0770874023438], [955.2915649414062, 818.1571655273438], [1743.1743774414062, 722.933837890625], [1585.9871215820312, 711.845703125], [1876.8570556640625, 630.1036376953125], [1127.3740844726562, 843.8187255859375], [158.23743057250977, 746.6428833007812]]",425394176,410927104,425394176,640,yolo26s_int8_640_ncnn_model,MOT17-09
269,164.91950599993288,0.0,9,"[72, 132, 40, 147, 95, 92, 82, 128, 163]","[[1425.32421875, 383.48480224609375, 1547.99609375, 722.2039794921875], [1341.8919677734375, 429.34027099609375, 1425.0546875, 702.0673828125], [1207.2735595703125, 318.251220703125, 1376.0281982421875, 772.4074096679688], [896.1404418945312, 356.95648193359375, 1048.07421875, 810.7603759765625], [1710.5357666015625, 532.919189453125, 1787.2578125, 721.4766235351562], [1547.9443359375, 426.66998291015625, 1629.4820556640625, 706.4223022460938], [1837.182861328125, 422.69281005859375, 1919.357666015625, 628.9213256835938], [1040.4195556640625, 333.7139587402344, 1246.4501953125, 843.34716796875], [119.8071517944336, 530.7797241210938, 197.40550231933594, 747.171142578125]]","[0.779296875, 0.65283203125, 0.7529296875, 0.78564453125, 0.693359375, 0.5986328125, 0.67724609375, 0.86474609375, 0.334716796875]","[[1486.66015625, 722.2039794921875], [1383.4733276367188, 702.0673828125], [1291.65087890625, 772.4074096679688], [972.1073303222656, 810.7603759765625], [1748.8967895507812, 721.4766235351562], [1588.7131958007812, 706.4223022460938], [1878.270263671875, 628.9213256835938], [1143.4348754882812, 843.34716796875], [158.60632705688477, 747.171142578125]]",425394176,410927104,425394176,640,yolo26s_int8_640_ncnn_model,MOT17-09
270,164.50687600013225,0.0,9,"[72, 132, 40, 147, 95, 92, 82, 128, 163]","[[1427.1949462890625, 383.7921142578125, 1548.78857421875, 722.89306640625], [1349.386962890625, 435.2884826660156, 1430.1790771484375, 701.1969604492188], [1211.3468017578125, 320.6964111328125, 1376.9345703125, 772.2919311523438], [905.9338989257812, 358.1177673339844, 1054.759033203125, 809.1417236328125], [1713.0684814453125, 529.75048828125, 1790.5789794921875, 722.6397705078125], [1549.830322265625, 423.8540954589844, 1631.6453857421875, 706.0675048828125], [1837.5732421875, 422.7856750488281, 1919.8682861328125, 629.742919921875], [1053.825927734375, 340.51141357421875, 1258.8302001953125, 839.263916015625], [119.7929916381836, 531.0227661132812, 197.07736206054688, 746.1240844726562]]","[0.75634765625, 0.59814453125, 0.77587890625, 0.76318359375, 0.70947265625, 0.6865234375, 0.68896484375, 0.869140625, 0.32373046875]","[[1487.9917602539062, 722.89306640625], [1389.7830200195312, 701.1969604492188], [1294.1406860351562, 772.2919311523438], [980.3464660644531, 809.1417236328125], [1751.82373046875, 722.6397705078125], [1590.7378540039062, 706.0675048828125], [1878.7207641601562, 629.742919921875], [1156.3280639648438, 839.263916015625], [158.43517684936523, 746.1240844726562]]",425394176,410927104,425394176,640,yolo26s_int8_640_ncnn_model,MOT17-09
271,165.05267399998047,0.0,9,"[72, 132, 40, 147, 95, 92, 82, 128, 163]","[[1430.2454833984375, 385.62103271484375, 1550.3931884765625, 722.4165649414062], [1358.2364501953125, 438.55242919921875, 1437.6966552734375, 699.94580078125], [1217.8394775390625, 321.5598449707031, 1380.71240234375, 770.3508911132812], [913.8076171875, 358.7828369140625, 1060.0181884765625, 809.4202270507812], [1716.9407958984375, 528.5709228515625, 1794.4898681640625, 723.05859375], [1551.572509765625, 427.01519775390625, 1631.3643798828125, 703.7017822265625], [1840.0675048828125, 422.3087463378906, 1920.0, 628.57080078125], [1053.9671630859375, 335.9222106933594, 1262.96337890625, 836.928955078125], [120.45463562011719, 530.6057739257812, 197.7775115966797, 746.219482421875]]","[0.74169921875, 0.5751953125, 0.8037109375, 0.8330078125, 0.69287109375, 0.685546875, 0.68798828125, 0.8671875, 0.37255859375]","[[1490.3193359375, 722.4165649414062], [1397.966552734375, 699.94580078125], [1299.2759399414062, 770.3508911132812], [986.9129028320312, 809.4202270507812], [1755.71533203125, 723.05859375], [1591.4684448242188, 703.7017822265625], [1880.0337524414062, 628.57080078125], [1158.4652709960938, 836.928955078125], [159.11607360839844, 746.219482421875]]",425394176,410927104,425394176,640,yolo26s_int8_640_ncnn_model,MOT17-09
272,164.80591300000924,0.0,9,"[72, 132, 40, 147, 95, 92, 82, 128, 163]","[[1434.3209228515625, 387.0322570800781, 1551.736572265625, 718.5108642578125], [1367.2808837890625, 435.7060241699219, 1448.369140625, 701.5606689453125], [1224.55224609375, 324.46124267578125, 1392.2744140625, 790.1326904296875], [922.22021484375, 356.51409912109375, 1069.54833984375, 818.1309814453125], [1724.4859619140625, 524.4293823242188, 1805.270751953125, 724.9218139648438], [1555.4012451171875, 426.716796875, 1634.0252685546875, 702.2926025390625], [1840.816162109375, 420.8697204589844, 1920.0, 628.3909912109375], [1060.7464599609375, 331.8416442871094, 1272.736083984375, 836.51025390625], [119.44474029541016, 533.1673583984375, 196.19825744628906, 746.5018920898438]]","[0.7666015625, 0.56591796875, 0.79150390625, 0.75390625, 0.642578125, 0.6845703125, 0.650390625, 0.88427734375, 0.2734375]","[[1493.0287475585938, 718.5108642578125], [1407.8250122070312, 701.5606689453125], [1308.413330078125, 790.1326904296875], [995.88427734375, 818.1309814453125], [1764.8783569335938, 724.9218139648438], [1594.7132568359375, 702.2926025390625], [1880.4080810546875, 628.3909912109375], [1166.7412719726562, 836.51025390625], [157.8214988708496, 746.5018920898438]]",425394176,410927104,425394176,640,yolo26s_int8_640_ncnn_model,MOT17-09
273,165.02502499997718,0.0,8,"[72, 132, 40, 147, 95, 92, 82, 128]","[[1437.8724365234375, 389.5307922363281, 1550.9044189453125, 711.0538940429688], [1373.2237548828125, 435.13958740234375, 1453.301025390625, 699.7095947265625], [1233.3043212890625, 319.8434753417969, 1398.7652587890625, 780.4801635742188], [932.8193969726562, 354.1786193847656, 1079.7349853515625, 815.0131225585938], [1729.4705810546875, 527.5065307617188, 1810.8226318359375, 724.8790283203125], [1556.6226806640625, 425.3474426269531, 1635.1627197265625, 702.0217895507812], [1841.0242919921875, 419.5787048339844, 1920.0, 628.0895385742188], [1069.037353515625, 330.0569152832031, 1280.5765380859375, 833.699951171875]]","[0.74755859375, 0.49609375, 0.78515625, 0.75390625, 0.64697265625, 0.7041015625, 0.5625, 0.85400390625]","[[1494.388427734375, 711.0538940429688], [1413.2623901367188, 699.7095947265625], [1316.0347900390625, 780.4801635742188], [1006.2771911621094, 815.0131225585938], [1770.1466064453125, 724.8790283203125], [1595.8927001953125, 702.0217895507812], [1880.5121459960938, 628.0895385742188], [1174.8069458007812, 833.699951171875]]",425394176,410927104,425394176,640,yolo26s_int8_640_ncnn_model,MOT17-09
274,166.23026699994625,0.0,8,"[72, 132, 40, 147, 95, 92, 82, 131]","[[1438.77734375, 389.9228515625, 1549.67724609375, 710.817138671875], [1375.6746826171875, 440.8927001953125, 1454.447021484375, 699.0614013671875], [1247.1424560546875, 320.8526611328125, 1411.001708984375, 774.8755493164062], [947.5286865234375, 354.76953125, 1094.803466796875, 810.40869140625], [1734.798828125, 532.9456176757812, 1814.9896240234375, 724.5817260742188], [1559.051513671875, 425.5701599121094, 1637.517578125, 702.1768798828125], [1847.2314453125, 421.8149108886719, 1920.0, 628.2376098632812], [1118.1876220703125, 365.392333984375, 1260.9434814453125, 822.4702758789062]]","[0.7314453125, 0.35205078125, 0.75732421875, 0.76123046875, 0.68701171875, 0.73388671875, 0.453857421875, 0.85888671875]","[[1494.227294921875, 710.817138671875], [1415.0608520507812, 699.0614013671875], [1329.0720825195312, 774.8755493164062], [1021.1660766601562, 810.40869140625], [1774.8942260742188, 724.5817260742188], [1598.2845458984375, 702.1768798828125], [1883.61572265625, 628.2376098632812], [1189.5655517578125, 822.4702758789062]]",425394176,410927104,425394176,640,yolo26s_int8_640_ncnn_model,MOT17-09
275,179.2191310000817,0.0,9,"[72, 132, 40, 147, 95, 92, 82, 200, 131]","[[1442.5440673828125, 390.0343322753906, 1549.5821533203125, 704.7724609375], [1377.58251953125, 428.1975402832031, 1461.393798828125, 700.6375122070312], [1256.4051513671875, 329.1965026855469, 1418.91015625, 775.81103515625], [966.6008911132812, 365.4705505371094, 1110.9439697265625, 802.2571411132812], [1738.4332275390625, 531.2669677734375, 1820.4515380859375, 726.1920776367188], [1562.9241943359375, 431.8572692871094, 1639.3424072265625, 699.0162963867188], [1846.0338134765625, 420.67205810546875, 1920.0, 629.3050537109375], [1108.054931640625, 337.4624938964844, 1168.945068359375, 734.7374877929688], [1127.932373046875, 360.803955078125, 1272.6326904296875, 819.284912109375]]","[0.72509765625, 0.2744140625, 0.8115234375, 0.7646484375, 0.65576171875, 0.72998046875, 0.480224609375, 0.423095703125, 0.83642578125]","[[1496.0631103515625, 704.7724609375], [1419.4881591796875, 700.6375122070312], [1337.6576538085938, 775.81103515625], [1038.7724304199219, 802.2571411132812], [1779.4423828125, 726.1920776367188], [1601.13330078125, 699.0162963867188], [1883.0169067382812, 629.3050537109375], [1138.5, 734.7374877929688], [1200.2825317382812, 819.284912109375]]",425394176,410927104,425394176,640,yolo26s_int8_640_ncnn_model,MOT17-09
276,164.61765399981232,0.0,9,"[72, 132, 40, 147, 95, 92, 82, 200, 131]","[[1446.3768310546875, 391.54364013671875, 1550.8824462890625, 703.0714721679688], [1377.927001953125, 434.11602783203125, 1460.200439453125, 701.4647216796875], [1255.918212890625, 327.010498046875, 1417.136962890625, 773.4612426757812], [981.5830688476562, 375.56890869140625, 1125.223388671875, 801.3117065429688], [1740.1141357421875, 532.1217651367188, 1821.845947265625, 725.2918701171875], [1566.5616455078125, 429.2016296386719, 1643.7928466796875, 696.8192138671875], [1846.295166015625, 420.73602294921875, 1920.0, 627.2384033203125], [1115.047607421875, 337.4917297363281, 1178.31982421875, 750.1405029296875], [1138.5987548828125, 367.00164794921875, 1285.068603515625, 820.8363037109375]]","[0.748046875, 0.63916015625, 0.8212890625, 0.8720703125, 0.69189453125, 0.76171875, 0.515625, 0.488525390625, 0.8154296875]","[[1498.629638671875, 703.0714721679688], [1419.063720703125, 701.4647216796875], [1336.527587890625, 773.4612426757812], [1053.4032287597656, 801.3117065429688], [1780.9800415039062, 725.2918701171875], [1605.17724609375, 696.8192138671875], [1883.1475830078125, 627.2384033203125], [1146.6837158203125, 750.1405029296875], [1211.8336791992188, 820.8363037109375]]",425394176,410927104,425394176,640,yolo26s_int8_640_ncnn_model,MOT17-09
277,165.94526700009737,0.0,9,"[72, 132, 40, 147, 95, 92, 82, 200, 128]","[[1450.2335205078125, 391.565673828125, 1553.7237548828125, 703.0155639648438], [1380.250244140625, 439.7112731933594, 1460.931640625, 699.5966186523438], [1266.57080078125, 327.89495849609375, 1433.033935546875, 786.8435668945312], [988.3277587890625, 376.16131591796875, 1134.25244140625, 802.0780029296875], [1741.2967529296875, 529.2156982421875, 1825.3389892578125, 728.1475219726562], [1574.478515625, 429.4568176269531, 1654.703125, 699.7744750976562], [1847.1533203125, 418.02130126953125, 1920.0, 627.20654296875], [1125.792236328125, 334.3392028808594, 1192.485595703125, 767.5482177734375], [1127.328125, 330.05145263671875, 1331.496337890625, 827.506591796875]]","[0.75732421875, 0.58935546875, 0.7041015625, 0.8310546875, 0.67578125, 0.71142578125, 0.6015625, 0.28662109375, 0.80517578125]","[[1501.9786376953125, 703.0155639648438], [1420.5909423828125, 699.5966186523438], [1349.8023681640625, 786.8435668945312], [1061.2901000976562, 802.0780029296875], [1783.31787109375, 728.1475219726562], [1614.5908203125, 699.7744750976562], [1883.57666015625, 627.20654296875], [1159.138916015625, 767.5482177734375], [1229.4122314453125, 827.506591796875]]",425394176,410927104,425394176,640,yolo26s_int8_640_ncnn_model,MOT17-09
278,165.9384140000384,0.0,9,"[72, 132, 40, 147, 95, 92, 82, 200, 131]","[[1454.04931640625, 387.041015625, 1559.179931640625, 707.55908203125], [1385.2421875, 441.55462646484375, 1464.7037353515625, 698.1734619140625], [1270.143310546875, 329.791259765625, 1438.9234619140625, 800.083984375], [994.6704711914062, 378.31158447265625, 1142.8687744140625, 800.4278564453125], [1740.4937744140625, 527.64013671875, 1825.6761474609375, 729.6879272460938], [1580.40625, 433.7539978027344, 1661.6298828125, 698.6677856445312], [1846.7708740234375, 419.23333740234375, 1920.0, 629.9224243164062], [1134.834228515625, 343.95343017578125, 1201.017822265625, 770.940673828125], [1156.863525390625, 350.81158447265625, 1310.9549560546875, 826.1625366210938]]","[0.7529296875, 0.50048828125, 0.66650390625, 0.8154296875, 0.6435546875, 0.7265625, 0.58642578125, 0.3974609375, 0.7890625]","[[1506.6146240234375, 707.55908203125], [1424.9729614257812, 698.1734619140625], [1354.5333862304688, 800.083984375], [1068.7696228027344, 800.4278564453125], [1783.0849609375, 729.6879272460938], [1621.01806640625, 698.6677856445312], [1883.3854370117188, 629.9224243164062], [1167.926025390625, 770.940673828125], [1233.9092407226562, 826.1625366210938]]",425394176,410927104,425394176,640,yolo26s_int8_640_ncnn_model,MOT17-09
279,165.3234519999387,0.0,9,"[72, 132, 40, 147, 95, 92, 82, 200, 131]","[[1460.28369140625, 390.281494140625, 1564.107666015625, 708.2933349609375], [1394.3529052734375, 443.9610290527344, 1471.5333251953125, 696.9281005859375], [1282.3560791015625, 332.8034362792969, 1449.40185546875, 802.780029296875], [999.3235473632812, 371.49786376953125, 1150.8157958984375, 797.3886108398438], [1741.821044921875, 528.0200805664062, 1825.7783203125, 727.3114013671875], [1583.540283203125, 433.363525390625, 1667.142578125, 698.26123046875], [1851.27099609375, 423.40643310546875, 1920.0, 626.2721557617188], [1140.3773193359375, 347.1450500488281, 1209.2532958984375, 788.8839111328125], [1166.89794921875, 342.969482421875, 1327.5277099609375, 833.4306640625]]","[0.6025390625, 0.331787109375, 0.6806640625, 0.82177734375, 0.6416015625, 0.7333984375, 0.61328125, 0.5068359375, 0.76513671875]","[[1512.1956787109375, 708.2933349609375], [1432.943115234375, 696.9281005859375], [1365.8789672851562, 802.780029296875], [1075.0696716308594, 797.3886108398438], [1783.7996826171875, 727.3114013671875], [1625.3414306640625, 698.26123046875], [1885.635498046875, 626.2721557617188], [1174.8153076171875, 788.8839111328125], [1247.2128295898438, 833.4306640625]]",425394176,410927104,425394176,640,yolo26s_int8_640_ncnn_model,MOT17-09
280,165.84365600010642,0.0,10,"[72, 132, 40, 147, 95, 92, 82, 200, 131, 163]","[[1464.14111328125, 391.2667541503906, 1567.22705078125, 708.8645629882812], [1401.152587890625, 433.5312805175781, 1479.3302001953125, 696.7525634765625], [1291.603271484375, 336.9963073730469, 1446.276611328125, 777.9356079101562], [1003.6646118164062, 369.169677734375, 1156.3414306640625, 796.0853881835938], [1739.8660888671875, 526.6937866210938, 1823.9410400390625, 725.862060546875], [1585.427734375, 436.6796875, 1670.2384033203125, 699.619140625], [1852.53564453125, 427.2734069824219, 1920.0, 625.6259765625], [1147.5516357421875, 348.4329528808594, 1216.64892578125, 790.3380126953125], [1179.200927734375, 342.590087890625, 1340.24365234375, 829.6697998046875], [117.05229949951172, 526.9008178710938, 194.6898193359375, 741.331298828125]]","[0.488525390625, 0.462158203125, 0.6748046875, 0.798828125, 0.65478515625, 0.72705078125, 0.5439453125, 0.57080078125, 0.822265625, 0.269775390625]","[[1515.68408203125, 708.8645629882812], [1440.2413940429688, 696.7525634765625], [1368.93994140625, 777.9356079101562], [1080.0030212402344, 796.0853881835938], [1781.903564453125, 725.862060546875], [1627.8330688476562, 699.619140625], [1886.267822265625, 625.6259765625], [1182.1002807617188, 790.3380126953125], [1259.7222900390625, 829.6697998046875], [155.8710594177246, 741.331298828125]]",425394176,410927104,425394176,640,yolo26s_int8_640_ncnn_model,MOT17-09
281,165.37232199993923,0.0,10,"[72, 132, 40, 147, 95, 92, 82, 200, 204, 128]","[[1472.859375, 393.1073913574219, 1576.7808837890625, 711.5892333984375], [1405.1522216796875, 432.4113464355469, 1482.4305419921875, 696.952392578125], [1298.3388671875, 342.07470703125, 1452.103271484375, 783.97265625], [1010.6189575195312, 371.2474060058594, 1160.20751953125, 790.6987915039062], [1737.867919921875, 526.6983032226562, 1822.28076171875, 726.7855224609375], [1589.0491943359375, 445.132568359375, 1674.2208251953125, 701.890625], [1855.21923828125, 425.9154968261719, 1920.0, 623.1414184570312], [1154.9072265625, 350.3273620605469, 1224.1336669921875, 790.7908325195312], [1243.68798828125, 334.125, 1427.2119140625, 763.2750244140625], [1177.03515625, 336.9271240234375, 1374.31298828125, 821.4541625976562]]","[0.60107421875, 0.471435546875, 0.7041015625, 0.8125, 0.64501953125, 0.720703125, 0.62841796875, 0.6396484375, 0.442138671875, 0.83935546875]","[[1524.8201293945312, 711.5892333984375], [1443.7913818359375, 696.952392578125], [1375.2210693359375, 783.97265625], [1085.4132385253906, 790.6987915039062], [1780.0743408203125, 726.7855224609375], [1631.635009765625, 701.890625], [1887.609619140625, 623.1414184570312], [1189.5204467773438, 790.7908325195312], [1335.449951171875, 763.2750244140625], [1275.674072265625, 821.4541625976562]]",425394176,410927104,425394176,640,yolo26s_int8_640_ncnn_model,MOT17-09
282,164.5878949998405,0.0,10,"[72, 132, 40, 147, 95, 92, 82, 200, 204, 128]","[[1479.9732666015625, 394.51983642578125, 1583.2100830078125, 707.9142456054688], [1409.2740478515625, 442.8721923828125, 1482.572021484375, 694.100341796875], [1303.865478515625, 339.4814758300781, 1459.7198486328125, 792.508544921875], [1016.8101806640625, 366.2350158691406, 1165.195068359375, 788.5120849609375], [1730.3060302734375, 524.4908447265625, 1814.423828125, 727.3710327148438], [1588.922607421875, 453.534423828125, 1672.8961181640625, 702.498779296875], [1858.734619140625, 424.3905334472656, 1920.0, 621.2431030273438], [1161.0777587890625, 346.856201171875, 1230.87158203125, 787.4749755859375], [1261.375, 334.7103271484375, 1443.9422607421875, 760.816650390625], [1187.1414794921875, 337.8397521972656, 1382.3167724609375, 819.9043579101562]]","[0.7294921875, 0.44677734375, 0.60595703125, 0.875, 0.72412109375, 0.72607421875, 0.60888671875, 0.658203125, 0.471435546875, 0.8505859375]","[[1531.5916748046875, 707.9142456054688], [1445.9230346679688, 694.100341796875], [1381.7926635742188, 792.508544921875], [1091.0026245117188, 788.5120849609375], [1772.3649291992188, 727.3710327148438], [1630.9093627929688, 702.498779296875], [1889.3673095703125, 621.2431030273438], [1195.9746704101562, 787.4749755859375], [1352.6586303710938, 760.816650390625], [1284.7291259765625, 819.9043579101562]]",425394176,410927104,425394176,640,yolo26s_int8_640_ncnn_model,MOT17-09
283,183.83237699981692,0.0,10,"[72, 132, 40, 147, 95, 92, 82, 200, 204, 128]","[[1483.1231689453125, 394.0227355957031, 1586.8223876953125, 707.5326538085938], [1414.5338134765625, 440.0885925292969, 1488.493408203125, 694.8172607421875], [1310.5699462890625, 336.243896484375, 1461.4290771484375, 778.1658935546875], [1025.586669921875, 365.36358642578125, 1171.8712158203125, 784.7976684570312], [1728.24658203125, 524.6500854492188, 1812.4525146484375, 728.5640869140625], [1591.910400390625, 460.8578186035156, 1675.1632080078125, 701.4547119140625], [1861.54345703125, 423.0562744140625, 1920.0, 619.3143310546875], [1169.90966796875, 345.11004638671875, 1240.31005859375, 780.24462890625], [1263.2860107421875, 331.65899658203125, 1443.7193603515625, 751.47998046875], [1188.658447265625, 341.8958740234375, 1383.835693359375, 821.6447143554688]]","[0.71240234375, 0.453125, 0.591796875, 0.8359375, 0.73046875, 0.7333984375, 0.5947265625, 0.578125, 0.3291015625, 0.775390625]","[[1534.9727783203125, 707.5326538085938], [1451.5136108398438, 694.8172607421875], [1385.99951171875, 778.1658935546875], [1098.7289428710938, 784.7976684570312], [1770.3495483398438, 728.5640869140625], [1633.5368041992188, 701.4547119140625], [1890.771728515625, 619.3143310546875], [1205.10986328125, 780.24462890625], [1353.502685546875, 751.47998046875], [1286.2470703125, 821.6447143554688]]",425394176,410927104,425394176,640,yolo26s_int8_640_ncnn_model,MOT17-09
284,164.90634000001592,0.0,9,"[72, 132, 40, 147, 95, 92, 82, 200, 128]","[[1486.723876953125, 392.56817626953125, 1591.404541015625, 706.6641845703125], [1421.7498779296875, 442.30389404296875, 1495.029296875, 696.83251953125], [1319.38232421875, 336.292236328125, 1463.12060546875, 758.1970825195312], [1040.95703125, 365.0322570800781, 1187.5050048828125, 785.4967041015625], [1725.3262939453125, 523.0067749023438, 1811.7479248046875, 728.7594604492188], [1595.0245361328125, 465.2025146484375, 1677.80224609375, 699.2865600585938], [1864.1448974609375, 421.300048828125, 1920.0, 617.876953125], [1178.419677734375, 349.3251953125, 1250.0606689453125, 779.4055786132812], [1198.2313232421875, 341.89251708984375, 1391.5245361328125, 819.8341674804688]]","[0.60791015625, 0.453125, 0.6845703125, 0.8076171875, 0.76025390625, 0.759765625, 0.5576171875, 0.5830078125, 0.71142578125]","[[1539.064208984375, 706.6641845703125], [1458.3895874023438, 696.83251953125], [1391.25146484375, 758.1970825195312], [1114.2310180664062, 785.4967041015625], [1768.537109375, 728.7594604492188], [1636.4133911132812, 699.2865600585938], [1892.0724487304688, 617.876953125], [1214.2401733398438, 779.4055786132812], [1294.8779296875, 819.8341674804688]]",425394176,410927104,425394176,640,yolo26s_int8_640_ncnn_model,MOT17-09
285,165.9853229998589,0.0,9,"[72, 132, 40, 147, 95, 92, 82, 200, 131]","[[1486.567626953125, 390.2615051269531, 1590.341552734375, 702.1370849609375], [1425.2535400390625, 437.8999328613281, 1500.3099365234375, 701.8516235351562], [1320.0750732421875, 337.6552429199219, 1464.6568603515625, 770.7034301757812], [1052.8660888671875, 364.1634521484375, 1200.422607421875, 785.5975341796875], [1722.7178955078125, 524.1196899414062, 1810.9346923828125, 729.0635986328125], [1597.115966796875, 473.0056457519531, 1679.6114501953125, 700.2804565429688], [1865.78759765625, 422.6337890625, 1920.0, 617.3753662109375], [1185.723388671875, 352.36798095703125, 1256.9449462890625, 769.3414916992188], [1239.69482421875, 351.40093994140625, 1396.448486328125, 821.3844604492188]]","[0.640625, 0.4990234375, 0.65478515625, 0.80712890625, 0.78369140625, 0.744140625, 0.5927734375, 0.6630859375, 0.81640625]","[[1538.45458984375, 702.1370849609375], [1462.78173828125, 701.8516235351562], [1392.365966796875, 770.7034301757812], [1126.6443481445312, 785.5975341796875], [1766.8262939453125, 729.0635986328125], [1638.3637084960938, 700.2804565429688], [1892.893798828125, 617.3753662109375], [1221.3341674804688, 769.3414916992188], [1318.0716552734375, 821.3844604492188]]",425394176,410927104,425394176,640,yolo26s_int8_640_ncnn_model,MOT17-09
286,164.44811700011996,0.0,9,"[72, 132, 40, 147, 95, 92, 82, 200, 131]","[[1488.546142578125, 389.37652587890625, 1591.5479736328125, 700.4566650390625], [1432.416015625, 441.6423645019531, 1506.9456787109375, 702.254150390625], [1325.372802734375, 338.9927978515625, 1464.883056640625, 764.427734375], [1062.3829345703125, 364.5853576660156, 1211.40771484375, 785.964111328125], [1720.0286865234375, 524.8145751953125, 1810.27490234375, 728.9154663085938], [1597.288818359375, 479.26593017578125, 1680.62060546875, 701.1627197265625], [1868.475341796875, 420.8923645019531, 1920.0, 618.4771728515625], [1187.9383544921875, 351.91937255859375, 1263.3096923828125, 786.2218627929688], [1249.0093994140625, 348.4833068847656, 1404.9349365234375, 813.8945922851562]]","[0.701171875, 0.48388671875, 0.57666015625, 0.83447265625, 0.79833984375, 0.76123046875, 0.58837890625, 0.61083984375, 0.82373046875]","[[1540.0470581054688, 700.4566650390625], [1469.6808471679688, 702.254150390625], [1395.1279296875, 764.427734375], [1136.8953247070312, 785.964111328125], [1765.1517944335938, 728.9154663085938], [1638.9547119140625, 701.1627197265625], [1894.2376708984375, 618.4771728515625], [1225.6240234375, 786.2218627929688], [1326.97216796875, 813.8945922851562]]",425394176,410927104,425394176,640,yolo26s_int8_640_ncnn_model,MOT17-09
287,165.09124799995334,0.0,10,"[72, 132, 40, 147, 95, 92, 82, 200, 131, 163]","[[1493.4718017578125, 388.2956848144531, 1595.5032958984375, 698.6229248046875], [1436.6954345703125, 445.8263854980469, 1508.5234375, 696.6900024414062], [1332.173583984375, 337.3243713378906, 1471.6292724609375, 771.242431640625], [1070.657958984375, 364.5008850097656, 1221.9925537109375, 787.4168701171875], [1717.0751953125, 524.8445434570312, 1809.9415283203125, 729.0912475585938], [1600.1553955078125, 481.62237548828125, 1684.083984375, 699.1914672851562], [1869.899658203125, 418.26641845703125, 1920.0, 617.923095703125], [1196.9718017578125, 349.7572937011719, 1274.8585205078125, 784.365234375], [1257.6737060546875, 355.59893798828125, 1410.2271728515625, 807.4649047851562], [118.12542724609375, 528.5131225585938, 196.20181274414062, 743.0157470703125]]","[0.72314453125, 0.426025390625, 0.488525390625, 0.82763671875, 0.77685546875, 0.70458984375, 0.57763671875, 0.68115234375, 0.81005859375, 0.302490234375]","[[1544.487548828125, 698.6229248046875], [1472.6094360351562, 696.6900024414062], [1401.9014282226562, 771.242431640625], [1146.3252563476562, 787.4168701171875], [1763.5083618164062, 729.0912475585938], [1642.1196899414062, 699.1914672851562], [1894.9498291015625, 617.923095703125], [1235.9151611328125, 784.365234375], [1333.950439453125, 807.4649047851562], [157.1636199951172, 743.0157470703125]]",425394176,410927104,425394176,640,yolo26s_int8_640_ncnn_model,MOT17-09
288,164.23276499995154,0.0,11,"[72, 132, 40, 147, 95, 92, 82, 200, 131, 163, 204]","[[1500.2373046875, 387.14501953125, 1601.7540283203125, 696.734130859375], [1439.44140625, 447.6399841308594, 1509.50244140625, 691.3040161132812], [1341.3812255859375, 340.6446838378906, 1478.9727783203125, 772.802001953125], [1076.6055908203125, 367.6961975097656, 1233.298095703125, 801.66064453125], [1713.247802734375, 524.1240234375, 1810.5308837890625, 733.8414306640625], [1601.4930419921875, 482.8131408691406, 1686.881103515625, 698.9866333007812], [1871.3133544921875, 420.7406005859375, 1920.0, 615.2682495117188], [1201.7314453125, 347.62200927734375, 1281.3148193359375, 777.758056640625], [1265.2728271484375, 358.9595947265625, 1414.9373779296875, 800.3690795898438], [117.93688201904297, 527.1150512695312, 196.61074829101562, 742.65234375], [1295.918212890625, 328.3533020019531, 1474.168212890625, 744.9707641601562]]","[0.76171875, 0.343505859375, 0.5341796875, 0.8154296875, 0.787109375, 0.65234375, 0.56640625, 0.70556640625, 0.84130859375, 0.27197265625, 0.385498046875]","[[1550.9956665039062, 696.734130859375], [1474.471923828125, 691.3040161132812], [1410.177001953125, 772.802001953125], [1154.9518432617188, 801.66064453125], [1761.8893432617188, 733.8414306640625], [1644.1870727539062, 698.9866333007812], [1895.6566772460938, 615.2682495117188], [1241.5231323242188, 777.758056640625], [1340.1051025390625, 800.3690795898438], [157.2738151550293, 742.65234375], [1385.043212890625, 744.9707641601562]]",425394176,410927104,425394176,640,yolo26s_int8_640_ncnn_model,MOT17-09
289,165.67230400005428,0.0,11,"[72, 132, 40, 147, 95, 92, 82, 200, 131, 163, 207]","[[1510.34521484375, 388.95733642578125, 1612.1717529296875, 699.80224609375], [1441.48095703125, 441.96600341796875, 1511.4720458984375, 687.5797729492188], [1347.543212890625, 339.38909912109375, 1484.5760498046875, 774.920654296875], [1082.676025390625, 369.6291809082031, 1239.980712890625, 801.3723754882812], [1711.5931396484375, 525.5732421875, 1809.0079345703125, 729.9857177734375], [1602.3594970703125, 490.6922912597656, 1687.3297119140625, 699.4273071289062], [1873.2313232421875, 422.208984375, 1920.0, 608.7792358398438], [1206.9664306640625, 348.52423095703125, 1289.636474609375, 783.3570556640625], [1273.9677734375, 355.59222412109375, 1424.05908203125, 798.3641967773438], [117.67965698242188, 528.3946533203125, 196.19544982910156, 742.7811889648438], [1596.62451171875, 491.17498779296875, 1672.7755126953125, 689.625]]","[0.79638671875, 0.4501953125, 0.472412109375, 0.8271484375, 0.78369140625, 0.52294921875, 0.5751953125, 0.64404296875, 0.78125, 0.28076171875, 0.402099609375]","[[1561.2584838867188, 699.80224609375], [1476.4765014648438, 687.5797729492188], [1416.0596313476562, 774.920654296875], [1161.328369140625, 801.3723754882812], [1760.300537109375, 729.9857177734375], [1644.8446044921875, 699.4273071289062], [1896.6156616210938, 608.7792358398438], [1248.3014526367188, 783.3570556640625], [1349.013427734375, 798.3641967773438], [156.93755340576172, 742.7811889648438], [1634.7000122070312, 689.625]]",425394176,410927104,425394176,640,yolo26s_int8_640_ncnn_model,MOT17-09
290,164.71732199988764,0.0,11,"[72, 132, 40, 147, 95, 92, 82, 200, 131, 163, 207]","[[1519.140869140625, 389.6435546875, 1620.69873046875, 699.0097045898438], [1447.2972412109375, 447.35821533203125, 1513.8399658203125, 683.762939453125], [1355.5240478515625, 336.40936279296875, 1490.4891357421875, 773.2520141601562], [1088.4683837890625, 370.607666015625, 1246.1326904296875, 800.0047607421875], [1709.7447509765625, 528.143798828125, 1807.6378173828125, 729.4384155273438], [1604.726318359375, 496.9951171875, 1689.2939453125, 698.0680541992188], [1876.87744140625, 426.3055419921875, 1920.0, 603.8737182617188], [1216.06982421875, 354.29083251953125, 1295.993896484375, 757.16455078125], [1283.93798828125, 355.321533203125, 1433.9639892578125, 795.7200927734375], [117.59815216064453, 529.8722534179688, 196.14739990234375, 743.8250122070312], [1598.1968994140625, 494.7283630371094, 1671.6690673828125, 685.838623046875]]","[0.7666015625, 0.4501953125, 0.486572265625, 0.8310546875, 0.7744140625, 0.44873046875, 0.51708984375, 0.669921875, 0.76953125, 0.276123046875, 0.3369140625]","[[1569.9197998046875, 699.0097045898438], [1480.568603515625, 683.762939453125], [1423.006591796875, 773.2520141601562], [1167.300537109375, 800.0047607421875], [1758.6912841796875, 729.4384155273438], [1647.0101318359375, 698.0680541992188], [1898.438720703125, 603.8737182617188], [1256.0318603515625, 757.16455078125], [1358.9509887695312, 795.7200927734375], [156.87277603149414, 743.8250122070312], [1634.9329833984375, 685.838623046875]]",425394176,410927104,425394176,640,yolo26s_int8_640_ncnn_model,MOT17-09
291,166.45606399993085,0.0,11,"[72, 132, 40, 147, 95, 92, 82, 200, 131, 163, 207]","[[1524.247802734375, 388.9079895019531, 1627.7216796875, 702.7206420898438], [1452.819091796875, 446.8601379394531, 1518.051513671875, 682.8945922851562], [1363.08251953125, 336.37213134765625, 1493.664306640625, 764.5784912109375], [1092.4854736328125, 370.95880126953125, 1250.85205078125, 799.476318359375], [1704.7015380859375, 526.8635864257812, 1803.5234375, 730.4684448242188], [1605.375732421875, 501.3908386230469, 1690.0096435546875, 696.30126953125], [1879.9000244140625, 428.0556640625, 1920.0, 592.7011108398438], [1217.4398193359375, 353.6781921386719, 1298.5732421875, 748.6346435546875], [1295.4996337890625, 355.4352111816406, 1447.047607421875, 793.592529296875], [120.70730590820312, 536.3875122070312, 196.96409606933594, 742.2310791015625], [1600.57958984375, 500.95819091796875, 1671.826171875, 685.5037841796875]]","[0.74853515625, 0.479736328125, 0.55810546875, 0.81591796875, 0.7783203125, 0.525390625, 0.38330078125, 0.6826171875, 0.8447265625, 0.26025390625, 0.3515625]","[[1575.9847412109375, 702.7206420898438], [1485.435302734375, 682.8945922851562], [1428.3734130859375, 764.5784912109375], [1171.6687622070312, 799.476318359375], [1754.1124877929688, 730.4684448242188], [1647.6926879882812, 696.30126953125], [1899.9500122070312, 592.7011108398438], [1258.0065307617188, 748.6346435546875], [1371.2736206054688, 793.592529296875], [158.83570098876953, 742.2310791015625], [1636.202880859375, 685.5037841796875]]",425394176,410927104,425394176,640,yolo26s_int8_640_ncnn_model,MOT17-09
292,174.30566400003045,0.0,10,"[72, 132, 40, 147, 95, 92, 82, 200, 163, 128]","[[1532.4622802734375, 388.63177490234375, 1637.5401611328125, 705.1152954101562], [1459.4451904296875, 441.3900451660156, 1523.7174072265625, 678.8674926757812], [1373.814697265625, 338.59271240234375, 1504.440673828125, 773.0537109375], [1101.0615234375, 371.815673828125, 1259.7691650390625, 798.5284423828125], [1700.99267578125, 526.3839721679688, 1799.9100341796875, 730.8434448242188], [1600.9935302734375, 506.3697814941406, 1684.43212890625, 696.1959838867188], [1881.658935546875, 430.2198181152344, 1920.0, 583.0399169921875], [1222.00439453125, 351.4045715332031, 1303.0791015625, 733.4959106445312], [118.34674072265625, 531.5400390625, 196.65615844726562, 742.8821411132812], [1297.1175537109375, 365.9590759277344, 1471.4693603515625, 792.0159912109375]]","[0.7392578125, 0.3193359375, 0.45068359375, 0.787109375, 0.78369140625, 0.491455078125, 0.438720703125, 0.5859375, 0.338623046875, 0.794921875]","[[1585.001220703125, 705.1152954101562], [1491.581298828125, 678.8674926757812], [1439.127685546875, 773.0537109375], [1180.4153442382812, 798.5284423828125], [1750.4513549804688, 730.8434448242188], [1642.7128295898438, 696.1959838867188], [1900.8294677734375, 583.0399169921875], [1262.541748046875, 733.4959106445312], [157.50144958496094, 742.8821411132812], [1384.29345703125, 792.0159912109375]]",425394176,410927104,425394176,640,yolo26s_int8_640_ncnn_model,MOT17-09
293,165.1838399998269,0.0,10,"[72, 132, 40, 147, 95, 92, 82, 200, 163, 128]","[[1538.0133056640625, 388.77471923828125, 1644.364013671875, 707.7610473632812], [1463.1597900390625, 436.851318359375, 1528.2391357421875, 679.9259033203125], [1382.5333251953125, 343.111083984375, 1505.28857421875, 756.6775512695312], [1105.2076416015625, 373.36029052734375, 1260.554931640625, 788.983154296875], [1697.4527587890625, 525.7069702148438, 1796.7845458984375, 731.4679565429688], [1605.0947265625, 510.2747802734375, 1690.96630859375, 701.0508422851562], [1883.0784912109375, 432.2555847167969, 1920.0, 577.4486083984375], [1226.7037353515625, 353.83575439453125, 1311.2750244140625, 738.9635620117188], [118.95625305175781, 533.726318359375, 196.80491638183594, 743.1190795898438], [1310.46728515625, 377.59759521484375, 1484.02001953125, 795.4530639648438]]","[0.74072265625, 0.376953125, 0.3642578125, 0.79296875, 0.767578125, 0.55859375, 0.42919921875, 0.63525390625, 0.305419921875, 0.81787109375]","[[1591.1886596679688, 707.7610473632812], [1495.699462890625, 679.9259033203125], [1443.9109497070312, 756.6775512695312], [1182.8812866210938, 788.983154296875], [1747.11865234375, 731.4679565429688], [1648.030517578125, 701.0508422851562], [1901.5392456054688, 577.4486083984375], [1268.9893798828125, 738.9635620117188], [157.88058471679688, 743.1190795898438], [1397.24365234375, 795.4530639648438]]",425394176,410927104,425394176,640,yolo26s_int8_640_ncnn_model,MOT17-09
294,165.05234000010205,0.0,11,"[72, 132, 40, 147, 95, 92, 82, 200, 163, 128, 208]","[[1547.9617919921875, 390.0638122558594, 1656.45263671875, 710.4887084960938], [1472.0482177734375, 437.63739013671875, 1534.9832763671875, 677.9049682617188], [1389.3631591796875, 346.7166442871094, 1509.4578857421875, 758.6094970703125], [1109.36572265625, 378.4310607910156, 1258.467529296875, 774.8504028320312], [1696.278564453125, 526.9337768554688, 1795.5245361328125, 732.1861572265625], [1600.2252197265625, 510.51416015625, 1687.406005859375, 702.79052734375], [1885.6129150390625, 432.3934326171875, 1920.0, 575.1712036132812], [1234.889892578125, 356.95343017578125, 1318.39697265625, 722.71728515625], [117.64774322509766, 530.0687866210938, 196.78163146972656, 742.7122802734375], [1316.8056640625, 379.5386047363281, 1489.9468994140625, 793.8573608398438], [1645.9285888671875, 522.2999877929688, 1807.0714111328125, 732.2999877929688]]","[0.73876953125, 0.305419921875, 0.427734375, 0.79052734375, 0.79833984375, 0.580078125, 0.465576171875, 0.73681640625, 0.25634765625, 0.84326171875, 0.440673828125]","[[1602.2072143554688, 710.4887084960938], [1503.5157470703125, 677.9049682617188], [1449.4105224609375, 758.6094970703125], [1183.9166259765625, 774.8504028320312], [1745.9015502929688, 732.1861572265625], [1643.8156127929688, 702.79052734375], [1902.8064575195312, 575.1712036132812], [1276.6434326171875, 722.71728515625], [157.2146873474121, 742.7122802734375], [1403.3762817382812, 793.8573608398438], [1726.5, 732.2999877929688]]",425394176,410927104,425394176,640,yolo26s_int8_640_ncnn_model,MOT17-09
295,164.90328400004728,0.0,10,"[72, 132, 40, 147, 95, 92, 82, 200, 163, 128]","[[1552.147216796875, 390.800537109375, 1660.2030029296875, 704.3556518554688], [1482.1446533203125, 444.70233154296875, 1541.4149169921875, 675.4566040039062], [1398.0091552734375, 349.49249267578125, 1510.428466796875, 737.8341064453125], [1110.2362060546875, 381.3031005859375, 1255.5533447265625, 766.593505859375], [1693.727783203125, 527.4036865234375, 1793.302001953125, 732.4446411132812], [1595.5792236328125, 508.4294738769531, 1684.826171875, 704.4230346679688], [1885.686279296875, 433.1813659667969, 1920.0, 575.8231811523438], [1238.4617919921875, 357.06158447265625, 1326.9986572265625, 732.089111328125], [116.74715423583984, 527.2135009765625, 196.93589782714844, 743.0546264648438], [1320.4610595703125, 379.1304016113281, 1494.0013427734375, 794.3504638671875]]","[0.68310546875, 0.359619140625, 0.42236328125, 0.7841796875, 0.796875, 0.59765625, 0.449951171875, 0.744140625, 0.33251953125, 0.8037109375]","[[1606.1751098632812, 704.3556518554688], [1511.77978515625, 675.4566040039062], [1454.2188110351562, 737.8341064453125], [1182.894775390625, 766.593505859375], [1743.514892578125, 732.4446411132812], [1640.2026977539062, 704.4230346679688], [1902.8431396484375, 575.8231811523438], [1282.730224609375, 732.089111328125], [156.84152603149414, 743.0546264648438], [1407.231201171875, 794.3504638671875]]",425394176,410927104,425394176,640,yolo26s_int8_640_ncnn_model,MOT17-09
296,165.18376699991677,0.0,10,"[72, 132, 40, 147, 95, 92, 82, 200, 163, 128]","[[1556.1156005859375, 390.82696533203125, 1664.6688232421875, 701.2425537109375], [1488.4931640625, 447.1327209472656, 1546.864501953125, 675.8773803710938], [1403.0052490234375, 349.9536437988281, 1513.435791015625, 735.71826171875], [1106.25634765625, 378.2397766113281, 1255.2138671875, 777.9087524414062], [1692.697998046875, 529.0651245117188, 1792.6361083984375, 733.022705078125], [1594.970703125, 507.0357666015625, 1684.7091064453125, 703.5143432617188], [1884.650634765625, 432.6595764160156, 1920.0, 576.9613647460938], [1238.9744873046875, 356.5814514160156, 1334.531982421875, 751.943115234375], [118.40223693847656, 530.3206787109375, 197.46234130859375, 742.939208984375], [1321.7911376953125, 360.2698974609375, 1502.75634765625, 795.0953979492188]]","[0.6630859375, 0.3408203125, 0.256591796875, 0.81982421875, 0.79931640625, 0.53369140625, 0.466796875, 0.7529296875, 0.273193359375, 0.82861328125]","[[1610.3922119140625, 701.2425537109375], [1517.6788330078125, 675.8773803710938], [1458.2205200195312, 735.71826171875], [1180.735107421875, 777.9087524414062], [1742.6670532226562, 733.022705078125], [1639.8399047851562, 703.5143432617188], [1902.3253173828125, 576.9613647460938], [1286.7532348632812, 751.943115234375], [157.93228912353516, 742.939208984375], [1412.2737426757812, 795.0953979492188]]",425394176,410927104,425394176,640,yolo26s_int8_640_ncnn_model,MOT17-09
297,165.47126699992987,0.0,9,"[72, 132, 147, 95, 92, 82, 200, 163, 128]","[[1563.72705078125, 391.8269348144531, 1673.712646484375, 699.0944213867188], [1486.6085205078125, 432.9389343261719, 1548.6748046875, 675.0775756835938], [1105.8839111328125, 377.8619384765625, 1252.8349609375, 779.29345703125], [1691.534912109375, 528.9442749023438, 1791.2908935546875, 731.9853515625], [1595.260009765625, 515.8659057617188, 1680.1285400390625, 700.6522216796875], [1886.15478515625, 431.9347229003906, 1920.0, 580.0135498046875], [1243.0938720703125, 359.3187255859375, 1338.962646484375, 744.6795043945312], [120.48802947998047, 537.4981689453125, 197.33740234375, 742.8945922851562], [1330.9490966796875, 360.4423522949219, 1509.65087890625, 796.1380615234375]]","[0.7421875, 0.371337890625, 0.853515625, 0.78662109375, 0.4189453125, 0.484375, 0.779296875, 0.31396484375, 0.83447265625]","[[1618.7198486328125, 699.0944213867188], [1517.6416625976562, 675.0775756835938], [1179.3594360351562, 779.29345703125], [1741.4129028320312, 731.9853515625], [1637.6942749023438, 700.6522216796875], [1903.077392578125, 580.0135498046875], [1291.0282592773438, 744.6795043945312], [158.91271591186523, 742.8945922851562], [1420.2999877929688, 796.1380615234375]]",425394176,410927104,425394176,640,yolo26s_int8_640_ncnn_model,MOT17-09
298,165.21841500002665,0.0,10,"[72, 132, 147, 95, 92, 82, 200, 163, 128, 210]","[[1573.1043701171875, 392.69293212890625, 1670.107666015625, 651.9156494140625], [1492.5235595703125, 439.25494384765625, 1552.3499755859375, 675.05126953125], [1109.3570556640625, 378.4272155761719, 1249.8411865234375, 769.1998291015625], [1689.7435302734375, 526.4061889648438, 1790.2613525390625, 731.083740234375], [1593.27978515625, 524.1747436523438, 1676.3572998046875, 702.6094360351562], [1886.783447265625, 430.6485290527344, 1920.0, 581.2120971679688], [1246.5980224609375, 358.8475646972656, 1345.076171875, 743.3043212890625], [120.95853424072266, 539.6965942382812, 197.59873962402344, 743.3810424804688], [1341.33544921875, 359.5362548828125, 1513.5247802734375, 784.6776733398438], [1677.323486328125, 475.5, 1733.0765380859375, 584.0999755859375]]","[0.5927734375, 0.351806640625, 0.8330078125, 0.77392578125, 0.65283203125, 0.4951171875, 0.76025390625, 0.3076171875, 0.84130859375, 0.343994140625]","[[1621.6060180664062, 651.9156494140625], [1522.436767578125, 675.05126953125], [1179.59912109375, 769.1998291015625], [1740.00244140625, 731.083740234375], [1634.8185424804688, 702.6094360351562], [1903.3917236328125, 581.2120971679688], [1295.8370971679688, 743.3043212890625], [159.27863693237305, 743.3810424804688], [1427.4301147460938, 784.6776733398438], [1705.2000122070312, 584.0999755859375]]",425394176,410927104,425394176,640,yolo26s_int8_640_ncnn_model,MOT17-09
299,165.2392299999974,0.0,10,"[72, 132, 147, 95, 92, 82, 200, 163, 128, 210]","[[1577.93603515625, 391.40478515625, 1674.8265380859375, 641.5482177734375], [1498.9268798828125, 436.8147277832031, 1558.156982421875, 673.1220703125], [1111.1414794921875, 376.84771728515625, 1251.8267822265625, 778.2533569335938], [1687.816650390625, 528.1680908203125, 1787.271484375, 730.9854125976562], [1593.971435546875, 530.3291625976562, 1675.6658935546875, 702.027099609375], [1887.235595703125, 430.8946228027344, 1920.0, 581.98046875], [1252.0889892578125, 361.1318664550781, 1351.7027587890625, 738.3294677734375], [119.03990936279297, 535.2214965820312, 197.64796447753906, 743.8093872070312], [1350.1444091796875, 354.69268798828125, 1521.3006591796875, 780.8687744140625], [1678.1112060546875, 474.0446472167969, 1735.0831298828125, 585.0896606445312]]","[0.599609375, 0.430908203125, 0.7158203125, 0.7705078125, 0.58935546875, 0.413330078125, 0.6591796875, 0.330810546875, 0.837890625, 0.341064453125]","[[1626.3812866210938, 641.5482177734375], [1528.5419311523438, 673.1220703125], [1181.484130859375, 778.2533569335938], [1737.5440673828125, 730.9854125976562], [1634.8186645507812, 702.027099609375], [1903.6177978515625, 581.98046875], [1301.8958740234375, 738.3294677734375], [158.34393692016602, 743.8093872070312], [1435.7225341796875, 780.8687744140625], [1706.59716796875, 585.0896606445312]]",425394176,410927104,425394176,640,yolo26s_int8_640_ncnn_model,MOT17-09
300,181.25231900012295,0.0,9,"[72, 132, 147, 95, 92, 82, 200, 163, 128]","[[1581.89013671875, 392.5425720214844, 1675.864990234375, 628.4338989257812], [1504.6962890625, 438.1592102050781, 1561.5672607421875, 671.2052612304688], [1116.9041748046875, 374.7781066894531, 1255.16650390625, 776.1555786132812], [1686.3392333984375, 527.3499755859375, 1785.0128173828125, 730.4461059570312], [1595.7349853515625, 529.8082275390625, 1678.0394287109375, 702.3182983398438], [1888.0283203125, 431.9722900390625, 1920.0, 579.33984375], [1261.362060546875, 363.7081604003906, 1363.5091552734375, 738.7443237304688], [118.71577453613281, 531.57275390625, 198.3839111328125, 742.9786987304688], [1358.07666015625, 354.171142578125, 1526.880615234375, 777.2929077148438]]","[0.478515625, 0.417724609375, 0.60595703125, 0.74560546875, 0.57763671875, 0.32763671875, 0.73583984375, 0.299560546875, 0.83935546875]","[[1628.8775634765625, 628.4338989257812], [1533.1317749023438, 671.2052612304688], [1186.0353393554688, 776.1555786132812], [1735.676025390625, 730.4461059570312], [1636.88720703125, 702.3182983398438], [1904.01416015625, 579.33984375], [1312.4356079101562, 738.7443237304688], [158.54984283447266, 742.9786987304688], [1442.4786376953125, 777.2929077148438]]",425394176,410927104,425394176,640,yolo26s_int8_640_ncnn_model,MOT17-09
301,164.9431559999357,0.0,9,"[72, 132, 147, 95, 92, 82, 200, 163, 128]","[[1573.073974609375, 390.844970703125, 1685.8648681640625, 677.5447998046875], [1508.6484375, 434.44415283203125, 1564.655517578125, 667.79052734375], [1130.0673828125, 376.9495544433594, 1265.0128173828125, 767.4500732421875], [1686.58984375, 525.0567626953125, 1785.454833984375, 730.2412109375], [1596.7255859375, 531.7821044921875, 1678.53125, 702.1640625], [1888.425048828125, 432.11297607421875, 1920.0, 577.64892578125], [1267.9698486328125, 364.62445068359375, 1371.2623291015625, 735.9384155273438], [118.75407409667969, 527.4588623046875, 200.1007843017578, 743.3992309570312], [1363.0693359375, 350.020751953125, 1534.2366943359375, 780.034912109375]]","[0.59765625, 0.31005859375, 0.79150390625, 0.72021484375, 0.4580078125, 0.43212890625, 0.703125, 0.347900390625, 0.80126953125]","[[1629.4694213867188, 677.5447998046875], [1536.6519775390625, 667.79052734375], [1197.5401000976562, 767.4500732421875], [1736.0223388671875, 730.2412109375], [1637.62841796875, 702.1640625], [1904.2125244140625, 577.64892578125], [1319.6160888671875, 735.9384155273438], [159.42742919921875, 743.3992309570312], [1448.6530151367188, 780.034912109375]]",425394176,410927104,425394176,640,yolo26s_int8_640_ncnn_model,MOT17-09
302,166.57184299992878,0.0,9,"[72, 132, 147, 95, 92, 82, 200, 163, 128]","[[1573.978271484375, 391.4806213378906, 1691.46044921875, 695.8787231445312], [1510.9393310546875, 456.45037841796875, 1563.654541015625, 671.0452880859375], [1140.1094970703125, 377.7669677734375, 1273.3681640625, 762.1898193359375], [1689.412841796875, 525.1829223632812, 1786.9473876953125, 729.1759643554688], [1595.5260009765625, 528.048095703125, 1678.25390625, 700.3267822265625], [1888.6107177734375, 432.90472412109375, 1920.0, 575.3212280273438], [1273.915283203125, 355.9118347167969, 1379.164794921875, 731.9273071289062], [117.63011932373047, 527.6226806640625, 198.93923950195312, 743.8043212890625], [1366.6737060546875, 349.2498779296875, 1539.6453857421875, 783.3499145507812]]","[0.66162109375, 0.373779296875, 0.75, 0.748046875, 0.41015625, 0.32763671875, 0.7041015625, 0.275146484375, 0.78662109375]","[[1632.7193603515625, 695.8787231445312], [1537.2969360351562, 671.0452880859375], [1206.7388305664062, 762.1898193359375], [1738.1801147460938, 729.1759643554688], [1636.8899536132812, 700.3267822265625], [1904.3053588867188, 575.3212280273438], [1326.5400390625, 731.9273071289062], [158.2846794128418, 743.8043212890625], [1453.1595458984375, 783.3499145507812]]",425394176,410927104,425394176,640,yolo26s_int8_640_ncnn_model,MOT17-09
303,165.00559999985853,0.0,9,"[72, 147, 95, 92, 82, 200, 163, 128, 210]","[[1574.5980224609375, 385.9873962402344, 1693.0333251953125, 699.6723022460938], [1147.4940185546875, 378.8076477050781, 1280.442138671875, 760.5718383789062], [1693.860107421875, 528.466064453125, 1788.2242431640625, 727.5305786132812], [1594.853515625, 525.0819091796875, 1678.3853759765625, 699.1537475585938], [1888.702392578125, 434.19183349609375, 1920.0, 575.5300903320312], [1276.0146484375, 349.4345397949219, 1382.7711181640625, 730.7294311523438], [117.40230560302734, 526.7218627929688, 198.8924102783203, 743.9583740234375], [1372.144775390625, 350.7347412109375, 1543.8885498046875, 779.9794311523438], [1682.648681640625, 474.67962646484375, 1737.2880859375, 581.4127807617188]]","[0.56689453125, 0.80322265625, 0.7607421875, 0.472412109375, 0.31982421875, 0.703125, 0.275390625, 0.74853515625, 0.273681640625]","[[1633.815673828125, 699.6723022460938], [1213.9680786132812, 760.5718383789062], [1741.0421752929688, 727.5305786132812], [1636.6194458007812, 699.1537475585938], [1904.3511962890625, 575.5300903320312], [1329.3928833007812, 730.7294311523438], [158.14735794067383, 743.9583740234375], [1458.0166625976562, 779.9794311523438], [1709.9683837890625, 581.4127807617188]]",425394176,410927104,425394176,640,yolo26s_int8_640_ncnn_model,MOT17-09
304,165.04284100005862,0.0,11,"[72, 147, 95, 92, 82, 200, 163, 128, 210, 208, 132]","[[1578.4053955078125, 391.2903747558594, 1693.592041015625, 702.263916015625], [1153.2869873046875, 379.4273986816406, 1285.6165771484375, 759.8055419921875], [1697.5911865234375, 528.2149047851562, 1790.7493896484375, 726.4133911132812], [1599.1934814453125, 519.6494750976562, 1687.8173828125, 699.9697265625], [1886.918212890625, 434.89923095703125, 1919.20751953125, 576.4143676757812], [1280.069091796875, 349.2224426269531, 1386.3331298828125, 730.0838623046875], [117.06259155273438, 526.3980102539062, 198.51010131835938, 744.0140380859375], [1377.5894775390625, 353.3433532714844, 1547.42578125, 774.7702026367188], [1680.0675048828125, 473.6784362792969, 1735.913818359375, 583.2870483398438], [1644.676513671875, 526.1022338867188, 1796.3948974609375, 724.919189453125], [1515.2403564453125, 455.05743408203125, 1570.2803955078125, 673.1717529296875]]","[0.310302734375, 0.796875, 0.78173828125, 0.5126953125, 0.361083984375, 0.693359375, 0.310302734375, 0.77587890625, 0.2578125, 0.416015625, 0.41357421875]","[[1635.9987182617188, 702.263916015625], [1219.4517822265625, 759.8055419921875], [1744.1702880859375, 726.4133911132812], [1643.5054321289062, 699.9697265625], [1903.0628662109375, 576.4143676757812], [1333.2011108398438, 730.0838623046875], [157.78634643554688, 744.0140380859375], [1462.5076293945312, 774.7702026367188], [1707.9906616210938, 583.2870483398438], [1720.5357055664062, 724.919189453125], [1542.7603759765625, 673.1717529296875]]",425394176,410927104,425394176,640,yolo26s_int8_640_ncnn_model,MOT17-09
305,165.0428970001485,0.0,11,"[72, 147, 95, 92, 82, 200, 163, 128, 210, 208, 132]","[[1585.386474609375, 389.72528076171875, 1684.02978515625, 656.81005859375], [1155.7506103515625, 382.63775634765625, 1285.8212890625, 757.6032104492188], [1701.0872802734375, 527.8670043945312, 1793.5855712890625, 726.2598876953125], [1595.802001953125, 511.6802673339844, 1688.441650390625, 700.278564453125], [1888.0582275390625, 435.1418762207031, 1920.0, 576.786376953125], [1280.34326171875, 350.660888671875, 1388.4461669921875, 740.3153076171875], [117.25344848632812, 528.515380859375, 197.55123901367188, 742.7982788085938], [1382.9146728515625, 358.36029052734375, 1550.845458984375, 772.8776245117188], [1681.0640869140625, 472.6098937988281, 1737.8594970703125, 585.6361694335938], [1650.508544921875, 526.48974609375, 1800.9537353515625, 726.5726928710938], [1518.9803466796875, 446.5864562988281, 1578.148193359375, 675.6531372070312]]","[0.40966796875, 0.7900390625, 0.77294921875, 0.489501953125, 0.275390625, 0.7333984375, 0.328369140625, 0.8271484375, 0.263916015625, 0.4287109375, 0.2822265625]","[[1634.7081298828125, 656.81005859375], [1220.7859497070312, 757.6032104492188], [1747.33642578125, 726.2598876953125], [1642.121826171875, 700.278564453125], [1904.0291137695312, 576.786376953125], [1334.3947143554688, 740.3153076171875], [157.40234375, 742.7982788085938], [1466.8800659179688, 772.8776245117188], [1709.4617919921875, 585.6361694335938], [1725.7311401367188, 726.5726928710938], [1548.5642700195312, 675.6531372070312]]",425394176,410927104,425394176,640,yolo26s_int8_640_ncnn_model,MOT17-09
306,164.8921739999878,0.0,9,"[72, 147, 95, 92, 82, 200, 163, 128, 208]","[[1582.0069580078125, 388.8381042480469, 1689.841552734375, 686.6517944335938], [1158.3544921875, 386.82598876953125, 1286.765869140625, 758.871337890625], [1700.703125, 528.4781494140625, 1792.3643798828125, 726.4649658203125], [1592.7337646484375, 506.9264831542969, 1686.520751953125, 699.1812744140625], [1888.6634521484375, 435.46197509765625, 1920.0, 575.7156372070312], [1282.1134033203125, 352.6922912597656, 1393.1270751953125, 755.4788208007812], [118.89103698730469, 533.5679321289062, 197.36415100097656, 742.0838623046875], [1386.6925048828125, 357.48883056640625, 1555.7655029296875, 771.9984741210938], [1653.6826171875, 526.8682861328125, 1802.9339599609375, 728.8279418945312]]","[0.55224609375, 0.8017578125, 0.767578125, 0.4228515625, 0.38623046875, 0.751953125, 0.294921875, 0.81982421875, 0.43603515625]","[[1635.9242553710938, 686.6517944335938], [1222.5601806640625, 758.871337890625], [1746.5337524414062, 726.4649658203125], [1639.6272583007812, 699.1812744140625], [1904.3317260742188, 575.7156372070312], [1337.6202392578125, 755.4788208007812], [158.12759399414062, 742.0838623046875], [1471.22900390625, 771.9984741210938], [1728.3082885742188, 728.8279418945312]]",425394176,410927104,425394176,640,yolo26s_int8_640_ncnn_model,MOT17-09
307,164.8395449999498,0.0,9,"[72, 147, 95, 92, 82, 200, 128, 208, 132]","[[1595.5076904296875, 392.8761901855469, 1688.9075927734375, 649.5717163085938], [1165.8365478515625, 396.35821533203125, 1290.2435302734375, 760.4178466796875], [1701.20068359375, 528.4560546875, 1793.234130859375, 727.799072265625], [1598.77978515625, 503.12646484375, 1694.1422119140625, 694.8464965820312], [1888.853759765625, 436.3125305175781, 1920.0, 576.6051025390625], [1284.201904296875, 352.0144348144531, 1397.0692138671875, 764.652587890625], [1389.1409912109375, 363.1446228027344, 1556.06787109375, 772.7344360351562], [1655.9976806640625, 528.9961547851562, 1800.4967041015625, 725.664794921875], [1521.4156494140625, 437.6700134277344, 1583.183349609375, 675.0598754882812]]","[0.318115234375, 0.81201171875, 0.74951171875, 0.6279296875, 0.38916015625, 0.732421875, 0.814453125, 0.42236328125, 0.3720703125]","[[1642.2076416015625, 649.5717163085938], [1228.0400390625, 760.4178466796875], [1747.2174072265625, 727.799072265625], [1646.4609985351562, 694.8464965820312], [1904.4268798828125, 576.6051025390625], [1340.6355590820312, 764.652587890625], [1472.6044311523438, 772.7344360351562], [1728.2471923828125, 725.664794921875], [1552.2994995117188, 675.0598754882812]]",425394176,410927104,425394176,640,yolo26s_int8_640_ncnn_model,MOT17-09
308,173.12556999991102,0.0,9,"[147, 95, 92, 82, 200, 128, 208, 132, 163]","[[1167.7384033203125, 381.975830078125, 1296.05224609375, 761.8217163085938], [1701.2069091796875, 527.6997680664062, 1793.7305908203125, 728.060546875], [1602.0814208984375, 498.9744567871094, 1700.031494140625, 692.93701171875], [1889.322509765625, 437.6086120605469, 1920.0, 576.9659423828125], [1289.734619140625, 353.2214050292969, 1401.2952880859375, 766.6751708984375], [1394.01416015625, 364.2654724121094, 1562.6822509765625, 779.088623046875], [1658.014404296875, 525.7328491210938, 1802.436279296875, 724.4725341796875], [1522.69287109375, 437.60498046875, 1584.590576171875, 674.955810546875], [117.49018859863281, 529.890380859375, 197.20819091796875, 741.8182373046875]]","[0.82470703125, 0.76123046875, 0.728515625, 0.39111328125, 0.72705078125, 0.79248046875, 0.46240234375, 0.374755859375, 0.2783203125]","[[1231.8953247070312, 761.8217163085938], [1747.46875, 728.060546875], [1651.0564575195312, 692.93701171875], [1904.6612548828125, 576.9659423828125], [1345.5149536132812, 766.6751708984375], [1478.3482055664062, 779.088623046875], [1730.225341796875, 724.4725341796875], [1553.6417236328125, 674.955810546875], [157.34918975830078, 741.8182373046875]]",425394176,410927104,425394176,640,yolo26s_int8_640_ncnn_model,MOT17-09
309,172.01055099985751,0.0,10,"[147, 95, 92, 82, 200, 128, 208, 132, 163, 72]","[[1174.8270263671875, 381.900390625, 1305.3582763671875, 770.9547729492188], [1700.7127685546875, 527.65771484375, 1792.419677734375, 726.9254150390625], [1598.5916748046875, 495.2274169921875, 1701.04150390625, 695.4259643554688], [1888.993896484375, 437.32196044921875, 1920.0, 578.87841796875], [1296.48828125, 356.8882141113281, 1401.8389892578125, 749.4520263671875], [1401.1715087890625, 362.924072265625, 1568.3309326171875, 774.2904052734375], [1657.1610107421875, 525.5271606445312, 1800.7088623046875, 725.0524291992188], [1525.4478759765625, 427.96514892578125, 1588.5782470703125, 670.7222900390625], [116.71598052978516, 528.5089111328125, 197.13050842285156, 742.3045654296875], [1615.5380859375, 397.6380310058594, 1693.722412109375, 610.33154296875]]","[0.81787109375, 0.75390625, 0.68896484375, 0.468505859375, 0.65234375, 0.79150390625, 0.449951171875, 0.363525390625, 0.305908203125, 0.430908203125]","[[1240.0926513671875, 770.9547729492188], [1746.5662231445312, 726.9254150390625], [1649.8165893554688, 695.4259643554688], [1904.4969482421875, 578.87841796875], [1349.1636352539062, 749.4520263671875], [1484.751220703125, 774.2904052734375], [1728.9349365234375, 725.0524291992188], [1557.0130615234375, 670.7222900390625], [156.92324447631836, 742.3045654296875], [1654.6302490234375, 610.33154296875]]",425394176,410927104,425394176,640,yolo26s_int8_640_ncnn_model,MOT17-09
310,163.82272900000316,0.0,10,"[147, 95, 92, 82, 200, 128, 208, 132, 163, 72]","[[1182.342529296875, 375.2337951660156, 1311.6351318359375, 761.4761962890625], [1698.6114501953125, 526.6473388671875, 1789.847900390625, 725.5050048828125], [1595.812744140625, 490.43634033203125, 1702.814697265625, 697.8467407226562], [1889.134033203125, 436.9500732421875, 1920.0, 579.8502197265625], [1301.234619140625, 358.3130798339844, 1403.3792724609375, 738.6358032226562], [1410.8701171875, 364.8778076171875, 1574.9332275390625, 768.010498046875], [1656.13134765625, 525.6956176757812, 1798.7303466796875, 725.0426635742188], [1526.791259765625, 426.09478759765625, 1589.5789794921875, 669.3895263671875], [116.5538558959961, 526.7833251953125, 197.73193359375, 742.724609375], [1616.9532470703125, 398.81988525390625, 1700.9010009765625, 627.552734375]]","[0.79638671875, 0.72900390625, 0.6640625, 0.4462890625, 0.69482421875, 0.75390625, 0.378173828125, 0.29296875, 0.3076171875, 0.4482421875]","[[1246.9888305664062, 761.4761962890625], [1744.2296752929688, 725.5050048828125], [1649.313720703125, 697.8467407226562], [1904.5670166015625, 579.8502197265625], [1352.3069458007812, 738.6358032226562], [1492.9016723632812, 768.010498046875], [1727.4308471679688, 725.0426635742188], [1558.1851196289062, 669.3895263671875], [157.14289474487305, 742.724609375], [1658.9271240234375, 627.552734375]]",425394176,410927104,425394176,640,yolo26s_int8_640_ncnn_model,MOT17-09
311,164.83952599992335,0.0,10,"[147, 95, 92, 82, 200, 128, 208, 132, 163, 72]","[[1187.4129638671875, 374.64044189453125, 1319.349609375, 769.7131958007812], [1698.7623291015625, 525.771484375, 1789.92529296875, 725.4757690429688], [1591.759765625, 487.9100646972656, 1700.6103515625, 699.516845703125], [1889.256591796875, 436.54351806640625, 1920.0, 580.4752197265625], [1302.5445556640625, 358.82464599609375, 1406.0322265625, 748.7379760742188], [1415.4769287109375, 370.1035461425781, 1575.9168701171875, 765.200439453125], [1654.267822265625, 524.0107421875, 1797.4425048828125, 724.8065795898438], [1531.383056640625, 425.4433288574219, 1593.4814453125, 668.9009399414062], [116.26264190673828, 526.3951416015625, 197.4567108154297, 742.6320190429688], [1622.6966552734375, 398.14068603515625, 1710.0091552734375, 637.2470092773438]]","[0.80517578125, 0.7294921875, 0.74853515625, 0.440673828125, 0.7021484375, 0.734375, 0.459716796875, 0.27392578125, 0.2958984375, 0.572265625]","[[1253.3812866210938, 769.7131958007812], [1744.3438110351562, 725.4757690429688], [1646.18505859375, 699.516845703125], [1904.6282958984375, 580.4752197265625], [1354.2883911132812, 748.7379760742188], [1495.6968994140625, 765.200439453125], [1725.8551635742188, 724.8065795898438], [1562.4322509765625, 668.9009399414062], [156.85967636108398, 742.6320190429688], [1666.3529052734375, 637.2470092773438]]",425394176,410927104,425394176,640,yolo26s_int8_640_ncnn_model,MOT17-09
312,163.9778399999159,0.0,8,"[147, 95, 92, 82, 200, 128, 208, 72]","[[1192.9537353515625, 377.1336975097656, 1329.090576171875, 780.9061889648438], [1699.381103515625, 527.6754150390625, 1789.405517578125, 726.2190551757812], [1586.37109375, 481.40777587890625, 1697.671630859375, 699.92919921875], [1887.5299072265625, 435.138671875, 1920.0, 587.8882446289062], [1306.1341552734375, 360.728515625, 1406.65283203125, 736.87548828125], [1419.453857421875, 363.7158508300781, 1580.5435791015625, 762.46728515625], [1653.0777587890625, 523.3789672851562, 1797.4471435546875, 726.718017578125], [1628.4447021484375, 397.89013671875, 1721.4283447265625, 654.8248291015625]]","[0.82763671875, 0.68896484375, 0.73681640625, 0.4306640625, 0.69140625, 0.79833984375, 0.399169921875, 0.5556640625]","[[1261.0221557617188, 780.9061889648438], [1744.393310546875, 726.2190551757812], [1642.0213623046875, 699.92919921875], [1903.7649536132812, 587.8882446289062], [1356.3934936523438, 736.87548828125], [1499.9987182617188, 762.46728515625], [1725.262451171875, 726.718017578125], [1674.9365234375, 654.8248291015625]]",425394176,410927104,425394176,640,yolo26s_int8_640_ncnn_model,MOT17-09
313,164.724840999952,0.0,9,"[147, 95, 92, 82, 200, 128, 208, 72, 227]","[[1195.5211181640625, 378.59271240234375, 1333.949951171875, 785.6591796875], [1699.6827392578125, 527.6573486328125, 1789.154052734375, 726.2633056640625], [1582.2435302734375, 478.95941162109375, 1694.7021484375, 702.01904296875], [1887.8392333984375, 433.88531494140625, 1920.0, 591.3709106445312], [1309.3980712890625, 365.71551513671875, 1409.556396484375, 740.0720825195312], [1423.85009765625, 366.5704345703125, 1583.9287109375, 762.2665405273438], [1656.7100830078125, 525.6182861328125, 1799.3076171875, 728.9318237304688], [1634.0284423828125, 397.8006896972656, 1729.8741455078125, 663.4365844726562], [1386.838623046875, 403.95001220703125, 1444.5614013671875, 709.9500122070312]]","[0.8056640625, 0.67919921875, 0.73388671875, 0.424560546875, 0.69873046875, 0.8291015625, 0.353515625, 0.6357421875, 0.425537109375]","[[1264.7355346679688, 785.6591796875], [1744.4183959960938, 726.2633056640625], [1638.4728393554688, 702.01904296875], [1903.9196166992188, 591.3709106445312], [1359.4772338867188, 740.0720825195312], [1503.889404296875, 762.2665405273438], [1728.0088500976562, 728.9318237304688], [1681.9512939453125, 663.4365844726562], [1415.7000122070312, 709.9500122070312]]",425394176,410927104,425394176,640,yolo26s_int8_640_ncnn_model,MOT17-09
314,164.02030300014303,0.0,9,"[147, 95, 92, 82, 200, 128, 208, 72, 227]","[[1203.966552734375, 382.3531799316406, 1340.6878662109375, 780.3199462890625], [1698.26220703125, 525.6644897460938, 1788.6187744140625, 728.2706909179688], [1582.275634765625, 477.11798095703125, 1693.8389892578125, 699.9248046875], [1888.0604248046875, 432.90411376953125, 1920.0, 593.1917724609375], [1308.6412353515625, 367.27069091796875, 1412.3084716796875, 756.5162963867188], [1426.6461181640625, 366.88360595703125, 1587.5777587890625, 764.0203857421875], [1659.1484375, 524.7415771484375, 1798.9669189453125, 726.5542602539062], [1641.6453857421875, 394.8578796386719, 1739.027587890625, 663.841796875], [1391.9827880859375, 408.1725158691406, 1449.0035400390625, 710.7488403320312]]","[0.779296875, 0.64892578125, 0.677734375, 0.3720703125, 0.69775390625, 0.810546875, 0.305419921875, 0.669921875, 0.325927734375]","[[1272.3272094726562, 780.3199462890625], [1743.4404907226562, 728.2706909179688], [1638.0573120117188, 699.9248046875], [1904.0302124023438, 593.1917724609375], [1360.474853515625, 756.5162963867188], [1507.1119384765625, 764.0203857421875], [1729.0576782226562, 726.5542602539062], [1690.3364868164062, 663.841796875], [1420.4931640625, 710.7488403320312]]",425394176,410927104,425394176,640,yolo26s_int8_640_ncnn_model,MOT17-09
315,164.4268219999958,0.0,9,"[147, 95, 92, 82, 200, 128, 208, 72, 227]","[[1207.3697509765625, 383.3056335449219, 1344.60498046875, 776.6976318359375], [1698.9970703125, 527.3783569335938, 1787.1595458984375, 726.5655517578125], [1580.922607421875, 475.5181579589844, 1692.93994140625, 702.027587890625], [1888.077392578125, 432.7665710449219, 1920.0, 596.5372924804688], [1312.029052734375, 367.5735168457031, 1413.406494140625, 746.1434326171875], [1427.786376953125, 367.228515625, 1592.4322509765625, 773.4391479492188], [1658.363525390625, 524.15869140625, 1796.5506591796875, 726.8930053710938], [1647.8717041015625, 394.206787109375, 1746.7198486328125, 665.355224609375], [1397.320556640625, 409.63043212890625, 1453.9764404296875, 709.8578491210938]]","[0.79443359375, 0.646484375, 0.6845703125, 0.430908203125, 0.7041015625, 0.8310546875, 0.279541015625, 0.66015625, 0.2919921875]","[[1275.9873657226562, 776.6976318359375], [1743.0783081054688, 726.5655517578125], [1636.9312744140625, 702.027587890625], [1904.0386962890625, 596.5372924804688], [1362.7177734375, 746.1434326171875], [1510.1093139648438, 773.4391479492188], [1727.4570922851562, 726.8930053710938], [1697.2957763671875, 665.355224609375], [1425.6484985351562, 709.8578491210938]]",425394176,410927104,425394176,640,yolo26s_int8_640_ncnn_model,MOT17-09
316,163.78813599999376,0.0,10,"[147, 95, 92, 82, 200, 128, 208, 72, 227, 229]","[[1217.4920654296875, 381.90960693359375, 1350.7301025390625, 760.1510009765625], [1696.5469970703125, 524.8106689453125, 1785.3692626953125, 727.150146484375], [1579.4608154296875, 470.8404541015625, 1691.61669921875, 701.1243286132812], [1887.966552734375, 435.1460876464844, 1920.0, 604.103515625], [1311.8236083984375, 368.1261901855469, 1412.948486328125, 743.514404296875], [1431.154296875, 373.0096740722656, 1591.9739990234375, 769.346923828125], [1656.9517822265625, 524.1893920898438, 1794.765869140625, 728.75732421875], [1648.611328125, 394.9537048339844, 1746.9990234375, 664.8687744140625], [1401.6070556640625, 409.6820068359375, 1457.130126953125, 703.0745849609375], [1260.8629150390625, 366.8999938964844, 1407.3370361328125, 726.2999877929688]]","[0.72412109375, 0.61865234375, 0.6708984375, 0.376708984375, 0.658203125, 0.81982421875, 0.250732421875, 0.64794921875, 0.29052734375, 0.421630859375]","[[1284.111083984375, 760.1510009765625], [1740.9581298828125, 727.150146484375], [1635.5387573242188, 701.1243286132812], [1903.9832763671875, 604.103515625], [1362.3860473632812, 743.514404296875], [1511.5641479492188, 769.346923828125], [1725.8588256835938, 728.75732421875], [1697.80517578125, 664.8687744140625], [1429.3685913085938, 703.0745849609375], [1334.0999755859375, 726.2999877929688]]",425394176,410927104,425394176,640,yolo26s_int8_640_ncnn_model,MOT17-09
317,185.12622999992345,0.0,9,"[147, 95, 92, 82, 200, 128, 72, 227, 229]","[[1220.8990478515625, 385.392578125, 1352.9273681640625, 758.9202270507812], [1694.936279296875, 520.654296875, 1785.4210205078125, 728.6021118164062], [1581.38671875, 468.3835144042969, 1692.535400390625, 701.4976196289062], [1888.4156494140625, 436.0645446777344, 1920.0, 602.1398315429688], [1314.528564453125, 367.54473876953125, 1417.7408447265625, 752.2689208984375], [1435.0098876953125, 370.7032775878906, 1593.7288818359375, 764.2731323242188], [1653.9932861328125, 397.2294921875, 1753.3505859375, 668.5242919921875], [1410.0545654296875, 403.27740478515625, 1463.90966796875, 685.2186889648438], [1271.5345458984375, 363.3044128417969, 1418.9349365234375, 725.4880981445312]]","[0.697265625, 0.630859375, 0.68359375, 0.290771484375, 0.6328125, 0.837890625, 0.68310546875, 0.3525390625, 0.462890625]","[[1286.9132080078125, 758.9202270507812], [1740.1786499023438, 728.6021118164062], [1636.9610595703125, 701.4976196289062], [1904.2078247070312, 602.1398315429688], [1366.1347045898438, 752.2689208984375], [1514.369384765625, 764.2731323242188], [1703.6719360351562, 668.5242919921875], [1436.9821166992188, 685.2186889648438], [1345.2347412109375, 725.4880981445312]]",425394176,410927104,425394176,640,yolo26s_int8_640_ncnn_model,MOT17-09
318,164.72204499996224,0.0,10,"[147, 95, 92, 82, 200, 128, 72, 227, 229, 208]","[[1225.931884765625, 385.65435791015625, 1357.5814208984375, 758.5175170898438], [1696.1090087890625, 525.2066650390625, 1783.6854248046875, 726.9503173828125], [1580.563720703125, 467.5216369628906, 1690.59521484375, 701.6367797851562], [1888.6282958984375, 436.66571044921875, 1920.0, 602.009521484375], [1316.9801025390625, 366.5651550292969, 1419.870849609375, 751.3193969726562], [1437.5372314453125, 368.8144226074219, 1595.9517822265625, 764.4122924804688], [1660.977783203125, 398.350830078125, 1762.24609375, 671.56005859375], [1413.685546875, 398.0946960449219, 1469.2965087890625, 684.5579223632812], [1275.7601318359375, 363.85595703125, 1419.7801513671875, 717.6515502929688], [1640.5283203125, 481.0423583984375, 1802.7491455078125, 729.5706787109375]]","[0.70947265625, 0.63818359375, 0.71630859375, 0.369140625, 0.62353515625, 0.8115234375, 0.59326171875, 0.434326171875, 0.452392578125, 0.330078125]","[[1291.7566528320312, 758.5175170898438], [1739.897216796875, 726.9503173828125], [1635.5794677734375, 701.6367797851562], [1904.3141479492188, 602.009521484375], [1368.4254760742188, 751.3193969726562], [1516.7445068359375, 764.4122924804688], [1711.6119384765625, 671.56005859375], [1441.4910278320312, 684.5579223632812], [1347.7701416015625, 717.6515502929688], [1721.6387329101562, 729.5706787109375]]",425394176,410927104,425394176,640,yolo26s_int8_640_ncnn_model,MOT17-09
319,175.17405400008101,0.0,9,"[147, 95, 92, 82, 200, 128, 72, 227, 231]","[[1230.8167724609375, 382.9847717285156, 1362.88818359375, 758.16748046875], [1695.5628662109375, 526.769775390625, 1782.06884765625, 726.548583984375], [1579.7779541015625, 460.92578125, 1690.338134765625, 700.2178955078125], [1888.771728515625, 439.3457336425781, 1920.0, 605.3507690429688], [1323.2071533203125, 364.91717529296875, 1423.0528564453125, 738.2930297851562], [1439.0972900390625, 373.7991943359375, 1599.8367919921875, 775.67138671875], [1664.637939453125, 397.8000183105469, 1768.1856689453125, 675.583740234375], [1419.719970703125, 401.0937805175781, 1476.44775390625, 686.0797729492188], [1186.638916015625, 407.0249938964844, 1264.9610595703125, 708.9749755859375]]","[0.7451171875, 0.57421875, 0.7099609375, 0.37451171875, 0.60693359375, 0.798828125, 0.658203125, 0.428466796875, 0.5400390625]","[[1296.8524780273438, 758.16748046875], [1738.8158569335938, 726.548583984375], [1635.0580444335938, 700.2178955078125], [1904.3858642578125, 605.3507690429688], [1373.1300048828125, 738.2930297851562], [1519.467041015625, 775.67138671875], [1716.4118041992188, 675.583740234375], [1448.0838623046875, 686.0797729492188], [1225.7999877929688, 708.9749755859375]]",425394176,410927104,425394176,640,yolo26s_int8_640_ncnn_model,MOT17-09
320,165.09728599999107,0.0,10,"[147, 95, 92, 82, 200, 128, 72, 227, 231, 229]","[[1233.3133544921875, 380.7289733886719, 1365.8016357421875, 758.3301391601562], [1694.7559814453125, 529.5936889648438, 1780.1143798828125, 726.1527709960938], [1579.704833984375, 456.5345764160156, 1690.0382080078125, 699.6724853515625], [1888.98095703125, 440.5974426269531, 1920.0, 606.3231201171875], [1325.9940185546875, 360.74908447265625, 1424.5531005859375, 725.7808227539062], [1443.4150390625, 377.13287353515625, 1600.250244140625, 766.5881958007812], [1668.5001220703125, 398.0789489746094, 1771.52490234375, 673.6167602539062], [1421.1883544921875, 404.065185546875, 1480.3055419921875, 694.3761596679688], [1187.090576171875, 407.48687744140625, 1265.2022705078125, 708.5131225585938], [1277.3875732421875, 362.41552734375, 1421.56103515625, 716.7200317382812]]","[0.73193359375, 0.583984375, 0.69482421875, 0.373291015625, 0.6328125, 0.8115234375, 0.43798828125, 0.34130859375, 0.5927734375, 0.487060546875]","[[1299.5574951171875, 758.3301391601562], [1737.4351806640625, 726.1527709960938], [1634.8715209960938, 699.6724853515625], [1904.490478515625, 606.3231201171875], [1375.2735595703125, 725.7808227539062], [1521.8326416015625, 766.5881958007812], [1720.0125122070312, 673.6167602539062], [1450.7469482421875, 694.3761596679688], [1226.1464233398438, 708.5131225585938], [1349.4743041992188, 716.7200317382812]]",425394176,410927104,425394176,640,yolo26s_int8_640_ncnn_model,MOT17-09
321,165.14297099979558,0.0,9,"[147, 95, 92, 82, 200, 128, 72, 227, 231]","[[1238.116455078125, 384.5895080566406, 1369.58544921875, 760.6666259765625], [1691.9468994140625, 529.400390625, 1777.934814453125, 727.2573852539062], [1578.72314453125, 453.2300109863281, 1688.958984375, 700.1915283203125], [1888.4775390625, 439.5781555175781, 1920.0, 609.0966186523438], [1327.9703369140625, 363.46600341796875, 1426.923828125, 727.9762573242188], [1444.5086669921875, 378.61383056640625, 1604.5667724609375, 775.87109375], [1677.6666259765625, 400.6546325683594, 1760.7115478515625, 611.09521484375], [1421.8006591796875, 405.1561584472656, 1480.242919921875, 684.2727661132812], [1184.53466796875, 406.1814880371094, 1266.822265625, 723.8374633789062]]","[0.71728515625, 0.63671875, 0.68359375, 0.395751953125, 0.6337890625, 0.8154296875, 0.53759765625, 0.33544921875, 0.6455078125]","[[1303.8509521484375, 760.6666259765625], [1734.9408569335938, 727.2573852539062], [1633.841064453125, 700.1915283203125], [1904.23876953125, 609.0966186523438], [1377.4470825195312, 727.9762573242188], [1524.5377197265625, 775.87109375], [1719.1890869140625, 611.09521484375], [1451.0217895507812, 684.2727661132812], [1225.678466796875, 723.8374633789062]]",425394176,410927104,425394176,640,yolo26s_int8_640_ncnn_model,MOT17-09
322,165.0424340000427,0.0,9,"[147, 95, 92, 82, 200, 128, 72, 227, 231]","[[1241.714599609375, 383.81317138671875, 1369.8173828125, 751.8887329101562], [1688.7999267578125, 529.0696411132812, 1775.3067626953125, 726.92578125], [1577.55419921875, 443.78131103515625, 1689.36083984375, 698.933349609375], [1888.671630859375, 439.9111328125, 1920.0, 610.3427734375], [1331.6929931640625, 366.96417236328125, 1433.58251953125, 742.3341674804688], [1450.0592041015625, 377.6434326171875, 1605.7525634765625, 762.9639282226562], [1684.33935546875, 400.8862609863281, 1760.6473388671875, 587.11962890625], [1423.4117431640625, 403.7719421386719, 1482.4022216796875, 680.3307495117188], [1184.1624755859375, 405.21673583984375, 1266.8875732421875, 723.7286987304688]]","[0.71728515625, 0.69384765625, 0.6513671875, 0.407958984375, 0.603515625, 0.796875, 0.50830078125, 0.2587890625, 0.68896484375]","[[1305.7659912109375, 751.8887329101562], [1732.0533447265625, 726.92578125], [1633.45751953125, 698.933349609375], [1904.3358154296875, 610.3427734375], [1382.6377563476562, 742.3341674804688], [1527.9058837890625, 762.9639282226562], [1722.4933471679688, 587.11962890625], [1452.906982421875, 680.3307495117188], [1225.5250244140625, 723.7286987304688]]",425394176,410927104,425394176,640,yolo26s_int8_640_ncnn_model,MOT17-09
323,165.3560639999796,0.0,8,"[147, 95, 92, 82, 200, 128, 72, 231]","[[1246.269775390625, 387.2649841308594, 1371.2764892578125, 748.8613891601562], [1687.50634765625, 529.4300537109375, 1774.48779296875, 727.2968139648438], [1579.950439453125, 443.864990234375, 1690.5638427734375, 699.6592407226562], [1888.4583740234375, 439.5328369140625, 1920.0, 611.248046875], [1336.9560546875, 367.760009765625, 1438.895263671875, 744.2388916015625], [1452.002685546875, 377.4566345214844, 1609.0166015625, 764.7619018554688], [1687.1221923828125, 400.1357116699219, 1761.797119140625, 577.5835571289062], [1185.2880859375, 408.390625, 1267.8115234375, 725.1842651367188]]","[0.7294921875, 0.68994140625, 0.65966796875, 0.4501953125, 0.580078125, 0.80078125, 0.44091796875, 0.7021484375]","[[1308.7731323242188, 748.8613891601562], [1730.9970703125, 727.2968139648438], [1635.2571411132812, 699.6592407226562], [1904.2291870117188, 611.248046875], [1387.9256591796875, 744.2388916015625], [1530.5096435546875, 764.7619018554688], [1724.4596557617188, 577.5835571289062], [1226.5498046875, 725.1842651367188]]",425394176,410927104,425394176,640,yolo26s_int8_640_ncnn_model,MOT17-09
324,165.58250900015992,0.0,8,"[147, 95, 92, 82, 200, 128, 72, 231]","[[1248.1800537109375, 385.773681640625, 1375.2481689453125, 758.5936889648438], [1688.5054931640625, 531.29443359375, 1774.76025390625, 725.699951171875], [1580.1824951171875, 443.318603515625, 1689.831298828125, 699.7051391601562], [1887.1551513671875, 441.33734130859375, 1918.76123046875, 607.6102294921875], [1346.363525390625, 370.5150146484375, 1443.161376953125, 724.6661987304688], [1452.2001953125, 375.12139892578125, 1605.5396728515625, 751.7708740234375], [1687.7738037109375, 402.0194396972656, 1764.2694091796875, 580.0831909179688], [1186.7618408203125, 409.265869140625, 1269.170166015625, 724.6928100585938]]","[0.705078125, 0.685546875, 0.63525390625, 0.474853515625, 0.599609375, 0.810546875, 0.5107421875, 0.76171875]","[[1311.714111328125, 758.5936889648438], [1731.6328735351562, 725.699951171875], [1635.0068969726562, 699.7051391601562], [1902.9581909179688, 607.6102294921875], [1394.762451171875, 724.6661987304688], [1528.8699340820312, 751.7708740234375], [1726.0216064453125, 580.0831909179688], [1227.9660034179688, 724.6928100585938]]",425394176,410927104,425394176,640,yolo26s_int8_640_ncnn_model,MOT17-09
325,165.17378599996846,0.0,8,"[147, 95, 92, 82, 200, 128, 72, 231]","[[1251.2535400390625, 384.7239074707031, 1378.0704345703125, 761.6891479492188], [1685.5096435546875, 531.9882202148438, 1772.3323974609375, 725.0958862304688], [1580.6414794921875, 442.00274658203125, 1689.197265625, 698.0121459960938], [1888.2095947265625, 439.5248718261719, 1920.0, 610.6156616210938], [1351.784423828125, 372.5535888671875, 1446.634521484375, 716.0963745117188], [1451.4964599609375, 374.1962585449219, 1603.6529541015625, 747.8949584960938], [1689.1722412109375, 402.9093017578125, 1767.8431396484375, 582.9659423828125], [1188.3719482421875, 410.0799560546875, 1270.623779296875, 723.8394775390625]]","[0.69580078125, 0.7021484375, 0.5927734375, 0.41259765625, 0.61376953125, 0.80517578125, 0.44091796875, 0.7705078125]","[[1314.6619873046875, 761.6891479492188], [1728.9210205078125, 725.0958862304688], [1634.9193725585938, 698.0121459960938], [1904.1047973632812, 610.6156616210938], [1399.20947265625, 716.0963745117188], [1527.57470703125, 747.8949584960938], [1728.5076904296875, 582.9659423828125], [1229.4978637695312, 723.8394775390625]]",425394176,410927104,425394176,640,yolo26s_int8_640_ncnn_model,MOT17-09
326,174.79535000006763,0.0,9,"[147, 95, 92, 82, 200, 128, 72, 231, 227]","[[1257.6015625, 390.9743957519531, 1375.6099853515625, 743.3851318359375], [1684.05078125, 529.7359008789062, 1773.838134765625, 725.3765869140625], [1579.9320068359375, 441.1182861328125, 1687.8948974609375, 697.8552856445312], [1889.2694091796875, 441.2994384765625, 1920.0, 607.2913818359375], [1356.3538818359375, 378.3247375488281, 1449.0467529296875, 710.0376586914062], [1450.761474609375, 372.838134765625, 1603.2357177734375, 746.5447998046875], [1686.5460205078125, 399.10784912109375, 1771.955078125, 594.4688110351562], [1187.759033203125, 410.8674621582031, 1270.2578125, 723.9212036132812], [1436.4215087890625, 406.3841552734375, 1498.9764404296875, 699.6680908203125]]","[0.7021484375, 0.6728515625, 0.62451171875, 0.501953125, 0.63671875, 0.79541015625, 0.48486328125, 0.7490234375, 0.271484375]","[[1316.6057739257812, 743.3851318359375], [1728.9444580078125, 725.3765869140625], [1633.9134521484375, 697.8552856445312], [1904.6347045898438, 607.2913818359375], [1402.7003173828125, 710.0376586914062], [1526.9985961914062, 746.5447998046875], [1729.2505493164062, 594.4688110351562], [1229.0084228515625, 723.9212036132812], [1467.698974609375, 699.6680908203125]]",425394176,410927104,425394176,640,yolo26s_int8_640_ncnn_model,MOT17-09
327,164.05845100007355,0.0,9,"[147, 95, 92, 82, 200, 128, 72, 231, 227]","[[1262.206298828125, 396.4398193359375, 1376.043701171875, 739.3416748046875], [1681.93115234375, 527.4012451171875, 1774.062255859375, 724.9923706054688], [1580.859375, 429.83648681640625, 1692.1068115234375, 699.0294189453125], [1889.777099609375, 439.73321533203125, 1920.0, 603.1865234375], [1358.56201171875, 373.5154724121094, 1453.1175537109375, 710.739990234375], [1450.7587890625, 372.3236999511719, 1603.635986328125, 745.1276245117188], [1685.627685546875, 400.7041931152344, 1781.1961669921875, 621.274169921875], [1185.15234375, 407.0686340332031, 1269.4061279296875, 724.8787231445312], [1442.49609375, 406.20526123046875, 1504.4368896484375, 698.65478515625]]","[0.73828125, 0.6416015625, 0.642578125, 0.456298828125, 0.6845703125, 0.82958984375, 0.53466796875, 0.73974609375, 0.255859375]","[[1319.125, 739.3416748046875], [1727.9967041015625, 724.9923706054688], [1636.4830932617188, 699.0294189453125], [1904.8885498046875, 603.1865234375], [1405.8397827148438, 710.739990234375], [1527.1973876953125, 745.1276245117188], [1733.4119262695312, 621.274169921875], [1227.2792358398438, 724.8787231445312], [1473.4664916992188, 698.65478515625]]",425394176,410927104,425394176,640,yolo26s_int8_640_ncnn_model,MOT17-09
328,163.98237699991114,0.0,8,"[147, 95, 92, 82, 200, 128, 72, 231]","[[1263.4986572265625, 395.58111572265625, 1378.32666015625, 744.798095703125], [1678.81689453125, 527.0079956054688, 1772.5770263671875, 726.3355102539062], [1581.3990478515625, 422.261962890625, 1693.514404296875, 698.9926147460938], [1890.0882568359375, 438.63800048828125, 1919.90380859375, 600.13720703125], [1359.267578125, 378.2578125, 1452.4713134765625, 708.56396484375], [1450.4547119140625, 372.1265563964844, 1603.9271240234375, 744.6820068359375], [1686.7557373046875, 404.64031982421875, 1788.849609375, 643.3496704101562], [1182.38134765625, 403.89898681640625, 1267.8675537109375, 723.9140014648438]]","[0.767578125, 0.576171875, 0.61669921875, 0.407958984375, 0.68798828125, 0.82177734375, 0.65234375, 0.72607421875]","[[1320.9126586914062, 744.798095703125], [1725.6969604492188, 726.3355102539062], [1637.4567260742188, 698.9926147460938], [1904.9960327148438, 600.13720703125], [1405.8694458007812, 708.56396484375], [1527.19091796875, 744.6820068359375], [1737.8026733398438, 643.3496704101562], [1225.1244506835938, 723.9140014648438]]",425394176,410927104,425394176,640,yolo26s_int8_640_ncnn_model,MOT17-09
329,167.23563899995497,0.0,10,"[147, 95, 92, 82, 200, 128, 72, 231, 163, 208]","[[1268.6123046875, 395.7364196777344, 1383.2852783203125, 745.323486328125], [1677.66845703125, 526.8641357421875, 1772.054443359375, 726.8505249023438], [1583.0205078125, 419.6622009277344, 1694.5921630859375, 700.6729125976562], [1890.0050048828125, 440.2203369140625, 1920.0, 602.9873046875], [1359.3330078125, 382.27850341796875, 1452.052490234375, 707.6185913085938], [1449.5211181640625, 372.7984619140625, 1603.7191162109375, 746.8361206054688], [1690.1767578125, 404.0935974121094, 1796.337158203125, 655.2997436523438], [1176.7791748046875, 402.2120056152344, 1265.8450927734375, 731.975830078125], [119.08670806884766, 519.4042358398438, 202.17066955566406, 743.5767822265625], [1632.028564453125, 402.9873046875, 1799.958251953125, 663.7307739257812]]","[0.79150390625, 0.59375, 0.53271484375, 0.43994140625, 0.673828125, 0.8388671875, 0.685546875, 0.7138671875, 0.285400390625, 0.375]","[[1325.9487915039062, 745.323486328125], [1724.8614501953125, 726.8505249023438], [1638.8063354492188, 700.6729125976562], [1905.0025024414062, 602.9873046875], [1405.6927490234375, 707.6185913085938], [1526.6201171875, 746.8361206054688], [1743.2569580078125, 655.2997436523438], [1221.3121337890625, 731.975830078125], [160.62868881225586, 743.5767822265625], [1715.993408203125, 663.7307739257812]]",425394176,410927104,425394176,640,yolo26s_int8_640_ncnn_model,MOT17-09
330,164.88906400013548,0.0,11,"[147, 95, 92, 82, 200, 128, 72, 231, 163, 208, 229]","[[1273.7645263671875, 394.25238037109375, 1388.62158203125, 744.0797119140625], [1677.6903076171875, 527.0629272460938, 1771.483154296875, 724.8226318359375], [1585.8798828125, 419.0368957519531, 1694.7218017578125, 699.1463012695312], [1890.277587890625, 441.3021545410156, 1919.7738037109375, 602.5620727539062], [1359.5025634765625, 379.9197082519531, 1454.517333984375, 719.2301025390625], [1449.509765625, 373.7939147949219, 1603.1854248046875, 746.9627685546875], [1694.2724609375, 404.33209228515625, 1802.0982666015625, 661.3927612304688], [1177.4129638671875, 400.6118469238281, 1266.318603515625, 724.103515625], [119.73839569091797, 519.0136108398438, 202.49166870117188, 743.872802734375], [1641.123046875, 401.58709716796875, 1806.94091796875, 663.6868896484375], [1315.83984375, 375.9757080078125, 1454.273681640625, 721.164306640625]]","[0.734375, 0.62841796875, 0.515625, 0.292236328125, 0.68017578125, 0.83935546875, 0.69921875, 0.720703125, 0.357421875, 0.410888671875, 0.29296875]","[[1331.1930541992188, 744.0797119140625], [1724.5867309570312, 724.8226318359375], [1640.3008422851562, 699.1463012695312], [1905.0256958007812, 602.5620727539062], [1407.0099487304688, 719.2301025390625], [1526.3475952148438, 746.9627685546875], [1748.1853637695312, 661.3927612304688], [1221.8657836914062, 724.103515625], [161.11503219604492, 743.872802734375], [1724.031982421875, 663.6868896484375], [1385.0567626953125, 721.164306640625]]",425394176,410927104,425394176,640,yolo26s_int8_640_ncnn_model,MOT17-09
331,165.99491600004512,0.0,10,"[147, 95, 92, 82, 200, 128, 72, 231, 163, 208]","[[1278.25341796875, 391.6656494140625, 1393.75537109375, 742.6596069335938], [1675.8065185546875, 527.145263671875, 1769.2728271484375, 726.0390625], [1585.239501953125, 414.5457458496094, 1696.507080078125, 710.779296875], [1890.4832763671875, 440.9554138183594, 1919.5682373046875, 601.1473388671875], [1361.63916015625, 378.7904357910156, 1456.1824951171875, 721.747314453125], [1449.1334228515625, 378.89117431640625, 1600.2618408203125, 746.3198852539062], [1699.85595703125, 403.4521179199219, 1807.8548583984375, 662.6839599609375], [1179.1312255859375, 398.0289306640625, 1270.09716796875, 722.9356079101562], [120.32306671142578, 525.5787353515625, 200.25054931640625, 745.2125854492188], [1644.159912109375, 398.8642883300781, 1811.277099609375, 662.9044799804688]]","[0.69384765625, 0.6123046875, 0.489501953125, 0.287109375, 0.66259765625, 0.8330078125, 0.71875, 0.71826171875, 0.317626953125, 0.370849609375]","[[1336.00439453125, 742.6596069335938], [1722.5396728515625, 726.0390625], [1640.873291015625, 710.779296875], [1905.0257568359375, 601.1473388671875], [1408.9108276367188, 721.747314453125], [1524.6976318359375, 746.3198852539062], [1753.8554077148438, 662.6839599609375], [1224.6141967773438, 722.9356079101562], [160.28680801391602, 745.2125854492188], [1727.718505859375, 662.9044799804688]]",425394176,410927104,425394176,640,yolo26s_int8_640_ncnn_model,MOT17-09
332,164.18141500003003,0.0,10,"[147, 95, 92, 82, 200, 128, 72, 231, 163, 208]","[[1289.0687255859375, 394.65020751953125, 1403.1605224609375, 739.1860961914062], [1677.15869140625, 524.706787109375, 1770.4150390625, 726.0040283203125], [1591.485595703125, 412.6704406738281, 1698.353759765625, 705.8046264648438], [1890.9974365234375, 443.80438232421875, 1919.0501708984375, 599.6171875], [1365.2022705078125, 378.8043518066406, 1457.8031005859375, 720.26513671875], [1448.83984375, 378.7978820800781, 1600.212158203125, 748.1324462890625], [1702.166259765625, 404.059326171875, 1809.728271484375, 663.014404296875], [1178.8304443359375, 396.35052490234375, 1271.482666015625, 723.21435546875], [120.65042114257812, 528.3309936523438, 199.025146484375, 746.46923828125], [1645.8394775390625, 399.4852600097656, 1810.3797607421875, 659.310546875]]","[0.7060546875, 0.57470703125, 0.541015625, 0.25390625, 0.68701171875, 0.84423828125, 0.6845703125, 0.751953125, 0.333740234375, 0.27685546875]","[[1346.1146240234375, 739.1860961914062], [1723.786865234375, 726.0040283203125], [1644.919677734375, 705.8046264648438], [1905.0238037109375, 599.6171875], [1411.502685546875, 720.26513671875], [1524.5260009765625, 748.1324462890625], [1755.947265625, 663.014404296875], [1225.1565551757812, 723.21435546875], [159.83778381347656, 746.46923828125], [1728.109619140625, 659.310546875]]",425394176,410927104,425394176,640,yolo26s_int8_640_ncnn_model,MOT17-09
333,163.90624799987563,0.0,9,"[147, 95, 92, 200, 128, 72, 231, 163, 208]","[[1294.9613037109375, 396.26263427734375, 1409.551025390625, 739.4299926757812], [1678.2352294921875, 525.5164794921875, 1770.352783203125, 727.2238159179688], [1596.9150390625, 412.1064147949219, 1700.039794921875, 703.7537231445312], [1368.9154052734375, 378.5253601074219, 1460.8082275390625, 722.9432373046875], [1447.6343994140625, 377.7452697753906, 1599.246337890625, 749.8336791992188], [1703.6435546875, 404.7720031738281, 1809.59375, 662.4913940429688], [1178.1578369140625, 395.2595520019531, 1271.583740234375, 720.818603515625], [120.51019287109375, 529.8359985351562, 198.07455444335938, 746.4276733398438], [1653.472900390625, 402.1837158203125, 1812.9364013671875, 657.8782348632812]]","[0.71923828125, 0.41796875, 0.5537109375, 0.6923828125, 0.84912109375, 0.705078125, 0.74658203125, 0.37109375, 0.3203125]","[[1352.2561645507812, 739.4299926757812], [1724.2940063476562, 727.2238159179688], [1648.4774169921875, 703.7537231445312], [1414.86181640625, 722.9432373046875], [1523.4403686523438, 749.8336791992188], [1756.61865234375, 662.4913940429688], [1224.8707885742188, 720.818603515625], [159.29237365722656, 746.4276733398438], [1733.2046508789062, 657.8782348632812]]",425394176,410927104,425394176,640,yolo26s_int8_640_ncnn_model,MOT17-09
334,183.3075810000082,0.0,7,"[147, 92, 200, 128, 72, 231, 163]","[[1302.1656494140625, 396.0870666503906, 1417.5416259765625, 738.321044921875], [1603.5406494140625, 412.9962463378906, 1703.9327392578125, 701.9685668945312], [1373.0238037109375, 380.1277160644531, 1462.994873046875, 723.2140502929688], [1448.9185791015625, 380.05316162109375, 1597.0938720703125, 743.8103637695312], [1707.9971923828125, 404.5469665527344, 1813.3082275390625, 664.5841064453125], [1176.652099609375, 393.15264892578125, 1271.8841552734375, 722.6122436523438], [120.99691009521484, 519.8644409179688, 201.17987060546875, 743.8980712890625]]","[0.73828125, 0.52294921875, 0.69580078125, 0.8603515625, 0.7685546875, 0.7529296875, 0.30078125]","[[1359.8536376953125, 738.321044921875], [1653.7366943359375, 701.9685668945312], [1418.0093383789062, 723.2140502929688], [1523.0062255859375, 743.8103637695312], [1760.6527099609375, 664.5841064453125], [1224.2681274414062, 722.6122436523438], [161.0883903503418, 743.8980712890625]]",425394176,410927104,425394176,640,yolo26s_int8_640_ncnn_model,MOT17-09
335,166.99271399988902,0.0,7,"[147, 92, 200, 128, 72, 231, 163]","[[1305.7947998046875, 403.7237854003906, 1418.2144775390625, 732.2183227539062], [1608.481689453125, 411.9786071777344, 1706.8712158203125, 700.7838745117188], [1374.0933837890625, 379.9639587402344, 1463.09912109375, 726.0482788085938], [1449.6551513671875, 382.1601867675781, 1596.9764404296875, 744.3031005859375], [1711.3995361328125, 404.9385681152344, 1814.7191162109375, 665.7547607421875], [1172.216796875, 396.3447570800781, 1268.96533203125, 727.2220458984375], [119.16881561279297, 514.6934204101562, 201.13601684570312, 746.4025268554688]]","[0.76123046875, 0.57666015625, 0.72265625, 0.86767578125, 0.69677734375, 0.71728515625, 0.290283203125]","[[1362.004638671875, 732.2183227539062], [1657.6764526367188, 700.7838745117188], [1418.5962524414062, 726.0482788085938], [1523.3157958984375, 744.3031005859375], [1763.059326171875, 665.7547607421875], [1220.591064453125, 727.2220458984375], [160.15241622924805, 746.4025268554688]]",425394176,410927104,425394176,640,yolo26s_int8_640_ncnn_model,MOT17-09
336,165.58310100003837,0.0,7,"[147, 92, 200, 128, 72, 231, 163]","[[1305.2581787109375, 398.21771240234375, 1419.8338623046875, 736.3078002929688], [1611.4093017578125, 413.4114990234375, 1706.8277587890625, 698.6099243164062], [1378.348876953125, 379.8780517578125, 1465.0325927734375, 722.1665649414062], [1448.824951171875, 385.409423828125, 1594.012939453125, 742.0296020507812], [1718.1553955078125, 404.8343811035156, 1819.34375, 663.3848266601562], [1170.49462890625, 397.35894775390625, 1268.8873291015625, 731.1800537109375], [118.56168365478516, 511.5150451660156, 200.89393615722656, 746.62744140625]]","[0.7890625, 0.54296875, 0.6650390625, 0.85498046875, 0.74072265625, 0.71630859375, 0.334228515625]","[[1362.5460205078125, 736.3078002929688], [1659.1185302734375, 698.6099243164062], [1421.6907348632812, 722.1665649414062], [1521.4189453125, 742.0296020507812], [1768.7495727539062, 663.3848266601562], [1219.6909790039062, 731.1800537109375], [159.72780990600586, 746.62744140625]]",425394176,410927104,425394176,640,yolo26s_int8_640_ncnn_model,MOT17-09
337,165.3805089999878,0.0,9,"[147, 92, 200, 128, 72, 231, 163, 242, 95]","[[1308.11962890625, 398.94354248046875, 1423.12841796875, 740.0301513671875], [1612.634765625, 413.3213806152344, 1706.5634765625, 700.506591796875], [1382.1871337890625, 379.3201599121094, 1467.3094482421875, 723.1659545898438], [1448.8883056640625, 385.83819580078125, 1592.4947509765625, 737.963623046875], [1721.1934814453125, 404.78265380859375, 1824.3450927734375, 672.1868286132812], [1170.73828125, 397.0289001464844, 1269.970947265625, 731.4136352539062], [119.59491729736328, 510.08245849609375, 202.2229461669922, 745.9700317382812], [1582.975341796875, 404.32501220703125, 1636.6246337890625, 674.4749755859375], [1684.4288330078125, 550.5407104492188, 1764.759033203125, 727.1273193359375]]","[0.80322265625, 0.5830078125, 0.52734375, 0.8447265625, 0.74365234375, 0.7294921875, 0.31103515625, 0.43359375, 0.40380859375]","[[1365.6240234375, 740.0301513671875], [1659.59912109375, 700.506591796875], [1424.748291015625, 723.1659545898438], [1520.6915283203125, 737.963623046875], [1772.769287109375, 672.1868286132812], [1220.3546142578125, 731.4136352539062], [160.90893173217773, 745.9700317382812], [1609.7999877929688, 674.4749755859375], [1724.5939331054688, 727.1273193359375]]",425394176,410927104,425394176,640,yolo26s_int8_640_ncnn_model,MOT17-09
338,167.78710299990962,0.0,10,"[147, 92, 200, 128, 72, 231, 163, 242, 244, 95]","[[1312.8736572265625, 404.8927001953125, 1424.3294677734375, 734.797119140625], [1616.0263671875, 413.1096496582031, 1709.33984375, 705.4149780273438], [1387.488525390625, 382.06549072265625, 1468.0799560546875, 714.6275634765625], [1445.7379150390625, 384.19927978515625, 1590.08056640625, 738.255126953125], [1726.3935546875, 405.9715270996094, 1825.8839111328125, 665.4735107421875], [1170.475830078125, 395.9360046386719, 1270.783447265625, 730.4660034179688], [120.4367904663086, 510.8128662109375, 202.5334014892578, 745.4625854492188], [1584.718994140625, 411.8658447265625, 1639.08984375, 685.4063110351562], [1266.665283203125, 391.7250061035156, 1425.834716796875, 726.0750122070312], [1686.09912109375, 559.0271606445312, 1763.450927734375, 728.1947021484375]]","[0.78369140625, 0.5869140625, 0.4453125, 0.837890625, 0.69775390625, 0.7421875, 0.334716796875, 0.474853515625, 0.4375, 0.3017578125]","[[1368.6015625, 734.797119140625], [1662.68310546875, 705.4149780273438], [1427.7842407226562, 714.6275634765625], [1517.9092407226562, 738.255126953125], [1776.1387329101562, 665.4735107421875], [1220.629638671875, 730.4660034179688], [161.4850959777832, 745.4625854492188], [1611.9044189453125, 685.4063110351562], [1346.25, 726.0750122070312], [1724.7750244140625, 728.1947021484375]]",425394176,410927104,425394176,640,yolo26s_int8_640_ncnn_model,MOT17-09
339,164.9575270000696,0.0,9,"[147, 92, 200, 128, 72, 231, 163, 242, 95]","[[1318.3514404296875, 401.84527587890625, 1430.7532958984375, 733.0784912109375], [1619.6072998046875, 411.6207580566406, 1713.8790283203125, 714.6284790039062], [1387.9168701171875, 380.82720947265625, 1469.6982421875, 726.7035522460938], [1445.527587890625, 384.3083190917969, 1588.2353515625, 733.679443359375], [1729.4713134765625, 403.7004699707031, 1831.011962890625, 670.3280029296875], [1172.9322509765625, 395.7873840332031, 1275.4849853515625, 736.7325439453125], [122.80352783203125, 509.4143371582031, 206.39852905273438, 746.0044555664062], [1590.018310546875, 415.1955871582031, 1642.1546630859375, 675.2701416015625], [1685.0714111328125, 562.6174926757812, 1760.4434814453125, 727.478515625]]","[0.7685546875, 0.49609375, 0.280029296875, 0.83447265625, 0.6650390625, 0.77001953125, 0.342041015625, 0.51513671875, 0.26953125]","[[1374.5523681640625, 733.0784912109375], [1666.7431640625, 714.6284790039062], [1428.8075561523438, 726.7035522460938], [1516.8814697265625, 733.679443359375], [1780.2416381835938, 670.3280029296875], [1224.2086181640625, 736.7325439453125], [164.6010284423828, 746.0044555664062], [1616.0864868164062, 675.2701416015625], [1722.7574462890625, 727.478515625]]",425394176,410927104,425394176,640,yolo26s_int8_640_ncnn_model,MOT17-09
340,168.87656799985962,0.0,8,"[147, 92, 128, 72, 231, 163, 242, 95]","[[1324.31689453125, 397.9592590332031, 1438.8590087890625, 732.2333374023438], [1625.885986328125, 409.6459045410156, 1718.3671875, 713.7509155273438], [1447.394287109375, 389.3250427246094, 1588.6236572265625, 733.0142822265625], [1737.1396484375, 404.3180236816406, 1835.99267578125, 662.8005981445312], [1172.552490234375, 394.76739501953125, 1276.6190185546875, 740.044189453125], [123.62483215332031, 509.1689758300781, 208.28189086914062, 746.9443969726562], [1593.14013671875, 415.06982421875, 1650.7325439453125, 699.1392822265625], [1686.77392578125, 553.015380859375, 1765.5474853515625, 727.73779296875]]","[0.81201171875, 0.32470703125, 0.82568359375, 0.61279296875, 0.779296875, 0.27099609375, 0.40771484375, 0.334716796875]","[[1381.5879516601562, 732.2333374023438], [1672.1265869140625, 713.7509155273438], [1518.0089721679688, 733.0142822265625], [1786.566162109375, 662.8005981445312], [1224.5857543945312, 740.044189453125], [165.95336151123047, 746.9443969726562], [1621.9363403320312, 699.1392822265625], [1726.1607055664062, 727.73779296875]]",425394176,410927104,425394176,640,yolo26s_int8_640_ncnn_model,MOT17-09
341,168.28290100011145,0.0,8,"[147, 92, 128, 72, 231, 163, 242, 95]","[[1328.87451171875, 397.9724426269531, 1442.234619140625, 726.499755859375], [1632.97900390625, 411.64324951171875, 1723.1502685546875, 712.6102294921875], [1447.25634765625, 389.15447998046875, 1588.625, 731.830322265625], [1740.867431640625, 405.30340576171875, 1838.80224609375, 659.9667358398438], [1172.597412109375, 392.1884765625, 1277.8388671875, 738.5585327148438], [122.70677947998047, 509.6091003417969, 207.6083984375, 746.8053588867188], [1599.685546875, 417.9062805175781, 1651.9217529296875, 670.9871826171875], [1685.96826171875, 561.2173461914062, 1760.85205078125, 728.0768432617188]]","[0.8154296875, 0.408935546875, 0.8291015625, 0.640625, 0.7685546875, 0.27880859375, 0.4443359375, 0.33837890625]","[[1385.5545654296875, 726.499755859375], [1678.0646362304688, 712.6102294921875], [1517.940673828125, 731.830322265625], [1789.8348388671875, 659.9667358398438], [1225.2181396484375, 738.5585327148438], [165.15758895874023, 746.8053588867188], [1625.8036499023438, 670.9871826171875], [1723.41015625, 728.0768432617188]]",425394176,410927104,425394176,640,yolo26s_int8_640_ncnn_model,MOT17-09
342,166.59536199995273,0.0,8,"[147, 92, 128, 72, 231, 163, 242, 95]","[[1334.4974365234375, 395.7161865234375, 1450.20556640625, 730.6316528320312], [1638.780517578125, 410.016845703125, 1731.5867919921875, 724.4566040039062], [1448.132568359375, 389.8013000488281, 1589.7119140625, 731.69775390625], [1744.48095703125, 409.64849853515625, 1841.3214111328125, 658.8544921875], [1171.062744140625, 389.500732421875, 1277.8824462890625, 738.6609497070312], [122.68207550048828, 511.29840087890625, 206.7345428466797, 745.2628173828125], [1602.66748046875, 421.7529296875, 1659.927490234375, 696.2376098632812], [1687.474853515625, 563.8218383789062, 1761.27099609375, 726.6808471679688]]","[0.80126953125, 0.402099609375, 0.8251953125, 0.64404296875, 0.8037109375, 0.2880859375, 0.5546875, 0.302734375]","[[1392.3515014648438, 730.6316528320312], [1685.1836547851562, 724.4566040039062], [1518.9222412109375, 731.69775390625], [1792.9011840820312, 658.8544921875], [1224.4725952148438, 738.6609497070312], [164.70830917358398, 745.2628173828125], [1631.2974853515625, 696.2376098632812], [1724.3729248046875, 726.6808471679688]]",425394176,410927104,425394176,640,yolo26s_int8_640_ncnn_model,MOT17-09
343,174.4704059999549,0.0,7,"[147, 92, 128, 72, 231, 163, 242]","[[1338.301025390625, 393.6462707519531, 1455.1142578125, 731.4524536132812], [1643.7607421875, 409.19354248046875, 1733.7523193359375, 721.3475341796875], [1447.4625244140625, 391.7519226074219, 1588.1290283203125, 730.9556274414062], [1745.104248046875, 407.5185852050781, 1842.6748046875, 659.1428833007812], [1169.80615234375, 385.3133850097656, 1278.5618896484375, 738.8978881835938], [121.65013885498047, 511.7275695800781, 205.65074157714844, 744.9185791015625], [1606.339111328125, 423.9945068359375, 1663.821044921875, 695.9580078125]]","[0.76318359375, 0.3994140625, 0.81591796875, 0.62158203125, 0.7939453125, 0.323486328125, 0.625]","[[1396.7076416015625, 731.4524536132812], [1688.7565307617188, 721.3475341796875], [1517.7957763671875, 730.9556274414062], [1793.8895263671875, 659.1428833007812], [1224.1840209960938, 738.8978881835938], [163.65044021606445, 744.9185791015625], [1635.080078125, 695.9580078125]]",425394176,410927104,425394176,640,yolo26s_int8_640_ncnn_model,MOT17-09
344,164.4428600000083,0.0,8,"[147, 92, 128, 72, 231, 163, 242, 249]","[[1340.943359375, 390.8878479003906, 1461.343017578125, 741.6867065429688], [1651.3651123046875, 410.656494140625, 1740.4473876953125, 724.1959228515625], [1447.2529296875, 385.9398193359375, 1590.50146484375, 732.2324829101562], [1745.5242919921875, 409.68597412109375, 1840.7816162109375, 658.234375], [1165.8798828125, 386.69561767578125, 1274.4197998046875, 737.9654541015625], [121.98480224609375, 511.6612854003906, 206.23602294921875, 745.0382080078125], [1608.127197265625, 427.4893798828125, 1664.405029296875, 687.61669921875], [1650.194580078125, 414.6000061035156, 1768.60546875, 723.5999755859375]]","[0.78271484375, 0.3525390625, 0.82958984375, 0.67919921875, 0.7802734375, 0.257080078125, 0.61474609375, 0.40087890625]","[[1401.1431884765625, 741.6867065429688], [1695.90625, 724.1959228515625], [1518.877197265625, 732.2324829101562], [1793.1529541015625, 658.234375], [1220.1498413085938, 737.9654541015625], [164.11041259765625, 745.0382080078125], [1636.26611328125, 687.61669921875], [1709.4000244140625, 723.5999755859375]]",425394176,410927104,425394176,640,yolo26s_int8_640_ncnn_model,MOT17-09
345,164.45399000008365,0.0,8,"[147, 128, 72, 231, 163, 242, 249, 95]","[[1343.5787353515625, 389.12982177734375, 1463.744873046875, 739.4434204101562], [1451.44140625, 398.1046142578125, 1589.097900390625, 730.2667236328125], [1751.2833251953125, 408.9983215332031, 1846.120849609375, 657.356689453125], [1163.0633544921875, 386.0484313964844, 1272.1597900390625, 736.819091796875], [122.50012969970703, 511.1585693359375, 206.5481414794922, 743.59912109375], [1611.1077880859375, 426.8074035644531, 1670.1170654296875, 693.3876342773438], [1653.015625, 414.7156066894531, 1771.3338623046875, 724.8717651367188], [1676.01513671875, 528.3092651367188, 1765.926025390625, 729.2756958007812]]","[0.80517578125, 0.82568359375, 0.66845703125, 0.79931640625, 0.320068359375, 0.4580078125, 0.273681640625, 0.37353515625]","[[1403.6618041992188, 739.4434204101562], [1520.2696533203125, 730.2667236328125], [1798.7020874023438, 657.356689453125], [1217.611572265625, 736.819091796875], [164.5241355895996, 743.59912109375], [1640.6124267578125, 693.3876342773438], [1712.1747436523438, 724.8717651367188], [1720.9705810546875, 729.2756958007812]]",425394176,410927104,425394176,640,yolo26s_int8_640_ncnn_model,MOT17-09
346,164.49574900002517,0.0,7,"[147, 128, 72, 231, 163, 242, 95]","[[1348.51220703125, 391.67681884765625, 1464.2818603515625, 728.4464721679688], [1453.633056640625, 393.17584228515625, 1594.0399169921875, 733.10107421875], [1755.874267578125, 409.7166748046875, 1849.4326171875, 656.0145263671875], [1160.6881103515625, 385.10076904296875, 1270.67041015625, 737.0933837890625], [122.37501525878906, 514.459228515625, 206.22434997558594, 745.537841796875], [1616.863525390625, 429.5260009765625, 1675.3126220703125, 684.302734375], [1676.599609375, 525.8988647460938, 1766.2545166015625, 727.6378784179688]]","[0.82373046875, 0.8232421875, 0.68505859375, 0.80078125, 0.292724609375, 0.54931640625, 0.5087890625]","[[1406.3970336914062, 728.4464721679688], [1523.8364868164062, 733.10107421875], [1802.6534423828125, 656.0145263671875], [1215.6792602539062, 737.0933837890625], [164.2996826171875, 745.537841796875], [1646.0880737304688, 684.302734375], [1721.4270629882812, 727.6378784179688]]",425394176,410927104,425394176,640,yolo26s_int8_640_ncnn_model,MOT17-09
347,166.07538000016575,0.0,8,"[147, 128, 72, 231, 163, 242, 95, 249]","[[1353.37890625, 392.6900634765625, 1467.0667724609375, 724.2220458984375], [1457.01220703125, 392.3601989746094, 1597.1827392578125, 733.1524047851562], [1760.190673828125, 407.9766845703125, 1853.8037109375, 655.4929809570312], [1158.7066650390625, 386.0107421875, 1269.26318359375, 738.8984375], [121.5068130493164, 513.7310791015625, 206.4080810546875, 746.2747802734375], [1619.5867919921875, 431.18365478515625, 1678.33935546875, 678.9112548828125], [1675.8507080078125, 530.4054565429688, 1763.5775146484375, 727.380126953125], [1662.4324951171875, 409.1033935546875, 1779.995849609375, 720.2930297851562]]","[0.83447265625, 0.79736328125, 0.7158203125, 0.81982421875, 0.317138671875, 0.53271484375, 0.357421875, 0.360107421875]","[[1410.2228393554688, 724.2220458984375], [1527.0974731445312, 733.1524047851562], [1806.9971923828125, 655.4929809570312], [1213.9849243164062, 738.8984375], [163.95744705200195, 746.2747802734375], [1648.9630737304688, 678.9112548828125], [1719.714111328125, 727.380126953125], [1721.2141723632812, 720.2930297851562]]",425394176,410927104,425394176,640,yolo26s_int8_640_ncnn_model,MOT17-09
348,164.71525000019938,0.0,7,"[147, 128, 72, 231, 163, 242, 92]","[[1357.2384033203125, 391.5742492675781, 1469.7271728515625, 720.205078125], [1460.783935546875, 394.0011901855469, 1599.811767578125, 732.2047119140625], [1763.4112548828125, 409.79388427734375, 1855.5762939453125, 654.7953491210938], [1154.48291015625, 385.6524658203125, 1266.33837890625, 741.28564453125], [119.76604461669922, 510.73797607421875, 204.66348266601562, 744.3218383789062], [1621.5389404296875, 432.1942138671875, 1680.1773681640625, 674.3885498046875], [1676.7435302734375, 405.9929504394531, 1767.1077880859375, 725.771240234375]]","[0.84619140625, 0.80908203125, 0.69873046875, 0.80908203125, 0.263671875, 0.52880859375, 0.439453125]","[[1413.4827880859375, 720.205078125], [1530.2978515625, 732.2047119140625], [1809.4937744140625, 654.7953491210938], [1210.41064453125, 741.28564453125], [162.21476364135742, 744.3218383789062], [1650.858154296875, 674.3885498046875], [1721.9256591796875, 725.771240234375]]",425394176,410927104,425394176,640,yolo26s_int8_640_ncnn_model,MOT17-09
349,164.80022999985522,0.0,8,"[147, 128, 72, 231, 163, 242, 92, 95]","[[1362.8240966796875, 390.4195251464844, 1476.2379150390625, 722.5115356445312], [1460.46337890625, 396.33624267578125, 1600.4830322265625, 737.101318359375], [1766.152587890625, 411.7188720703125, 1856.4210205078125, 653.2801513671875], [1152.515625, 385.0519714355469, 1265.66064453125, 744.6240844726562], [119.32970428466797, 510.1058044433594, 203.64987182617188, 743.0847778320312], [1624.8951416015625, 429.4024353027344, 1686.04541015625, 673.7843017578125], [1682.478515625, 403.23919677734375, 1772.609130859375, 722.928466796875], [1677.9361572265625, 534.3836669921875, 1764.5220947265625, 728.8834838867188]]","[0.82568359375, 0.76171875, 0.58642578125, 0.79638671875, 0.3076171875, 0.5888671875, 0.365966796875, 0.3564453125]","[[1419.531005859375, 722.5115356445312], [1530.4732055664062, 737.101318359375], [1811.2868041992188, 653.2801513671875], [1209.088134765625, 744.6240844726562], [161.48978805541992, 743.0847778320312], [1655.4702758789062, 673.7843017578125], [1727.5438232421875, 722.928466796875], [1721.2291259765625, 728.8834838867188]]",425394176,410927104,425394176,640,yolo26s_int8_640_ncnn_model,MOT17-09
350,164.53837900007784,0.0,8,"[147, 128, 72, 231, 163, 242, 92, 95]","[[1366.7578125, 386.28326416015625, 1481.484130859375, 724.1622924804688], [1468.1463623046875, 395.1971740722656, 1604.751953125, 727.0480346679688], [1768.1866455078125, 410.1741027832031, 1857.45458984375, 650.9617919921875], [1147.5418701171875, 385.3413391113281, 1261.847412109375, 745.366943359375], [120.83706665039062, 510.874755859375, 205.8132781982422, 744.6033325195312], [1628.4208984375, 426.3197326660156, 1691.6636962890625, 671.577880859375], [1688.650390625, 402.5478515625, 1778.18310546875, 724.6852416992188], [1680.204833984375, 534.5543823242188, 1767.17578125, 728.20361328125]]","[0.8076171875, 0.775390625, 0.6083984375, 0.77001953125, 0.34716796875, 0.6025390625, 0.390869140625, 0.57861328125]","[[1424.1209716796875, 724.1622924804688], [1536.4491577148438, 727.0480346679688], [1812.8206176757812, 650.9617919921875], [1204.6946411132812, 745.366943359375], [163.3251724243164, 744.6033325195312], [1660.0422973632812, 671.577880859375], [1733.416748046875, 724.6852416992188], [1723.6903076171875, 728.20361328125]]",425394176,410927104,425394176,640,yolo26s_int8_640_ncnn_model,MOT17-09
351,187.96521500007657,0.0,8,"[147, 128, 72, 231, 163, 242, 92, 95]","[[1371.4501953125, 393.37255859375, 1484.884033203125, 729.0152587890625], [1472.32177734375, 396.4732666015625, 1607.028076171875, 723.475830078125], [1772.833251953125, 408.3349609375, 1861.69580078125, 650.356201171875], [1145.7088623046875, 387.9449768066406, 1260.415283203125, 747.082275390625], [119.63623809814453, 512.4169921875, 203.33273315429688, 743.9453125], [1632.8880615234375, 428.1300354003906, 1698.3260498046875, 671.79345703125], [1691.7891845703125, 402.30084228515625, 1779.138671875, 715.4844360351562], [1680.5938720703125, 537.844482421875, 1766.513427734375, 728.7200317382812]]","[0.79833984375, 0.76513671875, 0.5224609375, 0.76806640625, 0.338134765625, 0.54638671875, 0.498046875, 0.3759765625]","[[1428.1671142578125, 729.0152587890625], [1539.6749267578125, 723.475830078125], [1817.2645263671875, 650.356201171875], [1203.0620727539062, 747.082275390625], [161.4844856262207, 743.9453125], [1665.6070556640625, 671.79345703125], [1735.4639282226562, 715.4844360351562], [1723.5536499023438, 728.7200317382812]]",425394176,410927104,425394176,640,yolo26s_int8_640_ncnn_model,MOT17-09
352,167.33234399998764,0.0,10,"[147, 128, 72, 231, 163, 242, 92, 95, 258, 249]","[[1375.4244384765625, 394.6287841796875, 1487.5885009765625, 729.4188232421875], [1475.6104736328125, 396.1651916503906, 1610.0128173828125, 722.951416015625], [1778.3389892578125, 406.8933410644531, 1867.24072265625, 651.8822021484375], [1142.614013671875, 386.4874267578125, 1258.434326171875, 746.2071533203125], [118.13565826416016, 515.7484741210938, 201.3203125, 745.9345703125], [1633.5810546875, 422.7436218261719, 1703.47265625, 675.9329223632812], [1696.7626953125, 404.72344970703125, 1787.248291015625, 729.4439697265625], [1682.1014404296875, 540.3252563476562, 1766.89794921875, 726.7007446289062], [1619.9111328125, 419.1000061035156, 1690.888916015625, 660.9000244140625], [1660.2698974609375, 402.3722229003906, 1779.4947509765625, 710.7731323242188]]","[0.796875, 0.73828125, 0.435302734375, 0.75732421875, 0.25244140625, 0.474609375, 0.51416015625, 0.451416015625, 0.40673828125, 0.31884765625]","[[1431.5064697265625, 729.4188232421875], [1542.8116455078125, 722.951416015625], [1822.7898559570312, 651.8822021484375], [1200.524169921875, 746.2071533203125], [159.72798538208008, 745.9345703125], [1668.52685546875, 675.9329223632812], [1742.0054931640625, 729.4439697265625], [1724.4996948242188, 726.7007446289062], [1655.4000244140625, 660.9000244140625], [1719.88232421875, 710.7731323242188]]",425394176,410927104,425394176,640,yolo26s_int8_640_ncnn_model,MOT17-09
353,166.33295500014356,0.0,11,"[147, 128, 72, 231, 163, 242, 92, 95, 258, 259, 249]","[[1381.7781982421875, 400.559326171875, 1489.3763427734375, 724.11865234375], [1478.4853515625, 396.02490234375, 1613.32421875, 724.801025390625], [1780.4276123046875, 404.61993408203125, 1869.08154296875, 651.2332763671875], [1138.171630859375, 384.7124938964844, 1256.1322021484375, 747.0673828125], [119.39026641845703, 517.9950561523438, 201.61927795410156, 745.6893310546875], [1636.2275390625, 420.01092529296875, 1708.6922607421875, 674.2659301757812], [1705.5870361328125, 404.6357727050781, 1794.7855224609375, 717.9168090820312], [1677.758056640625, 536.9868774414062, 1763.934814453125, 727.22509765625], [1621.464599609375, 413.7367858886719, 1694.87158203125, 663.9564208984375], [1551.3450927734375, 386.17498779296875, 1637.054931640625, 713.0250244140625], [1667.114990234375, 402.5140686035156, 1788.93310546875, 711.7584228515625]]","[0.78662109375, 0.736328125, 0.4794921875, 0.7685546875, 0.348388671875, 0.53857421875, 0.49365234375, 0.427001953125, 0.36279296875, 0.34326171875, 0.3427734375]","[[1435.5772705078125, 724.11865234375], [1545.90478515625, 724.801025390625], [1824.7545776367188, 651.2332763671875], [1197.1519165039062, 747.0673828125], [160.5047721862793, 745.6893310546875], [1672.4598999023438, 674.2659301757812], [1750.186279296875, 717.9168090820312], [1720.846435546875, 727.22509765625], [1658.1680908203125, 663.9564208984375], [1594.2000122070312, 713.0250244140625], [1728.0240478515625, 711.7584228515625]]",425394176,410927104,425394176,640,yolo26s_int8_640_ncnn_model,MOT17-09
354,166.00865800000975,0.0,10,"[147, 128, 72, 231, 163, 242, 92, 95, 258, 259]","[[1386.4384765625, 400.53497314453125, 1490.400634765625, 714.3231201171875], [1480.956787109375, 397.93780517578125, 1615.010498046875, 725.5347900390625], [1779.854248046875, 410.68365478515625, 1864.951171875, 650.0062255859375], [1133.4417724609375, 384.05584716796875, 1253.5001220703125, 749.3287963867188], [119.16610717773438, 519.575439453125, 199.9596710205078, 743.8472290039062], [1639.6436767578125, 419.4482116699219, 1713.8980712890625, 675.1201171875], [1711.5806884765625, 407.8594665527344, 1802.6407470703125, 715.1171875], [1677.0382080078125, 539.9557495117188, 1761.9820556640625, 727.1884765625], [1620.9564208984375, 411.9190979003906, 1694.9666748046875, 664.9923095703125], [1552.4866943359375, 389.10382080078125, 1636.3726806640625, 709.1773681640625]]","[0.763671875, 0.68603515625, 0.54052734375, 0.7802734375, 0.361083984375, 0.484375, 0.61083984375, 0.263671875, 0.369384765625, 0.337890625]","[[1438.4195556640625, 714.3231201171875], [1547.983642578125, 725.5347900390625], [1822.4027099609375, 650.0062255859375], [1193.470947265625, 749.3287963867188], [159.5628890991211, 743.8472290039062], [1676.7708740234375, 675.1201171875], [1757.1107177734375, 715.1171875], [1719.5101318359375, 727.1884765625], [1657.9615478515625, 664.9923095703125], [1594.4296875, 709.1773681640625]]",425394176,410927104,425394176,640,yolo26s_int8_640_ncnn_model,MOT17-09
355,165.86945400013064,0.0,10,"[147, 128, 72, 231, 163, 242, 92, 95, 259, 249]","[[1390.8154296875, 403.7746276855469, 1495.8472900390625, 721.60400390625], [1486.338623046875, 404.6119079589844, 1615.0125732421875, 717.8787841796875], [1782.273193359375, 411.0130615234375, 1866.421142578125, 648.5473022460938], [1129.575927734375, 385.0569763183594, 1250.764404296875, 748.9215087890625], [119.34516143798828, 526.6480102539062, 197.0917510986328, 742.6546630859375], [1642.810791015625, 418.74755859375, 1717.656005859375, 671.0021362304688], [1716.2733154296875, 405.79742431640625, 1810.69482421875, 714.3541870117188], [1676.9130859375, 543.3367919921875, 1761.11962890625, 728.951904296875], [1557.4456787109375, 388.9205322265625, 1638.626708984375, 698.4633178710938], [1675.6866455078125, 401.0152587890625, 1800.9017333984375, 710.0206909179688]]","[0.7509765625, 0.671875, 0.50390625, 0.7802734375, 0.318359375, 0.50244140625, 0.54638671875, 0.378173828125, 0.34130859375, 0.349365234375]","[[1443.3313598632812, 721.60400390625], [1550.6755981445312, 717.8787841796875], [1824.34716796875, 648.5473022460938], [1190.170166015625, 748.9215087890625], [158.21845626831055, 742.6546630859375], [1680.2333984375, 671.0021362304688], [1763.4840698242188, 714.3541870117188], [1719.016357421875, 728.951904296875], [1598.0361938476562, 698.4633178710938], [1738.294189453125, 710.0206909179688]]",425394176,410927104,425394176,640,yolo26s_int8_640_ncnn_model,MOT17-09
356,166.3292690000162,0.0,10,"[147, 128, 72, 231, 242, 92, 95, 259, 264, 249]","[[1394.27294921875, 406.1734313964844, 1498.7247314453125, 721.0502319335938], [1485.0535888671875, 404.5664367675781, 1620.1405029296875, 735.7911987304688], [1786.5107421875, 409.3751220703125, 1869.4273681640625, 645.7760009765625], [1128.5955810546875, 384.47296142578125, 1251.3677978515625, 749.7095947265625], [1645.9755859375, 422.97509765625, 1720.7620849609375, 668.9514770507812], [1719.4208984375, 406.76898193359375, 1815.8865966796875, 716.3351440429688], [1676.1796875, 539.5909423828125, 1761.520263671875, 728.6307983398438], [1562.642333984375, 390.4949645996094, 1642.4830322265625, 694.764892578125], [1769.1365966796875, 451.6499938964844, 1827.263427734375, 643.9500122070312], [1677.7247314453125, 404.1401062011719, 1806.9913330078125, 713.6528930664062]]","[0.76513671875, 0.6953125, 0.413330078125, 0.77587890625, 0.42138671875, 0.491943359375, 0.45751953125, 0.423095703125, 0.403076171875, 0.323486328125]","[[1446.4988403320312, 721.0502319335938], [1552.5970458984375, 735.7911987304688], [1827.9690551757812, 645.7760009765625], [1189.981689453125, 749.7095947265625], [1683.3688354492188, 668.9514770507812], [1767.6537475585938, 716.3351440429688], [1718.8499755859375, 728.6307983398438], [1602.5626831054688, 694.764892578125], [1798.2000122070312, 643.9500122070312], [1742.3580322265625, 713.6528930664062]]",425394176,410927104,425394176,640,yolo26s_int8_640_ncnn_model,MOT17-09
357,166.19819500010635,0.0,10,"[147, 128, 72, 231, 242, 92, 95, 259, 264, 163]","[[1396.7764892578125, 408.283935546875, 1500.2451171875, 719.621826171875], [1488.5184326171875, 405.5192565917969, 1623.880615234375, 739.2161254882812], [1793.2613525390625, 407.50537109375, 1875.156494140625, 644.0139770507812], [1129.3538818359375, 384.0198669433594, 1252.592529296875, 749.233154296875], [1648.84033203125, 423.8197937011719, 1723.9229736328125, 663.9472045898438], [1722.94775390625, 405.39508056640625, 1821.040771484375, 716.860107421875], [1678.0106201171875, 536.2113647460938, 1765.5206298828125, 730.4968872070312], [1567.171142578125, 389.0135498046875, 1647.2486572265625, 693.587646484375], [1773.9034423828125, 452.40301513671875, 1832.227783203125, 645.050537109375], [118.50999450683594, 529.596435546875, 194.82492065429688, 742.2992553710938]]","[0.77734375, 0.7255859375, 0.403076171875, 0.7392578125, 0.45068359375, 0.5185546875, 0.5390625, 0.4990234375, 0.490478515625, 0.263427734375]","[[1448.5108032226562, 719.621826171875], [1556.1995239257812, 739.2161254882812], [1834.2089233398438, 644.0139770507812], [1190.9732055664062, 749.233154296875], [1686.3816528320312, 663.9472045898438], [1771.9942626953125, 716.860107421875], [1721.765625, 730.4968872070312], [1607.2098999023438, 693.587646484375], [1803.0656127929688, 645.050537109375], [156.6674575805664, 742.2992553710938]]",425394176,410927104,425394176,640,yolo26s_int8_640_ncnn_model,MOT17-09
358,166.30850999990798,0.0,10,"[147, 128, 72, 231, 242, 92, 95, 259, 264, 163]","[[1401.167724609375, 410.0243835449219, 1503.0382080078125, 717.1133422851562], [1491.806884765625, 406.8194580078125, 1625.1707763671875, 737.5501098632812], [1795.6953125, 409.2913818359375, 1875.1912841796875, 642.8861694335938], [1124.0079345703125, 377.9339904785156, 1250.931884765625, 752.97021484375], [1646.80224609375, 426.1357727050781, 1721.8419189453125, 664.1431274414062], [1727.0572509765625, 407.3509826660156, 1825.7528076171875, 718.5610961914062], [1680.2689208984375, 539.8350830078125, 1767.45068359375, 734.1528930664062], [1570.929443359375, 388.752685546875, 1650.619140625, 690.9924926757812], [1781.2744140625, 453.8207702636719, 1839.7669677734375, 646.583984375], [117.3849105834961, 526.9290161132812, 194.4730987548828, 743.3551635742188]]","[0.69580078125, 0.7373046875, 0.3603515625, 0.7578125, 0.286865234375, 0.59619140625, 0.55615234375, 0.52783203125, 0.39697265625, 0.287109375]","[[1452.1029663085938, 717.1133422851562], [1558.4888305664062, 737.5501098632812], [1835.4432983398438, 642.8861694335938], [1187.4699096679688, 752.97021484375], [1684.3220825195312, 664.1431274414062], [1776.405029296875, 718.5610961914062], [1723.8598022460938, 734.1528930664062], [1610.7742919921875, 690.9924926757812], [1810.5206909179688, 646.583984375], [155.92900466918945, 743.3551635742188]]",425394176,410927104,425394176,640,yolo26s_int8_640_ncnn_model,MOT17-09
359,165.8187689999977,0.0,9,"[147, 128, 72, 231, 92, 95, 259, 264, 163]","[[1406.5137939453125, 411.3713684082031, 1507.0782470703125, 714.4566040039062], [1496.8150634765625, 409.9951477050781, 1623.697509765625, 724.2022705078125], [1799.6763916015625, 408.4681701660156, 1877.8731689453125, 643.9979248046875], [1121.9150390625, 377.6185302734375, 1250.4852294921875, 756.3077392578125], [1724.1732177734375, 402.6334533691406, 1827.591064453125, 730.6300659179688], [1682.65966796875, 539.5125122070312, 1770.628662109375, 736.3046875], [1577.49609375, 390.484375, 1654.64990234375, 677.9230346679688], [1785.10986328125, 449.17822265625, 1844.8065185546875, 645.3430786132812], [116.89940643310547, 520.7843017578125, 195.32276916503906, 742.973388671875]]","[0.68994140625, 0.74658203125, 0.3525390625, 0.77685546875, 0.517578125, 0.53515625, 0.43603515625, 0.359619140625, 0.45263671875]","[[1456.7960205078125, 714.4566040039062], [1560.2562866210938, 724.2022705078125], [1838.7747802734375, 643.9979248046875], [1186.2001342773438, 756.3077392578125], [1775.8821411132812, 730.6300659179688], [1726.6441650390625, 736.3046875], [1616.072998046875, 677.9230346679688], [1814.9581909179688, 645.3430786132812], [156.11108779907227, 742.973388671875]]",425394176,410927104,425394176,640,yolo26s_int8_640_ncnn_model,MOT17-09
360,174.77183300002253,0.0,9,"[147, 128, 231, 92, 95, 259, 264, 163, 242]","[[1411.9437255859375, 410.81231689453125, 1511.8531494140625, 710.4989013671875], [1501.145263671875, 410.8819274902344, 1624.5111083984375, 715.294677734375], [1116.8758544921875, 378.273681640625, 1246.8402099609375, 757.79541015625], [1726.2279052734375, 399.18280029296875, 1832.73583984375, 740.6882934570312], [1690.7552490234375, 542.0899658203125, 1776.4244384765625, 735.3834838867188], [1584.37109375, 389.49932861328125, 1663.866943359375, 681.4271850585938], [1790.712646484375, 446.55621337890625, 1850.3330078125, 641.668701171875], [116.40769958496094, 516.0167846679688, 195.98179626464844, 743.305419921875], [1659.3887939453125, 434.0386047363281, 1733.3397216796875, 659.7001953125]]","[0.646484375, 0.73583984375, 0.84912109375, 0.61376953125, 0.451416015625, 0.468017578125, 0.283203125, 0.439453125, 0.324462890625]","[[1461.8984375, 710.4989013671875], [1562.8281860351562, 715.294677734375], [1181.8580322265625, 757.79541015625], [1779.4818725585938, 740.6882934570312], [1733.58984375, 735.3834838867188], [1624.1190185546875, 681.4271850585938], [1820.5228271484375, 641.668701171875], [156.1947479248047, 743.305419921875], [1696.3642578125, 659.7001953125]]",425394176,410927104,425394176,640,yolo26s_int8_640_ncnn_model,MOT17-09
361,165.35367599999518,0.0,8,"[147, 128, 231, 92, 95, 259, 163, 242]","[[1421.4422607421875, 409.8000793457031, 1521.8907470703125, 706.8224487304688], [1509.8779296875, 413.68157958984375, 1629.6282958984375, 707.5374145507812], [1113.219482421875, 377.8232727050781, 1245.342529296875, 760.03515625], [1727.5687255859375, 396.4023132324219, 1833.8878173828125, 739.22998046875], [1697.365234375, 540.5866088867188, 1783.053955078125, 735.503173828125], [1586.310302734375, 392.74334716796875, 1663.128173828125, 673.0040893554688], [116.01527404785156, 517.8839111328125, 195.4895782470703, 747.5805053710938], [1660.328369140625, 431.7650146484375, 1736.9398193359375, 660.7508544921875]]","[0.6494140625, 0.72705078125, 0.84619140625, 0.6279296875, 0.43603515625, 0.302490234375, 0.40625, 0.432861328125]","[[1471.66650390625, 706.8224487304688], [1569.7531127929688, 707.5374145507812], [1179.281005859375, 760.03515625], [1780.728271484375, 739.22998046875], [1740.2095947265625, 735.503173828125], [1624.71923828125, 673.0040893554688], [155.75242614746094, 747.5805053710938], [1698.6340942382812, 660.7508544921875]]",425394176,410927104,425394176,640,yolo26s_int8_640_ncnn_model,MOT17-09
362,164.73823100000118,0.0,9,"[147, 128, 231, 92, 95, 259, 242, 270, 264]","[[1427.0213623046875, 412.1424865722656, 1527.2359619140625, 705.7724609375], [1512.3963623046875, 409.049072265625, 1634.00634765625, 708.3397216796875], [1113.0386962890625, 380.6290283203125, 1245.6759033203125, 761.821044921875], [1729.72900390625, 396.31884765625, 1832.3114013671875, 725.843505859375], [1703.984130859375, 537.0538940429688, 1789.186767578125, 734.5490112304688], [1592.771240234375, 390.8072509765625, 1673.201904296875, 679.4816284179688], [1662.9129638671875, 426.0057067871094, 1743.8575439453125, 664.1016845703125], [7.257868766784668, 496.04998779296875, 163.442138671875, 980.8499755859375], [1795.9573974609375, 455.79071044921875, 1859.03076171875, 662.0475463867188]]","[0.72607421875, 0.69140625, 0.8359375, 0.55126953125, 0.37109375, 0.4345703125, 0.39697265625, 0.489501953125, 0.2841796875]","[[1477.128662109375, 705.7724609375], [1573.2013549804688, 708.3397216796875], [1179.3572998046875, 761.821044921875], [1781.0202026367188, 725.843505859375], [1746.58544921875, 734.5490112304688], [1632.986572265625, 679.4816284179688], [1703.38525390625, 664.1016845703125], [85.35000371932983, 980.8499755859375], [1827.4940795898438, 662.0475463867188]]",425394176,410927104,425394176,640,yolo26s_int8_640_ncnn_model,MOT17-09
363,165.352546999884,0.0,8,"[147, 128, 231, 92, 95, 259, 242, 270]","[[1430.6409912109375, 410.9670104980469, 1531.3035888671875, 705.4542236328125], [1516.711181640625, 407.6070556640625, 1638.0174560546875, 707.434814453125], [1115.8641357421875, 380.98956298828125, 1248.9945068359375, 764.1723022460938], [1738.5877685546875, 397.0812072753906, 1839.205078125, 718.8140258789062], [1712.591796875, 534.483642578125, 1797.0875244140625, 735.4072875976562], [1596.896240234375, 394.90704345703125, 1674.68505859375, 668.9772338867188], [1665.5426025390625, 421.4171142578125, 1748.4971923828125, 663.8783569335938], [0.0, 304.9446716308594, 198.340087890625, 976.49951171875]]","[0.7041015625, 0.740234375, 0.82958984375, 0.52197265625, 0.325927734375, 0.44677734375, 0.3701171875, 0.59765625]","[[1480.9722900390625, 705.4542236328125], [1577.3643188476562, 707.434814453125], [1182.4293212890625, 764.1723022460938], [1788.8964233398438, 718.8140258789062], [1754.8396606445312, 735.4072875976562], [1635.7906494140625, 668.9772338867188], [1707.0198974609375, 663.8783569335938], [99.1700439453125, 976.49951171875]]",425394176,410927104,425394176,640,yolo26s_int8_640_ncnn_model,MOT17-09
364,165.53432399996382,0.0,10,"[147, 128, 231, 92, 95, 259, 242, 270, 273, 163]","[[1432.1812744140625, 412.2464904785156, 1532.2664794921875, 706.6428833007812], [1522.2515869140625, 406.0349426269531, 1643.3558349609375, 706.1801147460938], [1116.919189453125, 381.877685546875, 1250.3902587890625, 765.255859375], [1746.91015625, 396.6443176269531, 1848.435302734375, 716.9472045898438], [1719.214111328125, 537.9295654296875, 1800.5078125, 733.2738037109375], [1598.4482421875, 393.6025390625, 1676.7291259765625, 665.9597778320312], [1669.4373779296875, 421.1434631347656, 1753.002685546875, 664.2828979492188], [0.0, 232.152587890625, 209.32371520996094, 975.3001098632812], [7.245715141296387, 251.47500610351562, 54.338661193847656, 712.7249755859375], [120.87493133544922, 520.6451416015625, 200.45635986328125, 747.8878784179688]]","[0.705078125, 0.7314453125, 0.8173828125, 0.414794921875, 0.435302734375, 0.50390625, 0.5224609375, 0.5439453125, 0.51953125, 0.26953125]","[[1482.223876953125, 706.6428833007812], [1582.8037109375, 706.1801147460938], [1183.6547241210938, 765.255859375], [1797.6727294921875, 716.9472045898438], [1759.8609619140625, 733.2738037109375], [1637.5886840820312, 665.9597778320312], [1711.2200317382812, 664.2828979492188], [104.66185760498047, 975.3001098632812], [30.79218816757202, 712.7249755859375], [160.66564559936523, 747.8878784179688]]",425394176,410927104,425394176,640,yolo26s_int8_640_ncnn_model,MOT17-09
365,165.7965649999369,0.0,8,"[147, 128, 231, 92, 95, 259, 242, 270]","[[1434.1260986328125, 407.7042541503906, 1534.8865966796875, 704.1509399414062], [1526.1806640625, 407.42529296875, 1645.247314453125, 704.786865234375], [1114.6666259765625, 381.73345947265625, 1248.743408203125, 765.11474609375], [1740.726318359375, 390.5377502441406, 1844.92919921875, 726.2161865234375], [1728.7685546875, 527.5698852539062, 1814.4857177734375, 734.1793212890625], [1599.8798828125, 389.55438232421875, 1682.4111328125, 674.68603515625], [1672.9991455078125, 420.0911560058594, 1758.27978515625, 667.3988037109375], [0.0, 209.19509887695312, 210.48802185058594, 975.3739624023438]]","[0.73681640625, 0.65673828125, 0.8271484375, 0.38330078125, 0.5693359375, 0.55810546875, 0.56396484375, 0.83984375]","[[1484.50634765625, 704.1509399414062], [1585.7139892578125, 704.786865234375], [1181.7050170898438, 765.11474609375], [1792.8277587890625, 726.2161865234375], [1771.6271362304688, 734.1793212890625], [1641.1455078125, 674.68603515625], [1715.6394653320312, 667.3988037109375], [105.24401092529297, 975.3739624023438]]",425394176,410927104,425394176,640,yolo26s_int8_640_ncnn_model,MOT17-09
366,164.71893500010992,0.0,9,"[147, 128, 231, 92, 95, 259, 242, 270, 264]","[[1442.0638427734375, 411.449951171875, 1540.276123046875, 702.767822265625], [1533.2777099609375, 412.4397888183594, 1650.060791015625, 703.840576171875], [1110.48193359375, 379.2163391113281, 1246.5926513671875, 763.5230102539062], [1752.865478515625, 389.9979248046875, 1858.257568359375, 722.1034545898438], [1735.8126220703125, 525.737060546875, 1823.7015380859375, 736.44775390625], [1601.5535888671875, 388.08953857421875, 1685.1207275390625, 673.93115234375], [1679.017333984375, 421.4393310546875, 1763.2130126953125, 664.8936157226562], [0.0, 207.26657104492188, 207.7519989013672, 972.5527954101562], [1807.044189453125, 454.9559020996094, 1882.8499755859375, 706.0059204101562]]","[0.7099609375, 0.6298828125, 0.7998046875, 0.4833984375, 0.53076171875, 0.58349609375, 0.53076171875, 0.873046875, 0.287353515625]","[[1491.1699829101562, 702.767822265625], [1591.6692504882812, 703.840576171875], [1178.5372924804688, 763.5230102539062], [1805.5615234375, 722.1034545898438], [1779.757080078125, 736.44775390625], [1643.337158203125, 673.93115234375], [1721.1151733398438, 664.8936157226562], [103.8759994506836, 972.5527954101562], [1844.9470825195312, 706.0059204101562]]",425394176,410927104,425394176,640,yolo26s_int8_640_ncnn_model,MOT17-09
367,165.02691599998798,0.0,8,"[147, 128, 231, 92, 95, 259, 242, 270]","[[1447.2933349609375, 412.10430908203125, 1545.7227783203125, 701.0545654296875], [1541.7286376953125, 418.064453125, 1657.83544921875, 703.81591796875], [1107.38037109375, 372.3472900390625, 1247.3834228515625, 764.8468627929688], [1764.146728515625, 390.59259033203125, 1874.407470703125, 728.6266479492188], [1741.4727783203125, 525.0676879882812, 1831.874267578125, 737.3316040039062], [1605.769287109375, 386.7833251953125, 1688.2012939453125, 665.51220703125], [1679.707763671875, 425.2254943847656, 1762.4176025390625, 664.6552124023438], [0.0, 214.67724609375, 204.5092315673828, 976.5050048828125]]","[0.6513671875, 0.70068359375, 0.82177734375, 0.64697265625, 0.60302734375, 0.56591796875, 0.5205078125, 0.8671875]","[[1496.508056640625, 701.0545654296875], [1599.7820434570312, 703.81591796875], [1177.3818969726562, 764.8468627929688], [1819.277099609375, 728.6266479492188], [1786.6735229492188, 737.3316040039062], [1646.9852905273438, 665.51220703125], [1721.0626831054688, 664.6552124023438], [102.2546157836914, 976.5050048828125]]",425394176,410927104,425394176,640,yolo26s_int8_640_ncnn_model,MOT17-09
368,182.06278499997097,0.0,8,"[147, 128, 231, 92, 95, 259, 242, 270]","[[1450.853515625, 410.0728454589844, 1549.7928466796875, 699.7203369140625], [1548.705810546875, 416.57330322265625, 1666.6259765625, 703.37060546875], [1101.78955078125, 368.302978515625, 1246.3067626953125, 771.6846313476562], [1766.9884033203125, 390.3585205078125, 1881.5799560546875, 728.6177368164062], [1747.5931396484375, 526.0812377929688, 1840.541748046875, 737.415283203125], [1609.45556640625, 385.7985534667969, 1690.9429931640625, 659.9107055664062], [1681.12548828125, 424.68310546875, 1762.6339111328125, 661.5745239257812], [0.0, 206.81735229492188, 210.96673583984375, 968.8001708984375]]","[0.62158203125, 0.7578125, 0.8359375, 0.64794921875, 0.60009765625, 0.50390625, 0.6005859375, 0.84130859375]","[[1500.3231811523438, 699.7203369140625], [1607.6658935546875, 703.37060546875], [1174.0481567382812, 771.6846313476562], [1824.2841796875, 728.6177368164062], [1794.0674438476562, 737.415283203125], [1650.1992797851562, 659.9107055664062], [1721.8796997070312, 661.5745239257812], [105.48336791992188, 968.8001708984375]]",425394176,410927104,425394176,640,yolo26s_int8_640_ncnn_model,MOT17-09
369,166.26247299996066,0.0,8,"[147, 128, 231, 92, 95, 259, 242, 270]","[[1455.7845458984375, 409.0499572753906, 1557.3416748046875, 706.49658203125], [1552.401123046875, 417.4811096191406, 1670.42822265625, 703.7547607421875], [1101.1776123046875, 366.7941589355469, 1245.4339599609375, 766.4628295898438], [1775.0697021484375, 391.04766845703125, 1894.632080078125, 733.7618408203125], [1748.9698486328125, 527.009521484375, 1844.4644775390625, 738.9080200195312], [1614.11865234375, 387.46630859375, 1692.388916015625, 649.9003295898438], [1681.4892578125, 426.7293395996094, 1760.62255859375, 659.1786499023438], [0.0, 207.36720275878906, 228.0620880126953, 969.3248291015625]]","[0.61328125, 0.7998046875, 0.84765625, 0.7060546875, 0.6416015625, 0.410888671875, 0.591796875, 0.84326171875]","[[1506.5631103515625, 706.49658203125], [1611.4146728515625, 703.7547607421875], [1173.3057861328125, 766.4628295898438], [1834.8508911132812, 733.7618408203125], [1796.7171630859375, 738.9080200195312], [1653.2537841796875, 649.9003295898438], [1721.055908203125, 659.1786499023438], [114.03104400634766, 969.3248291015625]]",425394176,410927104,425394176,640,yolo26s_int8_640_ncnn_model,MOT17-09
370,165.29219499989267,0.0,10,"[147, 128, 231, 92, 95, 259, 242, 270, 276, 264]","[[1462.442626953125, 409.39996337890625, 1562.9525146484375, 702.4041748046875], [1555.510009765625, 418.025634765625, 1673.754150390625, 703.7012329101562], [1094.4312744140625, 363.5612487792969, 1244.8450927734375, 779.8855590820312], [1777.0992431640625, 390.6009521484375, 1900.2330322265625, 732.4951171875], [1754.295166015625, 529.607666015625, 1850.6396484375, 738.2312622070312], [1618.4803466796875, 388.8719482421875, 1694.009765625, 641.499755859375], [1682.8524169921875, 429.75775146484375, 1760.37109375, 660.0458374023438], [39.5615119934082, 212.75830078125, 274.30908203125, 976.1361083984375], [1441.2376708984375, 398.1000061035156, 1499.3624267578125, 694.2000122070312], [1818.0115966796875, 401.8570556640625, 1915.6455078125, 725.861572265625]]","[0.72314453125, 0.78125, 0.8603515625, 0.429443359375, 0.3701171875, 0.362548828125, 0.59326171875, 0.7646484375, 0.5712890625, 0.361572265625]","[[1512.6975708007812, 702.4041748046875], [1614.632080078125, 703.7012329101562], [1169.63818359375, 779.8855590820312], [1838.6661376953125, 732.4951171875], [1802.4674072265625, 738.2312622070312], [1656.2450561523438, 641.499755859375], [1721.6117553710938, 660.0458374023438], [156.9352970123291, 976.1361083984375], [1470.300048828125, 694.2000122070312], [1866.8285522460938, 725.861572265625]]",425394176,410927104,425394176,640,yolo26s_int8_640_ncnn_model,MOT17-09
371,165.37382499996056,0.0,9,"[147, 128, 231, 259, 242, 270, 276, 264, 249]","[[1466.6029052734375, 410.0251770019531, 1568.0428466796875, 703.3443603515625], [1559.705078125, 421.681640625, 1677.60498046875, 705.2232055664062], [1091.338134765625, 360.9277038574219, 1245.25830078125, 788.274658203125], [1618.4085693359375, 387.59796142578125, 1700.031494140625, 664.9664916992188], [1684.4090576171875, 430.6286315917969, 1761.0196533203125, 660.63720703125], [73.20015716552734, 214.7822723388672, 314.41607666015625, 972.5540771484375], [1443.4097900390625, 399.3750915527344, 1501.36328125, 693.8522338867188], [1822.929931640625, 405.90838623046875, 1918.834228515625, 724.56005859375], [1743.7314453125, 389.7041320800781, 1879.506103515625, 731.9834594726562]]","[0.72705078125, 0.7890625, 0.83935546875, 0.326904296875, 0.52197265625, 0.8232421875, 0.52783203125, 0.494140625, 0.37109375]","[[1517.3228759765625, 703.3443603515625], [1618.655029296875, 705.2232055664062], [1168.2982177734375, 788.274658203125], [1659.2200317382812, 664.9664916992188], [1722.71435546875, 660.63720703125], [193.8081169128418, 972.5540771484375], [1472.3865356445312, 693.8522338867188], [1870.882080078125, 724.56005859375], [1811.6187744140625, 731.9834594726562]]",425394176,410927104,425394176,640,yolo26s_int8_640_ncnn_model,MOT17-09
372,164.83347200005483,0.0,9,"[147, 128, 231, 242, 270, 276, 249, 258, 92]","[[1472.1920166015625, 411.7413024902344, 1574.5081787109375, 706.2058715820312], [1563.5048828125, 415.0051574707031, 1682.46240234375, 703.8323364257812], [1088.3343505859375, 362.6301574707031, 1239.5792236328125, 780.0545654296875], [1687.1724853515625, 430.6893615722656, 1762.8802490234375, 662.1167602539062], [101.8602294921875, 222.89674377441406, 353.4915771484375, 971.1838989257812], [1446.5577392578125, 402.1419372558594, 1504.28759765625, 694.90869140625], [1756.0718994140625, 391.8483581542969, 1886.6234130859375, 734.0811157226562], [1628.108154296875, 390.0485534667969, 1707.9150390625, 667.4605712890625], [1781.8104248046875, 392.9067687988281, 1905.8758544921875, 728.2380981445312]]","[0.70361328125, 0.75537109375, 0.8115234375, 0.419677734375, 0.8818359375, 0.54345703125, 0.359130859375, 0.346923828125, 0.4580078125]","[[1523.35009765625, 706.2058715820312], [1622.983642578125, 703.8323364257812], [1163.956787109375, 780.0545654296875], [1725.0263671875, 662.1167602539062], [227.6759033203125, 971.1838989257812], [1475.4226684570312, 694.90869140625], [1821.34765625, 734.0811157226562], [1668.0115966796875, 667.4605712890625], [1843.8431396484375, 728.2380981445312]]",425394176,410927104,425394176,640,yolo26s_int8_640_ncnn_model,MOT17-09
373,164.9306759998126,0.0,10,"[147, 128, 231, 242, 270, 276, 249, 258, 92, 264]","[[1476.87158203125, 415.10247802734375, 1578.96435546875, 705.5671997070312], [1569.846923828125, 415.96539306640625, 1686.9849853515625, 701.8553466796875], [1083.8741455078125, 358.9420166015625, 1236.84765625, 779.1455078125], [1687.7801513671875, 422.7527770996094, 1763.8319091796875, 658.7067260742188], [115.53526306152344, 236.25216674804688, 375.6456604003906, 967.59716796875], [1447.80859375, 402.67584228515625, 1504.7886962890625, 691.0044555664062], [1756.3126220703125, 392.1321716308594, 1885.3450927734375, 735.3084106445312], [1633.9127197265625, 389.4060974121094, 1714.5888671875, 668.7570190429688], [1783.967529296875, 392.322265625, 1910.6192626953125, 731.4216918945312], [1832.0582275390625, 413.0814514160156, 1920.0, 726.7014770507812]]","[0.69775390625, 0.69287109375, 0.82177734375, 0.461181640625, 0.87060546875, 0.45556640625, 0.262451171875, 0.35009765625, 0.459716796875, 0.278076171875]","[[1527.91796875, 705.5671997070312], [1628.4159545898438, 701.8553466796875], [1160.3609008789062, 779.1455078125], [1725.8060302734375, 658.7067260742188], [245.59046173095703, 967.59716796875], [1476.2986450195312, 691.0044555664062], [1820.828857421875, 735.3084106445312], [1674.2507934570312, 668.7570190429688], [1847.2933959960938, 731.4216918945312], [1876.0291137695312, 726.7014770507812]]",425394176,410927104,425394176,640,yolo26s_int8_640_ncnn_model,MOT17-09
374,165.69525099998827,0.0,10,"[147, 128, 231, 242, 270, 276, 258, 92, 264, 95]","[[1477.5975341796875, 417.10504150390625, 1580.2728271484375, 704.5889282226562], [1574.7060546875, 413.320556640625, 1689.859130859375, 698.147705078125], [1078.0701904296875, 359.32086181640625, 1232.2147216796875, 781.945556640625], [1689.984130859375, 423.4632263183594, 1764.0330810546875, 656.6915893554688], [123.21834564208984, 240.05007934570312, 394.7177429199219, 964.646240234375], [1451.1796875, 402.4950256347656, 1508.375244140625, 692.1997680664062], [1642.90380859375, 388.20281982421875, 1725.6983642578125, 666.2537841796875], [1787.45361328125, 388.40087890625, 1915.398681640625, 732.2777709960938], [1832.2294921875, 400.587646484375, 1920.0, 725.9871215820312], [1786.8746337890625, 532.437744140625, 1881.847900390625, 739.0523681640625]]","[0.69482421875, 0.6748046875, 0.80615234375, 0.4990234375, 0.888671875, 0.38623046875, 0.319091796875, 0.364990234375, 0.3291015625, 0.389892578125]","[[1528.9351806640625, 704.5889282226562], [1632.2825927734375, 698.147705078125], [1155.1424560546875, 781.945556640625], [1727.0086059570312, 656.6915893554688], [258.96804428100586, 964.646240234375], [1479.7774658203125, 692.1997680664062], [1684.3010864257812, 666.2537841796875], [1851.4261474609375, 732.2777709960938], [1876.11474609375, 725.9871215820312], [1834.3612670898438, 739.0523681640625]]",425394176,410927104,425394176,640,yolo26s_int8_640_ncnn_model,MOT17-09
375,168.55634600005942,0.0,8,"[147, 128, 231, 242, 270, 276, 95, 249]","[[1482.42138671875, 415.327880859375, 1583.822509765625, 697.7469482421875], [1581.354248046875, 406.83843994140625, 1699.714111328125, 701.2835083007812], [1071.227294921875, 355.102783203125, 1226.39306640625, 783.4490356445312], [1693.6182861328125, 424.5076599121094, 1765.0977783203125, 652.209228515625], [128.83486938476562, 255.48475646972656, 405.9295654296875, 957.2450561523438], [1458.386962890625, 404.7756652832031, 1513.9783935546875, 686.0032348632812], [1800.41552734375, 532.567626953125, 1894.997802734375, 741.4383544921875], [1765.36376953125, 390.996337890625, 1896.7357177734375, 741.77783203125]]","[0.66748046875, 0.70947265625, 0.82958984375, 0.50048828125, 0.890625, 0.261474609375, 0.51025390625, 0.315185546875]","[[1533.1219482421875, 697.7469482421875], [1640.5341796875, 701.2835083007812], [1148.8101806640625, 783.4490356445312], [1729.3580322265625, 652.209228515625], [267.38221740722656, 957.2450561523438], [1486.1826782226562, 686.0032348632812], [1847.7066650390625, 741.4383544921875], [1831.0497436523438, 741.77783203125]]",425394176,410927104,425394176,640,yolo26s_int8_640_ncnn_model,MOT17-09
376,164.9756020001405,0.0,8,"[147, 128, 231, 242, 270, 95, 280, 92]","[[1487.2864990234375, 416.1319274902344, 1587.7293701171875, 693.7046508789062], [1587.6019287109375, 409.0997009277344, 1703.284912109375, 697.8118896484375], [1067.3411865234375, 361.38238525390625, 1224.645263671875, 795.7208251953125], [1695.2216796875, 418.404296875, 1767.082763671875, 651.0523071289062], [137.04046630859375, 257.7552490234375, 423.7062072753906, 956.8810424804688], [1811.50048828125, 533.1087036132812, 1906.74072265625, 739.7498779296875], [1760.75634765625, 444.29998779296875, 1823.6436767578125, 634.5], [1796.9307861328125, 388.41961669921875, 1920.0, 740.208740234375]]","[0.701171875, 0.69482421875, 0.84716796875, 0.468017578125, 0.89599609375, 0.548828125, 0.45556640625, 0.3173828125]","[[1537.5079345703125, 693.7046508789062], [1645.4434204101562, 697.8118896484375], [1145.9932250976562, 795.7208251953125], [1731.1522216796875, 651.0523071289062], [280.3733367919922, 956.8810424804688], [1859.12060546875, 739.7498779296875], [1792.2000122070312, 634.5], [1858.4653930664062, 740.208740234375]]",425394176,410927104,425394176,640,yolo26s_int8_640_ncnn_model,MOT17-09
377,171.95534899997256,0.0,9,"[147, 128, 231, 242, 270, 95, 280, 92, 258]","[[1491.959228515625, 415.90496826171875, 1591.97998046875, 691.7494506835938], [1588.76953125, 410.5071105957031, 1703.4300537109375, 698.000244140625], [1064.44677734375, 360.1747741699219, 1220.6893310546875, 790.3286743164062], [1703.0806884765625, 418.399169921875, 1776.2310791015625, 655.3434448242188], [158.03857421875, 264.9840087890625, 444.9806213378906, 949.8413696289062], [1817.8326416015625, 529.0726928710938, 1916.417724609375, 743.3338623046875], [1764.989990234375, 446.1064147949219, 1826.86865234375, 633.6259155273438], [1815.3045654296875, 385.69891357421875, 1912.89794921875, 642.4080200195312], [1656.41552734375, 397.60174560546875, 1737.1881103515625, 670.2640380859375]]","[0.61669921875, 0.67578125, 0.8115234375, 0.39990234375, 0.87451171875, 0.681640625, 0.52685546875, 0.537109375, 0.4091796875]","[[1541.9696044921875, 691.7494506835938], [1646.0997924804688, 698.000244140625], [1142.5680541992188, 790.3286743164062], [1739.6558837890625, 655.3434448242188], [301.5095977783203, 949.8413696289062], [1867.1251831054688, 743.3338623046875], [1795.9293212890625, 633.6259155273438], [1864.1012573242188, 642.4080200195312], [1696.8018188476562, 670.2640380859375]]",425394176,410927104,425394176,640,yolo26s_int8_640_ncnn_model,MOT17-09
378,165.46445400013,0.0,11,"[147, 128, 231, 242, 270, 95, 280, 92, 258, 163, 276]","[[1492.3128662109375, 421.3074951171875, 1590.5916748046875, 686.5750732421875], [1593.60205078125, 413.2788391113281, 1706.706298828125, 696.8637084960938], [1057.649658203125, 352.5913391113281, 1215.2210693359375, 787.3883666992188], [1707.9901123046875, 420.8895263671875, 1779.59326171875, 654.548095703125], [173.7795867919922, 265.4326171875, 457.94818115234375, 935.9876098632812], [1820.7978515625, 525.8634643554688, 1920.0, 745.390380859375], [1771.6368408203125, 448.4662170410156, 1832.0975341796875, 631.5704345703125], [1825.8060302734375, 384.34564208984375, 1909.83203125, 598.1699829101562], [1654.815673828125, 396.1554260253906, 1737.946533203125, 676.0955810546875], [115.50840759277344, 511.3418884277344, 196.37515258789062, 745.9578857421875], [1461.546142578125, 397.1163330078125, 1518.7564697265625, 682.6585083007812]]","[0.60546875, 0.6630859375, 0.83935546875, 0.378662109375, 0.87890625, 0.49853515625, 0.51611328125, 0.51220703125, 0.37548828125, 0.295654296875, 0.298828125]","[[1541.4522705078125, 686.5750732421875], [1650.1541748046875, 696.8637084960938], [1136.4353637695312, 787.3883666992188], [1743.7916870117188, 654.548095703125], [315.86388397216797, 935.9876098632812], [1870.39892578125, 745.390380859375], [1801.8671875, 631.5704345703125], [1867.8190307617188, 598.1699829101562], [1696.381103515625, 676.0955810546875], [155.94178009033203, 745.9578857421875], [1490.1513061523438, 682.6585083007812]]",425394176,410927104,425394176,640,yolo26s_int8_640_ncnn_model,MOT17-09
379,165.34262100003616,0.0,11,"[147, 128, 231, 242, 270, 95, 280, 92, 258, 163, 276]","[[1491.311279296875, 421.53173828125, 1590.7535400390625, 685.4736938476562], [1596.6859130859375, 413.0762634277344, 1710.3026123046875, 696.7241821289062], [1052.8150634765625, 348.0473937988281, 1211.6910400390625, 785.9777221679688], [1711.21826171875, 423.1281433105469, 1781.2696533203125, 654.0158081054688], [196.28121948242188, 269.0875244140625, 472.759033203125, 922.7613525390625], [1827.3895263671875, 528.05517578125, 1920.0, 743.7227172851562], [1772.597412109375, 446.2601623535156, 1834.493408203125, 633.839599609375], [1826.02001953125, 379.47711181640625, 1913.66650390625, 602.7058715820312], [1656.798583984375, 395.67791748046875, 1739.6778564453125, 678.03857421875], [115.1952133178711, 513.0751342773438, 194.93960571289062, 745.8786010742188], [1463.857177734375, 395.8955993652344, 1522.1112060546875, 679.30029296875]]","[0.6474609375, 0.70654296875, 0.85498046875, 0.48583984375, 0.85205078125, 0.408203125, 0.5458984375, 0.52099609375, 0.443603515625, 0.3125, 0.30078125]","[[1541.0324096679688, 685.4736938476562], [1653.4942626953125, 696.7241821289062], [1132.2530517578125, 785.9777221679688], [1746.2439575195312, 654.0158081054688], [334.52012634277344, 922.7613525390625], [1873.6947631835938, 743.7227172851562], [1803.54541015625, 633.839599609375], [1869.84326171875, 602.7058715820312], [1698.2382202148438, 678.03857421875], [155.06740951538086, 745.8786010742188], [1492.9841918945312, 679.30029296875]]",425394176,410927104,425394176,640,yolo26s_int8_640_ncnn_model,MOT17-09
380,166.45867700003691,0.0,11,"[147, 128, 231, 242, 270, 95, 280, 92, 258, 163, 276]","[[1492.53955078125, 419.3166198730469, 1593.0064697265625, 685.3881225585938], [1604.3753662109375, 417.22174072265625, 1716.7325439453125, 695.4609985351562], [1044.863037109375, 347.8458251953125, 1205.8804931640625, 791.7741088867188], [1718.2601318359375, 419.9990234375, 1787.7939453125, 649.8502807617188], [229.7936553955078, 268.7366638183594, 494.6769104003906, 905.911865234375], [1839.17236328125, 528.1892700195312, 1920.0, 741.8043212890625], [1772.9381103515625, 444.7115478515625, 1834.970458984375, 633.2310180664062], [1826.9403076171875, 379.36956787109375, 1918.2420654296875, 614.9344482421875], [1661.84521484375, 396.22479248046875, 1743.7628173828125, 679.9864501953125], [116.28306579589844, 511.6700744628906, 196.371337890625, 745.8519287109375], [1466.1917724609375, 398.2841491699219, 1524.6781005859375, 679.4179077148438]]","[0.71630859375, 0.7158203125, 0.83642578125, 0.405029296875, 0.8017578125, 0.400390625, 0.5830078125, 0.5341796875, 0.51123046875, 0.275634765625, 0.46875]","[[1542.7730102539062, 685.3881225585938], [1660.553955078125, 695.4609985351562], [1125.3717651367188, 791.7741088867188], [1753.0270385742188, 649.8502807617188], [362.2352828979492, 905.911865234375], [1879.586181640625, 741.8043212890625], [1803.9542846679688, 633.2310180664062], [1872.5911865234375, 614.9344482421875], [1702.8040161132812, 679.9864501953125], [156.32720184326172, 745.8519287109375], [1495.4349365234375, 679.4179077148438]]",425394176,410927104,425394176,640,yolo26s_int8_640_ncnn_model,MOT17-09
381,164.878176000002,0.0,8,"[147, 128, 231, 270, 280, 92, 258, 276]","[[1490.72509765625, 418.2196044921875, 1591.8865966796875, 685.6677856445312], [1612.60888671875, 419.277587890625, 1725.46435546875, 696.5257568359375], [1038.8052978515625, 344.89410400390625, 1201.047119140625, 792.962646484375], [270.7050476074219, 270.7479248046875, 525.484130859375, 903.074951171875], [1773.9100341796875, 444.9530029296875, 1836.1015625, 634.3422241210938], [1828.5335693359375, 379.8757019042969, 1920.0, 625.177490234375], [1669.04052734375, 394.20111083984375, 1747.7606201171875, 667.1227416992188], [1466.079833984375, 400.4743347167969, 1524.400634765625, 678.2349853515625]]","[0.7373046875, 0.70849609375, 0.83544921875, 0.8193359375, 0.5625, 0.611328125, 0.453857421875, 0.403076171875]","[[1541.3058471679688, 685.6677856445312], [1669.03662109375, 696.5257568359375], [1119.9262084960938, 792.962646484375], [398.09458923339844, 903.074951171875], [1805.0057983398438, 634.3422241210938], [1874.2667846679688, 625.177490234375], [1708.4005737304688, 667.1227416992188], [1495.240234375, 678.2349853515625]]",425394176,410927104,425394176,640,yolo26s_int8_640_ncnn_model,MOT17-09
382,165.3108059999795,0.0,11,"[147, 128, 231, 270, 280, 92, 258, 276, 249, 242, 163]","[[1492.6807861328125, 417.78741455078125, 1592.58251953125, 683.84130859375], [1616.857421875, 419.2671813964844, 1729.162109375, 694.7041015625], [1041.444580078125, 342.846923828125, 1202.353759765625, 790.4175415039062], [304.8070983886719, 273.2989196777344, 550.08154296875, 903.65869140625], [1775.3797607421875, 445.82427978515625, 1837.2452392578125, 633.9646606445312], [1830.782958984375, 379.1054382324219, 1920.0, 640.2764892578125], [1678.4173583984375, 394.16314697265625, 1758.4840087890625, 665.4093627929688], [1469.5687255859375, 401.8297424316406, 1528.619873046875, 680.3409423828125], [1816.02294921875, 381.7406921386719, 1920.0, 741.25390625], [1731.1553955078125, 427.0639953613281, 1797.2894287109375, 647.7583618164062], [119.70317077636719, 510.7975158691406, 199.91690063476562, 744.9213256835938]]","[0.69775390625, 0.72998046875, 0.8076171875, 0.787109375, 0.487548828125, 0.34130859375, 0.490478515625, 0.41552734375, 0.41259765625, 0.257568359375, 0.328857421875]","[[1542.6316528320312, 683.84130859375], [1673.009765625, 694.7041015625], [1121.899169921875, 790.4175415039062], [427.44432067871094, 903.65869140625], [1806.3125, 633.9646606445312], [1875.3914794921875, 640.2764892578125], [1718.45068359375, 665.4093627929688], [1499.0942993164062, 680.3409423828125], [1868.011474609375, 741.25390625], [1764.222412109375, 647.7583618164062], [159.8100357055664, 744.9213256835938]]",425394176,410927104,425394176,640,yolo26s_int8_640_ncnn_model,MOT17-09
383,165.711101999932,0.0,10,"[147, 128, 231, 270, 280, 258, 276, 249, 242, 163]","[[1494.27978515625, 416.36102294921875, 1593.76416015625, 683.462890625], [1621.28662109375, 419.73260498046875, 1733.3013916015625, 693.5509643554688], [1034.600341796875, 341.7670593261719, 1198.2177734375, 797.6270751953125], [332.424072265625, 276.6567077636719, 570.274658203125, 905.864013671875], [1778.7369384765625, 445.8866882324219, 1838.7567138671875, 627.9075317382812], [1683.4407958984375, 390.9042663574219, 1764.62548828125, 661.0596313476562], [1472.48486328125, 401.0991516113281, 1532.4051513671875, 681.3956909179688], [1822.7943115234375, 381.84716796875, 1920.0, 742.4115600585938], [1736.318359375, 425.6158447265625, 1802.44873046875, 646.399658203125], [120.6148452758789, 512.4542846679688, 200.74429321289062, 745.9711303710938]]","[0.68701171875, 0.73681640625, 0.79638671875, 0.794921875, 0.459716796875, 0.43310546875, 0.3564453125, 0.63134765625, 0.328857421875, 0.39453125]","[[1544.02197265625, 683.462890625], [1677.2940063476562, 693.5509643554688], [1116.4090576171875, 797.6270751953125], [451.349365234375, 905.864013671875], [1808.746826171875, 627.9075317382812], [1724.0331420898438, 661.0596313476562], [1502.4450073242188, 681.3956909179688], [1871.3971557617188, 742.4115600585938], [1769.383544921875, 646.399658203125], [160.67956924438477, 745.9711303710938]]",425394176,410927104,425394176,640,yolo26s_int8_640_ncnn_model,MOT17-09
384,164.93388000003506,0.0,9,"[147, 128, 231, 270, 280, 258, 276, 249, 163]","[[1499.3935546875, 414.07940673828125, 1599.4630126953125, 684.1192016601562], [1621.8006591796875, 417.13348388671875, 1733.6085205078125, 689.9063110351562], [1030.5533447265625, 341.17108154296875, 1195.3785400390625, 800.5612182617188], [356.0058288574219, 284.411376953125, 587.3864135742188, 902.5128784179688], [1782.808349609375, 447.4541931152344, 1842.4593505859375, 628.2730712890625], [1696.56640625, 396.1686706542969, 1779.31298828125, 655.9777221679688], [1480.1165771484375, 402.5787658691406, 1539.0555419921875, 680.062744140625], [1828.019287109375, 380.395751953125, 1920.0, 744.28662109375], [122.21918487548828, 512.5466918945312, 202.1117706298828, 744.8533935546875]]","[0.6328125, 0.80517578125, 0.798828125, 0.8427734375, 0.51953125, 0.467041015625, 0.3046875, 0.650390625, 0.25244140625]","[[1549.4282836914062, 684.1192016601562], [1677.70458984375, 689.9063110351562], [1112.9659423828125, 800.5612182617188], [471.6961212158203, 902.5128784179688], [1812.6338500976562, 628.2730712890625], [1737.939697265625, 655.9777221679688], [1509.5860595703125, 680.062744140625], [1874.0096435546875, 744.28662109375], [162.16547775268555, 744.8533935546875]]",425394176,410927104,425394176,640,yolo26s_int8_640_ncnn_model,MOT17-09
385,185.28343700018013,0.0,9,"[147, 128, 231, 270, 280, 258, 276, 249, 242]","[[1504.6353759765625, 420.4042663574219, 1602.067626953125, 683.1718139648438], [1624.4549560546875, 413.64581298828125, 1736.8846435546875, 688.08154296875], [1027.881103515625, 342.8494567871094, 1191.7489013671875, 799.7830200195312], [381.0919189453125, 289.5646667480469, 610.348388671875, 894.2872924804688], [1784.8037109375, 449.28546142578125, 1845.1318359375, 631.2448120117188], [1699.6839599609375, 396.15228271484375, 1786.2974853515625, 656.1412353515625], [1484.7037353515625, 402.40277099609375, 1543.6513671875, 678.3194580078125], [1834.4619140625, 379.62066650390625, 1920.0, 741.2866821289062], [1735.48388671875, 429.9464416503906, 1802.9552001953125, 650.330810546875]]","[0.67822265625, 0.798828125, 0.8203125, 0.86767578125, 0.5390625, 0.466796875, 0.358154296875, 0.73046875, 0.357177734375]","[[1553.3515014648438, 683.1718139648438], [1680.6697998046875, 688.08154296875], [1109.8150024414062, 799.7830200195312], [495.72015380859375, 894.2872924804688], [1814.9677734375, 631.2448120117188], [1742.99072265625, 656.1412353515625], [1514.1775512695312, 678.3194580078125], [1877.23095703125, 741.2866821289062], [1769.2195434570312, 650.330810546875]]",425394176,410927104,425394176,640,yolo26s_int8_640_ncnn_model,MOT17-09
386,165.9780850000061,0.0,9,"[147, 128, 231, 270, 280, 258, 276, 249, 242]","[[1507.739013671875, 424.0786437988281, 1603.6944580078125, 683.6187744140625], [1626.9752197265625, 413.5802001953125, 1738.2620849609375, 685.207275390625], [1024.4892578125, 343.06854248046875, 1187.0936279296875, 797.9284057617188], [393.08062744140625, 292.0288391113281, 627.4736328125, 897.9795532226562], [1787.3734130859375, 449.1835632324219, 1848.13134765625, 633.1115112304688], [1699.0487060546875, 392.635986328125, 1790.2979736328125, 657.7478637695312], [1488.8748779296875, 403.5900573730469, 1547.6693115234375, 677.4337158203125], [1839.48095703125, 380.09033203125, 1920.0, 745.3239135742188], [1740.6815185546875, 442.5594787597656, 1804.8564453125, 648.8023071289062]]","[0.705078125, 0.78759765625, 0.79638671875, 0.87744140625, 0.56689453125, 0.36474609375, 0.379150390625, 0.70361328125, 0.25830078125]","[[1555.7167358398438, 683.6187744140625], [1682.61865234375, 685.207275390625], [1105.7914428710938, 797.9284057617188], [510.2771301269531, 897.9795532226562], [1817.7523803710938, 633.1115112304688], [1744.67333984375, 657.7478637695312], [1518.2720947265625, 677.4337158203125], [1879.740478515625, 745.3239135742188], [1772.7689819335938, 648.8023071289062]]",425394176,410927104,425394176,640,yolo26s_int8_640_ncnn_model,MOT17-09
387,166.00665900000422,0.0,10,"[147, 128, 231, 270, 280, 258, 276, 249, 242, 92]","[[1511.12939453125, 427.4153747558594, 1605.8507080078125, 683.8223876953125], [1632.2396240234375, 412.5636901855469, 1744.0965576171875, 687.1710815429688], [1020.8139038085938, 345.4242248535156, 1184.028076171875, 801.8579711914062], [403.5679626464844, 296.3205261230469, 641.2499389648438, 895.1038208007812], [1793.80615234375, 448.6248474121094, 1855.6068115234375, 634.3115844726562], [1701.0059814453125, 397.5171813964844, 1793.241943359375, 658.1373901367188], [1495.36279296875, 403.2894592285156, 1553.9825439453125, 674.87548828125], [1843.764404296875, 379.79217529296875, 1920.0, 745.3587036132812], [1735.7694091796875, 431.4838562011719, 1803.873291015625, 648.5009765625], [1844.3187255859375, 365.97943115234375, 1920.0, 639.260498046875]]","[0.69140625, 0.75146484375, 0.8193359375, 0.89111328125, 0.63037109375, 0.451904296875, 0.338134765625, 0.6640625, 0.329833984375, 0.406982421875]","[[1558.4900512695312, 683.8223876953125], [1688.1680908203125, 687.1710815429688], [1102.4209899902344, 801.8579711914062], [522.4089508056641, 895.1038208007812], [1824.7064819335938, 634.3115844726562], [1747.1239624023438, 658.1373901367188], [1524.6726684570312, 674.87548828125], [1881.8822021484375, 745.3587036132812], [1769.8213500976562, 648.5009765625], [1882.1593627929688, 639.260498046875]]",425394176,410927104,425394176,640,yolo26s_int8_640_ncnn_model,MOT17-09
388,165.37006600015047,0.0,10,"[147, 128, 231, 270, 280, 258, 249, 242, 288, 92]","[[1513.955322265625, 426.1102600097656, 1608.8760986328125, 684.4344482421875], [1634.550048828125, 414.4211730957031, 1747.637939453125, 693.6417236328125], [1014.184814453125, 344.2576904296875, 1180.46923828125, 809.3374633789062], [412.7869567871094, 300.4381103515625, 654.3951416015625, 895.6927490234375], [1797.2091064453125, 449.3956298828125, 1859.21923828125, 633.7608032226562], [1701.41455078125, 400.14019775390625, 1794.24951171875, 659.5885620117188], [1849.1341552734375, 377.2264709472656, 1920.0, 739.9187622070312], [1735.654052734375, 420.5135498046875, 1805.865478515625, 645.6926879882812], [4.732364177703857, 505.20001220703125, 114.57388305664062, 748.7999877929688], [1848.95458984375, 361.5813903808594, 1920.0, 632.5166625976562]]","[0.69287109375, 0.7578125, 0.85693359375, 0.890625, 0.59130859375, 0.355224609375, 0.59423828125, 0.27978515625, 0.3505859375, 0.4638671875]","[[1561.4157104492188, 684.4344482421875], [1691.093994140625, 693.6417236328125], [1097.3270263671875, 809.3374633789062], [533.5910491943359, 895.6927490234375], [1828.2141723632812, 633.7608032226562], [1747.83203125, 659.5885620117188], [1884.5670776367188, 739.9187622070312], [1770.759765625, 645.6926879882812], [59.65312361717224, 748.7999877929688], [1884.477294921875, 632.5166625976562]]",425394176,410927104,425394176,640,yolo26s_int8_640_ncnn_model,MOT17-09
389,166.24038099985228,0.0,11,"[147, 128, 231, 270, 280, 258, 242, 288, 92, 289, 276]","[[1516.16455078125, 423.3519592285156, 1610.63720703125, 682.9432373046875], [1639.39111328125, 416.1140441894531, 1750.640869140625, 690.1934814453125], [1005.0278930664062, 341.2689208984375, 1178.1558837890625, 825.46826171875], [413.8896484375, 301.6940002441406, 659.0870971679688, 894.29296875], [1801.3544921875, 449.9225769042969, 1863.462890625, 631.292724609375], [1692.4898681640625, 399.3502502441406, 1785.4111328125, 663.90185546875], [1743.184814453125, 427.0652160644531, 1810.6187744140625, 642.6641845703125], [3.888603687286377, 503.1205749511719, 115.51873016357422, 750.8794555664062], [1855.581787109375, 366.76275634765625, 1920.0, 626.4506225585938], [1160.68359375, 444.9750061035156, 1220.1163330078125, 645.8250122070312], [1507.696533203125, 417.1875, 1571.9534912109375, 680.8900756835938]]","[0.69873046875, 0.75634765625, 0.85205078125, 0.88037109375, 0.55078125, 0.408935546875, 0.435302734375, 0.3515625, 0.50048828125, 0.50732421875, 0.51513671875]","[[1563.40087890625, 682.9432373046875], [1695.0159912109375, 690.1934814453125], [1091.5918884277344, 825.46826171875], [536.4883728027344, 894.29296875], [1832.40869140625, 631.292724609375], [1738.9505004882812, 663.90185546875], [1776.9017944335938, 642.6641845703125], [59.7036669254303, 750.8794555664062], [1887.7908935546875, 626.4506225585938], [1190.3999633789062, 645.8250122070312], [1539.8250122070312, 680.8900756835938]]",425394176,410927104,425394176,640,yolo26s_int8_640_ncnn_model,MOT17-09
390,164.72360200009462,0.0,8,"[147, 128, 231, 270, 280, 258, 242, 289]","[[1515.908447265625, 421.04217529296875, 1610.186279296875, 681.6619262695312], [1645.140869140625, 416.2643737792969, 1755.49609375, 685.3900756835938], [1001.4864501953125, 337.0034484863281, 1173.6536865234375, 817.2411499023438], [426.0887451171875, 304.3775329589844, 670.6366577148438, 891.6397705078125], [1801.74658203125, 449.0995178222656, 1865.947509765625, 633.376220703125], [1693.053466796875, 399.5327453613281, 1787.9208984375, 674.9049682617188], [1749.29833984375, 428.9756774902344, 1817.1004638671875, 649.2804565429688], [1162.944580078125, 448.8443908691406, 1221.0894775390625, 645.189697265625]]","[0.76513671875, 0.73876953125, 0.837890625, 0.8603515625, 0.52685546875, 0.358642578125, 0.412841796875, 0.5703125]","[[1563.04736328125, 681.6619262695312], [1700.3184814453125, 685.3900756835938], [1087.570068359375, 817.2411499023438], [548.3627014160156, 891.6397705078125], [1833.8470458984375, 633.376220703125], [1740.4871826171875, 674.9049682617188], [1783.1994018554688, 649.2804565429688], [1192.0170288085938, 645.189697265625]]",425394176,410927104,425394176,640,yolo26s_int8_640_ncnn_model,MOT17-09
391,166.6061409998747,0.0,10,"[147, 128, 231, 270, 280, 258, 242, 289, 163, 288]","[[1520.6676025390625, 422.390869140625, 1614.8887939453125, 680.9594116210938], [1650.7940673828125, 418.3149719238281, 1761.4874267578125, 684.621826171875], [995.6599731445312, 332.9178466796875, 1168.829345703125, 812.3482055664062], [443.54571533203125, 300.2051086425781, 685.228759765625, 880.8744506835938], [1803.9698486328125, 450.02593994140625, 1868.568115234375, 632.9071044921875], [1695.9090576171875, 399.5882873535156, 1788.0401611328125, 671.2371826171875], [1750.9342041015625, 432.636474609375, 1815.9813232421875, 644.7905883789062], [1164.0223388671875, 454.2674255371094, 1221.091552734375, 646.7481689453125], [121.11293029785156, 509.7290344238281, 201.8367462158203, 744.3333129882812], [5.123168468475342, 505.12664794921875, 114.3214340209961, 747.5408325195312]]","[0.7421875, 0.73046875, 0.84619140625, 0.8310546875, 0.552734375, 0.302001953125, 0.4072265625, 0.51416015625, 0.258544921875, 0.301513671875]","[[1567.7781982421875, 680.9594116210938], [1706.1407470703125, 684.621826171875], [1082.2446594238281, 812.3482055664062], [564.3872375488281, 880.8744506835938], [1836.2689819335938, 632.9071044921875], [1741.974609375, 671.2371826171875], [1783.457763671875, 644.7905883789062], [1192.5569458007812, 646.7481689453125], [161.47483825683594, 744.3333129882812], [59.72230124473572, 747.5408325195312]]",425394176,410927104,425394176,640,yolo26s_int8_640_ncnn_model,MOT17-09
392,165.89260299997477,0.0,9,"[147, 128, 231, 270, 280, 258, 242, 289, 288]","[[1528.964111328125, 418.90692138671875, 1623.917236328125, 677.7373657226562], [1654.614501953125, 420.0677185058594, 1765.6756591796875, 683.375244140625], [986.8296508789062, 333.6322326660156, 1166.0206298828125, 825.9111938476562], [469.8110656738281, 301.993896484375, 701.17431640625, 868.58935546875], [1804.585693359375, 451.1147155761719, 1869.5289306640625, 632.9747314453125], [1704.874755859375, 402.31268310546875, 1791.8876953125, 661.067626953125], [1754.051513671875, 422.2423400878906, 1820.7650146484375, 644.810302734375], [1174.027099609375, 454.9323425292969, 1229.5821533203125, 642.38427734375], [3.666353225708008, 503.0953674316406, 114.02676391601562, 748.2279052734375]]","[0.75732421875, 0.76171875, 0.87060546875, 0.7939453125, 0.583984375, 0.39697265625, 0.432861328125, 0.53271484375, 0.26318359375]","[[1576.440673828125, 677.7373657226562], [1710.1450805664062, 683.375244140625], [1076.4251403808594, 825.9111938476562], [585.4926910400391, 868.58935546875], [1837.0573120117188, 632.9747314453125], [1748.3812255859375, 661.067626953125], [1787.4082641601562, 644.810302734375], [1201.8046264648438, 642.38427734375], [58.846558570861816, 748.2279052734375]]",425394176,410927104,425394176,640,yolo26s_int8_640_ncnn_model,MOT17-09
393,166.15512199996374,0.0,9,"[147, 128, 231, 270, 280, 258, 242, 289, 288]","[[1533.5841064453125, 417.1013488769531, 1629.54541015625, 677.060791015625], [1658.592041015625, 421.95562744140625, 1770.3455810546875, 685.70361328125], [981.5794677734375, 328.3388671875, 1160.2786865234375, 818.0537109375], [493.9273681640625, 299.6094970703125, 717.0562744140625, 861.1611938476562], [1803.61962890625, 446.7721252441406, 1870.8607177734375, 632.75], [1712.66162109375, 400.5516052246094, 1798.8223876953125, 655.90380859375], [1755.520751953125, 418.0050964355469, 1822.0772705078125, 645.3104858398438], [1180.267822265625, 454.1368103027344, 1235.734375, 641.8212280273438], [3.904146432876587, 504.8388671875, 113.57872772216797, 748.1937866210938]]","[0.75537109375, 0.73681640625, 0.82177734375, 0.73046875, 0.5595703125, 0.4189453125, 0.4052734375, 0.568359375, 0.25537109375]","[[1581.5647583007812, 677.060791015625], [1714.4688110351562, 685.70361328125], [1070.9290771484375, 818.0537109375], [605.4918212890625, 861.1611938476562], [1837.2401733398438, 632.75], [1755.7420043945312, 655.90380859375], [1788.7990112304688, 645.3104858398438], [1208.0010986328125, 641.8212280273438], [58.74143707752228, 748.1937866210938]]",425394176,410927104,425394176,640,yolo26s_int8_640_ncnn_model,MOT17-09
394,171.08138599996892,0.0,9,"[147, 128, 231, 270, 280, 258, 242, 289, 288]","[[1539.6077880859375, 413.4544372558594, 1637.043212890625, 675.8530883789062], [1661.6728515625, 421.88812255859375, 1774.1575927734375, 686.3515625], [975.3898315429688, 327.08392333984375, 1157.655029296875, 826.9281005859375], [522.910400390625, 304.2415466308594, 734.6776733398438, 855.09814453125], [1807.410400390625, 452.29840087890625, 1872.97265625, 631.4335327148438], [1719.472412109375, 400.8953552246094, 1805.201171875, 655.049072265625], [1758.0421142578125, 414.1999206542969, 1824.3193359375, 645.76171875], [1185.171875, 454.5858154296875, 1241.0234375, 643.0161743164062], [4.678940773010254, 504.4013671875, 114.57662963867188, 748.218994140625]]","[0.759765625, 0.76513671875, 0.8193359375, 0.79638671875, 0.60400390625, 0.4638671875, 0.404052734375, 0.53759765625, 0.2958984375]","[[1588.3255004882812, 675.8530883789062], [1717.9152221679688, 686.3515625], [1066.5224304199219, 826.9281005859375], [628.7940368652344, 855.09814453125], [1840.1915283203125, 631.4335327148438], [1762.3367919921875, 655.049072265625], [1791.1807250976562, 645.76171875], [1213.09765625, 643.0161743164062], [59.627785205841064, 748.218994140625]]",425394176,410927104,425394176,640,yolo26s_int8_640_ncnn_model,MOT17-09
395,165.2583060001689,0.0,8,"[147, 128, 231, 270, 280, 258, 242, 289]","[[1543.956787109375, 405.6688537597656, 1645.4404296875, 679.8836669921875], [1666.6983642578125, 423.57769775390625, 1777.361572265625, 683.8817749023438], [974.584716796875, 323.3650817871094, 1159.2918701171875, 833.5214233398438], [547.9974975585938, 305.69293212890625, 750.106689453125, 849.2882690429688], [1810.731689453125, 453.68731689453125, 1875.686767578125, 631.6795043945312], [1727.7239990234375, 398.50982666015625, 1813.583984375, 653.2700805664062], [1762.32861328125, 420.3687438964844, 1825.5782470703125, 646.187744140625], [1190.7449951171875, 453.1026306152344, 1248.036865234375, 645.0401000976562]]","[0.72900390625, 0.80712890625, 0.78662109375, 0.78369140625, 0.62158203125, 0.433837890625, 0.412841796875, 0.5263671875]","[[1594.6986083984375, 679.8836669921875], [1722.0299682617188, 683.8817749023438], [1066.9382934570312, 833.5214233398438], [649.0520935058594, 849.2882690429688], [1843.209228515625, 631.6795043945312], [1770.6539916992188, 653.2700805664062], [1793.9534301757812, 646.187744140625], [1219.3909301757812, 645.0401000976562]]",425394176,410927104,425394176,640,yolo26s_int8_640_ncnn_model,MOT17-09
396,164.80495399991923,0.0,9,"[147, 128, 231, 270, 280, 258, 242, 289, 163]","[[1548.92333984375, 409.8299865722656, 1648.958251953125, 679.2249755859375], [1669.8446044921875, 420.4331970214844, 1780.951416015625, 682.7221069335938], [968.8866577148438, 319.19415283203125, 1151.956298828125, 827.0709838867188], [565.9868774414062, 306.69757080078125, 762.7362060546875, 846.854736328125], [1812.9249267578125, 454.4291076660156, 1877.5440673828125, 631.5244140625], [1732.23193359375, 394.6207580566406, 1818.9842529296875, 653.640380859375], [1761.5814208984375, 419.11651611328125, 1824.229736328125, 646.11279296875], [1195.2935791015625, 451.5005798339844, 1253.77734375, 644.7539672851562], [116.92446899414062, 514.6804809570312, 194.24359130859375, 741.8919677734375]]","[0.6943359375, 0.7919921875, 0.796875, 0.7431640625, 0.63232421875, 0.410888671875, 0.40966796875, 0.6240234375, 0.29296875]","[[1598.9407958984375, 679.2249755859375], [1725.3980102539062, 682.7221069335938], [1060.4214782714844, 827.0709838867188], [664.3615417480469, 846.854736328125], [1845.2344970703125, 631.5244140625], [1775.6080932617188, 653.640380859375], [1792.9055786132812, 646.11279296875], [1224.5354614257812, 644.7539672851562], [155.5840301513672, 741.8919677734375]]",425394176,410927104,425394176,640,yolo26s_int8_640_ncnn_model,MOT17-09
397,166.23312199999418,0.0,8,"[147, 128, 231, 270, 280, 258, 289, 288]","[[1554.785888671875, 413.52593994140625, 1653.9150390625, 678.9916381835938], [1675.6695556640625, 422.23095703125, 1785.2994384765625, 681.3231201171875], [956.8799438476562, 319.1355895996094, 1139.580810546875, 823.9491577148438], [590.8206176757812, 310.8014831542969, 787.493896484375, 850.4288330078125], [1812.636962890625, 453.43438720703125, 1877.1541748046875, 630.7218627929688], [1733.2882080078125, 395.14666748046875, 1819.3753662109375, 655.7913818359375], [1198.257568359375, 452.3979187011719, 1257.2249755859375, 645.1567993164062], [4.541842937469482, 503.0928039550781, 114.88177490234375, 748.0468139648438]]","[0.68701171875, 0.73583984375, 0.7919921875, 0.79150390625, 0.55078125, 0.461181640625, 0.646484375, 0.31689453125]","[[1604.3504638671875, 678.9916381835938], [1730.4844970703125, 681.3231201171875], [1048.2303771972656, 823.9491577148438], [689.1572570800781, 850.4288330078125], [1844.8955688476562, 630.7218627929688], [1776.331787109375, 655.7913818359375], [1227.7412719726562, 645.1567993164062], [59.711808919906616, 748.0468139648438]]",425394176,410927104,425394176,640,yolo26s_int8_640_ncnn_model,MOT17-09
398,164.91223200000604,0.0,8,"[147, 128, 231, 270, 280, 258, 289, 288]","[[1555.541748046875, 411.71673583984375, 1654.913330078125, 676.1878051757812], [1679.82080078125, 421.8977355957031, 1788.6295166015625, 678.8297729492188], [938.5839233398438, 316.7308349609375, 1125.239990234375, 827.1220703125], [608.1154174804688, 312.1576843261719, 809.73193359375, 856.0623779296875], [1817.556884765625, 449.3072509765625, 1881.7623291015625, 629.1823120117188], [1734.0513916015625, 392.88726806640625, 1820.8065185546875, 659.1175537109375], [1202.2249755859375, 449.1698913574219, 1263.300048828125, 644.8024291992188], [4.076755046844482, 502.5959777832031, 114.5892333984375, 748.3525390625]]","[0.669921875, 0.69287109375, 0.84765625, 0.84130859375, 0.40673828125, 0.423095703125, 0.69580078125, 0.254150390625]","[[1605.2275390625, 676.1878051757812], [1734.2251586914062, 678.8297729492188], [1031.9119567871094, 827.1220703125], [708.9236755371094, 856.0623779296875], [1849.6596069335938, 629.1823120117188], [1777.428955078125, 659.1175537109375], [1232.7625122070312, 644.8024291992188], [59.33299422264099, 748.3525390625]]",425394176,410927104,425394176,640,yolo26s_int8_640_ncnn_model,MOT17-09
399,165.0096210000811,0.0,8,"[147, 128, 231, 270, 280, 258, 289, 288]","[[1556.48876953125, 411.5523986816406, 1656.3094482421875, 676.647705078125], [1680.6033935546875, 417.7590637207031, 1792.30859375, 682.9307861328125], [928.94580078125, 320.42596435546875, 1118.9620361328125, 833.547607421875], [622.029052734375, 311.61883544921875, 827.6053466796875, 854.3004150390625], [1820.76806640625, 451.2155456542969, 1883.94677734375, 628.1194458007812], [1737.567626953125, 395.4873352050781, 1823.7711181640625, 666.774658203125], [1203.686767578125, 448.2157287597656, 1266.218994140625, 644.4215698242188], [4.522573471069336, 502.9317932128906, 115.14076232910156, 748.958740234375]]","[0.76171875, 0.74853515625, 0.86328125, 0.8408203125, 0.380615234375, 0.430908203125, 0.68603515625, 0.263916015625]","[[1606.3991088867188, 676.647705078125], [1736.4559936523438, 682.9307861328125], [1023.9539184570312, 833.547607421875], [724.8171997070312, 854.3004150390625], [1852.357421875, 628.1194458007812], [1780.6693725585938, 666.774658203125], [1234.952880859375, 644.4215698242188], [59.83166790008545, 748.958740234375]]",425394176,410927104,425394176,640,yolo26s_int8_640_ncnn_model,MOT17-09
400,165.04345399994236,0.0,8,"[147, 128, 231, 270, 280, 258, 289, 242]","[[1558.2803955078125, 406.80450439453125, 1661.0648193359375, 679.5697631835938], [1685.28076171875, 418.6856384277344, 1794.9779052734375, 678.0718383789062], [918.5204467773438, 327.0733337402344, 1110.0048828125, 837.6607666015625], [629.845703125, 319.22125244140625, 836.6864624023438, 851.880615234375], [1822.7835693359375, 450.4495544433594, 1885.7578125, 627.2310791015625], [1741.739990234375, 395.7609558105469, 1827.7041015625, 668.4725952148438], [1202.3172607421875, 452.60333251953125, 1265.8515625, 647.52685546875], [1763.80517578125, 431.2404479980469, 1826.0753173828125, 657.22021484375]]","[0.79638671875, 0.69482421875, 0.8447265625, 0.83935546875, 0.41162109375, 0.49609375, 0.6826171875, 0.33837890625]","[[1609.672607421875, 679.5697631835938], [1740.1293334960938, 678.0718383789062], [1014.2626647949219, 837.6607666015625], [733.2660827636719, 851.880615234375], [1854.2706909179688, 627.2310791015625], [1784.7220458984375, 668.4725952148438], [1234.0844116210938, 647.52685546875], [1794.9402465820312, 657.22021484375]]",425394176,410927104,425394176,640,yolo26s_int8_640_ncnn_model,MOT17-09
401,164.93408400015142,0.0,7,"[147, 128, 231, 270, 280, 258, 289]","[[1562.1787109375, 407.7373046875, 1665.297607421875, 679.9436645507812], [1688.58935546875, 419.0518493652344, 1798.0928955078125, 677.2149047851562], [914.1560668945312, 329.79345703125, 1107.474853515625, 841.9837646484375], [631.6731567382812, 326.54180908203125, 839.0609130859375, 846.5729370117188], [1819.289306640625, 449.91217041015625, 1882.5423583984375, 627.1649780273438], [1749.738525390625, 397.348876953125, 1834.3428955078125, 665.6521606445312], [1205.0306396484375, 449.255126953125, 1270.1240234375, 645.6953735351562]]","[0.80615234375, 0.72119140625, 0.861328125, 0.8271484375, 0.4599609375, 0.4921875, 0.69091796875]","[[1613.7381591796875, 679.9436645507812], [1743.3411254882812, 677.2149047851562], [1010.8154602050781, 841.9837646484375], [735.3670349121094, 846.5729370117188], [1850.9158325195312, 627.1649780273438], [1792.0407104492188, 665.6521606445312], [1237.5773315429688, 645.6953735351562]]",425394176,410927104,425394176,640,yolo26s_int8_640_ncnn_model,MOT17-09
402,186.6890499998135,0.0,8,"[147, 128, 231, 270, 280, 258, 289, 242]","[[1564.9168701171875, 406.9061584472656, 1665.380615234375, 673.4304809570312], [1692.8031005859375, 417.94317626953125, 1803.959228515625, 677.1785888671875], [907.8135375976562, 325.9108581542969, 1105.765625, 844.5196533203125], [634.6453857421875, 328.1651916503906, 844.7499389648438, 845.7282104492188], [1821.08251953125, 451.19952392578125, 1884.0235595703125, 625.6681518554688], [1757.5760498046875, 402.4296569824219, 1839.7281494140625, 659.0772705078125], [1207.5262451171875, 447.49920654296875, 1272.9560546875, 643.5126953125], [1771.2769775390625, 440.5111083984375, 1832.7327880859375, 656.1686401367188]]","[0.794921875, 0.7060546875, 0.8583984375, 0.86181640625, 0.541015625, 0.48291015625, 0.60498046875, 0.353759765625]","[[1615.1487426757812, 673.4304809570312], [1748.3811645507812, 677.1785888671875], [1006.7895812988281, 844.5196533203125], [739.6976623535156, 845.7282104492188], [1852.5530395507812, 625.6681518554688], [1798.652099609375, 659.0772705078125], [1240.2411499023438, 643.5126953125], [1802.0048828125, 656.1686401367188]]",425394176,410927104,425394176,640,yolo26s_int8_640_ncnn_model,MOT17-09
403,165.7198079999489,0.0,8,"[147, 128, 231, 270, 280, 258, 289, 242]","[[1570.0770263671875, 410.1132507324219, 1668.9417724609375, 673.4505615234375], [1693.7008056640625, 416.5368957519531, 1806.5555419921875, 676.2041015625], [902.6580200195312, 320.39715576171875, 1104.3671875, 847.4810180664062], [640.6436767578125, 332.0592041015625, 851.8980712890625, 845.14306640625], [1822.881591796875, 453.6865539550781, 1885.306884765625, 625.121826171875], [1762.2025146484375, 404.3487243652344, 1843.7362060546875, 656.5692138671875], [1209.352294921875, 443.60302734375, 1275.829345703125, 641.9403686523438], [1774.7208251953125, 443.142578125, 1836.0494384765625, 653.0286254882812]]","[0.79150390625, 0.7041015625, 0.8525390625, 0.8603515625, 0.580078125, 0.45068359375, 0.705078125, 0.27294921875]","[[1619.5093994140625, 673.4505615234375], [1750.128173828125, 676.2041015625], [1003.5126037597656, 847.4810180664062], [746.2708740234375, 845.14306640625], [1854.09423828125, 625.121826171875], [1802.9693603515625, 656.5692138671875], [1242.5908203125, 641.9403686523438], [1805.3851318359375, 653.0286254882812]]",425394176,410927104,425394176,640,yolo26s_int8_640_ncnn_model,MOT17-09
404,165.4613809998864,0.0,10,"[147, 128, 231, 270, 280, 258, 289, 242, 302, 288]","[[1574.337646484375, 412.0832824707031, 1671.66552734375, 673.7374877929688], [1692.53564453125, 410.0578918457031, 1808.7366943359375, 673.8837280273438], [900.16015625, 315.86834716796875, 1102.8243408203125, 846.072509765625], [651.6266479492188, 332.78179931640625, 860.7166748046875, 839.6400756835938], [1825.39404296875, 454.3573303222656, 1887.8115234375, 625.1915283203125], [1766.0240478515625, 406.0320739746094, 1846.790283203125, 653.6585693359375], [1211.932861328125, 440.423095703125, 1278.72802734375, 641.1123046875], [1779.421142578125, 450.08709716796875, 1839.6605224609375, 651.9539794921875], [544.4210815429688, 331.125, 857.7789306640625, 835.2750244140625], [3.905230760574341, 501.8067321777344, 114.54901123046875, 747.8356323242188]]","[0.79931640625, 0.68408203125, 0.85498046875, 0.822265625, 0.63671875, 0.46044921875, 0.63623046875, 0.2578125, 0.494140625, 0.257568359375]","[[1623.0015869140625, 673.7374877929688], [1750.6361694335938, 673.8837280273438], [1001.4922485351562, 846.072509765625], [756.1716613769531, 839.6400756835938], [1856.602783203125, 625.1915283203125], [1806.4071655273438, 653.6585693359375], [1245.3304443359375, 641.1123046875], [1809.5408325195312, 651.9539794921875], [701.1000061035156, 835.2750244140625], [59.227120995521545, 747.8356323242188]]",425394176,410927104,425394176,640,yolo26s_int8_640_ncnn_model,MOT17-09
405,165.3580110000803,0.0,7,"[147, 128, 231, 270, 280, 258, 289]","[[1578.071044921875, 410.58880615234375, 1674.262451171875, 673.1240844726562], [1700.36083984375, 411.0916442871094, 1816.83447265625, 673.53466796875], [886.2171630859375, 307.0521240234375, 1090.1270751953125, 845.6762084960938], [672.5362548828125, 341.7378845214844, 872.1948852539062, 829.9120483398438], [1830.7767333984375, 455.5902099609375, 1892.15087890625, 625.2364501953125], [1766.1580810546875, 404.865234375, 1848.856201171875, 658.3870239257812], [1216.7828369140625, 442.4516906738281, 1281.62744140625, 640.565673828125]]","[0.79443359375, 0.7041015625, 0.8388671875, 0.8310546875, 0.6005859375, 0.50634765625, 0.6181640625]","[[1626.166748046875, 673.1240844726562], [1758.59765625, 673.53466796875], [988.172119140625, 845.6762084960938], [772.3655700683594, 829.9120483398438], [1861.4638061523438, 625.2364501953125], [1807.5071411132812, 658.3870239257812], [1249.2051391601562, 640.565673828125]]",425394176,410927104,425394176,640,yolo26s_int8_640_ncnn_model,MOT17-09
406,164.70247300003393,0.0,8,"[147, 128, 231, 270, 280, 258, 289, 242]","[[1582.3360595703125, 413.756591796875, 1676.08642578125, 673.164794921875], [1704.48779296875, 410.78277587890625, 1822.4635009765625, 675.180419921875], [871.8299560546875, 299.9560852050781, 1077.1212158203125, 846.310302734375], [687.5218505859375, 335.81219482421875, 882.212158203125, 822.3668823242188], [1834.640869140625, 456.0338439941406, 1895.7701416015625, 626.2715454101562], [1769.020751953125, 406.1506652832031, 1850.54833984375, 652.4613037109375], [1222.8897705078125, 448.7420654296875, 1284.15087890625, 639.87841796875], [1787.955810546875, 448.651123046875, 1848.9083251953125, 653.5125122070312]]","[0.7763671875, 0.666015625, 0.8212890625, 0.796875, 0.658203125, 0.51513671875, 0.64892578125, 0.276123046875]","[[1629.2112426757812, 673.164794921875], [1763.4756469726562, 675.180419921875], [974.4755859375, 846.310302734375], [784.8670043945312, 822.3668823242188], [1865.2055053710938, 626.2715454101562], [1809.7845458984375, 652.4613037109375], [1253.5203247070312, 639.87841796875], [1818.4320678710938, 653.5125122070312]]",425394176,410927104,425394176,640,yolo26s_int8_640_ncnn_model,MOT17-09
407,165.02223299994512,0.0,8,"[147, 128, 231, 270, 280, 258, 289, 242]","[[1591.073486328125, 421.1995544433594, 1681.325439453125, 670.9616088867188], [1708.3271484375, 411.1856994628906, 1825.97412109375, 675.3341064453125], [864.34033203125, 299.0283203125, 1067.7078857421875, 845.7520141601562], [710.64990234375, 332.5780334472656, 900.4716186523438, 826.8058471679688], [1838.398681640625, 452.4482421875, 1898.622314453125, 622.4404907226562], [1773.0653076171875, 404.59881591796875, 1855.8865966796875, 654.2218017578125], [1227.9971923828125, 443.34381103515625, 1290.0267333984375, 639.3884887695312], [1791.5465087890625, 437.8526306152344, 1854.7098388671875, 653.9771728515625]]","[0.7783203125, 0.6591796875, 0.83447265625, 0.7529296875, 0.6513671875, 0.475830078125, 0.6474609375, 0.288330078125]","[[1636.199462890625, 670.9616088867188], [1767.150634765625, 675.3341064453125], [966.0241088867188, 845.7520141601562], [805.5607604980469, 826.8058471679688], [1868.510498046875, 622.4404907226562], [1814.4759521484375, 654.2218017578125], [1259.011962890625, 639.3884887695312], [1823.128173828125, 653.9771728515625]]",425394176,410927104,425394176,640,yolo26s_int8_640_ncnn_model,MOT17-09
408,166.25756700000238,0.0,8,"[147, 128, 231, 270, 280, 258, 289, 304]","[[1597.8629150390625, 422.72869873046875, 1687.5352783203125, 669.4022827148438], [1712.06494140625, 412.10791015625, 1828.67236328125, 673.6845703125], [858.6688232421875, 299.88671875, 1062.5206298828125, 854.1873168945312], [733.27587890625, 327.5940856933594, 915.1243286132812, 820.3444213867188], [1841.5389404296875, 448.8429260253906, 1901.762451171875, 621.2618408203125], [1774.3236083984375, 400.2898254394531, 1861.8284912109375, 662.5839233398438], [1229.1904296875, 439.4126892089844, 1292.6700439453125, 641.1945190429688], [1679.632080078125, 471.2250061035156, 1722.367919921875, 582.9749755859375]]","[0.748046875, 0.7314453125, 0.84619140625, 0.59521484375, 0.60107421875, 0.56689453125, 0.6279296875, 0.468017578125]","[[1642.6990966796875, 669.4022827148438], [1770.36865234375, 673.6845703125], [960.5947265625, 854.1873168945312], [824.2001037597656, 820.3444213867188], [1871.6506958007812, 621.2618408203125], [1818.0760498046875, 662.5839233398438], [1260.9302368164062, 641.1945190429688], [1701.0, 582.9749755859375]]",425394176,410927104,425394176,640,yolo26s_int8_640_ncnn_model,MOT17-09
409,165.80389999990075,0.0,8,"[147, 128, 231, 270, 280, 258, 289, 304]","[[1603.791748046875, 422.4983215332031, 1694.1177978515625, 667.6033325195312], [1715.0908203125, 413.2252502441406, 1829.746337890625, 670.3497314453125], [852.593017578125, 299.43780517578125, 1055.1448974609375, 851.3408813476562], [744.8305053710938, 332.6526184082031, 916.4047241210938, 817.0427856445312], [1843.941650390625, 444.5309143066406, 1905.49951171875, 623.8108520507812], [1776.1739501953125, 399.1650390625, 1864.4420166015625, 663.2691040039062], [1231.4510498046875, 440.8798522949219, 1294.5643310546875, 640.9134521484375], [1678.93798828125, 472.5180969238281, 1723.06201171875, 587.794677734375]]","[0.65576171875, 0.75390625, 0.85693359375, 0.5576171875, 0.57275390625, 0.642578125, 0.66650390625, 0.330078125]","[[1648.9547729492188, 667.6033325195312], [1772.4185791015625, 670.3497314453125], [953.8689575195312, 851.3408813476562], [830.6176147460938, 817.0427856445312], [1874.7205810546875, 623.8108520507812], [1820.3079833984375, 663.2691040039062], [1263.0076904296875, 640.9134521484375], [1701.0, 587.794677734375]]",425394176,410927104,425394176,640,yolo26s_int8_640_ncnn_model,MOT17-09
410,164.20438000000104,0.0,9,"[147, 128, 231, 270, 280, 258, 289, 304, 163]","[[1609.4232177734375, 427.8891906738281, 1698.808349609375, 667.4720458984375], [1717.1021728515625, 415.6596984863281, 1830.9525146484375, 670.1250610351562], [840.1953125, 300.09564208984375, 1043.2431640625, 859.2647705078125], [769.7199096679688, 362.8976135253906, 925.1712646484375, 812.6946411132812], [1847.746337890625, 447.3165588378906, 1907.7718505859375, 623.3215942382812], [1783.010498046875, 401.19085693359375, 1868.84033203125, 657.1198120117188], [1235.0982666015625, 442.7287292480469, 1299.1265869140625, 642.548583984375], [1677.228515625, 456.4452819824219, 1729.400146484375, 593.1091918945312], [119.5182876586914, 531.476806640625, 192.45196533203125, 744.6969604492188]]","[0.7041015625, 0.7890625, 0.85400390625, 0.64990234375, 0.494140625, 0.6123046875, 0.72119140625, 0.2861328125, 0.272705078125]","[[1654.1157836914062, 667.4720458984375], [1774.02734375, 670.1250610351562], [941.71923828125, 859.2647705078125], [847.4455871582031, 812.6946411132812], [1877.7590942382812, 623.3215942382812], [1825.9254150390625, 657.1198120117188], [1267.1124267578125, 642.548583984375], [1703.3143310546875, 593.1091918945312], [155.98512649536133, 744.6969604492188]]",425394176,410927104,425394176,640,yolo26s_int8_640_ncnn_model,MOT17-09
411,168.57532900007755,0.0,8,"[147, 128, 231, 270, 280, 258, 289, 288]","[[1611.17919921875, 426.83233642578125, 1702.520263671875, 668.4747314453125], [1719.8428955078125, 418.32073974609375, 1833.129150390625, 671.3262939453125], [828.8206787109375, 300.1624450683594, 1034.1103515625, 864.408935546875], [773.9334716796875, 368.5127258300781, 923.6443481445312, 810.761962890625], [1845.073974609375, 449.1941223144531, 1904.5997314453125, 627.3702392578125], [1786.318115234375, 399.2339172363281, 1873.4893798828125, 657.47509765625], [1241.3389892578125, 450.625732421875, 1304.6424560546875, 642.923828125], [8.488180160522461, 500.28045654296875, 119.47801208496094, 749.120849609375]]","[0.67724609375, 0.7744140625, 0.857421875, 0.541015625, 0.344482421875, 0.65185546875, 0.75537109375, 0.253662109375]","[[1656.8497314453125, 668.4747314453125], [1776.4860229492188, 671.3262939453125], [931.4655151367188, 864.408935546875], [848.7889099121094, 810.761962890625], [1874.8368530273438, 627.3702392578125], [1829.9037475585938, 657.47509765625], [1272.99072265625, 642.923828125], [63.9830961227417, 749.120849609375]]",425394176,410927104,425394176,640,yolo26s_int8_640_ncnn_model,MOT17-09
412,164.28500999995777,0.0,7,"[147, 128, 231, 270, 280, 258, 289]","[[1614.3748779296875, 425.4066467285156, 1707.03857421875, 669.8634643554688], [1720.797119140625, 418.8094787597656, 1833.749267578125, 672.30517578125], [818.61572265625, 302.5813293457031, 1025.24609375, 866.9030151367188], [769.0210571289062, 354.58392333984375, 920.5885009765625, 813.7442016601562], [1849.8192138671875, 450.64410400390625, 1909.35205078125, 627.16259765625], [1788.686279296875, 399.25665283203125, 1877.798095703125, 660.8248291015625], [1247.460693359375, 450.3848876953125, 1313.7083740234375, 644.324462890625]]","[0.7119140625, 0.79052734375, 0.8583984375, 0.5263671875, 0.293212890625, 0.6513671875, 0.6591796875]","[[1660.7067260742188, 669.8634643554688], [1777.273193359375, 672.30517578125], [921.930908203125, 866.9030151367188], [844.8047790527344, 813.7442016601562], [1879.5856323242188, 627.16259765625], [1833.2421875, 660.8248291015625], [1280.5845336914062, 644.324462890625]]",425394176,410927104,425394176,640,yolo26s_int8_640_ncnn_model,MOT17-09
413,166.3139739998769,0.0,8,"[147, 128, 231, 270, 280, 258, 289, 163]","[[1620.8375244140625, 423.8416442871094, 1713.0858154296875, 667.4236450195312], [1724.3011474609375, 420.96820068359375, 1836.56396484375, 674.6823120117188], [815.3169555664062, 301.2309265136719, 1022.835693359375, 867.1385498046875], [772.0462036132812, 353.7336730957031, 919.1964111328125, 811.6483764648438], [1852.177734375, 449.22161865234375, 1912.42626953125, 626.0870361328125], [1791.4873046875, 400.2575378417969, 1881.1976318359375, 661.106689453125], [1253.104248046875, 448.5461120605469, 1322.335205078125, 646.5706787109375], [120.77944946289062, 534.5989379882812, 191.82717895507812, 741.0601806640625]]","[0.72412109375, 0.7744140625, 0.79931640625, 0.4794921875, 0.443603515625, 0.578125, 0.5732421875, 0.2724609375]","[[1666.961669921875, 667.4236450195312], [1780.4325561523438, 674.6823120117188], [919.0763244628906, 867.1385498046875], [845.6213073730469, 811.6483764648438], [1882.302001953125, 626.0870361328125], [1836.3424682617188, 661.106689453125], [1287.7197265625, 646.5706787109375], [156.30331420898438, 741.0601806640625]]",425394176,410927104,425394176,640,yolo26s_int8_640_ncnn_model,MOT17-09
414,165.40636300010192,0.0,7,"[147, 128, 231, 280, 258, 289, 163]","[[1623.999267578125, 421.2229309082031, 1716.286865234375, 666.5183715820312], [1727.0535888671875, 420.76971435546875, 1837.94091796875, 674.5973510742188], [797.8319091796875, 299.03668212890625, 1010.1768798828125, 872.7932739257812], [1854.6712646484375, 454.3789978027344, 1913.7872314453125, 625.9290771484375], [1797.336181640625, 402.37896728515625, 1889.2813720703125, 663.43115234375], [1255.5198974609375, 446.6119689941406, 1327.961181640625, 648.6375732421875], [121.09600067138672, 538.82861328125, 191.3519287109375, 740.7801513671875]]","[0.7626953125, 0.75732421875, 0.82666015625, 0.2841796875, 0.6064453125, 0.58447265625, 0.251953125]","[[1670.14306640625, 666.5183715820312], [1782.4972534179688, 674.5973510742188], [904.00439453125, 872.7932739257812], [1884.229248046875, 625.9290771484375], [1843.3087768554688, 663.43115234375], [1291.7405395507812, 648.6375732421875], [156.2239646911621, 740.7801513671875]]",425394176,410927104,425394176,640,yolo26s_int8_640_ncnn_model,MOT17-09
415,164.79099200000746,0.0,5,"[147, 128, 231, 258, 289]","[[1626.34033203125, 425.18951416015625, 1717.996337890625, 665.2098999023438], [1732.4063720703125, 417.4442443847656, 1845.83154296875, 678.7935180664062], [781.4439697265625, 293.34033203125, 999.9401245117188, 877.7991333007812], [1804.0386962890625, 403.9224548339844, 1895.47607421875, 657.618896484375], [1255.418701171875, 450.28790283203125, 1328.84375, 644.99072265625]]","[0.73681640625, 0.73681640625, 0.84912109375, 0.6064453125, 0.591796875]","[[1672.1683349609375, 665.2098999023438], [1789.1189575195312, 678.7935180664062], [890.6920471191406, 877.7991333007812], [1849.7573852539062, 657.618896484375], [1292.1312255859375, 644.99072265625]]",425394176,410927104,425394176,640,yolo26s_int8_640_ncnn_model,MOT17-09
416,164.34901000002355,0.0,5,"[147, 128, 231, 258, 289]","[[1633.476318359375, 419.6695556640625, 1728.0235595703125, 667.7511596679688], [1736.4366455078125, 416.9289855957031, 1850.50244140625, 680.6051025390625], [773.6041870117188, 291.6981506347656, 993.2808837890625, 877.1738891601562], [1806.7723388671875, 405.5024108886719, 1897.2611083984375, 652.3803100585938], [1254.9173583984375, 450.715087890625, 1331.154296875, 643.5413818359375]]","[0.70654296875, 0.69677734375, 0.80810546875, 0.63623046875, 0.60595703125]","[[1680.7499389648438, 667.7511596679688], [1793.4695434570312, 680.6051025390625], [883.4425354003906, 877.1738891601562], [1852.0167236328125, 652.3803100585938], [1293.0358276367188, 643.5413818359375]]",425394176,410927104,425394176,640,yolo26s_int8_640_ncnn_model,MOT17-09
417,164.70238100009738,0.0,6,"[147, 128, 231, 258, 289, 309]","[[1642.705078125, 420.1006774902344, 1736.69140625, 664.26904296875], [1741.85986328125, 422.8836669921875, 1850.1187744140625, 673.1618041992188], [760.6361083984375, 286.71392822265625, 983.683837890625, 877.3031616210938], [1809.1837158203125, 406.5774230957031, 1900.193359375, 653.9667358398438], [1256.64453125, 449.3636169433594, 1335.8165283203125, 643.5027465820312], [1618.15380859375, 415.2749938964844, 1666.24609375, 649.125]]","[0.671875, 0.72607421875, 0.85595703125, 0.625, 0.60546875, 0.32763671875]","[[1689.6982421875, 664.26904296875], [1795.9893188476562, 673.1618041992188], [872.1599731445312, 877.3031616210938], [1854.6885375976562, 653.9667358398438], [1296.2305297851562, 643.5027465820312], [1642.199951171875, 649.125]]",425394176,410927104,425394176,640,yolo26s_int8_640_ncnn_model,MOT17-09
418,164.3923620001715,0.0,5,"[147, 128, 231, 258, 289]","[[1642.116943359375, 421.01910400390625, 1737.7510986328125, 666.1805419921875], [1746.061279296875, 424.4303283691406, 1853.5096435546875, 673.0269165039062], [752.513671875, 280.2176513671875, 978.9118041992188, 876.0364379882812], [1812.970947265625, 406.7069091796875, 1904.09521484375, 654.8193969726562], [1257.4752197265625, 447.3629150390625, 1339.10498046875, 642.9935913085938]]","[0.7568359375, 0.72412109375, 0.85498046875, 0.5791015625, 0.408203125]","[[1689.9340209960938, 666.1805419921875], [1799.7854614257812, 673.0269165039062], [865.7127380371094, 876.0364379882812], [1858.5330810546875, 654.8193969726562], [1298.2901000976562, 642.9935913085938]]",425394176,410927104,425394176,640,yolo26s_int8_640_ncnn_model,MOT17-09
419,178.6364130000493,0.0,7,"[147, 128, 231, 258, 289, 310, 163]","[[1647.15625, 421.1136474609375, 1744.45556640625, 665.1785888671875], [1750.94384765625, 426.9709777832031, 1857.18212890625, 672.987548828125], [743.17529296875, 276.58599853515625, 973.1708984375, 876.6957397460938], [1811.26025390625, 407.23284912109375, 1902.42041015625, 657.6437377929688], [1258.012939453125, 444.1295166015625, 1341.8365478515625, 642.308349609375], [1687.4810791015625, 424.5, 1845.3189697265625, 672.5999755859375], [118.91642761230469, 532.5864868164062, 191.90704345703125, 741.8577270507812]]","[0.68505859375, 0.72412109375, 0.8125, 0.5791015625, 0.509765625, 0.488525390625, 0.26220703125]","[[1695.805908203125, 665.1785888671875], [1804.06298828125, 672.987548828125], [858.173095703125, 876.6957397460938], [1856.84033203125, 657.6437377929688], [1299.9247436523438, 642.308349609375], [1766.4000244140625, 672.5999755859375], [155.41173553466797, 741.8577270507812]]",425394176,410927104,425394176,640,yolo26s_int8_640_ncnn_model,MOT17-09
420,164.86450999991575,0.0,10,"[147, 128, 231, 258, 289, 310, 163, 276, 242, 270]","[[1653.184326171875, 419.9040832519531, 1752.4359130859375, 665.0655517578125], [1757.3892822265625, 424.3867492675781, 1863.658203125, 670.4843139648438], [730.4937744140625, 265.7211608886719, 965.9968872070312, 880.556396484375], [1818.736328125, 397.5009765625, 1911.2421875, 650.7841186523438], [1269.666748046875, 437.24212646484375, 1352.8736572265625, 640.8202514648438], [1701.498779296875, 420.7308349609375, 1860.0628662109375, 670.1065673828125], [118.89813232421875, 530.8746948242188, 192.41880798339844, 741.927490234375], [1649.775634765625, 413.33502197265625, 1716.203125, 663.8715209960938], [1824.9437255859375, 409.7336730957031, 1895.19580078125, 650.0218505859375], [896.1826171875, 346.1839599609375, 1038.4080810546875, 809.1549682617188]]","[0.481689453125, 0.7724609375, 0.83544921875, 0.297607421875, 0.40673828125, 0.372802734375, 0.288818359375, 0.38720703125, 0.475341796875, 0.5966796875]","[[1702.8101196289062, 665.0655517578125], [1810.5237426757812, 670.4843139648438], [848.2453308105469, 880.556396484375], [1864.9892578125, 650.7841186523438], [1311.2702026367188, 640.8202514648438], [1780.7808227539062, 670.1065673828125], [155.6584701538086, 741.927490234375], [1682.9893798828125, 663.8715209960938], [1860.0697631835938, 650.0218505859375], [967.2953491210938, 809.1549682617188]]",425394176,410927104,425394176,640,yolo26s_int8_640_ncnn_model,MOT17-09
421,164.83060299992758,0.0,8,"[147, 128, 231, 289, 310, 276, 242, 270]","[[1656.0072021484375, 422.91717529296875, 1754.529541015625, 663.5533447265625], [1760.2000732421875, 423.8934020996094, 1865.3914794921875, 667.0740356445312], [713.3585815429688, 268.7431640625, 947.8238525390625, 882.6988525390625], [1271.6688232421875, 433.42864990234375, 1355.3358154296875, 641.4859008789062], [1699.07568359375, 425.01568603515625, 1853.38916015625, 666.0728149414062], [1650.412841796875, 409.2274169921875, 1722.5401611328125, 663.3140258789062], [1831.455078125, 406.01580810546875, 1902.5283203125, 642.5718383789062], [904.4476318359375, 345.9792175292969, 1044.346923828125, 819.0932006835938]]","[0.57763671875, 0.78662109375, 0.85205078125, 0.5, 0.27587890625, 0.402587890625, 0.41943359375, 0.70654296875]","[[1705.2683715820312, 663.5533447265625], [1812.7957763671875, 667.0740356445312], [830.5912170410156, 882.6988525390625], [1313.5023193359375, 641.4859008789062], [1776.232421875, 666.0728149414062], [1686.4765014648438, 663.3140258789062], [1866.99169921875, 642.5718383789062], [974.3972778320312, 819.0932006835938]]",425394176,410927104,425394176,640,yolo26s_int8_640_ncnn_model,MOT17-09
422,164.64326899995285,0.0,7,"[147, 128, 231, 289, 270, 258, 163]","[[1666.8370361328125, 425.0618591308594, 1765.102294921875, 662.0005493164062], [1762.4940185546875, 422.1846618652344, 1868.479248046875, 665.3167724609375], [692.4015502929688, 262.94140625, 933.2310180664062, 892.5306396484375], [1280.1705322265625, 438.11224365234375, 1359.983642578125, 641.5076904296875], [916.3792114257812, 348.9785461425781, 1048.271728515625, 800.6135864257812], [1830.960693359375, 400.1170959472656, 1917.9810791015625, 638.367431640625], [119.24202728271484, 532.3051147460938, 193.0010986328125, 744.4946899414062]]","[0.68359375, 0.72802734375, 0.87890625, 0.447509765625, 0.74951171875, 0.50634765625, 0.269287109375]","[[1715.9696655273438, 662.0005493164062], [1815.4866333007812, 665.3167724609375], [812.8162841796875, 892.5306396484375], [1320.0770874023438, 641.5076904296875], [982.3254699707031, 800.6135864257812], [1874.4708862304688, 638.367431640625], [156.12156295776367, 744.4946899414062]]",425394176,410927104,425394176,640,yolo26s_int8_640_ncnn_model,MOT17-09
423,166.18525300009424,0.0,7,"[147, 128, 231, 289, 270, 258, 163]","[[1670.7757568359375, 425.84857177734375, 1768.7568359375, 661.44482421875], [1766.532958984375, 419.54266357421875, 1874.1522216796875, 664.6962890625], [670.5828247070312, 265.45416259765625, 916.8069458007812, 903.25439453125], [1286.7723388671875, 439.50885009765625, 1364.0546875, 642.0224609375], [928.1139526367188, 352.4435119628906, 1057.2545166015625, 786.161865234375], [1834.2080078125, 400.5538635253906, 1920.0, 636.9351196289062], [117.23799133300781, 524.8943481445312, 192.822509765625, 743.7115478515625]]","[0.71240234375, 0.74951171875, 0.88330078125, 0.505859375, 0.78173828125, 0.52978515625, 0.260009765625]","[[1719.7662963867188, 661.44482421875], [1820.3425903320312, 664.6962890625], [793.6948852539062, 903.25439453125], [1325.4135131835938, 642.0224609375], [992.6842346191406, 786.161865234375], [1877.10400390625, 636.9351196289062], [155.0302505493164, 743.7115478515625]]",425394176,410927104,425394176,640,yolo26s_int8_640_ncnn_model,MOT17-09
424,164.66675099991335,0.0,7,"[147, 128, 231, 289, 270, 258, 163]","[[1673.8695068359375, 425.3734436035156, 1772.085205078125, 661.013427734375], [1766.091796875, 418.5518493652344, 1873.9996337890625, 662.513671875], [652.9490966796875, 272.40130615234375, 901.8878173828125, 906.31591796875], [1293.4859619140625, 440.30426025390625, 1368.96728515625, 642.9633178710938], [939.8814086914062, 357.0270690917969, 1070.2374267578125, 781.6514282226562], [1834.24658203125, 400.9534606933594, 1920.0, 644.2649536132812], [117.24603271484375, 523.5137329101562, 192.78240966796875, 743.1901245117188]]","[0.712890625, 0.712890625, 0.876953125, 0.626953125, 0.818359375, 0.53662109375, 0.38720703125]","[[1722.9773559570312, 661.013427734375], [1820.0457153320312, 662.513671875], [777.41845703125, 906.31591796875], [1331.2266235351562, 642.9633178710938], [1005.0594177246094, 781.6514282226562], [1877.123291015625, 644.2649536132812], [155.01422119140625, 743.1901245117188]]",425394176,410927104,425394176,640,yolo26s_int8_640_ncnn_model,MOT17-09
425,166.82206800010135,0.0,7,"[147, 128, 231, 289, 270, 258, 163]","[[1676.9024658203125, 425.17791748046875, 1775.05322265625, 660.8765258789062], [1769.0616455078125, 420.6733093261719, 1878.464111328125, 665.2129516601562], [644.2111206054688, 273.1023864746094, 897.0367431640625, 908.451416015625], [1298.4063720703125, 441.36474609375, 1372.0692138671875, 641.589599609375], [954.0602416992188, 360.9647521972656, 1088.3704833984375, 779.8560791015625], [1835.5506591796875, 402.0908203125, 1920.0, 645.9801635742188], [117.55181884765625, 521.779541015625, 193.08804321289062, 743.2332763671875]]","[0.7021484375, 0.70166015625, 0.8818359375, 0.58447265625, 0.837890625, 0.5029296875, 0.39208984375]","[[1725.9778442382812, 660.8765258789062], [1823.7628784179688, 665.2129516601562], [770.6239318847656, 908.451416015625], [1335.23779296875, 641.589599609375], [1021.2153625488281, 779.8560791015625], [1877.7753295898438, 645.9801635742188], [155.31993103027344, 743.2332763671875]]",425394176,410927104,425394176,640,yolo26s_int8_640_ncnn_model,MOT17-09
426,164.36534400008895,0.0,7,"[147, 128, 231, 289, 270, 258, 163]","[[1676.9970703125, 422.3528747558594, 1774.8424072265625, 658.60986328125], [1772.0135498046875, 423.7095642089844, 1882.0303955078125, 667.9978637695312], [637.85888671875, 273.0550537109375, 896.1046142578125, 914.421630859375], [1302.5084228515625, 441.28662109375, 1375.6046142578125, 641.5658569335938], [960.6128540039062, 361.8843078613281, 1099.758056640625, 777.7962646484375], [1834.9901123046875, 400.05047607421875, 1920.0, 646.1710205078125], [110.5185317993164, 484.763671875, 197.28720092773438, 744.2326049804688]]","[0.61962890625, 0.69921875, 0.88037109375, 0.66748046875, 0.84228515625, 0.53271484375, 0.343994140625]","[[1725.9197387695312, 658.60986328125], [1827.02197265625, 667.9978637695312], [766.9817504882812, 914.421630859375], [1339.0565185546875, 641.5658569335938], [1030.1854553222656, 777.7962646484375], [1877.4950561523438, 646.1710205078125], [153.9028663635254, 744.2326049804688]]",425394176,410927104,425394176,640,yolo26s_int8_640_ncnn_model,MOT17-09
427,165.04325200003223,0.0,7,"[147, 128, 231, 289, 270, 258, 163]","[[1679.197265625, 422.2762756347656, 1778.212890625, 662.7501220703125], [1772.53662109375, 423.8565673828125, 1883.704345703125, 669.069580078125], [632.3449096679688, 267.56427001953125, 897.6520385742188, 920.1286010742188], [1307.0748291015625, 441.7619934082031, 1380.5264892578125, 643.04931640625], [962.4880981445312, 362.68951416015625, 1104.50390625, 774.6294555664062], [1836.4482421875, 401.2615661621094, 1920.0, 644.2802124023438], [113.95145416259766, 503.01568603515625, 194.21005249023438, 743.43798828125]]","[0.66748046875, 0.67578125, 0.88037109375, 0.65234375, 0.83544921875, 0.52978515625, 0.365478515625]","[[1728.705078125, 662.7501220703125], [1828.1204833984375, 669.069580078125], [764.9984741210938, 920.1286010742188], [1343.8006591796875, 643.04931640625], [1033.4960021972656, 774.6294555664062], [1878.22412109375, 644.2802124023438], [154.08075332641602, 743.43798828125]]",425394176,410927104,425394176,640,yolo26s_int8_640_ncnn_model,MOT17-09
428,172.29353700008687,0.0,7,"[147, 128, 231, 289, 270, 258, 163]","[[1679.7039794921875, 421.0152893066406, 1777.5531005859375, 660.6224975585938], [1776.087890625, 422.4115905761719, 1888.6727294921875, 670.968017578125], [624.260986328125, 263.9244689941406, 893.1787109375, 922.792236328125], [1311.7332763671875, 443.680419921875, 1385.061767578125, 643.8587036132812], [962.7901000976562, 367.22235107421875, 1105.6453857421875, 773.3128051757812], [1841.2818603515625, 406.2152404785156, 1920.0, 642.0838012695312], [115.430419921875, 511.9752502441406, 192.1820526123047, 742.5814819335938]]","[0.65625, 0.67578125, 0.876953125, 0.65966796875, 0.8505859375, 0.54638671875, 0.28759765625]","[[1728.6285400390625, 660.6224975585938], [1832.3803100585938, 670.968017578125], [758.7198486328125, 922.792236328125], [1348.3975219726562, 643.8587036132812], [1034.2177429199219, 773.3128051757812], [1880.6409301757812, 642.0838012695312], [153.80623626708984, 742.5814819335938]]",425394176,410927104,425394176,640,yolo26s_int8_640_ncnn_model,MOT17-09
429,165.10451099998136,0.0,8,"[147, 128, 231, 289, 270, 258, 163, 319]","[[1681.7813720703125, 422.7673034667969, 1777.057861328125, 657.5880737304688], [1781.6005859375, 423.33831787109375, 1894.0491943359375, 671.19091796875], [616.0902709960938, 261.6082763671875, 888.4259643554688, 932.484375], [1315.393798828125, 446.1509704589844, 1388.4971923828125, 644.4114990234375], [966.0174560546875, 367.6039123535156, 1110.0650634765625, 772.1829833984375], [1845.17236328125, 409.3357238769531, 1920.0, 640.0269775390625], [116.29412078857422, 513.1513061523438, 192.12411499023438, 741.513916015625], [1773.8262939453125, 426.1499938964844, 1826.1737060546875, 629.5499877929688]]","[0.62255859375, 0.54638671875, 0.849609375, 0.67138671875, 0.81982421875, 0.5419921875, 0.377685546875, 0.3837890625]","[[1729.4196166992188, 657.5880737304688], [1837.8248901367188, 671.19091796875], [752.2581176757812, 932.484375], [1351.9454956054688, 644.4114990234375], [1038.041259765625, 772.1829833984375], [1882.586181640625, 640.0269775390625], [154.2091178894043, 741.513916015625], [1800.0, 629.5499877929688]]",425394176,410927104,425394176,640,yolo26s_int8_640_ncnn_model,MOT17-09
430,164.94056600004114,0.0,9,"[147, 128, 231, 289, 270, 258, 163, 319, 276]","[[1687.695068359375, 423.4368591308594, 1781.4219970703125, 654.4608154296875], [1789.5723876953125, 426.1632080078125, 1897.8878173828125, 664.829345703125], [597.7086181640625, 253.58543395996094, 869.285888671875, 928.617431640625], [1317.6356201171875, 446.8286437988281, 1391.5587158203125, 644.8629760742188], [972.0397338867188, 367.69476318359375, 1114.1488037109375, 765.8416748046875], [1847.7315673828125, 410.96759033203125, 1920.0, 638.7954711914062], [117.9731216430664, 519.5775756835938, 191.99118041992188, 742.1143798828125], [1774.088134765625, 430.9526062011719, 1823.597412109375, 622.664306640625], [1678.5028076171875, 412.207763671875, 1757.093505859375, 655.5528564453125]]","[0.62744140625, 0.72802734375, 0.8447265625, 0.6708984375, 0.83740234375, 0.42529296875, 0.44921875, 0.403564453125, 0.31787109375]","[[1734.5585327148438, 654.4608154296875], [1843.7301025390625, 664.829345703125], [733.4972534179688, 928.617431640625], [1354.59716796875, 644.8629760742188], [1043.0942687988281, 765.8416748046875], [1883.8657836914062, 638.7954711914062], [154.98215103149414, 742.1143798828125], [1798.8427734375, 622.664306640625], [1717.7981567382812, 655.5528564453125]]",425394176,410927104,425394176,640,yolo26s_int8_640_ncnn_model,MOT17-09
431,166.04188199994496,0.0,9,"[147, 128, 231, 289, 270, 258, 163, 319, 276]","[[1694.9100341796875, 423.6838073730469, 1787.782470703125, 653.326904296875], [1792.3214111328125, 427.98089599609375, 1899.280029296875, 663.6611938476562], [573.7681884765625, 249.21925354003906, 847.6160278320312, 933.2014770507812], [1320.8475341796875, 449.30487060546875, 1394.9857177734375, 644.7767333984375], [980.28857421875, 368.429931640625, 1120.9384765625, 763.8364868164062], [1849.3875732421875, 411.5372314453125, 1920.0, 638.3760375976562], [120.17677307128906, 532.05419921875, 190.50628662109375, 741.3480834960938], [1775.2659912109375, 434.94244384765625, 1824.06298828125, 622.8009033203125], [1672.49462890625, 415.0806884765625, 1752.1646728515625, 655.8075561523438]]","[0.62451171875, 0.7080078125, 0.85107421875, 0.6591796875, 0.82763671875, 0.402099609375, 0.369384765625, 0.423828125, 0.343994140625]","[[1741.3462524414062, 653.326904296875], [1845.8007202148438, 663.6611938476562], [710.6921081542969, 933.2014770507812], [1357.9166259765625, 644.7767333984375], [1050.613525390625, 763.8364868164062], [1884.6937866210938, 638.3760375976562], [155.3415298461914, 741.3480834960938], [1799.6644897460938, 622.8009033203125], [1712.3296508789062, 655.8075561523438]]",425394176,410927104,425394176,640,yolo26s_int8_640_ncnn_model,MOT17-09
432,165.3604370001176,0.0,9,"[147, 128, 231, 289, 270, 258, 163, 319, 276]","[[1701.1483154296875, 423.52142333984375, 1794.3082275390625, 653.1920776367188], [1798.2222900390625, 429.3798828125, 1902.660400390625, 659.4964599609375], [559.8921508789062, 244.46031188964844, 834.4850463867188, 932.1436157226562], [1323.5546875, 447.7268981933594, 1399.421630859375, 645.2343139648438], [991.3796997070312, 367.6553955078125, 1129.7872314453125, 759.188720703125], [1851.942138671875, 408.9594421386719, 1920.0, 639.0065307617188], [119.88673400878906, 534.4757080078125, 190.17726135253906, 742.33740234375], [1773.337890625, 434.52532958984375, 1821.9130859375, 620.9891967773438], [1682.916259765625, 411.695556640625, 1770.69580078125, 657.1365356445312]]","[0.56787109375, 0.744140625, 0.7734375, 0.646484375, 0.75634765625, 0.361083984375, 0.3662109375, 0.380859375, 0.3564453125]","[[1747.728271484375, 653.1920776367188], [1850.4413452148438, 659.4964599609375], [697.1885986328125, 932.1436157226562], [1361.4881591796875, 645.2343139648438], [1060.5834655761719, 759.188720703125], [1885.9710693359375, 639.0065307617188], [155.03199768066406, 742.33740234375], [1797.62548828125, 620.9891967773438], [1726.8060302734375, 657.1365356445312]]",425394176,410927104,425394176,640,yolo26s_int8_640_ncnn_model,MOT17-09
433,165.2923260000989,0.0,9,"[147, 128, 231, 289, 270, 258, 163, 319, 276]","[[1706.9578857421875, 426.4447326660156, 1800.9383544921875, 658.1586303710938], [1804.4752197265625, 429.8717346191406, 1907.61181640625, 656.96875], [544.6232299804688, 244.44985961914062, 818.6629638671875, 934.7847900390625], [1326.1397705078125, 446.62799072265625, 1402.2052001953125, 643.9129638671875], [1008.6386108398438, 364.5639953613281, 1148.3524169921875, 768.3746337890625], [1854.3128662109375, 405.7446594238281, 1920.0, 639.5153198242188], [120.37322998046875, 536.3162841796875, 190.22312927246094, 741.6883544921875], [1775.3909912109375, 433.98626708984375, 1825.2188720703125, 624.0995483398438], [1687.494140625, 420.136962890625, 1772.51171875, 655.8985595703125]]","[0.51708984375, 0.71923828125, 0.8427734375, 0.57080078125, 0.77294921875, 0.278564453125, 0.2626953125, 0.517578125, 0.28076171875]","[[1753.9481201171875, 658.1586303710938], [1856.0435180664062, 656.96875], [681.6430969238281, 934.7847900390625], [1364.1724853515625, 643.9129638671875], [1078.4955139160156, 768.3746337890625], [1887.1564331054688, 639.5153198242188], [155.29817962646484, 741.6883544921875], [1800.304931640625, 624.0995483398438], [1730.0029296875, 655.8985595703125]]",425394176,410927104,425394176,640,yolo26s_int8_640_ncnn_model,MOT17-09
434,165.398974000027,0.0,8,"[147, 128, 231, 289, 270, 163, 319, 276]","[[1712.09619140625, 428.27642822265625, 1804.1253662109375, 656.32470703125], [1808.48681640625, 427.5106506347656, 1911.462158203125, 654.5721435546875], [528.7949829101562, 244.67623901367188, 804.799072265625, 942.4264526367188], [1328.978271484375, 449.9195251464844, 1404.0556640625, 643.6525268554688], [1021.7442016601562, 360.6972351074219, 1159.775634765625, 767.6082153320312], [121.41580200195312, 536.1934814453125, 191.51702880859375, 741.197021484375], [1779.3531494140625, 432.67974853515625, 1829.433837890625, 622.0146484375], [1684.0174560546875, 414.5218811035156, 1771.8724365234375, 654.1843872070312]]","[0.414306640625, 0.72607421875, 0.84716796875, 0.59912109375, 0.7802734375, 0.315673828125, 0.52490234375, 0.385498046875]","[[1758.1107788085938, 656.32470703125], [1859.9744873046875, 654.5721435546875], [666.7970275878906, 942.4264526367188], [1366.5169677734375, 643.6525268554688], [1090.7599182128906, 767.6082153320312], [156.46641540527344, 741.197021484375], [1804.3934936523438, 622.0146484375], [1727.9449462890625, 654.1843872070312]]",425394176,410927104,425394176,640,yolo26s_int8_640_ncnn_model,MOT17-09
435,165.22714000007,0.0,7,"[147, 128, 231, 289, 270, 319, 276]","[[1716.3154296875, 426.9526062011719, 1806.6619873046875, 653.6400756835938], [1811.479248046875, 425.1163635253906, 1915.0933837890625, 655.2342529296875], [509.7882080078125, 245.21881103515625, 788.3260498046875, 950.7405395507812], [1335.7552490234375, 448.1557312011719, 1409.7056884765625, 641.5531005859375], [1033.234619140625, 359.7022705078125, 1168.702392578125, 767.8745727539062], [1781.188720703125, 422.73614501953125, 1834.658447265625, 624.4429321289062], [1681.4091796875, 411.2300720214844, 1768.8167724609375, 651.8374633789062]]","[0.52880859375, 0.69482421875, 0.89111328125, 0.440673828125, 0.71826171875, 0.54833984375, 0.56005859375]","[[1761.4887084960938, 653.6400756835938], [1863.2863159179688, 655.2342529296875], [649.05712890625, 950.7405395507812], [1372.73046875, 641.5531005859375], [1100.968505859375, 767.8745727539062], [1807.923583984375, 624.4429321289062], [1725.1129760742188, 651.8374633789062]]",425394176,410927104,425394176,640,yolo26s_int8_640_ncnn_model,MOT17-09
436,190.08288700001685,0.0,8,"[147, 128, 231, 289, 270, 319, 276, 163]","[[1719.5894775390625, 428.68572998046875, 1805.577880859375, 647.4193115234375], [1811.0123291015625, 420.9893798828125, 1917.7603759765625, 660.7393188476562], [495.39697265625, 243.30538940429688, 776.7911987304688, 957.955078125], [1339.3511962890625, 448.7284851074219, 1412.4525146484375, 642.517822265625], [1045.110595703125, 364.0387268066406, 1176.642333984375, 767.287109375], [1783.8309326171875, 419.4830322265625, 1838.46240234375, 625.0614624023438], [1680.9647216796875, 410.23394775390625, 1766.8602294921875, 649.737060546875], [121.75360870361328, 535.6961669921875, 192.05628967285156, 740.2320556640625]]","[0.442626953125, 0.6865234375, 0.85498046875, 0.5166015625, 0.75146484375, 0.57421875, 0.61669921875, 0.257568359375]","[[1762.5836791992188, 647.4193115234375], [1864.3863525390625, 660.7393188476562], [636.0940856933594, 957.955078125], [1375.90185546875, 642.517822265625], [1110.87646484375, 767.287109375], [1811.1466674804688, 625.0614624023438], [1723.9124755859375, 649.737060546875], [156.90494918823242, 740.2320556640625]]",425394176,410927104,425394176,640,yolo26s_int8_640_ncnn_model,MOT17-09
437,165.29710399981923,0.0,8,"[147, 128, 231, 289, 270, 319, 276, 163]","[[1721.74658203125, 424.2684020996094, 1807.864501953125, 646.1228637695312], [1814.728271484375, 418.2254943847656, 1920.0, 664.0460815429688], [482.48236083984375, 237.99757385253906, 766.4910278320312, 958.372314453125], [1344.677490234375, 445.9518737792969, 1417.1583251953125, 641.8934936523438], [1054.194091796875, 364.44146728515625, 1181.1636962890625, 760.3903198242188], [1786.8875732421875, 418.30023193359375, 1841.7266845703125, 625.311767578125], [1682.8004150390625, 409.6215515136719, 1767.8980712890625, 650.230224609375], [121.57760620117188, 533.3521118164062, 192.89671325683594, 740.0982055664062]]","[0.64013671875, 0.6904296875, 0.876953125, 0.56494140625, 0.7998046875, 0.53515625, 0.62939453125, 0.298095703125]","[[1764.8055419921875, 646.1228637695312], [1867.3641357421875, 664.0460815429688], [624.4866943359375, 958.372314453125], [1380.9179077148438, 641.8934936523438], [1117.6788940429688, 760.3903198242188], [1814.30712890625, 625.311767578125], [1725.3492431640625, 650.230224609375], [157.2371597290039, 740.0982055664062]]",425394176,410927104,425394176,640,yolo26s_int8_640_ncnn_model,MOT17-09
438,165.0733809999565,0.0,7,"[147, 128, 231, 289, 270, 319, 276]","[[1724.69091796875, 424.1520080566406, 1810.3148193359375, 648.1729125976562], [1819.4852294921875, 422.5584411621094, 1920.0, 659.9532470703125], [481.35076904296875, 242.77098083496094, 763.087646484375, 967.3099365234375], [1351.3829345703125, 447.1260986328125, 1421.860107421875, 641.4156494140625], [1064.560302734375, 372.8391418457031, 1187.060791015625, 755.6073608398438], [1790.18310546875, 424.1623840332031, 1842.664306640625, 625.1625366210938], [1683.025634765625, 412.63568115234375, 1764.619140625, 648.215087890625]]","[0.73486328125, 0.70556640625, 0.7890625, 0.54296875, 0.7001953125, 0.462890625, 0.5205078125]","[[1767.5028686523438, 648.1729125976562], [1869.7426147460938, 659.9532470703125], [622.2192077636719, 967.3099365234375], [1386.6215209960938, 641.4156494140625], [1125.810546875, 755.6073608398438], [1816.4237060546875, 625.1625366210938], [1723.8223876953125, 648.215087890625]]",425394176,410927104,425394176,640,yolo26s_int8_640_ncnn_model,MOT17-09
439,165.52173399986714,0.0,7,"[147, 128, 231, 289, 270, 319, 276]","[[1727.6663818359375, 423.1184997558594, 1813.0614013671875, 649.9827880859375], [1821.435546875, 427.03778076171875, 1920.0, 659.6030883789062], [480.045654296875, 241.37387084960938, 763.5865478515625, 985.665771484375], [1355.658447265625, 442.10272216796875, 1427.5426025390625, 644.7224731445312], [1072.52587890625, 376.2066955566406, 1194.3587646484375, 753.65576171875], [1793.222900390625, 421.42364501953125, 1845.0633544921875, 624.0999755859375], [1686.1256103515625, 415.8002624511719, 1764.1812744140625, 647.492431640625]]","[0.68701171875, 0.62744140625, 0.79248046875, 0.63525390625, 0.80078125, 0.4580078125, 0.458740234375]","[[1770.3638916015625, 649.9827880859375], [1870.7177734375, 659.6030883789062], [621.8161010742188, 985.665771484375], [1391.6005249023438, 644.7224731445312], [1133.4423217773438, 753.65576171875], [1819.1431274414062, 624.0999755859375], [1725.1534423828125, 647.492431640625]]",425394176,410927104,425394176,640,yolo26s_int8_640_ncnn_model,MOT17-09
440,165.6501229999776,0.0,9,"[147, 128, 231, 289, 270, 319, 276, 333, 288]","[[1732.893798828125, 423.47369384765625, 1819.6219482421875, 654.8986206054688], [1817.3280029296875, 420.4493713378906, 1915.947021484375, 659.7380981445312], [473.83624267578125, 238.45680236816406, 752.6286010742188, 983.2573852539062], [1361.8021240234375, 447.07769775390625, 1429.7891845703125, 641.0674438476562], [1078.11962890625, 376.13275146484375, 1201.7030029296875, 754.2780151367188], [1798.3125, 428.4170837402344, 1847.823486328125, 623.7144775390625], [1689.027099609375, 409.69610595703125, 1766.1510009765625, 645.5075073242188], [1863.6397705078125, 414.9750061035156, 1919.960205078125, 674.0250244140625], [0.0, 271.0159912109375, 176.43487548828125, 927.654052734375]]","[0.6953125, 0.5615234375, 0.8251953125, 0.65380859375, 0.8505859375, 0.337890625, 0.509765625, 0.34033203125, 0.75732421875]","[[1776.2578735351562, 654.8986206054688], [1866.6375122070312, 659.7380981445312], [613.232421875, 983.2573852539062], [1395.795654296875, 641.0674438476562], [1139.9113159179688, 754.2780151367188], [1823.0679931640625, 623.7144775390625], [1727.5890502929688, 645.5075073242188], [1891.7999877929688, 674.0250244140625], [88.21743774414062, 927.654052734375]]",425394176,410927104,425394176,640,yolo26s_int8_640_ncnn_model,MOT17-09
441,165.79090100003668,0.0,9,"[147, 128, 231, 289, 270, 319, 276, 333, 288]","[[1740.552001953125, 421.400390625, 1826.0167236328125, 650.13330078125], [1813.702880859375, 416.557373046875, 1910.45654296875, 659.3042602539062], [431.3148193359375, 230.03594970703125, 717.7747802734375, 988.4434204101562], [1366.302001953125, 449.06878662109375, 1433.0733642578125, 640.6172485351562], [1081.3067626953125, 378.80615234375, 1205.6348876953125, 753.8278198242188], [1800.3770751953125, 431.3766174316406, 1848.51611328125, 623.3263549804688], [1691.85107421875, 408.4398193359375, 1767.0072021484375, 644.8059692382812], [1867.3143310546875, 442.7402038574219, 1918.110107421875, 675.9064331054688], [0.0, 266.243408203125, 180.34410095214844, 930.6329345703125]]","[0.76123046875, 0.68505859375, 0.86181640625, 0.6640625, 0.84228515625, 0.28466796875, 0.5537109375, 0.37158203125, 0.81005859375]","[[1783.2843627929688, 650.13330078125], [1862.0797119140625, 659.3042602539062], [574.5447998046875, 988.4434204101562], [1399.6876831054688, 640.6172485351562], [1143.4708251953125, 753.8278198242188], [1824.4465942382812, 623.3263549804688], [1729.4291381835938, 644.8059692382812], [1892.7122192382812, 675.9064331054688], [90.17205047607422, 930.6329345703125]]",425394176,410927104,425394176,640,yolo26s_int8_640_ncnn_model,MOT17-09
442,166.6635869999027,0.0,8,"[147, 128, 231, 289, 270, 276, 333, 288]","[[1743.5670166015625, 422.8445129394531, 1828.0513916015625, 648.0541381835938], [1814.5771484375, 418.5291442871094, 1907.892822265625, 660.6262817382812], [404.1894836425781, 228.84124755859375, 692.7045288085938, 986.3549194335938], [1370.056396484375, 452.0434875488281, 1435.8896484375, 641.2085571289062], [1083.537109375, 380.25213623046875, 1208.322265625, 755.2373657226562], [1696.3173828125, 411.9519348144531, 1767.7679443359375, 641.60546875], [1868.02294921875, 447.316650390625, 1918.0234375, 676.5477905273438], [0.0, 268.860107421875, 198.96127319335938, 924.6024780273438]]","[0.7314453125, 0.60107421875, 0.89501953125, 0.640625, 0.8095703125, 0.53515625, 0.435302734375, 0.84814453125]","[[1785.8092041015625, 648.0541381835938], [1861.2349853515625, 660.6262817382812], [548.4470062255859, 986.3549194335938], [1402.9730224609375, 641.2085571289062], [1145.9296875, 755.2373657226562], [1732.0426635742188, 641.60546875], [1893.023193359375, 676.5477905273438], [99.48063659667969, 924.6024780273438]]",425394176,410927104,425394176,640,yolo26s_int8_640_ncnn_model,MOT17-09
443,165.9737719999157,0.0,8,"[147, 128, 231, 289, 270, 276, 333, 288]","[[1746.19921875, 421.6549377441406, 1830.97216796875, 647.0442504882812], [1824.28955078125, 402.7537841796875, 1920.0, 672.7666015625], [402.04278564453125, 211.78456115722656, 694.421875, 989.2665405273438], [1379.1251220703125, 451.8873291015625, 1446.9393310546875, 642.6878051757812], [1093.371337890625, 378.23785400390625, 1216.6846923828125, 751.3235473632812], [1700.3260498046875, 410.5455017089844, 1771.6031494140625, 646.2213134765625], [1865.4874267578125, 420.4432373046875, 1920.0, 674.38525390625], [3.6606242656707764, 276.0036315917969, 222.97474670410156, 918.9371337890625]]","[0.74072265625, 0.478515625, 0.67724609375, 0.56201171875, 0.748046875, 0.51416015625, 0.383056640625, 0.8642578125]","[[1788.585693359375, 647.0442504882812], [1872.144775390625, 672.7666015625], [548.2323303222656, 989.2665405273438], [1413.0322265625, 642.6878051757812], [1155.0280151367188, 751.3235473632812], [1735.964599609375, 646.2213134765625], [1892.7437133789062, 674.38525390625], [113.31768548488617, 918.9371337890625]]",425394176,410927104,425394176,640,yolo26s_int8_640_ncnn_model,MOT17-09
444,164.6936590000223,0.0,9,"[147, 128, 231, 289, 270, 276, 288, 341, 319]","[[1751.074462890625, 427.6732482910156, 1835.8411865234375, 650.1676635742188], [1828.4605712890625, 392.954345703125, 1920.0, 675.5501708984375], [394.8831787109375, 211.4810791015625, 682.7352294921875, 990.9791259765625], [1383.0682373046875, 452.802734375, 1452.1602783203125, 643.2393188476562], [1096.7603759765625, 373.68023681640625, 1220.48046875, 744.6656494140625], [1704.8743896484375, 413.2431640625, 1773.77587890625, 644.718994140625], [14.548150062561035, 280.6301574707031, 240.96078491210938, 918.7694702148438], [1204.37109375, 469.7250061035156, 1274.52880859375, 648.0750122070312], [1802.6998291015625, 423.6849060058594, 1852.4744873046875, 625.8175659179688]]","[0.7041015625, 0.67431640625, 0.7646484375, 0.666015625, 0.75439453125, 0.490966796875, 0.8671875, 0.5009765625, 0.30322265625]","[[1793.4578247070312, 650.1676635742188], [1874.2302856445312, 675.5501708984375], [538.8092041015625, 990.9791259765625], [1417.6142578125, 643.2393188476562], [1158.6204223632812, 744.6656494140625], [1739.3251342773438, 644.718994140625], [127.7544674873352, 918.7694702148438], [1239.449951171875, 648.0750122070312], [1827.587158203125, 625.8175659179688]]",425394176,410927104,425394176,640,yolo26s_int8_640_ncnn_model,MOT17-09
445,170.36909099988407,0.0,7,"[147, 128, 231, 289, 270, 276, 288]","[[1757.942626953125, 435.6902770996094, 1840.3076171875, 650.6262817382812], [1827.956787109375, 389.0658264160156, 1920.0, 676.6310424804688], [367.67315673828125, 202.94712829589844, 657.1633911132812, 988.2843017578125], [1386.0372314453125, 453.12677001953125, 1457.23388671875, 644.4403076171875], [1117.3353271484375, 373.69171142578125, 1237.9576416015625, 739.4989624023438], [1709.19970703125, 410.29168701171875, 1777.8192138671875, 644.1724243164062], [18.70610809326172, 278.18426513671875, 253.5130615234375, 918.1972045898438]]","[0.71630859375, 0.68505859375, 0.76318359375, 0.71142578125, 0.734375, 0.4638671875, 0.89208984375]","[[1799.1251220703125, 650.6262817382812], [1873.9783935546875, 676.6310424804688], [512.4182739257812, 988.2843017578125], [1421.6355590820312, 644.4403076171875], [1177.646484375, 739.4989624023438], [1743.5094604492188, 644.1724243164062], [136.1095848083496, 918.1972045898438]]",425394176,410927104,425394176,640,yolo26s_int8_640_ncnn_model,MOT17-09
446,164.6768630000679,0.0,7,"[147, 128, 231, 289, 270, 276, 288]","[[1760.3143310546875, 436.4078674316406, 1841.814208984375, 650.055419921875], [1828.1546630859375, 388.60223388671875, 1920.0, 676.0422973632812], [356.27630615234375, 203.23828125, 646.3522338867188, 995.4442138671875], [1385.8173828125, 451.9876403808594, 1459.131591796875, 644.1424560546875], [1127.94677734375, 372.6767272949219, 1246.9495849609375, 739.6673583984375], [1713.7440185546875, 409.69256591796875, 1782.1795654296875, 644.4869995117188], [19.41200828552246, 283.18994140625, 259.8538513183594, 920.710205078125]]","[0.6669921875, 0.70849609375, 0.83935546875, 0.73876953125, 0.7607421875, 0.607421875, 0.89990234375]","[[1801.0642700195312, 650.055419921875], [1874.0773315429688, 676.0422973632812], [501.31427001953125, 995.4442138671875], [1422.4744873046875, 644.1424560546875], [1187.4481811523438, 739.6673583984375], [1747.9617919921875, 644.4869995117188], [139.63292980194092, 920.710205078125]]",425394176,410927104,425394176,640,yolo26s_int8_640_ncnn_model,MOT17-09
447,165.89347499984797,0.0,7,"[147, 128, 231, 289, 270, 276, 288]","[[1762.5882568359375, 436.1265869140625, 1842.69189453125, 648.3511352539062], [1818.738525390625, 384.64776611328125, 1920.0, 677.7066040039062], [323.1280822753906, 195.16331481933594, 621.0667724609375, 1002.4725952148438], [1385.8038330078125, 452.0342102050781, 1461.4117431640625, 645.50830078125], [1136.5435791015625, 368.053955078125, 1257.96142578125, 748.0379638671875], [1718.319580078125, 409.7226867675781, 1786.7255859375, 645.3748779296875], [21.026302337646484, 283.30828857421875, 266.95013427734375, 918.7349243164062]]","[0.63232421875, 0.708984375, 0.8671875, 0.71923828125, 0.75244140625, 0.67919921875, 0.90283203125]","[[1802.6400756835938, 648.3511352539062], [1869.3692626953125, 677.7066040039062], [472.09742736816406, 1002.4725952148438], [1423.6077880859375, 645.50830078125], [1197.2525024414062, 748.0379638671875], [1752.5225830078125, 645.3748779296875], [143.98821830749512, 918.7349243164062]]",425394176,410927104,425394176,640,yolo26s_int8_640_ncnn_model,MOT17-09
448,165.58930900009727,0.0,7,"[147, 231, 289, 270, 276, 288, 310]","[[1762.0443115234375, 430.71783447265625, 1842.103759765625, 646.9771118164062], [272.132568359375, 193.65977478027344, 581.3763427734375, 1005.523681640625], [1386.27685546875, 452.5334167480469, 1463.4638671875, 647.500244140625], [1146.15283203125, 367.8107604980469, 1267.9393310546875, 755.6136474609375], [1722.9639892578125, 409.2487487792969, 1791.263427734375, 644.2453002929688], [16.392738342285156, 273.9482727050781, 270.85491943359375, 921.57470703125], [1762.5980224609375, 391.8938293457031, 1920.0, 676.0713500976562]]","[0.474853515625, 0.89501953125, 0.705078125, 0.7509765625, 0.6865234375, 0.88818359375, 0.70703125]","[[1802.0740356445312, 646.9771118164062], [426.75445556640625, 1005.523681640625], [1424.870361328125, 647.500244140625], [1207.0460815429688, 755.6136474609375], [1757.1137084960938, 644.2453002929688], [143.62382888793945, 921.57470703125], [1841.2990112304688, 676.0713500976562]]",425394176,410927104,425394176,640,yolo26s_int8_640_ncnn_model,MOT17-09
449,165.02608600012536,0.0,7,"[231, 289, 270, 276, 288, 310, 333]","[[240.01116943359375, 190.5418243408203, 564.5028686523438, 1017.0738525390625], [1385.55517578125, 452.7103576660156, 1463.869384765625, 648.2417602539062], [1154.0390625, 367.4858703613281, 1274.73876953125, 755.852783203125], [1726.6175537109375, 409.5750732421875, 1794.822265625, 643.3385620117188], [13.366684913635254, 272.93280029296875, 273.4345703125, 926.8989868164062], [1761.49267578125, 399.2396545410156, 1920.0, 678.216552734375], [1865.108642578125, 389.8220520019531, 1920.0, 675.766845703125]]","[0.9072265625, 0.66748046875, 0.779296875, 0.65185546875, 0.87744140625, 0.7255859375, 0.253173828125]","[[402.25701904296875, 1017.0738525390625], [1424.7122802734375, 648.2417602539062], [1214.388916015625, 755.852783203125], [1760.7199096679688, 643.3385620117188], [143.40062761306763, 926.8989868164062], [1840.746337890625, 678.216552734375], [1892.5543212890625, 675.766845703125]]",425394176,410927104,425394176,640,yolo26s_int8_640_ncnn_model,MOT17-09
450,164.19552899992595,0.0,7,"[231, 289, 270, 276, 288, 310, 333]","[[215.26113891601562, 190.69158935546875, 556.1282348632812, 1033.79296875], [1393.1754150390625, 451.0346374511719, 1470.6812744140625, 649.2457275390625], [1168.5986328125, 374.2847900390625, 1284.80126953125, 741.1414184570312], [1730.17529296875, 408.4656066894531, 1797.716064453125, 636.308349609375], [12.051918029785156, 267.3975830078125, 279.3526611328125, 932.21875], [1760.9375, 397.1607360839844, 1920.0, 678.0303344726562], [1862.8929443359375, 387.6863708496094, 1920.0, 674.1206665039062]]","[0.90380859375, 0.47265625, 0.72314453125, 0.65966796875, 0.88818359375, 0.7109375, 0.40966796875]","[[385.69468688964844, 1033.79296875], [1431.9283447265625, 649.2457275390625], [1226.699951171875, 741.1414184570312], [1763.9456787109375, 636.308349609375], [145.70228958129883, 932.21875], [1840.46875, 678.0303344726562], [1891.4464721679688, 674.1206665039062]]",425394176,410927104,425394176,640,yolo26s_int8_640_ncnn_model,MOT17-09
451,165.06597500006137,0.0,7,"[231, 289, 270, 276, 288, 310, 333]","[[201.32083129882812, 191.3591766357422, 555.6895141601562, 1045.4158935546875], [1399.6544189453125, 446.4562072753906, 1476.3172607421875, 646.6547241210938], [1181.370361328125, 390.3215637207031, 1294.6187744140625, 735.2269287109375], [1731.7637939453125, 408.8081359863281, 1798.275634765625, 630.9230346679688], [10.240100860595703, 269.06964111328125, 276.95458984375, 926.6118774414062], [1757.3707275390625, 401.8192138671875, 1911.332275390625, 676.4611206054688], [1858.955322265625, 387.2357177734375, 1919.3438720703125, 669.3363647460938]]","[0.91259765625, 0.55126953125, 0.81787109375, 0.6181640625, 0.89501953125, 0.71142578125, 0.6162109375]","[[378.5051727294922, 1045.4158935546875], [1437.98583984375, 646.6547241210938], [1237.9945678710938, 735.2269287109375], [1765.0197143554688, 630.9230346679688], [143.59734535217285, 926.6118774414062], [1834.3515014648438, 676.4611206054688], [1889.1495971679688, 669.3363647460938]]",425394176,410927104,425394176,640,yolo26s_int8_640_ncnn_model,MOT17-09
452,165.3188450000016,0.0,7,"[231, 289, 270, 276, 288, 310, 333]","[[191.1609344482422, 182.4713592529297, 557.2764892578125, 1047.251220703125], [1404.8453369140625, 449.8750915527344, 1478.4224853515625, 646.3860473632812], [1190.261962890625, 391.8134460449219, 1307.4302978515625, 734.4192504882812], [1731.8101806640625, 403.15887451171875, 1798.76611328125, 626.7163696289062], [9.80997085571289, 273.751220703125, 269.025390625, 912.5851440429688], [1757.4720458984375, 400.8966979980469, 1909.8992919921875, 676.58251953125], [1854.6224365234375, 387.4594421386719, 1916.11865234375, 669.2786865234375]]","[0.90234375, 0.697265625, 0.81396484375, 0.61376953125, 0.86328125, 0.6953125, 0.6689453125]","[[374.21871185302734, 1047.251220703125], [1441.6339111328125, 646.3860473632812], [1248.8461303710938, 734.4192504882812], [1765.2881469726562, 626.7163696289062], [139.41768074035645, 912.5851440429688], [1833.6856689453125, 676.58251953125], [1885.3705444335938, 669.2786865234375]]",425394176,410927104,425394176,640,yolo26s_int8_640_ncnn_model,MOT17-09
453,196.1472639998192,0.0,7,"[231, 289, 270, 276, 288, 310, 333]","[[178.2735595703125, 180.86190795898438, 553.4664916992188, 1055.7789306640625], [1408.15966796875, 445.7350158691406, 1481.5213623046875, 645.775146484375], [1193.7730712890625, 391.2762756347656, 1315.1348876953125, 733.1779174804688], [1732.7364501953125, 412.8123474121094, 1793.88037109375, 617.509033203125], [21.75597381591797, 270.0433654785156, 277.1343688964844, 909.7854614257812], [1751.0677490234375, 396.34161376953125, 1901.8721923828125, 676.8663330078125], [1850.375, 388.890869140625, 1912.1197509765625, 662.1209106445312]]","[0.8974609375, 0.66064453125, 0.8251953125, 0.49365234375, 0.74853515625, 0.66845703125, 0.7080078125]","[[365.8700256347656, 1055.7789306640625], [1444.8405151367188, 645.775146484375], [1254.4539794921875, 733.1779174804688], [1763.3084106445312, 617.509033203125], [149.44517135620117, 909.7854614257812], [1826.469970703125, 676.8663330078125], [1881.2473754882812, 662.1209106445312]]",425394176,410927104,425394176,640,yolo26s_int8_640_ncnn_model,MOT17-09
454,164.58421500010445,0.0,7,"[231, 289, 270, 276, 288, 310, 128]","[[162.4859619140625, 178.6579132080078, 541.529052734375, 1052.744873046875], [1414.69775390625, 447.6432800292969, 1486.9921875, 646.0359497070312], [1193.33740234375, 390.75103759765625, 1318.97900390625, 734.0479736328125], [1730.9991455078125, 414.77777099609375, 1789.5823974609375, 611.7924194335938], [37.81365203857422, 276.4139099121094, 284.4808349609375, 909.9270629882812], [1747.7974853515625, 396.1177978515625, 1893.7783203125, 675.48583984375], [1829.5643310546875, 389.5364685058594, 1920.0, 668.9415893554688]]","[0.8857421875, 0.5791015625, 0.8154296875, 0.386474609375, 0.623046875, 0.5712890625, 0.6162109375]","[[352.00750732421875, 1052.744873046875], [1450.844970703125, 646.0359497070312], [1256.158203125, 734.0479736328125], [1760.290771484375, 611.7924194335938], [161.14724349975586, 909.9270629882812], [1820.7879028320312, 675.48583984375], [1874.7821655273438, 668.9415893554688]]",425394176,410927104,425394176,640,yolo26s_int8_640_ncnn_model,MOT17-09
455,165.03012299995135,0.0,7,"[231, 289, 270, 288, 310, 348, 128]","[[143.48057556152344, 168.8638458251953, 524.0911254882812, 1050.5904541015625], [1418.4573974609375, 446.6592712402344, 1490.4732666015625, 647.8662719726562], [1199.8592529296875, 391.99273681640625, 1327.052490234375, 730.9357299804688], [38.98823928833008, 279.4805603027344, 283.96820068359375, 911.41796875], [1733.29052734375, 396.0633850097656, 1876.2095947265625, 674.94580078125], [1888.6573486328125, 421.875, 1914.142578125, 618.5250244140625], [1825.40478515625, 391.4916687011719, 1920.0, 676.5680541992188]]","[0.84326171875, 0.54345703125, 0.8359375, 0.3212890625, 0.54833984375, 0.5146484375, 0.52099609375]","[[333.78585052490234, 1050.5904541015625], [1454.46533203125, 647.8662719726562], [1263.4558715820312, 730.9357299804688], [161.4782199859619, 911.41796875], [1804.7500610351562, 674.94580078125], [1901.3999633789062, 618.5250244140625], [1872.702392578125, 676.5680541992188]]",425394176,410927104,425394176,640,yolo26s_int8_640_ncnn_model,MOT17-09
456,164.7527520001404,0.0,6,"[231, 289, 270, 310, 348, 128]","[[98.54803466796875, 159.8578338623047, 485.17633056640625, 1056.9378662109375], [1425.5341796875, 448.75762939453125, 1496.687744140625, 648.0556030273438], [1204.4273681640625, 391.3876953125, 1333.2515869140625, 730.8410034179688], [1723.5977783203125, 398.05072021484375, 1861.9888916015625, 676.7218627929688], [1886.2457275390625, 421.5802001953125, 1912.781005859375, 624.0079956054688], [1819.8287353515625, 394.3360900878906, 1916.0494384765625, 673.6758422851562]]","[0.90478515625, 0.6669921875, 0.83056640625, 0.6650390625, 0.54833984375, 0.58154296875]","[[291.8621826171875, 1056.9378662109375], [1461.1109619140625, 648.0556030273438], [1268.8394775390625, 730.8410034179688], [1792.7933349609375, 676.7218627929688], [1899.5133666992188, 624.0079956054688], [1867.9390869140625, 673.6758422851562]]",425394176,410927104,425394176,640,yolo26s_int8_640_ncnn_model,MOT17-09
457,164.86038199991526,0.0,6,"[231, 289, 270, 310, 348, 128]","[[80.21266174316406, 151.42181396484375, 463.0107421875, 1058.4796142578125], [1431.052734375, 448.33294677734375, 1501.8555908203125, 647.371337890625], [1210.6063232421875, 387.8661804199219, 1340.4715576171875, 727.1165161132812], [1717.5234375, 398.5736083984375, 1847.3577880859375, 670.699462890625], [1882.849853515625, 423.516357421875, 1909.7503662109375, 623.7296752929688], [1813.890625, 394.89306640625, 1911.3370361328125, 673.1019897460938]]","[0.64892578125, 0.69189453125, 0.84326171875, 0.58837890625, 0.52197265625, 0.447998046875]","[[271.61170196533203, 1058.4796142578125], [1466.4541625976562, 647.371337890625], [1275.5389404296875, 727.1165161132812], [1782.4406127929688, 670.699462890625], [1896.3001098632812, 623.7296752929688], [1862.6138305664062, 673.1019897460938]]",425394176,410927104,425394176,640,yolo26s_int8_640_ncnn_model,MOT17-09
458,165.3854560001946,0.0,6,"[231, 289, 270, 310, 348, 128]","[[38.252750396728516, 152.9771728515625, 418.1430358886719, 1056.2105712890625], [1435.40234375, 447.6789245605469, 1506.1641845703125, 647.5997314453125], [1222.4423828125, 384.7605285644531, 1351.0045166015625, 724.5376586914062], [1710.4031982421875, 398.28594970703125, 1838.9578857421875, 676.9103393554688], [1882.3089599609375, 425.27850341796875, 1911.2056884765625, 635.90478515625], [1809.9794921875, 393.82952880859375, 1909.31689453125, 672.1627807617188]]","[0.89453125, 0.67822265625, 0.76708984375, 0.70849609375, 0.544921875, 0.64794921875]","[[228.1978931427002, 1056.2105712890625], [1470.7832641601562, 647.5997314453125], [1286.7234497070312, 724.5376586914062], [1774.6805419921875, 676.9103393554688], [1896.75732421875, 635.90478515625], [1859.648193359375, 672.1627807617188]]",425394176,410927104,425394176,640,yolo26s_int8_640_ncnn_model,MOT17-09
459,166.0854389999713,0.0,6,"[231, 289, 270, 310, 348, 128]","[[9.839235305786133, 142.95518493652344, 392.97467041015625, 1058.104248046875], [1438.5675048828125, 447.4351806640625, 1507.9234619140625, 643.7249755859375], [1233.59228515625, 380.5894775390625, 1365.562255859375, 736.5947265625], [1704.05712890625, 401.8800354003906, 1829.966796875, 682.4014892578125], [1880.6622314453125, 425.02801513671875, 1911.126220703125, 641.6239013671875], [1799.321044921875, 391.418212890625, 1899.8768310546875, 671.8355712890625]]","[0.80712890625, 0.67333984375, 0.736328125, 0.73388671875, 0.57177734375, 0.6591796875]","[[201.4069528579712, 1058.104248046875], [1473.2454833984375, 643.7249755859375], [1299.5772705078125, 736.5947265625], [1767.011962890625, 682.4014892578125], [1895.8942260742188, 641.6239013671875], [1849.5989379882812, 671.8355712890625]]",425394176,410927104,425394176,640,yolo26s_int8_640_ncnn_model,MOT17-09
460,164.54943799999455,0.0,8,"[231, 289, 270, 310, 348, 128, 319, 147]","[[8.863576889038086, 140.0260009765625, 386.7300109863281, 1056.9903564453125], [1440.039306640625, 452.084716796875, 1509.9228515625, 645.4832763671875], [1241.19091796875, 377.3351745605469, 1369.07763671875, 725.20751953125], [1695.2674560546875, 404.74249267578125, 1817.4857177734375, 677.0830688476562], [1882.371826171875, 425.9215087890625, 1913.0452880859375, 639.304443359375], [1785.57275390625, 389.51055908203125, 1886.3284912109375, 671.7364501953125], [1840.9290771484375, 423.3255615234375, 1890.81982421875, 629.5366821289062], [1783.1759033203125, 404.453369140625, 1868.4449462890625, 646.1027221679688]]","[0.81640625, 0.66162109375, 0.70751953125, 0.55615234375, 0.6064453125, 0.3896484375, 0.52294921875, 0.32958984375]","[[197.7967939376831, 1056.9903564453125], [1474.9810791015625, 645.4832763671875], [1305.13427734375, 725.20751953125], [1756.3765869140625, 677.0830688476562], [1897.7085571289062, 639.304443359375], [1835.9506225585938, 671.7364501953125], [1865.8744506835938, 629.5366821289062], [1825.8104248046875, 646.1027221679688]]",425394176,410927104,425394176,640,yolo26s_int8_640_ncnn_model,MOT17-09
461,165.3474570000526,0.0,7,"[231, 289, 270, 310, 348, 319, 147]","[[0.0, 137.12181091308594, 374.1317138671875, 1063.3009033203125], [1444.05712890625, 450.3278503417969, 1515.8651123046875, 645.649658203125], [1246.4622802734375, 373.8330383300781, 1377.1572265625, 734.9633178710938], [1684.903564453125, 409.58416748046875, 1806.1978759765625, 675.2522583007812], [1885.0291748046875, 427.2433776855469, 1915.477783203125, 636.0761108398438], [1837.572509765625, 421.5483093261719, 1889.599365234375, 635.5886840820312], [1778.0562744140625, 395.011474609375, 1864.6932373046875, 646.5962524414062]]","[0.85205078125, 0.7177734375, 0.7685546875, 0.69482421875, 0.61474609375, 0.59521484375, 0.358642578125]","[[187.06585693359375, 1063.3009033203125], [1479.9611206054688, 645.649658203125], [1311.8097534179688, 734.9633178710938], [1745.5507202148438, 675.2522583007812], [1900.2534790039062, 636.0761108398438], [1863.5859375, 635.5886840820312], [1821.374755859375, 646.5962524414062]]",425394176,410927104,425394176,640,yolo26s_int8_640_ncnn_model,MOT17-09
462,170.3195909999522,0.0,8,"[231, 289, 270, 310, 348, 319, 147, 358]","[[0.0, 136.17254638671875, 351.994140625, 1060.6932373046875], [1444.5792236328125, 448.1802062988281, 1518.78955078125, 645.216796875], [1253.8104248046875, 376.4700012207031, 1380.263671875, 728.7944946289062], [1672.429443359375, 404.0756530761719, 1799.052734375, 675.8220825195312], [1885.3453369140625, 429.74505615234375, 1915.5177001953125, 633.6943359375], [1834.776123046875, 419.4957275390625, 1889.02587890625, 636.100830078125], [1768.263671875, 391.8829040527344, 1859.728515625, 667.77294921875], [275.5220031738281, 290.5874938964844, 445.00299072265625, 873.7125244140625]]","[0.88427734375, 0.681640625, 0.71728515625, 0.71435546875, 0.60888671875, 0.62744140625, 0.490966796875, 0.50830078125]","[[175.9970703125, 1060.6932373046875], [1481.6843872070312, 645.216796875], [1317.0370483398438, 728.7944946289062], [1735.7410888671875, 675.8220825195312], [1900.4315185546875, 633.6943359375], [1861.9010009765625, 636.100830078125], [1813.99609375, 667.77294921875], [360.2624969482422, 873.7125244140625]]",425394176,410927104,425394176,640,yolo26s_int8_640_ncnn_model,MOT17-09
463,164.89125299995067,0.0,8,"[231, 289, 270, 310, 348, 319, 147, 358]","[[0.0, 139.4307098388672, 340.70574951171875, 1065.95751953125], [1448.133056640625, 443.90374755859375, 1524.153076171875, 644.5595092773438], [1263.3992919921875, 381.28411865234375, 1385.8277587890625, 724.6573486328125], [1663.6070556640625, 404.2684631347656, 1793.111083984375, 674.7955932617188], [1887.773193359375, 432.4088134765625, 1915.2684326171875, 614.505126953125], [1830.9510498046875, 419.94366455078125, 1887.4713134765625, 636.023681640625], [1761.5936279296875, 391.8915710449219, 1853.190673828125, 670.9085083007812], [263.4171142578125, 290.7611999511719, 432.6725769042969, 867.516845703125]]","[0.90625, 0.5634765625, 0.7998046875, 0.75537109375, 0.42236328125, 0.70361328125, 0.5244140625, 0.79052734375]","[[170.35287475585938, 1065.95751953125], [1486.14306640625, 644.5595092773438], [1324.613525390625, 724.6573486328125], [1728.3590698242188, 674.7955932617188], [1901.5208129882812, 614.505126953125], [1859.211181640625, 636.023681640625], [1807.3921508789062, 670.9085083007812], [348.0448455810547, 867.516845703125]]",425394176,410927104,425394176,640,yolo26s_int8_640_ncnn_model,MOT17-09
464,165.6365310000183,0.0,8,"[231, 289, 270, 310, 348, 319, 147, 358]","[[0.0, 137.85836791992188, 335.8060302734375, 1065.8853759765625], [1451.8870849609375, 448.9342956542969, 1527.44873046875, 645.5431518554688], [1273.9459228515625, 384.8595275878906, 1394.3203125, 721.393798828125], [1656.302001953125, 405.8231201171875, 1787.4224853515625, 673.9056396484375], [1890.841552734375, 438.63043212890625, 1915.1302490234375, 595.5278930664062], [1828.7333984375, 421.1211853027344, 1887.4931640625, 636.9540405273438], [1754.804443359375, 393.7115478515625, 1846.76806640625, 675.224365234375], [249.7440948486328, 292.8746337890625, 422.3672790527344, 869.2756958007812]]","[0.90869140625, 0.58935546875, 0.7919921875, 0.74267578125, 0.41162109375, 0.72607421875, 0.5302734375, 0.84765625]","[[167.90301513671875, 1065.8853759765625], [1489.6679077148438, 645.5431518554688], [1334.1331176757812, 721.393798828125], [1721.8622436523438, 673.9056396484375], [1902.9859008789062, 595.5278930664062], [1858.11328125, 636.9540405273438], [1800.7862548828125, 675.224365234375], [336.0556869506836, 869.2756958007812]]",425394176,410927104,425394176,640,yolo26s_int8_640_ncnn_model,MOT17-09
465,164.35101100000793,0.0,8,"[231, 289, 270, 310, 348, 319, 147, 358]","[[0.0, 136.8892822265625, 327.77777099609375, 1068.208740234375], [1455.9315185546875, 448.9064636230469, 1531.718017578125, 645.927978515625], [1285.0372314453125, 391.1965637207031, 1403.7139892578125, 721.2374267578125], [1651.224609375, 408.64154052734375, 1782.182373046875, 673.3255004882812], [1892.6893310546875, 444.5007629394531, 1916.4493408203125, 596.2852172851562], [1827.708251953125, 427.5197448730469, 1887.6063232421875, 637.2828369140625], [1749.78369140625, 395.2303161621094, 1842.743408203125, 679.01513671875], [241.8686981201172, 295.7746276855469, 423.84466552734375, 889.1683959960938]]","[0.91748046875, 0.591796875, 0.75634765625, 0.720703125, 0.414794921875, 0.7041015625, 0.701171875, 0.86328125]","[[163.88888549804688, 1068.208740234375], [1493.8247680664062, 645.927978515625], [1344.3756103515625, 721.2374267578125], [1716.7034912109375, 673.3255004882812], [1904.5693359375, 596.2852172851562], [1857.6572875976562, 637.2828369140625], [1796.2635498046875, 679.01513671875], [332.85668182373047, 889.1683959960938]]",425394176,410927104,425394176,640,yolo26s_int8_640_ncnn_model,MOT17-09
466,164.97506800010342,0.0,8,"[231, 289, 270, 310, 348, 319, 147, 358]","[[0.0, 129.73680114746094, 317.227294921875, 1068.991455078125], [1460.601806640625, 445.4253845214844, 1535.83740234375, 643.5927734375], [1292.96240234375, 395.0311584472656, 1410.768798828125, 721.7400512695312], [1650.8026123046875, 411.4297790527344, 1781.287109375, 672.3663330078125], [1896.217529296875, 448.941162109375, 1918.14208984375, 587.5654907226562], [1827.85009765625, 423.197509765625, 1891.0455322265625, 637.126708984375], [1751.953857421875, 401.46435546875, 1840.98193359375, 672.885009765625], [246.65428161621094, 299.09173583984375, 433.4377746582031, 894.3048706054688]]","[0.90771484375, 0.61572265625, 0.7578125, 0.63427734375, 0.378662109375, 0.70703125, 0.5634765625, 0.84619140625]","[[158.6136474609375, 1068.991455078125], [1498.2196044921875, 643.5927734375], [1351.8656005859375, 721.7400512695312], [1716.0448608398438, 672.3663330078125], [1907.1798095703125, 587.5654907226562], [1859.4478149414062, 637.126708984375], [1796.4678955078125, 672.885009765625], [340.04602813720703, 894.3048706054688]]",425394176,410927104,425394176,640,yolo26s_int8_640_ncnn_model,MOT17-09
467,165.21438200015837,0.0,8,"[231, 289, 270, 310, 348, 319, 147, 358]","[[0.0, 126.63290405273438, 299.87982177734375, 1072.6370849609375], [1466.3612060546875, 444.8575744628906, 1541.0228271484375, 643.9498291015625], [1298.821533203125, 399.161376953125, 1415.834228515625, 723.2274780273438], [1648.2698974609375, 411.44085693359375, 1777.8465576171875, 672.0181884765625], [1898.043212890625, 448.6581726074219, 1918.0374755859375, 573.393310546875], [1829.6043701171875, 422.83416748046875, 1894.5174560546875, 636.8082885742188], [1755.329833984375, 407.4688720703125, 1841.8189697265625, 670.851318359375], [256.4113464355469, 291.76177978515625, 448.6630554199219, 893.7182006835938]]","[0.876953125, 0.677734375, 0.7744140625, 0.5341796875, 0.3857421875, 0.72119140625, 0.461669921875, 0.8583984375]","[[149.93991088867188, 1072.6370849609375], [1503.6920166015625, 643.9498291015625], [1357.327880859375, 723.2274780273438], [1713.0582275390625, 672.0181884765625], [1908.0403442382812, 573.393310546875], [1862.0609130859375, 636.8082885742188], [1798.5744018554688, 670.851318359375], [352.5372009277344, 893.7182006835938]]",425394176,410927104,425394176,640,yolo26s_int8_640_ncnn_model,MOT17-09
468,164.27180699997734,0.0,8,"[231, 289, 270, 310, 319, 147, 358, 128]","[[0.0, 122.62178039550781, 263.0860900878906, 1070.9844970703125], [1472.3358154296875, 445.397705078125, 1546.80419921875, 645.3287963867188], [1304.8114013671875, 400.8858947753906, 1421.280517578125, 723.5692749023438], [1636.730224609375, 410.6654968261719, 1763.6480712890625, 672.6483764648438], [1831.7923583984375, 425.913330078125, 1898.2177734375, 637.4082641601562], [1755.5015869140625, 411.236328125, 1841.276611328125, 670.531982421875], [276.5889587402344, 292.0329895019531, 466.4974670410156, 882.078125], [1774.3348388671875, 405.61834716796875, 1849.4217529296875, 620.2758178710938]]","[0.87841796875, 0.625, 0.8125, 0.54248046875, 0.74072265625, 0.317138671875, 0.83935546875, 0.583984375]","[[131.5430450439453, 1070.9844970703125], [1509.5700073242188, 645.3287963867188], [1363.0459594726562, 723.5692749023438], [1700.1891479492188, 672.6483764648438], [1865.0050659179688, 637.4082641601562], [1798.3890991210938, 670.531982421875], [371.543212890625, 882.078125], [1811.8782958984375, 620.2758178710938]]",425394176,410927104,425394176,640,yolo26s_int8_640_ncnn_model,MOT17-09
469,165.4387900000529,0.0,8,"[231, 289, 270, 310, 319, 147, 358, 128]","[[0.0, 110.38152313232422, 235.492919921875, 1059.4190673828125], [1478.13330078125, 449.322021484375, 1551.07958984375, 646.1030883789062], [1310.61328125, 400.45794677734375, 1425.1297607421875, 720.7225952148438], [1625.116455078125, 408.36083984375, 1756.1199951171875, 688.7947387695312], [1833.9835205078125, 426.0843505859375, 1902.15380859375, 637.6175537109375], [1740.6287841796875, 408.90924072265625, 1830.1512451171875, 672.1126708984375], [290.4218444824219, 294.3184814453125, 477.99517822265625, 874.34716796875], [1771.9588623046875, 405.9776306152344, 1845.9244384765625, 619.294189453125]]","[0.87060546875, 0.57421875, 0.80126953125, 0.544921875, 0.72314453125, 0.556640625, 0.837890625, 0.62158203125]","[[117.7464599609375, 1059.4190673828125], [1514.6064453125, 646.1030883789062], [1367.8715209960938, 720.7225952148438], [1690.6182250976562, 688.7947387695312], [1868.0686645507812, 637.6175537109375], [1785.3900146484375, 672.1126708984375], [384.20851135253906, 874.34716796875], [1808.941650390625, 619.294189453125]]",425394176,410927104,425394176,640,yolo26s_int8_640_ncnn_model,MOT17-09
470,188.88211000012234,0.0,8,"[231, 289, 270, 310, 319, 147, 358, 128]","[[0.0, 112.02215576171875, 209.35752868652344, 1060.615234375], [1483.4371337890625, 452.32080078125, 1555.20361328125, 645.8992309570312], [1317.8343505859375, 393.96990966796875, 1430.9119873046875, 714.9318237304688], [1620.6036376953125, 409.6780090332031, 1742.138916015625, 677.1046752929688], [1834.2181396484375, 424.6473083496094, 1904.1201171875, 638.1765747070312], [1723.5758056640625, 408.2865905761719, 1817.8651123046875, 670.450927734375], [302.9657897949219, 298.2152404785156, 488.6740417480469, 869.435791015625], [1774.4393310546875, 412.6258239746094, 1845.7677001953125, 618.5367431640625]]","[0.876953125, 0.59375, 0.8115234375, 0.6875, 0.71826171875, 0.6982421875, 0.85546875, 0.72119140625]","[[104.67876434326172, 1060.615234375], [1519.3203735351562, 645.8992309570312], [1374.3731689453125, 714.9318237304688], [1681.3712768554688, 677.1046752929688], [1869.1691284179688, 638.1765747070312], [1770.720458984375, 670.450927734375], [395.8199157714844, 869.435791015625], [1810.103515625, 618.5367431640625]]",425394176,410927104,425394176,640,yolo26s_int8_640_ncnn_model,MOT17-09
471,165.49103100010143,0.0,9,"[231, 289, 270, 310, 319, 147, 358, 128, 367]","[[0.0, 136.5057830810547, 186.7559051513672, 1061.0426025390625], [1486.539794921875, 453.18548583984375, 1558.275146484375, 647.068115234375], [1323.4913330078125, 388.27239990234375, 1437.5382080078125, 715.0630493164062], [1610.416259765625, 409.4374694824219, 1729.8011474609375, 683.048095703125], [1834.677001953125, 427.5571594238281, 1904.38916015625, 637.8778686523438], [1712.3529052734375, 411.5195617675781, 1810.10400390625, 671.2544555664062], [313.90185546875, 292.8539733886719, 500.04827880859375, 862.1695556640625], [1774.9976806640625, 415.45111083984375, 1846.3297119140625, 622.091796875], [116.98672485351562, 523.125, 193.10076904296875, 742.875]]","[0.794921875, 0.474853515625, 0.7880859375, 0.6220703125, 0.7763671875, 0.74951171875, 0.86474609375, 0.64892578125, 0.4013671875]","[[93.3779525756836, 1061.0426025390625], [1522.407470703125, 647.068115234375], [1380.5147705078125, 715.0630493164062], [1670.1087036132812, 683.048095703125], [1869.5330810546875, 637.8778686523438], [1761.2284545898438, 671.2544555664062], [406.9750671386719, 862.1695556640625], [1810.6636962890625, 622.091796875], [155.0437469482422, 742.875]]",425394176,410927104,425394176,640,yolo26s_int8_640_ncnn_model,MOT17-09
472,164.99417900013214,0.0,9,"[289, 270, 310, 319, 147, 358, 128, 367, 369]","[[1493.43408203125, 451.5018615722656, 1566.29833984375, 645.5112915039062], [1329.36474609375, 389.59893798828125, 1441.71826171875, 713.6744384765625], [1600.7740478515625, 409.83447265625, 1715.789306640625, 682.7435302734375], [1837.3343505859375, 432.89617919921875, 1905.8690185546875, 636.4985961914062], [1703.3236083984375, 409.0191650390625, 1804.2657470703125, 670.282470703125], [327.48663330078125, 296.936279296875, 512.3554077148438, 859.5543212890625], [1777.4306640625, 414.5858459472656, 1848.55810546875, 621.1478271484375], [115.4162826538086, 519.4010620117188, 192.408203125, 742.015625], [1164.2374267578125, 470.0249938964844, 1196.16259765625, 636.9749755859375]]","[0.6220703125, 0.76953125, 0.6162109375, 0.77294921875, 0.69287109375, 0.853515625, 0.65283203125, 0.273193359375, 0.343994140625]","[[1529.8662109375, 645.5112915039062], [1385.54150390625, 713.6744384765625], [1658.2816772460938, 682.7435302734375], [1871.6016845703125, 636.4985961914062], [1753.794677734375, 670.282470703125], [419.9210205078125, 859.5543212890625], [1812.994384765625, 621.1478271484375], [153.9122428894043, 742.015625], [1180.2000122070312, 636.9749755859375]]",425394176,410927104,425394176,640,yolo26s_int8_640_ncnn_model,MOT17-09
473,165.577439000117,0.0,9,"[289, 270, 310, 319, 147, 358, 128, 367, 369]","[[1503.90625, 451.84326171875, 1578.9849853515625, 645.9132690429688], [1337.6995849609375, 389.86285400390625, 1448.5335693359375, 712.4566040039062], [1596.468994140625, 414.17694091796875, 1703.7579345703125, 674.4293212890625], [1840.2523193359375, 436.14007568359375, 1908.41162109375, 636.7188110351562], [1691.687744140625, 406.0976257324219, 1794.77392578125, 669.8920288085938], [344.483154296875, 300.46685791015625, 532.6813354492188, 864.7337036132812], [1778.9063720703125, 412.6567687988281, 1850.984375, 622.4293212890625], [105.36088562011719, 485.5159912109375, 194.7615966796875, 744.3177490234375], [1169.0948486328125, 467.58868408203125, 1202.2105712890625, 639.4113159179688]]","[0.51220703125, 0.771484375, 0.58984375, 0.767578125, 0.65283203125, 0.86474609375, 0.64892578125, 0.2998046875, 0.3662109375]","[[1541.4456176757812, 645.9132690429688], [1393.1165771484375, 712.4566040039062], [1650.1134643554688, 674.4293212890625], [1874.3319702148438, 636.7188110351562], [1743.2308349609375, 669.8920288085938], [438.5822448730469, 864.7337036132812], [1814.9453735351562, 622.4293212890625], [150.06124114990234, 744.3177490234375], [1185.6527099609375, 639.4113159179688]]",425394176,410927104,425394176,640,yolo26s_int8_640_ncnn_model,MOT17-09
474,164.86578900003224,0.0,8,"[289, 270, 310, 319, 147, 358, 128, 369]","[[1505.3492431640625, 448.98223876953125, 1581.92529296875, 643.0860595703125], [1344.6153564453125, 388.9656677246094, 1454.733154296875, 712.0505981445312], [1590.6365966796875, 415.5679931640625, 1696.1456298828125, 677.5114135742188], [1843.324462890625, 437.79608154296875, 1911.2589111328125, 635.2880859375], [1679.4371337890625, 401.2969055175781, 1783.5653076171875, 668.4896240234375], [361.4302673339844, 297.34796142578125, 555.9985961914062, 869.0860595703125], [1780.968994140625, 417.9422302246094, 1852.447998046875, 626.9944458007812], [1173.6512451171875, 461.5951843261719, 1209.350830078125, 643.1021728515625]]","[0.30615234375, 0.8037109375, 0.63720703125, 0.75537109375, 0.59130859375, 0.845703125, 0.701171875, 0.513671875]","[[1543.6372680664062, 643.0860595703125], [1399.6742553710938, 712.0505981445312], [1643.39111328125, 677.5114135742188], [1877.2916870117188, 635.2880859375], [1731.501220703125, 668.4896240234375], [458.7144317626953, 869.0860595703125], [1816.70849609375, 626.9944458007812], [1191.5010375976562, 643.1021728515625]]",425394176,410927104,425394176,640,yolo26s_int8_640_ncnn_model,MOT17-09
475,165.43634599997858,0.0,8,"[289, 270, 310, 319, 147, 358, 128, 369]","[[1506.9222412109375, 446.40716552734375, 1585.564208984375, 643.5110473632812], [1355.4605712890625, 391.6110534667969, 1464.189208984375, 708.9642333984375], [1577.213134765625, 418.7869567871094, 1681.2308349609375, 674.9010620117188], [1844.40234375, 437.3541259765625, 1912.249267578125, 632.7420654296875], [1666.1644287109375, 402.68914794921875, 1766.6463623046875, 665.7262573242188], [376.34320068359375, 300.01513671875, 573.8267211914062, 862.8892822265625], [1785.4237060546875, 417.34356689453125, 1857.4488525390625, 628.26171875], [1182.7513427734375, 464.3209228515625, 1219.0362548828125, 641.8004760742188]]","[0.53857421875, 0.8173828125, 0.6767578125, 0.76171875, 0.6064453125, 0.87744140625, 0.73388671875, 0.59814453125]","[[1546.2432250976562, 643.5110473632812], [1409.8248901367188, 708.9642333984375], [1629.2219848632812, 674.9010620117188], [1878.3258056640625, 632.7420654296875], [1716.4053955078125, 665.7262573242188], [475.0849609375, 862.8892822265625], [1821.436279296875, 628.26171875], [1200.893798828125, 641.8004760742188]]",425394176,410927104,425394176,640,yolo26s_int8_640_ncnn_model,MOT17-09
476,166.35481000002983,0.0,8,"[289, 270, 310, 319, 147, 358, 128, 369]","[[1505.006103515625, 443.9659729003906, 1585.16552734375, 643.1861572265625], [1367.5318603515625, 393.3631896972656, 1477.180419921875, 707.1023559570312], [1571.1654052734375, 422.22247314453125, 1675.298095703125, 672.6531982421875], [1845.04736328125, 435.1328430175781, 1914.2452392578125, 632.8069458007812], [1652.9398193359375, 401.77294921875, 1752.9140625, 668.130859375], [390.8865966796875, 300.62689208984375, 596.2884521484375, 866.950439453125], [1785.6689453125, 414.5644226074219, 1858.719482421875, 630.2554321289062], [1186.58154296875, 463.6219787597656, 1224.526123046875, 640.9066772460938]]","[0.44140625, 0.81005859375, 0.72998046875, 0.77001953125, 0.69482421875, 0.890625, 0.73388671875, 0.673828125]","[[1545.0858154296875, 643.1861572265625], [1422.3561401367188, 707.1023559570312], [1623.2317504882812, 672.6531982421875], [1879.6463012695312, 632.8069458007812], [1702.9269409179688, 668.130859375], [493.5875244140625, 866.950439453125], [1822.1942138671875, 630.2554321289062], [1205.5538330078125, 640.9066772460938]]",425394176,410927104,425394176,640,yolo26s_int8_640_ncnn_model,MOT17-09
477,165.54951300008725,0.0,8,"[289, 270, 310, 319, 147, 358, 128, 369]","[[1504.2259521484375, 444.03704833984375, 1584.71533203125, 642.0848388671875], [1376.5587158203125, 397.7566833496094, 1487.9044189453125, 708.7168579101562], [1566.8951416015625, 423.1968994140625, 1671.8155517578125, 670.0657958984375], [1845.2601318359375, 429.5555114746094, 1916.8929443359375, 632.59228515625], [1643.0628662109375, 401.2038879394531, 1743.296630859375, 672.230712890625], [401.03240966796875, 301.6996765136719, 609.522705078125, 861.6329345703125], [1787.5601806640625, 410.7642822265625, 1859.3636474609375, 625.8094482421875], [1188.255126953125, 462.3890686035156, 1228.7218017578125, 641.6056518554688]]","[0.490966796875, 0.8037109375, 0.75537109375, 0.73779296875, 0.7265625, 0.8935546875, 0.71728515625, 0.6025390625]","[[1544.4706420898438, 642.0848388671875], [1432.2315673828125, 708.7168579101562], [1619.3553466796875, 670.0657958984375], [1881.0765380859375, 632.59228515625], [1693.1797485351562, 672.230712890625], [505.2775573730469, 861.6329345703125], [1823.4619140625, 625.8094482421875], [1208.4884643554688, 641.6056518554688]]",425394176,410927104,425394176,640,yolo26s_int8_640_ncnn_model,MOT17-09
478,164.6553819998644,0.0,8,"[289, 270, 310, 319, 147, 358, 128, 369]","[[1508.456298828125, 446.0702819824219, 1585.6146240234375, 637.7103271484375], [1384.4681396484375, 400.872802734375, 1495.7322998046875, 706.8704833984375], [1561.6346435546875, 425.2628173828125, 1668.8209228515625, 671.3935546875], [1845.2083740234375, 428.18927001953125, 1917.9169921875, 632.7669067382812], [1638.518310546875, 408.1277160644531, 1735.06396484375, 669.6043701171875], [407.8760986328125, 305.5738220214844, 618.9423828125, 862.1463623046875], [1788.9473876953125, 407.2894287109375, 1860.9130859375, 626.1195068359375], [1188.4320068359375, 463.287353515625, 1231.2264404296875, 642.5988159179688]]","[0.53466796875, 0.8115234375, 0.70166015625, 0.716796875, 0.7666015625, 0.890625, 0.67919921875, 0.70556640625]","[[1547.0354614257812, 637.7103271484375], [1440.1002197265625, 706.8704833984375], [1615.227783203125, 671.3935546875], [1881.5626831054688, 632.7669067382812], [1686.7911376953125, 669.6043701171875], [513.4092407226562, 862.1463623046875], [1824.9302368164062, 626.1195068359375], [1209.8292236328125, 642.5988159179688]]",425394176,410927104,425394176,640,yolo26s_int8_640_ncnn_model,MOT17-09
479,174.32563300008042,0.0,8,"[289, 270, 310, 319, 147, 358, 128, 369]","[[1513.44677734375, 446.8663635253906, 1588.2418212890625, 638.0722045898438], [1387.7672119140625, 399.9901123046875, 1500.6339111328125, 707.2326049804688], [1560.2957763671875, 428.98065185546875, 1667.6759033203125, 670.9044799804688], [1844.607177734375, 423.7162780761719, 1918.7613525390625, 631.8568115234375], [1636.0006103515625, 411.3484802246094, 1731.4759521484375, 670.0516357421875], [413.80474853515625, 307.2350769042969, 628.6442260742188, 863.1226806640625], [1790.7958984375, 407.2215576171875, 1862.1123046875, 626.9970092773438], [1190.224365234375, 463.6735534667969, 1235.068115234375, 643.9521484375]]","[0.357421875, 0.78955078125, 0.65283203125, 0.6923828125, 0.71142578125, 0.86865234375, 0.69482421875, 0.658203125]","[[1550.8442993164062, 638.0722045898438], [1444.2005615234375, 707.2326049804688], [1613.98583984375, 670.9044799804688], [1881.6842651367188, 631.8568115234375], [1683.73828125, 670.0516357421875], [521.2244873046875, 863.1226806640625], [1826.4541015625, 626.9970092773438], [1212.646240234375, 643.9521484375]]",425394176,410927104,425394176,640,yolo26s_int8_640_ncnn_model,MOT17-09
480,165.61947599984705,0.0,8,"[289, 270, 310, 319, 147, 358, 128, 369]","[[1518.86328125, 441.68585205078125, 1595.3653564453125, 643.7073364257812], [1392.8428955078125, 404.1155090332031, 1505.0301513671875, 706.906005859375], [1552.90625, 427.5379638671875, 1660.6920166015625, 670.4893798828125], [1843.855712890625, 420.8051452636719, 1919.0174560546875, 630.7830200195312], [1633.7696533203125, 416.2705078125, 1727.9757080078125, 668.4609985351562], [412.2007141113281, 310.1796569824219, 629.7322387695312, 863.1409912109375], [1794.4559326171875, 407.94287109375, 1863.5311279296875, 622.652099609375], [1196.390869140625, 460.5682678222656, 1242.74755859375, 642.6531372070312]]","[0.320068359375, 0.7890625, 0.572265625, 0.74267578125, 0.6845703125, 0.88037109375, 0.7021484375, 0.480224609375]","[[1557.1143188476562, 643.7073364257812], [1448.9365234375, 706.906005859375], [1606.7991333007812, 670.4893798828125], [1881.4365844726562, 630.7830200195312], [1680.8726806640625, 668.4609985351562], [520.9664764404297, 863.1409912109375], [1828.9935302734375, 622.652099609375], [1219.5692138671875, 642.6531372070312]]",425394176,410927104,425394176,640,yolo26s_int8_640_ncnn_model,MOT17-09
481,165.99042100006045,0.0,7,"[270, 310, 319, 147, 358, 128, 369]","[[1396.5869140625, 401.3656005859375, 1510.191650390625, 707.0784301757812], [1542.9073486328125, 420.9604187011719, 1651.864990234375, 670.3513793945312], [1844.01171875, 421.6883850097656, 1919.066650390625, 630.3845825195312], [1627.66015625, 413.5736389160156, 1724.5303955078125, 671.3659057617188], [412.16015625, 308.9898376464844, 633.6902465820312, 863.419921875], [1797.3099365234375, 412.97430419921875, 1864.5538330078125, 623.2698974609375], [1199.871337890625, 458.18707275390625, 1248.1082763671875, 643.3893432617188]]","[0.7880859375, 0.64013671875, 0.74462890625, 0.65283203125, 0.8720703125, 0.66650390625, 0.64599609375]","[[1453.3892822265625, 707.0784301757812], [1597.3861694335938, 670.3513793945312], [1881.5391845703125, 630.3845825195312], [1676.0952758789062, 671.3659057617188], [522.9252014160156, 863.419921875], [1830.931884765625, 623.2698974609375], [1223.9898071289062, 643.3893432617188]]",425394176,410927104,425394176,640,yolo26s_int8_640_ncnn_model,MOT17-09
482,167.2372370001085,0.0,7,"[270, 310, 319, 147, 358, 128, 369]","[[1399.09521484375, 401.5566101074219, 1511.507080078125, 703.9396362304688], [1538.6533203125, 417.9904479980469, 1645.57568359375, 669.819091796875], [1844.69140625, 425.7743225097656, 1918.37158203125, 629.5059814453125], [1619.8389892578125, 422.6969909667969, 1717.3193359375, 671.1880493164062], [412.645751953125, 309.1180725097656, 635.9564208984375, 861.925537109375], [1799.952880859375, 415.093017578125, 1867.29833984375, 626.2914428710938], [1204.975830078125, 458.0758972167969, 1253.9375, 642.9016723632812]]","[0.8154296875, 0.6455078125, 0.79052734375, 0.68115234375, 0.85498046875, 0.6689453125, 0.6689453125]","[[1455.3011474609375, 703.9396362304688], [1592.114501953125, 669.819091796875], [1881.531494140625, 629.5059814453125], [1668.5791625976562, 671.1880493164062], [524.3010864257812, 861.925537109375], [1833.6256103515625, 626.2914428710938], [1229.4566650390625, 642.9016723632812]]",425394176,410927104,425394176,640,yolo26s_int8_640_ncnn_model,MOT17-09
483,165.389586999936,0.0,7,"[270, 319, 147, 358, 128, 369, 289]","[[1404.0045166015625, 399.84454345703125, 1514.4315185546875, 698.541748046875], [1847.3248291015625, 429.8511047363281, 1919.635498046875, 629.689453125], [1609.057861328125, 418.3698425292969, 1710.9483642578125, 669.8361206054688], [418.32757568359375, 310.11846923828125, 642.0585327148438, 864.3668823242188], [1802.2894287109375, 420.3335876464844, 1868.8736572265625, 630.90576171875], [1210.7479248046875, 457.34014892578125, 1259.90283203125, 641.4466552734375], [1535.092041015625, 420.74969482421875, 1622.943603515625, 661.0816650390625]]","[0.822265625, 0.78955078125, 0.77587890625, 0.86572265625, 0.69580078125, 0.6591796875, 0.65283203125]","[[1459.218017578125, 698.541748046875], [1883.4801635742188, 629.689453125], [1660.0031127929688, 669.8361206054688], [530.1930541992188, 864.3668823242188], [1835.58154296875, 630.90576171875], [1235.3253784179688, 641.4466552734375], [1579.017822265625, 661.0816650390625]]",425394176,410927104,425394176,640,yolo26s_int8_640_ncnn_model,MOT17-09
484,168.0211259999851,0.0,9,"[270, 319, 147, 358, 128, 369, 289, 288, 310]","[[1408.7230224609375, 397.92626953125, 1518.130615234375, 697.8262939453125], [1848.250732421875, 432.12457275390625, 1920.0, 631.025634765625], [1603.1240234375, 420.235595703125, 1707.0113525390625, 670.8260498046875], [422.2430114746094, 313.9331970214844, 643.4618530273438, 859.8364868164062], [1803.183349609375, 422.5204772949219, 1869.3582763671875, 632.3980102539062], [1216.1448974609375, 458.101318359375, 1265.530517578125, 640.8812255859375], [1534.5162353515625, 420.428955078125, 1621.912353515625, 665.689453125], [0.0, 226.2707061767578, 248.103271484375, 976.5986328125], [1559.414306640625, 413.3779602050781, 1676.25, 670.5038452148438]]","[0.77294921875, 0.77099609375, 0.751953125, 0.857421875, 0.6650390625, 0.6591796875, 0.52734375, 0.87060546875, 0.53515625]","[[1463.4268188476562, 697.8262939453125], [1884.1253662109375, 631.025634765625], [1655.0676879882812, 670.8260498046875], [532.8524322509766, 859.8364868164062], [1836.2708129882812, 632.3980102539062], [1240.8377075195312, 640.8812255859375], [1578.2142944335938, 665.689453125], [124.0516357421875, 976.5986328125], [1617.8321533203125, 670.5038452148438]]",425394176,410927104,425394176,640,yolo26s_int8_640_ncnn_model,MOT17-09
485,165.0831049998942,0.0,8,"[270, 319, 147, 358, 128, 369, 289, 288]","[[1416.468994140625, 394.7136535644531, 1525.039794921875, 698.1119384765625], [1849.89013671875, 434.7010498046875, 1920.0, 631.781494140625], [1595.4918212890625, 419.90802001953125, 1699.52587890625, 668.2047119140625], [434.1250915527344, 309.208740234375, 651.8961181640625, 850.2637939453125], [1803.5035400390625, 423.7892761230469, 1869.4598388671875, 632.4464721679688], [1221.0399169921875, 458.4292297363281, 1271.3780517578125, 641.6572875976562], [1526.3514404296875, 427.83135986328125, 1611.7886962890625, 669.6224975585938], [0.0, 232.85057067871094, 249.5233917236328, 978.1348266601562]]","[0.74658203125, 0.73974609375, 0.732421875, 0.85107421875, 0.66259765625, 0.62890625, 0.46044921875, 0.89208984375]","[[1470.75439453125, 698.1119384765625], [1884.945068359375, 631.781494140625], [1647.5088500976562, 668.2047119140625], [543.0106048583984, 850.2637939453125], [1836.481689453125, 632.4464721679688], [1246.208984375, 641.6572875976562], [1569.070068359375, 669.6224975585938], [124.7616958618164, 978.1348266601562]]",425394176,410927104,425394176,640,yolo26s_int8_640_ncnn_model,MOT17-09
486,164.64201200005846,0.0,8,"[270, 319, 147, 358, 128, 369, 289, 288]","[[1425.30810546875, 391.2786865234375, 1535.1468505859375, 702.4794311523438], [1852.059326171875, 439.8904724121094, 1920.0, 631.8212890625], [1586.5233154296875, 416.5001525878906, 1691.375732421875, 666.462158203125], [449.6206970214844, 314.27203369140625, 659.393798828125, 838.8651733398438], [1803.6737060546875, 424.21142578125, 1869.3565673828125, 632.447509765625], [1226.959716796875, 458.5809631347656, 1279.0606689453125, 642.9370727539062], [1514.09326171875, 427.4222717285156, 1600.872314453125, 670.6094970703125], [0.0, 235.284423828125, 251.20086669921875, 979.73681640625]]","[0.75146484375, 0.73583984375, 0.68017578125, 0.84619140625, 0.640625, 0.72021484375, 0.59765625, 0.9091796875]","[[1480.2274780273438, 702.4794311523438], [1886.0296630859375, 631.8212890625], [1638.9495239257812, 666.462158203125], [554.5072479248047, 838.8651733398438], [1836.51513671875, 632.447509765625], [1253.0101928710938, 642.9370727539062], [1557.4827880859375, 670.6094970703125], [125.60043334960938, 979.73681640625]]",425394176,410927104,425394176,640,yolo26s_int8_640_ncnn_model,MOT17-09
487,185.73857000001226,0.0,8,"[270, 319, 147, 358, 128, 369, 289, 288]","[[1428.2879638671875, 389.2584533691406, 1535.9625244140625, 700.964111328125], [1852.90576171875, 439.78668212890625, 1920.0, 631.8392944335938], [1579.5809326171875, 412.7254333496094, 1684.4622802734375, 666.3141479492188], [460.1910095214844, 313.6190490722656, 665.8086547851562, 833.16015625], [1805.9232177734375, 425.06640625, 1871.0380859375, 631.6863403320312], [1234.14013671875, 458.6626281738281, 1288.527587890625, 642.4224853515625], [1510.0341796875, 430.95074462890625, 1595.9290771484375, 671.173583984375], [0.0, 236.62979125976562, 250.16900634765625, 974.9346313476562]]","[0.66064453125, 0.7529296875, 0.5859375, 0.8330078125, 0.658203125, 0.69921875, 0.591796875, 0.916015625]","[[1482.125244140625, 700.964111328125], [1886.452880859375, 631.8392944335938], [1632.0216064453125, 666.3141479492188], [562.9998321533203, 833.16015625], [1838.4806518554688, 631.6863403320312], [1261.3338623046875, 642.4224853515625], [1552.9816284179688, 671.173583984375], [125.08450317382812, 974.9346313476562]]",425394176,410927104,425394176,640,yolo26s_int8_640_ncnn_model,MOT17-09
488,165.11760599996705,0.0,8,"[270, 319, 147, 358, 128, 369, 289, 288]","[[1432.3145751953125, 388.75494384765625, 1537.7882080078125, 700.1625366210938], [1855.455078125, 439.95904541015625, 1920.0, 630.5986938476562], [1568.654541015625, 413.2735900878906, 1670.8985595703125, 666.267578125], [470.6091003417969, 311.8357238769531, 675.0982666015625, 833.6837158203125], [1806.9398193359375, 424.5889587402344, 1871.419189453125, 629.1417846679688], [1238.574462890625, 462.43890380859375, 1295.946044921875, 646.4326782226562], [1507.7696533203125, 437.2668762207031, 1592.59912109375, 670.3373413085938], [0.0, 231.83319091796875, 252.7786865234375, 967.4191284179688]]","[0.685546875, 0.76416015625, 0.609375, 0.82958984375, 0.6572265625, 0.74951171875, 0.50146484375, 0.8974609375]","[[1485.0513916015625, 700.1625366210938], [1887.7275390625, 630.5986938476562], [1619.7765502929688, 666.267578125], [572.8536834716797, 833.6837158203125], [1839.1795043945312, 629.1417846679688], [1267.26025390625, 646.4326782226562], [1550.1843872070312, 670.3373413085938], [126.38934326171875, 967.4191284179688]]",425394176,410927104,425394176,640,yolo26s_int8_640_ncnn_model,MOT17-09
489,165.12780900006874,0.0,8,"[270, 319, 147, 358, 128, 369, 289, 288]","[[1437.656005859375, 390.32470703125, 1542.12744140625, 703.10400390625], [1856.598388671875, 438.7286071777344, 1920.0, 630.3872680664062], [1557.482177734375, 412.49566650390625, 1657.4573974609375, 667.2523803710938], [477.1799011230469, 308.154052734375, 681.2349243164062, 834.9808349609375], [1809.1270751953125, 424.6134948730469, 1873.668212890625, 628.9329223632812], [1241.562255859375, 464.6217346191406, 1300.9788818359375, 647.1907348632812], [1515.588623046875, 452.1227722167969, 1594.4324951171875, 670.4388427734375], [0.0, 224.83460998535156, 254.31112670898438, 974.7261962890625]]","[0.708984375, 0.7724609375, 0.7060546875, 0.8271484375, 0.701171875, 0.76806640625, 0.34033203125, 0.88330078125]","[[1489.8917236328125, 703.10400390625], [1888.2991943359375, 630.3872680664062], [1607.4697875976562, 667.2523803710938], [579.2074127197266, 834.9808349609375], [1841.3976440429688, 628.9329223632812], [1271.2705688476562, 647.1907348632812], [1555.0105590820312, 670.4388427734375], [127.15556335449219, 974.7261962890625]]",425394176,410927104,425394176,640,yolo26s_int8_640_ncnn_model,MOT17-09
490,164.88360500011368,0.0,8,"[270, 319, 147, 358, 128, 369, 289, 288]","[[1445.4979248046875, 394.3988037109375, 1547.4169921875, 698.8018188476562], [1857.251708984375, 437.4920959472656, 1920.0, 630.0664672851562], [1550.484130859375, 413.6888122558594, 1647.8243408203125, 668.1243286132812], [486.77508544921875, 311.97491455078125, 687.7178344726562, 836.305908203125], [1811.9212646484375, 422.3443298339844, 1876.43505859375, 626.1177368164062], [1243.3165283203125, 460.22857666015625, 1305.7825927734375, 644.7169799804688], [1518.998046875, 444.835205078125, 1598.6300048828125, 668.119384765625], [0.0, 219.1742706298828, 258.1410827636719, 984.4591064453125]]","[0.7578125, 0.7783203125, 0.666015625, 0.822265625, 0.72265625, 0.787109375, 0.375, 0.888671875]","[[1496.4574584960938, 698.8018188476562], [1888.6258544921875, 630.0664672851562], [1599.1542358398438, 668.1243286132812], [587.2464599609375, 836.305908203125], [1844.1781616210938, 626.1177368164062], [1274.549560546875, 644.7169799804688], [1558.8140258789062, 668.119384765625], [129.07054138183594, 984.4591064453125]]",425394176,410927104,425394176,640,yolo26s_int8_640_ncnn_model,MOT17-09
491,165.04217900001095,0.0,8,"[270, 319, 147, 358, 128, 369, 289, 288]","[[1451.69775390625, 394.7240295410156, 1552.6947021484375, 697.4280395507812], [1859.7862548828125, 437.25030517578125, 1920.0, 628.7112426757812], [1547.439208984375, 416.8707580566406, 1641.2374267578125, 665.7333374023438], [496.7076721191406, 313.163818359375, 694.6426391601562, 835.1557006835938], [1814.6722412109375, 422.45843505859375, 1879.661376953125, 628.058837890625], [1245.139892578125, 459.32073974609375, 1310.0164794921875, 645.99462890625], [1518.7540283203125, 438.767333984375, 1597.5859375, 662.830322265625], [6.962411880493164, 212.66477966308594, 268.5443115234375, 980.7578125]]","[0.71875, 0.7734375, 0.6533203125, 0.81787109375, 0.72509765625, 0.7880859375, 0.32958984375, 0.83203125]","[[1502.1962280273438, 697.4280395507812], [1889.8931274414062, 628.7112426757812], [1594.3383178710938, 665.7333374023438], [595.6751556396484, 835.1557006835938], [1847.1668090820312, 628.058837890625], [1277.5781860351562, 645.99462890625], [1558.1699829101562, 662.830322265625], [137.75336170196533, 980.7578125]]",425394176,410927104,425394176,640,yolo26s_int8_640_ncnn_model,MOT17-09
492,165.5512350000663,0.0,7,"[270, 319, 147, 358, 128, 369, 288]","[[1454.5252685546875, 394.5942077636719, 1559.7061767578125, 710.1483154296875], [1861.18212890625, 437.63714599609375, 1920.0, 629.7037963867188], [1539.8995361328125, 418.07598876953125, 1633.8616943359375, 666.826416015625], [504.4964294433594, 312.965087890625, 700.0150146484375, 833.4253540039062], [1815.6748046875, 423.4747619628906, 1880.7958984375, 629.7877197265625], [1247.2034912109375, 458.9872741699219, 1313.824462890625, 646.4676513671875], [14.628768920898438, 218.13522338867188, 276.4704284667969, 971.361083984375]]","[0.6982421875, 0.73779296875, 0.6865234375, 0.8271484375, 0.7509765625, 0.75732421875, 0.65771484375]","[[1507.11572265625, 710.1483154296875], [1890.591064453125, 629.7037963867188], [1586.880615234375, 666.826416015625], [602.2557220458984, 833.4253540039062], [1848.2353515625, 629.7877197265625], [1280.5139770507812, 646.4676513671875], [145.54959869384766, 971.361083984375]]",425394176,410927104,425394176,640,yolo26s_int8_640_ncnn_model,MOT17-09
493,164.72927099994195,0.0,8,"[270, 319, 147, 358, 128, 369, 288, 310]","[[1464.3182373046875, 401.1435546875, 1564.063720703125, 697.5029907226562], [1862.269775390625, 437.2702941894531, 1920.0, 628.5957641601562], [1531.5478515625, 421.4932556152344, 1621.290283203125, 659.2822875976562], [515.5370483398438, 319.5931396484375, 707.2293701171875, 836.0830688476562], [1818.4002685546875, 423.8397216796875, 1882.726318359375, 627.4703979492188], [1251.1446533203125, 458.3807067871094, 1317.6619873046875, 642.1912231445312], [70.49712371826172, 219.3544158935547, 325.9631042480469, 966.6986694335938], [1539.50537109375, 437.6448974609375, 1640.798095703125, 663.8920288085938]]","[0.69677734375, 0.75390625, 0.345458984375, 0.8232421875, 0.7470703125, 0.72705078125, 0.84326171875, 0.51513671875]","[[1514.1909790039062, 697.5029907226562], [1891.1348876953125, 628.5957641601562], [1576.4190673828125, 659.2822875976562], [611.3832092285156, 836.0830688476562], [1850.5632934570312, 627.4703979492188], [1284.4033203125, 642.1912231445312], [198.2301139831543, 966.6986694335938], [1590.1517333984375, 663.8920288085938]]",425394176,410927104,425394176,640,yolo26s_int8_640_ncnn_model,MOT17-09
494,165.51347600011468,0.0,9,"[270, 319, 358, 128, 369, 288, 390, 391, 310]","[[1468.1978759765625, 400.9491882324219, 1567.0225830078125, 693.2079467773438], [1863.0552978515625, 437.8623962402344, 1920.0, 628.4349365234375], [525.8464965820312, 328.91534423828125, 714.1041870117188, 841.2640991210938], [1819.354736328125, 425.7002258300781, 1883.40478515625, 628.8359375], [1256.748046875, 456.6709899902344, 1323.5660400390625, 642.0335693359375], [106.69383239746094, 221.7368927001953, 363.50567626953125, 971.0315551757812], [1591.10009765625, 446.3999938964844, 1648.89990234375, 642.0], [1680.12109375, 473.70001220703125, 1721.87890625, 582.5999755859375], [1534.2889404296875, 433.9936218261719, 1635.4644775390625, 665.2538452148438]]","[0.685546875, 0.72705078125, 0.85400390625, 0.7392578125, 0.6572265625, 0.875, 0.57080078125, 0.31640625, 0.34130859375]","[[1517.6102294921875, 693.2079467773438], [1891.5276489257812, 628.4349365234375], [619.975341796875, 841.2640991210938], [1851.3797607421875, 628.8359375], [1290.1570434570312, 642.0335693359375], [235.0997543334961, 971.0315551757812], [1620.0, 642.0], [1701.0, 582.5999755859375], [1584.876708984375, 665.2538452148438]]",425394176,410927104,425394176,640,yolo26s_int8_640_ncnn_model,MOT17-09
495,164.71723400013616,0.0,9,"[270, 319, 358, 128, 369, 288, 390, 391, 310]","[[1476.5335693359375, 400.1047058105469, 1574.8690185546875, 692.4369506835938], [1864.8203125, 440.0625915527344, 1920.0, 628.3857421875], [537.0764770507812, 332.34613037109375, 725.6373901367188, 845.2427978515625], [1822.0081787109375, 426.6224670410156, 1885.2286376953125, 627.1115112304688], [1266.032958984375, 453.5769348144531, 1332.11474609375, 639.5064697265625], [142.40170288085938, 224.4115447998047, 409.8518981933594, 972.90478515625], [1594.8533935546875, 445.7035827636719, 1652.1107177734375, 639.6785888671875], [1680.24853515625, 474.5107421875, 1721.75146484375, 582.7158203125], [1542.8748779296875, 449.60205078125, 1635.6593017578125, 663.1031494140625]]","[0.6513671875, 0.73583984375, 0.8271484375, 0.75634765625, 0.59521484375, 0.9072265625, 0.49853515625, 0.260009765625, 0.417724609375]","[[1525.7012939453125, 692.4369506835938], [1892.41015625, 628.3857421875], [631.35693359375, 845.2427978515625], [1853.618408203125, 627.1115112304688], [1299.0738525390625, 639.5064697265625], [276.1268005371094, 972.90478515625], [1623.4820556640625, 639.6785888671875], [1701.0, 582.7158203125], [1589.26708984375, 663.1031494140625]]",425394176,410927104,425394176,640,yolo26s_int8_640_ncnn_model,MOT17-09
496,172.15607499997532,0.0,8,"[270, 319, 358, 128, 369, 288, 390, 391]","[[1482.788818359375, 397.5265808105469, 1580.1920166015625, 690.4447631835938], [1866.518798828125, 440.3742980957031, 1920.0, 627.879150390625], [547.665283203125, 335.1636962890625, 732.3929443359375, 838.1537475585938], [1823.00830078125, 427.4404296875, 1885.78564453125, 626.9649047851562], [1272.5391845703125, 451.6837158203125, 1338.9263916015625, 642.2616577148438], [170.17938232421875, 227.81558227539062, 448.9189147949219, 967.2777099609375], [1598.8538818359375, 447.23492431640625, 1655.1090087890625, 638.3242797851562], [1680.5657958984375, 475.3663024902344, 1721.4342041015625, 582.1683349609375]]","[0.62744140625, 0.73876953125, 0.8037109375, 0.7509765625, 0.6181640625, 0.91162109375, 0.487060546875, 0.3037109375]","[[1531.4904174804688, 690.4447631835938], [1893.2593994140625, 627.879150390625], [640.0291137695312, 838.1537475585938], [1854.39697265625, 626.9649047851562], [1305.7327880859375, 642.2616577148438], [309.5491485595703, 967.2777099609375], [1626.9814453125, 638.3242797851562], [1701.0, 582.1683349609375]]",425394176,410927104,425394176,640,yolo26s_int8_640_ncnn_model,MOT17-09
497,164.94099400006235,0.0,10,"[270, 319, 358, 128, 369, 288, 390, 391, 394, 310]","[[1486.4395751953125, 396.5476989746094, 1584.41650390625, 695.7196655273438], [1867.523193359375, 439.97125244140625, 1920.0, 628.198486328125], [556.7542724609375, 334.9938049316406, 743.6107177734375, 845.6376953125], [1823.9473876953125, 428.9656982421875, 1885.310546875, 622.6786499023438], [1279.678466796875, 452.2211608886719, 1344.33056640625, 641.1023559570312], [179.98635864257812, 229.376953125, 474.15478515625, 969.86083984375], [1600.58984375, 444.59765625, 1657.5816650390625, 638.8324584960938], [1680.91162109375, 476.7403869628906, 1721.08837890625, 581.9962158203125], [1448.565185546875, 434.25, 1506.7347412109375, 673.6500244140625], [1546.5948486328125, 448.0072021484375, 1636.1561279296875, 661.0116577148438]]","[0.69482421875, 0.68603515625, 0.8017578125, 0.7626953125, 0.6494140625, 0.921875, 0.476318359375, 0.287353515625, 0.5205078125, 0.3232421875]","[[1535.4280395507812, 695.7196655273438], [1893.7615966796875, 628.198486328125], [650.1824951171875, 845.6376953125], [1854.6289672851562, 622.6786499023438], [1312.0045166015625, 641.1023559570312], [327.07057189941406, 969.86083984375], [1629.0857543945312, 638.8324584960938], [1701.0, 581.9962158203125], [1477.6499633789062, 673.6500244140625], [1591.37548828125, 661.0116577148438]]",425394176,410927104,425394176,640,yolo26s_int8_640_ncnn_model,MOT17-09
498,165.71384700000635,0.0,9,"[270, 319, 358, 128, 369, 288, 390, 391, 394]","[[1489.833251953125, 394.2056579589844, 1589.526123046875, 700.6826782226562], [1868.1983642578125, 440.2992858886719, 1920.0, 628.823974609375], [564.4507446289062, 333.6277770996094, 750.3270874023438, 844.68798828125], [1825.59130859375, 430.00885009765625, 1887.7303466796875, 626.6195678710938], [1288.816650390625, 452.71942138671875, 1352.4129638671875, 641.3978881835938], [185.71417236328125, 242.2475128173828, 488.8109436035156, 968.4718627929688], [1601.64208984375, 448.3468017578125, 1657.678955078125, 639.8523559570312], [1680.72705078125, 476.32513427734375, 1721.27294921875, 582.7749633789062], [1441.0068359375, 431.7590026855469, 1500.786376953125, 677.6909790039062]]","[0.71728515625, 0.70556640625, 0.833984375, 0.7333984375, 0.64501953125, 0.9111328125, 0.391357421875, 0.2685546875, 0.58837890625]","[[1539.6796875, 700.6826782226562], [1894.0991821289062, 628.823974609375], [657.388916015625, 844.68798828125], [1856.6608276367188, 626.6195678710938], [1320.6148071289062, 641.3978881835938], [337.26255798339844, 968.4718627929688], [1629.6605224609375, 639.8523559570312], [1701.0, 582.7749633789062], [1470.8966064453125, 677.6909790039062]]",425394176,410927104,425394176,640,yolo26s_int8_640_ncnn_model,MOT17-09
499,167.194236999876,0.0,9,"[270, 319, 358, 128, 369, 288, 390, 391, 394]","[[1494.8438720703125, 398.22882080078125, 1591.2926025390625, 693.7407836914062], [1869.01220703125, 441.1513671875, 1920.0, 627.328857421875], [573.5240478515625, 340.97491455078125, 753.9485473632812, 840.3495483398438], [1827.244140625, 429.8705139160156, 1889.4722900390625, 626.578125], [1295.431640625, 452.4402160644531, 1359.8040771484375, 642.009033203125], [183.07138061523438, 243.48989868164062, 497.4403076171875, 964.56396484375], [1604.4786376953125, 454.7389221191406, 1659.24560546875, 640.5091552734375], [1680.185791015625, 474.8318786621094, 1721.814208984375, 584.364501953125], [1435.49560546875, 428.0127868652344, 1496.7548828125, 679.7606811523438]]","[0.74560546875, 0.71923828125, 0.837890625, 0.7490234375, 0.681640625, 0.92333984375, 0.326904296875, 0.28515625, 0.59521484375]","[[1543.0682373046875, 693.7407836914062], [1894.506103515625, 627.328857421875], [663.7362976074219, 840.3495483398438], [1858.3582153320312, 626.578125], [1327.6178588867188, 642.009033203125], [340.25584411621094, 964.56396484375], [1631.8621215820312, 640.5091552734375], [1701.0, 584.364501953125], [1466.125244140625, 679.7606811523438]]",425394176,410927104,425394176,640,yolo26s_int8_640_ncnn_model,MOT17-09
500,164.3802159999268,0.0,9,"[270, 319, 358, 128, 369, 288, 390, 391, 394]","[[1503.1317138671875, 400.81048583984375, 1597.0533447265625, 689.0300903320312], [1870.6492919921875, 440.2071838378906, 1920.0, 626.0211791992188], [582.115234375, 347.4365539550781, 756.3811645507812, 833.9443969726562], [1829.061279296875, 429.2870178222656, 1890.8106689453125, 625.0753173828125], [1302.00390625, 455.8130187988281, 1366.990478515625, 642.7363891601562], [186.708251953125, 245.5192413330078, 508.6172180175781, 960.4961547851562], [1610.9385986328125, 452.4431457519531, 1666.8172607421875, 639.9578247070312], [1680.2032470703125, 474.5453186035156, 1721.7967529296875, 584.6639404296875], [1423.3675537109375, 431.1818542480469, 1483.12841796875, 671.620361328125]]","[0.73779296875, 0.64697265625, 0.86328125, 0.71826171875, 0.685546875, 0.91259765625, 0.3037109375, 0.30078125, 0.57861328125]","[[1550.092529296875, 689.0300903320312], [1895.3246459960938, 626.0211791992188], [669.2481994628906, 833.9443969726562], [1859.9359741210938, 625.0753173828125], [1334.4971923828125, 642.7363891601562], [347.66273498535156, 960.4961547851562], [1638.8779296875, 639.9578247070312], [1701.0, 584.6639404296875], [1453.2479858398438, 671.620361328125]]",425394176,410927104,425394176,640,yolo26s_int8_640_ncnn_model,MOT17-09
501,164.5401599998877,0.0,10,"[270, 319, 358, 128, 369, 288, 390, 391, 394, 400]","[[1508.244140625, 398.7415771484375, 1604.759033203125, 694.3494262695312], [1872.385009765625, 440.3377380371094, 1920.0, 625.0469360351562], [592.2340087890625, 344.4447326660156, 765.2640991210938, 831.8424682617188], [1829.7337646484375, 429.288330078125, 1891.20703125, 625.263427734375], [1307.919189453125, 460.85198974609375, 1373.7523193359375, 643.2628173828125], [204.01913452148438, 252.96237182617188, 525.6893920898438, 952.25390625], [1614.162109375, 448.4986572265625, 1672.441162109375, 640.7998046875], [1680.0750732421875, 474.9455261230469, 1721.9249267578125, 586.2859497070312], [1414.74267578125, 429.4337158203125, 1476.7816162109375, 673.8359985351562], [1486.202880859375, 422.625, 1530.59716796875, 662.1749877929688]]","[0.73779296875, 0.625, 0.8427734375, 0.6943359375, 0.7333984375, 0.9072265625, 0.281982421875, 0.287109375, 0.6337890625, 0.430908203125]","[[1556.5015869140625, 694.3494262695312], [1896.1925048828125, 625.0469360351562], [678.7490539550781, 831.8424682617188], [1860.4703979492188, 625.263427734375], [1340.8357543945312, 643.2628173828125], [364.85426330566406, 952.25390625], [1643.3016357421875, 640.7998046875], [1701.0, 586.2859497070312], [1445.7621459960938, 673.8359985351562], [1508.4000244140625, 662.1749877929688]]",425394176,410927104,425394176,640,yolo26s_int8_640_ncnn_model,MOT17-09
502,163.8030300000537,0.0,9,"[270, 319, 358, 128, 369, 288, 390, 394, 400]","[[1519.01904296875, 399.4600524902344, 1614.2054443359375, 687.9164428710938], [1873.2406005859375, 438.1318359375, 1920.0, 624.9464111328125], [600.532470703125, 331.53021240234375, 774.3958740234375, 823.8685913085938], [1831.928955078125, 429.0195007324219, 1893.2828369140625, 624.597900390625], [1310.310302734375, 463.2544860839844, 1377.6068115234375, 642.9574584960938], [233.5007781982422, 246.76177978515625, 552.6127319335938, 941.0418090820312], [1617.305419921875, 450.5755920410156, 1676.33447265625, 640.6039428710938], [1412.22802734375, 435.1555480957031, 1473.6497802734375, 669.3597412109375], [1486.56640625, 421.7496337890625, 1531.1673583984375, 661.6497802734375]]","[0.74560546875, 0.6845703125, 0.82177734375, 0.7041015625, 0.720703125, 0.8857421875, 0.369140625, 0.69580078125, 0.5009765625]","[[1566.6122436523438, 687.9164428710938], [1896.6203002929688, 624.9464111328125], [687.4641723632812, 823.8685913085938], [1862.6058959960938, 624.597900390625], [1343.9585571289062, 642.9574584960938], [393.05675506591797, 941.0418090820312], [1646.8199462890625, 640.6039428710938], [1442.9389038085938, 669.3597412109375], [1508.8668823242188, 661.6497802734375]]",425394176,410927104,425394176,640,yolo26s_int8_640_ncnn_model,MOT17-09
503,165.00730899997507,0.0,10,"[270, 319, 358, 128, 369, 288, 390, 394, 147, 391]","[[1526.7091064453125, 403.9860534667969, 1621.7261962890625, 684.2090454101562], [1874.7691650390625, 436.5599365234375, 1920.0, 625.666259765625], [611.0989379882812, 339.8206481933594, 779.192138671875, 816.7244873046875], [1832.6363525390625, 427.1580810546875, 1894.0731201171875, 624.1082153320312], [1309.0126953125, 456.8703918457031, 1380.76171875, 644.0916748046875], [262.4830627441406, 241.27218627929688, 572.9423828125, 928.0896606445312], [1615.287353515625, 444.4952087402344, 1678.6357421875, 641.2906494140625], [1408.5701904296875, 438.6046142578125, 1470.8316650390625, 667.4844970703125], [1455.150390625, 426.2342529296875, 1541.7366943359375, 668.3023681640625], [1680.6168212890625, 476.06365966796875, 1721.3831787109375, 584.853515625]]","[0.76416015625, 0.62646484375, 0.8447265625, 0.68212890625, 0.7021484375, 0.87353515625, 0.49951171875, 0.685546875, 0.5439453125, 0.25244140625]","[[1574.2176513671875, 684.2090454101562], [1897.3845825195312, 625.666259765625], [695.1455383300781, 816.7244873046875], [1863.354736328125, 624.1082153320312], [1344.88720703125, 644.0916748046875], [417.7127227783203, 928.0896606445312], [1646.9615478515625, 641.2906494140625], [1439.700927734375, 667.4844970703125], [1498.4435424804688, 668.3023681640625], [1701.0, 584.853515625]]",425394176,410927104,425394176,640,yolo26s_int8_640_ncnn_model,MOT17-09
504,180.32552799991208,0.0,9,"[270, 319, 358, 128, 369, 288, 390, 394, 147]","[[1531.7734375, 407.9261779785156, 1627.8360595703125, 684.6403198242188], [1876.8582763671875, 436.46087646484375, 1920.0, 623.4837646484375], [616.0850219726562, 343.46002197265625, 780.7011108398438, 811.5944213867188], [1833.5849609375, 422.4836730957031, 1895.5667724609375, 620.96142578125], [1309.3309326171875, 456.4837951660156, 1382.8660888671875, 644.5051879882812], [290.0245666503906, 246.5764617919922, 587.0501098632812, 921.007080078125], [1613.24853515625, 442.7701721191406, 1678.62939453125, 639.0584106445312], [1405.6529541015625, 439.52728271484375, 1469.9024658203125, 668.1776123046875], [1450.8558349609375, 431.8194580078125, 1533.97998046875, 668.4852905273438]]","[0.7490234375, 0.64501953125, 0.85595703125, 0.67919921875, 0.66796875, 0.84326171875, 0.498046875, 0.68994140625, 0.60791015625]","[[1579.8047485351562, 684.6403198242188], [1898.4291381835938, 623.4837646484375], [698.39306640625, 811.5944213867188], [1864.5758666992188, 620.96142578125], [1346.0985107421875, 644.5051879882812], [438.53733825683594, 921.007080078125], [1645.93896484375, 639.0584106445312], [1437.7777099609375, 668.1776123046875], [1492.4179077148438, 668.4852905273438]]",425394176,410927104,425394176,640,yolo26s_int8_640_ncnn_model,MOT17-09
505,163.96417800001473,0.0,9,"[270, 319, 358, 128, 369, 288, 390, 394, 147]","[[1537.1773681640625, 408.5881042480469, 1634.114990234375, 683.58935546875], [1878.1768798828125, 436.18212890625, 1920.0, 622.9132080078125], [623.126708984375, 342.85687255859375, 786.5025024414062, 811.7037353515625], [1833.0748291015625, 422.2015380859375, 1894.9193115234375, 619.292724609375], [1313.0731201171875, 455.1085205078125, 1387.4910888671875, 644.903564453125], [341.96600341796875, 242.7451629638672, 627.15576171875, 913.2637939453125], [1613.174072265625, 440.38427734375, 1681.6446533203125, 640.9458618164062], [1400.7418212890625, 439.0473937988281, 1466.6680908203125, 668.2103881835938], [1447.3111572265625, 433.19586181640625, 1530.529541015625, 669.0447387695312]]","[0.708984375, 0.63037109375, 0.8828125, 0.6953125, 0.5576171875, 0.82763671875, 0.52685546875, 0.61279296875, 0.57373046875]","[[1585.6461791992188, 683.58935546875], [1899.0884399414062, 622.9132080078125], [704.8146057128906, 811.7037353515625], [1863.9970703125, 619.292724609375], [1350.2821044921875, 644.903564453125], [484.5608825683594, 913.2637939453125], [1647.4093627929688, 640.9458618164062], [1433.7049560546875, 668.2103881835938], [1488.9203491210938, 669.0447387695312]]",425394176,410927104,425394176,640,yolo26s_int8_640_ncnn_model,MOT17-09
506,166.7785699999058,0.0,9,"[270, 319, 358, 128, 369, 288, 390, 394, 147]","[[1539.7532958984375, 409.7940368652344, 1637.39697265625, 684.2459716796875], [1879.0787353515625, 437.5736083984375, 1920.0, 623.2142944335938], [629.0953369140625, 343.0862731933594, 791.7392578125, 815.3397827148438], [1834.677001953125, 420.3709716796875, 1896.7408447265625, 618.4373168945312], [1317.776611328125, 450.40716552734375, 1391.5318603515625, 640.3663940429688], [381.79290771484375, 245.06007385253906, 653.0242919921875, 907.8184204101562], [1617.0015869140625, 440.7498779296875, 1686.6739501953125, 641.4085693359375], [1394.4879150390625, 441.8818359375, 1460.184814453125, 665.2089233398438], [1444.577392578125, 433.9263610839844, 1527.1810302734375, 669.9767456054688]]","[0.69677734375, 0.6318359375, 0.87158203125, 0.66259765625, 0.5439453125, 0.8291015625, 0.5537109375, 0.578125, 0.5986328125]","[[1588.5751342773438, 684.2459716796875], [1899.5393676757812, 623.2142944335938], [710.4172973632812, 815.3397827148438], [1865.7089233398438, 618.4373168945312], [1354.6542358398438, 640.3663940429688], [517.4085998535156, 907.8184204101562], [1651.8377685546875, 641.4085693359375], [1427.3363647460938, 665.2089233398438], [1485.8792114257812, 669.9767456054688]]",425394176,410927104,425394176,640,yolo26s_int8_640_ncnn_model,MOT17-09
507,165.26049399999465,0.0,9,"[270, 319, 358, 128, 369, 288, 390, 394, 147]","[[1542.8199462890625, 409.9520263671875, 1640.0458984375, 681.7806396484375], [1880.5914306640625, 438.10345458984375, 1920.0, 625.3364868164062], [636.5081176757812, 347.73138427734375, 795.9295654296875, 814.1676635742188], [1834.9876708984375, 419.9468994140625, 1897.6322021484375, 619.8755493164062], [1321.896240234375, 449.6185607910156, 1395.3140869140625, 641.5935668945312], [405.1744384765625, 246.90708923339844, 671.4450073242188, 914.0250854492188], [1616.7491455078125, 438.6949462890625, 1688.13916015625, 641.8313598632812], [1386.4525146484375, 438.5487976074219, 1453.7586669921875, 665.412353515625], [1441.86083984375, 432.181640625, 1524.17822265625, 666.3270263671875]]","[0.7314453125, 0.6123046875, 0.85400390625, 0.68701171875, 0.544921875, 0.85107421875, 0.5732421875, 0.60888671875, 0.62255859375]","[[1591.4329223632812, 681.7806396484375], [1900.2957153320312, 625.3364868164062], [716.2188415527344, 814.1676635742188], [1866.3099365234375, 619.8755493164062], [1358.6051635742188, 641.5935668945312], [538.3097229003906, 914.0250854492188], [1652.4441528320312, 641.8313598632812], [1420.1055908203125, 665.412353515625], [1483.01953125, 666.3270263671875]]",425394176,410927104,425394176,640,yolo26s_int8_640_ncnn_model,MOT17-09
508,164.83930899994448,0.0,9,"[270, 319, 358, 128, 369, 288, 390, 394, 147]","[[1544.9532470703125, 409.2156066894531, 1641.57763671875, 678.6432495117188], [1883.040771484375, 440.28057861328125, 1920.0, 624.1625366210938], [651.0969848632812, 346.9269104003906, 810.1058959960938, 811.3037109375], [1835.2427978515625, 421.286865234375, 1897.745849609375, 618.9614868164062], [1331.3704833984375, 453.5312194824219, 1401.3067626953125, 643.7884521484375], [428.4520263671875, 248.6876220703125, 692.0205078125, 914.3526611328125], [1619.65625, 437.9454650878906, 1691.44140625, 640.0140380859375], [1373.726318359375, 437.3216552734375, 1442.48828125, 671.54150390625], [1432.0943603515625, 431.48980712890625, 1516.398193359375, 664.9232177734375]]","[0.73681640625, 0.640625, 0.82763671875, 0.72607421875, 0.487060546875, 0.87060546875, 0.63720703125, 0.517578125, 0.6953125]","[[1593.2654418945312, 678.6432495117188], [1901.5203857421875, 624.1625366210938], [730.6014404296875, 811.3037109375], [1866.4943237304688, 618.9614868164062], [1366.338623046875, 643.7884521484375], [560.2362670898438, 914.3526611328125], [1655.548828125, 640.0140380859375], [1408.1072998046875, 671.54150390625], [1474.2462768554688, 664.9232177734375]]",425394176,410927104,425394176,640,yolo26s_int8_640_ncnn_model,MOT17-09
509,166.63266299997304,0.0,8,"[270, 319, 358, 128, 288, 390, 394, 147]","[[1547.2503662109375, 405.39739990234375, 1644.2275390625, 679.0249633789062], [1884.4093017578125, 441.3556213378906, 1920.0, 623.4724731445312], [661.7700805664062, 346.4466552734375, 821.5642700195312, 809.4325561523438], [1836.2679443359375, 422.5653381347656, 1898.750732421875, 617.8898315429688], [443.38568115234375, 248.57492065429688, 709.7301635742188, 917.3624267578125], [1619.0152587890625, 439.18292236328125, 1690.2960205078125, 640.8019409179688], [1365.6781005859375, 433.8822021484375, 1435.0302734375, 668.8888549804688], [1427.51611328125, 433.2035217285156, 1514.89501953125, 666.384033203125]]","[0.71630859375, 0.66845703125, 0.7890625, 0.705078125, 0.87890625, 0.5751953125, 0.4736328125, 0.68408203125]","[[1595.7389526367188, 679.0249633789062], [1902.2046508789062, 623.4724731445312], [741.6671752929688, 809.4325561523438], [1867.5093383789062, 617.8898315429688], [576.5579223632812, 917.3624267578125], [1654.6556396484375, 640.8019409179688], [1400.3541870117188, 668.8888549804688], [1471.20556640625, 666.384033203125]]",425394176,410927104,425394176,640,yolo26s_int8_640_ncnn_model,MOT17-09
510,164.92429100003392,0.0,7,"[270, 358, 128, 288, 390, 394, 147]","[[1548.4041748046875, 402.97576904296875, 1646.58349609375, 684.1665649414062], [678.1224365234375, 344.4727478027344, 839.804931640625, 806.5609741210938], [1839.17919921875, 425.0505065917969, 1902.500244140625, 617.5098876953125], [460.3102722167969, 256.0841369628906, 729.265380859375, 916.9784545898438], [1622.633544921875, 438.1937255859375, 1693.7601318359375, 638.6235961914062], [1360.46142578125, 433.5513610839844, 1428.9034423828125, 665.88330078125], [1420.10205078125, 431.09442138671875, 1510.5787353515625, 664.6924438476562]]","[0.72998046875, 0.84423828125, 0.7265625, 0.88671875, 0.54541015625, 0.62109375, 0.732421875]","[[1597.4938354492188, 684.1665649414062], [758.9636840820312, 806.5609741210938], [1870.8397216796875, 617.5098876953125], [594.7878265380859, 916.9784545898438], [1658.1968383789062, 638.6235961914062], [1394.6824340820312, 665.88330078125], [1465.3403930664062, 664.6924438476562]]",425394176,410927104,425394176,640,yolo26s_int8_640_ncnn_model,MOT17-09
511,163.90760500007673,0.0,7,"[270, 358, 128, 288, 390, 394, 147]","[[1551.8651123046875, 403.0443420410156, 1648.0850830078125, 683.1790161132812], [688.8521728515625, 348.0591125488281, 851.3216552734375, 805.1871948242188], [1839.263427734375, 427.48394775390625, 1902.822509765625, 617.89208984375], [469.4013977050781, 262.1279296875, 742.07177734375, 916.687255859375], [1625.9912109375, 437.8445739746094, 1696.8912353515625, 636.808349609375], [1358.1414794921875, 433.4364929199219, 1426.4927978515625, 666.7586669921875], [1416.3243408203125, 431.02911376953125, 1507.43701171875, 664.3007202148438]]","[0.734375, 0.86865234375, 0.7021484375, 0.8984375, 0.59814453125, 0.6435546875, 0.69873046875]","[[1599.97509765625, 683.1790161132812], [770.0869140625, 805.1871948242188], [1871.04296875, 617.89208984375], [605.7365875244141, 916.687255859375], [1661.4412231445312, 636.808349609375], [1392.317138671875, 666.7586669921875], [1461.8806762695312, 664.3007202148438]]",425394176,410927104,425394176,640,yolo26s_int8_640_ncnn_model,MOT17-09
512,164.417290000074,0.0,9,"[270, 358, 128, 288, 390, 394, 147, 413, 319]","[[1555.578369140625, 401.835205078125, 1651.8349609375, 686.0402221679688], [696.7251586914062, 347.74627685546875, 862.012451171875, 808.381103515625], [1838.4293212890625, 429.1320495605469, 1901.7098388671875, 617.306396484375], [476.522705078125, 275.19140625, 750.4801635742188, 916.7874755859375], [1629.31884765625, 440.7223815917969, 1699.8138427734375, 637.1292114257812], [1355.314697265625, 434.6444091796875, 1423.015625, 663.8739624023438], [1411.9918212890625, 432.9828796386719, 1502.685791015625, 664.1552124023438], [119.82015228271484, 528.9749755859375, 192.32984924316406, 744.2249755859375], [1885.7545166015625, 417.27874755859375, 1920.0, 624.8406982421875]]","[0.74853515625, 0.8408203125, 0.71728515625, 0.8857421875, 0.61328125, 0.712890625, 0.6318359375, 0.48486328125, 0.439453125]","[[1603.7066650390625, 686.0402221679688], [779.3688049316406, 808.381103515625], [1870.069580078125, 617.306396484375], [613.5014343261719, 916.7874755859375], [1664.5663452148438, 637.1292114257812], [1389.1651611328125, 663.8739624023438], [1457.3388061523438, 664.1552124023438], [156.07500076293945, 744.2249755859375], [1902.8772583007812, 624.8406982421875]]",425394176,410927104,425394176,640,yolo26s_int8_640_ncnn_model,MOT17-09
513,173.16935500002728,0.0,10,"[270, 358, 128, 288, 390, 394, 147, 413, 417, 319]","[[1559.7493896484375, 401.8773498535156, 1654.140625, 685.648193359375], [706.7257080078125, 359.14825439453125, 867.2057495117188, 805.0283813476562], [1836.1448974609375, 424.22296142578125, 1901.1754150390625, 618.6088256835938], [483.85113525390625, 272.93939208984375, 761.318115234375, 914.8985595703125], [1640.448974609375, 454.0513000488281, 1706.8101806640625, 637.01708984375], [1343.464111328125, 438.114501953125, 1411.985107421875, 663.8041381835938], [1404.95166015625, 433.21148681640625, 1494.8233642578125, 662.60888671875], [117.4312744140625, 519.2200317382812, 193.7316131591797, 746.0830688476562], [1408.5875244140625, 424.5, 1472.0125732421875, 655.7999877929688], [1883.396240234375, 410.6322021484375, 1920.0, 624.1237182617188]]","[0.70703125, 0.81640625, 0.60888671875, 0.876953125, 0.48583984375, 0.58984375, 0.5966796875, 0.38916015625, 0.44873046875, 0.583984375]","[[1606.9450073242188, 685.648193359375], [786.9657287597656, 805.0283813476562], [1868.66015625, 618.6088256835938], [622.5846252441406, 914.8985595703125], [1673.6295776367188, 637.01708984375], [1377.724609375, 663.8041381835938], [1449.8875122070312, 662.60888671875], [155.5814437866211, 746.0830688476562], [1440.300048828125, 655.7999877929688], [1901.6981201171875, 624.1237182617188]]",425394176,410927104,425394176,640,yolo26s_int8_640_ncnn_model,MOT17-09
514,164.56753100010246,0.0,9,"[270, 358, 128, 288, 390, 394, 147, 413, 319]","[[1564.3056640625, 401.6539001464844, 1657.6561279296875, 686.7400512695312], [714.0177612304688, 358.6432189941406, 873.7741088867188, 805.5880737304688], [1832.7088623046875, 422.1631164550781, 1897.630859375, 619.3438110351562], [502.3525390625, 280.24212646484375, 774.7412719726562, 912.0144653320312], [1647.8372802734375, 455.54351806640625, 1714.1986083984375, 636.4829711914062], [1334.7286376953125, 445.4215393066406, 1403.633544921875, 663.806640625], [1399.3052978515625, 435.774658203125, 1487.3616943359375, 661.5360717773438], [117.03321838378906, 522.49609375, 192.0938720703125, 745.8516235351562], [1880.5693359375, 397.2911682128906, 1920.0, 626.0169067382812]]","[0.744140625, 0.8173828125, 0.5361328125, 0.86767578125, 0.57568359375, 0.5634765625, 0.619140625, 0.416259765625, 0.53515625]","[[1610.9808959960938, 686.7400512695312], [793.8959350585938, 805.5880737304688], [1865.1698608398438, 619.3438110351562], [638.5469055175781, 912.0144653320312], [1681.0179443359375, 636.4829711914062], [1369.1810913085938, 663.806640625], [1443.33349609375, 661.5360717773438], [154.56354522705078, 745.8516235351562], [1900.28466796875, 626.0169067382812]]",425394176,410927104,425394176,640,yolo26s_int8_640_ncnn_model,MOT17-09
515,166.03688399982275,0.0,10,"[270, 358, 128, 288, 390, 394, 413, 319, 418, 417]","[[1567.26025390625, 402.81048583984375, 1659.435791015625, 687.8969116210938], [719.3615112304688, 357.39923095703125, 875.9220581054688, 800.84619140625], [1834.59130859375, 426.79583740234375, 1896.9658203125, 618.1585083007812], [522.9502563476562, 272.6960754394531, 791.1880493164062, 903.1051025390625], [1649.3802490234375, 450.9879455566406, 1717.7103271484375, 635.2926635742188], [1325.5775146484375, 445.85321044921875, 1396.8818359375, 663.0791015625], [114.90229034423828, 501.4878845214844, 196.81536865234375, 746.8246459960938], [1874.449951171875, 380.1240539550781, 1920.0, 628.4014282226562], [1280.890380859375, 437.92498779296875, 1405.0096435546875, 666.0750122070312], [1402.649169921875, 430.2462463378906, 1466.5936279296875, 663.3038940429688]]","[0.7431640625, 0.7900390625, 0.430908203125, 0.8291015625, 0.61474609375, 0.630859375, 0.370361328125, 0.43505859375, 0.38134765625, 0.548828125]","[[1613.3480224609375, 687.8969116210938], [797.6417846679688, 800.84619140625], [1865.778564453125, 618.1585083007812], [657.0691528320312, 903.1051025390625], [1683.5452880859375, 635.2926635742188], [1361.2296752929688, 663.0791015625], [155.85882949829102, 746.8246459960938], [1897.2249755859375, 628.4014282226562], [1342.9500122070312, 666.0750122070312], [1434.6213989257812, 663.3038940429688]]",425394176,410927104,425394176,640,yolo26s_int8_640_ncnn_model,MOT17-09
516,164.72960500004774,0.0,10,"[270, 358, 128, 288, 390, 413, 319, 418, 420, 417]","[[1575.2083740234375, 407.9537353515625, 1662.8680419921875, 681.657470703125], [729.6942749023438, 356.3611145019531, 880.6611328125, 793.625244140625], [1838.553955078125, 422.33807373046875, 1901.4619140625, 618.9622192382812], [559.313720703125, 277.5498352050781, 810.2649536132812, 881.1412963867188], [1649.893798828125, 449.5394592285156, 1718.832763671875, 635.6151123046875], [113.74517059326172, 495.4894104003906, 197.01547241210938, 746.3597412109375], [1869.248291015625, 380.21337890625, 1920.0, 645.9930419921875], [1293.9656982421875, 440.0165710449219, 1415.6387939453125, 663.9834594726562], [2.3901162147521973, 546.4500122070312, 52.66925811767578, 674.5499877929688], [1394.6134033203125, 435.4602355957031, 1457.9881591796875, 667.1116333007812]]","[0.744140625, 0.66650390625, 0.305419921875, 0.80126953125, 0.63427734375, 0.35400390625, 0.418212890625, 0.55615234375, 0.498046875, 0.72314453125]","[[1619.0382080078125, 681.657470703125], [805.1777038574219, 793.625244140625], [1870.0079345703125, 618.9622192382812], [684.7893371582031, 881.1412963867188], [1684.36328125, 635.6151123046875], [155.38032150268555, 746.3597412109375], [1894.6241455078125, 645.9930419921875], [1354.80224609375, 663.9834594726562], [27.52968716621399, 674.5499877929688], [1426.30078125, 667.1116333007812]]",425394176,410927104,425394176,640,yolo26s_int8_640_ncnn_model,MOT17-09
517,165.23568000002342,0.0,9,"[270, 358, 288, 390, 413, 319, 418, 420, 417]","[[1580.3846435546875, 410.6734619140625, 1665.658935546875, 676.5023193359375], [736.3900756835938, 352.90509033203125, 885.9083251953125, 796.022216796875], [588.81640625, 276.4790954589844, 831.7761840820312, 874.792724609375], [1652.6375732421875, 452.2013854980469, 1720.4063720703125, 635.5050659179688], [114.42293548583984, 500.0743103027344, 196.48316955566406, 747.9362182617188], [1866.108642578125, 382.27227783203125, 1919.306396484375, 654.9688720703125], [1300.5257568359375, 450.4483642578125, 1415.6905517578125, 663.0005493164062], [3.939307928085327, 548.1239013671875, 52.1085319519043, 670.5672607421875], [1391.16015625, 434.8446960449219, 1455.2696533203125, 669.293701171875]]","[0.7509765625, 0.6123046875, 0.82568359375, 0.689453125, 0.352783203125, 0.419677734375, 0.552734375, 0.393310546875, 0.70263671875]","[[1623.0217895507812, 676.5023193359375], [811.1492004394531, 796.022216796875], [710.2962951660156, 874.792724609375], [1686.52197265625, 635.5050659179688], [155.45305252075195, 747.9362182617188], [1892.70751953125, 654.9688720703125], [1358.108154296875, 663.0005493164062], [28.023919939994812, 670.5672607421875], [1423.2149047851562, 669.293701171875]]",425394176,410927104,425394176,640,yolo26s_int8_640_ncnn_model,MOT17-09
518,164.94456899999932,0.0,9,"[270, 358, 288, 390, 413, 319, 418, 420, 417]","[[1584.4854736328125, 411.14654541015625, 1670.2159423828125, 679.1707153320312], [746.4605102539062, 353.8361511230469, 891.6544799804688, 797.7172241210938], [624.1133422851562, 282.9475402832031, 854.4716186523438, 871.7823486328125], [1655.33349609375, 452.6921691894531, 1723.055908203125, 635.9803466796875], [116.08428192138672, 507.3270568847656, 195.783203125, 747.4839477539062], [1861.8802490234375, 379.49957275390625, 1917.79052734375, 662.3532104492188], [1302.3448486328125, 456.9855041503906, 1412.703369140625, 661.6168823242188], [1.8513809442520142, 548.9794921875, 50.42258071899414, 672.5238647460938], [1389.7130126953125, 436.3592529296875, 1452.83447265625, 664.9072875976562]]","[0.73046875, 0.591796875, 0.83251953125, 0.626953125, 0.34033203125, 0.49609375, 0.43994140625, 0.322021484375, 0.712890625]","[[1627.3507080078125, 679.1707153320312], [819.0574951171875, 797.7172241210938], [739.29248046875, 871.7823486328125], [1689.1947021484375, 635.9803466796875], [155.93374252319336, 747.4839477539062], [1889.8353881835938, 662.3532104492188], [1357.5241088867188, 661.6168823242188], [26.136980831623077, 672.5238647460938], [1421.2737426757812, 664.9072875976562]]",425394176,410927104,425394176,640,yolo26s_int8_640_ncnn_model,MOT17-09
519,165.41897599995536,0.0,9,"[270, 358, 288, 390, 413, 319, 418, 420, 417]","[[1588.4896240234375, 411.0480651855469, 1675.1138916015625, 680.4188842773438], [755.7530517578125, 351.17987060546875, 899.6168212890625, 804.3937377929688], [646.7869262695312, 286.1378173828125, 867.7224731445312, 871.0110473632812], [1658.1263427734375, 450.60797119140625, 1726.0164794921875, 635.4192504882812], [121.02898406982422, 510.27813720703125, 200.43609619140625, 747.2847900390625], [1857.09521484375, 381.1268310546875, 1914.64501953125, 667.3377075195312], [1296.6021728515625, 454.779296875, 1406.41650390625, 660.6885986328125], [1.3248546123504639, 548.912841796875, 50.600242614746094, 674.5897827148438], [1385.2159423828125, 437.30548095703125, 1449.016845703125, 666.8468627929688]]","[0.75390625, 0.71142578125, 0.8173828125, 0.60546875, 0.3759765625, 0.599609375, 0.6181640625, 0.3232421875, 0.53662109375]","[[1631.8017578125, 680.4188842773438], [827.6849365234375, 804.3937377929688], [757.2546997070312, 871.0110473632812], [1692.0714111328125, 635.4192504882812], [160.73254013061523, 747.2847900390625], [1885.8701171875, 667.3377075195312], [1351.5093383789062, 660.6885986328125], [25.96254861354828, 674.5897827148438], [1417.1163940429688, 666.8468627929688]]",425394176,410927104,425394176,640,yolo26s_int8_640_ncnn_model,MOT17-09
520,165.89838499999132,0.0,9,"[270, 358, 288, 390, 413, 319, 417, 369, 394]","[[1592.3182373046875, 411.4806823730469, 1678.292724609375, 678.4244995117188], [764.88671875, 349.42974853515625, 907.279541015625, 807.6665649414062], [669.5670776367188, 287.09051513671875, 884.7496337890625, 872.0405883789062], [1658.3092041015625, 445.343505859375, 1727.7701416015625, 635.7141723632812], [122.47688293457031, 511.4679870605469, 201.95843505859375, 746.1785888671875], [1853.301025390625, 381.6868591308594, 1911.4979248046875, 661.7962036132812], [1380.03271484375, 437.3080749511719, 1444.3228759765625, 666.7084350585938], [1411.5908203125, 451.8848571777344, 1479.4429931640625, 648.9827880859375], [1305.053466796875, 448.1070251464844, 1374.8065185546875, 659.2569580078125]]","[0.79052734375, 0.6630859375, 0.79052734375, 0.650390625, 0.359619140625, 0.529296875, 0.60498046875, 0.45703125, 0.488037109375]","[[1635.3054809570312, 678.4244995117188], [836.0831298828125, 807.6665649414062], [777.1583557128906, 872.0405883789062], [1693.0396728515625, 635.7141723632812], [162.21765899658203, 746.1785888671875], [1882.3994750976562, 661.7962036132812], [1412.1777954101562, 666.7084350585938], [1445.5169067382812, 648.9827880859375], [1339.9299926757812, 659.2569580078125]]",425394176,410927104,425394176,640,yolo26s_int8_640_ncnn_model,MOT17-09
521,179.68684199991003,0.0,9,"[270, 288, 390, 413, 319, 417, 369, 394, 147]","[[1595.0614013671875, 410.6177062988281, 1681.8349609375, 680.6867065429688], [687.0420532226562, 280.58599853515625, 905.5172729492188, 869.3223266601562], [1660.0164794921875, 447.29400634765625, 1728.57958984375, 635.8319702148438], [123.62205505371094, 510.2218322753906, 204.1184539794922, 746.5166625976562], [1848.102294921875, 382.7977294921875, 1910.143798828125, 674.3226928710938], [1372.0799560546875, 435.9559631347656, 1433.684326171875, 654.611083984375], [1418.3603515625, 454.40765380859375, 1487.5340576171875, 660.9760131835938], [1299.47900390625, 447.4152526855469, 1368.0843505859375, 657.63623046875], [1347.9921875, 438.66937255859375, 1434.1885986328125, 656.5581665039062]]","[0.73681640625, 0.85693359375, 0.513671875, 0.424560546875, 0.55078125, 0.3564453125, 0.5986328125, 0.65478515625, 0.300048828125]","[[1638.4481811523438, 680.6867065429688], [796.2796630859375, 869.3223266601562], [1694.2980346679688, 635.8319702148438], [163.87025451660156, 746.5166625976562], [1879.123046875, 674.3226928710938], [1402.8821411132812, 654.611083984375], [1452.9472045898438, 660.9760131835938], [1333.7816772460938, 657.63623046875], [1391.0903930664062, 656.5581665039062]]",425394176,410927104,425394176,640,yolo26s_int8_640_ncnn_model,MOT17-09
522,163.4811969997827,0.0,8,"[270, 288, 390, 413, 319, 417, 369, 394]","[[1599.430419921875, 411.5173034667969, 1683.506591796875, 674.3585205078125], [703.3856811523438, 280.46051025390625, 926.8466796875, 873.0593872070312], [1661.967529296875, 446.0780029296875, 1731.305419921875, 637.8722534179688], [119.04132843017578, 504.3084411621094, 199.9586944580078, 744.1319580078125], [1845.17724609375, 384.4647521972656, 1910.63671875, 683.5606079101562], [1372.8409423828125, 442.86175537109375, 1435.7760009765625, 660.1298828125], [1422.42236328125, 449.1602783203125, 1489.617919921875, 650.6083374023438], [1295.5211181640625, 446.9407958984375, 1363.9608154296875, 657.3577270507812]]","[0.72314453125, 0.82861328125, 0.568359375, 0.360107421875, 0.67041015625, 0.65673828125, 0.5419921875, 0.68896484375]","[[1641.468505859375, 674.3585205078125], [815.1161804199219, 873.0593872070312], [1696.636474609375, 637.8722534179688], [159.5000114440918, 744.1319580078125], [1877.906982421875, 683.5606079101562], [1404.3084716796875, 660.1298828125], [1456.0201416015625, 650.6083374023438], [1329.740966796875, 657.3577270507812]]",425394176,410927104,425394176,640,yolo26s_int8_640_ncnn_model,MOT17-09
523,164.41043899999386,0.0,8,"[270, 288, 390, 413, 319, 417, 369, 394]","[[1603.5440673828125, 406.56591796875, 1689.330810546875, 675.224609375], [711.1627197265625, 289.5681457519531, 937.6367797851562, 872.3495483398438], [1665.60693359375, 446.8573303222656, 1735.1640625, 640.3604736328125], [122.22807312011719, 506.8735656738281, 203.99159240722656, 748.4530029296875], [1846.0699462890625, 383.77813720703125, 1912.7235107421875, 684.6908569335938], [1367.935302734375, 443.9938049316406, 1433.8350830078125, 664.4011840820312], [1432.2249755859375, 448.8332214355469, 1498.4178466796875, 649.6953735351562], [1291.7327880859375, 447.2589111328125, 1359.1553955078125, 656.767333984375]]","[0.69482421875, 0.85986328125, 0.451171875, 0.56005859375, 0.61328125, 0.6630859375, 0.69970703125, 0.642578125]","[[1646.4374389648438, 675.224609375], [824.3997497558594, 872.3495483398438], [1700.385498046875, 640.3604736328125], [163.10983276367188, 748.4530029296875], [1879.396728515625, 684.6908569335938], [1400.8851928710938, 664.4011840820312], [1465.3214111328125, 649.6953735351562], [1325.444091796875, 656.767333984375]]",425394176,410927104,425394176,640,yolo26s_int8_640_ncnn_model,MOT17-09
524,164.15127199979906,0.0,8,"[270, 288, 390, 413, 319, 417, 369, 394]","[[1603.90966796875, 397.33599853515625, 1692.4085693359375, 677.0455322265625], [715.7635498046875, 295.960693359375, 944.2423706054688, 867.1945190429688], [1669.1212158203125, 446.42340087890625, 1738.251953125, 640.0744018554688], [123.0428237915039, 506.6921081542969, 205.14932250976562, 747.3706665039062], [1850.9140625, 384.0879211425781, 1917.8780517578125, 687.4102172851562], [1362.3583984375, 442.5824890136719, 1429.12841796875, 659.6671142578125], [1439.6845703125, 452.4397888183594, 1505.4234619140625, 650.585693359375], [1288.8140869140625, 447.62396240234375, 1355.2916259765625, 656.308837890625]]","[0.7470703125, 0.861328125, 0.5078125, 0.46630859375, 0.640625, 0.59765625, 0.6845703125, 0.5859375]","[[1648.1591186523438, 677.0455322265625], [830.0029602050781, 867.1945190429688], [1703.6865844726562, 640.0744018554688], [164.09607315063477, 747.3706665039062], [1884.3960571289062, 687.4102172851562], [1395.743408203125, 659.6671142578125], [1472.5540161132812, 650.585693359375], [1322.0528564453125, 656.308837890625]]",425394176,410927104,425394176,640,yolo26s_int8_640_ncnn_model,MOT17-09
525,164.3585310000617,0.0,8,"[270, 288, 390, 413, 319, 417, 369, 394]","[[1607.1217041015625, 398.0163269042969, 1694.1827392578125, 675.5541381835938], [718.0663452148438, 301.7676086425781, 949.5763549804688, 865.888916015625], [1670.184814453125, 444.5343322753906, 1739.491455078125, 639.7056274414062], [123.42266845703125, 507.1854248046875, 205.4597930908203, 746.4462890625], [1854.611083984375, 383.558349609375, 1920.0, 688.1016845703125], [1354.4085693359375, 441.20538330078125, 1421.4451904296875, 656.5923461914062], [1447.8863525390625, 458.79803466796875, 1514.105712890625, 651.9143676757812], [1283.332763671875, 447.00848388671875, 1348.6751708984375, 654.9044799804688]]","[0.75830078125, 0.83544921875, 0.5390625, 0.5625, 0.61962890625, 0.50146484375, 0.62060546875, 0.58984375]","[[1650.6522216796875, 675.5541381835938], [833.8213500976562, 865.888916015625], [1704.838134765625, 639.7056274414062], [164.44123077392578, 746.4462890625], [1887.3055419921875, 688.1016845703125], [1387.9268798828125, 656.5923461914062], [1480.9960327148438, 651.9143676757812], [1316.0039672851562, 654.9044799804688]]",425394176,410927104,425394176,640,yolo26s_int8_640_ncnn_model,MOT17-09
