frame_id,inference_ms,postprocess_ms,n_detections,track_ids,bboxes_xyxy,confs,footpoints,mem_total_bytes,mem_delta_bytes,mem_bytes,imgsz,model,seq
1,,,9,"[1, 2, 3, 4, 5, 6, 7, 8, 9]","[[1338.0, 415.875, 1504.5, 790.125], [580.3125, 449.25, 672.1875, 705.75], [437.4375, 445.125, 557.0625, 724.875], [1443.0, 434.625, 1599.0, 771.375], [731.0625, 470.25, 765.9375, 566.25], [1257.0, 444.75, 1293.0, 543.75], [1018.5, 430.5, 1056.0, 526.5], [938.25, 433.125, 974.25, 517.875], [974.625, 445.5, 1005.375, 513.0]]","[0.845703125, 0.74658203125, 0.740234375, 0.73388671875, 0.544921875, 0.44677734375, 0.4453125, 0.319091796875, 0.2734375]","[[1421.25, 790.125], [626.25, 705.75], [497.25, 724.875], [1521.0, 771.375], [748.5, 566.25], [1275.0, 543.75], [1037.25, 526.5], [956.25, 517.875], [990.0, 513.0]]",425377792,410910720,425377792,640,yolo26m_int8_640_ncnn_model,MOT17-02
2,,,9,"[1, 2, 3, 4, 5, 6, 7, 8, 9]","[[1345.0360107421875, 426.9390563964844, 1506.5755615234375, 789.4741821289062], [581.2540283203125, 446.97210693359375, 673.8493041992188, 705.424560546875], [436.8714294433594, 441.22003173828125, 557.6286010742188, 723.5733642578125], [1447.089111328125, 434.2995910644531, 1602.7208251953125, 770.3987426757812], [730.3867797851562, 469.9245910644531, 765.96240234375, 567.8770751953125], [1256.8917236328125, 443.7737731933594, 1293.1082763671875, 543.424560546875], [1017.3155517578125, 429.1983337402344, 1055.8828125, 527.8016357421875], [938.7142944335938, 432.7995910644531, 975.0873413085938, 518.200439453125], [976.9480590820312, 447.1270751953125, 1005.6552124023438, 510.0712890625]]","[0.84228515625, 0.73974609375, 0.75830078125, 0.76025390625, 0.60498046875, 0.49462890625, 0.488525390625, 0.334228515625, 0.28125]","[[1425.8057861328125, 789.4741821289062], [627.5516662597656, 705.424560546875], [497.25001525878906, 723.5733642578125], [1524.9049682617188, 770.3987426757812], [748.1745910644531, 567.8770751953125], [1275.0, 543.424560546875], [1036.5991821289062, 527.8016357421875], [956.9008178710938, 518.200439453125], [991.3016357421875, 510.0712890625]]",425377792,410910720,425377792,640,yolo26m_int8_640_ncnn_model,MOT17-02
3,,,9,"[1, 2, 3, 4, 5, 6, 7, 8, 9]","[[1349.38623046875, 429.712890625, 1513.257080078125, 796.7689208984375], [580.422607421875, 445.4158935546875, 673.9615478515625, 706.5343627929688], [438.5166320800781, 439.09423828125, 561.2247924804688, 725.9707641601562], [1454.6339111328125, 435.12158203125, 1610.556640625, 772.86474609375], [730.8754272460938, 470.7381896972656, 765.9415893554688, 567.287109375], [1256.9986572265625, 444.48095703125, 1293.0013427734375, 543.6603393554688], [1017.122802734375, 428.3963623046875, 1055.8516845703125, 527.447509765625], [937.1576538085938, 433.03515625, 973.3704833984375, 517.96484375], [977.0460815429688, 448.0042419433594, 1005.998046875, 511.3802490234375]]","[0.8427734375, 0.71630859375, 0.7109375, 0.7294921875, 0.59716796875, 0.486572265625, 0.491455078125, 0.3046875, 0.34326171875]","[[1431.3216552734375, 796.7689208984375], [627.1920776367188, 706.5343627929688], [499.87071228027344, 725.9707641601562], [1532.5952758789062, 772.86474609375], [748.4085083007812, 567.287109375], [1275.0, 543.6603393554688], [1036.4872436523438, 527.447509765625], [955.2640686035156, 517.96484375], [991.5220642089844, 511.3802490234375]]",425377792,410910720,425377792,640,yolo26m_int8_640_ncnn_model,MOT17-02
4,,,9,"[1, 2, 3, 4, 5, 6, 7, 8, 9]","[[1351.8138427734375, 424.0920715332031, 1519.7452392578125, 799.5590209960938], [577.6868286132812, 441.2671203613281, 673.0108032226562, 707.1763916015625], [440.197265625, 441.3207702636719, 561.7775268554688, 725.0555419921875], [1458.4146728515625, 431.9578857421875, 1616.02392578125, 774.7969360351562], [732.2949829101562, 470.1436462402344, 766.9846801757812, 565.6273193359375], [1256.9417724609375, 445.0096130371094, 1293.0582275390625, 544.600830078125], [1016.7304077148438, 427.877685546875, 1056.1968994140625, 528.7286376953125], [937.4421997070312, 433.6893005371094, 973.1723022460938, 517.3107299804688], [978.5343017578125, 450.2543640136719, 1006.9089965820312, 512.087158203125]]","[0.84326171875, 0.71142578125, 0.74755859375, 0.7236328125, 0.60009765625, 0.487548828125, 0.521484375, 0.353271484375, 0.278076171875]","[[1435.779541015625, 799.5590209960938], [625.3488159179688, 707.1763916015625], [500.9873962402344, 725.0555419921875], [1537.2192993164062, 774.7969360351562], [749.6398315429688, 565.6273193359375], [1275.0, 544.600830078125], [1036.4636535644531, 528.7286376953125], [955.3072509765625, 517.3107299804688], [992.7216491699219, 512.087158203125]]",425377792,410910720,425377792,640,yolo26m_int8_640_ncnn_model,MOT17-02
5,,,8,"[1, 2, 3, 4, 5, 6, 7, 8]","[[1354.0994873046875, 418.85040283203125, 1525.50146484375, 801.3975830078125], [578.8524169921875, 442.15350341796875, 673.9192504882812, 707.3632202148438], [440.39642333984375, 441.0386962890625, 562.1671142578125, 724.7013549804688], [1468.7213134765625, 429.27667236328125, 1625.8509521484375, 772.6295776367188], [733.1141967773438, 470.21783447265625, 767.493408203125, 564.8259887695312], [1256.8607177734375, 445.4457092285156, 1293.1392822265625, 545.7259521484375], [1016.9187622070312, 428.5549011230469, 1056.0078125, 528.3241577148438], [937.776611328125, 433.3363952636719, 972.9374389648438, 515.4323120117188]]","[0.83203125, 0.72607421875, 0.77587890625, 0.77587890625, 0.6015625, 0.45068359375, 0.4697265625, 0.3515625]","[[1439.8004760742188, 801.3975830078125], [626.3858337402344, 707.3632202148438], [501.2817687988281, 724.7013549804688], [1547.2861328125, 772.6295776367188], [750.3038024902344, 564.8259887695312], [1275.0, 545.7259521484375], [1036.4632873535156, 528.3241577148438], [955.3570251464844, 515.4323120117188]]",425377792,410910720,425377792,640,yolo26m_int8_640_ncnn_model,MOT17-02
6,,,8,"[1, 2, 3, 4, 5, 6, 7, 8]","[[1358.604736328125, 416.27117919921875, 1530.827880859375, 800.5593872070312], [579.5987548828125, 446.58209228515625, 672.8850708007812, 706.5980834960938], [440.4197692871094, 440.95330810546875, 563.3095703125, 726.7203369140625], [1476.7467041015625, 428.678955078125, 1632.806640625, 771.5570068359375], [732.9811401367188, 468.89093017578125, 767.4762573242188, 563.7803344726562], [1256.9185791015625, 445.3108215332031, 1293.0814208984375, 545.28369140625], [1017.041259765625, 429.0864562988281, 1055.8966064453125, 527.8895263671875], [936.4755249023438, 432.9354553222656, 972.1341552734375, 516.1907958984375]]","[0.83642578125, 0.71484375, 0.7802734375, 0.71826171875, 0.5947265625, 0.435302734375, 0.443359375, 0.3642578125]","[[1444.71630859375, 800.5593872070312], [626.2419128417969, 706.5980834960938], [501.8646697998047, 726.7203369140625], [1554.7766723632812, 771.5570068359375], [750.2286987304688, 563.7803344726562], [1275.0, 545.28369140625], [1036.4689331054688, 527.8895263671875], [954.3048400878906, 516.1907958984375]]",425377792,410910720,425377792,640,yolo26m_int8_640_ncnn_model,MOT17-02
7,,,8,"[1, 2, 3, 4, 5, 6, 7, 8]","[[1363.9541015625, 413.8722229003906, 1535.904052734375, 799.6078491210938], [579.6253051757812, 443.71173095703125, 673.8319702148438, 706.5720825195312], [440.6458435058594, 440.6710510253906, 563.93408203125, 726.6322631835938], [1485.2972412109375, 430.63323974609375, 1639.4232177734375, 770.1192626953125], [732.201416015625, 470.01806640625, 767.107177734375, 566.08447265625], [1256.9866943359375, 445.2472839355469, 1293.0133056640625, 545.1002807617188], [1016.9451904296875, 428.4905700683594, 1056.003662109375, 527.4646606445312], [935.6624145507812, 433.58502197265625, 971.2078247070312, 516.7341918945312]]","[0.81396484375, 0.74658203125, 0.7783203125, 0.7451171875, 0.62060546875, 0.46630859375, 0.451416015625, 0.426025390625]","[[1449.9290771484375, 799.6078491210938], [626.7286376953125, 706.5720825195312], [502.2899627685547, 726.6322631835938], [1562.3602294921875, 770.1192626953125], [749.654296875, 566.08447265625], [1275.0, 545.1002807617188], [1036.4744262695312, 527.4646606445312], [953.4351196289062, 516.7341918945312]]",425377792,410910720,425377792,640,yolo26m_int8_640_ncnn_model,MOT17-02
8,,,8,"[1, 2, 3, 4, 5, 6, 7, 8]","[[1372.3184814453125, 413.6019287109375, 1543.2637939453125, 800.7196655273438], [579.8060302734375, 444.51043701171875, 674.0028686523438, 706.815185546875], [440.7991943359375, 443.9315185546875, 563.4947509765625, 727.3509521484375], [1488.4044189453125, 434.24261474609375, 1641.1451416015625, 771.9378051757812], [732.2703247070312, 470.94451904296875, 767.6318969726562, 568.475830078125], [1255.548095703125, 442.6298828125, 1292.384033203125, 545.5365600585938], [1015.7870483398438, 428.2813720703125, 1055.10400390625, 527.3112182617188], [934.994384765625, 434.077880859375, 970.2597045898438, 516.6873168945312]]","[0.83056640625, 0.73681640625, 0.7802734375, 0.7265625, 0.58251953125, 0.462158203125, 0.49951171875, 0.4365234375]","[[1457.7911376953125, 800.7196655273438], [626.9044494628906, 706.815185546875], [502.14697265625, 727.3509521484375], [1564.7747802734375, 771.9378051757812], [749.9511108398438, 568.475830078125], [1273.966064453125, 545.5365600585938], [1035.4455261230469, 527.3112182617188], [952.6270446777344, 516.6873168945312]]",425377792,410910720,425377792,640,yolo26m_int8_640_ncnn_model,MOT17-02
9,,,9,"[1, 2, 3, 4, 5, 6, 7, 8, 9]","[[1383.151611328125, 411.3026428222656, 1552.047607421875, 799.29296875], [579.8323364257812, 445.850341796875, 673.0863037109375, 705.8767700195312], [441.6136169433594, 445.128173828125, 564.5569458007812, 727.5940551757812], [1489.5086669921875, 433.2607727050781, 1641.2225341796875, 770.8099365234375], [731.969482421875, 472.8057556152344, 767.1177368164062, 569.8592529296875], [1256.5467529296875, 443.1968688964844, 1292.6595458984375, 544.1727905273438], [1016.5879516601562, 428.46710205078125, 1055.6043701171875, 525.97900390625], [934.4270629882812, 434.5078430175781, 969.2640991210938, 516.4220581054688], [982.07177734375, 446.581298828125, 1012.790283203125, 513.8223876953125]]","[0.81005859375, 0.73486328125, 0.76611328125, 0.6748046875, 0.51611328125, 0.505859375, 0.50048828125, 0.4365234375, 0.263671875]","[[1467.599609375, 799.29296875], [626.4593200683594, 705.8767700195312], [503.0852813720703, 727.5940551757812], [1565.3656005859375, 770.8099365234375], [749.5436096191406, 569.8592529296875], [1274.6031494140625, 544.1727905273438], [1036.0961608886719, 525.97900390625], [951.8455810546875, 516.4220581054688], [997.4310302734375, 513.8223876953125]]",425377792,410910720,425377792,640,yolo26m_int8_640_ncnn_model,MOT17-02
10,,,10,"[1, 2, 3, 4, 5, 6, 7, 8, 13, 9]","[[1394.947998046875, 411.0262756347656, 1562.2354736328125, 804.2561645507812], [578.7185668945312, 442.7947082519531, 673.3638305664062, 707.0525512695312], [443.20172119140625, 445.80157470703125, 566.1449584960938, 727.4097290039062], [1495.2799072265625, 429.59625244140625, 1645.5675048828125, 771.6657104492188], [731.62890625, 472.2242126464844, 767.1348876953125, 570.6131591796875], [1255.933837890625, 444.4465637207031, 1291.74169921875, 544.6571655273438], [1017.5775146484375, 429.053466796875, 1056.135986328125, 524.9798583984375], [934.1318359375, 434.91168212890625, 969.042236328125, 517.0989990234375], [1077.0908203125, 477.8999938964844, 1130.9091796875, 593.0999755859375], [983.0330810546875, 450.0692443847656, 1012.4632568359375, 514.198486328125]]","[0.7705078125, 0.74951171875, 0.794921875, 0.54541015625, 0.62060546875, 0.50927734375, 0.482177734375, 0.4970703125, 0.3193359375, 0.3212890625]","[[1478.5917358398438, 804.2561645507812], [626.0411987304688, 707.0525512695312], [504.67333984375, 727.4097290039062], [1570.4237060546875, 771.6657104492188], [749.3818969726562, 570.6131591796875], [1273.8377685546875, 544.6571655273438], [1036.8567504882812, 524.9798583984375], [951.5870361328125, 517.0989990234375], [1104.0, 593.0999755859375], [997.7481689453125, 514.198486328125]]",425377792,410910720,425377792,640,yolo26m_int8_640_ncnn_model,MOT17-02
11,,,11,"[1, 2, 3, 4, 5, 6, 7, 8, 13, 9, 14]","[[1407.95947265625, 412.486572265625, 1568.960205078125, 799.5770874023438], [580.2786254882812, 443.9378662109375, 674.0101318359375, 705.2264404296875], [442.81549072265625, 446.0275573730469, 566.129638671875, 727.3245239257812], [1506.4771728515625, 426.9976501464844, 1653.79052734375, 772.23486328125], [730.768798828125, 471.7457275390625, 766.866455078125, 572.1257934570312], [1255.80224609375, 444.6590881347656, 1291.316650390625, 544.0753173828125], [1017.8900756835938, 432.0730285644531, 1055.3677978515625, 524.8800659179688], [934.7822875976562, 434.5448303222656, 969.2611694335938, 515.8353881835938], [1076.1392822265625, 480.08929443359375, 1129.5562744140625, 594.3674926757812], [982.8037109375, 452.36004638671875, 1010.81640625, 513.2941284179688], [1377.5059814453125, 435.82501220703125, 1430.4940185546875, 560.7750244140625]]","[0.787109375, 0.73583984375, 0.775390625, 0.70947265625, 0.64306640625, 0.50390625, 0.49755859375, 0.47021484375, 0.32373046875, 0.338134765625, 0.39501953125]","[[1488.4598388671875, 799.5770874023438], [627.1443786621094, 705.2264404296875], [504.4725646972656, 727.3245239257812], [1580.1338500976562, 772.23486328125], [748.817626953125, 572.1257934570312], [1273.5594482421875, 544.0753173828125], [1036.6289367675781, 524.8800659179688], [952.021728515625, 515.8353881835938], [1102.8477783203125, 594.3674926757812], [996.81005859375, 513.2941284179688], [1404.0, 560.7750244140625]]",425377792,410910720,425377792,640,yolo26m_int8_640_ncnn_model,MOT17-02
12,,,7,"[1, 2, 3, 4, 5, 6, 8]","[[1419.11279296875, 409.600830078125, 1577.740234375, 799.2354736328125], [579.501708984375, 441.8753967285156, 674.6239013671875, 706.0411987304688], [443.3496398925781, 446.08917236328125, 566.8934326171875, 727.2797241210938], [1521.0460205078125, 423.8004455566406, 1668.07275390625, 773.6953735351562], [731.2160034179688, 473.2944030761719, 766.9844970703125, 572.9215087890625], [1256.0789794921875, 444.736572265625, 1291.85546875, 544.8646850585938], [934.3953857421875, 435.4093322753906, 969.0097045898438, 517.3922729492188]]","[0.7734375, 0.75146484375, 0.78515625, 0.455810546875, 0.619140625, 0.5068359375, 0.48291015625]","[[1498.426513671875, 799.2354736328125], [627.0628051757812, 706.0411987304688], [505.1215362548828, 727.2797241210938], [1594.5593872070312, 773.6953735351562], [749.1002502441406, 572.9215087890625], [1273.9672241210938, 544.8646850585938], [951.7025451660156, 517.3922729492188]]",425377792,410910720,425377792,640,yolo26m_int8_640_ncnn_model,MOT17-02
13,,,8,"[1, 2, 3, 4, 5, 6, 8, 13]","[[1429.956787109375, 407.82574462890625, 1586.760009765625, 800.8309326171875], [579.0458984375, 441.37310791015625, 675.0164184570312, 707.0936889648438], [439.8558349609375, 437.56927490234375, 569.3140869140625, 731.7643432617188], [1531.6444091796875, 422.63262939453125, 1679.801025390625, 780.1976928710938], [729.9345703125, 471.63092041015625, 766.98486328125, 575.4414672851562], [1256.7935791015625, 445.01336669921875, 1292.45361328125, 544.906005859375], [934.7818603515625, 434.2181091308594, 969.4197387695312, 516.4679565429688], [1075.498779296875, 480.2026062011719, 1129.3482666015625, 595.5267944335938]]","[0.76318359375, 0.7666015625, 0.77880859375, 0.6103515625, 0.5908203125, 0.442138671875, 0.437255859375, 0.27978515625]","[[1508.3583984375, 800.8309326171875], [627.0311584472656, 707.0936889648438], [504.5849609375, 731.7643432617188], [1605.7227172851562, 780.1976928710938], [748.459716796875, 575.4414672851562], [1274.6235961914062, 544.906005859375], [952.1007995605469, 516.4679565429688], [1102.4235229492188, 595.5267944335938]]",425377792,410910720,425377792,640,yolo26m_int8_640_ncnn_model,MOT17-02
14,,,8,"[1, 2, 3, 4, 5, 6, 8, 13]","[[1436.9051513671875, 402.49664306640625, 1593.6871337890625, 801.1631469726562], [579.6021728515625, 439.9605712890625, 676.423583984375, 707.738525390625], [442.14849853515625, 443.49945068359375, 569.0507202148438, 731.20263671875], [1542.0653076171875, 420.0137939453125, 1693.112060546875, 787.8153686523438], [730.4083862304688, 475.1689147949219, 766.5258178710938, 576.113525390625], [1255.9976806640625, 444.3651428222656, 1291.7508544921875, 544.6671752929688], [933.782470703125, 434.7619934082031, 968.7506103515625, 518.120361328125], [1075.715087890625, 480.41021728515625, 1129.0609130859375, 594.3235473632812]]","[0.7783203125, 0.76318359375, 0.79248046875, 0.69873046875, 0.55224609375, 0.48291015625, 0.439453125, 0.29150390625]","[[1515.296142578125, 801.1631469726562], [628.0128784179688, 707.738525390625], [505.599609375, 731.20263671875], [1617.5886840820312, 787.8153686523438], [748.4671020507812, 576.113525390625], [1273.874267578125, 544.6671752929688], [951.2665405273438, 518.120361328125], [1102.3880004882812, 594.3235473632812]]",425377792,410910720,425377792,640,yolo26m_int8_640_ncnn_model,MOT17-02
15,,,8,"[1, 2, 3, 4, 5, 6, 8, 13]","[[1450.8052978515625, 417.8163146972656, 1605.2232666015625, 807.6836547851562], [578.553466796875, 439.1999816894531, 675.2342529296875, 707.2325439453125], [441.5299377441406, 445.1102600097656, 567.9074096679688, 730.6886596679688], [1561.952392578125, 426.64227294921875, 1709.185302734375, 786.02978515625], [729.1004028320312, 471.0567626953125, 766.8469848632812, 576.8250122070312], [1256.168701171875, 444.3691101074219, 1292.0164794921875, 545.3214111328125], [934.541259765625, 433.225341796875, 969.375732421875, 516.5069580078125], [1073.69775390625, 477.0074157714844, 1128.950439453125, 595.236572265625]]","[0.7880859375, 0.76171875, 0.79150390625, 0.73974609375, 0.5927734375, 0.4306640625, 0.45263671875, 0.327880859375]","[[1528.0142822265625, 807.6836547851562], [626.8938598632812, 707.2325439453125], [504.7186737060547, 730.6886596679688], [1635.56884765625, 786.02978515625], [747.9736938476562, 576.8250122070312], [1274.0925903320312, 545.3214111328125], [951.95849609375, 516.5069580078125], [1101.3240966796875, 595.236572265625]]",425377792,410910720,425377792,640,yolo26m_int8_640_ncnn_model,MOT17-02
16,,,8,"[1, 2, 3, 4, 5, 6, 8, 13]","[[1460.352294921875, 412.3033752441406, 1621.6865234375, 813.6554565429688], [577.5035400390625, 439.43292236328125, 674.4339599609375, 708.52197265625], [440.51666259765625, 448.44940185546875, 565.730712890625, 730.7243041992188], [1574.8380126953125, 426.0640869140625, 1721.4356689453125, 782.500732421875], [729.0364379882812, 470.5199890136719, 766.551513671875, 576.0977172851562], [1255.990478515625, 443.8744812011719, 1292.3653564453125, 546.0613403320312], [934.3414306640625, 433.6329345703125, 969.1356811523438, 516.8861083984375], [1072.8349609375, 479.4073486328125, 1127.049072265625, 595.03271484375]]","[0.79150390625, 0.77587890625, 0.75927734375, 0.74755859375, 0.53662109375, 0.46044921875, 0.44287109375, 0.3173828125]","[[1541.0194091796875, 813.6554565429688], [625.96875, 708.52197265625], [503.1236877441406, 730.7243041992188], [1648.1368408203125, 782.500732421875], [747.7939758300781, 576.0977172851562], [1274.1779174804688, 546.0613403320312], [951.7385559082031, 516.8861083984375], [1099.9420166015625, 595.03271484375]]",425377792,410910720,425377792,640,yolo26m_int8_640_ncnn_model,MOT17-02
17,,,8,"[1, 2, 3, 4, 5, 6, 8, 13]","[[1472.3050537109375, 409.29132080078125, 1640.5457763671875, 815.8228759765625], [577.9268188476562, 440.2869873046875, 674.3051147460938, 708.2605590820312], [442.4345397949219, 452.6864929199219, 566.584716796875, 732.716796875], [1585.0123291015625, 427.8521423339844, 1733.92138671875, 786.1017456054688], [727.9850463867188, 462.9212646484375, 767.4716796875, 575.2793579101562], [1254.67138671875, 444.182861328125, 1290.787109375, 545.841064453125], [933.99951171875, 434.2857360839844, 968.3367919921875, 516.534912109375], [1073.9381103515625, 481.88238525390625, 1127.0224609375, 595.4462890625]]","[0.8037109375, 0.7666015625, 0.75927734375, 0.712890625, 0.568359375, 0.400634765625, 0.424072265625, 0.25048828125]","[[1556.4254150390625, 815.8228759765625], [626.115966796875, 708.2605590820312], [504.50962829589844, 732.716796875], [1659.4668579101562, 786.1017456054688], [747.7283630371094, 575.2793579101562], [1272.729248046875, 545.841064453125], [951.1681518554688, 516.534912109375], [1100.4802856445312, 595.4462890625]]",425377792,410910720,425377792,640,yolo26m_int8_640_ncnn_model,MOT17-02
18,,,7,"[1, 2, 3, 4, 5, 6, 8]","[[1482.0941162109375, 424.8710632324219, 1651.739013671875, 819.5324096679688], [577.915771484375, 440.1352844238281, 674.436767578125, 708.6481323242188], [443.9295654296875, 451.9941101074219, 568.6072998046875, 733.6923217773438], [1593.2333984375, 428.5364685058594, 1743.4442138671875, 787.4197387695312], [727.2610473632812, 461.04718017578125, 767.1875, 575.926025390625], [1255.252685546875, 444.3029479980469, 1291.092041015625, 545.7487182617188], [933.8004760742188, 433.7835388183594, 968.1262817382812, 516.154541015625]]","[0.8271484375, 0.779296875, 0.71435546875, 0.68896484375, 0.58349609375, 0.4013671875, 0.426025390625]","[[1566.9165649414062, 819.5324096679688], [626.17626953125, 708.6481323242188], [506.2684326171875, 733.6923217773438], [1668.3388061523438, 787.4197387695312], [747.2242736816406, 575.926025390625], [1273.17236328125, 545.7487182617188], [950.96337890625, 516.154541015625]]",425377792,410910720,425377792,640,yolo26m_int8_640_ncnn_model,MOT17-02
19,,,7,"[1, 2, 3, 4, 5, 6, 8]","[[1482.7115478515625, 415.2019348144531, 1664.240478515625, 824.6139526367188], [579.3512573242188, 438.11004638671875, 677.0164184570312, 708.786865234375], [444.5521545410156, 450.4596862792969, 570.2652587890625, 735.27587890625], [1601.302734375, 429.793212890625, 1753.2376708984375, 793.8116455078125], [726.7925415039062, 459.37310791015625, 767.2650756835938, 576.1604614257812], [1255.1549072265625, 444.8452453613281, 1290.545166015625, 545.2120361328125], [933.7180786132812, 433.5947265625, 968.0756225585938, 516.015625]]","[0.84912109375, 0.78369140625, 0.75244140625, 0.6298828125, 0.55908203125, 0.43505859375, 0.406982421875]","[[1573.4760131835938, 824.6139526367188], [628.183837890625, 708.786865234375], [507.40870666503906, 735.27587890625], [1677.2702026367188, 793.8116455078125], [747.02880859375, 576.1604614257812], [1272.8500366210938, 545.2120361328125], [950.8968505859375, 516.015625]]",425377792,410910720,425377792,640,yolo26m_int8_640_ncnn_model,MOT17-02
20,,,7,"[1, 2, 3, 4, 5, 6, 8]","[[1483.7010498046875, 412.8706359863281, 1673.5811767578125, 829.1251220703125], [581.1751708984375, 439.82977294921875, 678.6847534179688, 708.3377685546875], [448.6463317871094, 450.1011962890625, 572.9307250976562, 733.6216430664062], [1607.101806640625, 434.9465637207031, 1757.48095703125, 793.4729614257812], [726.0469970703125, 457.5440979003906, 766.8976440429688, 575.50390625], [1253.599365234375, 445.5480041503906, 1288.8795166015625, 546.4989624023438], [933.6590576171875, 433.5239562988281, 968.10498046875, 515.9675903320312]]","[0.83056640625, 0.76806640625, 0.775390625, 0.4443359375, 0.5771484375, 0.446044921875, 0.43310546875]","[[1578.64111328125, 829.1251220703125], [629.9299621582031, 708.3377685546875], [510.7885284423828, 733.6216430664062], [1682.2913818359375, 793.4729614257812], [746.4723205566406, 575.50390625], [1271.2394409179688, 546.4989624023438], [950.8820190429688, 515.9675903320312]]",425377792,410910720,425377792,640,yolo26m_int8_640_ncnn_model,MOT17-02
21,,,7,"[1, 2, 3, 4, 5, 6, 8]","[[1485.52783203125, 416.6312561035156, 1680.90283203125, 831.9974365234375], [584.0809326171875, 441.0034484863281, 682.05908203125, 708.6548461914062], [452.14886474609375, 448.20263671875, 575.9237670898438, 733.7061157226562], [1618.024169921875, 427.47857666015625, 1769.42041015625, 790.7757568359375], [727.8504638671875, 457.117919921875, 766.6217651367188, 568.1708984375], [1253.5772705078125, 446.0556335449219, 1288.70263671875, 546.7288818359375], [932.7203369140625, 434.2430419921875, 967.0651245117188, 516.2020263671875]]","[0.82763671875, 0.7783203125, 0.7666015625, 0.5673828125, 0.343994140625, 0.44287109375, 0.44482421875]","[[1583.21533203125, 831.9974365234375], [633.0700073242188, 708.6548461914062], [514.0363159179688, 733.7061157226562], [1693.7222900390625, 790.7757568359375], [747.2361145019531, 568.1708984375], [1271.1399536132812, 546.7288818359375], [949.8927307128906, 516.2020263671875]]",425377792,410910720,425377792,640,yolo26m_int8_640_ncnn_model,MOT17-02
22,,,8,"[1, 2, 3, 4, 5, 6, 8, 28]","[[1485.90771484375, 414.8973693847656, 1687.2486572265625, 833.2391967773438], [585.5485229492188, 441.20648193359375, 684.412353515625, 708.0244750976562], [453.9228820800781, 446.733642578125, 577.5126342773438, 735.4527587890625], [1624.6824951171875, 426.4062805175781, 1774.690185546875, 791.9447631835938], [727.6512451171875, 456.5187683105469, 766.4423217773438, 565.7650756835938], [1253.383544921875, 445.0011291503906, 1288.8463134765625, 546.0635375976562], [932.9700317382812, 434.26617431640625, 967.0830688476562, 515.548095703125], [1418.4027099609375, 428.54998779296875, 1460.0972900390625, 558.1500244140625]]","[0.8271484375, 0.78759765625, 0.74267578125, 0.6474609375, 0.278076171875, 0.39697265625, 0.4443359375, 0.38525390625]","[[1586.5781860351562, 833.2391967773438], [634.9804382324219, 708.0244750976562], [515.7177581787109, 735.4527587890625], [1699.6863403320312, 791.9447631835938], [747.0467834472656, 565.7650756835938], [1271.1149291992188, 546.0635375976562], [950.0265502929688, 515.548095703125], [1439.25, 558.1500244140625]]",425377792,410910720,425377792,640,yolo26m_int8_640_ncnn_model,MOT17-02
23,,,8,"[1, 2, 3, 4, 6, 8, 28, 13]","[[1488.9892578125, 407.8489990234375, 1697.9466552734375, 834.1100463867188], [585.3377075195312, 439.7982177734375, 685.5138549804688, 707.2852783203125], [456.7976989746094, 445.1863098144531, 579.7730712890625, 735.1097412109375], [1632.7861328125, 425.516357421875, 1782.2618408203125, 793.8285522460938], [1250.7459716796875, 445.0946044921875, 1286.532470703125, 547.2929077148438], [933.1310424804688, 434.7710876464844, 967.0466918945312, 515.803955078125], [1421.864990234375, 427.4616394042969, 1464.654541015625, 559.4674682617188], [1072.4229736328125, 479.17523193359375, 1126.40185546875, 595.265869140625]]","[0.8076171875, 0.794921875, 0.76171875, 0.68408203125, 0.390869140625, 0.4921875, 0.51904296875, 0.28857421875]","[[1593.4679565429688, 834.1100463867188], [635.42578125, 707.2852783203125], [518.2853851318359, 735.1097412109375], [1707.5239868164062, 793.8285522460938], [1268.6392211914062, 547.2929077148438], [950.0888671875, 515.803955078125], [1443.259765625, 559.4674682617188], [1099.4124145507812, 595.265869140625]]",425377792,410910720,425377792,640,yolo26m_int8_640_ncnn_model,MOT17-02
24,,,8,"[1, 2, 3, 4, 6, 8, 28, 13]","[[1488.6279296875, 411.5422668457031, 1699.1278076171875, 835.8287963867188], [585.971923828125, 440.26397705078125, 687.13916015625, 707.99658203125], [459.952392578125, 444.1039733886719, 582.9224243164062, 737.4257202148438], [1641.7752685546875, 422.7292175292969, 1790.40234375, 794.0115356445312], [1251.9788818359375, 445.8687438964844, 1287.4014892578125, 547.0120849609375], [932.7261962890625, 434.4598693847656, 966.5213623046875, 515.4065551757812], [1426.8895263671875, 431.40313720703125, 1469.290771484375, 560.2079467773438], [1070.99853515625, 477.3819274902344, 1125.70703125, 594.6954345703125]]","[0.82177734375, 0.78759765625, 0.7470703125, 0.625, 0.376953125, 0.498046875, 0.486572265625, 0.346435546875]","[[1593.8778686523438, 835.8287963867188], [636.5555419921875, 707.99658203125], [521.4374084472656, 737.4257202148438], [1716.0888061523438, 794.0115356445312], [1269.690185546875, 547.0120849609375], [949.623779296875, 515.4065551757812], [1448.0901489257812, 560.2079467773438], [1098.352783203125, 594.6954345703125]]",425377792,410910720,425377792,640,yolo26m_int8_640_ncnn_model,MOT17-02
25,,,8,"[1, 2, 3, 4, 6, 8, 28, 13]","[[1492.3382568359375, 412.02117919921875, 1704.9298095703125, 838.3629760742188], [586.1281127929688, 441.1918029785156, 688.7693481445312, 711.486572265625], [459.8268127441406, 439.7627868652344, 584.353271484375, 740.2529296875], [1651.0413818359375, 420.701904296875, 1798.82470703125, 796.008056640625], [1250.40478515625, 445.16851806640625, 1285.846923828125, 546.8951416015625], [932.390380859375, 434.33953857421875, 966.5255737304688, 516.255615234375], [1429.6839599609375, 434.1288757324219, 1471.5931396484375, 558.9842529296875], [1071.4425048828125, 464.8748779296875, 1130.505126953125, 594.505126953125]]","[0.80908203125, 0.77685546875, 0.7783203125, 0.68359375, 0.39453125, 0.46044921875, 0.42529296875, 0.3798828125]","[[1598.634033203125, 838.3629760742188], [637.44873046875, 711.486572265625], [522.0900421142578, 740.2529296875], [1724.9330444335938, 796.008056640625], [1268.1258544921875, 546.8951416015625], [949.4579772949219, 516.255615234375], [1450.6385498046875, 558.9842529296875], [1100.9738159179688, 594.505126953125]]",425377792,410910720,425377792,640,yolo26m_int8_640_ncnn_model,MOT17-02
26,,,9,"[1, 2, 3, 4, 6, 8, 28, 13, 5]","[[1495.9859619140625, 406.312255859375, 1710.308349609375, 835.306640625], [586.2025756835938, 441.5461120605469, 689.3121337890625, 711.8093872070312], [464.1628723144531, 442.0391845703125, 586.7745361328125, 739.3462524414062], [1660.481689453125, 417.7445373535156, 1807.2860107421875, 794.026611328125], [1250.2667236328125, 444.40826416015625, 1285.8277587890625, 546.3512573242188], [932.5899047851562, 435.034423828125, 966.218505859375, 515.8352661132812], [1429.9351806640625, 434.6554870605469, 1472.6387939453125, 558.83447265625], [1074.9853515625, 458.64337158203125, 1135.5401611328125, 594.1976318359375], [727.8779907226562, 457.0025329589844, 766.7023315429688, 562.5338745117188]]","[0.75732421875, 0.7705078125, 0.76318359375, 0.47900390625, 0.377685546875, 0.359130859375, 0.51513671875, 0.51171875, 0.344482421875]","[[1603.1471557617188, 835.306640625], [637.7573547363281, 711.8093872070312], [525.4687042236328, 739.3462524414062], [1733.8838500976562, 794.026611328125], [1268.0472412109375, 546.3512573242188], [949.4042053222656, 515.8352661132812], [1451.2869873046875, 558.83447265625], [1105.2627563476562, 594.1976318359375], [747.2901611328125, 562.5338745117188]]",425377792,410910720,425377792,640,yolo26m_int8_640_ncnn_model,MOT17-02
27,,,9,"[1, 2, 3, 4, 6, 8, 28, 13, 5]","[[1507.20751953125, 404.4013671875, 1719.7435302734375, 831.85009765625], [584.889404296875, 441.68218994140625, 688.8165283203125, 712.9044189453125], [465.8014221191406, 442.4587707519531, 586.6295776367188, 737.46923828125], [1678.0218505859375, 417.13983154296875, 1827.4326171875, 794.7029418945312], [1249.945556640625, 444.61456298828125, 1285.1356201171875, 545.6456909179688], [932.740478515625, 435.0481872558594, 966.0487060546875, 514.9281616210938], [1430.688720703125, 435.0285949707031, 1474.2193603515625, 558.5147094726562], [1076.0809326171875, 455.23870849609375, 1136.95263671875, 594.0719604492188], [726.9535522460938, 459.31695556640625, 766.1490478515625, 562.2623291015625]]","[0.83251953125, 0.78271484375, 0.75341796875, 0.5693359375, 0.376953125, 0.3798828125, 0.54296875, 0.41162109375, 0.287353515625]","[[1613.4755249023438, 831.85009765625], [636.8529663085938, 712.9044189453125], [526.2154998779297, 737.46923828125], [1752.7272338867188, 794.7029418945312], [1267.5405883789062, 545.6456909179688], [949.3945922851562, 514.9281616210938], [1452.4540405273438, 558.5147094726562], [1106.5167846679688, 594.0719604492188], [746.5513000488281, 562.2623291015625]]",425377792,410910720,425377792,640,yolo26m_int8_640_ncnn_model,MOT17-02
28,,,9,"[1, 2, 3, 4, 6, 8, 28, 13, 5]","[[1517.453125, 403.2147216796875, 1728.7135009765625, 834.9054565429688], [584.7096557617188, 440.49749755859375, 689.7429809570312, 714.5377807617188], [466.8261413574219, 440.4022521972656, 588.0254516601562, 739.9539794921875], [1687.7213134765625, 417.6878662109375, 1839.2822265625, 797.146728515625], [1249.856201171875, 446.1859130859375, 1284.87646484375, 546.8668823242188], [931.7890625, 435.049072265625, 965.0133056640625, 514.5917358398438], [1430.2274169921875, 432.9964904785156, 1475.279296875, 558.4027709960938], [1076.846923828125, 453.9713134765625, 1137.1495361328125, 594.0220336914062], [727.3001708984375, 460.5788269042969, 767.3433227539062, 562.6802368164062]]","[0.822265625, 0.79443359375, 0.75390625, 0.744140625, 0.42041015625, 0.400390625, 0.61376953125, 0.56982421875, 0.311279296875]","[[1623.0833129882812, 834.9054565429688], [637.226318359375, 714.5377807617188], [527.4257965087891, 739.9539794921875], [1763.5017700195312, 797.146728515625], [1267.3663330078125, 546.8668823242188], [948.4011840820312, 514.5917358398438], [1452.7533569335938, 558.4027709960938], [1106.9982299804688, 594.0220336914062], [747.3217468261719, 562.6802368164062]]",425377792,410910720,425377792,640,yolo26m_int8_640_ncnn_model,MOT17-02
29,,,9,"[1, 2, 3, 4, 6, 8, 28, 13, 5]","[[1528.781005859375, 396.1611328125, 1737.9500732421875, 834.7890014648438], [585.7523803710938, 438.5716552734375, 691.8997192382812, 716.6151123046875], [469.5191650390625, 440.1338806152344, 588.1127319335938, 736.4450073242188], [1691.4222412109375, 416.7007141113281, 1845.0184326171875, 798.290771484375], [1249.8514404296875, 446.2787780761719, 1284.78271484375, 546.828369140625], [931.4252319335938, 434.54754638671875, 964.6522827148438, 513.973876953125], [1431.826171875, 433.006103515625, 1477.8441162109375, 559.6473388671875], [1078.3060302734375, 452.8327331542969, 1137.9713134765625, 593.7603149414062], [726.1991577148438, 461.54095458984375, 768.0052490234375, 566.3673706054688]]","[0.80126953125, 0.7744140625, 0.74169921875, 0.67822265625, 0.37646484375, 0.3671875, 0.5458984375, 0.544921875, 0.300048828125]","[[1633.3655395507812, 834.7890014648438], [638.8260498046875, 716.6151123046875], [528.8159484863281, 736.4450073242188], [1768.2203369140625, 798.290771484375], [1267.3170776367188, 546.828369140625], [948.0387573242188, 513.973876953125], [1454.8351440429688, 559.6473388671875], [1108.138671875, 593.7603149414062], [747.1022033691406, 566.3673706054688]]",425377792,410910720,425377792,640,yolo26m_int8_640_ncnn_model,MOT17-02
30,,,9,"[1, 2, 3, 4, 6, 8, 28, 13, 5]","[[1546.833740234375, 396.2117004394531, 1750.757080078125, 835.9237670898438], [588.7036743164062, 442.02154541015625, 692.089111328125, 715.1705322265625], [470.422119140625, 440.30059814453125, 588.14111328125, 735.8131103515625], [1693.23193359375, 419.31060791015625, 1850.0130615234375, 803.6132202148438], [1250.0211181640625, 446.5562744140625, 1284.6063232421875, 546.5614624023438], [931.1950073242188, 435.1034851074219, 964.6329956054688, 514.9937744140625], [1434.4617919921875, 432.4779357910156, 1480.645263671875, 558.5827026367188], [1079.4296875, 453.6842956542969, 1137.69580078125, 593.4163208007812], [723.9414672851562, 461.1514587402344, 767.6303100585938, 569.4672241210938]]","[0.82373046875, 0.74853515625, 0.734375, 0.7119140625, 0.4375, 0.38916015625, 0.63037109375, 0.467041015625, 0.295166015625]","[[1648.79541015625, 835.9237670898438], [640.3963928222656, 715.1705322265625], [529.2816162109375, 735.8131103515625], [1771.6224975585938, 803.6132202148438], [1267.313720703125, 546.5614624023438], [947.9140014648438, 514.9937744140625], [1457.5535278320312, 558.5827026367188], [1108.562744140625, 593.4163208007812], [745.785888671875, 569.4672241210938]]",425377792,410910720,425377792,640,yolo26m_int8_640_ncnn_model,MOT17-02
31,377.33675799972843,0.0,8,"[1, 2, 3, 4, 6, 8, 28, 13]","[[1565.79736328125, 399.4959411621094, 1764.6905517578125, 840.00048828125], [592.1495361328125, 441.37554931640625, 695.2548828125, 715.5718994140625], [472.31756591796875, 439.88458251953125, 589.4596557617188, 736.0632934570312], [1704.124755859375, 417.1341857910156, 1870.555419921875, 814.7012329101562], [1249.0367431640625, 445.9093017578125, 1283.62841796875, 546.2086181640625], [930.9886474609375, 435.06256103515625, 964.7667236328125, 515.6309204101562], [1437.5166015625, 431.75390625, 1483.4937744140625, 557.6743774414062], [1080.47412109375, 471.00762939453125, 1132.0340576171875, 595.0004272460938]]","[0.8115234375, 0.734375, 0.712890625, 0.72412109375, 0.38916015625, 0.43994140625, 0.489990234375, 0.390869140625]","[[1665.2439575195312, 840.00048828125], [643.7022094726562, 715.5718994140625], [530.8886108398438, 736.0632934570312], [1787.340087890625, 814.7012329101562], [1266.3325805664062, 546.2086181640625], [947.877685546875, 515.6309204101562], [1460.5051879882812, 557.6743774414062], [1106.2540893554688, 595.0004272460938]]",425377792,410910720,425377792,640,yolo26m_int8_640_ncnn_model,MOT17-02
32,367.9074890001175,0.0,8,"[1, 2, 3, 4, 6, 8, 28, 13]","[[1583.6690673828125, 397.5989685058594, 1782.3572998046875, 845.6929931640625], [593.29150390625, 440.637451171875, 696.5283813476562, 717.1875], [473.2377014160156, 440.9789733886719, 590.638427734375, 738.8734741210938], [1721.7998046875, 416.569091796875, 1891.536865234375, 812.7637939453125], [1250.3011474609375, 446.40545654296875, 1284.6278076171875, 546.322509765625], [931.3283081054688, 434.549560546875, 965.408935546875, 515.3787841796875], [1442.4547119140625, 428.7026062011719, 1488.63818359375, 557.0885620117188], [1079.383056640625, 460.494140625, 1134.305419921875, 594.601806640625]]","[0.8193359375, 0.71923828125, 0.69580078125, 0.6416015625, 0.398681640625, 0.43994140625, 0.481201171875, 0.361572265625]","[[1683.01318359375, 845.6929931640625], [644.9099426269531, 717.1875], [531.9380645751953, 738.8734741210938], [1806.6683349609375, 812.7637939453125], [1267.4644775390625, 546.322509765625], [948.3686218261719, 515.3787841796875], [1465.5464477539062, 557.0885620117188], [1106.84423828125, 594.601806640625]]",425377792,410910720,425377792,640,yolo26m_int8_640_ncnn_model,MOT17-02
33,366.9856379997327,0.0,8,"[1, 2, 3, 4, 6, 8, 28, 13]","[[1597.686279296875, 398.1375427246094, 1794.9166259765625, 849.5117797851562], [596.6947631835938, 439.8656005859375, 698.8958129882812, 717.2852783203125], [474.3053283691406, 442.1468505859375, 592.237060546875, 741.1630249023438], [1734.963134765625, 415.6415710449219, 1908.3238525390625, 818.5336303710938], [1251.254150390625, 445.59637451171875, 1285.553955078125, 545.3714599609375], [931.4144897460938, 434.84796142578125, 965.7130126953125, 515.778564453125], [1446.57666015625, 428.3184814453125, 1492.08154296875, 557.126220703125], [1079.3634033203125, 457.2032775878906, 1134.7308349609375, 594.2271728515625]]","[0.82861328125, 0.69775390625, 0.69921875, 0.74462890625, 0.452392578125, 0.446044921875, 0.5947265625, 0.32763671875]","[[1696.3014526367188, 849.5117797851562], [647.7952880859375, 717.2852783203125], [533.2711944580078, 741.1630249023438], [1821.6434936523438, 818.5336303710938], [1268.404052734375, 545.3714599609375], [948.5637512207031, 515.778564453125], [1469.3291015625, 557.126220703125], [1107.047119140625, 594.2271728515625]]",425377792,410910720,425377792,640,yolo26m_int8_640_ncnn_model,MOT17-02
34,371.3410800000929,0.0,8,"[1, 2, 3, 4, 6, 8, 28, 13]","[[1608.9683837890625, 397.40374755859375, 1808.7685546875, 856.7927856445312], [598.6409912109375, 438.3408508300781, 700.0486450195312, 717.544677734375], [474.34332275390625, 440.62225341796875, 593.6002807617188, 743.9896240234375], [1743.521728515625, 413.35430908203125, 1918.2816162109375, 821.632568359375], [1251.578369140625, 446.2815856933594, 1285.951904296875, 546.0068359375], [932.0087280273438, 434.96044921875, 966.2691040039062, 515.9306030273438], [1450.0924072265625, 427.4366455078125, 1495.204345703125, 556.9002685546875], [1078.9073486328125, 443.2641296386719, 1139.2252197265625, 595.0535888671875]]","[0.837890625, 0.708984375, 0.703125, 0.6259765625, 0.446044921875, 0.45361328125, 0.56494140625, 0.3017578125]","[[1708.8684692382812, 856.7927856445312], [649.3448181152344, 717.544677734375], [533.9718017578125, 743.9896240234375], [1830.9016723632812, 821.632568359375], [1268.76513671875, 546.0068359375], [949.138916015625, 515.9306030273438], [1472.6483764648438, 556.9002685546875], [1109.0662841796875, 595.0535888671875]]",425377792,410910720,425377792,640,yolo26m_int8_640_ncnn_model,MOT17-02
35,378.05883300006826,0.0,8,"[1, 2, 3, 4, 6, 8, 28, 35]","[[1618.885498046875, 395.68731689453125, 1821.4288330078125, 861.9374389648438], [600.6261596679688, 439.49517822265625, 700.1325073242188, 717.868408203125], [472.8907165527344, 439.55810546875, 593.032958984375, 747.49365234375], [1752.5584716796875, 413.7242431640625, 1920.0, 820.5346069335938], [1250.5421142578125, 445.7939453125, 1285.2813720703125, 546.0005493164062], [931.8819580078125, 435.2491760253906, 965.8483276367188, 515.7395629882812], [1452.6373291015625, 428.6058349609375, 1496.9405517578125, 557.31884765625], [1082.055908203125, 474.29998779296875, 1127.14404296875, 594.0]]","[0.837890625, 0.73388671875, 0.6943359375, 0.62255859375, 0.459716796875, 0.4189453125, 0.615234375, 0.3349609375]","[[1720.1571655273438, 861.9374389648438], [650.3793334960938, 717.868408203125], [532.9618377685547, 747.49365234375], [1836.2792358398438, 820.5346069335938], [1267.9117431640625, 546.0005493164062], [948.8651428222656, 515.7395629882812], [1474.7889404296875, 557.31884765625], [1104.5999755859375, 594.0]]",425377792,410910720,425377792,640,yolo26m_int8_640_ncnn_model,MOT17-02
36,370.74833899987425,0.0,10,"[1, 2, 3, 4, 6, 8, 28, 35, 36, 37]","[[1634.3870849609375, 399.2152099609375, 1839.2530517578125, 864.5494995117188], [602.6136474609375, 439.6983947753906, 700.808349609375, 718.2169189453125], [473.33392333984375, 438.91607666015625, 594.6744384765625, 751.9864501953125], [1758.7781982421875, 415.87017822265625, 1920.0, 823.9462280273438], [1250.1722412109375, 445.6078186035156, 1285.0140380859375, 545.9983520507812], [931.8475952148438, 436.5979309082031, 964.6868286132812, 514.4247436523438], [1454.5589599609375, 428.8125915527344, 1498.4019775390625, 557.7335815429688], [1082.40576171875, 473.1963806152344, 1128.188232421875, 594.8712768554688], [577.6978759765625, 451.3500061035156, 616.0021362304688, 589.6500244140625], [685.2152099609375, 475.3500061035156, 726.884765625, 653.8499755859375]]","[0.81201171875, 0.7265625, 0.69091796875, 0.53076171875, 0.439208984375, 0.3779296875, 0.6005859375, 0.413330078125, 0.40966796875, 0.399169921875]","[[1736.820068359375, 864.5494995117188], [651.7109985351562, 718.2169189453125], [534.0041809082031, 751.9864501953125], [1839.3890991210938, 823.9462280273438], [1267.5931396484375, 545.9983520507812], [948.2672119140625, 514.4247436523438], [1476.48046875, 557.7335815429688], [1105.2969970703125, 594.8712768554688], [596.8500061035156, 589.6500244140625], [706.0499877929688, 653.8499755859375]]",425377792,410910720,425377792,640,yolo26m_int8_640_ncnn_model,MOT17-02
37,369.52206300020407,0.0,10,"[1, 2, 3, 4, 6, 8, 28, 35, 36, 37]","[[1651.51025390625, 399.14019775390625, 1859.6644287109375, 861.0101928710938], [604.4085693359375, 440.02734375, 700.9152221679688, 716.1038208007812], [477.2440185546875, 443.8241271972656, 591.4873657226562, 737.7460327148438], [1766.830322265625, 416.4632568359375, 1920.0, 826.3954467773438], [1251.1986083984375, 446.2796325683594, 1285.73876953125, 546.245361328125], [931.36767578125, 435.5965270996094, 964.7214965820312, 514.4296264648438], [1457.1114501953125, 428.6474914550781, 1500.8968505859375, 558.1410522460938], [1082.3607177734375, 472.2507019042969, 1128.6954345703125, 595.7399291992188], [576.518798828125, 450.8862609863281, 615.0943603515625, 590.11376953125], [687.7951049804688, 475.4656066894531, 730.2013549804688, 656.2779541015625]]","[0.845703125, 0.73046875, 0.6123046875, 0.490478515625, 0.387939453125, 0.380615234375, 0.54248046875, 0.38427734375, 0.41943359375, 0.314208984375]","[[1755.5873413085938, 861.0101928710938], [652.6618957519531, 716.1038208007812], [534.3656921386719, 737.7460327148438], [1843.4151611328125, 826.3954467773438], [1268.4686889648438, 546.245361328125], [948.0445861816406, 514.4296264648438], [1479.004150390625, 558.1410522460938], [1105.528076171875, 595.7399291992188], [595.8065795898438, 590.11376953125], [708.9982299804688, 656.2779541015625]]",425377792,410910720,425377792,640,yolo26m_int8_640_ncnn_model,MOT17-02
38,368.5575089998565,0.0,10,"[1, 2, 3, 4, 6, 8, 28, 35, 36, 13]","[[1658.43603515625, 397.6509094238281, 1874.0484619140625, 864.9788818359375], [605.7852172851562, 440.9007568359375, 701.1489868164062, 716.5244140625], [478.11474609375, 444.2554626464844, 592.7831420898438, 739.64306640625], [1778.4176025390625, 422.6057434082031, 1920.0, 824.2948608398438], [1252.661376953125, 446.5333251953125, 1286.9354248046875, 546.3388671875], [932.1071166992188, 435.47479248046875, 965.8101806640625, 515.1787109375], [1461.5621337890625, 430.0767822265625, 1505.09619140625, 558.7916870117188], [1082.7296142578125, 470.3091125488281, 1129.548095703125, 595.4342651367188], [577.559326171875, 451.60540771484375, 615.6888427734375, 589.3945922851562], [1077.384521484375, 434.8912353515625, 1138.92578125, 593.9762573242188]]","[0.84423828125, 0.7314453125, 0.67822265625, 0.4697265625, 0.42138671875, 0.462158203125, 0.61083984375, 0.305419921875, 0.39013671875, 0.38330078125]","[[1766.2422485351562, 864.9788818359375], [653.4671020507812, 716.5244140625], [535.4489440917969, 739.64306640625], [1849.2088012695312, 824.2948608398438], [1269.7984008789062, 546.3388671875], [948.9586486816406, 515.1787109375], [1483.3291625976562, 558.7916870117188], [1106.1388549804688, 595.4342651367188], [596.6240844726562, 589.3945922851562], [1108.1551513671875, 593.9762573242188]]",425377792,410910720,425377792,640,yolo26m_int8_640_ncnn_model,MOT17-02
39,381.98221999982707,0.0,10,"[1, 2, 3, 4, 6, 8, 28, 35, 36, 13]","[[1653.978271484375, 402.7525634765625, 1875.9547119140625, 875.4867553710938], [607.9577026367188, 441.47802734375, 701.970947265625, 716.426025390625], [479.30609130859375, 447.8834533691406, 592.3279418945312, 738.836669921875], [1788.5048828125, 419.2598571777344, 1920.0, 821.1503295898438], [1255.4990234375, 444.6408996582031, 1290.0615234375, 544.38818359375], [931.4234619140625, 435.6736145019531, 965.21435546875, 515.2178955078125], [1463.519287109375, 428.8824157714844, 1508.191162109375, 557.7947387695312], [1082.6248779296875, 471.84539794921875, 1128.9564208984375, 595.3031616210938], [578.0130615234375, 451.5632019042969, 615.8147583007812, 588.3057861328125], [1078.36865234375, 434.746337890625, 1138.55859375, 593.3916625976562]]","[0.8212890625, 0.75537109375, 0.68505859375, 0.63671875, 0.489501953125, 0.435791015625, 0.5625, 0.266357421875, 0.40771484375, 0.474853515625]","[[1764.9664916992188, 875.4867553710938], [654.9643249511719, 716.426025390625], [535.8170166015625, 738.836669921875], [1854.25244140625, 821.1503295898438], [1272.7802734375, 544.38818359375], [948.3189086914062, 515.2178955078125], [1485.855224609375, 557.7947387695312], [1105.7906494140625, 595.3031616210938], [596.9139099121094, 588.3057861328125], [1108.463623046875, 593.3916625976562]]",425377792,410910720,425377792,640,yolo26m_int8_640_ncnn_model,MOT17-02
40,368.66093600019667,0.0,9,"[1, 2, 3, 4, 6, 8, 28, 35, 36]","[[1654.1337890625, 404.22760009765625, 1885.7569580078125, 887.7461547851562], [609.8626708984375, 443.181884765625, 702.5917358398438, 716.8758544921875], [479.68707275390625, 449.4928283691406, 593.137939453125, 741.2758178710938], [1797.661865234375, 415.2796936035156, 1920.0, 816.7030639648438], [1255.798583984375, 443.1822204589844, 1291.002685546875, 544.398193359375], [931.12353515625, 435.2507629394531, 965.030517578125, 514.7374877929688], [1465.1114501953125, 428.43341064453125, 1511.271240234375, 557.4187622070312], [1083.2308349609375, 481.7113952636719, 1125.94482421875, 594.4448852539062], [579.1848754882812, 450.7225341796875, 617.0120849609375, 587.6903076171875]]","[0.7919921875, 0.7431640625, 0.654296875, 0.59326171875, 0.5087890625, 0.442626953125, 0.59814453125, 0.257080078125, 0.465576171875]","[[1769.9453735351562, 887.7461547851562], [656.2272033691406, 716.8758544921875], [536.4125061035156, 741.2758178710938], [1858.8309326171875, 816.7030639648438], [1273.400634765625, 544.398193359375], [948.0770263671875, 514.7374877929688], [1488.1913452148438, 557.4187622070312], [1104.5878295898438, 594.4448852539062], [598.0984802246094, 587.6903076171875]]",425377792,410910720,425377792,640,yolo26m_int8_640_ncnn_model,MOT17-02
41,368.07556600024327,0.0,10,"[1, 2, 3, 4, 6, 8, 28, 35, 36, 7]","[[1653.4698486328125, 399.9081726074219, 1893.4525146484375, 892.310791015625], [611.0651245117188, 444.3157653808594, 704.2325439453125, 721.5076293945312], [478.80389404296875, 447.08734130859375, 593.9039916992188, 745.1627807617188], [1804.98388671875, 416.5014343261719, 1920.0, 820.1738891601562], [1256.1519775390625, 443.3795166015625, 1291.0867919921875, 543.66845703125], [931.5986938476562, 435.8335266113281, 965.3726806640625, 514.8056030273438], [1466.286865234375, 428.7637023925781, 1513.6341552734375, 556.7830810546875], [1082.913818359375, 483.645263671875, 1125.369873046875, 594.6630249023438], [579.91796875, 449.9049377441406, 617.5977783203125, 585.9110107421875], [1009.7969360351562, 447.33673095703125, 1045.2567138671875, 527.6207275390625]]","[0.82373046875, 0.732421875, 0.72021484375, 0.43212890625, 0.5009765625, 0.44287109375, 0.53271484375, 0.292724609375, 0.4580078125, 0.3896484375]","[[1773.461181640625, 892.310791015625], [657.6488342285156, 721.5076293945312], [536.3539428710938, 745.1627807617188], [1862.491943359375, 820.1738891601562], [1273.619384765625, 543.66845703125], [948.4856872558594, 514.8056030273438], [1489.9605102539062, 556.7830810546875], [1104.141845703125, 594.6630249023438], [598.7578735351562, 585.9110107421875], [1027.5268249511719, 527.6207275390625]]",425377792,410910720,425377792,640,yolo26m_int8_640_ncnn_model,MOT17-02
42,370.0427689996104,0.0,10,"[1, 2, 3, 4, 6, 8, 28, 35, 36, 7]","[[1655.1737060546875, 400.92242431640625, 1897.6527099609375, 893.1871948242188], [613.2047119140625, 445.22406005859375, 704.0648193359375, 717.8016357421875], [477.5167236328125, 445.181884765625, 595.0938110351562, 752.5179443359375], [1812.5260009765625, 406.112060546875, 1920.0, 822.446044921875], [1256.29248046875, 443.2186584472656, 1291.073974609375, 542.6521606445312], [931.1702270507812, 435.3065185546875, 965.1228637695312, 514.5852661132812], [1467.3402099609375, 428.14752197265625, 1515.68896484375, 556.2977905273438], [1082.576171875, 482.3939514160156, 1125.41943359375, 593.4215698242188], [580.1434326171875, 448.84027099609375, 618.3223876953125, 586.0922241210938], [1009.1282348632812, 446.691162109375, 1046.79833984375, 527.3798828125]]","[0.8056640625, 0.75390625, 0.73876953125, 0.5869140625, 0.44677734375, 0.427978515625, 0.5791015625, 0.284423828125, 0.4091796875, 0.3505859375]","[[1776.4132080078125, 893.1871948242188], [658.634765625, 717.8016357421875], [536.3052673339844, 752.5179443359375], [1866.2630004882812, 822.446044921875], [1273.6832275390625, 542.6521606445312], [948.1465454101562, 514.5852661132812], [1491.5145874023438, 556.2977905273438], [1103.997802734375, 593.4215698242188], [599.23291015625, 586.0922241210938], [1027.9632873535156, 527.3798828125]]",425377792,410910720,425377792,640,yolo26m_int8_640_ncnn_model,MOT17-02
43,379.86757499993473,0.0,9,"[1, 2, 3, 4, 6, 8, 28, 36, 37]","[[1660.7222900390625, 402.30853271484375, 1905.4014892578125, 894.3326416015625], [614.9778442382812, 445.5535583496094, 704.9225463867188, 716.3517456054688], [478.0516662597656, 447.6264343261719, 593.9846801757812, 752.1074829101562], [1818.973388671875, 394.8862609863281, 1920.0, 824.739501953125], [1256.291015625, 443.1668701171875, 1291.0906982421875, 542.2794799804688], [931.1051635742188, 435.6026306152344, 964.93798828125, 515.0003662109375], [1468.7818603515625, 428.41619873046875, 1517.2120361328125, 555.6253051757812], [579.61474609375, 448.4728088378906, 618.1294555664062, 586.1862182617188], [693.93701171875, 475.1947326660156, 738.603271484375, 664.781005859375]]","[0.82470703125, 0.7578125, 0.72021484375, 0.53759765625, 0.505859375, 0.435302734375, 0.583984375, 0.388671875, 0.2587890625]","[[1783.0618896484375, 894.3326416015625], [659.9501953125, 716.3517456054688], [536.0181732177734, 752.1074829101562], [1869.4866943359375, 824.739501953125], [1273.6908569335938, 542.2794799804688], [948.0215759277344, 515.0003662109375], [1492.9969482421875, 555.6253051757812], [598.8721008300781, 586.1862182617188], [716.2701416015625, 664.781005859375]]",425377792,410910720,425377792,640,yolo26m_int8_640_ncnn_model,MOT17-02
44,371.7306200001076,0.0,8,"[1, 2, 3, 6, 8, 28, 36, 35]","[[1666.60986328125, 397.4323425292969, 1913.77880859375, 894.1327514648438], [616.0161743164062, 444.66485595703125, 705.7716064453125, 715.8028564453125], [475.007568359375, 444.1181945800781, 593.7715454101562, 758.3109130859375], [1256.8095703125, 443.1553649902344, 1291.543701171875, 542.1515502929688], [931.1831665039062, 434.9704284667969, 964.7720947265625, 513.92041015625], [1471.554931640625, 429.7671813964844, 1519.3388671875, 555.13037109375], [578.2032470703125, 447.8487243652344, 617.205078125, 586.75439453125], [1081.9256591796875, 479.57489013671875, 1125.9591064453125, 592.7362060546875]]","[0.79541015625, 0.767578125, 0.73046875, 0.5205078125, 0.43359375, 0.57470703125, 0.39208984375, 0.3466796875]","[[1790.1943359375, 894.1327514648438], [660.8938903808594, 715.8028564453125], [534.3895568847656, 758.3109130859375], [1274.1766357421875, 542.1515502929688], [947.9776306152344, 513.92041015625], [1495.4468994140625, 555.13037109375], [597.7041625976562, 586.75439453125], [1103.9423828125, 592.7362060546875]]",425377792,410910720,425377792,640,yolo26m_int8_640_ncnn_model,MOT17-02
45,369.096122999963,0.0,9,"[1, 2, 3, 6, 8, 28, 36, 35, 37]","[[1676.387939453125, 394.35791015625, 1920.0, 894.1822509765625], [617.1475219726562, 444.5663146972656, 707.244140625, 716.3409423828125], [474.2026672363281, 443.7772216796875, 594.3099365234375, 763.5242309570312], [1257.642822265625, 443.65496826171875, 1292.0426025390625, 541.6189575195312], [931.1743774414062, 434.97869873046875, 964.754638671875, 514.2589721679688], [1473.0286865234375, 429.2790222167969, 1520.5089111328125, 554.9544677734375], [577.5991821289062, 450.9079284667969, 615.9172973632812, 587.737548828125], [1081.46142578125, 477.5103759765625, 1126.43017578125, 591.9192504882812], [696.2724609375, 470.46575927734375, 742.6362915039062, 665.220703125]]","[0.8173828125, 0.7734375, 0.734375, 0.55078125, 0.427001953125, 0.5517578125, 0.37255859375, 0.3046875, 0.273681640625]","[[1798.1939697265625, 894.1822509765625], [662.1958312988281, 716.3409423828125], [534.2563018798828, 763.5242309570312], [1274.8427124023438, 541.6189575195312], [947.9645080566406, 514.2589721679688], [1496.768798828125, 554.9544677734375], [596.7582397460938, 587.737548828125], [1103.94580078125, 591.9192504882812], [719.4543762207031, 665.220703125]]",425377792,410910720,425377792,640,yolo26m_int8_640_ncnn_model,MOT17-02
46,369.2265109998516,0.0,10,"[1, 2, 3, 6, 8, 28, 36, 35, 37, 7]","[[1688.35791015625, 398.3574523925781, 1920.0, 895.80126953125], [618.2023315429688, 442.5354309082031, 709.06298828125, 716.5437622070312], [474.205322265625, 443.40350341796875, 594.6674194335938, 765.7139282226562], [1257.748291015625, 443.3519287109375, 1292.409423828125, 541.9290771484375], [931.267333984375, 435.72601318359375, 964.6576538085938, 514.637939453125], [1476.502685546875, 430.08990478515625, 1522.8280029296875, 554.898193359375], [578.6022338867188, 453.0875244140625, 616.2178344726562, 587.1107788085938], [1081.861572265625, 477.028564453125, 1128.0389404296875, 594.3715209960938], [699.5239868164062, 468.7877502441406, 746.5762329101562, 664.8900756835938], [1010.3048706054688, 448.43475341796875, 1047.3111572265625, 522.5838012695312]]","[0.75634765625, 0.7939453125, 0.720703125, 0.475341796875, 0.39111328125, 0.6015625, 0.37255859375, 0.334716796875, 0.31982421875, 0.41796875]","[[1804.178955078125, 895.80126953125], [663.6326599121094, 716.5437622070312], [534.4363708496094, 765.7139282226562], [1275.078857421875, 541.9290771484375], [947.9624938964844, 514.637939453125], [1499.6653442382812, 554.898193359375], [597.4100341796875, 587.1107788085938], [1104.9502563476562, 594.3715209960938], [723.0501098632812, 664.8900756835938], [1028.8080139160156, 522.5838012695312]]",425377792,410910720,425377792,640,yolo26m_int8_640_ncnn_model,MOT17-02
47,379.4254480003474,0.0,10,"[1, 2, 3, 6, 8, 28, 36, 35, 37, 7]","[[1704.9622802734375, 394.4922180175781, 1920.0, 893.837158203125], [619.2371826171875, 443.24725341796875, 710.01220703125, 717.1128540039062], [473.1673889160156, 442.7730407714844, 593.3717651367188, 766.9656982421875], [1257.83544921875, 443.9862365722656, 1292.4720458984375, 542.3030395507812], [931.2781372070312, 436.00946044921875, 964.6513061523438, 514.784423828125], [1480.7744140625, 432.6372375488281, 1524.5404052734375, 553.6416625976562], [579.4590454101562, 455.15765380859375, 616.8602294921875, 587.6448974609375], [1081.7684326171875, 473.8985595703125, 1128.8865966796875, 593.3033447265625], [702.7189331054688, 471.1796569824219, 749.3687744140625, 663.767822265625], [1010.4053344726562, 449.6510925292969, 1048.5560302734375, 523.1215209960938]]","[0.74951171875, 0.78173828125, 0.7109375, 0.56982421875, 0.433837890625, 0.443359375, 0.410888671875, 0.406982421875, 0.3251953125, 0.384765625]","[[1812.4811401367188, 893.837158203125], [664.6246948242188, 717.1128540039062], [533.2695770263672, 766.9656982421875], [1275.1537475585938, 542.3030395507812], [947.9647216796875, 514.784423828125], [1502.6574096679688, 553.6416625976562], [598.1596374511719, 587.6448974609375], [1105.3275146484375, 593.3033447265625], [726.0438537597656, 663.767822265625], [1029.4806823730469, 523.1215209960938]]",425377792,410910720,425377792,640,yolo26m_int8_640_ncnn_model,MOT17-02
48,367.9673470001035,0.0,9,"[1, 2, 3, 6, 8, 36, 35, 37, 7]","[[1733.212646484375, 392.5486145019531, 1920.0, 889.5512084960938], [619.481201171875, 445.004150390625, 709.4315795898438, 715.8396606445312], [471.7787780761719, 444.2532653808594, 590.904052734375, 765.6497192382812], [1258.21728515625, 443.73382568359375, 1293.1103515625, 542.9510498046875], [931.6441040039062, 435.8654479980469, 965.284912109375, 515.0887451171875], [579.597412109375, 454.6419982910156, 617.267822265625, 587.0916748046875], [1082.2894287109375, 476.4143981933594, 1128.650146484375, 593.123291015625], [703.8080444335938, 469.0873718261719, 751.3961181640625, 663.3270874023438], [1009.3164672851562, 446.9532775878906, 1050.05712890625, 524.3068237304688]]","[0.73779296875, 0.794921875, 0.736328125, 0.59375, 0.491455078125, 0.41796875, 0.41015625, 0.3564453125, 0.41796875]","[[1826.6063232421875, 889.5512084960938], [664.4563903808594, 715.8396606445312], [531.3414154052734, 765.6497192382812], [1275.663818359375, 542.9510498046875], [948.4645080566406, 515.0887451171875], [598.4326171875, 587.0916748046875], [1105.4697875976562, 593.123291015625], [727.6020812988281, 663.3270874023438], [1029.6867980957031, 524.3068237304688]]",425377792,410910720,425377792,640,yolo26m_int8_640_ncnn_model,MOT17-02
49,368.9566980001473,0.0,9,"[1, 2, 3, 6, 8, 36, 35, 37, 7]","[[1751.2919921875, 390.8462219238281, 1920.0, 884.8642578125], [619.904052734375, 444.42120361328125, 709.776611328125, 714.60693359375], [470.9998779296875, 439.3966979980469, 592.169677734375, 766.542724609375], [1258.9718017578125, 444.1352233886719, 1293.703857421875, 542.7052001953125], [931.5181274414062, 435.80859375, 964.7996826171875, 514.2131958007812], [579.7197265625, 450.1680603027344, 618.3397827148438, 586.1396484375], [1083.63232421875, 480.4200134277344, 1128.4068603515625, 592.0401611328125], [699.1704711914062, 459.3796691894531, 750.1282958984375, 664.1500244140625], [1009.90966796875, 447.72613525390625, 1050.5986328125, 523.9876708984375]]","[0.72900390625, 0.77099609375, 0.73974609375, 0.6064453125, 0.480224609375, 0.37158203125, 0.27099609375, 0.385498046875, 0.462890625]","[[1835.64599609375, 884.8642578125], [664.84033203125, 714.60693359375], [531.5847778320312, 766.542724609375], [1276.3378295898438, 542.7052001953125], [948.1589050292969, 514.2131958007812], [599.0297546386719, 586.1396484375], [1106.0195922851562, 592.0401611328125], [724.6493835449219, 664.1500244140625], [1030.254150390625, 523.9876708984375]]",425377792,410910720,425377792,640,yolo26m_int8_640_ncnn_model,MOT17-02
50,368.1097359999512,0.0,9,"[1, 2, 3, 6, 8, 36, 35, 37, 28]","[[1763.5654296875, 391.2236022949219, 1920.0, 886.003173828125], [621.1397094726562, 443.4494323730469, 711.7332763671875, 714.8933715820312], [469.1317443847656, 442.4721984863281, 589.3267211914062, 765.8502197265625], [1259.114990234375, 444.0417785644531, 1294.0419921875, 542.8640747070312], [931.5086669921875, 435.7846374511719, 964.5772094726562, 513.88037109375], [580.0786743164062, 451.226318359375, 618.4129028320312, 586.0404052734375], [1083.9595947265625, 481.9463806152344, 1128.4840087890625, 591.6205444335938], [703.9705200195312, 465.9776611328125, 753.7534790039062, 663.9674072265625], [1494.9273681640625, 434.0694885253906, 1537.361572265625, 554.1110229492188]]","[0.76416015625, 0.7724609375, 0.74755859375, 0.60546875, 0.4580078125, 0.449951171875, 0.264892578125, 0.3896484375, 0.32958984375]","[[1841.78271484375, 886.003173828125], [666.4364929199219, 714.8933715820312], [529.2292327880859, 765.8502197265625], [1276.5784912109375, 542.8640747070312], [948.0429382324219, 513.88037109375], [599.2457885742188, 586.0404052734375], [1106.2218017578125, 591.6205444335938], [728.8619995117188, 663.9674072265625], [1516.1444702148438, 554.1110229492188]]",425377792,410910720,425377792,640,yolo26m_int8_640_ncnn_model,MOT17-02
51,377.49026599976787,0.0,8,"[1, 2, 3, 6, 8, 36, 37, 28]","[[1772.3221435546875, 390.90252685546875, 1920.0, 890.8497314453125], [621.733642578125, 443.0801086425781, 713.2568969726562, 716.9881591796875], [468.8270263671875, 438.7357482910156, 589.7965087890625, 764.5214233398438], [1259.197265625, 444.0072021484375, 1294.1121826171875, 542.9273681640625], [932.5215454101562, 436.2713317871094, 965.4690551757812, 514.2560424804688], [580.9784545898438, 450.64300537109375, 619.6543579101562, 587.012939453125], [703.0053100585938, 462.19317626953125, 754.4244995117188, 663.3822021484375], [1499.197509765625, 436.03289794921875, 1540.6446533203125, 553.4646606445312]]","[0.75634765625, 0.779296875, 0.7421875, 0.6142578125, 0.447265625, 0.3798828125, 0.408935546875, 0.392578125]","[[1846.1610717773438, 890.8497314453125], [667.4952697753906, 716.9881591796875], [529.311767578125, 764.5214233398438], [1276.6547241210938, 542.9273681640625], [948.9953002929688, 514.2560424804688], [600.31640625, 587.012939453125], [728.7149047851562, 663.3822021484375], [1519.9210815429688, 553.4646606445312]]",425377792,410910720,425377792,640,yolo26m_int8_640_ncnn_model,MOT17-02
52,374.68712000008964,0.0,9,"[1, 2, 3, 6, 8, 36, 37, 28, 7]","[[1778.8863525390625, 390.56060791015625, 1920.0, 889.9356689453125], [620.689697265625, 442.6930236816406, 713.0480346679688, 718.02783203125], [468.2228698730469, 440.045166015625, 589.0036010742188, 765.2095947265625], [1259.3009033203125, 444.2427062988281, 1294.0377197265625, 542.7063598632812], [932.8115234375, 435.9553527832031, 965.8953857421875, 514.8974609375], [582.1361083984375, 447.9508972167969, 621.2610473632812, 585.8965454101562], [699.1159057617188, 462.2878723144531, 751.2342529296875, 661.6847534179688], [1502.801513671875, 436.453369140625, 1544.5789794921875, 553.4931030273438], [1009.685791015625, 445.1972351074219, 1052.65478515625, 524.1880493164062]]","[0.72412109375, 0.78515625, 0.73974609375, 0.5966796875, 0.47314453125, 0.387939453125, 0.475341796875, 0.388427734375, 0.333740234375]","[[1849.4431762695312, 889.9356689453125], [666.8688659667969, 718.02783203125], [528.6132354736328, 765.2095947265625], [1276.6693115234375, 542.7063598632812], [949.3534545898438, 514.8974609375], [601.6985778808594, 585.8965454101562], [725.1750793457031, 661.6847534179688], [1523.6902465820312, 553.4931030273438], [1031.1702880859375, 524.1880493164062]]",425377792,410910720,425377792,640,yolo26m_int8_640_ncnn_model,MOT17-02
53,368.38879300012195,0.0,9,"[1, 2, 3, 6, 8, 36, 37, 28, 35]","[[1783.6075439453125, 388.7286071777344, 1920.0, 888.2969970703125], [620.8326416015625, 442.79400634765625, 713.3397827148438, 718.1697387695312], [467.0767822265625, 441.5517272949219, 587.1675415039062, 763.4534912109375], [1259.3697509765625, 444.58074951171875, 1293.95263671875, 542.3771362304688], [932.1956176757812, 435.58740234375, 964.7982788085938, 513.4097290039062], [581.0059204101562, 442.24639892578125, 621.4365234375, 586.2197265625], [697.7531127929688, 458.1432800292969, 752.2510375976562, 664.2549438476562], [1505.4482421875, 434.5992431640625, 1549.4837646484375, 554.5018310546875], [1081.7147216796875, 481.0165710449219, 1127.0750732421875, 591.7819213867188]]","[0.740234375, 0.771484375, 0.748046875, 0.61083984375, 0.482177734375, 0.393310546875, 0.28271484375, 0.59619140625, 0.26171875]","[[1851.8037719726562, 888.2969970703125], [667.0862121582031, 718.1697387695312], [527.1221618652344, 763.4534912109375], [1276.6611938476562, 542.3771362304688], [948.4969482421875, 513.4097290039062], [601.2212219238281, 586.2197265625], [725.0020751953125, 664.2549438476562], [1527.4660034179688, 554.5018310546875], [1104.3948974609375, 591.7819213867188]]",425377792,410910720,425377792,640,yolo26m_int8_640_ncnn_model,MOT17-02
54,369.2711250000684,0.0,9,"[1, 2, 3, 6, 8, 36, 37, 28, 35]","[[1788.7037353515625, 394.2407531738281, 1920.0, 891.3442993164062], [622.1478271484375, 443.5766296386719, 714.101806640625, 717.4724731445312], [467.383544921875, 440.64813232421875, 587.737548828125, 763.240966796875], [1259.8948974609375, 444.2100830078125, 1294.3924560546875, 541.7591552734375], [931.7800903320312, 435.94342041015625, 964.5513916015625, 514.3360595703125], [582.08642578125, 439.6275329589844, 623.3839111328125, 586.8331909179688], [696.5093994140625, 457.1062927246094, 751.8623046875, 662.7705688476562], [1506.2757568359375, 432.9171447753906, 1552.2591552734375, 554.8746948242188], [1082.3524169921875, 480.5758056640625, 1127.8863525390625, 591.0355834960938]]","[0.7314453125, 0.78759765625, 0.728515625, 0.619140625, 0.481201171875, 0.294189453125, 0.430908203125, 0.449951171875, 0.333740234375]","[[1854.3518676757812, 891.3442993164062], [668.1248168945312, 717.4724731445312], [527.560546875, 763.240966796875], [1277.1436767578125, 541.7591552734375], [948.1657409667969, 514.3360595703125], [602.7351684570312, 586.8331909179688], [724.1858520507812, 662.7705688476562], [1529.2674560546875, 554.8746948242188], [1105.119384765625, 591.0355834960938]]",425377792,410910720,425377792,640,yolo26m_int8_640_ncnn_model,MOT17-02
55,387.29868500013254,0.0,8,"[1, 2, 3, 6, 8, 36, 37, 28]","[[1791.9208984375, 399.3316345214844, 1920.0, 888.5010986328125], [623.03857421875, 445.1141357421875, 714.4295043945312, 717.9445190429688], [467.05059814453125, 438.58270263671875, 586.9439086914062, 760.9100341796875], [1259.356689453125, 443.8213195800781, 1294.2774658203125, 542.7743530273438], [932.35205078125, 436.5709533691406, 964.723876953125, 514.189453125], [582.6697998046875, 446.695556640625, 622.0003662109375, 586.8338012695312], [695.1073608398438, 452.80859375, 752.5671997070312, 664.1577758789062], [1508.5447998046875, 430.5506591796875, 1557.026611328125, 554.7655639648438]]","[0.67626953125, 0.75146484375, 0.7265625, 0.54638671875, 0.4921875, 0.38916015625, 0.39990234375, 0.331298828125]","[[1855.96044921875, 888.5010986328125], [668.7340393066406, 717.9445190429688], [526.9972534179688, 760.9100341796875], [1276.8170776367188, 542.7743530273438], [948.5379638671875, 514.189453125], [602.3350830078125, 586.8338012695312], [723.8372802734375, 664.1577758789062], [1532.7857055664062, 554.7655639648438]]",425377792,410910720,425377792,640,yolo26m_int8_640_ncnn_model,MOT17-02
56,370.1699959997313,0.0,8,"[1, 2, 3, 6, 8, 36, 37, 28]","[[1797.298583984375, 419.4501953125, 1920.0, 888.1296997070312], [621.3380126953125, 443.20831298828125, 713.54833984375, 718.6137084960938], [466.79351806640625, 438.3050842285156, 586.304931640625, 761.4896850585938], [1259.6590576171875, 442.6890563964844, 1294.699951171875, 542.1713256835938], [932.5005493164062, 436.5582275390625, 964.8607788085938, 514.3837280273438], [581.9774780273438, 448.2933044433594, 620.8195190429688, 586.0872192382812], [695.4833984375, 451.7083740234375, 754.3402099609375, 668.0963745117188], [1510.0166015625, 436.0361633300781, 1558.0142822265625, 554.2275390625]]","[0.62451171875, 0.76416015625, 0.7138671875, 0.61572265625, 0.4990234375, 0.412353515625, 0.35693359375, 0.287109375]","[[1858.6492919921875, 888.1296997070312], [667.4431762695312, 718.6137084960938], [526.5492248535156, 761.4896850585938], [1277.1795043945312, 542.1713256835938], [948.6806640625, 514.3837280273438], [601.3984985351562, 586.0872192382812], [724.9118041992188, 668.0963745117188], [1534.0154418945312, 554.2275390625]]",425377792,410910720,425377792,640,yolo26m_int8_640_ncnn_model,MOT17-02
57,371.55529199981174,0.0,7,"[1, 2, 3, 6, 8, 36, 37]","[[1802.0069580078125, 407.0482482910156, 1920.0, 879.6231689453125], [622.0278930664062, 443.2289123535156, 714.3093872070312, 719.10595703125], [467.9770202636719, 435.7427062988281, 587.776611328125, 760.2130737304688], [1260.2379150390625, 442.0137939453125, 1295.3670654296875, 542.1906127929688], [932.5808715820312, 436.54998779296875, 964.8865356445312, 514.4573364257812], [582.37353515625, 447.641845703125, 621.2103271484375, 585.0668334960938], [696.05615234375, 454.49969482421875, 755.0509643554688, 669.3628540039062]]","[0.60107421875, 0.748046875, 0.72314453125, 0.491455078125, 0.4794921875, 0.359619140625, 0.392578125]","[[1861.0034790039062, 879.6231689453125], [668.1686401367188, 719.10595703125], [527.8768157958984, 760.2130737304688], [1277.802490234375, 542.1906127929688], [948.7337036132812, 514.4573364257812], [601.7919311523438, 585.0668334960938], [725.5535583496094, 669.3628540039062]]",425377792,410910720,425377792,640,yolo26m_int8_640_ncnn_model,MOT17-02
58,370.3090899998642,0.0,8,"[1, 2, 3, 6, 8, 36, 37, 47]","[[1804.4437255859375, 412.9593811035156, 1920.0, 884.0068969726562], [622.8744506835938, 444.7215270996094, 714.958251953125, 719.7789306640625], [472.4131774902344, 436.7660827636719, 593.2645874023438, 763.6714477539062], [1260.1090087890625, 443.24517822265625, 1294.96240234375, 542.6949462890625], [932.9878540039062, 436.047607421875, 965.5097045898438, 514.9813842773438], [583.5150756835938, 450.1392517089844, 621.8367309570312, 584.9419555664062], [696.0546875, 452.448486328125, 756.489990234375, 672.0452880859375], [1535.97216796875, 450.82501220703125, 1566.02783203125, 551.1749877929688]]","[0.53271484375, 0.75537109375, 0.7333984375, 0.53564453125, 0.464111328125, 0.412841796875, 0.435791015625, 0.32861328125]","[[1862.2218627929688, 884.0068969726562], [668.9163513183594, 719.7789306640625], [532.8388824462891, 763.6714477539062], [1277.5357055664062, 542.6949462890625], [949.248779296875, 514.9813842773438], [602.6759033203125, 584.9419555664062], [726.2723388671875, 672.0452880859375], [1551.0, 551.1749877929688]]",425377792,410910720,425377792,640,yolo26m_int8_640_ncnn_model,MOT17-02
59,370.5175709997093,0.0,7,"[2, 3, 6, 8, 36, 37, 28]","[[622.4779052734375, 441.81689453125, 715.8745727539062, 721.5108642578125], [474.08551025390625, 438.16192626953125, 595.3549194335938, 763.9857788085938], [1260.4404296875, 443.47454833984375, 1295.3966064453125, 543.1381225585938], [933.2828369140625, 436.1033020019531, 965.5994262695312, 514.9312133789062], [581.4865112304688, 450.83795166015625, 619.50439453125, 584.1546630859375], [698.18310546875, 454.63006591796875, 759.2666015625, 674.0147705078125], [1511.2431640625, 438.746337890625, 1560.2763671875, 553.9847412109375]]","[0.75146484375, 0.732421875, 0.498046875, 0.44482421875, 0.465576171875, 0.490478515625, 0.29345703125]","[[669.1762390136719, 721.5108642578125], [534.72021484375, 763.9857788085938], [1277.9185180664062, 543.1381225585938], [949.4411315917969, 514.9312133789062], [600.4954528808594, 584.1546630859375], [728.724853515625, 674.0147705078125], [1535.759765625, 553.9847412109375]]",425377792,410910720,425377792,640,yolo26m_int8_640_ncnn_model,MOT17-02
60,373.4359950003636,0.0,6,"[2, 3, 6, 8, 36, 37]","[[622.3579711914062, 441.4632263183594, 716.1524047851562, 722.3963012695312], [477.91400146484375, 437.7211608886719, 600.846435546875, 765.0740356445312], [1260.4755859375, 443.81024169921875, 1295.6329345703125, 544.0473022460938], [933.2601318359375, 435.6287536621094, 965.7620849609375, 515.4049072265625], [582.1229248046875, 453.8437805175781, 619.7282104492188, 585.1218872070312], [701.2680053710938, 456.9920959472656, 761.9633178710938, 673.2677001953125]]","[0.75390625, 0.75927734375, 0.465576171875, 0.439208984375, 0.349365234375, 0.583984375]","[[669.2551879882812, 722.3963012695312], [539.3802185058594, 765.0740356445312], [1278.0542602539062, 544.0473022460938], [949.5111083984375, 515.4049072265625], [600.9255676269531, 585.1218872070312], [731.6156616210938, 673.2677001953125]]",425377792,410910720,425377792,640,yolo26m_int8_640_ncnn_model,MOT17-02
61,370.4593309998927,0.0,7,"[2, 3, 6, 8, 36, 37, 28]","[[621.57666015625, 441.3355407714844, 715.9630737304688, 724.689453125], [481.3692321777344, 440.7745361328125, 605.800048828125, 769.1703491210938], [1259.9481201171875, 443.1968078613281, 1295.257568359375, 544.1417236328125], [932.489990234375, 435.9427795410156, 964.607421875, 515.0885009765625], [580.292236328125, 453.450927734375, 618.3662109375, 585.99560546875], [700.3258056640625, 455.20452880859375, 762.0846557617188, 675.6638793945312], [1515.807373046875, 431.1134033203125, 1567.459716796875, 553.6665649414062]]","[0.75244140625, 0.7802734375, 0.53857421875, 0.5322265625, 0.38623046875, 0.4228515625, 0.340576171875]","[[668.7698669433594, 724.689453125], [543.5846405029297, 769.1703491210938], [1277.6028442382812, 544.1417236328125], [948.5487060546875, 515.0885009765625], [599.3292236328125, 585.99560546875], [731.2052307128906, 675.6638793945312], [1541.633544921875, 553.6665649414062]]",425377792,410910720,425377792,640,yolo26m_int8_640_ncnn_model,MOT17-02
62,397.68856799992136,0.0,7,"[2, 3, 6, 8, 36, 37, 53]","[[620.9379272460938, 442.03302001953125, 715.2133178710938, 725.7864379882812], [484.09765625, 444.904052734375, 609.1444091796875, 770.6997680664062], [1260.4078369140625, 443.45806884765625, 1295.4268798828125, 543.679443359375], [932.434814453125, 436.5600280761719, 963.9205322265625, 514.4678344726562], [582.8184814453125, 455.03009033203125, 620.624755859375, 585.5761108398438], [702.5925903320312, 454.3034362792969, 764.3599853515625, 672.86328125], [1005.0037231445312, 445.79998779296875, 1040.996337890625, 523.7999877929688]]","[0.7529296875, 0.7841796875, 0.5234375, 0.418212890625, 0.319091796875, 0.50390625, 0.340087890625]","[[668.0756225585938, 725.7864379882812], [546.6210327148438, 770.6997680664062], [1277.9173583984375, 543.679443359375], [948.1776733398438, 514.4678344726562], [601.7216186523438, 585.5761108398438], [733.4762878417969, 672.86328125], [1023.0000305175781, 523.7999877929688]]",425377792,410910720,425377792,640,yolo26m_int8_640_ncnn_model,MOT17-02
63,376.96258599999055,0.0,7,"[2, 3, 6, 8, 36, 37, 53]","[[619.7249145507812, 442.0592041015625, 713.892822265625, 725.4371337890625], [486.8995056152344, 446.9640808105469, 613.4986572265625, 770.7452392578125], [1260.3857421875, 444.3037414550781, 1294.6834716796875, 542.754638671875], [932.8757934570312, 436.7925720214844, 964.1987915039062, 514.23193359375], [582.2830810546875, 456.1092529296875, 619.9769287109375, 586.9204711914062], [703.6337280273438, 456.698974609375, 764.9976196289062, 671.9888305664062], [1003.8621215820312, 444.9906921386719, 1039.8255615234375, 522.9906616210938]]","[0.76318359375, 0.77978515625, 0.50634765625, 0.439208984375, 0.3046875, 0.481201171875, 0.296630859375]","[[666.8088684082031, 725.4371337890625], [550.1990814208984, 770.7452392578125], [1277.5346069335938, 542.754638671875], [948.5372924804688, 514.23193359375], [601.1300048828125, 586.9204711914062], [734.315673828125, 671.9888305664062], [1021.8438415527344, 522.9906616210938]]",425377792,410910720,425377792,640,yolo26m_int8_640_ncnn_model,MOT17-02
64,370.2802950001569,0.0,7,"[2, 3, 6, 8, 36, 37, 53]","[[618.3396606445312, 440.8372497558594, 713.3076171875, 727.501220703125], [490.944580078125, 446.4769287109375, 621.9588012695312, 773.95166015625], [1260.3226318359375, 444.37445068359375, 1294.4432373046875, 542.6526489257812], [932.5009765625, 436.87664794921875, 963.8502807617188, 514.1449584960938], [581.4879760742188, 454.9956359863281, 619.32666015625, 586.9219970703125], [704.283447265625, 456.3892517089844, 765.8978271484375, 671.8831787109375], [1001.475341796875, 445.3034973144531, 1036.7705078125, 522.1364135742188]]","[0.7646484375, 0.78955078125, 0.5234375, 0.45068359375, 0.343505859375, 0.60400390625, 0.35546875]","[[665.8236389160156, 727.501220703125], [556.4516906738281, 773.95166015625], [1277.3829345703125, 542.6526489257812], [948.1756286621094, 514.1449584960938], [600.4073181152344, 586.9219970703125], [735.0906372070312, 671.8831787109375], [1019.1229248046875, 522.1364135742188]]",425377792,410910720,425377792,640,yolo26m_int8_640_ncnn_model,MOT17-02
65,372.1235349999006,0.0,6,"[2, 3, 6, 8, 37, 53]","[[617.6309204101562, 443.0868225097656, 712.774658203125, 730.4724731445312], [489.9241638183594, 444.5456848144531, 623.5924682617188, 772.9000244140625], [1260.1776123046875, 443.90130615234375, 1294.468017578125, 543.1134033203125], [932.7288208007812, 438.1477966308594, 963.3532104492188, 512.8712768554688], [703.5526733398438, 457.7679138183594, 766.1537475585938, 676.28515625], [1001.687744140625, 444.2921142578125, 1037.2042236328125, 521.895751953125]]","[0.7685546875, 0.8154296875, 0.50146484375, 0.38916015625, 0.5732421875, 0.258544921875]","[[665.2027893066406, 730.4724731445312], [556.7583160400391, 772.9000244140625], [1277.3228149414062, 543.1134033203125], [948.041015625, 512.8712768554688], [734.8532104492188, 676.28515625], [1019.4459838867188, 521.895751953125]]",425377792,410910720,425377792,640,yolo26m_int8_640_ncnn_model,MOT17-02
66,388.389836999977,0.0,5,"[2, 3, 6, 8, 37]","[[616.6957397460938, 443.2123718261719, 711.7567138671875, 730.3419189453125], [491.5289611816406, 447.250244140625, 626.494384765625, 772.94970703125], [1259.7044677734375, 443.4748229980469, 1293.9014892578125, 542.5455322265625], [931.9232177734375, 438.1209411621094, 964.062255859375, 516.923583984375], [703.193115234375, 455.58795166015625, 766.2745971679688, 675.7135620117188]]","[0.78564453125, 0.8193359375, 0.513671875, 0.369873046875, 0.58984375]","[[664.2262268066406, 730.3419189453125], [559.0116729736328, 772.94970703125], [1276.802978515625, 542.5455322265625], [947.9927368164062, 516.923583984375], [734.7338562011719, 675.7135620117188]]",425377792,410910720,425377792,640,yolo26m_int8_640_ncnn_model,MOT17-02
67,369.61901899985605,0.0,7,"[2, 3, 6, 8, 37, 61, 53]","[[615.9945678710938, 444.7402648925781, 710.7334594726562, 730.7481079101562], [493.939208984375, 448.5124206542969, 630.59033203125, 772.6824340820312], [1260.065673828125, 443.8086853027344, 1294.132568359375, 542.8259887695312], [932.3958129882812, 438.1089782714844, 963.5563354492188, 514.4739990234375], [703.8311157226562, 455.74609375, 766.9622802734375, 675.4656982421875], [1097.4854736328125, 435.5249938964844, 1133.314453125, 549.6749877929688], [1002.0569458007812, 444.2340087890625, 1037.2227783203125, 521.5274658203125]]","[0.78369140625, 0.80517578125, 0.5126953125, 0.437255859375, 0.58349609375, 0.327392578125, 0.321533203125]","[[663.364013671875, 730.7481079101562], [562.2647705078125, 772.6824340820312], [1277.09912109375, 542.8259887695312], [947.97607421875, 514.4739990234375], [735.3966979980469, 675.4656982421875], [1115.3999633789062, 549.6749877929688], [1019.6398620605469, 521.5274658203125]]",425377792,410910720,425377792,640,yolo26m_int8_640_ncnn_model,MOT17-02
68,371.3083520001419,0.0,7,"[2, 3, 6, 8, 37, 61, 53]","[[615.2166137695312, 443.088134765625, 710.8712768554688, 731.1152954101562], [493.07684326171875, 448.7171630859375, 631.75439453125, 772.7996215820312], [1260.3052978515625, 444.9275817871094, 1294.11572265625, 542.9337158203125], [932.178466796875, 437.34197998046875, 963.7680053710938, 514.2410278320312], [703.9810791015625, 455.32525634765625, 768.2495727539062, 678.804931640625], [1098.48876953125, 439.1730651855469, 1133.23779296875, 549.73291015625], [1002.1845092773438, 444.5221862792969, 1037.3331298828125, 522.304443359375]]","[0.77880859375, 0.8154296875, 0.56494140625, 0.403076171875, 0.65234375, 0.306884765625, 0.360595703125]","[[663.0439453125, 731.1152954101562], [562.4156188964844, 772.7996215820312], [1277.2105102539062, 542.9337158203125], [947.9732360839844, 514.2410278320312], [736.1153259277344, 678.804931640625], [1115.86328125, 549.73291015625], [1019.7588195800781, 522.304443359375]]",425377792,410910720,425377792,640,yolo26m_int8_640_ncnn_model,MOT17-02
69,370.99794400000974,0.0,7,"[2, 3, 6, 8, 37, 53, 28]","[[613.3674926757812, 445.66705322265625, 708.5484619140625, 730.9785766601562], [496.808837890625, 448.0271301269531, 636.4076538085938, 771.578125], [1260.8304443359375, 445.5986328125, 1294.66748046875, 543.7220458984375], [932.3231201171875, 437.55084228515625, 963.6245727539062, 513.6596069335938], [703.4129638671875, 454.43902587890625, 767.8424682617188, 677.834716796875], [1002.6785888671875, 444.8807678222656, 1037.9644775390625, 523.3412475585938], [1537.1553955078125, 421.8402404785156, 1588.6236572265625, 550.5772705078125]]","[0.77685546875, 0.8193359375, 0.51025390625, 0.40771484375, 0.6572265625, 0.42236328125, 0.3515625]","[[660.9579772949219, 730.9785766601562], [566.6082458496094, 771.578125], [1277.7489624023438, 543.7220458984375], [947.9738464355469, 513.6596069335938], [735.6277160644531, 677.834716796875], [1020.321533203125, 523.3412475585938], [1562.8895263671875, 550.5772705078125]]",425377792,410910720,425377792,640,yolo26m_int8_640_ncnn_model,MOT17-02
70,404.82276900002034,0.0,8,"[2, 3, 6, 8, 37, 53, 28, 35]","[[614.1114501953125, 444.6629943847656, 710.2071533203125, 731.8858642578125], [498.2892150878906, 448.98565673828125, 637.9346313476562, 770.845947265625], [1261.0277099609375, 444.8519287109375, 1294.8690185546875, 543.023681640625], [932.1585693359375, 437.1288757324219, 963.7938232421875, 513.9391479492188], [702.5889892578125, 453.86456298828125, 767.7415161132812, 678.660888671875], [1001.7276000976562, 443.4978332519531, 1038.3389892578125, 525.2418823242188], [1540.5921630859375, 424.93328857421875, 1589.007080078125, 549.8994140625], [1078.3338623046875, 448.9119567871094, 1135.615478515625, 592.4801635742188]]","[0.7685546875, 0.8203125, 0.583984375, 0.468017578125, 0.65869140625, 0.348388671875, 0.39404296875, 0.29052734375]","[[662.1593017578125, 731.8858642578125], [568.1119232177734, 770.845947265625], [1277.9483642578125, 543.023681640625], [947.9761962890625, 513.9391479492188], [735.1652526855469, 678.660888671875], [1020.0332946777344, 525.2418823242188], [1564.7996215820312, 549.8994140625], [1106.9746704101562, 592.4801635742188]]",425377792,410910720,425377792,640,yolo26m_int8_640_ncnn_model,MOT17-02
71,367.51741099988067,0.0,8,"[2, 3, 6, 8, 37, 53, 28, 35]","[[612.1082763671875, 445.51287841796875, 708.6920166015625, 732.94384765625], [501.95196533203125, 450.07470703125, 641.19482421875, 770.8018188476562], [1260.2532958984375, 445.30841064453125, 1293.8013916015625, 543.0061645507812], [932.0855102539062, 437.9595031738281, 963.8715209960938, 515.0359497070312], [702.9445190429688, 453.9058532714844, 768.4732666015625, 679.6893310546875], [1001.3186645507812, 443.7356262207031, 1037.557373046875, 525.1948852539062], [1542.201171875, 426.25732421875, 1588.6561279296875, 550.4202880859375], [1079.11962890625, 450.5874938964844, 1134.93896484375, 593.7022094726562]]","[0.76953125, 0.8056640625, 0.58203125, 0.39697265625, 0.69091796875, 0.34130859375, 0.42041015625, 0.264404296875]","[[660.400146484375, 732.94384765625], [571.5733947753906, 770.8018188476562], [1277.02734375, 543.0061645507812], [947.978515625, 515.0359497070312], [735.7088928222656, 679.6893310546875], [1019.4380187988281, 525.1948852539062], [1565.4286499023438, 550.4202880859375], [1107.029296875, 593.7022094726562]]",425377792,410910720,425377792,640,yolo26m_int8_640_ncnn_model,MOT17-02
72,367.92096699991816,0.0,9,"[2, 3, 6, 8, 37, 53, 28, 35, 61]","[[611.8550415039062, 443.6030578613281, 708.6217651367188, 731.586181640625], [505.0047912597656, 447.2339782714844, 645.0504150390625, 771.0223388671875], [1259.9906005859375, 445.9742126464844, 1293.3614501953125, 543.496826171875], [932.7534790039062, 437.77728271484375, 964.1986694335938, 513.9666137695312], [700.987060546875, 454.4281311035156, 766.8682250976562, 681.5332641601562], [1001.250732421875, 443.3423767089844, 1037.1895751953125, 524.6602172851562], [1542.848876953125, 424.51776123046875, 1588.325439453125, 549.8768310546875], [1079.697998046875, 445.5590515136719, 1136.3251953125, 594.1925048828125], [1098.6497802734375, 438.56134033203125, 1133.4034423828125, 548.7614135742188]]","[0.76416015625, 0.79833984375, 0.4951171875, 0.433837890625, 0.69873046875, 0.32177734375, 0.437255859375, 0.26416015625, 0.253173828125]","[[660.2384033203125, 731.586181640625], [575.0276031494141, 771.0223388671875], [1276.676025390625, 543.496826171875], [948.47607421875, 513.9666137695312], [733.9276428222656, 681.5332641601562], [1019.2201538085938, 524.6602172851562], [1565.587158203125, 549.8768310546875], [1108.0115966796875, 594.1925048828125], [1116.026611328125, 548.7614135742188]]",425377792,410910720,425377792,640,yolo26m_int8_640_ncnn_model,MOT17-02
73,369.3368180001926,0.0,8,"[2, 3, 6, 8, 37, 53, 28, 35]","[[613.51171875, 444.6046447753906, 709.8417358398438, 731.2933959960938], [505.8428039550781, 444.1754455566406, 646.643798828125, 771.0960693359375], [1260.77197265625, 444.97723388671875, 1294.3043212890625, 542.9358520507812], [932.4508666992188, 437.952392578125, 963.8851928710938, 514.3051147460938], [701.4727783203125, 455.8693542480469, 766.9663696289062, 679.991455078125], [1001.132568359375, 443.4524230957031, 1036.1693115234375, 523.2014770507812], [1543.3089599609375, 424.86474609375, 1587.8369140625, 549.6835327148438], [1080.108154296875, 442.22894287109375, 1136.6634521484375, 593.8981323242188]]","[0.74853515625, 0.8095703125, 0.533203125, 0.423828125, 0.7109375, 0.255859375, 0.347900390625, 0.30615234375]","[[661.6767272949219, 731.2933959960938], [576.2433013916016, 771.0960693359375], [1277.5381469726562, 542.9358520507812], [948.1680297851562, 514.3051147460938], [734.2195739746094, 679.991455078125], [1018.6509399414062, 523.2014770507812], [1565.5729370117188, 549.6835327148438], [1108.3858032226562, 593.8981323242188]]",425377792,410910720,425377792,640,yolo26m_int8_640_ncnn_model,MOT17-02
74,380.52542000014,0.0,6,"[2, 3, 6, 8, 37, 35]","[[614.93994140625, 446.7191467285156, 710.5249633789062, 732.4016723632812], [507.393798828125, 442.2725830078125, 648.3058471679688, 770.8677978515625], [1260.602294921875, 444.5971374511719, 1294.1322021484375, 542.723876953125], [932.7302856445312, 438.262939453125, 964.366943359375, 515.177001953125], [703.4901733398438, 454.1978454589844, 769.6166381835938, 678.6222534179688], [1085.4317626953125, 449.1665954589844, 1137.3992919921875, 593.2940673828125]]","[0.76513671875, 0.80615234375, 0.5400390625, 0.380859375, 0.703125, 0.34619140625]","[[662.7324523925781, 732.4016723632812], [577.8498229980469, 770.8677978515625], [1277.3672485351562, 542.723876953125], [948.5486145019531, 515.177001953125], [736.5534057617188, 678.6222534179688], [1111.41552734375, 593.2940673828125]]",425377792,410910720,425377792,640,yolo26m_int8_640_ncnn_model,MOT17-02
75,375.4534429999694,0.0,7,"[2, 3, 6, 8, 37, 35, 53]","[[616.49853515625, 448.2549133300781, 711.2639770507812, 733.050537109375], [508.1753845214844, 440.3227844238281, 649.5585327148438, 771.01904296875], [1260.6956787109375, 445.6906433105469, 1293.905517578125, 543.3880004882812], [932.9297485351562, 438.12896728515625, 964.4541625976562, 514.762451171875], [704.59912109375, 454.3162536621094, 770.7332763671875, 676.3590087890625], [1082.407958984375, 468.14849853515625, 1128.936279296875, 595.7706909179688], [1002.4669189453125, 445.2945556640625, 1035.515625, 520.755859375]]","[0.7470703125, 0.794921875, 0.50634765625, 0.40576171875, 0.712890625, 0.426025390625, 0.26318359375]","[[663.8812561035156, 733.050537109375], [578.8669586181641, 771.01904296875], [1277.3005981445312, 543.3880004882812], [948.6919555664062, 514.762451171875], [737.6661987304688, 676.3590087890625], [1105.672119140625, 595.7706909179688], [1018.9912719726562, 520.755859375]]",425377792,410910720,425377792,640,yolo26m_int8_640_ncnn_model,MOT17-02
76,369.83176299963816,0.0,7,"[2, 3, 6, 8, 37, 35, 53]","[[618.2750854492188, 445.5943603515625, 710.8521118164062, 726.5758056640625], [509.75994873046875, 442.5582580566406, 649.5708618164062, 771.0694580078125], [1260.775634765625, 446.3514404296875, 1293.7728271484375, 543.3919067382812], [932.3837890625, 437.3291931152344, 964.1137084960938, 514.3534545898438], [707.5957641601562, 456.1102294921875, 774.5043334960938, 676.7286376953125], [1081.344970703125, 476.5255126953125, 1125.5430908203125, 596.7125854492188], [1001.6337890625, 444.436279296875, 1035.544921875, 522.5525512695312]]","[0.76416015625, 0.78955078125, 0.5390625, 0.370849609375, 0.73779296875, 0.424560546875, 0.35595703125]","[[664.5635986328125, 726.5758056640625], [579.6654052734375, 771.0694580078125], [1277.2742309570312, 543.3919067382812], [948.2487487792969, 514.3534545898438], [741.050048828125, 676.7286376953125], [1103.4440307617188, 596.7125854492188], [1018.58935546875, 522.5525512695312]]",425377792,410910720,425377792,640,yolo26m_int8_640_ncnn_model,MOT17-02
77,369.7488930001782,0.0,7,"[2, 3, 6, 8, 37, 35, 53]","[[618.8632202148438, 446.06787109375, 711.2709350585938, 729.5973510742188], [511.0201110839844, 443.67822265625, 649.2427368164062, 770.833251953125], [1260.656494140625, 446.0974426269531, 1293.8704833984375, 543.889404296875], [932.165283203125, 437.0262145996094, 963.9968872070312, 514.1987915039062], [708.44921875, 455.5473327636719, 776.1469116210938, 675.1243286132812], [1080.4925537109375, 477.35357666015625, 1124.8599853515625, 597.0294799804688], [1003.0555419921875, 445.3943786621094, 1035.83935546875, 520.9100952148438]]","[0.74755859375, 0.77685546875, 0.537109375, 0.39599609375, 0.72314453125, 0.486572265625, 0.3974609375]","[[665.0670776367188, 729.5973510742188], [580.1314239501953, 770.833251953125], [1277.2634887695312, 543.889404296875], [948.0810852050781, 514.1987915039062], [742.2980651855469, 675.1243286132812], [1102.67626953125, 597.0294799804688], [1019.4474487304688, 520.9100952148438]]",425377792,410910720,425377792,640,yolo26m_int8_640_ncnn_model,MOT17-02
78,379.8970149996421,0.0,7,"[2, 3, 6, 8, 37, 35, 53]","[[620.4462890625, 446.4875793457031, 712.0328979492188, 731.4690551757812], [515.3975219726562, 444.8521423339844, 651.5179443359375, 770.986083984375], [1260.6497802734375, 443.2745056152344, 1294.8580322265625, 543.8263549804688], [932.6030883789062, 437.9021911621094, 964.4232177734375, 515.130859375], [709.3222045898438, 455.8326110839844, 779.1282348632812, 677.004150390625], [1079.6346435546875, 475.33233642578125, 1125.1971435546875, 597.3839111328125], [1002.9996337890625, 446.01263427734375, 1036.5772705078125, 523.0631103515625]]","[0.72412109375, 0.6748046875, 0.5625, 0.424072265625, 0.77099609375, 0.396240234375, 0.423583984375]","[[666.2395935058594, 731.4690551757812], [583.4577331542969, 770.986083984375], [1277.75390625, 543.8263549804688], [948.5131530761719, 515.130859375], [744.2252197265625, 677.004150390625], [1102.4158935546875, 597.3839111328125], [1019.7884521484375, 523.0631103515625]]",425377792,410910720,425377792,640,yolo26m_int8_640_ncnn_model,MOT17-02
79,370.67207900008725,0.0,9,"[2, 3, 6, 8, 37, 35, 53, 74, 75]","[[622.0185546875, 445.65081787109375, 711.3328857421875, 727.2239379882812], [522.66455078125, 445.5448913574219, 656.5402221679688, 771.7828979492188], [1260.6309814453125, 442.70166015625, 1295.2440185546875, 544.2904663085938], [932.9758911132812, 436.9963073730469, 965.3688354492188, 515.7310791015625], [711.1964721679688, 453.2186279296875, 784.0787963867188, 678.4520263671875], [1079.73681640625, 472.05450439453125, 1126.92529296875, 598.000732421875], [1003.7962646484375, 446.2335510253906, 1038.0167236328125, 523.8500366210938], [1306.7833251953125, 428.70001220703125, 1342.2166748046875, 543.2999877929688], [515.8334350585938, 446.25, 597.0165405273438, 729.4500122070312]]","[0.7373046875, 0.58642578125, 0.53515625, 0.4111328125, 0.77294921875, 0.32177734375, 0.390625, 0.303955078125, 0.376220703125]","[[666.6757202148438, 727.2239379882812], [589.6023864746094, 771.7828979492188], [1277.9375, 544.2904663085938], [949.17236328125, 515.7310791015625], [747.6376342773438, 678.4520263671875], [1103.3310546875, 598.000732421875], [1020.906494140625, 523.8500366210938], [1324.5, 543.2999877929688], [556.4249877929688, 729.4500122070312]]",425377792,410910720,425377792,640,yolo26m_int8_640_ncnn_model,MOT17-02
80,372.3242440000831,0.0,9,"[2, 3, 6, 8, 37, 35, 53, 74, 75]","[[624.9137573242188, 444.5784912109375, 713.72216796875, 727.3418579101562], [530.5369262695312, 445.8033752441406, 662.0632934570312, 774.06005859375], [1260.6448974609375, 442.4891052246094, 1295.3660888671875, 544.4661254882812], [933.1431274414062, 437.3921203613281, 965.694580078125, 516.1995849609375], [714.7581176757812, 454.94091796875, 790.4005737304688, 682.1904296875], [1079.9169921875, 477.4541931152344, 1125.483154296875, 598.4663696289062], [1003.5137939453125, 447.7976989746094, 1037.1641845703125, 523.6514282226562], [1305.7005615234375, 428.93084716796875, 1340.9910888671875, 543.0691528320312], [516.4365234375, 445.3782043457031, 598.8545532226562, 732.8790893554688]]","[0.7255859375, 0.54248046875, 0.572265625, 0.405029296875, 0.779296875, 0.26318359375, 0.39111328125, 0.310791015625, 0.38427734375]","[[669.3179626464844, 727.3418579101562], [596.3001098632812, 774.06005859375], [1278.0054931640625, 544.4661254882812], [949.4188537597656, 516.1995849609375], [752.579345703125, 682.1904296875], [1102.7000732421875, 598.4663696289062], [1020.3389892578125, 523.6514282226562], [1323.3458251953125, 543.0691528320312], [557.6455383300781, 732.8790893554688]]",425377792,410910720,425377792,640,yolo26m_int8_640_ncnn_model,MOT17-02
81,374.7326869997778,0.0,9,"[2, 3, 6, 8, 37, 35, 53, 74, 75]","[[625.6455078125, 444.67236328125, 712.9557495117188, 726.8966064453125], [525.9139404296875, 442.18841552734375, 659.6873168945312, 779.6057739257812], [1261.0498046875, 442.6632385253906, 1295.007080078125, 542.3123168945312], [932.8004150390625, 436.8050842285156, 965.2310791015625, 515.13916015625], [717.19482421875, 455.6097717285156, 794.1007690429688, 680.6515502929688], [1080.56005859375, 474.472412109375, 1126.3995361328125, 595.5936279296875], [1004.184814453125, 448.1324157714844, 1038.057861328125, 523.8218383789062], [1305.823486328125, 428.7161865234375, 1341.26171875, 543.2838134765625], [512.2286987304688, 447.7015686035156, 595.1639404296875, 737.2059326171875]]","[0.7001953125, 0.47802734375, 0.53857421875, 0.412841796875, 0.76025390625, 0.3232421875, 0.35400390625, 0.287841796875, 0.391357421875]","[[669.3006286621094, 726.8966064453125], [592.8006286621094, 779.6057739257812], [1278.0284423828125, 542.3123168945312], [949.0157470703125, 515.13916015625], [755.6477966308594, 680.6515502929688], [1103.4797973632812, 595.5936279296875], [1021.121337890625, 523.8218383789062], [1323.5426025390625, 543.2838134765625], [553.6963195800781, 737.2059326171875]]",425377792,410910720,425377792,640,yolo26m_int8_640_ncnn_model,MOT17-02
82,387.49782500008223,0.0,7,"[2, 3, 6, 8, 37, 53, 75]","[[626.253662109375, 442.97308349609375, 713.779052734375, 731.4493408203125], [524.6519165039062, 438.6230773925781, 660.1143188476562, 782.9008178710938], [1262.4100341796875, 445.72900390625, 1295.6494140625, 542.4793701171875], [933.1077270507812, 437.0778503417969, 965.6002807617188, 515.2256469726562], [719.8798828125, 459.5875244140625, 798.0781860351562, 681.2745361328125], [1003.9583740234375, 446.4981689453125, 1038.8597412109375, 523.6331176757812], [511.8597106933594, 449.8663330078125, 595.1881103515625, 740.4373779296875]]","[0.66943359375, 0.52587890625, 0.51806640625, 0.478515625, 0.75830078125, 0.393798828125, 0.391845703125]","[[670.016357421875, 731.4493408203125], [592.3831176757812, 782.9008178710938], [1279.0297241210938, 542.4793701171875], [949.35400390625, 515.2256469726562], [758.9790344238281, 681.2745361328125], [1021.4090576171875, 523.6331176757812], [553.5239105224609, 740.4373779296875]]",425377792,410910720,425377792,640,yolo26m_int8_640_ncnn_model,MOT17-02
83,371.4102090002598,0.0,7,"[2, 3, 6, 8, 37, 53, 75]","[[628.3901977539062, 441.110595703125, 716.5726318359375, 732.4176635742188], [525.8692016601562, 438.7323913574219, 660.8652954101562, 784.6187744140625], [1261.18017578125, 443.1221923828125, 1295.6160888671875, 543.2994384765625], [932.9566040039062, 436.93499755859375, 966.0018310546875, 516.4952392578125], [722.47265625, 462.5799560546875, 801.8305053710938, 681.9898681640625], [1005.26318359375, 448.10430908203125, 1039.73828125, 523.3138427734375], [512.0936889648438, 450.0049743652344, 596.5863037109375, 744.0709838867188]]","[0.6796875, 0.60693359375, 0.50244140625, 0.453125, 0.74951171875, 0.437255859375, 0.360107421875]","[[672.4814147949219, 732.4176635742188], [593.3672485351562, 784.6187744140625], [1278.3981323242188, 543.2994384765625], [949.4792175292969, 516.4952392578125], [762.1515808105469, 681.9898681640625], [1022.500732421875, 523.3138427734375], [554.3399963378906, 744.0709838867188]]",425377792,410910720,425377792,640,yolo26m_int8_640_ncnn_model,MOT17-02
84,368.51776799994695,0.0,7,"[2, 3, 6, 8, 37, 53, 75]","[[632.1112670898438, 440.4073791503906, 720.1102294921875, 732.7748413085938], [526.8187255859375, 440.2735595703125, 661.503173828125, 787.6871337890625], [1261.9935302734375, 443.3997802734375, 1296.3011474609375, 543.3533325195312], [932.784423828125, 436.14483642578125, 966.2626953125, 516.723388671875], [723.9849853515625, 463.4315490722656, 805.0281982421875, 682.4891357421875], [1005.4478149414062, 448.213134765625, 1040.377685546875, 523.6900634765625], [513.6664428710938, 450.2662048339844, 598.8016357421875, 745.9830932617188]]","[0.68701171875, 0.60595703125, 0.498046875, 0.435302734375, 0.7392578125, 0.4287109375, 0.373291015625]","[[676.1107482910156, 732.7748413085938], [594.1609497070312, 787.6871337890625], [1279.1473388671875, 543.3533325195312], [949.5235595703125, 516.723388671875], [764.506591796875, 682.4891357421875], [1022.9127502441406, 523.6900634765625], [556.2340393066406, 745.9830932617188]]",425377792,410910720,425377792,640,yolo26m_int8_640_ncnn_model,MOT17-02
85,368.2935639999414,0.0,7,"[2, 3, 6, 8, 37, 53, 75]","[[629.0944213867188, 441.88092041015625, 716.958740234375, 737.0869140625], [528.5393676757812, 440.6346435546875, 664.188720703125, 793.9716186523438], [1262.5001220703125, 444.25604248046875, 1296.3653564453125, 542.6312255859375], [932.8887329101562, 436.3363342285156, 966.1856689453125, 516.3125610351562], [724.2966918945312, 460.98944091796875, 807.812744140625, 683.4039306640625], [1005.5857543945312, 448.4929504394531, 1040.5284423828125, 523.5797119140625], [509.72467041015625, 448.51226806640625, 594.8543090820312, 745.2365112304688]]","[0.6416015625, 0.68408203125, 0.50439453125, 0.48291015625, 0.6865234375, 0.471435546875, 0.323974609375]","[[673.0265808105469, 737.0869140625], [596.3640441894531, 793.9716186523438], [1279.4327392578125, 542.6312255859375], [949.5372009277344, 516.3125610351562], [766.0547180175781, 683.4039306640625], [1023.0570983886719, 523.5797119140625], [552.2894897460938, 745.2365112304688]]",425377792,410910720,425377792,640,yolo26m_int8_640_ncnn_model,MOT17-02
86,384.4606070001646,0.0,7,"[2, 3, 6, 8, 37, 53, 75]","[[631.9210205078125, 442.453369140625, 720.0908203125, 738.70458984375], [531.1514282226562, 441.5161437988281, 665.5858764648438, 794.593017578125], [1262.5517578125, 444.3360290527344, 1296.5166015625, 542.6058349609375], [932.94580078125, 436.41485595703125, 966.1317749023438, 516.1472778320312], [723.92626953125, 456.1059265136719, 810.191162109375, 683.7303466796875], [1004.9834594726562, 448.08929443359375, 1040.22216796875, 524.0346069335938], [511.1898193359375, 448.09454345703125, 596.6361083984375, 746.6246948242188]]","[0.6572265625, 0.70166015625, 0.454345703125, 0.471435546875, 0.712890625, 0.4638671875, 0.359130859375]","[[676.0059204101562, 738.70458984375], [598.36865234375, 794.593017578125], [1279.5341796875, 542.6058349609375], [949.5387878417969, 516.1472778320312], [767.0587158203125, 683.7303466796875], [1022.6028137207031, 524.0346069335938], [553.9129638671875, 746.6246948242188]]",425377792,410910720,425377792,640,yolo26m_int8_640_ncnn_model,MOT17-02
87,368.4150829999453,0.0,7,"[2, 3, 6, 8, 37, 53, 75]","[[634.117431640625, 445.3904113769531, 720.1174926757812, 733.6226806640625], [531.8545532226562, 441.1277160644531, 665.2970581054688, 794.5055541992188], [1262.673583984375, 445.1106262207031, 1296.4588623046875, 542.8468627929688], [933.056640625, 437.1900939941406, 966.0165405273438, 516.3280639648438], [723.1795043945312, 453.02032470703125, 811.5626220703125, 685.0632934570312], [1005.3355102539062, 448.1778564453125, 1040.5062255859375, 523.9555053710938], [511.58819580078125, 449.9483337402344, 596.479736328125, 747.0447387695312]]","[0.63671875, 0.73681640625, 0.45556640625, 0.421142578125, 0.71728515625, 0.47705078125, 0.32568359375]","[[677.1174621582031, 733.6226806640625], [598.5758056640625, 794.5055541992188], [1279.5662231445312, 542.8468627929688], [949.5365905761719, 516.3280639648438], [767.3710632324219, 685.0632934570312], [1022.9208679199219, 523.9555053710938], [554.0339660644531, 747.0447387695312]]",425377792,410910720,425377792,640,yolo26m_int8_640_ncnn_model,MOT17-02
88,369.5976569997583,0.0,7,"[2, 3, 6, 8, 37, 53, 75]","[[635.406494140625, 445.5233459472656, 722.5912475585938, 736.6253662109375], [535.03125, 440.73919677734375, 666.0883178710938, 789.7257080078125], [1262.675537109375, 444.4067077636719, 1296.46826171875, 541.945068359375], [933.1439819335938, 437.73345947265625, 965.9221801757812, 516.1446533203125], [725.5202026367188, 451.1127014160156, 814.2194213867188, 682.3712768554688], [1004.6355590820312, 448.9483642578125, 1039.4476318359375, 524.170654296875], [511.8765563964844, 449.6226501464844, 596.3110961914062, 746.0999145507812]]","[0.689453125, 0.75634765625, 0.410888671875, 0.481201171875, 0.7685546875, 0.43798828125, 0.385009765625]","[[678.9988708496094, 736.6253662109375], [600.5597839355469, 789.7257080078125], [1279.5718994140625, 541.945068359375], [949.5330810546875, 516.1446533203125], [769.8698120117188, 682.3712768554688], [1022.0415954589844, 524.170654296875], [554.0938262939453, 746.0999145507812]]",425377792,410910720,425377792,640,yolo26m_int8_640_ncnn_model,MOT17-02
89,367.00517799999943,0.0,7,"[2, 3, 6, 8, 37, 53, 75]","[[637.67919921875, 447.296875, 724.1273803710938, 733.0302734375], [535.7372436523438, 441.093994140625, 665.7670288085938, 789.3244018554688], [1262.6142578125, 445.1334228515625, 1296.5228271484375, 542.6022338867188], [933.0546264648438, 437.6882019042969, 966.0040893554688, 516.3204956054688], [725.8207397460938, 446.7004089355469, 816.677490234375, 682.0486450195312], [1004.6546630859375, 448.23565673828125, 1039.747802734375, 524.2492065429688], [514.8326416015625, 446.2205810546875, 600.4490966796875, 748.9376831054688]]","[0.6904296875, 0.75927734375, 0.471435546875, 0.4970703125, 0.775390625, 0.456298828125, 0.359619140625]","[[680.9032897949219, 733.0302734375], [600.7521362304688, 789.3244018554688], [1279.5685424804688, 542.6022338867188], [949.5293579101562, 516.3204956054688], [771.2491149902344, 682.0486450195312], [1022.2012329101562, 524.2492065429688], [557.640869140625, 748.9376831054688]]",425377792,410910720,425377792,640,yolo26m_int8_640_ncnn_model,MOT17-02
90,391.2172689997533,0.0,8,"[2, 3, 6, 8, 37, 53, 75, 35]","[[640.7874755859375, 447.4659118652344, 727.8656616210938, 732.1329345703125], [537.5720825195312, 439.99639892578125, 667.9200439453125, 791.3675537109375], [1262.161376953125, 445.1574401855469, 1295.9700927734375, 542.1083984375], [933.262451171875, 437.9164123535156, 966.7809448242188, 518.118408203125], [727.294921875, 448.48974609375, 818.091064453125, 682.4097290039062], [1005.3359985351562, 448.95166015625, 1040.1705322265625, 524.2760009765625], [516.5068359375, 444.45294189453125, 601.9143676757812, 748.4560546875], [1080.2833251953125, 461.1098327636719, 1130.4661865234375, 594.1460571289062]]","[0.6806640625, 0.759765625, 0.49609375, 0.482177734375, 0.74951171875, 0.37109375, 0.397216796875, 0.414794921875]","[[684.3265686035156, 732.1329345703125], [602.7460632324219, 791.3675537109375], [1279.0657348632812, 542.1083984375], [950.0216979980469, 518.118408203125], [772.6929931640625, 682.4097290039062], [1022.7532653808594, 524.2760009765625], [559.2106018066406, 748.4560546875], [1105.374755859375, 594.1460571289062]]",425377792,410910720,425377792,640,yolo26m_int8_640_ncnn_model,MOT17-02
91,369.0243810001448,0.0,8,"[2, 3, 6, 8, 37, 53, 75, 35]","[[639.658935546875, 446.7703552246094, 729.47265625, 736.521240234375], [540.5685424804688, 441.3138122558594, 669.2808227539062, 791.368896484375], [1261.3929443359375, 445.4117736816406, 1295.3563232421875, 542.6703491210938], [933.0113525390625, 437.50811767578125, 966.4146118164062, 517.3143920898438], [728.811767578125, 446.5081787109375, 820.491943359375, 682.2935791015625], [1005.4491577148438, 448.2226867675781, 1040.47021484375, 524.2828979492188], [516.2606201171875, 445.523681640625, 600.850830078125, 746.4656372070312], [1080.438232421875, 459.3896484375, 1131.540283203125, 595.0524291992188]]","[0.7109375, 0.744140625, 0.474609375, 0.49609375, 0.73291015625, 0.467041015625, 0.41552734375, 0.484375]","[[684.5657958984375, 736.521240234375], [604.9246826171875, 791.368896484375], [1278.3746337890625, 542.6703491210938], [949.7129821777344, 517.3143920898438], [774.65185546875, 682.2935791015625], [1022.9596862792969, 524.2828979492188], [558.5557250976562, 746.4656372070312], [1105.9892578125, 595.0524291992188]]",425377792,410910720,425377792,640,yolo26m_int8_640_ncnn_model,MOT17-02
92,368.08673299992734,0.0,8,"[2, 3, 6, 8, 37, 53, 75, 35]","[[642.3123168945312, 446.9945983886719, 732.8339233398438, 735.68994140625], [540.2431640625, 441.8252258300781, 668.663818359375, 793.3106079101562], [1260.82861328125, 444.015869140625, 1295.4005126953125, 543.3795166015625], [932.935302734375, 436.8526611328125, 966.2454223632812, 516.4989624023438], [729.888916015625, 447.01666259765625, 820.7748413085938, 682.9810180664062], [1005.536376953125, 447.6974182128906, 1040.5286865234375, 524.5303955078125], [513.4202270507812, 445.44677734375, 598.1699829101562, 746.148681640625], [1078.801513671875, 465.3640441894531, 1128.7381591796875, 595.6182861328125]]","[0.70263671875, 0.767578125, 0.5146484375, 0.472412109375, 0.7080078125, 0.385498046875, 0.368408203125, 0.41455078125]","[[687.5731201171875, 735.68994140625], [604.4534912109375, 793.3106079101562], [1278.1145629882812, 543.3795166015625], [949.5903625488281, 516.4989624023438], [775.3318786621094, 682.9810180664062], [1023.0325317382812, 524.5303955078125], [555.7951049804688, 746.148681640625], [1103.7698364257812, 595.6182861328125]]",425377792,410910720,425377792,640,yolo26m_int8_640_ncnn_model,MOT17-02
93,368.48364099978426,0.0,8,"[2, 3, 6, 8, 37, 53, 75, 35]","[[641.9718017578125, 447.56683349609375, 735.36572265625, 742.7882690429688], [540.2236938476562, 440.0442199707031, 668.70849609375, 794.0119018554688], [1259.8896484375, 444.9661560058594, 1294.179443359375, 543.1534423828125], [933.51318359375, 437.5953674316406, 966.5619506835938, 516.1859741210938], [733.3294677734375, 450.6962585449219, 822.6463012695312, 681.7567749023438], [1004.9349365234375, 447.7422180175781, 1040.188720703125, 525.3616943359375], [514.5184936523438, 445.42474365234375, 599.4603271484375, 745.0003051757812], [1078.7554931640625, 473.2181396484375, 1127.041748046875, 596.3316040039062]]","[0.69970703125, 0.74658203125, 0.498046875, 0.449951171875, 0.640625, 0.404052734375, 0.393310546875, 0.39013671875]","[[688.6687622070312, 742.7882690429688], [604.4660949707031, 794.0119018554688], [1277.0345458984375, 543.1534423828125], [950.0375671386719, 516.1859741210938], [777.9878845214844, 681.7567749023438], [1022.5618286132812, 525.3616943359375], [556.9894104003906, 745.0003051757812], [1102.8986206054688, 596.3316040039062]]",425377792,410910720,425377792,640,yolo26m_int8_640_ncnn_model,MOT17-02
94,384.64246100011223,0.0,7,"[2, 3, 6, 8, 37, 53, 75]","[[642.1419067382812, 448.2657165527344, 736.4242553710938, 743.9583129882812], [536.9968872070312, 440.60430908203125, 668.393310546875, 804.8462524414062], [1259.57421875, 445.0860900878906, 1293.6702880859375, 542.3182373046875], [932.9342041015625, 437.3800354003906, 966.4802856445312, 517.559326171875], [737.9319458007812, 451.8842468261719, 826.8885498046875, 681.5284423828125], [1004.8245239257812, 447.51177978515625, 1039.93310546875, 524.9345703125], [513.2618408203125, 445.6718444824219, 598.138671875, 745.2818603515625]]","[0.724609375, 0.74169921875, 0.55517578125, 0.467041015625, 0.6787109375, 0.392578125, 0.365234375]","[[689.2830810546875, 743.9583129882812], [602.6950988769531, 804.8462524414062], [1276.6222534179688, 542.3182373046875], [949.7072448730469, 517.559326171875], [782.4102478027344, 681.5284423828125], [1022.3788146972656, 524.9345703125], [555.7002563476562, 745.2818603515625]]",425377792,410910720,425377792,640,yolo26m_int8_640_ncnn_model,MOT17-02
95,367.4331610000081,0.0,7,"[2, 3, 6, 8, 37, 53, 75]","[[642.4006958007812, 449.2634582519531, 737.0147094726562, 744.6085815429688], [537.83984375, 440.088134765625, 670.5423583984375, 811.5901489257812], [1259.2801513671875, 444.88055419921875, 1293.6685791015625, 542.2525024414062], [933.13232421875, 437.052978515625, 966.033203125, 515.3603515625], [739.8764038085938, 450.8455505371094, 829.1071166992188, 682.931396484375], [1003.9022827148438, 447.6700744628906, 1038.73193359375, 524.5177612304688], [511.2726745605469, 444.5288391113281, 596.1740112304688, 745.6137084960938]]","[0.7294921875, 0.74072265625, 0.5810546875, 0.480712890625, 0.66357421875, 0.452392578125, 0.424072265625]","[[689.7077026367188, 744.6085815429688], [604.1911010742188, 811.5901489257812], [1276.474365234375, 542.2525024414062], [949.582763671875, 515.3603515625], [784.4917602539062, 682.931396484375], [1021.3171081542969, 524.5177612304688], [553.7233428955078, 745.6137084960938]]",425377792,410910720,425377792,640,yolo26m_int8_640_ncnn_model,MOT17-02
96,368.76945599988176,0.0,8,"[2, 3, 6, 8, 37, 53, 75, 35]","[[642.3197631835938, 447.6527099609375, 737.3177490234375, 742.8355712890625], [537.8291015625, 439.40521240234375, 669.6846313476562, 812.6486206054688], [1259.1148681640625, 445.0501708984375, 1293.7371826171875, 541.9820556640625], [932.994384765625, 437.4256591796875, 966.0718383789062, 516.00341796875], [743.3907470703125, 447.49847412109375, 832.941650390625, 682.4661865234375], [1003.1939086914062, 446.9854431152344, 1037.642822265625, 523.1157836914062], [514.9124145507812, 444.3507385253906, 599.968994140625, 748.4425659179688], [1079.2486572265625, 469.59368896484375, 1128.274169921875, 593.8419189453125]]","[0.7314453125, 0.75439453125, 0.59130859375, 0.50341796875, 0.716796875, 0.40625, 0.375732421875, 0.268310546875]","[[689.8187561035156, 742.8355712890625], [603.7568664550781, 812.6486206054688], [1276.426025390625, 541.9820556640625], [949.5331115722656, 516.00341796875], [788.1661987304688, 682.4661865234375], [1020.4183654785156, 523.1157836914062], [557.4407043457031, 748.4425659179688], [1103.7614135742188, 593.8419189453125]]",425377792,410910720,425377792,640,yolo26m_int8_640_ncnn_model,MOT17-02
97,368.08147700003246,0.0,7,"[2, 3, 6, 8, 37, 53, 75]","[[642.965576171875, 448.26702880859375, 738.6444702148438, 743.8582153320312], [538.05712890625, 439.6388244628906, 669.0432739257812, 814.4288330078125], [1259.068603515625, 444.8646545410156, 1293.7620849609375, 541.1371459960938], [933.0504760742188, 437.3162841796875, 965.97802734375, 515.5003051757812], [746.07958984375, 446.23931884765625, 836.8290405273438, 686.2237548828125], [1002.7778930664062, 446.47869873046875, 1037.3895263671875, 522.8357543945312], [510.20562744140625, 443.3041076660156, 595.650146484375, 750.47802734375]]","[0.7529296875, 0.7734375, 0.5849609375, 0.53271484375, 0.7607421875, 0.459716796875, 0.3935546875]","[[690.8050231933594, 743.8582153320312], [603.5502014160156, 814.4288330078125], [1276.4153442382812, 541.1371459960938], [949.5142517089844, 515.5003051757812], [791.4543151855469, 686.2237548828125], [1020.0837097167969, 522.8357543945312], [552.9278869628906, 750.47802734375]]",425377792,410910720,425377792,640,yolo26m_int8_640_ncnn_model,MOT17-02
98,384.30901799983985,0.0,8,"[2, 3, 6, 8, 37, 53, 75, 35]","[[643.2102661132812, 446.2679748535156, 740.0530395507812, 743.47509765625], [537.8480834960938, 440.4725036621094, 668.0513305664062, 816.2501220703125], [1258.9412841796875, 444.79345703125, 1293.895263671875, 540.8232421875], [933.245849609375, 437.27423095703125, 965.7677612304688, 514.3170166015625], [748.0507202148438, 445.2901916503906, 838.1852416992188, 686.1742553710938], [1002.1765747070312, 446.5392761230469, 1036.761474609375, 522.4872436523438], [504.83416748046875, 441.92950439453125, 590.687255859375, 748.2638549804688], [1079.7841796875, 474.21282958984375, 1128.0950927734375, 595.1344604492188]]","[0.75244140625, 0.7607421875, 0.6455078125, 0.51171875, 0.7314453125, 0.489501953125, 0.432373046875, 0.4287109375]","[[691.6316528320312, 743.47509765625], [602.94970703125, 816.2501220703125], [1276.4182739257812, 540.8232421875], [949.5068054199219, 514.3170166015625], [793.1179809570312, 686.1742553710938], [1019.4690246582031, 522.4872436523438], [547.7607116699219, 748.2638549804688], [1103.9396362304688, 595.1344604492188]]",425377792,410910720,425377792,640,yolo26m_int8_640_ncnn_model,MOT17-02
99,374.67669399984516,0.0,8,"[2, 3, 6, 8, 37, 53, 75, 35]","[[645.7473754882812, 445.01263427734375, 742.5057373046875, 739.8474731445312], [537.2711181640625, 438.09130859375, 667.1338500976562, 815.6302490234375], [1258.5390625, 444.5176696777344, 1294.3114013671875, 541.9552612304688], [933.0828857421875, 437.2581787109375, 965.924560546875, 514.87353515625], [750.3478393554688, 446.6738586425781, 839.928466796875, 687.3646850585938], [1002.3866577148438, 446.8148193359375, 1037.095947265625, 523.1060791015625], [501.435791015625, 442.90252685546875, 588.1951293945312, 747.8763427734375], [1077.61279296875, 478.8271484375, 1125.208984375, 595.9191284179688]]","[0.75732421875, 0.7578125, 0.60791015625, 0.509765625, 0.72314453125, 0.5390625, 0.45458984375, 0.359619140625]","[[694.1265563964844, 739.8474731445312], [602.2024841308594, 815.6302490234375], [1276.4252319335938, 541.9552612304688], [949.5037231445312, 514.87353515625], [795.1381530761719, 687.3646850585938], [1019.7413024902344, 523.1060791015625], [544.8154602050781, 747.8763427734375], [1101.410888671875, 595.9191284179688]]",425377792,410910720,425377792,640,yolo26m_int8_640_ncnn_model,MOT17-02
100,367.8311260000555,0.0,8,"[2, 3, 6, 8, 37, 53, 75, 35]","[[647.035400390625, 442.8004455566406, 745.010986328125, 740.1779174804688], [536.8093872070312, 437.18878173828125, 666.985595703125, 817.2816162109375], [1257.892822265625, 444.167724609375, 1293.9840087890625, 541.6427612304688], [934.0274658203125, 436.7563171386719, 966.9610595703125, 514.5897827148438], [751.3856201171875, 446.4862060546875, 841.2396240234375, 689.527099609375], [1002.6742553710938, 447.416259765625, 1037.028564453125, 522.8477783203125], [500.1647644042969, 442.54327392578125, 588.2997436523438, 748.4507446289062], [1076.2696533203125, 462.9541320800781, 1129.8629150390625, 595.43017578125]]","[0.75537109375, 0.77001953125, 0.62841796875, 0.53173828125, 0.68701171875, 0.56787109375, 0.476806640625, 0.52587890625]","[[696.023193359375, 740.1779174804688], [601.8974914550781, 817.2816162109375], [1275.9384155273438, 541.6427612304688], [950.4942626953125, 514.5897827148438], [796.3126220703125, 689.527099609375], [1019.8514099121094, 522.8477783203125], [544.2322540283203, 748.4507446289062], [1103.0662841796875, 595.43017578125]]",425377792,410910720,425377792,640,yolo26m_int8_640_ncnn_model,MOT17-02
101,367.97025600026245,0.0,8,"[2, 3, 6, 8, 37, 53, 75, 35]","[[647.962890625, 442.224609375, 746.9055786132812, 742.0230712890625], [536.8773803710938, 436.8565368652344, 666.1621704101562, 815.8741455078125], [1257.2620849609375, 444.7786560058594, 1293.2640380859375, 541.7730712890625], [934.6986694335938, 437.5588684082031, 968.0280151367188, 516.4702758789062], [752.3665161132812, 448.1516418457031, 840.9957275390625, 689.5880737304688], [1002.5867919921875, 447.6460266113281, 1037.214599609375, 523.7488403320312], [501.5735168457031, 440.68707275390625, 592.46484375, 752.3588256835938], [1074.3470458984375, 463.8561096191406, 1127.2210693359375, 595.4999389648438]]","[0.7763671875, 0.7666015625, 0.60009765625, 0.50048828125, 0.7021484375, 0.54345703125, 0.544921875, 0.41259765625]","[[697.4342346191406, 742.0230712890625], [601.519775390625, 815.8741455078125], [1275.2630615234375, 541.7730712890625], [951.3633422851562, 516.4702758789062], [796.6811218261719, 689.5880737304688], [1019.9006958007812, 523.7488403320312], [547.0191802978516, 752.3588256835938], [1100.7840576171875, 595.4999389648438]]",425377792,410910720,425377792,640,yolo26m_int8_640_ncnn_model,MOT17-02
102,382.8005770001255,0.0,8,"[2, 3, 6, 8, 37, 53, 75, 35]","[[651.4622192382812, 443.0064392089844, 750.298583984375, 741.7283935546875], [537.8350219726562, 437.9776916503906, 666.36669921875, 815.01416015625], [1257.128662109375, 444.515380859375, 1292.900390625, 540.3355712890625], [934.8733520507812, 437.1221008300781, 968.498291015625, 516.933837890625], [754.1011352539062, 450.04229736328125, 841.3427734375, 689.3347778320312], [1002.9635620117188, 448.47296142578125, 1036.8839111328125, 523.3445434570312], [501.04071044921875, 442.4537658691406, 592.2120971679688, 749.3927001953125], [1070.41748046875, 456.943115234375, 1125.348876953125, 595.0335693359375]]","[0.78271484375, 0.75341796875, 0.57275390625, 0.52294921875, 0.7041015625, 0.50927734375, 0.4609375, 0.487548828125]","[[700.8804016113281, 741.7283935546875], [602.1008605957031, 815.01416015625], [1275.0145263671875, 540.3355712890625], [951.6858215332031, 516.933837890625], [797.7219543457031, 689.3347778320312], [1019.9237365722656, 523.3445434570312], [546.6264038085938, 749.3927001953125], [1097.8831787109375, 595.0335693359375]]",425377792,410910720,425377792,640,yolo26m_int8_640_ncnn_model,MOT17-02
103,367.6103860002513,0.0,8,"[2, 3, 6, 8, 37, 53, 75, 35]","[[652.734375, 443.56793212890625, 752.03955078125, 742.3430786132812], [537.9956665039062, 437.9220275878906, 667.613037109375, 817.1007080078125], [1256.98974609375, 444.1666259765625, 1292.8702392578125, 540.045654296875], [934.5158081054688, 437.20135498046875, 968.1007080078125, 516.8599243164062], [755.5957641601562, 449.028564453125, 842.4657592773438, 687.9742431640625], [1003.9534912109375, 448.2862548828125, 1037.9185791015625, 523.6888427734375], [501.759033203125, 443.1559143066406, 594.2305297851562, 750.19580078125], [1068.4010009765625, 453.87347412109375, 1124.2257080078125, 595.3389892578125]]","[0.7900390625, 0.75634765625, 0.5234375, 0.475341796875, 0.72607421875, 0.54052734375, 0.361328125, 0.4775390625]","[[702.386962890625, 742.3430786132812], [602.8043518066406, 817.1007080078125], [1274.9299926757812, 540.045654296875], [951.3082580566406, 516.8599243164062], [799.03076171875, 687.9742431640625], [1020.93603515625, 523.6888427734375], [547.9947814941406, 750.19580078125], [1096.3133544921875, 595.3389892578125]]",425377792,410910720,425377792,640,yolo26m_int8_640_ncnn_model,MOT17-02
104,368.89588499980164,0.0,8,"[2, 3, 6, 8, 37, 53, 75, 35]","[[655.8377075195312, 442.800048828125, 754.9075317382812, 741.5738525390625], [535.2884521484375, 439.387451171875, 664.91015625, 816.362060546875], [1257.4537353515625, 444.0375061035156, 1293.3519287109375, 539.9446411132812], [934.4190063476562, 437.47943115234375, 967.892333984375, 516.578857421875], [756.35400390625, 450.87677001953125, 842.55712890625, 688.1876220703125], [1004.08740234375, 447.469482421875, 1038.541748046875, 524.560546875], [504.1276550292969, 441.44512939453125, 597.8776245117188, 750.4806518554688], [1068.67822265625, 456.1156005859375, 1123.7271728515625, 595.9425048828125]]","[0.77880859375, 0.7421875, 0.5537109375, 0.468017578125, 0.7314453125, 0.51611328125, 0.343994140625, 0.43017578125]","[[705.3726196289062, 741.5738525390625], [600.0993041992188, 816.362060546875], [1275.40283203125, 539.9446411132812], [951.1556701660156, 516.578857421875], [799.45556640625, 688.1876220703125], [1021.3145751953125, 524.560546875], [551.0026397705078, 750.4806518554688], [1096.2026977539062, 595.9425048828125]]",425377792,410910720,425377792,640,yolo26m_int8_640_ncnn_model,MOT17-02
105,368.55464500013113,0.0,8,"[2, 3, 6, 8, 37, 53, 75, 35]","[[658.57080078125, 443.0121154785156, 757.283447265625, 740.7759399414062], [534.2835083007812, 440.2002868652344, 664.817626953125, 816.76708984375], [1257.09228515625, 444.7356262207031, 1293.0911865234375, 541.1553955078125], [933.9694213867188, 436.8405456542969, 968.2147827148438, 517.2122802734375], [757.5040893554688, 450.8330383300781, 844.5652465820312, 690.9861450195312], [1004.2257080078125, 447.4060363769531, 1037.7030029296875, 522.674560546875], [503.4459533691406, 443.0277404785156, 597.8869018554688, 749.336181640625], [1074.265625, 470.3218994140625, 1124.0028076171875, 595.6864013671875]]","[0.7685546875, 0.71923828125, 0.467041015625, 0.44140625, 0.71826171875, 0.2958984375, 0.31689453125, 0.295166015625]","[[707.9271240234375, 740.7759399414062], [599.5505676269531, 816.76708984375], [1275.0917358398438, 541.1553955078125], [951.0921020507812, 517.2122802734375], [801.03466796875, 690.9861450195312], [1020.96435546875, 522.674560546875], [550.6664276123047, 749.336181640625], [1099.1342163085938, 595.6864013671875]]",425377792,410910720,425377792,640,yolo26m_int8_640_ncnn_model,MOT17-02
106,387.1839080002246,0.0,10,"[2, 3, 6, 8, 37, 53, 75, 35, 90, 91]","[[660.55712890625, 441.11907958984375, 760.5663452148438, 741.4573974609375], [535.4580078125, 442.4866943359375, 664.2171630859375, 810.9373168945312], [1255.80029296875, 443.51434326171875, 1292.17822265625, 541.1217041015625], [934.2808227539062, 436.84735107421875, 968.83349609375, 517.2005615234375], [760.3346557617188, 456.48736572265625, 844.7845458984375, 690.2945556640625], [1004.2227783203125, 447.6313171386719, 1037.4295654296875, 522.6893920898438], [504.2042236328125, 447.3653564453125, 598.860107421875, 750.1224975585938], [1075.6309814453125, 471.6302490234375, 1125.026123046875, 595.8349609375], [912.763427734375, 436.125, 977.236572265625, 585.0750122070312], [446.3992919921875, 467.4750061035156, 484.05072021484375, 568.125]]","[0.77001953125, 0.6953125, 0.50244140625, 0.39208984375, 0.69677734375, 0.371337890625, 0.31689453125, 0.257568359375, 0.312744140625, 0.343017578125]","[[710.5617370605469, 741.4573974609375], [599.8375854492188, 810.9373168945312], [1273.9892578125, 541.1217041015625], [951.5571594238281, 517.2005615234375], [802.5596008300781, 690.2945556640625], [1020.826171875, 522.6893920898438], [551.5321655273438, 750.1224975585938], [1100.3285522460938, 595.8349609375], [945.0, 585.0750122070312], [465.2250061035156, 568.125]]",425377792,410910720,425377792,640,yolo26m_int8_640_ncnn_model,MOT17-02
107,370.226922999791,0.0,7,"[2, 3, 6, 8, 37, 53, 35]","[[662.6920166015625, 442.143310546875, 763.2513427734375, 741.9561767578125], [536.3395385742188, 438.6075134277344, 667.550537109375, 810.4232177734375], [1253.8426513671875, 445.5204772949219, 1289.3699951171875, 542.5902709960938], [934.8994750976562, 437.0989074707031, 969.5504760742188, 516.943603515625], [761.7863159179688, 455.3984069824219, 847.3383178710938, 693.250732421875], [1003.7933349609375, 447.4665832519531, 1036.761474609375, 521.9526977539062], [1072.8294677734375, 464.05633544921875, 1124.652099609375, 593.8795166015625]]","[0.77978515625, 0.6923828125, 0.385498046875, 0.467529296875, 0.73828125, 0.28076171875, 0.4072265625]","[[712.9716796875, 741.9561767578125], [601.9450378417969, 810.4232177734375], [1271.6063232421875, 542.5902709960938], [952.2249755859375, 516.943603515625], [804.5623168945312, 693.250732421875], [1020.2774047851562, 521.9526977539062], [1098.7407836914062, 593.8795166015625]]",425377792,410910720,425377792,640,yolo26m_int8_640_ncnn_model,MOT17-02
108,367.5214989998494,0.0,6,"[2, 3, 6, 8, 37, 35]","[[662.6432495117188, 442.0525817871094, 763.4960327148438, 742.6337280273438], [537.6690673828125, 440.1346130371094, 668.7674560546875, 807.2542724609375], [1252.2137451171875, 446.289794921875, 1287.220947265625, 543.1515502929688], [934.7008666992188, 437.4436950683594, 970.2439575195312, 518.5768432617188], [761.8065185546875, 452.2654724121094, 848.7062377929688, 695.0650024414062], [1071.68896484375, 462.5132751464844, 1124.6380615234375, 593.9002075195312]]","[0.794921875, 0.65478515625, 0.462158203125, 0.48583984375, 0.759765625, 0.544921875]","[[713.0696411132812, 742.6337280273438], [603.21826171875, 807.2542724609375], [1269.7173461914062, 543.1515502929688], [952.472412109375, 518.5768432617188], [805.2563781738281, 695.0650024414062], [1098.1635131835938, 593.9002075195312]]",425377792,410910720,425377792,640,yolo26m_int8_640_ncnn_model,MOT17-02
109,369.13072000015745,0.0,8,"[2, 3, 6, 8, 37, 35, 90, 53]","[[662.8994750976562, 441.2849426269531, 764.65771484375, 744.6123657226562], [541.0270385742188, 440.47235107421875, 673.3304443359375, 805.2927856445312], [1252.1199951171875, 446.8226013183594, 1286.9229736328125, 544.1016845703125], [934.5311279296875, 437.57281494140625, 970.587158203125, 519.18505859375], [760.62109375, 451.7998962402344, 847.3585815429688, 695.9725952148438], [1072.06982421875, 459.9713439941406, 1126.787841796875, 594.9002685546875], [914.4934692382812, 437.54730224609375, 978.35107421875, 585.3594360351562], [1003.7413330078125, 448.8414611816406, 1036.3236083984375, 522.521728515625]]","[0.7802734375, 0.65673828125, 0.44921875, 0.42041015625, 0.71728515625, 0.576171875, 0.290771484375, 0.418212890625]","[[713.7785949707031, 744.6123657226562], [607.1787414550781, 805.2927856445312], [1269.521484375, 544.1016845703125], [952.5591430664062, 519.18505859375], [803.9898376464844, 695.9725952148438], [1099.4288330078125, 594.9002685546875], [946.4222717285156, 585.3594360351562], [1020.032470703125, 522.521728515625]]",425377792,410910720,425377792,640,yolo26m_int8_640_ncnn_model,MOT17-02
110,380.691119000403,0.0,8,"[2, 3, 6, 8, 37, 35, 53, 75]","[[662.7491455078125, 440.01678466796875, 765.2232055664062, 746.33544921875], [546.770263671875, 445.0789489746094, 678.4862060546875, 804.0677490234375], [1251.5950927734375, 446.27392578125, 1286.356201171875, 544.2048950195312], [934.359130859375, 436.8817138671875, 970.8099365234375, 519.1611328125], [760.9202880859375, 450.6318359375, 847.9339599609375, 696.2860107421875], [1074.4268798828125, 465.6303405761719, 1127.3665771484375, 595.5289306640625], [1003.9494018554688, 450.9259033203125, 1036.0220947265625, 522.9326782226562], [510.2145690917969, 446.5482482910156, 604.366455078125, 746.8543701171875]]","[0.77685546875, 0.56201171875, 0.5419921875, 0.46337890625, 0.740234375, 0.42626953125, 0.268310546875, 0.25537109375]","[[713.9861755371094, 746.33544921875], [612.6282348632812, 804.0677490234375], [1268.9756469726562, 544.2048950195312], [952.5845336914062, 519.1611328125], [804.4271240234375, 696.2860107421875], [1100.896728515625, 595.5289306640625], [1019.9857482910156, 522.9326782226562], [557.2905120849609, 746.8543701171875]]",425377792,410910720,425377792,640,yolo26m_int8_640_ncnn_model,MOT17-02
111,367.3686289998841,0.0,7,"[2, 3, 6, 8, 37, 35, 53]","[[664.7186889648438, 440.5306396484375, 767.2346801757812, 746.9727783203125], [544.987060546875, 443.8037109375, 680.2938232421875, 806.6239624023438], [1250.8944091796875, 446.79986572265625, 1285.6998291015625, 544.4815673828125], [934.7548828125, 437.1104736328125, 971.4047241210938, 519.6342163085938], [762.0867919921875, 452.157470703125, 848.9783325195312, 697.35888671875], [1073.6932373046875, 467.8957214355469, 1126.26318359375, 595.7760620117188], [1003.546875, 450.6539611816406, 1036.395263671875, 524.0833740234375]]","[0.7744140625, 0.61669921875, 0.4990234375, 0.515625, 0.767578125, 0.51708984375, 0.440673828125]","[[715.9766845703125, 746.9727783203125], [612.6404418945312, 806.6239624023438], [1268.297119140625, 544.4815673828125], [953.0798034667969, 519.6342163085938], [805.5325622558594, 697.35888671875], [1099.9782104492188, 595.7760620117188], [1019.9710693359375, 524.0833740234375]]",425377792,410910720,425377792,640,yolo26m_int8_640_ncnn_model,MOT17-02
112,370.74857200013867,0.0,8,"[2, 3, 6, 8, 37, 35, 53, 75]","[[666.2637329101562, 438.2725524902344, 769.0658569335938, 745.711181640625], [554.5623168945312, 443.5632629394531, 688.4970092773438, 806.3416748046875], [1248.732177734375, 446.49847412109375, 1284.421875, 545.072265625], [935.3348388671875, 436.7059020996094, 972.1748046875, 519.3116455078125], [762.40869140625, 452.9882507324219, 848.4178466796875, 696.5003662109375], [1074.48681640625, 468.73919677734375, 1126.7855224609375, 595.8656005859375], [1003.6434936523438, 450.7957763671875, 1036.2913818359375, 523.2637939453125], [521.7164916992188, 447.2421875, 613.5279541015625, 751.4262084960938]]","[0.75927734375, 0.54736328125, 0.56591796875, 0.52197265625, 0.7724609375, 0.4990234375, 0.44921875, 0.335693359375]","[[717.664794921875, 745.711181640625], [621.5296630859375, 806.3416748046875], [1266.5770263671875, 545.072265625], [953.7548217773438, 519.3116455078125], [805.4132690429688, 696.5003662109375], [1100.6361694335938, 595.8656005859375], [1019.9674377441406, 523.2637939453125], [567.6222229003906, 751.4262084960938]]",425377792,410910720,425377792,640,yolo26m_int8_640_ncnn_model,MOT17-02
113,367.73029699998006,0.0,8,"[2, 3, 6, 8, 37, 35, 53, 91]","[[665.9113159179688, 437.676025390625, 769.5975341796875, 748.9144897460938], [548.1596069335938, 441.2229919433594, 686.6300048828125, 811.4530639648438], [1246.802001953125, 446.87261962890625, 1283.1265869140625, 545.779296875], [934.8174438476562, 436.0592346191406, 971.214599609375, 517.6982421875], [762.7285766601562, 451.0693664550781, 847.9164428710938, 693.4171142578125], [1077.450927734375, 471.2913513183594, 1128.2999267578125, 594.6510009765625], [1003.7783203125, 451.3379821777344, 1036.159912109375, 522.444091796875], [442.7847595214844, 466.8822021484375, 478.32891845703125, 562.1971435546875]]","[0.76416015625, 0.67724609375, 0.59375, 0.55029296875, 0.72607421875, 0.4951171875, 0.28515625, 0.45068359375]","[[717.7544250488281, 748.9144897460938], [617.3948059082031, 811.4530639648438], [1264.9642944335938, 545.779296875], [953.0160217285156, 517.6982421875], [805.322509765625, 693.4171142578125], [1102.8754272460938, 594.6510009765625], [1019.9691162109375, 522.444091796875], [460.5568389892578, 562.1971435546875]]",425377792,410910720,425377792,640,yolo26m_int8_640_ncnn_model,MOT17-02
114,381.68641599986586,0.0,8,"[2, 3, 6, 8, 37, 35, 53, 91]","[[666.0835571289062, 436.9756164550781, 769.8822021484375, 750.6027221679688], [543.2106323242188, 438.61578369140625, 686.3956298828125, 817.0602416992188], [1247.1343994140625, 447.2566223144531, 1283.6005859375, 545.7899169921875], [934.8513793945312, 437.3048400878906, 971.5909423828125, 519.558349609375], [761.1188354492188, 448.853759765625, 847.3977661132812, 696.6961669921875], [1077.9678955078125, 457.90411376953125, 1133.49462890625, 593.43505859375], [1004.4530029296875, 451.28094482421875, 1037.496337890625, 523.3876342773438], [443.0853271484375, 466.85577392578125, 479.24737548828125, 564.1133422851562]]","[0.75830078125, 0.6845703125, 0.56884765625, 0.464599609375, 0.7509765625, 0.37646484375, 0.283935546875, 0.53564453125]","[[717.9828796386719, 750.6027221679688], [614.8031311035156, 817.0602416992188], [1265.3674926757812, 545.7899169921875], [953.2211608886719, 519.558349609375], [804.25830078125, 696.6961669921875], [1105.7312622070312, 593.43505859375], [1020.9746704101562, 523.3876342773438], [461.1663513183594, 564.1133422851562]]",425377792,410910720,425377792,640,yolo26m_int8_640_ncnn_model,MOT17-02
115,371.89249899984134,0.0,8,"[2, 3, 6, 8, 37, 35, 53, 91]","[[666.452392578125, 438.2034912109375, 770.56884765625, 751.7122802734375], [542.0478515625, 437.86993408203125, 685.9884643554688, 815.0077514648438], [1246.1378173828125, 446.1578063964844, 1282.986083984375, 546.028564453125], [935.640625, 437.2799377441406, 972.9202880859375, 520.7462158203125], [762.3120727539062, 449.9922180175781, 848.3054809570312, 697.9130859375], [1078.5921630859375, 455.05621337890625, 1134.907470703125, 593.0015258789062], [1004.7177124023438, 451.25274658203125, 1037.973388671875, 523.7353515625], [442.3075256347656, 463.79803466796875, 479.8572692871094, 565.68896484375]]","[0.77099609375, 0.607421875, 0.5849609375, 0.4658203125, 0.76123046875, 0.431396484375, 0.334228515625, 0.529296875]","[[718.5106201171875, 751.7122802734375], [614.0181579589844, 815.0077514648438], [1264.5619506835938, 546.028564453125], [954.2804565429688, 520.7462158203125], [805.3087768554688, 697.9130859375], [1106.7498168945312, 593.0015258789062], [1021.3455505371094, 523.7353515625], [461.0823974609375, 565.68896484375]]",425377792,410910720,425377792,640,yolo26m_int8_640_ncnn_model,MOT17-02
116,370.6171839999115,0.0,8,"[2, 3, 6, 8, 37, 35, 53, 91]","[[667.252685546875, 438.69219970703125, 771.5524291992188, 752.10400390625], [540.8704223632812, 437.842041015625, 685.4944458007812, 813.9251708984375], [1244.945556640625, 445.49407958984375, 1281.64794921875, 545.3703002929688], [935.291259765625, 435.7943115234375, 973.076171875, 520.6959228515625], [763.7626953125, 449.9483947753906, 849.5780029296875, 697.862548828125], [1079.6171875, 452.99847412109375, 1136.5914306640625, 593.8128051757812], [1003.6425170898438, 450.9857482910156, 1037.3409423828125, 524.111572265625], [442.7764892578125, 465.4129638671875, 479.347900390625, 565.527587890625]]","[0.76123046875, 0.72705078125, 0.6591796875, 0.50830078125, 0.77685546875, 0.56005859375, 0.291748046875, 0.38427734375]","[[719.4025573730469, 752.10400390625], [613.1824340820312, 813.9251708984375], [1263.2967529296875, 545.3703002929688], [954.1837158203125, 520.6959228515625], [806.6703491210938, 697.862548828125], [1108.1043090820312, 593.8128051757812], [1020.4917297363281, 524.111572265625], [461.06219482421875, 565.527587890625]]",425377792,410910720,425377792,640,yolo26m_int8_640_ncnn_model,MOT17-02
117,371.82538700017176,0.0,7,"[2, 3, 6, 8, 37, 35, 91]","[[668.7362060546875, 439.87774658203125, 772.6318359375, 753.2091674804688], [539.4046630859375, 437.10205078125, 686.7686157226562, 818.1885375976562], [1243.649169921875, 445.9803771972656, 1280.0592041015625, 545.354736328125], [936.2838134765625, 437.1894836425781, 973.9539794921875, 521.6463623046875], [765.490234375, 450.1842346191406, 850.8038330078125, 696.5836791992188], [1080.9400634765625, 450.7916564941406, 1138.2178955078125, 593.6467895507812], [442.5056457519531, 466.0694580078125, 478.6425476074219, 565.4712524414062]]","[0.755859375, 0.75439453125, 0.6474609375, 0.529296875, 0.78369140625, 0.509765625, 0.299560546875]","[[720.6840209960938, 753.2091674804688], [613.0866394042969, 818.1885375976562], [1261.8541870117188, 545.354736328125], [955.118896484375, 521.6463623046875], [808.1470336914062, 696.5836791992188], [1109.5789794921875, 593.6467895507812], [460.5740966796875, 565.4712524414062]]",425377792,410910720,425377792,640,yolo26m_int8_640_ncnn_model,MOT17-02
118,380.75293699967006,0.0,9,"[2, 3, 6, 8, 37, 35, 91, 103, 53]","[[667.559814453125, 438.6059265136719, 772.7151489257812, 755.3275756835938], [540.00390625, 438.55523681640625, 689.9976806640625, 824.938232421875], [1241.2227783203125, 446.1658630371094, 1277.4891357421875, 546.3323364257812], [936.4505615234375, 437.238037109375, 974.488037109375, 522.4935913085938], [766.9224243164062, 450.0309753417969, 852.4094848632812, 696.32470703125], [1079.567626953125, 444.872314453125, 1138.7281494140625, 593.8309936523438], [441.9097900390625, 464.8165283203125, 478.9032287597656, 567.9634399414062], [820.3607177734375, 441.6000061035156, 872.2392578125, 567.2999877929688], [1007.9480590820312, 450.2800598144531, 1041.610595703125, 523.6964111328125]]","[0.76416015625, 0.7607421875, 0.6181640625, 0.52978515625, 0.78173828125, 0.560546875, 0.480224609375, 0.363037109375, 0.430908203125]","[[720.1374816894531, 755.3275756835938], [615.0007934570312, 824.938232421875], [1259.35595703125, 546.3323364257812], [955.4692993164062, 522.4935913085938], [809.6659545898438, 696.32470703125], [1109.1478881835938, 593.8309936523438], [460.40650939941406, 567.9634399414062], [846.2999877929688, 567.2999877929688], [1024.7793273925781, 523.6964111328125]]",425377792,410910720,425377792,640,yolo26m_int8_640_ncnn_model,MOT17-02
119,367.672427999878,0.0,9,"[2, 3, 6, 8, 37, 35, 91, 103, 53]","[[669.0342407226562, 438.8685302734375, 775.6741943359375, 759.2982177734375], [538.2180786132812, 439.8562316894531, 690.750732421875, 831.6456909179688], [1239.623779296875, 445.24786376953125, 1275.2950439453125, 544.719970703125], [936.5253295898438, 436.5176086425781, 974.658203125, 521.5713500976562], [769.784423828125, 452.4523010253906, 855.577880859375, 697.6992797851562], [1080.4423828125, 447.2333679199219, 1138.451416015625, 594.1456298828125], [440.8323059082031, 464.85052490234375, 476.92230224609375, 566.4219360351562], [820.2937622070312, 443.49853515625, 871.8316040039062, 568.249267578125], [1009.23046875, 450.861572265625, 1042.26708984375, 523.83837890625]]","[0.74658203125, 0.74658203125, 0.576171875, 0.5400390625, 0.73583984375, 0.560546875, 0.474853515625, 0.458740234375, 0.43505859375]","[[722.3542175292969, 759.2982177734375], [614.4844055175781, 831.6456909179688], [1257.4594116210938, 544.719970703125], [955.5917663574219, 521.5713500976562], [812.68115234375, 697.6992797851562], [1109.4468994140625, 594.1456298828125], [458.87730407714844, 566.4219360351562], [846.0626831054688, 568.249267578125], [1025.748779296875, 523.83837890625]]",425377792,410910720,425377792,640,yolo26m_int8_640_ncnn_model,MOT17-02
120,371.4798519999931,0.0,9,"[2, 3, 6, 8, 37, 35, 91, 103, 53]","[[672.4716186523438, 439.4677734375, 778.7666625976562, 760.2816772460938], [540.7091674804688, 441.5836486816406, 693.2140502929688, 832.9241943359375], [1238.7591552734375, 441.9219665527344, 1274.801025390625, 544.0961303710938], [937.04931640625, 436.4885559082031, 975.1915893554688, 520.9564819335938], [772.391845703125, 450.1462707519531, 860.1334228515625, 697.4623413085938], [1080.443359375, 445.5685119628906, 1138.6209716796875, 594.0299072265625], [440.6419677734375, 464.6276550292969, 476.958740234375, 567.0592651367188], [822.4232788085938, 442.90228271484375, 874.2991943359375, 568.544189453125], [1010.1531982421875, 450.3213195800781, 1043.012451171875, 523.6387939453125]]","[0.755859375, 0.7802734375, 0.44873046875, 0.4794921875, 0.7314453125, 0.365966796875, 0.53125, 0.487548828125, 0.44287109375]","[[725.619140625, 760.2816772460938], [616.9616088867188, 832.9241943359375], [1256.7800903320312, 544.0961303710938], [956.1204528808594, 520.9564819335938], [816.2626342773438, 697.4623413085938], [1109.5321655273438, 594.0299072265625], [458.80035400390625, 567.0592651367188], [848.3612365722656, 568.544189453125], [1026.5828247070312, 523.6387939453125]]",425377792,410910720,425377792,640,yolo26m_int8_640_ncnn_model,MOT17-02
121,367.37265199963076,0.0,9,"[2, 3, 6, 8, 37, 35, 91, 103, 53]","[[672.433837890625, 440.1966552734375, 778.2533569335938, 762.0859375], [538.226318359375, 439.2900695800781, 692.6283569335938, 836.28662109375], [1239.0364990234375, 443.6239318847656, 1274.07470703125, 544.8422241210938], [937.4541015625, 437.2225646972656, 975.1654052734375, 519.97021484375], [776.70751953125, 452.4859619140625, 866.32666015625, 700.0756225585938], [1081.3612060546875, 448.6496887207031, 1137.730712890625, 593.2548828125], [440.1868591308594, 466.53277587890625, 475.9015197753906, 567.2960205078125], [826.8502197265625, 442.6706848144531, 878.0617065429688, 566.3438720703125], [1010.4716186523438, 450.36505126953125, 1043.2821044921875, 524.3046875]]","[0.74951171875, 0.705078125, 0.472412109375, 0.4931640625, 0.7099609375, 0.375, 0.50732421875, 0.487060546875, 0.41552734375]","[[725.3435974121094, 762.0859375], [615.4273376464844, 836.28662109375], [1256.5556030273438, 544.8422241210938], [956.3097534179688, 519.97021484375], [821.51708984375, 700.0756225585938], [1109.5459594726562, 593.2548828125], [458.044189453125, 567.2960205078125], [852.4559631347656, 566.3438720703125], [1026.8768615722656, 524.3046875]]",425377792,410910720,425377792,640,yolo26m_int8_640_ncnn_model,MOT17-02
122,377.90664400017704,0.0,8,"[2, 3, 6, 8, 37, 91, 103, 53]","[[671.6270751953125, 438.7508239746094, 778.7539672851562, 763.4638061523438], [541.8804931640625, 439.3992919921875, 696.5973510742188, 838.4742431640625], [1237.2054443359375, 443.0637512207031, 1271.870849609375, 544.3890380859375], [938.8816528320312, 437.00335693359375, 976.8478393554688, 520.0886840820312], [779.8062133789062, 452.63531494140625, 871.0599975585938, 699.8167724609375], [440.1300048828125, 466.26922607421875, 476.4205627441406, 568.3805541992188], [827.4585571289062, 443.12921142578125, 878.9020385742188, 567.2599487304688], [1011.263427734375, 449.3934020996094, 1043.661376953125, 523.566650390625]]","[0.751953125, 0.66552734375, 0.475341796875, 0.456298828125, 0.7080078125, 0.462158203125, 0.50048828125, 0.398681640625]","[[725.1905212402344, 763.4638061523438], [619.2389221191406, 838.4742431640625], [1254.5381469726562, 544.3890380859375], [957.86474609375, 520.0886840820312], [825.43310546875, 699.8167724609375], [458.27528381347656, 568.3805541992188], [853.1802978515625, 567.2599487304688], [1027.46240234375, 523.566650390625]]",425377792,410910720,425377792,640,yolo26m_int8_640_ncnn_model,MOT17-02
123,368.7621150002087,0.0,9,"[2, 3, 6, 8, 37, 91, 103, 53, 35]","[[676.651123046875, 441.1555480957031, 781.40478515625, 760.00439453125], [545.2108154296875, 440.181396484375, 699.0966186523438, 840.4588623046875], [1236.9873046875, 443.60137939453125, 1270.64013671875, 543.4751586914062], [941.3922729492188, 436.9210510253906, 979.4356079101562, 520.1311645507812], [780.7102661132812, 453.1805419921875, 873.965087890625, 701.1818237304688], [439.24725341796875, 464.4407043457031, 476.018798828125, 568.531982421875], [829.5675659179688, 443.5422668457031, 880.307861328125, 565.1882934570312], [1010.8176879882812, 451.2474670410156, 1042.5357666015625, 524.023681640625], [1081.158203125, 469.4544677734375, 1129.7587890625, 594.5441284179688]]","[0.7421875, 0.72314453125, 0.482177734375, 0.513671875, 0.72705078125, 0.45703125, 0.4375, 0.38037109375, 0.404541015625]","[[729.0279541015625, 760.00439453125], [622.1537170410156, 840.4588623046875], [1253.813720703125, 543.4751586914062], [960.4139404296875, 520.1311645507812], [827.3376770019531, 701.1818237304688], [457.6330261230469, 568.531982421875], [854.9377136230469, 565.1882934570312], [1026.6767272949219, 524.023681640625], [1105.45849609375, 594.5441284179688]]",425377792,410910720,425377792,640,yolo26m_int8_640_ncnn_model,MOT17-02
124,368.1712449997576,0.0,10,"[2, 3, 6, 8, 37, 91, 103, 53, 111, 35]","[[675.843017578125, 438.1084899902344, 781.5806884765625, 762.5941162109375], [547.8157348632812, 441.21978759765625, 700.6192016601562, 842.3656005859375], [1236.48583984375, 447.5459289550781, 1268.694580078125, 543.376953125], [942.149169921875, 436.6419982910156, 980.5677490234375, 520.3928833007812], [783.2919921875, 455.8523864746094, 875.6359252929688, 697.2269287109375], [439.2398681640625, 465.9627990722656, 475.5666198730469, 568.3362426757812], [831.413330078125, 444.4664611816406, 881.6316528320312, 564.7278442382812], [1011.2175903320312, 454.69866943359375, 1041.49072265625, 524.4459228515625], [489.6542663574219, 456.45001220703125, 531.095703125, 575.5499877929688], [1081.3477783203125, 458.1228332519531, 1133.93017578125, 594.038818359375]]","[0.734375, 0.72412109375, 0.623046875, 0.5341796875, 0.74853515625, 0.4697265625, 0.385498046875, 0.337890625, 0.4736328125, 0.396484375]","[[728.7118530273438, 762.5941162109375], [624.2174682617188, 842.3656005859375], [1252.5902099609375, 543.376953125], [961.3584594726562, 520.3928833007812], [829.4639587402344, 697.2269287109375], [457.4032440185547, 568.3362426757812], [856.5224914550781, 564.7278442382812], [1026.3541564941406, 524.4459228515625], [510.37498474121094, 575.5499877929688], [1107.6389770507812, 594.038818359375]]",425377792,410910720,425377792,640,yolo26m_int8_640_ncnn_model,MOT17-02
125,369.6906330001184,0.0,9,"[2, 3, 6, 8, 37, 91, 103, 111, 35]","[[679.1122436523438, 436.2372131347656, 782.9232788085938, 758.370361328125], [550.256591796875, 442.10601806640625, 702.6253051757812, 844.4896850585938], [1235.1090087890625, 448.7898864746094, 1267.2349853515625, 543.5967407226562], [943.6306762695312, 437.52587890625, 981.727294921875, 520.489501953125], [784.0576171875, 453.8577880859375, 879.294677734375, 698.6936645507812], [438.10662841796875, 466.3109436035156, 475.0706787109375, 569.494384765625], [833.5291137695312, 445.29949951171875, 884.6419067382812, 567.1869506835938], [489.48980712890625, 456.1037292480469, 530.6830444335938, 574.7420043945312], [1080.6905517578125, 470.75347900390625, 1129.0235595703125, 595.5859985351562]]","[0.728515625, 0.751953125, 0.533203125, 0.465576171875, 0.734375, 0.412353515625, 0.2529296875, 0.440185546875, 0.4794921875]","[[731.0177612304688, 758.370361328125], [626.4409484863281, 844.4896850585938], [1251.1719970703125, 543.5967407226562], [962.6789855957031, 520.489501953125], [831.6761474609375, 698.6936645507812], [456.5886535644531, 569.494384765625], [859.0855102539062, 567.1869506835938], [510.08642578125, 574.7420043945312], [1104.8570556640625, 595.5859985351562]]",425377792,410910720,425377792,640,yolo26m_int8_640_ncnn_model,MOT17-02
126,376.0686649998206,0.0,8,"[2, 3, 6, 8, 37, 91, 111, 35]","[[680.9588012695312, 438.50128173828125, 781.2584838867188, 751.75537109375], [553.328125, 442.93011474609375, 703.6205444335938, 838.8140258789062], [1232.096435546875, 446.9776306152344, 1265.2744140625, 543.9302978515625], [944.3662719726562, 436.8688049316406, 982.9293212890625, 521.51708984375], [783.7503051757812, 454.1020202636719, 880.1290893554688, 700.2180786132812], [438.0970458984375, 465.4529724121094, 475.48663330078125, 568.93212890625], [487.7836608886719, 454.81890869140625, 529.2740478515625, 574.4707641601562], [1079.9876708984375, 474.76080322265625, 1126.43017578125, 595.2105102539062]]","[0.7431640625, 0.712890625, 0.62255859375, 0.443359375, 0.72216796875, 0.34228515625, 0.424560546875, 0.347412109375]","[[731.108642578125, 751.75537109375], [628.4743347167969, 838.8140258789062], [1248.6854248046875, 543.9302978515625], [963.6477966308594, 521.51708984375], [831.939697265625, 700.2180786132812], [456.7918395996094, 568.93212890625], [508.5288543701172, 574.4707641601562], [1103.2089233398438, 595.2105102539062]]",425377792,410910720,425377792,640,yolo26m_int8_640_ncnn_model,MOT17-02
127,367.8029500001685,0.0,8,"[2, 3, 6, 8, 37, 91, 111, 35]","[[681.1961059570312, 438.8785095214844, 780.4713134765625, 751.727783203125], [556.3017578125, 443.483642578125, 706.5579833984375, 838.29443359375], [1230.7122802734375, 444.8177490234375, 1264.890380859375, 543.5599975585938], [944.1239624023438, 437.1145324707031, 982.8653564453125, 523.3731689453125], [783.97412109375, 454.4342041015625, 880.9344482421875, 701.52783203125], [439.271484375, 470.81256103515625, 475.9825439453125, 569.9447631835938], [486.4195556640625, 452.4677734375, 528.5640869140625, 574.1279907226562], [1080.326171875, 479.70062255859375, 1124.9384765625, 595.596923828125]]","[0.72802734375, 0.77001953125, 0.5966796875, 0.466796875, 0.716796875, 0.301025390625, 0.403564453125, 0.4228515625]","[[730.8337097167969, 751.727783203125], [631.4298706054688, 838.29443359375], [1247.8013305664062, 543.5599975585938], [963.4946594238281, 523.3731689453125], [832.4542846679688, 701.52783203125], [457.62701416015625, 569.9447631835938], [507.4918212890625, 574.1279907226562], [1102.63232421875, 595.596923828125]]",425377792,410910720,425377792,640,yolo26m_int8_640_ncnn_model,MOT17-02
128,369.59148599999025,0.0,8,"[2, 3, 6, 8, 37, 91, 111, 35]","[[685.7103271484375, 438.52392578125, 787.1199951171875, 756.2034301757812], [558.2232666015625, 441.6983947753906, 709.726318359375, 840.0384521484375], [1229.9827880859375, 443.5010070800781, 1265.0413818359375, 543.9129638671875], [945.3846435546875, 437.4537658691406, 983.3955688476562, 522.8468017578125], [785.9711303710938, 453.0685729980469, 884.1310424804688, 702.5027465820312], [438.56988525390625, 469.0938415527344, 476.3573913574219, 570.0711669921875], [486.2464599609375, 451.4529724121094, 528.65625, 574.2994995117188], [1079.7169189453125, 480.6225891113281, 1124.1317138671875, 595.4884033203125]]","[0.72021484375, 0.79052734375, 0.59619140625, 0.455078125, 0.76318359375, 0.447509765625, 0.39453125, 0.454345703125]","[[736.4151611328125, 756.2034301757812], [633.9747924804688, 840.0384521484375], [1247.5120849609375, 543.9129638671875], [964.3901062011719, 522.8468017578125], [835.0510864257812, 702.5027465820312], [457.46363830566406, 570.0711669921875], [507.45135498046875, 574.2994995117188], [1101.92431640625, 595.4884033203125]]",425377792,410910720,425377792,640,yolo26m_int8_640_ncnn_model,MOT17-02
129,367.4151729996993,0.0,7,"[2, 3, 6, 8, 37, 91, 35]","[[685.2258911132812, 438.146728515625, 787.7588500976562, 760.103515625], [560.4425659179688, 439.29119873046875, 713.2636108398438, 842.3839111328125], [1229.1622314453125, 452.1015319824219, 1262.779541015625, 544.7867431640625], [946.956298828125, 437.5837707519531, 984.4320678710938, 522.6273803710938], [787.2626342773438, 453.0389709472656, 885.6647338867188, 703.346435546875], [436.46240234375, 466.4827880859375, 475.3890380859375, 570.111083984375], [1079.526611328125, 481.636962890625, 1123.8411865234375, 595.708740234375]]","[0.68798828125, 0.82177734375, 0.54736328125, 0.396484375, 0.736328125, 0.5537109375, 0.374755859375]","[[736.4923706054688, 760.103515625], [636.8530883789062, 842.3839111328125], [1245.9708862304688, 544.7867431640625], [965.6941833496094, 522.6273803710938], [836.4636840820312, 703.346435546875], [455.92572021484375, 570.111083984375], [1101.6838989257812, 595.708740234375]]",425377792,410910720,425377792,640,yolo26m_int8_640_ncnn_model,MOT17-02
130,381.390200000169,0.0,8,"[2, 3, 6, 8, 37, 91, 35, 111]","[[683.4696044921875, 439.9775085449219, 786.5090942382812, 763.54443359375], [560.9485473632812, 438.130859375, 714.330810546875, 843.4775390625], [1227.936767578125, 450.13134765625, 1262.9591064453125, 544.3642578125], [947.7886962890625, 436.88787841796875, 984.52880859375, 521.2965698242188], [788.8153076171875, 451.2978515625, 888.008544921875, 704.3865966796875], [435.65863037109375, 469.6627197265625, 473.57489013671875, 569.8726806640625], [1079.630859375, 478.3753662109375, 1124.605712890625, 593.2597045898438], [488.3310241699219, 459.17547607421875, 527.851806640625, 573.69189453125]]","[0.6845703125, 0.8447265625, 0.55224609375, 0.481201171875, 0.69775390625, 0.481689453125, 0.4189453125, 0.3720703125]","[[734.9893493652344, 763.54443359375], [637.6396789550781, 843.4775390625], [1245.4479370117188, 544.3642578125], [966.1587524414062, 521.2965698242188], [838.4119262695312, 704.3865966796875], [454.61676025390625, 569.8726806640625], [1102.1182861328125, 593.2597045898438], [508.09141540527344, 573.69189453125]]",425377792,410910720,425377792,640,yolo26m_int8_640_ncnn_model,MOT17-02
131,367.5757659998453,0.0,7,"[2, 3, 6, 8, 37, 91, 35]","[[682.7942504882812, 441.1733703613281, 785.4408569335938, 763.3497924804688], [563.1441650390625, 438.92822265625, 716.0494995117188, 843.5986938476562], [1227.5631103515625, 454.9008483886719, 1262.0032958984375, 544.7122192382812], [949.4819946289062, 437.367919921875, 986.1041870117188, 522.0275268554688], [791.4303588867188, 451.62353515625, 890.68212890625, 705.744140625], [435.9911804199219, 475.15997314453125, 472.76800537109375, 570.5181274414062], [1081.680419921875, 478.6272888183594, 1126.9189453125, 592.872802734375]]","[0.7138671875, 0.83984375, 0.56396484375, 0.488037109375, 0.73876953125, 0.52685546875, 0.408935546875]","[[734.1175537109375, 763.3497924804688], [639.5968322753906, 843.5986938476562], [1244.783203125, 544.7122192382812], [967.7930908203125, 522.0275268554688], [841.0562438964844, 705.744140625], [454.3795928955078, 570.5181274414062], [1104.2996826171875, 592.872802734375]]",425377792,410910720,425377792,640,yolo26m_int8_640_ncnn_model,MOT17-02
132,366.8063410000286,0.0,8,"[2, 3, 6, 8, 37, 91, 35, 53]","[[683.0297241210938, 438.9010009765625, 786.9351806640625, 764.9703369140625], [564.9148559570312, 437.76068115234375, 718.60205078125, 845.0775146484375], [1225.5670166015625, 449.84295654296875, 1262.6044921875, 544.5894775390625], [950.718017578125, 437.5484619140625, 987.0311279296875, 522.2994995117188], [793.415771484375, 451.0139465332031, 892.5455322265625, 705.0045776367188], [435.58233642578125, 473.3898010253906, 473.0472412109375, 569.4815673828125], [1082.44921875, 480.9312438964844, 1127.792236328125, 593.5003662109375], [1008.9137573242188, 452.4659729003906, 1040.4515380859375, 525.788818359375]]","[0.72021484375, 0.84423828125, 0.53466796875, 0.432861328125, 0.73583984375, 0.481201171875, 0.470703125, 0.377197265625]","[[734.9824523925781, 764.9703369140625], [641.7584533691406, 845.0775146484375], [1244.0857543945312, 544.5894775390625], [968.8745727539062, 522.2994995117188], [842.9806518554688, 705.0045776367188], [454.3147888183594, 569.4815673828125], [1105.1207275390625, 593.5003662109375], [1024.6826477050781, 525.788818359375]]",425377792,410910720,425377792,640,yolo26m_int8_640_ncnn_model,MOT17-02
133,369.27828500029136,0.0,8,"[2, 3, 6, 8, 37, 91, 35, 53]","[[684.8934936523438, 440.25799560546875, 787.637451171875, 763.3356323242188], [566.077880859375, 436.0941467285156, 719.445556640625, 843.8701782226562], [1224.4495849609375, 449.27239990234375, 1262.263916015625, 544.3002319335938], [951.0277709960938, 436.1301574707031, 987.4749145507812, 521.90234375], [796.4030151367188, 456.2200927734375, 892.8508911132812, 705.1906127929688], [434.0117492675781, 474.4825439453125, 471.59832763671875, 569.354736328125], [1082.6767578125, 481.4828186035156, 1128.1683349609375, 592.99267578125], [1008.8108520507812, 451.02056884765625, 1040.2908935546875, 525.0740966796875]]","[0.71630859375, 0.8359375, 0.61181640625, 0.489501953125, 0.7197265625, 0.3251953125, 0.4306640625, 0.47021484375]","[[736.2654724121094, 763.3356323242188], [642.76171875, 843.8701782226562], [1243.3567504882812, 544.3002319335938], [969.2513427734375, 521.90234375], [844.626953125, 705.1906127929688], [452.80503845214844, 569.354736328125], [1105.4225463867188, 592.99267578125], [1024.5508728027344, 525.0740966796875]]",425377792,410910720,425377792,640,yolo26m_int8_640_ncnn_model,MOT17-02
134,376.2239640000189,0.0,8,"[2, 3, 6, 8, 37, 91, 35, 53]","[[686.0576171875, 435.82080078125, 790.3568115234375, 763.6629028320312], [568.4639282226562, 434.4845886230469, 721.6385498046875, 844.3540649414062], [1223.178955078125, 447.8042907714844, 1262.074951171875, 544.4335327148438], [952.1121215820312, 437.5668029785156, 988.5879516601562, 523.7199096679688], [796.5657958984375, 452.72613525390625, 893.771728515625, 704.738525390625], [432.4073791503906, 473.6147155761719, 471.10174560546875, 570.5570068359375], [1081.9932861328125, 479.11846923828125, 1129.062255859375, 593.320068359375], [1007.6831665039062, 450.5235290527344, 1039.35888671875, 524.8282470703125]]","[0.7138671875, 0.78466796875, 0.650390625, 0.471435546875, 0.72998046875, 0.521484375, 0.28564453125, 0.389404296875]","[[738.2072143554688, 763.6629028320312], [645.0512390136719, 844.3540649414062], [1242.626953125, 544.4335327148438], [970.3500366210938, 523.7199096679688], [845.1687622070312, 704.738525390625], [451.7545623779297, 570.5570068359375], [1105.5277709960938, 593.320068359375], [1023.5210266113281, 524.8282470703125]]",425377792,410910720,425377792,640,yolo26m_int8_640_ncnn_model,MOT17-02
135,370.77832100021624,0.0,8,"[2, 3, 6, 8, 37, 91, 35, 111]","[[685.4185791015625, 436.620849609375, 789.441162109375, 763.2737426757812], [569.2670288085938, 436.6041259765625, 722.4478149414062, 848.6961669921875], [1222.923828125, 447.7411804199219, 1261.8448486328125, 543.9910278320312], [952.3052978515625, 436.88372802734375, 988.1812133789062, 522.6806640625], [795.0032348632812, 447.2259826660156, 895.630126953125, 710.7262573242188], [429.177978515625, 469.5666198730469, 469.6290283203125, 570.7499389648438], [1077.93994140625, 465.0729675292969, 1130.2061767578125, 593.695556640625], [488.1812744140625, 455.2528076171875, 529.2817993164062, 574.1024169921875]]","[0.72412109375, 0.8203125, 0.533203125, 0.453857421875, 0.74658203125, 0.5361328125, 0.3251953125, 0.344970703125]","[[737.4298706054688, 763.2737426757812], [645.857421875, 848.6961669921875], [1242.3843383789062, 543.9910278320312], [970.2432556152344, 522.6806640625], [845.3166809082031, 710.7262573242188], [449.40350341796875, 570.7499389648438], [1104.0730590820312, 593.695556640625], [508.7315368652344, 574.1024169921875]]",425377792,410910720,425377792,640,yolo26m_int8_640_ncnn_model,MOT17-02
136,373.5572079999656,0.0,9,"[2, 3, 6, 8, 37, 91, 35, 117, 111]","[[687.0686645507812, 438.42730712890625, 790.5765380859375, 763.59423828125], [569.2142944335938, 436.44195556640625, 723.478759765625, 854.2537841796875], [1221.9478759765625, 446.7298278808594, 1261.72509765625, 544.811767578125], [951.9330444335938, 437.1173095703125, 987.4146728515625, 522.7703857421875], [796.7957763671875, 447.5929870605469, 894.8406982421875, 706.6444702148438], [427.3582763671875, 469.49853515625, 467.7610168457031, 569.3525390625], [1076.457763671875, 462.0635681152344, 1129.6727294921875, 594.5452880859375], [858.193115234375, 435.0, 910.6068725585938, 669.0], [487.8842468261719, 455.109375, 529.2244262695312, 573.927734375]]","[0.724609375, 0.82470703125, 0.56787109375, 0.494140625, 0.7255859375, 0.35498046875, 0.369140625, 0.428466796875, 0.3671875]","[[738.8226013183594, 763.59423828125], [646.3465270996094, 854.2537841796875], [1241.8364868164062, 544.811767578125], [969.6738586425781, 522.7703857421875], [845.8182373046875, 706.6444702148438], [447.5596466064453, 569.3525390625], [1103.0652465820312, 594.5452880859375], [884.3999938964844, 669.0], [508.55433654785156, 573.927734375]]",425377792,410910720,425377792,640,yolo26m_int8_640_ncnn_model,MOT17-02
137,370.3623219998917,0.0,8,"[2, 3, 6, 8, 37, 91, 35, 117]","[[691.2842407226562, 438.3766174316406, 794.2883911132812, 762.4572143554688], [569.1550903320312, 435.4073181152344, 724.7816162109375, 859.2623901367188], [1219.3121337890625, 447.0906677246094, 1259.0877685546875, 545.3656005859375], [953.8521118164062, 436.46331787109375, 988.973876953125, 521.5613403320312], [800.5740356445312, 447.0280456542969, 898.2205810546875, 706.714599609375], [426.3052673339844, 471.7076110839844, 465.9673767089844, 568.5476684570312], [1079.2208251953125, 457.7447204589844, 1133.8160400390625, 594.17626953125], [863.299072265625, 438.74188232421875, 915.6328125, 672.1661987304688]]","[0.71826171875, 0.82470703125, 0.482177734375, 0.464599609375, 0.751953125, 0.292724609375, 0.365234375, 0.461181640625]","[[742.7863159179688, 762.4572143554688], [646.9683532714844, 859.2623901367188], [1239.199951171875, 545.3656005859375], [971.4129943847656, 521.5613403320312], [849.3973083496094, 706.714599609375], [446.1363220214844, 568.5476684570312], [1106.5184326171875, 594.17626953125], [889.4659423828125, 672.1661987304688]]",425377792,410910720,425377792,640,yolo26m_int8_640_ncnn_model,MOT17-02
138,382.2292390000257,0.0,8,"[2, 3, 6, 8, 37, 91, 35, 117]","[[691.7508544921875, 438.35931396484375, 794.2614135742188, 762.0111694335938], [568.6976318359375, 435.0221252441406, 724.6268310546875, 862.0922241210938], [1216.9158935546875, 446.2493591308594, 1256.5736083984375, 544.5884399414062], [954.411865234375, 436.7127990722656, 989.6797485351562, 522.5894165039062], [803.759033203125, 447.81982421875, 900.5859375, 706.724853515625], [423.8042297363281, 468.5362243652344, 464.9706115722656, 568.242431640625], [1079.3963623046875, 464.552978515625, 1130.54541015625, 593.3096313476562], [864.8522338867188, 439.7151794433594, 917.5045776367188, 674.6943359375]]","[0.7734375, 0.8251953125, 0.427978515625, 0.4482421875, 0.76513671875, 0.3759765625, 0.337646484375, 0.37109375]","[[743.0061340332031, 762.0111694335938], [646.6622314453125, 862.0922241210938], [1236.7447509765625, 544.5884399414062], [972.0458068847656, 522.5894165039062], [852.1724853515625, 706.724853515625], [444.3874206542969, 568.242431640625], [1104.9708862304688, 593.3096313476562], [891.1784057617188, 674.6943359375]]",425377792,410910720,425377792,640,yolo26m_int8_640_ncnn_model,MOT17-02
139,370.3884520000429,0.0,8,"[2, 3, 6, 8, 37, 91, 35, 103]","[[694.8738403320312, 439.5937805175781, 797.6583251953125, 762.5755615234375], [569.1011962890625, 434.64202880859375, 723.8823852539062, 860.3970336914062], [1214.957763671875, 443.712646484375, 1255.759765625, 545.5244140625], [954.752197265625, 435.8205871582031, 989.7658081054688, 521.98681640625], [805.6845703125, 446.161865234375, 902.6144409179688, 708.6896362304688], [422.8192443847656, 469.3453369140625, 464.7203369140625, 570.0989379882812], [1080.905517578125, 470.60400390625, 1129.7718505859375, 593.7177734375], [861.5033569335938, 438.51666259765625, 920.3084106445312, 584.427734375]]","[0.78662109375, 0.8359375, 0.58056640625, 0.491943359375, 0.7763671875, 0.366455078125, 0.384033203125, 0.408935546875]","[[746.2660827636719, 762.5755615234375], [646.4917907714844, 860.3970336914062], [1235.3587646484375, 545.5244140625], [972.2590026855469, 521.98681640625], [854.1495056152344, 708.6896362304688], [443.76979064941406, 570.0989379882812], [1105.3386840820312, 593.7177734375], [890.9058837890625, 584.427734375]]",425377792,410910720,425377792,640,yolo26m_int8_640_ncnn_model,MOT17-02
140,370.243156000015,0.0,7,"[2, 3, 6, 8, 37, 35, 103]","[[697.1776123046875, 439.5644226074219, 801.1983032226562, 765.25927734375], [569.3670654296875, 434.2640075683594, 723.387451171875, 858.9236450195312], [1213.2332763671875, 443.7426452636719, 1253.5791015625, 544.8994750976562], [955.820068359375, 435.2364807128906, 990.7822875976562, 522.0018920898438], [805.8352661132812, 444.8132019042969, 904.8212280273438, 716.0526733398438], [1082.048583984375, 475.1296691894531, 1128.89697265625, 593.6235961914062], [864.3279418945312, 438.0382995605469, 922.078369140625, 587.1348876953125]]","[0.79541015625, 0.822265625, 0.63134765625, 0.478515625, 0.76416015625, 0.2509765625, 0.400634765625]","[[749.1879577636719, 765.25927734375], [646.3772583007812, 858.9236450195312], [1233.4061889648438, 544.8994750976562], [973.3011779785156, 522.0018920898438], [855.3282470703125, 716.0526733398438], [1105.4727783203125, 593.6235961914062], [893.2031555175781, 587.1348876953125]]",425377792,410910720,425377792,640,yolo26m_int8_640_ncnn_model,MOT17-02
141,379.74905700002637,0.0,7,"[2, 3, 6, 8, 37, 53, 91]","[[699.0291748046875, 437.82110595703125, 805.4007568359375, 767.986328125], [569.1453857421875, 433.886962890625, 723.441162109375, 859.5355224609375], [1210.39794921875, 442.7891845703125, 1251.0609130859375, 545.63671875], [955.9371337890625, 434.5269470214844, 991.4055786132812, 523.4873046875], [807.5834350585938, 444.5605773925781, 905.8126831054688, 717.60693359375], [1006.8453369140625, 450.34576416015625, 1039.10595703125, 524.61865234375], [422.11041259765625, 469.157958984375, 463.72137451171875, 569.1783447265625]]","[0.7939453125, 0.8310546875, 0.6455078125, 0.480224609375, 0.65380859375, 0.383056640625, 0.50830078125]","[[752.2149658203125, 767.986328125], [646.2932739257812, 859.5355224609375], [1230.7294311523438, 545.63671875], [973.6713562011719, 523.4873046875], [856.6980590820312, 717.60693359375], [1022.9756469726562, 524.61865234375], [442.9158935546875, 569.1783447265625]]",425377792,410910720,425377792,640,yolo26m_int8_640_ncnn_model,MOT17-02
142,379.77157600016653,0.0,7,"[2, 3, 6, 8, 37, 53, 91]","[[702.3153076171875, 439.6210632324219, 809.2213134765625, 766.537109375], [568.744140625, 433.2637023925781, 723.7105712890625, 862.1839599609375], [1208.67822265625, 442.1971435546875, 1248.8814697265625, 545.1781005859375], [957.1040649414062, 434.2647399902344, 992.4343872070312, 523.0675659179688], [809.6290283203125, 446.2034606933594, 906.6460571289062, 719.3819580078125], [1007.0123901367188, 450.875732421875, 1038.9091796875, 524.0850219726562], [421.14849853515625, 469.1367492675781, 462.53070068359375, 568.9428100585938]]","[0.79248046875, 0.845703125, 0.62255859375, 0.498046875, 0.7119140625, 0.406982421875, 0.470947265625]","[[755.768310546875, 766.537109375], [646.2273559570312, 862.1839599609375], [1228.7798461914062, 545.1781005859375], [974.7692260742188, 523.0675659179688], [858.1375427246094, 719.3819580078125], [1022.9607849121094, 524.0850219726562], [441.839599609375, 568.9428100585938]]",425377792,410910720,425377792,640,yolo26m_int8_640_ncnn_model,MOT17-02
143,371.61719300002005,0.0,8,"[2, 3, 6, 8, 37, 91, 117, 35]","[[702.301513671875, 440.8113708496094, 811.31103515625, 767.4364624023438], [569.0455932617188, 433.28668212890625, 724.2849731445312, 864.86328125], [1208.1773681640625, 441.98809814453125, 1247.9993896484375, 544.9976806640625], [957.0280151367188, 436.6392822265625, 991.3276977539062, 522.4047241210938], [810.8358154296875, 446.3624572753906, 907.3939819335938, 722.4697265625], [419.9372863769531, 467.1398010253906, 462.0165100097656, 568.8613891601562], [883.7849731445312, 438.3885192871094, 939.3907470703125, 681.0870361328125], [1079.53759765625, 456.41436767578125, 1132.80712890625, 592.707275390625]]","[0.77685546875, 0.83544921875, 0.5849609375, 0.439208984375, 0.728515625, 0.53515625, 0.33642578125, 0.359619140625]","[[756.8062744140625, 767.4364624023438], [646.665283203125, 864.86328125], [1228.08837890625, 544.9976806640625], [974.1778564453125, 522.4047241210938], [859.1148986816406, 722.4697265625], [440.9768981933594, 568.8613891601562], [911.5878601074219, 681.0870361328125], [1106.17236328125, 592.707275390625]]",425377792,410910720,425377792,640,yolo26m_int8_640_ncnn_model,MOT17-02
144,370.0469359996532,0.0,8,"[2, 3, 6, 8, 37, 91, 117, 35]","[[704.8555297851562, 440.51153564453125, 816.8327026367188, 769.4887084960938], [567.1083374023438, 439.2192077636719, 723.544921875, 874.6923828125], [1206.8955078125, 442.17254638671875, 1245.908447265625, 544.6806640625], [957.2880249023438, 438.5610046386719, 991.5450439453125, 524.1473999023438], [813.60693359375, 443.7365417480469, 909.1770629882812, 721.38818359375], [420.5068359375, 468.3678894042969, 461.8400573730469, 568.8341064453125], [884.6333618164062, 438.2119140625, 941.2254638671875, 680.3825073242188], [1080.207763671875, 456.2110900878906, 1133.301025390625, 592.83642578125]]","[0.80126953125, 0.8271484375, 0.54052734375, 0.449951171875, 0.701171875, 0.378173828125, 0.475830078125, 0.501953125]","[[760.8441162109375, 769.4887084960938], [645.3266296386719, 874.6923828125], [1226.4019775390625, 544.6806640625], [974.4165344238281, 524.1473999023438], [861.3919982910156, 721.38818359375], [441.17344665527344, 568.8341064453125], [912.9294128417969, 680.3825073242188], [1106.75439453125, 592.83642578125]]",425377792,410910720,425377792,640,yolo26m_int8_640_ncnn_model,MOT17-02
145,369.63484299985794,0.0,8,"[2, 3, 6, 8, 37, 91, 117, 35]","[[707.20068359375, 443.6015930175781, 821.350341796875, 771.96875], [564.02392578125, 442.22076416015625, 721.6277465820312, 880.5801391601562], [1205.0269775390625, 442.0125732421875, 1243.638671875, 544.8063354492188], [957.2733154296875, 439.51434326171875, 991.70068359375, 525.5321044921875], [816.8566284179688, 446.918212890625, 908.5316772460938, 717.7254028320312], [420.0658264160156, 467.1101989746094, 461.5210876464844, 568.580078125], [886.186279296875, 439.41436767578125, 944.5596313476562, 681.9069213867188], [1080.919921875, 455.7167053222656, 1134.0059814453125, 593.3719482421875]]","[0.82568359375, 0.82958984375, 0.4951171875, 0.427978515625, 0.7197265625, 0.488525390625, 0.44677734375, 0.4072265625]","[[764.2755126953125, 771.96875], [642.8258361816406, 880.5801391601562], [1224.3328247070312, 544.8063354492188], [974.4869995117188, 525.5321044921875], [862.6941528320312, 717.7254028320312], [440.79345703125, 568.580078125], [915.3729553222656, 681.9069213867188], [1107.4629516601562, 593.3719482421875]]",425377792,410910720,425377792,640,yolo26m_int8_640_ncnn_model,MOT17-02
146,380.9608730002765,0.0,10,"[2, 3, 6, 8, 37, 91, 117, 35, 123, 53]","[[710.2479858398438, 441.7973327636719, 826.6874389648438, 771.8905639648438], [561.2510375976562, 442.8597412109375, 719.9993896484375, 883.223388671875], [1204.037353515625, 445.4201965332031, 1241.1943359375, 545.3474731445312], [958.27685546875, 440.60552978515625, 991.7034301757812, 524.30908203125], [819.0845336914062, 445.67974853515625, 910.1302490234375, 718.7437133789062], [416.4969177246094, 466.39642333984375, 458.9317932128906, 568.7352294921875], [885.3107299804688, 437.592529296875, 944.9998168945312, 680.6754150390625], [1081.4053955078125, 459.2392578125, 1133.076904296875, 593.8185424804688], [1122.987060546875, 449.32501220703125, 1155.212890625, 541.2750244140625], [1005.1264038085938, 449.7544860839844, 1038.1175537109375, 525.2034912109375]]","[0.8291015625, 0.82666015625, 0.54541015625, 0.39501953125, 0.72998046875, 0.316162109375, 0.52734375, 0.391357421875, 0.378662109375, 0.4580078125]","[[768.4677124023438, 771.8905639648438], [640.6252136230469, 883.223388671875], [1222.6158447265625, 545.3474731445312], [974.9901428222656, 524.30908203125], [864.6073913574219, 718.7437133789062], [437.71435546875, 568.7352294921875], [915.1552734375, 680.6754150390625], [1107.2411499023438, 593.8185424804688], [1139.0999755859375, 541.2750244140625], [1021.6219787597656, 525.2034912109375]]",425377792,410910720,425377792,640,yolo26m_int8_640_ncnn_model,MOT17-02
147,370.9503800000675,0.0,9,"[2, 3, 6, 8, 37, 91, 117, 35, 123]","[[713.3616943359375, 442.33685302734375, 831.51611328125, 772.56982421875], [557.3326416015625, 441.111083984375, 718.783203125, 890.0323486328125], [1203.4097900390625, 446.4891662597656, 1239.6549072265625, 544.80419921875], [959.291015625, 441.0050354003906, 992.0274047851562, 522.8236694335938], [822.4619140625, 444.7314758300781, 913.0111694335938, 719.5928955078125], [415.1232604980469, 465.39349365234375, 458.0274963378906, 568.551513671875], [887.6530151367188, 434.40203857421875, 948.2418823242188, 677.6759643554688], [1080.706787109375, 460.9237060546875, 1131.6087646484375, 593.7398071289062], [1123.4512939453125, 449.552734375, 1156.1151123046875, 542.8692016601562]]","[0.8330078125, 0.8232421875, 0.6103515625, 0.359375, 0.7138671875, 0.376708984375, 0.56640625, 0.45703125, 0.466796875]","[[772.4389038085938, 772.56982421875], [638.0579223632812, 890.0323486328125], [1221.5323486328125, 544.80419921875], [975.6592102050781, 522.8236694335938], [867.7365417480469, 719.5928955078125], [436.57537841796875, 568.551513671875], [917.9474487304688, 677.6759643554688], [1106.1577758789062, 593.7398071289062], [1139.783203125, 542.8692016601562]]",425377792,410910720,425377792,640,yolo26m_int8_640_ncnn_model,MOT17-02
148,370.35993700010295,0.0,10,"[2, 3, 6, 8, 37, 91, 117, 35, 123, 53]","[[714.65576171875, 442.7799377441406, 834.0350952148438, 772.548583984375], [554.57373046875, 442.388671875, 718.6248779296875, 898.3953857421875], [1202.6923828125, 445.88385009765625, 1238.6822509765625, 544.6004028320312], [958.5659790039062, 442.3929443359375, 991.1980590820312, 523.020751953125], [824.577392578125, 445.61376953125, 914.1333618164062, 720.6256103515625], [414.7510986328125, 465.5148620605469, 457.60784912109375, 568.9776611328125], [884.36962890625, 434.6952819824219, 946.4321899414062, 681.9977416992188], [1080.0616455078125, 458.1368713378906, 1131.42431640625, 593.2105102539062], [1124.5655517578125, 451.93157958984375, 1156.626953125, 543.4249877929688], [1004.8491821289062, 449.91253662109375, 1036.862548828125, 523.8756103515625]]","[0.83642578125, 0.8408203125, 0.61767578125, 0.440673828125, 0.7392578125, 0.269287109375, 0.5234375, 0.4384765625, 0.4931640625, 0.384033203125]","[[774.3454284667969, 772.548583984375], [636.5993041992188, 898.3953857421875], [1220.6873168945312, 544.6004028320312], [974.8820190429688, 523.020751953125], [869.3553771972656, 720.6256103515625], [436.1794738769531, 568.9776611328125], [915.4009094238281, 681.9977416992188], [1105.7429809570312, 593.2105102539062], [1140.5962524414062, 543.4249877929688], [1020.8558654785156, 523.8756103515625]]",425377792,410910720,425377792,640,yolo26m_int8_640_ncnn_model,MOT17-02
149,372.47263900007965,0.0,9,"[2, 3, 6, 8, 37, 117, 35, 123, 53]","[[715.6781005859375, 443.68023681640625, 836.2382202148438, 774.738525390625], [551.2672729492188, 439.44110107421875, 716.9234008789062, 900.99658203125], [1202.5460205078125, 445.6548156738281, 1238.2978515625, 544.525146484375], [958.8748168945312, 441.6330871582031, 991.28271484375, 521.3361206054688], [825.86865234375, 450.1602783203125, 914.9197998046875, 724.6915283203125], [887.7386474609375, 437.7811584472656, 949.877685546875, 681.6248779296875], [1079.0672607421875, 458.342529296875, 1130.1455078125, 593.744384765625], [1125.0157470703125, 450.1527099609375, 1157.78369140625, 543.8324584960938], [1004.295654296875, 449.9742431640625, 1036.10498046875, 523.5672607421875]]","[0.83447265625, 0.8173828125, 0.59814453125, 0.3671875, 0.72021484375, 0.5634765625, 0.440185546875, 0.5048828125, 0.330810546875]","[[775.9581604003906, 774.738525390625], [634.0953369140625, 900.99658203125], [1220.4219360351562, 544.525146484375], [975.0787658691406, 521.3361206054688], [870.3942260742188, 724.6915283203125], [918.8081665039062, 681.6248779296875], [1104.6063842773438, 593.744384765625], [1141.3997192382812, 543.8324584960938], [1020.2003173828125, 523.5672607421875]]",425377792,410910720,425377792,640,yolo26m_int8_640_ncnn_model,MOT17-02
150,380.0625969997782,0.0,9,"[2, 3, 6, 8, 37, 117, 35, 123, 130]","[[714.9208374023438, 442.5261535644531, 837.0430297851562, 777.0205688476562], [549.32666015625, 438.0491027832031, 715.5072021484375, 900.1453857421875], [1201.18408203125, 444.82122802734375, 1237.5806884765625, 545.2424926757812], [959.4756469726562, 441.08087158203125, 990.799560546875, 517.9520874023438], [828.5648193359375, 448.1805419921875, 918.8082885742188, 728.9204711914062], [892.104248046875, 436.48016357421875, 955.9020385742188, 682.9383544921875], [1078.44482421875, 462.889404296875, 1127.927001953125, 594.4391479492188], [1127.0634765625, 454.10516357421875, 1158.360595703125, 543.6715698242188], [500.39813232421875, 457.125, 536.40185546875, 559.875]]","[0.82958984375, 0.80615234375, 0.6123046875, 0.338623046875, 0.74072265625, 0.619140625, 0.41162109375, 0.486328125, 0.32421875]","[[775.98193359375, 777.0205688476562], [632.4169311523438, 900.1453857421875], [1219.3823852539062, 545.2424926757812], [975.1376037597656, 517.9520874023438], [873.6865539550781, 728.9204711914062], [924.0031433105469, 682.9383544921875], [1103.1859130859375, 594.4391479492188], [1142.7120361328125, 543.6715698242188], [518.3999938964844, 559.875]]",425377792,410910720,425377792,640,yolo26m_int8_640_ncnn_model,MOT17-02
151,375.71185999968293,0.0,10,"[2, 3, 6, 8, 37, 117, 35, 123, 130, 131]","[[714.1907348632812, 438.629150390625, 838.6117553710938, 778.34423828125], [545.9384765625, 436.5274963378906, 712.7442626953125, 899.6754760742188], [1200.5035400390625, 446.4808654785156, 1236.5780029296875, 545.5122680664062], [960.373046875, 441.1103515625, 991.942138671875, 518.4754028320312], [829.6480102539062, 448.40966796875, 920.0963745117188, 731.453369140625], [896.4472045898438, 435.00244140625, 962.2079467773438, 681.4259033203125], [1077.7030029296875, 452.9643859863281, 1130.5797119140625, 595.448974609375], [1127.7867431640625, 453.61016845703125, 1159.5577392578125, 544.3802490234375], [500.063232421875, 456.5469055175781, 536.5055541992188, 560.4530639648438], [469.9912109375, 469.57501220703125, 516.1087646484375, 576.8250122070312]]","[0.81640625, 0.80078125, 0.60400390625, 0.295654296875, 0.7470703125, 0.6826171875, 0.45458984375, 0.462890625, 0.3173828125, 0.44677734375]","[[776.4012451171875, 778.34423828125], [629.3413696289062, 899.6754760742188], [1218.540771484375, 545.5122680664062], [976.1575927734375, 518.4754028320312], [874.8721923828125, 731.453369140625], [929.3275756835938, 681.4259033203125], [1104.141357421875, 595.448974609375], [1143.6722412109375, 544.3802490234375], [518.2843933105469, 560.4530639648438], [493.04998779296875, 576.8250122070312]]",425377792,410910720,425377792,640,yolo26m_int8_640_ncnn_model,MOT17-02
152,368.90527300010945,0.0,9,"[2, 3, 6, 8, 37, 117, 35, 123, 131]","[[713.925048828125, 437.3916931152344, 839.0499267578125, 778.5656127929688], [542.8383178710938, 434.7205810546875, 711.1001586914062, 901.5940551757812], [1198.3031005859375, 444.3802185058594, 1235.2626953125, 545.3640747070312], [960.7586059570312, 440.3628234863281, 992.2743530273438, 517.4281005859375], [830.516845703125, 447.51251220703125, 919.9901733398438, 729.4186401367188], [897.4888916015625, 434.9381408691406, 965.0, 682.3080444335938], [1078.54541015625, 451.77105712890625, 1131.39013671875, 595.3342895507812], [1128.21484375, 449.7770080566406, 1160.7705078125, 543.04931640625], [470.0369567871094, 474.141845703125, 514.4443969726562, 577.3452758789062]]","[0.81787109375, 0.794921875, 0.5966796875, 0.28125, 0.71923828125, 0.60400390625, 0.51806640625, 0.333251953125, 0.365478515625]","[[776.4874877929688, 778.5656127929688], [626.96923828125, 901.5940551757812], [1216.7828979492188, 545.3640747070312], [976.5164794921875, 517.4281005859375], [875.2535095214844, 729.4186401367188], [931.2444458007812, 682.3080444335938], [1104.9677734375, 595.3342895507812], [1144.49267578125, 543.04931640625], [492.2406768798828, 577.3452758789062]]",425377792,410910720,425377792,640,yolo26m_int8_640_ncnn_model,MOT17-02
153,368.5561620000044,0.0,7,"[2, 3, 6, 37, 117, 35, 123]","[[713.9310302734375, 434.9584655761719, 839.94140625, 778.60888671875], [539.2100830078125, 432.81378173828125, 707.5947875976562, 899.5250244140625], [1197.4305419921875, 445.5675964355469, 1233.912353515625, 545.3070068359375], [829.0838012695312, 445.1911926269531, 919.591796875, 733.5125122070312], [899.16845703125, 434.1784362792969, 967.523193359375, 680.3950805664062], [1077.32421875, 443.8039855957031, 1132.3118896484375, 596.0064697265625], [1130.449951171875, 455.73272705078125, 1161.0972900390625, 543.3154907226562]]","[0.8154296875, 0.78515625, 0.60302734375, 0.71142578125, 0.623046875, 0.462158203125, 0.4580078125]","[[776.9362182617188, 778.60888671875], [623.4024353027344, 899.5250244140625], [1215.6714477539062, 545.3070068359375], [874.3377990722656, 733.5125122070312], [933.3458251953125, 680.3950805664062], [1104.8180541992188, 596.0064697265625], [1145.7736206054688, 543.3154907226562]]",425377792,410910720,425377792,640,yolo26m_int8_640_ncnn_model,MOT17-02
154,377.9868599999645,0.0,8,"[2, 3, 6, 37, 117, 35, 123, 131]","[[715.8593139648438, 433.3100280761719, 842.1652221679688, 777.3607177734375], [537.8339233398438, 432.09942626953125, 706.3343505859375, 899.6140747070312], [1196.55078125, 445.28277587890625, 1233.062255859375, 545.0342407226562], [830.19921875, 442.8523254394531, 920.632080078125, 732.5685424804688], [900.3434448242188, 434.1456604003906, 969.7011108398438, 681.3848876953125], [1079.50830078125, 460.2113342285156, 1128.0982666015625, 595.0596923828125], [1131.52099609375, 461.1302185058594, 1160.8795166015625, 544.4479370117188], [471.3422546386719, 482.4493713378906, 511.2050476074219, 574.9232177734375]]","[0.8173828125, 0.8125, 0.6181640625, 0.73046875, 0.63818359375, 0.353759765625, 0.449951171875, 0.288818359375]","[[779.0122680664062, 777.3607177734375], [622.0841369628906, 899.6140747070312], [1214.8065185546875, 545.0342407226562], [875.4156494140625, 732.5685424804688], [935.0222778320312, 681.3848876953125], [1103.8032836914062, 595.0596923828125], [1146.2002563476562, 544.4479370117188], [491.2736511230469, 574.9232177734375]]",425377792,410910720,425377792,640,yolo26m_int8_640_ncnn_model,MOT17-02
155,367.119478999939,0.0,8,"[2, 3, 6, 37, 117, 35, 123, 53]","[[719.3076171875, 433.4442138671875, 845.104736328125, 776.1126708984375], [535.5643310546875, 436.77532958984375, 703.2704467773438, 900.5525512695312], [1196.3363037109375, 445.919189453125, 1232.717041015625, 545.1787719726562], [831.5639038085938, 442.69976806640625, 921.9512939453125, 733.3720703125], [900.35498046875, 434.3890686035156, 970.7587280273438, 683.4785766601562], [1078.0693359375, 455.9786376953125, 1127.6800537109375, 595.6627807617188], [1130.4986572265625, 451.0068054199219, 1163.16162109375, 544.318359375], [1004.3517456054688, 451.7182922363281, 1035.453857421875, 523.1144409179688]]","[0.8193359375, 0.81982421875, 0.6298828125, 0.734375, 0.626953125, 0.3125, 0.440185546875, 0.301025390625]","[[782.2061767578125, 776.1126708984375], [619.4173889160156, 900.5525512695312], [1214.5266723632812, 545.1787719726562], [876.7575988769531, 733.3720703125], [935.5568542480469, 683.4785766601562], [1102.8746948242188, 595.6627807617188], [1146.8301391601562, 544.318359375], [1019.9028015136719, 523.1144409179688]]",425377792,410910720,425377792,640,yolo26m_int8_640_ncnn_model,MOT17-02
156,368.58310800016625,0.0,9,"[2, 3, 6, 37, 117, 35, 123, 53, 131]","[[720.9479370117188, 430.30804443359375, 847.7369995117188, 774.8721313476562], [533.956787109375, 433.13153076171875, 702.9609985351562, 900.3339233398438], [1194.296142578125, 443.6758728027344, 1231.66015625, 545.729736328125], [831.9256591796875, 441.42962646484375, 922.5116577148438, 732.89306640625], [901.8541259765625, 434.7354431152344, 973.4285278320312, 685.9840087890625], [1078.2171630859375, 463.35467529296875, 1124.9312744140625, 594.8890991210938], [1131.5264892578125, 452.7057800292969, 1163.553955078125, 544.0354614257812], [1004.046630859375, 451.07257080078125, 1035.8006591796875, 523.8865356445312], [471.2254333496094, 488.6789245605469, 508.4381103515625, 574.7306518554688]]","[0.8134765625, 0.80810546875, 0.6298828125, 0.7138671875, 0.6220703125, 0.289794921875, 0.35693359375, 0.369384765625, 0.2919921875]","[[784.3424682617188, 774.8721313476562], [618.4588928222656, 900.3339233398438], [1212.9781494140625, 545.729736328125], [877.2186584472656, 732.89306640625], [937.6413269042969, 685.9840087890625], [1101.57421875, 594.8890991210938], [1147.5402221679688, 544.0354614257812], [1019.9236450195312, 523.8865356445312], [489.83177185058594, 574.7306518554688]]",425377792,410910720,425377792,640,yolo26m_int8_640_ncnn_model,MOT17-02
157,369.4162179999694,0.0,10,"[2, 3, 6, 37, 117, 35, 123, 53, 132, 131]","[[723.5706176757812, 432.35382080078125, 850.5436401367188, 777.1024780273438], [532.4169921875, 432.5025329589844, 701.9089965820312, 900.4366455078125], [1193.586181640625, 446.02825927734375, 1230.2943115234375, 545.6888427734375], [833.6729125976562, 442.6866455078125, 923.9699096679688, 732.9122314453125], [904.6901245117188, 434.3795166015625, 976.9314575195312, 686.420166015625], [1077.4896240234375, 454.1539611816406, 1126.69091796875, 594.5726928710938], [1134.0616455078125, 460.6829528808594, 1163.484130859375, 543.65185546875], [1003.1851196289062, 450.37188720703125, 1034.685791015625, 524.6282958984375], [668.0455322265625, 441.5249938964844, 736.2544555664062, 790.875], [468.0251770019531, 482.51544189453125, 507.3629150390625, 574.002197265625]]","[0.8203125, 0.8251953125, 0.56103515625, 0.708984375, 0.62841796875, 0.252685546875, 0.293212890625, 0.26171875, 0.331298828125, 0.392578125]","[[787.05712890625, 777.1024780273438], [617.1629943847656, 900.4366455078125], [1211.9402465820312, 545.6888427734375], [878.8214111328125, 732.9122314453125], [940.810791015625, 686.420166015625], [1102.0902709960938, 594.5726928710938], [1148.7728881835938, 543.65185546875], [1018.9354553222656, 524.6282958984375], [702.1499938964844, 790.875], [487.6940460205078, 574.002197265625]]",425377792,410910720,425377792,640,yolo26m_int8_640_ncnn_model,MOT17-02
158,375.2655840003172,0.0,10,"[2, 3, 6, 37, 117, 35, 123, 53, 132, 131]","[[724.66650390625, 432.9165954589844, 852.3540649414062, 780.1615600585938], [530.657958984375, 431.0440979003906, 700.32666015625, 899.6718139648438], [1192.6160888671875, 447.1999206542969, 1228.5860595703125, 545.4195556640625], [838.7094116210938, 444.4209899902344, 927.9584350585938, 732.6315307617188], [906.4934692382812, 438.197021484375, 978.346923828125, 687.5439453125], [1077.795654296875, 453.0862731933594, 1126.7508544921875, 594.2177124023438], [1134.8389892578125, 457.4904479980469, 1165.610595703125, 543.4924926757812], [1003.7098999023438, 450.1092224121094, 1035.3985595703125, 524.905029296875], [668.34423828125, 436.5124816894531, 738.0299072265625, 792.8915405273438], [466.7491149902344, 480.35955810546875, 506.2789001464844, 573.0197143554688]]","[0.81396484375, 0.8291015625, 0.5634765625, 0.73046875, 0.61083984375, 0.34375, 0.328857421875, 0.2744140625, 0.42041015625, 0.343505859375]","[[788.5102844238281, 780.1615600585938], [615.4923095703125, 899.6718139648438], [1210.60107421875, 545.4195556640625], [883.3339233398438, 732.6315307617188], [942.4201965332031, 687.5439453125], [1102.2732543945312, 594.2177124023438], [1150.2247924804688, 543.4924926757812], [1019.5542297363281, 524.905029296875], [703.1870727539062, 792.8915405273438], [486.5140075683594, 573.0197143554688]]",425377792,410910720,425377792,640,yolo26m_int8_640_ncnn_model,MOT17-02
159,373.0210500002613,0.0,9,"[2, 3, 6, 37, 117, 35, 123, 132, 131]","[[727.3213500976562, 434.38079833984375, 853.6179809570312, 778.0960693359375], [530.2308349609375, 432.482421875, 699.5958251953125, 900.3142700195312], [1191.8797607421875, 445.13787841796875, 1228.4112548828125, 545.8157958984375], [840.2160034179688, 441.6236267089844, 929.7659912109375, 731.9937133789062], [910.4962158203125, 435.931640625, 984.2993774414062, 689.6780395507812], [1077.6490478515625, 444.10565185546875, 1129.0318603515625, 594.8130493164062], [1134.8271484375, 454.4098205566406, 1166.6009521484375, 543.4380493164062], [670.203857421875, 439.71478271484375, 740.33203125, 796.7454833984375], [465.912841796875, 476.74951171875, 506.8283386230469, 574.3927612304688]]","[0.8193359375, 0.83056640625, 0.53759765625, 0.7197265625, 0.68017578125, 0.378662109375, 0.360107421875, 0.513671875, 0.3369140625]","[[790.4696655273438, 778.0960693359375], [614.913330078125, 900.3142700195312], [1210.1455078125, 545.8157958984375], [884.9909973144531, 731.9937133789062], [947.3977966308594, 689.6780395507812], [1103.3404541015625, 594.8130493164062], [1150.7140502929688, 543.4380493164062], [705.2679443359375, 796.7454833984375], [486.37059020996094, 574.3927612304688]]",425377792,410910720,425377792,640,yolo26m_int8_640_ncnn_model,MOT17-02
160,369.7569780001686,0.0,8,"[2, 3, 6, 37, 117, 35, 132, 131]","[[729.3917236328125, 436.6940002441406, 854.8637084960938, 778.516357421875], [529.2385864257812, 434.7784729003906, 699.2726440429688, 903.7247924804688], [1190.6680908203125, 445.8492431640625, 1226.391845703125, 545.468994140625], [844.056884765625, 441.81121826171875, 932.9794311523438, 731.4812622070312], [914.2875366210938, 435.3250427246094, 989.003662109375, 688.23828125], [1080.7862548828125, 459.7336730957031, 1126.70166015625, 594.3155517578125], [670.99560546875, 440.90545654296875, 741.935546875, 800.1621704101562], [465.5794677734375, 475.919921875, 506.11871337890625, 574.394287109375]]","[0.82958984375, 0.83984375, 0.50927734375, 0.73681640625, 0.6748046875, 0.305419921875, 0.61279296875, 0.390869140625]","[[792.1277160644531, 778.516357421875], [614.255615234375, 903.7247924804688], [1208.5299682617188, 545.468994140625], [888.5181579589844, 731.4812622070312], [951.6455993652344, 688.23828125], [1103.7439575195312, 594.3155517578125], [706.465576171875, 800.1621704101562], [485.8490905761719, 574.394287109375]]",425377792,410910720,425377792,640,yolo26m_int8_640_ncnn_model,MOT17-02
161,369.51549800005523,0.0,9,"[2, 3, 6, 37, 117, 35, 132, 131, 123]","[[732.0306396484375, 438.3157958984375, 857.2980346679688, 780.8903198242188], [527.634765625, 432.19677734375, 698.9970092773438, 904.4744873046875], [1188.29296875, 445.1315002441406, 1223.651611328125, 545.3323974609375], [847.6544189453125, 444.6198425292969, 935.8909301757812, 731.5078125], [917.0892944335938, 435.3395080566406, 993.1895141601562, 689.3790283203125], [1082.078369140625, 467.14239501953125, 1125.7537841796875, 594.3589477539062], [672.285400390625, 443.1949157714844, 742.4068603515625, 796.0617065429688], [465.4774475097656, 477.37335205078125, 504.9047546386719, 574.61669921875], [1133.918701171875, 446.5918884277344, 1167.9322509765625, 542.8226318359375]]","[0.8203125, 0.8359375, 0.50341796875, 0.7431640625, 0.6787109375, 0.264404296875, 0.64013671875, 0.446044921875, 0.265625]","[[794.6643371582031, 780.8903198242188], [613.3158874511719, 904.4744873046875], [1205.9722900390625, 545.3323974609375], [891.7726745605469, 731.5078125], [955.139404296875, 689.3790283203125], [1103.9160766601562, 594.3589477539062], [707.3461303710938, 796.0617065429688], [485.19110107421875, 574.61669921875], [1150.9254760742188, 542.8226318359375]]",425377792,410910720,425377792,640,yolo26m_int8_640_ncnn_model,MOT17-02
162,379.38717599990923,0.0,9,"[2, 3, 6, 37, 117, 132, 131, 123, 53]","[[735.4464111328125, 437.68487548828125, 859.6134033203125, 780.031982421875], [526.4515380859375, 431.2228088378906, 698.5753173828125, 904.7074584960938], [1187.2886962890625, 445.8516845703125, 1221.830810546875, 545.280517578125], [851.0294189453125, 444.20709228515625, 939.7955322265625, 732.986328125], [919.6551513671875, 436.8279113769531, 997.0103759765625, 692.2540283203125], [672.0946044921875, 443.9762268066406, 742.5507202148438, 795.5657958984375], [463.522705078125, 470.970703125, 505.4320373535156, 576.6782836914062], [1134.58984375, 444.8463439941406, 1169.1470947265625, 542.676513671875], [1002.8062133789062, 450.0103759765625, 1032.9837646484375, 523.6829223632812]]","[0.8056640625, 0.83642578125, 0.456298828125, 0.73681640625, 0.62451171875, 0.7021484375, 0.3974609375, 0.290771484375, 0.2880859375]","[[797.5299072265625, 780.031982421875], [612.513427734375, 904.7074584960938], [1204.5597534179688, 545.280517578125], [895.4124755859375, 732.986328125], [958.332763671875, 692.2540283203125], [707.3226623535156, 795.5657958984375], [484.4773712158203, 576.6782836914062], [1151.8684692382812, 542.676513671875], [1017.8949890136719, 523.6829223632812]]",425377792,410910720,425377792,640,yolo26m_int8_640_ncnn_model,MOT17-02
163,368.33223999974507,0.0,8,"[2, 3, 6, 37, 117, 132, 131, 91]","[[740.26220703125, 438.1817321777344, 861.766845703125, 777.9486694335938], [528.46923828125, 430.6177062988281, 699.9932250976562, 901.0418090820312], [1185.477294921875, 441.65509033203125, 1220.6917724609375, 544.763671875], [853.8052368164062, 445.0415344238281, 942.5751953125, 732.5350341796875], [920.1688232421875, 437.8861389160156, 998.7061767578125, 696.7691040039062], [672.07080078125, 444.47772216796875, 743.5092163085938, 799.2633056640625], [461.09759521484375, 453.0133361816406, 508.7871398925781, 576.70751953125], [405.7188720703125, 464.9690856933594, 449.1124267578125, 564.0413818359375]]","[0.8095703125, 0.8291015625, 0.4697265625, 0.7705078125, 0.5400390625, 0.64501953125, 0.296630859375, 0.264404296875]","[[801.0145263671875, 777.9486694335938], [614.2312316894531, 901.0418090820312], [1203.0845336914062, 544.763671875], [898.1902160644531, 732.5350341796875], [959.4375, 696.7691040039062], [707.7900085449219, 799.2633056640625], [484.94236755371094, 576.70751953125], [427.4156494140625, 564.0413818359375]]",425377792,410910720,425377792,640,yolo26m_int8_640_ncnn_model,MOT17-02
164,369.18534999995245,0.0,10,"[2, 3, 6, 37, 117, 132, 131, 35, 123, 53]","[[743.9539794921875, 437.3705749511719, 864.5172729492188, 778.1361083984375], [532.3930053710938, 434.8634338378906, 703.4182739257812, 900.0960083007812], [1185.3280029296875, 442.29864501953125, 1219.805908203125, 544.3277587890625], [857.22216796875, 444.6163635253906, 947.0394897460938, 732.0923461914062], [923.539306640625, 438.7738342285156, 998.9254760742188, 686.1572265625], [674.1403198242188, 447.6979675292969, 746.8238525390625, 805.6778564453125], [460.76910400390625, 446.99444580078125, 509.0158996582031, 575.79638671875], [1084.9947509765625, 476.12652587890625, 1125.5595703125, 593.846435546875], [1135.195556640625, 443.2867736816406, 1169.3994140625, 542.2205810546875], [1002.4026489257812, 449.6963195800781, 1031.7662353515625, 522.6104736328125]]","[0.8037109375, 0.83203125, 0.427978515625, 0.78173828125, 0.572265625, 0.677734375, 0.338134765625, 0.260498046875, 0.255859375, 0.296875]","[[804.2356262207031, 778.1361083984375], [617.9056396484375, 900.0960083007812], [1202.5669555664062, 544.3277587890625], [902.1308288574219, 732.0923461914062], [961.2323913574219, 686.1572265625], [710.4820861816406, 805.6778564453125], [484.8925018310547, 575.79638671875], [1105.2771606445312, 593.846435546875], [1152.2974853515625, 542.2205810546875], [1017.0844421386719, 522.6104736328125]]",425377792,410910720,425377792,640,yolo26m_int8_640_ncnn_model,MOT17-02
165,370.1377950001188,0.0,8,"[2, 3, 6, 37, 117, 132, 35, 53]","[[746.4196166992188, 440.0342712402344, 865.2990112304688, 779.1898803710938], [532.453857421875, 437.9721984863281, 705.2054443359375, 902.1974487304688], [1185.89892578125, 446.0362548828125, 1218.9630126953125, 544.6560668945312], [860.5892944335938, 442.22515869140625, 952.4169311523438, 733.1473388671875], [923.1875, 436.0900573730469, 1001.3613891601562, 695.0341186523438], [674.428466796875, 449.609619140625, 747.9398803710938, 808.2355346679688], [1085.20703125, 476.8329162597656, 1125.755126953125, 594.2938842773438], [1002.3310546875, 448.8577575683594, 1031.5467529296875, 523.169677734375]]","[0.7890625, 0.8232421875, 0.39990234375, 0.7900390625, 0.5498046875, 0.68994140625, 0.261962890625, 0.314208984375]","[[805.8593139648438, 779.1898803710938], [618.8296508789062, 902.1974487304688], [1202.4309692382812, 544.6560668945312], [906.5031127929688, 733.1473388671875], [962.2744445800781, 695.0341186523438], [711.1841735839844, 808.2355346679688], [1105.4810791015625, 594.2938842773438], [1016.9389038085938, 523.169677734375]]",425377792,410910720,425377792,640,yolo26m_int8_640_ncnn_model,MOT17-02
166,374.4954220001091,0.0,8,"[2, 3, 6, 37, 117, 132, 53, 137]","[[747.352783203125, 435.57513427734375, 867.3936767578125, 781.0695190429688], [531.0128784179688, 432.9263610839844, 708.3580932617188, 908.176025390625], [1185.9908447265625, 446.96929931640625, 1218.887451171875, 545.2867431640625], [864.1806640625, 442.56005859375, 957.865966796875, 733.284912109375], [926.458740234375, 436.8310546875, 1004.6435546875, 695.5393676757812], [672.171142578125, 445.737548828125, 747.6015625, 809.6027221679688], [1002.5459594726562, 449.55560302734375, 1031.2342529296875, 523.3646850585938], [470.31439208984375, 479.3999938964844, 499.5856018066406, 573.2999877929688]]","[0.78271484375, 0.822265625, 0.375, 0.79638671875, 0.61474609375, 0.69384765625, 0.429931640625, 0.359619140625]","[[807.3732299804688, 781.0695190429688], [619.6854858398438, 908.176025390625], [1202.4391479492188, 545.2867431640625], [911.0233154296875, 733.284912109375], [965.5511474609375, 695.5393676757812], [709.8863525390625, 809.6027221679688], [1016.8901062011719, 523.3646850585938], [484.9499969482422, 573.2999877929688]]",425377792,410910720,425377792,640,yolo26m_int8_640_ncnn_model,MOT17-02
167,371.8364979999933,0.0,9,"[2, 3, 6, 37, 117, 132, 53, 137, 123]","[[749.4956665039062, 436.1166687011719, 869.2017822265625, 782.50048828125], [534.1878051757812, 433.2418518066406, 713.6959228515625, 910.1417236328125], [1180.5277099609375, 446.5610656738281, 1214.467041015625, 546.2664184570312], [868.9700927734375, 441.2145080566406, 966.1989135742188, 732.8246459960938], [931.02587890625, 435.8882751464844, 1008.3181762695312, 691.9868774414062], [673.2484130859375, 441.7633361816406, 748.9799194335938, 804.5466918945312], [1002.6420288085938, 449.3307800292969, 1031.122802734375, 523.93798828125], [469.8814697265625, 478.69793701171875, 499.31646728515625, 573.0659790039062], [1137.575927734375, 440.80419921875, 1172.163330078125, 542.9651489257812]]","[0.7744140625, 0.81005859375, 0.305908203125, 0.7802734375, 0.673828125, 0.67236328125, 0.352783203125, 0.4169921875, 0.33984375]","[[809.3487243652344, 782.50048828125], [623.9418640136719, 910.1417236328125], [1197.4973754882812, 546.2664184570312], [917.5845031738281, 732.8246459960938], [969.6720275878906, 691.9868774414062], [711.1141662597656, 804.5466918945312], [1016.8824157714844, 523.93798828125], [484.5989685058594, 573.0659790039062], [1154.86962890625, 542.9651489257812]]",425377792,410910720,425377792,640,yolo26m_int8_640_ncnn_model,MOT17-02
168,368.3266860002732,0.0,9,"[2, 3, 37, 117, 132, 53, 137, 123, 35]","[[750.6878051757812, 435.59027099609375, 870.3309936523438, 784.756591796875], [539.8704833984375, 436.33013916015625, 719.1829833984375, 906.8959350585938], [871.8856811523438, 442.9382629394531, 971.9812622070312, 732.3890380859375], [931.1205444335938, 434.287841796875, 1009.1635131835938, 693.8184204101562], [675.6521606445312, 440.4867248535156, 751.9395751953125, 803.295166015625], [1002.43115234375, 448.2614440917969, 1030.35595703125, 522.1787109375], [470.14056396484375, 478.4702453613281, 500.0003662109375, 574.1607666015625], [1140.0037841796875, 438.22052001953125, 1174.3963623046875, 542.3885498046875], [1081.949951171875, 452.32403564453125, 1130.4697265625, 593.646240234375]]","[0.78955078125, 0.79931640625, 0.80517578125, 0.62646484375, 0.67919921875, 0.375, 0.396240234375, 0.353515625, 0.4287109375]","[[810.5093994140625, 784.756591796875], [629.5267333984375, 906.8959350585938], [921.9334716796875, 732.3890380859375], [970.1420288085938, 693.8184204101562], [713.7958679199219, 803.295166015625], [1016.3935546875, 522.1787109375], [485.0704650878906, 574.1607666015625], [1157.2000732421875, 542.3885498046875], [1106.2098388671875, 593.646240234375]]",425377792,410910720,425377792,640,yolo26m_int8_640_ncnn_model,MOT17-02
169,368.71053799995934,0.0,9,"[2, 3, 37, 117, 132, 53, 137, 123, 35]","[[752.7175903320312, 435.1487731933594, 872.9715576171875, 787.80712890625], [545.1511840820312, 430.5561828613281, 728.06494140625, 900.6315307617188], [872.3822631835938, 442.8608703613281, 976.5021362304688, 734.9400634765625], [934.1255493164062, 435.9076843261719, 1010.2868041992188, 692.2717895507812], [677.5338134765625, 440.5095520019531, 753.9989624023438, 802.285888671875], [1001.9744262695312, 448.35455322265625, 1029.4649658203125, 522.004150390625], [469.10003662109375, 478.41876220703125, 499.11395263671875, 574.5084228515625], [1146.0906982421875, 436.8249816894531, 1181.7021484375, 542.6773071289062], [1080.95947265625, 448.5638427734375, 1130.6947021484375, 594.5117797851562]]","[0.779296875, 0.8076171875, 0.78515625, 0.62841796875, 0.6708984375, 0.333251953125, 0.38427734375, 0.367431640625, 0.360595703125]","[[812.8445739746094, 787.80712890625], [636.6080627441406, 900.6315307617188], [924.4421997070312, 734.9400634765625], [972.2061767578125, 692.2717895507812], [715.7663879394531, 802.285888671875], [1015.7196960449219, 522.004150390625], [484.10699462890625, 574.5084228515625], [1163.8964233398438, 542.6773071289062], [1105.8270874023438, 594.5117797851562]]",425377792,410910720,425377792,640,yolo26m_int8_640_ncnn_model,MOT17-02
170,373.03442400025233,0.0,9,"[2, 3, 37, 117, 132, 53, 137, 123, 35]","[[755.0537109375, 435.2330322265625, 875.215087890625, 788.6903686523438], [549.1239013671875, 428.6380615234375, 736.2619018554688, 899.0036010742188], [873.7325439453125, 443.5758056640625, 980.7600708007812, 738.1082763671875], [937.3880004882812, 435.2967834472656, 1012.3563232421875, 689.9135131835938], [680.5741577148438, 440.7755432128906, 757.3411254882812, 803.619140625], [1001.58056640625, 446.41021728515625, 1029.3717041015625, 521.94482421875], [469.094482421875, 478.68780517578125, 499.0147705078125, 574.3330078125], [1149.2867431640625, 438.27313232421875, 1185.49609375, 543.7740478515625], [1081.6055908203125, 446.9129638671875, 1131.646484375, 594.1206665039062]]","[0.78271484375, 0.80322265625, 0.80126953125, 0.66162109375, 0.6416015625, 0.383056640625, 0.3515625, 0.381591796875, 0.3427734375]","[[815.1343994140625, 788.6903686523438], [642.6929016113281, 899.0036010742188], [927.2463073730469, 738.1082763671875], [974.8721618652344, 689.9135131835938], [718.9576416015625, 803.619140625], [1015.4761352539062, 521.94482421875], [484.05462646484375, 574.3330078125], [1167.3914184570312, 543.7740478515625], [1106.6260375976562, 594.1206665039062]]",425377792,410910720,425377792,640,yolo26m_int8_640_ncnn_model,MOT17-02
171,368.8414829998692,0.0,9,"[2, 3, 37, 117, 132, 53, 137, 123, 35]","[[757.8598022460938, 437.49188232421875, 876.9532470703125, 788.7413330078125], [552.065185546875, 424.96026611328125, 745.7078857421875, 901.3600463867188], [876.9940795898438, 448.0410461425781, 984.316162109375, 738.0579833984375], [942.0125122070312, 433.5787353515625, 1017.498291015625, 690.503662109375], [681.0867309570312, 441.130126953125, 757.6450805664062, 801.8613891601562], [1001.6246948242188, 444.7084045410156, 1029.161865234375, 520.9453125], [469.25732421875, 476.40802001953125, 499.8988037109375, 574.51904296875], [1150.4688720703125, 439.8491516113281, 1186.8896484375, 544.2070922851562], [1080.9049072265625, 448.7760925292969, 1130.0675048828125, 593.4630737304688]]","[0.78125, 0.78759765625, 0.7919921875, 0.67529296875, 0.5830078125, 0.311767578125, 0.31640625, 0.391845703125, 0.44287109375]","[[817.4065246582031, 788.7413330078125], [648.8865356445312, 901.3600463867188], [930.6551208496094, 738.0579833984375], [979.7554016113281, 690.503662109375], [719.3659057617188, 801.8613891601562], [1015.3932800292969, 520.9453125], [484.57806396484375, 574.51904296875], [1168.6792602539062, 544.2070922851562], [1105.4862060546875, 593.4630737304688]]",425377792,410910720,425377792,640,yolo26m_int8_640_ncnn_model,MOT17-02
172,374.7707019997506,0.0,8,"[2, 3, 37, 117, 132, 137, 123, 35]","[[760.8145141601562, 435.3853759765625, 880.508544921875, 789.7111206054688], [552.2089233398438, 424.3375244140625, 750.0806884765625, 900.5236206054688], [877.514892578125, 450.493408203125, 986.1083374023438, 740.2416381835938], [946.684326171875, 432.4458312988281, 1023.233642578125, 693.190673828125], [683.5797729492188, 442.0159912109375, 760.8237915039062, 805.402587890625], [469.15771484375, 475.86993408203125, 499.8647155761719, 574.3194580078125], [1149.797119140625, 440.9678039550781, 1186.433837890625, 544.8712768554688], [1080.11083984375, 449.85443115234375, 1128.9739990234375, 594.90087890625]]","[0.75927734375, 0.80615234375, 0.796875, 0.68359375, 0.5625, 0.403076171875, 0.440673828125, 0.43310546875]","[[820.6615295410156, 789.7111206054688], [651.1448059082031, 900.5236206054688], [931.8116149902344, 740.2416381835938], [984.958984375, 693.190673828125], [722.2017822265625, 805.402587890625], [484.51121520996094, 574.3194580078125], [1168.115478515625, 544.8712768554688], [1104.5424194335938, 594.90087890625]]",425377792,410910720,425377792,640,yolo26m_int8_640_ncnn_model,MOT17-02
173,369.793521000247,0.0,9,"[2, 3, 37, 117, 132, 137, 123, 35, 142]","[[764.341552734375, 434.8382873535156, 883.23046875, 787.8277587890625], [549.5787353515625, 427.8470764160156, 753.2377319335938, 911.3253784179688], [878.3632202148438, 449.6563720703125, 988.875732421875, 741.7764892578125], [948.7510375976562, 433.7492370605469, 1025.8990478515625, 695.4304809570312], [685.9844360351562, 442.1016845703125, 763.4248046875, 805.9694213867188], [468.32470703125, 472.3855285644531, 500.6524963378906, 576.5280151367188], [1148.2564697265625, 441.1554260253906, 1185.4583740234375, 545.3709106445312], [1080.9205322265625, 450.3258972167969, 1129.3961181640625, 594.4605102539062], [512.1326293945312, 455.3999938964844, 546.2673950195312, 558.5999755859375]]","[0.76416015625, 0.85205078125, 0.8095703125, 0.6767578125, 0.51318359375, 0.38916015625, 0.441650390625, 0.5625, 0.346923828125]","[[823.7860107421875, 787.8277587890625], [651.4082336425781, 911.3253784179688], [933.6194763183594, 741.7764892578125], [987.3250427246094, 695.4304809570312], [724.7046203613281, 805.9694213867188], [484.4886016845703, 576.5280151367188], [1166.857421875, 545.3709106445312], [1105.1583251953125, 594.4605102539062], [529.2000122070312, 558.5999755859375]]",425377792,410910720,425377792,640,yolo26m_int8_640_ncnn_model,MOT17-02
174,369.22248400014723,0.0,10,"[2, 3, 37, 117, 132, 137, 123, 35, 142, 6]","[[765.6700439453125, 434.3882141113281, 885.0894165039062, 789.3013305664062], [551.3357543945312, 425.5073547363281, 760.3712768554688, 916.1234130859375], [878.8060913085938, 446.1077575683594, 991.5610961914062, 742.5703735351562], [952.0203247070312, 434.2613220214844, 1029.133544921875, 694.2950439453125], [686.3445434570312, 440.6454162597656, 764.844970703125, 811.6070556640625], [468.39178466796875, 471.1287536621094, 500.571044921875, 575.3534545898438], [1147.347900390625, 445.18408203125, 1183.3504638671875, 545.55859375], [1080.9578857421875, 454.0090637207031, 1127.87109375, 593.7842407226562], [511.6499328613281, 454.9968566894531, 546.0590209960938, 559.0031127929688], [1171.5335693359375, 445.2566833496094, 1207.233642578125, 547.8380737304688]]","[0.7802734375, 0.8583984375, 0.80126953125, 0.69677734375, 0.44677734375, 0.41455078125, 0.410888671875, 0.4453125, 0.494140625, 0.3408203125]","[[825.3797302246094, 789.3013305664062], [655.853515625, 916.1234130859375], [935.18359375, 742.5703735351562], [990.5769348144531, 694.2950439453125], [725.5947570800781, 811.6070556640625], [484.4814147949219, 575.3534545898438], [1165.3491821289062, 545.55859375], [1104.4144897460938, 593.7842407226562], [528.8544769287109, 559.0031127929688], [1189.3836059570312, 547.8380737304688]]",425377792,410910720,425377792,640,yolo26m_int8_640_ncnn_model,MOT17-02
175,370.3113169999597,0.0,9,"[2, 3, 37, 117, 132, 137, 123, 35, 142]","[[766.703857421875, 435.7060546875, 887.0689086914062, 794.2777709960938], [555.4041137695312, 426.8402099609375, 765.41845703125, 914.7164916992188], [879.572265625, 447.4565124511719, 992.7658081054688, 743.0848388671875], [955.9923706054688, 433.9682312011719, 1032.3502197265625, 690.3702392578125], [691.0844116210938, 441.8193664550781, 769.0385131835938, 812.961669921875], [468.0274658203125, 471.44036865234375, 499.9382019042969, 575.118408203125], [1148.2220458984375, 442.9720764160156, 1185.223388671875, 546.3801879882812], [1081.3975830078125, 452.5124816894531, 1128.8441162109375, 594.5027465820312], [511.48236083984375, 454.8604736328125, 545.9927368164062, 559.1395263671875]]","[0.78564453125, 0.8173828125, 0.80517578125, 0.68359375, 0.398193359375, 0.478515625, 0.378662109375, 0.41943359375, 0.50244140625]","[[826.8863830566406, 794.2777709960938], [660.4112854003906, 914.7164916992188], [936.1690368652344, 743.0848388671875], [994.1712951660156, 690.3702392578125], [730.0614624023438, 812.961669921875], [483.9828338623047, 575.118408203125], [1166.7227172851562, 546.3801879882812], [1105.120849609375, 594.5027465820312], [528.737548828125, 559.1395263671875]]",425377792,410910720,425377792,640,yolo26m_int8_640_ncnn_model,MOT17-02
176,368.6806139999135,0.0,8,"[2, 3, 37, 117, 137, 35, 142, 6]","[[768.62841796875, 437.4424743652344, 889.082275390625, 796.87353515625], [557.2620849609375, 436.0256652832031, 766.8463745117188, 920.284423828125], [879.8845825195312, 446.73272705078125, 993.9672241210938, 743.4905395507812], [961.4795532226562, 433.8621520996094, 1039.28759765625, 690.8610229492188], [467.75799560546875, 468.36285400390625, 500.8304748535156, 576.2651977539062], [1081.05712890625, 453.9462585449219, 1127.74560546875, 593.7811279296875], [512.0866088867188, 455.1093444824219, 546.4555053710938, 558.890625], [1163.3153076171875, 441.0164794921875, 1202.7236328125, 547.3295288085938]]","[0.76123046875, 0.82958984375, 0.7529296875, 0.64697265625, 0.46630859375, 0.345458984375, 0.44677734375, 0.5078125]","[[828.8553466796875, 796.87353515625], [662.0542297363281, 920.284423828125], [936.9259033203125, 743.4905395507812], [1000.3835754394531, 690.8610229492188], [484.2942352294922, 576.2651977539062], [1104.4013671875, 593.7811279296875], [529.2710571289062, 558.890625], [1183.0194702148438, 547.3295288085938]]",425377792,410910720,425377792,640,yolo26m_int8_640_ncnn_model,MOT17-02
177,409.97412200022154,0.0,8,"[2, 3, 37, 117, 137, 35, 142, 6]","[[766.9182739257812, 435.63861083984375, 889.1638793945312, 800.2841796875], [562.75830078125, 433.32196044921875, 772.7869873046875, 917.6329956054688], [879.9931640625, 447.93402099609375, 994.2487182617188, 744.1065063476562], [965.2440795898438, 435.8092346191406, 1043.9141845703125, 693.0270385742188], [467.39453125, 468.2182312011719, 500.4517517089844, 576.6868286132812], [1082.1844482421875, 470.6609191894531, 1124.0767822265625, 594.233642578125], [512.63330078125, 455.4715270996094, 546.817626953125, 558.5285034179688], [1159.58935546875, 437.6434020996094, 1201.99365234375, 547.6913452148438]]","[0.75634765625, 0.81396484375, 0.74462890625, 0.6103515625, 0.40869140625, 0.300048828125, 0.41162109375, 0.61083984375]","[[828.0410766601562, 800.2841796875], [667.7726440429688, 917.6329956054688], [937.1209411621094, 744.1065063476562], [1004.5791320800781, 693.0270385742188], [483.9231414794922, 576.6868286132812], [1103.130615234375, 594.233642578125], [529.7254638671875, 558.5285034179688], [1180.79150390625, 547.6913452148438]]",425377792,410910720,425377792,640,yolo26m_int8_640_ncnn_model,MOT17-02
178,369.3103929999779,0.0,9,"[2, 3, 37, 117, 137, 35, 142, 6, 147]","[[767.9036254882812, 437.9000549316406, 889.388916015625, 800.5467529296875], [564.266357421875, 432.53271484375, 774.896484375, 918.3073120117188], [881.492431640625, 446.15814208984375, 994.6943359375, 739.6071166992188], [971.4740600585938, 436.7954406738281, 1052.48486328125, 695.5763549804688], [467.6302185058594, 471.9060363769531, 499.43890380859375, 576.098876953125], [1081.183837890625, 464.7444152832031, 1125.1356201171875, 594.3950805664062], [511.52044677734375, 452.94293212890625, 546.641845703125, 558.9338989257812], [1158.2449951171875, 439.5970153808594, 1201.764404296875, 548.5521850585938], [569.7329711914062, 456.45001220703125, 626.0670166015625, 542.25]]","[0.78564453125, 0.85693359375, 0.7841796875, 0.615234375, 0.443603515625, 0.425537109375, 0.428466796875, 0.669921875, 0.464599609375]","[[828.6462707519531, 800.5467529296875], [669.5814208984375, 918.3073120117188], [938.0933837890625, 739.6071166992188], [1011.9794616699219, 695.5763549804688], [483.53456115722656, 576.098876953125], [1103.1597290039062, 594.3950805664062], [529.0811462402344, 558.9338989257812], [1180.0046997070312, 548.5521850585938], [597.8999938964844, 542.25]]",425377792,410910720,425377792,640,yolo26m_int8_640_ncnn_model,MOT17-02
179,368.3494490001067,0.0,9,"[2, 3, 37, 117, 137, 35, 142, 6, 147]","[[768.4501953125, 437.28668212890625, 890.1396484375, 802.065185546875], [568.9630126953125, 430.2494201660156, 779.2601318359375, 917.52734375], [886.0521240234375, 444.4842529296875, 998.6454467773438, 738.8671875], [975.2027587890625, 435.927001953125, 1059.023681640625, 697.7622680664062], [467.0720520019531, 473.89202880859375, 498.2013244628906, 575.3522338867188], [1081.3642578125, 455.3617858886719, 1127.9388427734375, 593.9559936523438], [512.0205688476562, 453.0879821777344, 546.7098999023438, 558.0498046875], [1157.1005859375, 441.6182861328125, 1200.482177734375, 547.653564453125], [569.1841430664062, 459.5135192871094, 625.2542724609375, 545.0866088867188]]","[0.7890625, 0.83984375, 0.7919921875, 0.642578125, 0.425537109375, 0.391357421875, 0.461181640625, 0.61376953125, 0.489013671875]","[[829.294921875, 802.065185546875], [674.111572265625, 917.52734375], [942.3487854003906, 738.8671875], [1017.1132202148438, 697.7622680664062], [482.6366882324219, 575.3522338867188], [1104.6515502929688, 593.9559936523438], [529.365234375, 558.0498046875], [1178.7913818359375, 547.653564453125], [597.2192077636719, 545.0866088867188]]",425377792,410910720,425377792,640,yolo26m_int8_640_ncnn_model,MOT17-02
180,372.63485399989804,0.0,8,"[2, 3, 37, 117, 137, 35, 142, 6]","[[772.2265014648438, 436.80303955078125, 893.6382446289062, 801.8499755859375], [568.8701782226562, 431.35797119140625, 780.0999755859375, 922.1293334960938], [890.5770263671875, 446.08544921875, 1002.11767578125, 740.3153686523438], [976.976318359375, 440.7666931152344, 1061.8416748046875, 697.3374633789062], [467.25128173828125, 474.897216796875, 498.37139892578125, 575.8207397460938], [1080.3709716796875, 452.302734375, 1128.125732421875, 595.2393798828125], [511.3601379394531, 451.11578369140625, 546.5557861328125, 557.719970703125], [1156.4716796875, 439.41705322265625, 1200.3314208984375, 546.3103637695312]]","[0.8076171875, 0.82470703125, 0.8017578125, 0.6328125, 0.4736328125, 0.382080078125, 0.4267578125, 0.6328125]","[[832.932373046875, 801.8499755859375], [674.4850769042969, 922.1293334960938], [946.3473510742188, 740.3153686523438], [1019.4089965820312, 697.3374633789062], [482.81134033203125, 575.8207397460938], [1104.2483520507812, 595.2393798828125], [528.9579620361328, 557.719970703125], [1178.4015502929688, 546.3103637695312]]",425377792,410910720,425377792,640,yolo26m_int8_640_ncnn_model,MOT17-02
181,408.1533090002267,0.0,8,"[2, 3, 37, 117, 137, 35, 142, 6]","[[772.6112060546875, 435.8751220703125, 893.9199829101562, 801.4676513671875], [569.7691040039062, 429.808349609375, 779.7640991210938, 919.8866577148438], [895.191162109375, 446.6966552734375, 1005.3060302734375, 740.857666015625], [977.930419921875, 440.3745422363281, 1065.2520751953125, 699.384033203125], [467.6484680175781, 475.02508544921875, 498.116943359375, 573.243896484375], [1081.9212646484375, 462.3232421875, 1126.2530517578125, 594.281005859375], [510.9828186035156, 450.9178466796875, 546.6347045898438, 559.1178588867188], [1156.5467529296875, 441.5692138671875, 1200.0546875, 546.801025390625]]","[0.79248046875, 0.84130859375, 0.78173828125, 0.63671875, 0.39697265625, 0.398193359375, 0.373779296875, 0.63623046875]","[[833.2655944824219, 801.4676513671875], [674.7666015625, 919.8866577148438], [950.2485961914062, 740.857666015625], [1021.5912475585938, 699.384033203125], [482.88270568847656, 573.243896484375], [1104.087158203125, 594.281005859375], [528.8087615966797, 559.1178588867188], [1178.3007202148438, 546.801025390625]]",425377792,410910720,425377792,640,yolo26m_int8_640_ncnn_model,MOT17-02
182,368.71609800027727,0.0,9,"[2, 3, 37, 117, 137, 35, 142, 6, 147]","[[775.3873291015625, 434.0411376953125, 896.201416015625, 800.7833862304688], [573.63623046875, 430.7030334472656, 782.3261108398438, 920.4635620117188], [899.3258056640625, 446.678466796875, 1007.8926391601562, 741.2998046875], [978.1837768554688, 440.7060546875, 1067.377197265625, 701.6078491210938], [467.9265441894531, 474.8248596191406, 498.4114990234375, 572.5188598632812], [1081.7711181640625, 455.7718200683594, 1128.3028564453125, 594.3851928710938], [510.2664489746094, 446.8684387207031, 547.2420043945312, 559.645263671875], [1155.0675048828125, 442.90252685546875, 1197.604736328125, 546.4962768554688], [556.54638671875, 465.2552490234375, 628.2469482421875, 576.69921875]]","[0.794921875, 0.83251953125, 0.77587890625, 0.66162109375, 0.431396484375, 0.4921875, 0.4248046875, 0.63427734375, 0.3583984375]","[[835.7943725585938, 800.7833862304688], [677.9811706542969, 920.4635620117188], [953.6092224121094, 741.2998046875], [1022.7804870605469, 701.6078491210938], [483.1690216064453, 572.5188598632812], [1105.0369873046875, 594.3851928710938], [528.7542266845703, 559.645263671875], [1176.3361206054688, 546.4962768554688], [592.3966674804688, 576.69921875]]",425377792,410910720,425377792,640,yolo26m_int8_640_ncnn_model,MOT17-02
183,369.5082640001601,0.0,8,"[2, 3, 37, 117, 137, 35, 142, 147]","[[780.0274658203125, 433.35009765625, 900.264892578125, 798.51123046875], [577.8556518554688, 430.3047790527344, 784.8043823242188, 918.4179077148438], [903.41845703125, 442.9547119140625, 1012.0817260742188, 743.1884765625], [980.5386352539062, 441.3073425292969, 1070.592041015625, 701.927978515625], [468.0860595703125, 477.0060119628906, 497.97088623046875, 572.0084228515625], [1082.703369140625, 453.2289123535156, 1129.990478515625, 593.6890869140625], [511.5586853027344, 447.8291015625, 547.87744140625, 559.348876953125], [555.7205200195312, 465.70355224609375, 628.8414306640625, 581.8326416015625]]","[0.794921875, 0.83544921875, 0.7685546875, 0.67041015625, 0.44921875, 0.4951171875, 0.3525390625, 0.38671875]","[[840.1461791992188, 798.51123046875], [681.3300170898438, 918.4179077148438], [957.7500915527344, 743.1884765625], [1025.5653381347656, 701.927978515625], [483.0284729003906, 572.0084228515625], [1106.346923828125, 593.6890869140625], [529.7180633544922, 559.348876953125], [592.2809753417969, 581.8326416015625]]",425377792,410910720,425377792,640,yolo26m_int8_640_ncnn_model,MOT17-02
184,368.8353389998156,0.0,8,"[2, 3, 37, 117, 137, 35, 142, 6]","[[779.979736328125, 433.8408203125, 899.5155639648438, 799.8425903320312], [583.5465698242188, 434.3682556152344, 788.88134765625, 921.3255615234375], [906.6165771484375, 441.5551452636719, 1013.792724609375, 742.9043579101562], [984.3198852539062, 438.7945556640625, 1075.5863037109375, 703.7461547851562], [467.7779846191406, 476.8168640136719, 498.1816101074219, 572.8384399414062], [1082.57763671875, 453.2529602050781, 1130.14453125, 594.3946533203125], [511.1124267578125, 445.7704162597656, 548.0852661132812, 559.7240600585938], [1152.767578125, 443.47943115234375, 1194.661376953125, 546.3784790039062]]","[0.7919921875, 0.833984375, 0.7578125, 0.71875, 0.4375, 0.478515625, 0.424072265625, 0.65234375]","[[839.7476501464844, 799.8425903320312], [686.2139587402344, 921.3255615234375], [960.2046508789062, 742.9043579101562], [1029.9530944824219, 703.7461547851562], [482.97979736328125, 572.8384399414062], [1106.361083984375, 594.3946533203125], [529.5988464355469, 559.7240600585938], [1173.7144775390625, 546.3784790039062]]",425377792,410910720,425377792,640,yolo26m_int8_640_ncnn_model,MOT17-02
185,390.15723200009234,0.0,9,"[2, 3, 37, 117, 137, 35, 142, 6, 147]","[[781.7073364257812, 434.5306701660156, 901.2994995117188, 801.8075561523438], [590.1676635742188, 433.6707763671875, 795.1598510742188, 924.6277465820312], [912.0487060546875, 441.5267333984375, 1017.9014282226562, 745.2422485351562], [988.3314819335938, 439.80340576171875, 1078.5963134765625, 703.4190063476562], [468.4100036621094, 476.7421875, 499.0146179199219, 573.1483154296875], [1081.8848876953125, 455.2660827636719, 1128.8626708984375, 594.6640625], [511.7994689941406, 446.2550964355469, 548.288818359375, 559.6157836914062], [1153.382080078125, 443.337646484375, 1195.2564697265625, 546.6259765625], [551.5406494140625, 466.4664001464844, 634.7807006835938, 603.1565551757812]]","[0.79150390625, 0.85205078125, 0.7509765625, 0.716796875, 0.435302734375, 0.418212890625, 0.449951171875, 0.64892578125, 0.4931640625]","[[841.50341796875, 801.8075561523438], [692.6637573242188, 924.6277465820312], [964.9750671386719, 745.2422485351562], [1033.4638977050781, 703.4190063476562], [483.7123107910156, 573.1483154296875], [1105.373779296875, 594.6640625], [530.0441436767578, 559.6157836914062], [1174.3192749023438, 546.6259765625], [593.1606750488281, 603.1565551757812]]",425377792,410910720,425377792,640,yolo26m_int8_640_ncnn_model,MOT17-02
186,368.73259999993024,0.0,9,"[2, 3, 37, 117, 137, 35, 142, 6, 147]","[[784.9069213867188, 433.31695556640625, 904.2383422851562, 802.0328369140625], [593.7357788085938, 430.6806335449219, 798.21484375, 925.5908203125], [915.8924560546875, 440.547119140625, 1021.4125366210938, 749.0684204101562], [991.0751953125, 441.1726989746094, 1080.2265625, 702.2634887695312], [467.77813720703125, 475.9613037109375, 498.70977783203125, 573.0211791992188], [1082.0125732421875, 469.69757080078125, 1124.9892578125, 596.0012817382812], [511.64404296875, 447.2265930175781, 547.7918701171875, 559.816650390625], [1153.8411865234375, 443.2872314453125, 1196.2554931640625, 546.713134765625], [551.7299194335938, 468.30279541015625, 634.2222290039062, 608.3758544921875]]","[0.82373046875, 0.84765625, 0.73681640625, 0.72119140625, 0.435302734375, 0.294921875, 0.451904296875, 0.623046875, 0.54541015625]","[[844.5726318359375, 802.0328369140625], [695.9753112792969, 925.5908203125], [968.6524963378906, 749.0684204101562], [1035.65087890625, 702.2634887695312], [483.24395751953125, 573.0211791992188], [1103.5009155273438, 596.0012817382812], [529.7179565429688, 559.816650390625], [1175.04833984375, 546.713134765625], [592.97607421875, 608.3758544921875]]",425377792,410910720,425377792,640,yolo26m_int8_640_ncnn_model,MOT17-02
187,368.6741740002617,0.0,9,"[2, 3, 37, 117, 137, 35, 142, 6, 147]","[[787.6251220703125, 432.8623046875, 906.6756591796875, 802.0897216796875], [595.2012939453125, 429.7862243652344, 799.0203247070312, 928.626953125], [919.6495971679688, 439.6989440917969, 1024.1678466796875, 750.0070190429688], [993.872802734375, 439.19720458984375, 1082.77880859375, 703.2843627929688], [466.52972412109375, 477.4010314941406, 497.6202392578125, 574.2176513671875], [1082.7032470703125, 472.22076416015625, 1124.8994140625, 595.4796142578125], [511.27899169921875, 447.8731689453125, 547.4061279296875, 560.6333618164062], [1155.020751953125, 444.0116271972656, 1197.6861572265625, 546.0011596679688], [553.042236328125, 471.0680236816406, 632.8111572265625, 610.9495239257812]]","[0.7783203125, 0.87060546875, 0.75341796875, 0.716796875, 0.408203125, 0.345947265625, 0.45556640625, 0.63525390625, 0.58447265625]","[[847.150390625, 802.0897216796875], [697.1108093261719, 928.626953125], [971.9087219238281, 750.0070190429688], [1038.3258056640625, 703.2843627929688], [482.0749816894531, 574.2176513671875], [1103.8013305664062, 595.4796142578125], [529.3425598144531, 560.6333618164062], [1176.3534545898438, 546.0011596679688], [592.9266967773438, 610.9495239257812]]",425377792,410910720,425377792,640,yolo26m_int8_640_ncnn_model,MOT17-02
188,371.08561699960774,0.0,9,"[2, 3, 37, 117, 137, 35, 142, 6, 147]","[[787.5810546875, 431.71063232421875, 906.5516357421875, 802.08447265625], [598.3223266601562, 426.74041748046875, 800.4656982421875, 928.505615234375], [926.175048828125, 440.8677673339844, 1029.7332763671875, 749.837890625], [996.2457885742188, 436.9691467285156, 1085.1575927734375, 703.153564453125], [467.2174987792969, 477.19757080078125, 498.0428466796875, 573.4296264648438], [1080.7396240234375, 474.8480224609375, 1123.019775390625, 596.5602416992188], [511.61761474609375, 451.6016540527344, 546.2867431640625, 560.4418334960938], [1155.7183837890625, 443.287109375, 1200.051025390625, 546.728759765625], [552.2391967773438, 458.6051025390625, 639.4736328125, 616.3654174804688]]","[0.77685546875, 0.83056640625, 0.7490234375, 0.64501953125, 0.39208984375, 0.283203125, 0.398681640625, 0.6474609375, 0.61474609375]","[[847.0663452148438, 802.08447265625], [699.3940124511719, 928.505615234375], [977.9541625976562, 749.837890625], [1040.7016906738281, 703.153564453125], [482.6301727294922, 573.4296264648438], [1101.8796997070312, 596.5602416992188], [528.9521789550781, 560.4418334960938], [1177.8847045898438, 546.728759765625], [595.8564147949219, 616.3654174804688]]",425377792,410910720,425377792,640,yolo26m_int8_640_ncnn_model,MOT17-02
189,386.43327199997657,0.0,9,"[2, 3, 37, 117, 137, 35, 142, 6, 147]","[[790.1322631835938, 430.5440368652344, 908.732666015625, 802.800048828125], [599.0732421875, 417.9513244628906, 804.1817626953125, 932.1071166992188], [932.2039794921875, 440.34637451171875, 1035.9710693359375, 748.74755859375], [998.9080810546875, 435.62664794921875, 1087.017822265625, 701.601318359375], [466.95166015625, 478.6079406738281, 497.7433166503906, 574.62548828125], [1079.786865234375, 466.15814208984375, 1125.6138916015625, 598.4620971679688], [511.2835693359375, 449.2821350097656, 546.3223266601562, 560.108154296875], [1155.287841796875, 441.0392150878906, 1201.6558837890625, 546.9999389648438], [553.1083374023438, 455.6482238769531, 641.2328491210938, 619.5762939453125]]","[0.8076171875, 0.81640625, 0.76025390625, 0.6513671875, 0.435302734375, 0.353515625, 0.376953125, 0.64990234375, 0.68408203125]","[[849.4324645996094, 802.800048828125], [701.6275024414062, 932.1071166992188], [984.0875244140625, 748.74755859375], [1042.9629516601562, 701.601318359375], [482.3474884033203, 574.62548828125], [1102.7003784179688, 598.4620971679688], [528.8029479980469, 560.108154296875], [1178.4718627929688, 546.9999389648438], [597.1705932617188, 619.5762939453125]]",425377792,410910720,425377792,640,yolo26m_int8_640_ncnn_model,MOT17-02
190,370.7410429997253,0.0,9,"[2, 3, 37, 117, 137, 35, 142, 6, 147]","[[792.8812255859375, 430.8562316894531, 910.6073608398438, 803.2967529296875], [603.0751953125, 412.69293212890625, 809.0275268554688, 933.431640625], [941.2800903320312, 441.397216796875, 1045.1160888671875, 747.0696411132812], [1002.74755859375, 433.8856201171875, 1090.58203125, 701.2359619140625], [466.1826477050781, 479.62738037109375, 496.8152160644531, 574.5764770507812], [1079.1787109375, 463.764404296875, 1125.84326171875, 599.384765625], [512.5037841796875, 451.6483459472656, 546.4779052734375, 559.7362060546875], [1154.8492431640625, 439.20965576171875, 1202.564697265625, 546.1197509765625], [555.4373779296875, 456.461669921875, 640.4923706054688, 618.5274658203125]]","[0.78369140625, 0.8203125, 0.7841796875, 0.625, 0.33447265625, 0.308349609375, 0.253173828125, 0.64013671875, 0.66796875]","[[851.7442932128906, 803.2967529296875], [706.0513610839844, 933.431640625], [993.1980895996094, 747.0696411132812], [1046.664794921875, 701.2359619140625], [481.4989318847656, 574.5764770507812], [1102.510986328125, 599.384765625], [529.4908447265625, 559.7362060546875], [1178.7069702148438, 546.1197509765625], [597.9648742675781, 618.5274658203125]]",425377792,410910720,425377792,640,yolo26m_int8_640_ncnn_model,MOT17-02
191,370.21108099997946,0.0,8,"[2, 3, 37, 117, 137, 142, 6, 147]","[[795.09423828125, 430.4974365234375, 911.9856567382812, 802.9684448242188], [607.2696533203125, 413.9066467285156, 812.9171752929688, 938.5406494140625], [946.93603515625, 440.817138671875, 1052.0146484375, 747.4013671875], [1004.151611328125, 431.017578125, 1092.742431640625, 703.307373046875], [465.35821533203125, 478.50115966796875, 496.51202392578125, 575.0530395507812], [511.447509765625, 449.3131103515625, 546.0641479492188, 559.8396606445312], [1154.1796875, 437.779541015625, 1203.440185546875, 546.517822265625], [555.0626220703125, 451.6275329589844, 640.5523681640625, 619.0681762695312]]","[0.787109375, 0.8291015625, 0.79638671875, 0.63037109375, 0.487060546875, 0.45068359375, 0.53076171875, 0.6708984375]","[[853.5399475097656, 802.9684448242188], [710.0934143066406, 938.5406494140625], [999.475341796875, 747.4013671875], [1048.447021484375, 703.307373046875], [480.93511962890625, 575.0530395507812], [528.7558288574219, 559.8396606445312], [1178.8099365234375, 546.517822265625], [597.8074951171875, 619.0681762695312]]",425377792,410910720,425377792,640,yolo26m_int8_640_ncnn_model,MOT17-02
192,369.7601379999469,0.0,9,"[2, 3, 37, 117, 137, 142, 6, 147, 35]","[[797.7203369140625, 430.3753967285156, 913.5442504882812, 799.8555908203125], [611.0443115234375, 412.230224609375, 819.372314453125, 950.5031127929688], [949.6165161132812, 442.09039306640625, 1055.724853515625, 749.9852905273438], [1008.067138671875, 433.3841552734375, 1094.8818359375, 702.6085205078125], [464.79595947265625, 480.2974548339844, 495.6800231933594, 574.9798583984375], [511.0398864746094, 446.4820251464844, 546.4241333007812, 559.8767700195312], [1153.2371826171875, 437.4958190917969, 1203.49755859375, 546.42529296875], [556.7111206054688, 454.78424072265625, 638.7859497070312, 618.9414672851562], [1082.906982421875, 470.82843017578125, 1126.586669921875, 598.5745849609375]]","[0.74755859375, 0.8291015625, 0.80322265625, 0.63427734375, 0.45263671875, 0.45458984375, 0.44677734375, 0.6806640625, 0.2705078125]","[[855.6322937011719, 799.8555908203125], [715.2083129882812, 950.5031127929688], [1002.6706848144531, 749.9852905273438], [1051.4744873046875, 702.6085205078125], [480.2379913330078, 574.9798583984375], [528.7320098876953, 559.8767700195312], [1178.3673706054688, 546.42529296875], [597.74853515625, 618.9414672851562], [1104.746826171875, 598.5745849609375]]",425377792,410910720,425377792,640,yolo26m_int8_640_ncnn_model,MOT17-02
193,389.26577199981693,0.0,8,"[2, 3, 37, 117, 137, 142, 6, 147]","[[801.3595581054688, 432.5773010253906, 916.3020629882812, 799.4024658203125], [614.7269287109375, 411.8807067871094, 823.2861938476562, 956.6948852539062], [951.2677612304688, 442.5799865722656, 1058.136474609375, 750.9470825195312], [1012.0000610351562, 440.0239562988281, 1096.971923828125, 704.5481567382812], [464.4891662597656, 480.974609375, 495.47686767578125, 574.945556640625], [509.2961120605469, 439.287109375, 546.6829223632812, 560.1347045898438], [1152.125732421875, 438.39276123046875, 1203.302490234375, 547.3743286132812], [557.5673828125, 454.77008056640625, 637.8887939453125, 618.9302978515625]]","[0.75146484375, 0.7724609375, 0.80419921875, 0.6220703125, 0.42529296875, 0.54638671875, 0.329345703125, 0.69189453125]","[[858.830810546875, 799.4024658203125], [719.0065612792969, 956.6948852539062], [1004.7021179199219, 750.9470825195312], [1054.4859924316406, 704.5481567382812], [479.98301696777344, 574.945556640625], [527.9895172119141, 560.1347045898438], [1177.714111328125, 547.3743286132812], [597.7280883789062, 618.9302978515625]]",425377792,410910720,425377792,640,yolo26m_int8_640_ncnn_model,MOT17-02
194,368.240694999713,0.0,7,"[2, 3, 37, 117, 137, 142, 147]","[[802.8804321289062, 434.41119384765625, 918.0336303710938, 800.2227172851562], [616.5914306640625, 411.3138732910156, 827.0352783203125, 966.3087158203125], [950.5728759765625, 443.510009765625, 1059.051513671875, 754.5015869140625], [1014.0635375976562, 440.55194091796875, 1098.926025390625, 705.2662963867188], [463.73272705078125, 477.968994140625, 496.0650634765625, 575.178466796875], [510.24371337890625, 445.2322998046875, 545.6560668945312, 560.2315673828125], [560.1787109375, 457.6552734375, 637.2175903320312, 617.8304443359375]]","[0.77734375, 0.82763671875, 0.80517578125, 0.564453125, 0.472412109375, 0.45556640625, 0.72607421875]","[[860.45703125, 800.2227172851562], [721.8133544921875, 966.3087158203125], [1004.8121948242188, 754.5015869140625], [1056.4947814941406, 705.2662963867188], [479.8988952636719, 575.178466796875], [527.9498901367188, 560.2315673828125], [598.6981506347656, 617.8304443359375]]",425377792,410910720,425377792,640,yolo26m_int8_640_ncnn_model,MOT17-02
195,369.56849099988176,0.0,8,"[2, 3, 37, 117, 137, 142, 147, 6]","[[808.1572875976562, 435.34869384765625, 924.7503662109375, 800.2806396484375], [620.3680419921875, 410.8984069824219, 830.5472412109375, 973.0536499023438], [949.6061401367188, 443.61480712890625, 1060.8038330078125, 760.0107421875], [1019.8817138671875, 439.2479553222656, 1107.2977294921875, 710.9713134765625], [462.05145263671875, 475.86993408203125, 495.7344055175781, 576.2437133789062], [510.8199462890625, 446.9821472167969, 545.5648803710938, 560.016845703125], [559.4962158203125, 456.0055847167969, 634.7041625976562, 616.0162353515625], [1142.5599365234375, 442.0546875, 1191.3173828125, 548.04541015625]]","[0.78515625, 0.7880859375, 0.79248046875, 0.56494140625, 0.4658203125, 0.488525390625, 0.68017578125, 0.46923828125]","[[866.4538269042969, 800.2806396484375], [725.4576416015625, 973.0536499023438], [1005.2049865722656, 760.0107421875], [1063.5897216796875, 710.9713134765625], [478.89292907714844, 576.2437133789062], [528.1924133300781, 560.016845703125], [597.1001892089844, 616.0162353515625], [1166.9386596679688, 548.04541015625]]",425377792,410910720,425377792,640,yolo26m_int8_640_ncnn_model,MOT17-02
196,373.3638220001012,0.0,8,"[2, 3, 37, 117, 137, 142, 147, 6]","[[814.286865234375, 434.9502258300781, 932.907470703125, 799.0564575195312], [625.7638549804688, 412.9810791015625, 832.1119384765625, 972.3429565429688], [949.04345703125, 445.6151123046875, 1061.4234619140625, 764.0264282226562], [1023.8250732421875, 440.466796875, 1111.4390869140625, 710.3897094726562], [461.59954833984375, 473.6025695800781, 495.9228210449219, 576.1592407226562], [512.3450317382812, 452.62353515625, 545.72021484375, 560.9309692382812], [561.0211791992188, 456.331298828125, 635.4220581054688, 617.2083740234375], [1140.474853515625, 445.7798156738281, 1186.5035400390625, 548.4223022460938]]","[0.8115234375, 0.732421875, 0.7841796875, 0.591796875, 0.509765625, 0.459716796875, 0.68115234375, 0.4501953125]","[[873.59716796875, 799.0564575195312], [728.9378967285156, 972.3429565429688], [1005.2334594726562, 764.0264282226562], [1067.632080078125, 710.3897094726562], [478.7611846923828, 576.1592407226562], [529.0326232910156, 560.9309692382812], [598.2216186523438, 617.2083740234375], [1163.4891967773438, 548.4223022460938]]",425377792,410910720,425377792,640,yolo26m_int8_640_ncnn_model,MOT17-02
197,401.8279310002981,0.0,8,"[2, 3, 37, 117, 137, 142, 147, 6]","[[818.2442016601562, 437.0263977050781, 940.0927124023438, 803.3104858398438], [633.4951171875, 411.3779602050781, 835.14453125, 967.4749755859375], [952.2977905273438, 444.6556091308594, 1065.805419921875, 765.2611083984375], [1028.47509765625, 435.97705078125, 1119.501953125, 716.0552368164062], [461.72705078125, 475.9089660644531, 495.2308044433594, 575.8746337890625], [513.1220092773438, 455.51629638671875, 545.5836181640625, 560.5169067382812], [561.3037109375, 453.96502685546875, 635.5076293945312, 617.0814819335938], [1141.67724609375, 445.553466796875, 1186.9976806640625, 548.049560546875]]","[0.8310546875, 0.69091796875, 0.79638671875, 0.55126953125, 0.451416015625, 0.490478515625, 0.671875, 0.52587890625]","[[879.16845703125, 803.3104858398438], [734.31982421875, 967.4749755859375], [1009.0516052246094, 765.2611083984375], [1073.988525390625, 716.0552368164062], [478.4789276123047, 575.8746337890625], [529.3528137207031, 560.5169067382812], [598.4056701660156, 617.0814819335938], [1164.3374633789062, 548.049560546875]]",425377792,410910720,425377792,640,yolo26m_int8_640_ncnn_model,MOT17-02
198,376.5216350002447,0.0,8,"[2, 3, 37, 117, 137, 142, 147, 6]","[[821.9633178710938, 436.0659484863281, 948.263916015625, 807.6287841796875], [638.4443359375, 411.5408020019531, 836.007568359375, 966.7181396484375], [954.6883544921875, 445.50994873046875, 1068.0721435546875, 766.4058837890625], [1034.8134765625, 434.0531311035156, 1127.4954833984375, 720.3391723632812], [461.41119384765625, 473.8497009277344, 495.8565979003906, 576.7476806640625], [513.5977783203125, 455.2981872558594, 545.845947265625, 559.6023559570312], [562.132080078125, 451.32061767578125, 636.2884521484375, 616.7078247070312], [1139.9385986328125, 442.955810546875, 1185.438232421875, 548.414794921875]]","[0.8291015625, 0.7236328125, 0.78955078125, 0.6376953125, 0.54248046875, 0.498046875, 0.71728515625, 0.5283203125]","[[885.1136169433594, 807.6287841796875], [737.2259521484375, 966.7181396484375], [1011.3802490234375, 766.4058837890625], [1081.1544799804688, 720.3391723632812], [478.63389587402344, 576.7476806640625], [529.7218627929688, 559.6023559570312], [599.2102661132812, 616.7078247070312], [1162.6884155273438, 548.414794921875]]",425377792,410910720,425377792,640,yolo26m_int8_640_ncnn_model,MOT17-02
199,369.2304360001799,0.0,9,"[2, 3, 37, 117, 137, 142, 147, 6, 168]","[[827.9850463867188, 436.923583984375, 956.35595703125, 806.0365600585938], [643.744873046875, 413.6094055175781, 835.114990234375, 958.441650390625], [959.2902221679688, 449.2801513671875, 1070.9267578125, 765.298828125], [1039.740234375, 436.2427673339844, 1131.7362060546875, 719.0166625976562], [459.9505615234375, 471.1382751464844, 495.49005126953125, 577.067138671875], [514.1375122070312, 453.9424743652344, 546.5751342773438, 559.517822265625], [563.7608642578125, 453.22412109375, 636.2529907226562, 617.4675903320312], [1138.887451171875, 442.2287292480469, 1183.367431640625, 548.3046264648438], [1182.7833251953125, 443.54998779296875, 1217.2166748046875, 543.75]]","[0.84228515625, 0.81640625, 0.7744140625, 0.7314453125, 0.5009765625, 0.413330078125, 0.69482421875, 0.52392578125, 0.365234375]","[[892.1705017089844, 806.0365600585938], [739.429931640625, 958.441650390625], [1015.1084899902344, 765.298828125], [1085.7382202148438, 719.0166625976562], [477.7203063964844, 577.067138671875], [530.3563232421875, 559.517822265625], [600.0069274902344, 617.4675903320312], [1161.12744140625, 548.3046264648438], [1200.0, 543.75]]",425377792,410910720,425377792,640,yolo26m_int8_640_ncnn_model,MOT17-02
200,369.22932600009517,0.0,8,"[2, 3, 37, 117, 142, 147, 6, 168]","[[831.4795532226562, 439.9684753417969, 961.91357421875, 806.6301879882812], [648.8117065429688, 417.6649169921875, 837.8829956054688, 962.8900146484375], [962.9204711914062, 445.7404479980469, 1074.8463134765625, 763.8141479492188], [1041.8323974609375, 436.86492919921875, 1133.810791015625, 719.655517578125], [514.3170776367188, 455.6631164550781, 546.3603515625, 560.234375], [566.9490356445312, 455.4283752441406, 637.6144409179688, 616.200927734375], [1137.2806396484375, 440.45880126953125, 1180.923095703125, 547.7681274414062], [1185.6142578125, 447.88262939453125, 1217.8062744140625, 541.4696655273438]]","[0.84326171875, 0.7998046875, 0.78271484375, 0.73974609375, 0.470703125, 0.76123046875, 0.51708984375, 0.413818359375]","[[896.6965637207031, 806.6301879882812], [743.3473510742188, 962.8900146484375], [1018.8833923339844, 763.8141479492188], [1087.8215942382812, 719.655517578125], [530.3387145996094, 560.234375], [602.28173828125, 616.200927734375], [1159.1018676757812, 547.7681274414062], [1201.7102661132812, 541.4696655273438]]",425377792,410910720,425377792,640,yolo26m_int8_640_ncnn_model,MOT17-02
201,388.7435349997759,0.0,9,"[2, 3, 37, 117, 142, 147, 6, 168, 172]","[[832.8499145507812, 439.36431884765625, 965.633056640625, 808.5687255859375], [654.0896606445312, 422.164306640625, 839.7596435546875, 962.5260009765625], [966.6967163085938, 444.89532470703125, 1077.6444091796875, 764.7001342773438], [1044.797119140625, 439.56842041015625, 1136.076904296875, 718.3688354492188], [513.9279174804688, 456.5493469238281, 545.7218627929688, 560.257568359375], [568.4170532226562, 457.4940185546875, 638.3614501953125, 617.3812255859375], [1136.399658203125, 439.78790283203125, 1179.3829345703125, 547.5662841796875], [1184.875732421875, 443.0657653808594, 1219.7178955078125, 544.5892944335938], [484.8720397949219, 457.04998779296875, 518.4779663085938, 559.3499755859375]]","[0.82568359375, 0.7724609375, 0.75927734375, 0.75830078125, 0.52197265625, 0.73779296875, 0.53125, 0.4990234375, 0.41552734375]","[[899.2414855957031, 808.5687255859375], [746.9246520996094, 962.5260009765625], [1022.1705627441406, 764.7001342773438], [1090.43701171875, 718.3688354492188], [529.8248901367188, 560.257568359375], [603.3892517089844, 617.3812255859375], [1157.8912963867188, 547.5662841796875], [1202.2968139648438, 544.5892944335938], [501.6750030517578, 559.3499755859375]]",425377792,410910720,425377792,640,yolo26m_int8_640_ncnn_model,MOT17-02
202,369.3029559999559,0.0,10,"[2, 3, 37, 117, 142, 147, 6, 168, 172, 137]","[[832.715087890625, 438.3769226074219, 969.3836669921875, 813.9707641601562], [658.8754272460938, 417.1604919433594, 845.3502807617188, 965.0545654296875], [975.5420532226562, 441.3622741699219, 1085.8626708984375, 764.2576904296875], [1048.4141845703125, 441.5907287597656, 1139.08154296875, 717.8233642578125], [514.1087646484375, 455.1094665527344, 546.1480102539062, 560.0145874023438], [570.5734252929688, 457.9969482421875, 640.971923828125, 619.011962890625], [1134.0166015625, 442.9942626953125, 1175.0291748046875, 546.9987182617188], [1185.4644775390625, 442.4549560546875, 1220.5335693359375, 544.6948852539062], [485.5250244140625, 457.9696350097656, 519.0894775390625, 560.0397338867188], [457.5753173828125, 477.4620361328125, 491.934814453125, 577.0913696289062]]","[0.82568359375, 0.76708984375, 0.734375, 0.7021484375, 0.476806640625, 0.7421875, 0.465576171875, 0.476806640625, 0.3564453125, 0.35498046875]","[[901.0493774414062, 813.9707641601562], [752.1128540039062, 965.0545654296875], [1030.7023620605469, 764.2576904296875], [1093.7478637695312, 717.8233642578125], [530.1283874511719, 560.0145874023438], [605.7726745605469, 619.011962890625], [1154.5228881835938, 546.9987182617188], [1202.9990234375, 544.6948852539062], [502.3072509765625, 560.0397338867188], [474.75506591796875, 577.0913696289062]]",425377792,410910720,425377792,640,yolo26m_int8_640_ncnn_model,MOT17-02
203,396.9836410001335,0.0,10,"[2, 3, 37, 117, 142, 147, 6, 168, 172, 137]","[[832.5997314453125, 437.7439270019531, 971.5958251953125, 816.2272338867188], [657.7019653320312, 415.0329284667969, 844.7609252929688, 969.159912109375], [981.0245361328125, 439.0384521484375, 1090.5570068359375, 765.03955078125], [1051.353759765625, 441.8435974121094, 1142.315673828125, 719.0689697265625], [512.9285888671875, 453.31915283203125, 545.5640258789062, 560.171630859375], [571.1793212890625, 458.65460205078125, 641.1343383789062, 619.0826416015625], [1132.7900390625, 440.2164001464844, 1173.8221435546875, 546.7860717773438], [1185.842041015625, 438.0067443847656, 1222.699462890625, 545.7592163085938], [483.0782165527344, 456.24249267578125, 516.7216186523438, 558.8171997070312], [456.10137939453125, 475.189453125, 491.51800537109375, 577.325927734375]]","[0.822265625, 0.78125, 0.7119140625, 0.669921875, 0.451904296875, 0.76123046875, 0.396240234375, 0.491455078125, 0.287109375, 0.255859375]","[[902.0977783203125, 816.2272338867188], [751.2314453125, 969.159912109375], [1035.790771484375, 765.03955078125], [1096.834716796875, 719.0689697265625], [529.2463073730469, 560.171630859375], [606.1568298339844, 619.0826416015625], [1153.3060913085938, 546.7860717773438], [1204.270751953125, 545.7592163085938], [499.89991760253906, 558.8171997070312], [473.8096923828125, 577.325927734375]]",425377792,410910720,425377792,640,yolo26m_int8_640_ncnn_model,MOT17-02
204,370.0663820000045,0.0,9,"[2, 3, 37, 117, 142, 147, 6, 168, 172]","[[832.3260498046875, 439.9528503417969, 971.4075927734375, 814.577880859375], [661.0546264648438, 414.9686279296875, 848.3519287109375, 972.8792724609375], [988.6383056640625, 440.1354064941406, 1096.3812255859375, 763.3380126953125], [1055.6737060546875, 437.7174072265625, 1147.9693603515625, 721.7314453125], [513.4494018554688, 452.8832702636719, 545.8546142578125, 558.9971313476562], [573.4168701171875, 455.9031677246094, 644.0869750976562, 620.0419311523438], [1132.1209716796875, 438.7107849121094, 1172.686767578125, 546.2189331054688], [1186.5247802734375, 438.780029296875, 1222.860107421875, 544.8369140625], [482.5389099121094, 457.9182434082031, 516.2799072265625, 560.6572265625]]","[0.81640625, 0.7783203125, 0.744140625, 0.58447265625, 0.3046875, 0.705078125, 0.435302734375, 0.54541015625, 0.36865234375]","[[901.8668212890625, 814.577880859375], [754.7032775878906, 972.8792724609375], [1042.509765625, 763.3380126953125], [1101.821533203125, 721.7314453125], [529.6520080566406, 558.9971313476562], [608.7519226074219, 620.0419311523438], [1152.4038696289062, 546.2189331054688], [1204.6924438476562, 544.8369140625], [499.40940856933594, 560.6572265625]]",425377792,410910720,425377792,640,yolo26m_int8_640_ncnn_model,MOT17-02
205,381.1397629997373,0.0,9,"[2, 3, 37, 117, 142, 147, 6, 168, 172]","[[832.0650634765625, 437.8124084472656, 973.1886596679688, 814.8809814453125], [662.9898071289062, 412.49456787109375, 850.794677734375, 974.7199096679688], [993.596435546875, 440.5784606933594, 1100.1927490234375, 764.6317749023438], [1058.174072265625, 435.17584228515625, 1149.9786376953125, 721.7227172851562], [513.7803344726562, 453.95599365234375, 545.3389892578125, 557.3052978515625], [574.7147216796875, 455.8338928222656, 645.185791015625, 621.3456420898438], [1131.7752685546875, 439.6224060058594, 1171.4798583984375, 546.5018310546875], [1187.7049560546875, 439.4332275390625, 1223.9493408203125, 545.2197265625], [483.3583984375, 460.9275817871094, 516.298828125, 561.0050048828125]]","[0.8173828125, 0.8232421875, 0.728515625, 0.62060546875, 0.339111328125, 0.72265625, 0.426025390625, 0.447509765625, 0.3759765625]","[[902.6268615722656, 814.8809814453125], [756.8922424316406, 974.7199096679688], [1046.8945922851562, 764.6317749023438], [1104.0763549804688, 721.7227172851562], [529.5596618652344, 557.3052978515625], [609.9502563476562, 621.3456420898438], [1151.6275634765625, 546.5018310546875], [1205.8271484375, 545.2197265625], [499.82861328125, 561.0050048828125]]",425377792,410910720,425377792,640,yolo26m_int8_640_ncnn_model,MOT17-02
206,368.0207180000252,0.0,9,"[2, 3, 37, 117, 142, 147, 6, 168, 172]","[[832.8591918945312, 437.4913635253906, 974.7460327148438, 814.4668579101562], [665.5570068359375, 410.58245849609375, 855.075439453125, 980.2686767578125], [996.0191040039062, 439.2757263183594, 1102.7532958984375, 766.5799560546875], [1062.189208984375, 437.15313720703125, 1151.3265380859375, 718.7250366210938], [513.5701293945312, 453.3577880859375, 545.4772338867188, 557.6746826171875], [577.7670288085938, 459.7281494140625, 645.9352416992188, 619.8299560546875], [1132.135498046875, 440.47772216796875, 1170.6534423828125, 546.121826171875], [1188.821044921875, 437.4295349121094, 1225.6300048828125, 544.5825805664062], [483.32720947265625, 460.3446350097656, 516.6968383789062, 561.6390991210938]]","[0.8037109375, 0.81005859375, 0.77685546875, 0.62255859375, 0.284912109375, 0.7568359375, 0.2685546875, 0.5439453125, 0.374755859375]","[[903.8026123046875, 814.4668579101562], [760.3162231445312, 980.2686767578125], [1049.3861999511719, 766.5799560546875], [1106.7578735351562, 718.7250366210938], [529.523681640625, 557.6746826171875], [611.8511352539062, 619.8299560546875], [1151.3944702148438, 546.121826171875], [1207.2255249023438, 544.5825805664062], [500.01202392578125, 561.6390991210938]]",425377792,410910720,425377792,640,yolo26m_int8_640_ncnn_model,MOT17-02
207,366.99857100029476,0.0,8,"[2, 3, 37, 117, 142, 147, 168, 172]","[[834.8111572265625, 434.3970031738281, 979.4102172851562, 816.2506713867188], [664.899658203125, 412.57611083984375, 856.1583251953125, 991.388427734375], [1002.534912109375, 440.5176086425781, 1108.6668701171875, 763.5993041992188], [1064.5498046875, 436.4378662109375, 1153.6680908203125, 721.0056762695312], [512.7620239257812, 453.6313171386719, 545.2659912109375, 559.3065185546875], [579.830078125, 460.46539306640625, 647.7434692382812, 619.9298095703125], [1188.5211181640625, 435.9706115722656, 1225.8941650390625, 545.0890502929688], [483.1888122558594, 461.93121337890625, 515.9506225585938, 561.0651245117188]]","[0.80517578125, 0.802734375, 0.798828125, 0.58447265625, 0.314208984375, 0.7421875, 0.54541015625, 0.352294921875]","[[907.1106872558594, 816.2506713867188], [760.5289916992188, 991.388427734375], [1055.6008911132812, 763.5993041992188], [1109.1089477539062, 721.0056762695312], [529.0140075683594, 559.3065185546875], [613.7867736816406, 619.9298095703125], [1207.2076416015625, 545.0890502929688], [499.56971740722656, 561.0651245117188]]",425377792,410910720,425377792,640,yolo26m_int8_640_ncnn_model,MOT17-02
208,367.9095890001918,0.0,9,"[2, 3, 37, 117, 142, 147, 168, 172, 6]","[[836.6722412109375, 433.721923828125, 982.8255004882812, 817.387451171875], [672.31201171875, 409.4417724609375, 860.4503173828125, 984.7699584960938], [1010.8318481445312, 442.4996032714844, 1119.66064453125, 766.892333984375], [1067.6358642578125, 433.70989990234375, 1157.052978515625, 724.3021850585938], [512.3013916015625, 452.0033874511719, 545.34326171875, 559.6796875], [582.0281982421875, 462.455810546875, 649.8916015625, 622.1730346679688], [1189.7142333984375, 437.4507141113281, 1226.607666015625, 545.2720336914062], [483.342041015625, 461.4382019042969, 516.0260009765625, 559.7960205078125], [1132.27099609375, 439.0924987792969, 1170.3382568359375, 545.3798217773438]]","[0.78125, 0.79150390625, 0.7919921875, 0.4931640625, 0.471923828125, 0.75634765625, 0.56787109375, 0.311767578125, 0.28466796875]","[[909.7488708496094, 817.387451171875], [766.3811645507812, 984.7699584960938], [1065.2462463378906, 766.892333984375], [1112.3444213867188, 724.3021850585938], [528.8223266601562, 559.6796875], [615.9598999023438, 622.1730346679688], [1208.1609497070312, 545.2720336914062], [499.68402099609375, 559.7960205078125], [1151.3046264648438, 545.3798217773438]]",425377792,410910720,425377792,640,yolo26m_int8_640_ncnn_model,MOT17-02
209,384.1796329998033,0.0,9,"[2, 3, 37, 117, 142, 147, 168, 172, 137]","[[837.5629272460938, 430.7631530761719, 984.7293090820312, 816.5529174804688], [671.8511352539062, 410.47332763671875, 859.256103515625, 988.7408447265625], [1021.2313232421875, 443.2477111816406, 1133.0013427734375, 766.132568359375], [1077.678955078125, 430.72357177734375, 1156.1019287109375, 686.3212280273438], [512.781494140625, 453.1072998046875, 545.7054443359375, 560.0667724609375], [583.7840576171875, 463.425048828125, 650.6758422851562, 620.7510986328125], [1190.577880859375, 437.82025146484375, 1227.396728515625, 545.5809936523438], [483.8097839355469, 462.7691650390625, 516.1788330078125, 559.8457641601562], [447.930419921875, 474.8063659667969, 483.5169677734375, 575.3965454101562]]","[0.794921875, 0.7841796875, 0.78955078125, 0.436767578125, 0.4189453125, 0.73095703125, 0.53759765625, 0.272705078125, 0.287109375]","[[911.1461181640625, 816.5529174804688], [765.5536193847656, 988.7408447265625], [1077.1163330078125, 766.132568359375], [1116.8904418945312, 686.3212280273438], [529.2434692382812, 560.0667724609375], [617.2299499511719, 620.7510986328125], [1208.9873046875, 545.5809936523438], [499.9943084716797, 559.8457641601562], [465.72369384765625, 575.3965454101562]]",425377792,410910720,425377792,640,yolo26m_int8_640_ncnn_model,MOT17-02
210,368.64484799980346,0.0,8,"[2, 3, 37, 117, 142, 147, 168, 172]","[[841.4163818359375, 428.666259765625, 989.6290893554688, 817.187744140625], [673.6163940429688, 409.65557861328125, 860.5933837890625, 992.378173828125], [1030.4918212890625, 444.52191162109375, 1145.2371826171875, 764.8251342773438], [1085.981689453125, 430.60894775390625, 1161.192626953125, 676.2340087890625], [513.6880493164062, 455.27032470703125, 546.118896484375, 560.4613037109375], [586.0548706054688, 462.0096130371094, 653.250244140625, 619.918701171875], [1192.5172119140625, 441.97332763671875, 1228.00732421875, 545.6880493164062], [483.7109680175781, 459.39599609375, 516.5253295898438, 557.565185546875]]","[0.78515625, 0.74951171875, 0.79736328125, 0.489013671875, 0.40380859375, 0.75244140625, 0.576171875, 0.300048828125]","[[915.5227355957031, 817.187744140625], [767.1048889160156, 992.378173828125], [1087.864501953125, 764.8251342773438], [1123.587158203125, 676.2340087890625], [529.9034729003906, 560.4613037109375], [619.6525573730469, 619.918701171875], [1210.2622680664062, 545.6880493164062], [500.11814880371094, 557.565185546875]]",425377792,410910720,425377792,640,yolo26m_int8_640_ncnn_model,MOT17-02
211,371.06434799989074,0.0,8,"[2, 3, 37, 117, 142, 147, 168, 172]","[[847.8782958984375, 431.338623046875, 996.1553955078125, 817.8938598632812], [677.1141357421875, 410.34710693359375, 862.016845703125, 991.7052001953125], [1038.84912109375, 444.2526550292969, 1158.4530029296875, 764.0624389648438], [1090.3338623046875, 430.3310241699219, 1167.387939453125, 681.3115844726562], [513.4059448242188, 454.5912780761719, 545.9038696289062, 560.108642578125], [586.9760131835938, 459.47100830078125, 655.0393676757812, 619.5849609375], [1193.2928466796875, 444.0897216796875, 1228.1142578125, 545.2108764648438], [482.89556884765625, 458.4035949707031, 516.4334716796875, 558.5030517578125]]","[0.78271484375, 0.78271484375, 0.79638671875, 0.399658203125, 0.412841796875, 0.724609375, 0.583984375, 0.3330078125]","[[922.016845703125, 817.8938598632812], [769.5654907226562, 991.7052001953125], [1098.6510620117188, 764.0624389648438], [1128.8609008789062, 681.3115844726562], [529.6549072265625, 560.108642578125], [621.0076904296875, 619.5849609375], [1210.7035522460938, 545.2108764648438], [499.6645202636719, 558.5030517578125]]",425377792,410910720,425377792,640,yolo26m_int8_640_ncnn_model,MOT17-02
212,372.42356799970366,0.0,8,"[2, 3, 37, 117, 142, 147, 168, 172]","[[851.4967651367188, 433.623779296875, 997.267578125, 815.9072265625], [683.15869140625, 409.39898681640625, 865.5421142578125, 988.6314697265625], [1039.0106201171875, 448.1142578125, 1161.951416015625, 764.7572021484375], [1095.7919921875, 431.495849609375, 1173.5001220703125, 683.931640625], [512.99267578125, 452.3482666015625, 546.12890625, 559.9742431640625], [588.4754638671875, 456.52508544921875, 656.9334106445312, 617.4666748046875], [1195.8382568359375, 444.61395263671875, 1230.87548828125, 545.27978515625], [481.8084716796875, 457.03533935546875, 515.6966552734375, 557.8650512695312]]","[0.79736328125, 0.81396484375, 0.794921875, 0.513671875, 0.474853515625, 0.78173828125, 0.51904296875, 0.3564453125]","[[924.3821716308594, 815.9072265625], [774.3504028320312, 988.6314697265625], [1100.4810180664062, 764.7572021484375], [1134.6460571289062, 683.931640625], [529.560791015625, 559.9742431640625], [622.7044372558594, 617.4666748046875], [1213.3568725585938, 545.27978515625], [498.7525634765625, 557.8650512695312]]",425377792,410910720,425377792,640,yolo26m_int8_640_ncnn_model,MOT17-02
213,380.9253039999021,0.0,9,"[2, 3, 37, 117, 142, 147, 168, 172, 176]","[[857.4208374023438, 432.2684020996094, 1004.8004760742188, 822.3268432617188], [687.43701171875, 410.7865905761719, 868.6484375, 989.607666015625], [1037.87060546875, 448.8153381347656, 1165.916748046875, 767.7490844726562], [1097.345703125, 432.7071533203125, 1179.946533203125, 702.2723388671875], [512.7701416015625, 452.73394775390625, 545.7875366210938, 559.6761474609375], [588.2620849609375, 451.443359375, 658.3301391601562, 616.643310546875], [1196.94189453125, 443.0409851074219, 1232.6600341796875, 545.049560546875], [481.39288330078125, 454.7779541015625, 515.437255859375, 556.3857421875], [1021.0881958007812, 444.0, 1058.2117919921875, 524.4000244140625]]","[0.8095703125, 0.7744140625, 0.79736328125, 0.52392578125, 0.55615234375, 0.76806640625, 0.5546875, 0.308349609375, 0.4951171875]","[[931.1106567382812, 822.3268432617188], [778.042724609375, 989.607666015625], [1101.8936767578125, 767.7490844726562], [1138.6461181640625, 702.2723388671875], [529.2788391113281, 559.6761474609375], [623.2961120605469, 616.643310546875], [1214.8009643554688, 545.049560546875], [498.4150695800781, 556.3857421875], [1039.6499938964844, 524.4000244140625]]",425377792,410910720,425377792,640,yolo26m_int8_640_ncnn_model,MOT17-02
214,371.68488499992236,0.0,9,"[2, 3, 37, 117, 142, 147, 168, 172, 176]","[[863.4058837890625, 432.99530029296875, 1009.55322265625, 823.4740600585938], [689.6590576171875, 412.563720703125, 870.9849853515625, 988.6787719726562], [1036.4610595703125, 451.7812194824219, 1168.967041015625, 773.0638427734375], [1103.1297607421875, 433.1585388183594, 1186.6929931640625, 706.130615234375], [512.9390258789062, 452.639404296875, 545.89697265625, 558.8167114257812], [588.450927734375, 448.0660705566406, 659.9737548828125, 617.797607421875], [1197.94384765625, 443.1955871582031, 1233.6524658203125, 544.2145385742188], [481.97393798828125, 454.93115234375, 516.1119384765625, 556.8313598632812], [1025.0382080078125, 445.4310607910156, 1063.1915283203125, 528.0062866210938]]","[0.80517578125, 0.77734375, 0.7998046875, 0.50634765625, 0.55322265625, 0.75390625, 0.54833984375, 0.27197265625, 0.367431640625]","[[936.4795532226562, 823.4740600585938], [780.322021484375, 988.6787719726562], [1102.7140502929688, 773.0638427734375], [1144.911376953125, 706.130615234375], [529.4179992675781, 558.8167114257812], [624.2123413085938, 617.797607421875], [1215.7981567382812, 544.2145385742188], [499.0429382324219, 556.8313598632812], [1044.1148681640625, 528.0062866210938]]",425377792,410910720,425377792,640,yolo26m_int8_640_ncnn_model,MOT17-02
215,370.9643860001961,0.0,9,"[2, 3, 37, 117, 142, 147, 168, 172, 176]","[[867.8650512695312, 431.0622863769531, 1012.873779296875, 824.1151733398438], [693.1620483398438, 411.0168151855469, 874.9263916015625, 988.5133666992188], [1035.9344482421875, 450.6533508300781, 1171.682373046875, 772.3280639648438], [1109.8216552734375, 435.3093566894531, 1194.342529296875, 712.5401000976562], [512.7750854492188, 453.8479919433594, 545.6707153320312, 559.2379760742188], [590.1303100585938, 451.9162292480469, 660.859619140625, 619.9442138671875], [1198.79296875, 443.50201416015625, 1234.4595947265625, 543.644287109375], [481.3969421386719, 454.5110778808594, 515.6946411132812, 557.5105590820312], [1029.6300048828125, 443.9200744628906, 1068.5501708984375, 527.8178100585938]]","[0.80419921875, 0.7744140625, 0.84228515625, 0.494140625, 0.55615234375, 0.75830078125, 0.47900390625, 0.27783203125, 0.2880859375]","[[940.3694152832031, 824.1151733398438], [784.0442199707031, 988.5133666992188], [1103.8084106445312, 772.3280639648438], [1152.0820922851562, 712.5401000976562], [529.222900390625, 559.2379760742188], [625.4949645996094, 619.9442138671875], [1216.6262817382812, 543.644287109375], [498.54579162597656, 557.5105590820312], [1049.090087890625, 527.8178100585938]]",425377792,410910720,425377792,640,yolo26m_int8_640_ncnn_model,MOT17-02
216,372.5896810001359,0.0,10,"[2, 3, 37, 117, 142, 147, 168, 172, 176, 137]","[[871.73876953125, 429.59649658203125, 1014.642333984375, 822.1007690429688], [696.6109008789062, 404.9964904785156, 881.0, 993.8450317382812], [1034.6219482421875, 448.70751953125, 1174.419677734375, 773.491455078125], [1118.1112060546875, 433.92706298828125, 1206.900634765625, 723.0493774414062], [513.0968017578125, 454.0555419921875, 546.1974487304688, 559.6482543945312], [592.5906982421875, 456.66729736328125, 661.7449340820312, 620.5240478515625], [1199.9168701171875, 444.3641357421875, 1235.8677978515625, 544.68310546875], [480.8222961425781, 454.11993408203125, 514.91845703125, 557.0341186523438], [1031.9921875, 441.4449157714844, 1073.6097412109375, 530.6915893554688], [445.7528991699219, 476.500244140625, 480.7621765136719, 573.4492797851562]]","[0.80322265625, 0.802734375, 0.767578125, 0.38671875, 0.5341796875, 0.76416015625, 0.51416015625, 0.2841796875, 0.47314453125, 0.2958984375]","[[943.1905517578125, 822.1007690429688], [788.8054504394531, 993.8450317382812], [1104.5208129882812, 773.491455078125], [1162.5059204101562, 723.0493774414062], [529.6471252441406, 559.6482543945312], [627.1678161621094, 620.5240478515625], [1217.892333984375, 544.68310546875], [497.87037658691406, 557.0341186523438], [1052.8009643554688, 530.6915893554688], [463.2575378417969, 573.4492797851562]]",425377792,410910720,425377792,640,yolo26m_int8_640_ncnn_model,MOT17-02
217,382.78932299999724,0.0,10,"[2, 3, 37, 117, 142, 147, 168, 172, 176, 137]","[[873.4561767578125, 430.7813415527344, 1015.771728515625, 826.4823608398438], [699.7516479492188, 405.195556640625, 883.2230834960938, 991.3939819335938], [1035.1129150390625, 448.4466247558594, 1177.108154296875, 773.4050903320312], [1123.6917724609375, 433.15771484375, 1214.7958984375, 729.1770629882812], [513.33837890625, 453.1388244628906, 546.7704467773438, 558.8109741210938], [592.7304077148438, 455.7535095214844, 662.7639770507812, 621.474609375], [1202.53369140625, 446.67340087890625, 1238.10107421875, 545.072509765625], [481.4034423828125, 454.73089599609375, 514.8314819335938, 556.11669921875], [1035.688232421875, 440.3572998046875, 1076.382080078125, 526.6714477539062], [442.1275329589844, 473.9853820800781, 479.0962219238281, 573.866943359375]]","[0.78515625, 0.80615234375, 0.78564453125, 0.439208984375, 0.5849609375, 0.7607421875, 0.51025390625, 0.281005859375, 0.322998046875, 0.363525390625]","[[944.6139526367188, 826.4823608398438], [791.4873657226562, 991.3939819335938], [1106.1105346679688, 773.4050903320312], [1169.2438354492188, 729.1770629882812], [530.0544128417969, 558.8109741210938], [627.7471923828125, 621.474609375], [1220.3173828125, 545.072509765625], [498.1174621582031, 556.11669921875], [1056.03515625, 526.6714477539062], [460.61187744140625, 573.866943359375]]",425377792,410910720,425377792,640,yolo26m_int8_640_ncnn_model,MOT17-02
218,370.653553000011,0.0,10,"[2, 3, 37, 117, 142, 147, 168, 172, 176, 137]","[[876.5398559570312, 429.02581787109375, 1017.4605102539062, 825.3994140625], [702.9577026367188, 401.353515625, 888.7278442382812, 992.35986328125], [1036.9217529296875, 448.0862121582031, 1181.1219482421875, 774.5718383789062], [1137.1798095703125, 434.8009338378906, 1229.4693603515625, 729.53662109375], [512.9534912109375, 453.0384521484375, 546.4683837890625, 558.2474365234375], [595.0170288085938, 455.90692138671875, 664.7798461914062, 621.3215942382812], [1203.4591064453125, 447.0343017578125, 1238.906005859375, 544.7160034179688], [479.594482421875, 452.736328125, 513.3601684570312, 556.0274047851562], [1039.69775390625, 440.01531982421875, 1082.717529296875, 530.3213500976562], [439.9831848144531, 466.0239562988281, 480.53094482421875, 575.230224609375]]","[0.78515625, 0.79736328125, 0.7919921875, 0.269287109375, 0.56201171875, 0.7021484375, 0.54248046875, 0.252685546875, 0.3642578125, 0.353515625]","[[947.0001831054688, 825.3994140625], [795.8427734375, 992.35986328125], [1109.0218505859375, 774.5718383789062], [1183.3245849609375, 729.53662109375], [529.7109375, 558.2474365234375], [629.8984375, 621.3215942382812], [1221.1825561523438, 544.7160034179688], [496.4773254394531, 556.0274047851562], [1061.2076416015625, 530.3213500976562], [460.25706481933594, 575.230224609375]]",425377792,410910720,425377792,640,yolo26m_int8_640_ncnn_model,MOT17-02
219,370.9667940001964,0.0,9,"[2, 3, 37, 117, 142, 147, 168, 176, 137]","[[880.4215087890625, 429.8493347167969, 1020.0728759765625, 830.3739624023438], [706.0698852539062, 400.4245300292969, 894.6016845703125, 995.1477661132812], [1039.671142578125, 444.4829406738281, 1186.2152099609375, 775.4765014648438], [1139.711181640625, 432.5033874511719, 1233.5125732421875, 729.5577392578125], [511.36322021484375, 452.008056640625, 545.8072509765625, 560.0252075195312], [594.7217407226562, 454.2347106933594, 665.623291015625, 622.9763793945312], [1205.4046630859375, 447.15191650390625, 1241.5118408203125, 546.58251953125], [1043.189208984375, 440.1680603027344, 1083.6942138671875, 523.2510986328125], [440.88739013671875, 470.7396545410156, 480.33343505859375, 575.734619140625]]","[0.759765625, 0.79541015625, 0.8095703125, 0.255859375, 0.52880859375, 0.74462890625, 0.56884765625, 0.302978515625, 0.38427734375]","[[950.2471923828125, 830.3739624023438], [800.3357849121094, 995.1477661132812], [1112.9431762695312, 775.4765014648438], [1186.6118774414062, 729.5577392578125], [528.5852355957031, 560.0252075195312], [630.1725158691406, 622.9763793945312], [1223.458251953125, 546.58251953125], [1063.4417114257812, 523.2510986328125], [460.61041259765625, 575.734619140625]]",425377792,410910720,425377792,640,yolo26m_int8_640_ncnn_model,MOT17-02
220,368.7152959996638,0.0,9,"[2, 3, 37, 117, 142, 147, 168, 176, 137]","[[883.082275390625, 425.25439453125, 1022.5983276367188, 831.2390747070312], [710.9697875976562, 403.55963134765625, 899.7753295898438, 993.7008056640625], [1041.680419921875, 441.88641357421875, 1189.86376953125, 777.0189819335938], [1144.9522705078125, 434.0760803222656, 1238.18896484375, 729.9741821289062], [511.70074462890625, 452.8528747558594, 545.6126708984375, 558.4811401367188], [595.0387573242188, 456.30712890625, 664.941650390625, 623.8309936523438], [1207.4827880859375, 445.9453430175781, 1245.0054931640625, 547.5188598632812], [1043.9306640625, 438.98583984375, 1084.0460205078125, 519.6351318359375], [441.06463623046875, 471.01153564453125, 480.5594787597656, 575.6905517578125]]","[0.75146484375, 0.8095703125, 0.80517578125, 0.3125, 0.5478515625, 0.71484375, 0.5771484375, 0.33251953125, 0.288818359375]","[[952.8403015136719, 831.2390747070312], [805.37255859375, 993.7008056640625], [1115.7720947265625, 777.0189819335938], [1191.5706176757812, 729.9741821289062], [528.6567077636719, 558.4811401367188], [629.9902038574219, 623.8309936523438], [1226.244140625, 547.5188598632812], [1063.9883422851562, 519.6351318359375], [460.8120574951172, 575.6905517578125]]",425377792,410910720,425377792,640,yolo26m_int8_640_ncnn_model,MOT17-02
221,380.02021400006925,0.0,10,"[2, 3, 37, 117, 142, 147, 168, 176, 137, 172]","[[888.0103149414062, 430.3914794921875, 1026.289794921875, 837.4129638671875], [719.4762573242188, 404.05584716796875, 909.6882934570312, 989.8745727539062], [1048.314697265625, 445.5718078613281, 1193.9530029296875, 776.8384399414062], [1148.06201171875, 432.7177429199219, 1240.375, 728.0776977539062], [511.5760498046875, 452.4396057128906, 545.8035278320312, 558.627197265625], [596.2791137695312, 454.63848876953125, 666.4215698242188, 623.64111328125], [1211.6959228515625, 446.46136474609375, 1249.698486328125, 546.8794555664062], [1043.7103271484375, 439.89202880859375, 1087.5013427734375, 527.447265625], [441.5693054199219, 474.8359375, 479.25628662109375, 573.9403686523438], [477.4653625488281, 452.45184326171875, 511.3924865722656, 555.3204956054688]]","[0.75830078125, 0.8330078125, 0.7998046875, 0.44677734375, 0.56494140625, 0.72216796875, 0.6181640625, 0.5283203125, 0.265625, 0.3076171875]","[[957.1500549316406, 837.4129638671875], [814.582275390625, 989.8745727539062], [1121.1338500976562, 776.8384399414062], [1194.218505859375, 728.0776977539062], [528.6897888183594, 558.627197265625], [631.350341796875, 623.64111328125], [1230.6972045898438, 546.8794555664062], [1065.6058349609375, 527.447265625], [460.4127960205078, 573.9403686523438], [494.4289245605469, 555.3204956054688]]",425377792,410910720,425377792,640,yolo26m_int8_640_ncnn_model,MOT17-02
222,370.02411100002064,0.0,9,"[2, 3, 37, 117, 142, 147, 168, 176, 172]","[[889.7459106445312, 432.1407470703125, 1026.61865234375, 838.9869995117188], [728.4058837890625, 399.5527038574219, 923.3043212890625, 992.1146240234375], [1055.48291015625, 446.2628173828125, 1198.49755859375, 775.4889526367188], [1152.01611328125, 432.44805908203125, 1242.92578125, 727.0362548828125], [511.2908630371094, 450.5546569824219, 546.1185302734375, 558.436767578125], [596.570556640625, 453.76348876953125, 667.082275390625, 625.7684936523438], [1215.4971923828125, 446.6500549316406, 1254.15087890625, 546.6184692382812], [1044.2210693359375, 441.6837158203125, 1089.080322265625, 530.6649169921875], [478.07958984375, 452.73974609375, 512.2987670898438, 556.0205078125]]","[0.78271484375, 0.8310546875, 0.767578125, 0.5263671875, 0.53271484375, 0.7216796875, 0.61767578125, 0.421142578125, 0.302001953125]","[[958.1822814941406, 838.9869995117188], [825.8551025390625, 992.1146240234375], [1126.990234375, 775.4889526367188], [1197.470947265625, 727.0362548828125], [528.7046966552734, 558.436767578125], [631.826416015625, 625.7684936523438], [1234.8240356445312, 546.6184692382812], [1066.6506958007812, 530.6649169921875], [495.1891784667969, 556.0205078125]]",425377792,410910720,425377792,640,yolo26m_int8_640_ncnn_model,MOT17-02
223,368.7292970003,0.0,9,"[2, 3, 37, 117, 142, 147, 168, 176, 137]","[[894.2708129882812, 428.8636474609375, 1030.5228271484375, 835.570556640625], [735.4649047851562, 399.8568420410156, 935.2617797851562, 992.9360961914062], [1062.2503662109375, 442.5567932128906, 1203.7777099609375, 774.9515380859375], [1155.2236328125, 432.84405517578125, 1245.7166748046875, 732.0072631835938], [509.6030578613281, 443.2021789550781, 546.8375244140625, 559.10595703125], [599.215576171875, 452.21044921875, 669.6305541992188, 625.8223266601562], [1217.3594970703125, 445.9665832519531, 1257.2320556640625, 548.2518310546875], [1044.89892578125, 443.6524658203125, 1090.908203125, 534.6309814453125], [437.7289123535156, 476.55322265625, 476.8597412109375, 575.53173828125]]","[0.80078125, 0.8310546875, 0.771484375, 0.40771484375, 0.521484375, 0.697265625, 0.57373046875, 0.41552734375, 0.30908203125]","[[962.3968200683594, 835.570556640625], [835.3633422851562, 992.9360961914062], [1133.0140380859375, 774.9515380859375], [1200.4701538085938, 732.0072631835938], [528.2202911376953, 559.10595703125], [634.4230651855469, 625.8223266601562], [1237.2957763671875, 548.2518310546875], [1067.903564453125, 534.6309814453125], [457.29432678222656, 575.53173828125]]",425377792,410910720,425377792,640,yolo26m_int8_640_ncnn_model,MOT17-02
224,369.9522409997371,0.0,9,"[2, 3, 37, 117, 142, 147, 168, 176, 137]","[[895.0098266601562, 431.81744384765625, 1030.7740478515625, 838.9024047851562], [746.7818603515625, 399.7621765136719, 951.5499877929688, 992.4796752929688], [1074.3409423828125, 441.4140319824219, 1211.7176513671875, 773.4985961914062], [1158.362548828125, 433.2428894042969, 1244.5087890625, 725.7432250976562], [509.0921936035156, 437.5731201171875, 547.9486694335938, 559.3576049804688], [601.5135498046875, 457.5164489746094, 669.7344360351562, 626.800048828125], [1219.603271484375, 447.42633056640625, 1259.6632080078125, 550.0841674804688], [1045.661376953125, 444.6549072265625, 1091.8970947265625, 535.8659057617188], [436.739013671875, 477.1625671386719, 476.6146545410156, 575.6495971679688]]","[0.78466796875, 0.8447265625, 0.75390625, 0.337890625, 0.60205078125, 0.7333984375, 0.517578125, 0.456787109375, 0.44677734375]","[[962.8919372558594, 838.9024047851562], [849.1659240722656, 992.4796752929688], [1143.029296875, 773.4985961914062], [1201.4356689453125, 725.7432250976562], [528.5204315185547, 559.3576049804688], [635.6239929199219, 626.800048828125], [1239.6332397460938, 550.0841674804688], [1068.7792358398438, 535.8659057617188], [456.6768341064453, 575.6495971679688]]",425377792,410910720,425377792,640,yolo26m_int8_640_ncnn_model,MOT17-02
225,378.8495690000673,0.0,9,"[2, 3, 37, 117, 142, 147, 168, 176, 137]","[[896.7537231445312, 430.72265625, 1033.1226806640625, 841.3524169921875], [755.250732421875, 399.5091857910156, 964.9859619140625, 989.5587158203125], [1080.174072265625, 438.0257568359375, 1215.13671875, 774.9061279296875], [1160.48779296875, 434.8927307128906, 1245.612548828125, 731.69091796875], [510.1897277832031, 445.7020263671875, 546.615966796875, 559.6969604492188], [603.1197509765625, 458.0838623046875, 671.425048828125, 629.6362915039062], [1220.8953857421875, 446.99310302734375, 1260.9752197265625, 549.7855834960938], [1047.506591796875, 444.5425109863281, 1092.495849609375, 532.8314819335938], [432.0090637207031, 475.37713623046875, 473.9463195800781, 575.68798828125]]","[0.77099609375, 0.85693359375, 0.732421875, 0.392333984375, 0.47412109375, 0.7392578125, 0.48486328125, 0.373779296875, 0.344482421875]","[[964.9382019042969, 841.3524169921875], [860.1183471679688, 989.5587158203125], [1147.6553955078125, 774.9061279296875], [1203.0501708984375, 731.69091796875], [528.4028472900391, 559.6969604492188], [637.2723999023438, 629.6362915039062], [1240.935302734375, 549.7855834960938], [1070.001220703125, 532.8314819335938], [452.9776916503906, 575.68798828125]]",425377792,410910720,425377792,640,yolo26m_int8_640_ncnn_model,MOT17-02
226,369.52801999996154,0.0,10,"[2, 3, 37, 117, 142, 147, 168, 176, 137, 172]","[[897.5089721679688, 430.3074645996094, 1034.6998291015625, 844.197998046875], [759.692138671875, 396.96282958984375, 976.2612915039062, 988.927978515625], [1086.064697265625, 436.51959228515625, 1218.313720703125, 777.6407470703125], [1163.4315185546875, 432.06048583984375, 1247.551513671875, 734.3638305664062], [509.40966796875, 441.86798095703125, 547.3104248046875, 561.0833740234375], [604.4337158203125, 460.75018310546875, 671.2664794921875, 630.175537109375], [1222.5386962890625, 448.3006896972656, 1262.13330078125, 550.1478271484375], [1048.033935546875, 443.98760986328125, 1094.6837158203125, 536.1102294921875], [429.1264343261719, 471.9967956542969, 473.6437683105469, 576.4380493164062], [475.96527099609375, 452.5361633300781, 511.7845458984375, 560.6581420898438]]","[0.7802734375, 0.86767578125, 0.75634765625, 0.529296875, 0.462158203125, 0.7001953125, 0.375, 0.29638671875, 0.52490234375, 0.309326171875]","[[966.1044006347656, 844.197998046875], [867.9767150878906, 988.927978515625], [1152.189208984375, 777.6407470703125], [1205.4915161132812, 734.3638305664062], [528.3600463867188, 561.0833740234375], [637.85009765625, 630.175537109375], [1242.3359985351562, 550.1478271484375], [1071.3588256835938, 536.1102294921875], [451.3851013183594, 576.4380493164062], [493.8749084472656, 560.6581420898438]]",425377792,410910720,425377792,640,yolo26m_int8_640_ncnn_model,MOT17-02
227,371.91461100019296,0.0,8,"[2, 3, 37, 117, 142, 147, 168, 137]","[[899.4254760742188, 431.6288146972656, 1036.4200439453125, 845.7151489257812], [765.1502075195312, 406.4179382324219, 986.118896484375, 991.1572875976562], [1092.1446533203125, 435.9732360839844, 1223.196533203125, 784.5637817382812], [1169.431396484375, 428.7741394042969, 1250.9598388671875, 730.6734008789062], [509.612060546875, 445.10321044921875, 546.5930786132812, 560.8532104492188], [604.047119140625, 459.77142333984375, 669.501220703125, 629.3497924804688], [1224.4466552734375, 448.2919921875, 1263.10498046875, 548.7796020507812], [427.0213623046875, 472.6729431152344, 471.682373046875, 575.741943359375]]","[0.77392578125, 0.85546875, 0.75537109375, 0.417724609375, 0.451904296875, 0.6982421875, 0.291015625, 0.308837890625]","[[967.9227600097656, 845.7151489257812], [875.6345520019531, 991.1572875976562], [1157.6705932617188, 784.5637817382812], [1210.1956176757812, 730.6734008789062], [528.1025695800781, 560.8532104492188], [636.774169921875, 629.3497924804688], [1243.7758178710938, 548.7796020507812], [449.35186767578125, 575.741943359375]]",425377792,410910720,425377792,640,yolo26m_int8_640_ncnn_model,MOT17-02
228,369.09026100011033,0.0,8,"[2, 3, 37, 117, 142, 147, 168, 137]","[[900.1351928710938, 431.88946533203125, 1036.8914794921875, 846.47412109375], [769.9591064453125, 409.0465087890625, 996.4766235351562, 990.0078735351562], [1097.8590087890625, 436.03680419921875, 1227.205322265625, 788.8862915039062], [1175.1854248046875, 427.024169921875, 1254.39404296875, 727.7074584960938], [509.49920654296875, 446.6811218261719, 546.014404296875, 560.5037231445312], [604.2454223632812, 459.13922119140625, 668.9119262695312, 630.2498779296875], [1225.8453369140625, 446.78173828125, 1264.6226806640625, 547.7509155273438], [424.7581481933594, 470.73077392578125, 470.9861755371094, 576.6954345703125]]","[0.77099609375, 0.853515625, 0.78466796875, 0.41357421875, 0.432373046875, 0.7060546875, 0.328857421875, 0.41650390625]","[[968.5133361816406, 846.47412109375], [883.2178649902344, 990.0078735351562], [1162.5321655273438, 788.8862915039062], [1214.7897338867188, 727.7074584960938], [527.7568054199219, 560.5037231445312], [636.5786743164062, 630.2498779296875], [1245.2340087890625, 547.7509155273438], [447.8721618652344, 576.6954345703125]]",425377792,410910720,425377792,640,yolo26m_int8_640_ncnn_model,MOT17-02
229,406.49966199998744,0.0,8,"[2, 3, 37, 117, 142, 147, 137, 172]","[[902.048828125, 431.24591064453125, 1039.18701171875, 847.4403686523438], [774.002197265625, 408.52752685546875, 1007.5310668945312, 991.0576171875], [1104.5174560546875, 438.78466796875, 1231.752197265625, 791.7238159179688], [1180.4173583984375, 423.90789794921875, 1259.24609375, 729.013427734375], [509.59307861328125, 448.03643798828125, 545.6680908203125, 559.6220092773438], [605.6096801757812, 462.0964050292969, 668.32421875, 631.3062133789062], [424.435791015625, 470.50213623046875, 471.24365234375, 576.559326171875], [471.0385437011719, 445.9474792480469, 508.7950134277344, 559.1119384765625]]","[0.7509765625, 0.84765625, 0.77587890625, 0.376953125, 0.468017578125, 0.71484375, 0.56494140625, 0.39599609375]","[[970.617919921875, 847.4403686523438], [890.7666320800781, 991.0576171875], [1168.1348266601562, 791.7238159179688], [1219.8317260742188, 729.013427734375], [527.6305847167969, 559.6220092773438], [636.9669494628906, 631.3062133789062], [447.8397216796875, 576.559326171875], [489.9167785644531, 559.1119384765625]]",425377792,410910720,425377792,640,yolo26m_int8_640_ncnn_model,MOT17-02
230,369.06637400034015,0.0,9,"[2, 3, 37, 117, 142, 147, 137, 187, 172]","[[905.97265625, 428.7799987792969, 1042.6072998046875, 843.0626831054688], [777.088134765625, 411.5389099121094, 1015.5428466796875, 993.1793823242188], [1113.2171630859375, 437.654541015625, 1238.768310546875, 790.0440063476562], [1187.356201171875, 425.7040100097656, 1264.678466796875, 726.5380249023438], [509.48809814453125, 447.059326171875, 546.1867065429688, 560.7846069335938], [607.1788940429688, 462.21881103515625, 668.9680786132812, 631.6790771484375], [425.09783935546875, 472.1553955078125, 471.6485900878906, 576.7438354492188], [746.1226806640625, 437.32501220703125, 825.8773193359375, 585.6749877929688], [472.3324279785156, 450.7480163574219, 508.8896789550781, 560.08837890625]]","[0.73681640625, 0.8603515625, 0.7607421875, 0.52197265625, 0.376220703125, 0.69677734375, 0.56640625, 0.47412109375, 0.281982421875]","[[974.2899780273438, 843.0626831054688], [896.3154907226562, 993.1793823242188], [1175.9927368164062, 790.0440063476562], [1226.017333984375, 726.5380249023438], [527.83740234375, 560.7846069335938], [638.073486328125, 631.6790771484375], [448.3732147216797, 576.7438354492188], [786.0, 585.6749877929688], [490.6110534667969, 560.08837890625]]",425377792,410910720,425377792,640,yolo26m_int8_640_ncnn_model,MOT17-02
231,369.1487630003394,0.0,10,"[2, 3, 37, 117, 142, 147, 137, 187, 172, 190]","[[906.7222900390625, 428.5860290527344, 1044.463623046875, 847.5267944335938], [774.8673706054688, 412.1618957519531, 1018.4154052734375, 994.4647216796875], [1124.876220703125, 440.1954650878906, 1248.4842529296875, 787.3685302734375], [1203.4884033203125, 423.9554138183594, 1262.826416015625, 644.706298828125], [510.2182312011719, 447.6874084472656, 546.6006469726562, 560.2282104492188], [609.1035766601562, 460.01617431640625, 670.7909545898438, 631.0504150390625], [425.02789306640625, 472.3097229003906, 472.22344970703125, 577.3025512695312], [746.8402709960938, 435.57171630859375, 829.684326171875, 589.6905517578125], [474.2315979003906, 454.2403259277344, 509.5222473144531, 559.6930541992188], [676.6473999023438, 484.5, 726.152587890625, 599.7000122070312]]","[0.73828125, 0.85107421875, 0.76611328125, 0.59130859375, 0.3671875, 0.7294921875, 0.61083984375, 0.373779296875, 0.3212890625, 0.421630859375]","[[975.5929565429688, 847.5267944335938], [896.6413879394531, 994.4647216796875], [1186.6802368164062, 787.3685302734375], [1233.1574096679688, 644.706298828125], [528.4094390869141, 560.2282104492188], [639.947265625, 631.0504150390625], [448.62567138671875, 577.3025512695312], [788.2622985839844, 589.6905517578125], [491.8769226074219, 559.6930541992188], [701.3999938964844, 599.7000122070312]]",425377792,410910720,425377792,640,yolo26m_int8_640_ncnn_model,MOT17-02
232,369.79683599975033,0.0,10,"[2, 3, 37, 117, 142, 147, 137, 187, 190, 191]","[[909.9696044921875, 426.0595397949219, 1047.94677734375, 847.6974487304688], [778.3204345703125, 413.3620910644531, 1025.6029052734375, 993.9381103515625], [1134.677490234375, 439.9403381347656, 1260.263916015625, 789.5172729492188], [1211.3392333984375, 423.05487060546875, 1263.891845703125, 612.4788208007812], [510.44451904296875, 448.6829833984375, 546.3233032226562, 559.26416015625], [611.6027221679688, 458.1835632324219, 673.1017456054688, 629.8033447265625], [424.55157470703125, 471.8808898925781, 471.9639892578125, 577.0123901367188], [750.18310546875, 436.08026123046875, 834.7402954101562, 593.3814086914062], [675.8885498046875, 481.3046875, 726.6790161132812, 599.6419067382812], [1059.8323974609375, 442.3500061035156, 1120.567626953125, 595.3499755859375]]","[0.74267578125, 0.845703125, 0.79736328125, 0.51513671875, 0.376220703125, 0.74658203125, 0.59228515625, 0.53662109375, 0.260498046875, 0.426025390625]","[[978.9581909179688, 847.6974487304688], [901.961669921875, 993.9381103515625], [1197.470703125, 789.5172729492188], [1237.6155395507812, 612.4788208007812], [528.3839111328125, 559.26416015625], [642.3522338867188, 629.8033447265625], [448.2577819824219, 577.0123901367188], [792.4617004394531, 593.3814086914062], [701.2837829589844, 599.6419067382812], [1090.2000122070312, 595.3499755859375]]",425377792,410910720,425377792,640,yolo26m_int8_640_ncnn_model,MOT17-02
233,369.6500589999232,0.0,11,"[2, 3, 37, 117, 142, 147, 137, 187, 190, 191, 172]","[[913.9059448242188, 427.078857421875, 1051.32373046875, 849.6858520507812], [778.2115478515625, 413.04290771484375, 1028.2451171875, 992.47607421875], [1139.650390625, 439.6023864746094, 1266.930419921875, 790.5361938476562], [1217.766845703125, 427.262939453125, 1268.6466064453125, 604.5927734375], [510.91888427734375, 450.8106994628906, 546.3297729492188, 559.1491088867188], [612.660400390625, 456.2450256347656, 674.293212890625, 629.5565185546875], [423.37548828125, 470.98419189453125, 470.9479675292969, 576.6475219726562], [752.6787719726562, 435.481689453125, 840.4214477539062, 598.6171875], [675.6774291992188, 480.2435607910156, 726.81298828125, 599.6226196289062], [1060.5516357421875, 441.0204162597656, 1121.4669189453125, 594.5985107421875], [471.6751708984375, 450.4286193847656, 508.48321533203125, 560.1505737304688]]","[0.75732421875, 0.83251953125, 0.80078125, 0.43603515625, 0.349853515625, 0.75390625, 0.57861328125, 0.427490234375, 0.303466796875, 0.4375, 0.266357421875]","[[982.6148376464844, 849.6858520507812], [903.2283325195312, 992.47607421875], [1203.2904052734375, 790.5361938476562], [1243.2067260742188, 604.5927734375], [528.6243286132812, 559.1491088867188], [643.476806640625, 629.5565185546875], [447.16172790527344, 576.6475219726562], [796.5501098632812, 598.6171875], [701.2452087402344, 599.6226196289062], [1091.00927734375, 594.5985107421875], [490.0791931152344, 560.1505737304688]]",425377792,410910720,425377792,640,yolo26m_int8_640_ncnn_model,MOT17-02
234,369.7725040001387,0.0,9,"[2, 3, 37, 142, 147, 137, 187, 191, 172]","[[915.2549438476562, 427.2388610839844, 1053.556396484375, 856.56494140625], [778.0131225585938, 407.9300842285156, 1033.8995361328125, 995.8819580078125], [1140.7603759765625, 440.7131042480469, 1269.76025390625, 793.5961303710938], [511.56561279296875, 451.6039733886719, 546.8657836914062, 559.1089477539062], [614.7824096679688, 455.7600402832031, 676.39501953125, 630.1904907226562], [423.3382568359375, 472.37921142578125, 469.7193908691406, 575.7638549804688], [753.8018798828125, 434.2384948730469, 847.1650390625, 607.6625366210938], [1061.624755859375, 441.1576843261719, 1122.1004638671875, 593.7645263671875], [469.9454345703125, 446.7924499511719, 507.99090576171875, 560.0283203125]]","[0.7109375, 0.83251953125, 0.80322265625, 0.4345703125, 0.7392578125, 0.52783203125, 0.33740234375, 0.461669921875, 0.254638671875]","[[984.4056701660156, 856.56494140625], [905.9563293457031, 995.8819580078125], [1205.2603149414062, 793.5961303710938], [529.2156982421875, 559.1089477539062], [645.5887145996094, 630.1904907226562], [446.52882385253906, 575.7638549804688], [800.4834594726562, 607.6625366210938], [1091.8626098632812, 593.7645263671875], [488.9681701660156, 560.0283203125]]",425377792,410910720,425377792,640,yolo26m_int8_640_ncnn_model,MOT17-02
235,368.76657900029386,0.0,8,"[2, 3, 37, 142, 147, 137, 187, 191]","[[918.3221435546875, 427.55560302734375, 1055.6038818359375, 858.87646484375], [782.7365112304688, 407.9713439941406, 1040.728515625, 997.1480712890625], [1140.0830078125, 441.3862609863281, 1271.4720458984375, 798.414306640625], [511.2948303222656, 450.88824462890625, 546.572265625, 558.0968627929688], [617.5367431640625, 456.0769958496094, 678.6150512695312, 629.9281616210938], [421.2084045410156, 469.18609619140625, 468.94940185546875, 576.1692504882812], [756.76611328125, 436.32891845703125, 850.8912963867188, 610.3049926757812], [1063.46875, 442.6516418457031, 1122.998779296875, 593.243896484375]]","[0.6787109375, 0.82861328125, 0.78515625, 0.429931640625, 0.7890625, 0.490478515625, 0.320068359375, 0.380859375]","[[986.9630126953125, 858.87646484375], [911.7325134277344, 997.1480712890625], [1205.7775268554688, 798.414306640625], [528.9335479736328, 558.0968627929688], [648.0758972167969, 629.9281616210938], [445.0789031982422, 576.1692504882812], [803.8287048339844, 610.3049926757812], [1093.2337646484375, 593.243896484375]]",425377792,410910720,425377792,640,yolo26m_int8_640_ncnn_model,MOT17-02
236,369.1921709996677,0.0,9,"[2, 3, 37, 142, 147, 137, 191, 190, 172]","[[924.64013671875, 424.9814147949219, 1060.8922119140625, 854.5223999023438], [787.2985229492188, 411.6960754394531, 1044.099365234375, 996.86474609375], [1141.15869140625, 444.1006164550781, 1273.337890625, 799.7023315429688], [511.1658630371094, 451.85784912109375, 545.9862060546875, 557.4735717773438], [621.0106811523438, 456.207763671875, 681.88427734375, 629.8155517578125], [420.91400146484375, 470.70587158203125, 467.23126220703125, 575.5842895507812], [1063.8228759765625, 442.8780822753906, 1123.471435546875, 594.47265625], [677.6212768554688, 481.5099182128906, 726.2263793945312, 595.3893432617188], [466.934814453125, 443.5559997558594, 506.54046630859375, 559.30615234375]]","[0.658203125, 0.8388671875, 0.76171875, 0.42919921875, 0.7744140625, 0.38818359375, 0.322998046875, 0.2568359375, 0.333251953125]","[[992.7661743164062, 854.5223999023438], [915.6989440917969, 996.86474609375], [1207.248291015625, 799.7023315429688], [528.5760345458984, 557.4735717773438], [651.4474792480469, 629.8155517578125], [444.0726318359375, 575.5842895507812], [1093.6471557617188, 594.47265625], [701.923828125, 595.3893432617188], [486.7376403808594, 559.30615234375]]",425377792,410910720,425377792,640,yolo26m_int8_640_ncnn_model,MOT17-02
237,372.64870699982566,0.0,8,"[2, 3, 37, 142, 147, 191, 172, 187]","[[931.0923461914062, 423.76220703125, 1064.59326171875, 849.0823364257812], [790.9705810546875, 407.3998718261719, 1048.95654296875, 997.4749145507812], [1142.020751953125, 441.9241027832031, 1276.1292724609375, 803.338134765625], [510.4577331542969, 448.70538330078125, 546.422607421875, 557.7487182617188], [621.79248046875, 454.5325012207031, 683.5479736328125, 630.5057983398438], [1065.841796875, 447.1798400878906, 1123.781005859375, 594.9056396484375], [464.00079345703125, 442.4378356933594, 504.0628967285156, 557.5743408203125], [759.6754150390625, 436.5619812011719, 860.3002319335938, 621.6000366210938]]","[0.68701171875, 0.82861328125, 0.73486328125, 0.449951171875, 0.734375, 0.3251953125, 0.3642578125, 0.2822265625]","[[997.8428039550781, 849.0823364257812], [919.9635620117188, 997.4749145507812], [1209.0750122070312, 803.338134765625], [528.4401702880859, 557.7487182617188], [652.6702270507812, 630.5057983398438], [1094.8114013671875, 594.9056396484375], [484.03184509277344, 557.5743408203125], [809.9878234863281, 621.6000366210938]]",425377792,410910720,425377792,640,yolo26m_int8_640_ncnn_model,MOT17-02
238,370.5566160001581,0.0,8,"[2, 3, 37, 142, 147, 172, 137, 190]","[[936.439697265625, 422.0796203613281, 1068.8145751953125, 848.2132568359375], [794.1583251953125, 407.2615661621094, 1050.5975341796875, 996.2030639648438], [1146.577392578125, 440.1141052246094, 1280.5050048828125, 801.7089233398438], [510.767333984375, 448.77496337890625, 546.5059814453125, 556.6239624023438], [625.5180053710938, 450.4636535644531, 688.5156860351562, 630.26611328125], [461.64013671875, 442.53973388671875, 502.5172119140625, 558.4415893554688], [418.75830078125, 465.88250732421875, 465.57012939453125, 573.8269653320312], [678.7236938476562, 481.1082763671875, 726.5775756835938, 592.99267578125]]","[0.68310546875, 0.82763671875, 0.7646484375, 0.421630859375, 0.7431640625, 0.331298828125, 0.393798828125, 0.2646484375]","[[1002.6271362304688, 848.2132568359375], [922.3779296875, 996.2030639648438], [1213.5411987304688, 801.7089233398438], [528.6366577148438, 556.6239624023438], [657.016845703125, 630.26611328125], [482.07867431640625, 558.4415893554688], [442.1642150878906, 573.8269653320312], [702.650634765625, 592.99267578125]]",425377792,410910720,425377792,640,yolo26m_int8_640_ncnn_model,MOT17-02
239,370.7156349996694,0.0,9,"[2, 3, 37, 142, 147, 172, 201, 137, 190]","[[942.5, 422.2097473144531, 1072.0643310546875, 845.1495971679688], [786.3001098632812, 394.8319091796875, 1047.00732421875, 998.1743774414062], [1150.3907470703125, 438.925048828125, 1283.6900634765625, 801.5029907226562], [510.0453186035156, 447.81219482421875, 545.3903198242188, 555.2034301757812], [630.2942504882812, 450.1543273925781, 694.7735595703125, 631.8801879882812], [459.1608581542969, 443.8256530761719, 500.14013671875, 558.532958984375], [1239.2435302734375, 432.45001220703125, 1317.9564208984375, 750.4500122070312], [417.6347961425781, 464.8448791503906, 463.53802490234375, 573.427001953125], [679.7651977539062, 481.21624755859375, 728.9445190429688, 595.6026000976562]]","[0.640625, 0.83740234375, 0.77587890625, 0.404541015625, 0.74658203125, 0.334716796875, 0.4375, 0.3037109375, 0.266845703125]","[[1007.2821655273438, 845.1495971679688], [916.6537170410156, 998.1743774414062], [1217.0404052734375, 801.5029907226562], [527.7178192138672, 555.2034301757812], [662.5339050292969, 631.8801879882812], [479.65049743652344, 558.532958984375], [1278.5999755859375, 750.4500122070312], [440.58641052246094, 573.427001953125], [704.3548583984375, 595.6026000976562]]",425377792,410910720,425377792,640,yolo26m_int8_640_ncnn_model,MOT17-02
240,389.6238249999442,0.0,9,"[2, 3, 37, 142, 147, 172, 201, 137, 191]","[[949.3125610351562, 423.2789611816406, 1074.468994140625, 837.0258178710938], [792.9866333007812, 399.9938049316406, 1050.4827880859375, 998.901611328125], [1151.832763671875, 436.0138854980469, 1284.56982421875, 801.8641967773438], [509.57806396484375, 447.4559020996094, 546.1651000976562, 558.6627197265625], [631.7459716796875, 447.3653869628906, 697.912109375, 632.2467651367188], [461.3486022949219, 443.0960388183594, 502.62518310546875, 558.8289184570312], [1241.7369384765625, 430.9469909667969, 1320.31884765625, 748.947021484375], [416.9247131347656, 463.00042724609375, 462.1548767089844, 572.7945556640625], [1066.71728515625, 444.6446533203125, 1125.1385498046875, 594.2430419921875]]","[0.572265625, 0.83642578125, 0.74755859375, 0.40625, 0.72314453125, 0.3115234375, 0.53564453125, 0.28857421875, 0.259033203125]","[[1011.8907775878906, 837.0258178710938], [921.7347106933594, 998.901611328125], [1218.2012939453125, 801.8641967773438], [527.87158203125, 558.6627197265625], [664.8290405273438, 632.2467651367188], [481.9868927001953, 558.8289184570312], [1281.0278930664062, 748.947021484375], [439.539794921875, 572.7945556640625], [1095.9279174804688, 594.2430419921875]]",425377792,410910720,425377792,640,yolo26m_int8_640_ncnn_model,MOT17-02
241,368.2303220002723,0.0,10,"[2, 3, 37, 142, 147, 172, 201, 137, 187, 190]","[[953.1813354492188, 424.7083435058594, 1076.77783203125, 840.9597778320312], [801.3256225585938, 404.27691650390625, 1053.649658203125, 995.9407958984375], [1157.256103515625, 437.87249755859375, 1287.5924072265625, 800.9722900390625], [509.6525573730469, 447.0836486816406, 546.2091064453125, 558.239501953125], [634.0845947265625, 446.8141784667969, 701.5779418945312, 632.8635864257812], [463.6614685058594, 444.0652160644531, 504.5925598144531, 559.6878662109375], [1245.52392578125, 431.31951904296875, 1323.99169921875, 749.903076171875], [416.83624267578125, 463.0635681152344, 461.5169677734375, 573.794921875], [719.2543334960938, 427.06182861328125, 935.5074462890625, 845.3534545898438], [681.1809692382812, 480.6883239746094, 730.6880493164062, 596.0186157226562]]","[0.54052734375, 0.82861328125, 0.66650390625, 0.4169921875, 0.74755859375, 0.294189453125, 0.51416015625, 0.32275390625, 0.568359375, 0.255126953125]","[[1014.9795837402344, 840.9597778320312], [927.4876403808594, 995.9407958984375], [1222.4242553710938, 800.9722900390625], [527.9308319091797, 558.239501953125], [667.8312683105469, 632.8635864257812], [484.12701416015625, 559.6878662109375], [1284.7578125, 749.903076171875], [439.1766052246094, 573.794921875], [827.3808898925781, 845.3534545898438], [705.9345092773438, 596.0186157226562]]",425377792,410910720,425377792,640,yolo26m_int8_640_ncnn_model,MOT17-02
242,373.3790780001982,0.0,8,"[2, 3, 37, 142, 147, 201, 187, 191]","[[958.1131591796875, 424.7519226074219, 1080.8543701171875, 842.9343872070312], [808.5465698242188, 406.4224853515625, 1058.4205322265625, 998.2782592773438], [1168.4764404296875, 435.38836669921875, 1297.0723876953125, 800.8285522460938], [510.8754577636719, 450.89984130859375, 546.026123046875, 557.0869140625], [635.4931030273438, 451.0514221191406, 702.3070678710938, 632.5963134765625], [1249.087646484375, 430.6357116699219, 1327.114501953125, 748.83935546875], [721.0347900390625, 434.4242248535156, 937.7661743164062, 871.374755859375], [1067.1732177734375, 439.90155029296875, 1127.294189453125, 594.724853515625]]","[0.60791015625, 0.81591796875, 0.728515625, 0.454345703125, 0.74462890625, 0.4453125, 0.615234375, 0.359130859375]","[[1019.4837646484375, 842.9343872070312], [933.4835510253906, 998.2782592773438], [1232.7744140625, 800.8285522460938], [528.4507904052734, 557.0869140625], [668.9000854492188, 632.5963134765625], [1288.10107421875, 748.83935546875], [829.4004821777344, 871.374755859375], [1097.2337036132812, 594.724853515625]]",425377792,410910720,425377792,640,yolo26m_int8_640_ncnn_model,MOT17-02
243,370.74359899997944,0.0,9,"[2, 3, 37, 142, 147, 201, 187, 210, 191]","[[962.1683959960938, 430.9679260253906, 1081.91357421875, 845.4246826171875], [812.3817138671875, 403.019287109375, 1060.7728271484375, 1002.3657836914062], [1176.195556640625, 438.9021301269531, 1300.8038330078125, 799.2627563476562], [511.3291015625, 454.1387634277344, 545.9775390625, 557.9049072265625], [636.8820190429688, 456.4503479003906, 702.5166625976562, 632.7234497070312], [1251.673095703125, 429.0682373046875, 1329.7529296875, 749.85302734375], [721.6006469726562, 434.61334228515625, 933.0577392578125, 879.8197631835938], [1121.487548828125, 446.7749938964844, 1147.7125244140625, 545.0250244140625], [1069.6605224609375, 443.01434326171875, 1128.2769775390625, 594.7733764648438]]","[0.476806640625, 0.796875, 0.78662109375, 0.533203125, 0.7802734375, 0.501953125, 0.65283203125, 0.38427734375, 0.287109375]","[[1022.0409851074219, 845.4246826171875], [936.5772705078125, 1002.3657836914062], [1238.4996948242188, 799.2627563476562], [528.6533203125, 557.9049072265625], [669.6993408203125, 632.7234497070312], [1290.7130126953125, 749.85302734375], [827.3291931152344, 879.8197631835938], [1134.6000366210938, 545.0250244140625], [1098.96875, 594.7733764648438]]",425377792,410910720,425377792,640,yolo26m_int8_640_ncnn_model,MOT17-02
244,385.4970150000554,0.0,9,"[2, 3, 37, 142, 147, 201, 187, 210, 137]","[[968.5618286132812, 429.34759521484375, 1087.10546875, 848.3621826171875], [818.352294921875, 398.7832336425781, 1064.737060546875, 1004.8717651367188], [1183.7369384765625, 434.30279541015625, 1307.1483154296875, 796.6408081054688], [511.27069091796875, 453.8058166503906, 546.1835327148438, 557.7058715820312], [637.3173828125, 459.991943359375, 702.4967041015625, 633.2579345703125], [1255.29638671875, 422.7518615722656, 1335.0714111328125, 756.013916015625], [726.48095703125, 434.2054138183594, 932.48974609375, 884.7188110351562], [1120.9371337890625, 445.1990966796875, 1147.3289794921875, 544.0327758789062], [414.7005615234375, 460.9748840332031, 459.5406494140625, 573.9010620117188]]","[0.346435546875, 0.77734375, 0.7685546875, 0.446044921875, 0.7529296875, 0.337646484375, 0.673828125, 0.297607421875, 0.303955078125]","[[1027.8336486816406, 848.3621826171875], [941.544677734375, 1004.8717651367188], [1245.442626953125, 796.6408081054688], [528.7271118164062, 557.7058715820312], [669.9070434570312, 633.2579345703125], [1295.1838989257812, 756.013916015625], [829.4853515625, 884.7188110351562], [1134.133056640625, 544.0327758789062], [437.12060546875, 573.9010620117188]]",425377792,410910720,425377792,640,yolo26m_int8_640_ncnn_model,MOT17-02
245,370.21950799999104,0.0,8,"[2, 3, 37, 142, 147, 201, 187, 137]","[[978.6005859375, 432.1873779296875, 1093.025634765625, 846.9782104492188], [827.6029663085938, 394.725830078125, 1074.7164306640625, 1018.1008911132812], [1189.316162109375, 431.8476867675781, 1312.3685302734375, 800.3391723632812], [511.4721374511719, 454.6648254394531, 546.034423828125, 556.63623046875], [637.9711303710938, 463.54266357421875, 702.8482055664062, 634.1949462890625], [1259.2415771484375, 419.2706298828125, 1338.194580078125, 755.3851318359375], [732.5198974609375, 439.3510437011719, 930.8124389648438, 887.2160034179688], [415.1285400390625, 462.0188293457031, 458.7405090332031, 574.7092895507812]]","[0.42529296875, 0.7392578125, 0.77685546875, 0.4580078125, 0.78125, 0.313232421875, 0.64697265625, 0.2705078125]","[[1035.8131103515625, 846.9782104492188], [951.1596984863281, 1018.1008911132812], [1250.8423461914062, 800.3391723632812], [528.7532806396484, 556.63623046875], [670.40966796875, 634.1949462890625], [1298.7180786132812, 755.3851318359375], [831.6661682128906, 887.2160034179688], [436.9345245361328, 574.7092895507812]]",425377792,410910720,425377792,640,yolo26m_int8_640_ncnn_model,MOT17-02
246,369.73769299993364,0.0,9,"[2, 3, 37, 142, 147, 201, 187, 137, 172]","[[987.2730712890625, 432.2593688964844, 1100.0455322265625, 848.4195556640625], [838.5494384765625, 395.8995666503906, 1080.5655517578125, 1023.320068359375], [1195.862548828125, 435.36529541015625, 1315.4617919921875, 799.2667236328125], [511.46575927734375, 454.96746826171875, 546.0574951171875, 556.2369384765625], [637.1954956054688, 461.5810546875, 703.3532104492188, 634.7806396484375], [1266.1026611328125, 417.8065185546875, 1343.8226318359375, 753.3126831054688], [742.4544677734375, 442.3612976074219, 932.7769165039062, 884.658935546875], [415.575927734375, 464.12274169921875, 458.179931640625, 575.2423706054688], [466.59954833984375, 443.9325256347656, 507.4203796386719, 562.1857299804688]]","[0.441650390625, 0.7470703125, 0.76708984375, 0.44873046875, 0.7802734375, 0.345458984375, 0.58837890625, 0.466796875, 0.32470703125]","[[1043.6593017578125, 848.4195556640625], [959.5574951171875, 1023.320068359375], [1255.6621704101562, 799.2667236328125], [528.7616271972656, 556.2369384765625], [670.2743530273438, 634.7806396484375], [1304.962646484375, 753.3126831054688], [837.6156921386719, 884.658935546875], [436.8779296875, 575.2423706054688], [487.0099639892578, 562.1857299804688]]",425377792,410910720,425377792,640,yolo26m_int8_640_ncnn_model,MOT17-02
247,369.0220280000176,0.0,9,"[2, 3, 37, 142, 147, 187, 137, 172, 210]","[[990.732666015625, 431.5227966308594, 1102.155029296875, 849.69091796875], [850.4014892578125, 395.66265869140625, 1086.594970703125, 1025.978759765625], [1204.587158203125, 436.7529602050781, 1323.865234375, 798.825927734375], [509.63519287109375, 452.80731201171875, 543.885009765625, 553.3412475585938], [638.1936645507812, 459.0965270996094, 705.6271362304688, 634.7371215820312], [749.2865600585938, 441.87164306640625, 937.142333984375, 889.3305053710938], [415.8258361816406, 461.4453125, 458.9407043457031, 574.9533081054688], [465.7995300292969, 442.6683349609375, 506.8524169921875, 562.6982421875], [1121.2071533203125, 444.30584716796875, 1148.1370849609375, 545.4254760742188]]","[0.345947265625, 0.67822265625, 0.76611328125, 0.44482421875, 0.728515625, 0.728515625, 0.546875, 0.5087890625, 0.25927734375]","[[1046.44384765625, 849.69091796875], [968.4982299804688, 1025.978759765625], [1264.2261962890625, 798.825927734375], [526.7601013183594, 553.3412475585938], [671.910400390625, 634.7371215820312], [843.2144470214844, 889.3305053710938], [437.3832702636719, 574.9533081054688], [486.3259735107422, 562.6982421875], [1134.672119140625, 545.4254760742188]]",425377792,410910720,425377792,640,yolo26m_int8_640_ncnn_model,MOT17-02
248,383.67092499993305,0.0,9,"[2, 3, 37, 142, 147, 187, 137, 172, 190]","[[996.6583862304688, 431.22650146484375, 1106.8984375, 848.1743774414062], [850.4020385742188, 401.5029602050781, 1081.2403564453125, 1034.760986328125], [1215.4107666015625, 433.3158874511719, 1337.9468994140625, 800.6290283203125], [509.0546569824219, 452.23712158203125, 543.9779663085938, 555.0275268554688], [638.1633911132812, 458.1363220214844, 705.799560546875, 633.7178955078125], [752.8184814453125, 441.6534118652344, 937.8301391601562, 892.5514526367188], [415.88543701171875, 462.4206848144531, 458.3089599609375, 574.8496704101562], [464.6543273925781, 440.5146484375, 506.0556945800781, 562.6259155273438], [688.2472534179688, 486.71575927734375, 735.0327758789062, 598.6500854492188]]","[0.259521484375, 0.6572265625, 0.787109375, 0.439208984375, 0.73974609375, 0.7509765625, 0.55712890625, 0.49462890625, 0.30322265625]","[[1051.7784118652344, 848.1743774414062], [965.8211975097656, 1034.760986328125], [1276.6788330078125, 800.6290283203125], [526.5163116455078, 555.0275268554688], [671.9814758300781, 633.7178955078125], [845.3243103027344, 892.5514526367188], [437.0971984863281, 574.8496704101562], [485.3550109863281, 562.6259155273438], [711.6400146484375, 598.6500854492188]]",425377792,410910720,425377792,640,yolo26m_int8_640_ncnn_model,MOT17-02
249,369.17012000003524,0.0,8,"[3, 37, 142, 147, 187, 137, 172, 190]","[[863.107421875, 405.7208557128906, 1088.718505859375, 1038.99072265625], [1228.4632568359375, 434.99102783203125, 1354.5594482421875, 802.2777709960938], [509.1034851074219, 452.2698974609375, 543.76123046875, 554.4269409179688], [638.131103515625, 455.77752685546875, 706.2589111328125, 633.3148193359375], [756.7800903320312, 440.8194274902344, 938.1699829101562, 892.9513549804688], [415.6488037109375, 463.3074951171875, 457.38641357421875, 574.3209838867188], [464.7611999511719, 440.6900329589844, 505.7109069824219, 562.5936889648438], [688.7210693359375, 486.33941650390625, 735.1282958984375, 599.634521484375]]","[0.505859375, 0.79736328125, 0.417236328125, 0.68017578125, 0.7626953125, 0.57275390625, 0.465576171875, 0.365966796875]","[[975.9129638671875, 1038.99072265625], [1291.5113525390625, 802.2777709960938], [526.4323577880859, 554.4269409179688], [672.1950073242188, 633.3148193359375], [847.4750366210938, 892.9513549804688], [436.5176086425781, 574.3209838867188], [485.2360534667969, 562.5936889648438], [711.9246826171875, 599.634521484375]]",425377792,410910720,425377792,640,yolo26m_int8_640_ncnn_model,MOT17-02
250,370.43350899966754,0.0,7,"[3, 37, 142, 147, 187, 137, 172]","[[865.8367309570312, 404.86737060546875, 1086.419921875, 1039.985107421875], [1237.75634765625, 433.67254638671875, 1369.9168701171875, 804.863525390625], [509.45758056640625, 445.5572509765625, 546.8480224609375, 555.9523315429688], [640.4775390625, 452.9134216308594, 709.4115600585938, 634.1431884765625], [762.1173095703125, 439.7388000488281, 939.091064453125, 892.2283935546875], [414.2643737792969, 461.41107177734375, 456.3875732421875, 574.3765258789062], [464.3757629394531, 442.7454833984375, 504.5385437011719, 562.5753784179688]]","[0.64208984375, 0.7724609375, 0.385498046875, 0.70458984375, 0.7724609375, 0.52685546875, 0.37255859375]","[[976.1283264160156, 1039.985107421875], [1303.8366088867188, 804.863525390625], [528.1528015136719, 555.9523315429688], [674.9445495605469, 634.1431884765625], [850.6041870117188, 892.2283935546875], [435.3259735107422, 574.3765258789062], [484.4571533203125, 562.5753784179688]]",425377792,410910720,425377792,640,yolo26m_int8_640_ncnn_model,MOT17-02
251,369.0485649999573,0.0,7,"[3, 37, 142, 147, 187, 137, 172]","[[875.9736328125, 405.02496337890625, 1091.8372802734375, 1041.719482421875], [1243.13232421875, 436.13983154296875, 1381.2293701171875, 806.802001953125], [510.1792907714844, 447.9200134277344, 547.8697509765625, 559.403564453125], [644.1332397460938, 453.06219482421875, 712.6634521484375, 635.1876831054688], [768.57421875, 439.0480651855469, 941.6102294921875, 890.6286010742188], [413.82763671875, 461.4494323730469, 455.47821044921875, 573.6634521484375], [463.82025146484375, 442.79833984375, 504.0162658691406, 562.3145751953125]]","[0.70361328125, 0.732421875, 0.38037109375, 0.69970703125, 0.76513671875, 0.56005859375, 0.53564453125]","[[983.9054565429688, 1041.719482421875], [1312.1808471679688, 806.802001953125], [529.0245208740234, 559.403564453125], [678.3983459472656, 635.1876831054688], [855.0922241210938, 890.6286010742188], [434.6529235839844, 573.6634521484375], [483.9182586669922, 562.3145751953125]]",425377792,410910720,425377792,640,yolo26m_int8_640_ncnn_model,MOT17-02
252,386.4680909996423,0.0,7,"[3, 37, 142, 147, 187, 137, 172]","[[886.56494140625, 403.1052551269531, 1099.617919921875, 1041.27734375], [1247.0902099609375, 437.0951232910156, 1390.9190673828125, 807.5069580078125], [510.2416076660156, 446.9425048828125, 548.5010986328125, 560.78466796875], [647.2662353515625, 453.13702392578125, 714.5323486328125, 633.6101684570312], [776.4871826171875, 438.27325439453125, 945.6898803710938, 889.9373779296875], [412.4561767578125, 461.22906494140625, 453.909423828125, 573.645751953125], [462.99237060546875, 442.8213806152344, 503.4649353027344, 562.2134399414062]]","[0.6708984375, 0.7685546875, 0.418212890625, 0.6748046875, 0.74072265625, 0.5625, 0.38330078125]","[[993.0914306640625, 1041.27734375], [1319.004638671875, 807.5069580078125], [529.3713531494141, 560.78466796875], [680.8992919921875, 633.6101684570312], [861.0885314941406, 889.9373779296875], [433.18280029296875, 573.645751953125], [483.22865295410156, 562.2134399414062]]",425377792,410910720,425377792,640,yolo26m_int8_640_ncnn_model,MOT17-02
253,372.06161999984033,0.0,7,"[3, 37, 142, 147, 187, 137, 172]","[[896.8402099609375, 406.0690002441406, 1108.76123046875, 1046.17919921875], [1248.946044921875, 433.5020446777344, 1400.5623779296875, 809.7158203125], [509.0589599609375, 438.05224609375, 549.942138671875, 561.0603637695312], [648.954345703125, 454.6673278808594, 715.1142578125, 633.490966796875], [778.0343017578125, 432.60516357421875, 944.6513061523438, 888.701171875], [412.6486511230469, 462.1457214355469, 453.64776611328125, 573.64697265625], [462.9543762207031, 445.3102111816406, 503.00201416015625, 561.6773681640625]]","[0.72509765625, 0.7890625, 0.55615234375, 0.7060546875, 0.7138671875, 0.55224609375, 0.296875]","[[1002.8007202148438, 1046.17919921875], [1324.7542114257812, 809.7158203125], [529.5005493164062, 561.0603637695312], [682.0343017578125, 633.490966796875], [861.3428039550781, 888.701171875], [433.14820861816406, 573.64697265625], [482.9781951904297, 561.6773681640625]]",425377792,410910720,425377792,640,yolo26m_int8_640_ncnn_model,MOT17-02
254,368.76315900008194,0.0,7,"[3, 37, 142, 147, 187, 137, 172]","[[907.1442260742188, 405.219970703125, 1118.238037109375, 1045.9683837890625], [1248.439453125, 430.4299621582031, 1407.859130859375, 814.20361328125], [509.5906677246094, 440.4078674316406, 549.5048217773438, 561.1596069335938], [650.4401245117188, 453.2707824707031, 716.3391723632812, 633.4420166015625], [781.581298828125, 435.02581787109375, 942.9969482421875, 887.0946655273438], [411.4190673828125, 461.5089111328125, 452.42498779296875, 573.655517578125], [462.4018859863281, 444.255615234375, 502.891357421875, 561.4714965820312]]","[0.76708984375, 0.81982421875, 0.49609375, 0.673828125, 0.71142578125, 0.60302734375, 0.323486328125]","[[1012.6911315917969, 1045.9683837890625], [1328.1492919921875, 814.20361328125], [529.5477447509766, 561.1596069335938], [683.3896484375, 633.4420166015625], [862.2891235351562, 887.0946655273438], [431.9220275878906, 573.655517578125], [482.64662170410156, 561.4714965820312]]",425377792,410910720,425377792,640,yolo26m_int8_640_ncnn_model,MOT17-02
255,400.9075449998818,0.0,7,"[3, 37, 142, 147, 187, 137, 222]","[[917.226806640625, 399.2093505859375, 1128.048095703125, 1043.5599365234375], [1246.64111328125, 430.9871826171875, 1411.7423095703125, 818.0784912109375], [511.0341796875, 446.0951232910156, 549.0631103515625, 561.422119140625], [652.0557250976562, 453.9879150390625, 717.1133422851562, 634.161865234375], [788.001220703125, 432.0616149902344, 946.8291625976562, 886.0147094726562], [410.13861083984375, 464.7390441894531, 450.3580322265625, 574.159423828125], [1825.85302734375, 407.0249938964844, 1911.546875, 783.375]]","[0.8408203125, 0.8310546875, 0.431640625, 0.6416015625, 0.71728515625, 0.6044921875, 0.62890625]","[[1022.637451171875, 1043.5599365234375], [1329.1917114257812, 818.0784912109375], [530.0486450195312, 561.422119140625], [684.5845336914062, 634.161865234375], [867.4151916503906, 886.0147094726562], [430.2483215332031, 574.159423828125], [1868.699951171875, 783.375]]",425377792,410910720,425377792,640,yolo26m_int8_640_ncnn_model,MOT17-02
256,381.9945400000506,0.0,8,"[3, 37, 142, 147, 187, 137, 222, 172]","[[922.1927490234375, 398.65673828125, 1132.1240234375, 1042.8067626953125], [1244.6502685546875, 432.4530944824219, 1413.99072265625, 820.2476806640625], [511.5787658691406, 448.5823974609375, 548.3938598632812, 560.2598266601562], [654.3656616210938, 456.0019836425781, 718.5538330078125, 634.6795654296875], [791.4154052734375, 430.6854248046875, 948.0978393554688, 887.4839477539062], [409.17401123046875, 467.2284851074219, 449.11529541015625, 575.1093139648438], [1818.1951904296875, 400.72955322265625, 1906.7215576171875, 786.8724975585938], [463.0632019042969, 448.46466064453125, 502.524169921875, 563.7337036132812]]","[0.82568359375, 0.8291015625, 0.488525390625, 0.64990234375, 0.70703125, 0.6181640625, 0.73486328125, 0.3564453125]","[[1027.1583862304688, 1042.8067626953125], [1329.3204956054688, 820.2476806640625], [529.9863128662109, 560.2598266601562], [686.4597473144531, 634.6795654296875], [869.7566223144531, 887.4839477539062], [429.1446533203125, 575.1093139648438], [1862.4583740234375, 786.8724975585938], [482.79368591308594, 563.7337036132812]]",425377792,410910720,425377792,640,yolo26m_int8_640_ncnn_model,MOT17-02
257,368.5049010000512,0.0,8,"[3, 37, 142, 147, 187, 137, 222, 172]","[[927.9888305664062, 400.1947937011719, 1137.146728515625, 1041.70263671875], [1245.25048828125, 433.7714538574219, 1417.91748046875, 822.2421875], [511.6904602050781, 451.0159912109375, 547.7241821289062, 560.3164672851562], [659.0817260742188, 455.2808837890625, 724.0701904296875, 634.3732299804688], [798.0341186523438, 431.63665771484375, 953.802001953125, 894.1094360351562], [408.57470703125, 468.1432189941406, 448.4577331542969, 575.4642333984375], [1815.103515625, 399.0731201171875, 1904.3175048828125, 784.083740234375], [464.13555908203125, 448.89080810546875, 503.1286926269531, 562.721435546875]]","[0.8095703125, 0.8125, 0.57666015625, 0.67041015625, 0.732421875, 0.65185546875, 0.779296875, 0.43359375]","[[1032.5677795410156, 1041.70263671875], [1331.583984375, 822.2421875], [529.7073211669922, 560.3164672851562], [691.5759582519531, 634.3732299804688], [875.9180603027344, 894.1094360351562], [428.51622009277344, 575.4642333984375], [1859.7105102539062, 784.083740234375], [483.6321258544922, 562.721435546875]]",425377792,410910720,425377792,640,yolo26m_int8_640_ncnn_model,MOT17-02
258,372.5000839999666,0.0,9,"[3, 37, 142, 147, 187, 137, 222, 172, 176]","[[934.0660400390625, 397.330810546875, 1140.6026611328125, 1035.7725830078125], [1249.2423095703125, 433.2984313964844, 1424.089599609375, 821.9507446289062], [512.1843872070312, 454.1692199707031, 547.0138549804688, 559.0792846679688], [660.0055541992188, 450.7987060546875, 727.3613891601562, 635.4904174804688], [800.0859375, 432.5049743652344, 957.2321166992188, 907.6213989257812], [407.25262451171875, 464.72235107421875, 448.8760070800781, 576.34326171875], [1811.224365234375, 395.12896728515625, 1902.29541015625, 782.196533203125], [465.4593200683594, 452.53973388671875, 502.9001770019531, 560.8593139648438], [1103.3387451171875, 442.5556945800781, 1160.1815185546875, 553.5029907226562]]","[0.759765625, 0.82177734375, 0.4931640625, 0.73095703125, 0.74658203125, 0.60302734375, 0.76806640625, 0.30126953125, 0.417236328125]","[[1037.3343505859375, 1035.7725830078125], [1336.6659545898438, 821.9507446289062], [529.59912109375, 559.0792846679688], [693.6834716796875, 635.4904174804688], [878.6590270996094, 907.6213989257812], [428.06431579589844, 576.34326171875], [1856.7598876953125, 782.196533203125], [484.17974853515625, 560.8593139648438], [1131.7601318359375, 553.5029907226562]]",425377792,410910720,425377792,640,yolo26m_int8_640_ncnn_model,MOT17-02
259,369.8515679998309,0.0,11,"[3, 37, 142, 147, 187, 137, 222, 172, 227, 176, 168]","[[931.6357421875, 398.4923400878906, 1136.2257080078125, 1037.2012939453125], [1252.940673828125, 437.3161315917969, 1427.79345703125, 822.5142822265625], [512.2670288085938, 455.5885925292969, 546.8416748046875, 559.3677368164062], [662.0228881835938, 454.50592041015625, 728.7731323242188, 635.41552734375], [801.379638671875, 433.0895690917969, 957.825927734375, 915.2450561523438], [406.1551818847656, 465.9013366699219, 447.7160949707031, 576.175537109375], [1803.8780517578125, 398.15899658203125, 1896.716064453125, 782.6215209960938], [467.40087890625, 453.8786315917969, 504.4268798828125, 560.1580200195312], [729.6297607421875, 480.29998779296875, 780.4202270507812, 594.0], [1104.8804931640625, 442.4783935546875, 1161.8853759765625, 553.68359375], [1282.7127685546875, 438.4085388183594, 1327.27587890625, 551.6204223632812]]","[0.6904296875, 0.78955078125, 0.4638671875, 0.72119140625, 0.751953125, 0.58203125, 0.77294921875, 0.30322265625, 0.33056640625, 0.38037109375, 0.32373046875]","[[1033.9307250976562, 1037.2012939453125], [1340.3670654296875, 822.5142822265625], [529.5543518066406, 559.3677368164062], [695.3980102539062, 635.41552734375], [879.602783203125, 915.2450561523438], [426.9356384277344, 576.175537109375], [1850.2970581054688, 782.6215209960938], [485.91387939453125, 560.1580200195312], [755.0249938964844, 594.0], [1133.3829345703125, 553.68359375], [1304.9943237304688, 551.6204223632812]]",425377792,410910720,425377792,640,yolo26m_int8_640_ncnn_model,MOT17-02
260,398.19691999991846,0.0,10,"[3, 37, 142, 147, 187, 137, 222, 172, 227, 176]","[[933.551513671875, 399.69183349609375, 1136.25537109375, 1037.9639892578125], [1258.9337158203125, 435.1341552734375, 1435.0772705078125, 823.4087524414062], [512.6551513671875, 456.0848083496094, 547.4219360351562, 559.471923828125], [665.0733032226562, 454.2345275878906, 731.8216552734375, 635.1254272460938], [802.7197875976562, 434.2968444824219, 957.9318237304688, 922.7713012695312], [405.2413024902344, 467.1022033691406, 446.8385925292969, 576.3504028320312], [1788.9549560546875, 399.3631286621094, 1885.353271484375, 781.748779296875], [464.5579528808594, 451.8056335449219, 502.4543762207031, 560.4146728515625], [729.26318359375, 479.49346923828125, 781.1324462890625, 595.7283325195312], [1103.4383544921875, 441.47088623046875, 1160.50146484375, 552.7516479492188]]","[0.73876953125, 0.779296875, 0.5009765625, 0.76611328125, 0.7431640625, 0.62939453125, 0.7626953125, 0.28564453125, 0.318115234375, 0.404052734375]","[[1034.9034423828125, 1037.9639892578125], [1347.0054931640625, 823.4087524414062], [530.0385437011719, 559.471923828125], [698.4474792480469, 635.1254272460938], [880.3258056640625, 922.7713012695312], [426.0399475097656, 576.3504028320312], [1837.1541137695312, 781.748779296875], [483.50616455078125, 560.4146728515625], [755.1978149414062, 595.7283325195312], [1131.9699096679688, 552.7516479492188]]",425377792,410910720,425377792,640,yolo26m_int8_640_ncnn_model,MOT17-02
261,369.41082800012737,0.0,9,"[3, 37, 142, 147, 187, 137, 222, 172, 176]","[[932.4429931640625, 401.8921813964844, 1132.7547607421875, 1037.4825439453125], [1266.6209716796875, 432.0889587402344, 1441.89306640625, 822.9578247070312], [511.7578125, 455.7421875, 547.1696166992188, 560.0095825195312], [667.3432006835938, 454.3829345703125, 734.6666259765625, 636.7444458007812], [803.0309448242188, 435.98455810546875, 956.0032958984375, 927.0975341796875], [403.5737609863281, 467.0482177734375, 445.4088134765625, 574.9179077148438], [1770.6873779296875, 399.5993347167969, 1873.37841796875, 781.7095947265625], [462.3546447753906, 444.3200378417969, 502.9029846191406, 561.2579345703125], [1106.5865478515625, 442.5714416503906, 1163.0296630859375, 553.85546875]]","[0.822265625, 0.775390625, 0.43310546875, 0.72705078125, 0.74169921875, 0.619140625, 0.79052734375, 0.353515625, 0.3662109375]","[[1032.598876953125, 1037.4825439453125], [1354.2570190429688, 822.9578247070312], [529.4637145996094, 560.0095825195312], [701.0049133300781, 636.7444458007812], [879.5171203613281, 927.0975341796875], [424.4912872314453, 574.9179077148438], [1822.0328979492188, 781.7095947265625], [482.6288146972656, 561.2579345703125], [1134.80810546875, 553.85546875]]",425377792,410910720,425377792,640,yolo26m_int8_640_ncnn_model,MOT17-02
262,369.22293900033765,0.0,9,"[3, 37, 142, 147, 187, 137, 222, 172, 176]","[[930.04833984375, 402.23388671875, 1131.059814453125, 1045.7091064453125], [1276.791748046875, 430.9336853027344, 1449.6474609375, 823.7218627929688], [511.5538635253906, 454.8460388183594, 547.4380493164062, 559.9580688476562], [666.670166015625, 454.1945495605469, 735.14599609375, 639.56884765625], [805.7350463867188, 439.566650390625, 956.3577270507812, 931.3975830078125], [402.3869934082031, 466.517578125, 445.0025634765625, 574.8753051757812], [1748.119384765625, 408.4103698730469, 1857.3712158203125, 781.2018432617188], [460.4418640136719, 445.6507568359375, 501.2666015625, 563.265869140625], [1107.383544921875, 438.7886047363281, 1164.2686767578125, 553.518310546875]]","[0.80517578125, 0.78466796875, 0.51025390625, 0.72216796875, 0.71875, 0.5693359375, 0.82470703125, 0.38427734375, 0.349365234375]","[[1030.5540771484375, 1045.7091064453125], [1363.2196044921875, 823.7218627929688], [529.4959564208984, 559.9580688476562], [700.9080810546875, 639.56884765625], [881.04638671875, 931.3975830078125], [423.6947784423828, 574.8753051757812], [1802.7453002929688, 781.2018432617188], [480.85423278808594, 563.265869140625], [1135.8261108398438, 553.518310546875]]",425377792,410910720,425377792,640,yolo26m_int8_640_ncnn_model,MOT17-02
263,375.9367499997097,0.0,10,"[3, 37, 142, 147, 187, 137, 222, 172, 176, 168]","[[931.6317138671875, 402.113037109375, 1131.64111328125, 1049.0164794921875], [1288.7686767578125, 426.809814453125, 1457.8695068359375, 821.7496948242188], [510.589111328125, 454.2419128417969, 546.935546875, 560.1828002929688], [667.4716796875, 451.91387939453125, 737.078857421875, 639.888671875], [806.5357666015625, 435.0594482421875, 955.561279296875, 928.8457641601562], [401.49609375, 466.5606384277344, 444.36920166015625, 573.6201171875], [1735.1707763671875, 417.5909118652344, 1850.674072265625, 780.2637939453125], [459.83270263671875, 444.9751281738281, 500.48760986328125, 562.3455810546875], [1109.2568359375, 439.0851135253906, 1164.046630859375, 552.6458740234375], [1296.706298828125, 442.29437255859375, 1338.9718017578125, 550.2796020507812]]","[0.80419921875, 0.70849609375, 0.52734375, 0.71728515625, 0.73486328125, 0.481201171875, 0.8525390625, 0.462158203125, 0.35498046875, 0.3037109375]","[[1031.6364135742188, 1049.0164794921875], [1373.319091796875, 821.7496948242188], [528.7623291015625, 560.1828002929688], [702.2752685546875, 639.888671875], [881.0485229492188, 928.8457641601562], [422.9326477050781, 573.6201171875], [1792.9224243164062, 780.2637939453125], [480.16015625, 562.3455810546875], [1136.6517333984375, 552.6458740234375], [1317.8390502929688, 550.2796020507812]]",425377792,410910720,425377792,640,yolo26m_int8_640_ncnn_model,MOT17-02
264,381.057580000288,0.0,11,"[3, 37, 142, 147, 187, 137, 222, 172, 176, 168, 227]","[[934.7838134765625, 404.7784423828125, 1132.024169921875, 1049.4786376953125], [1303.0477294921875, 422.796630859375, 1467.5767822265625, 819.4816284179688], [510.6771545410156, 454.9923095703125, 546.7890014648438, 559.2728881835938], [670.3432006835938, 452.76458740234375, 740.023193359375, 641.2168579101562], [809.3740844726562, 435.52093505859375, 956.4691772460938, 928.343017578125], [401.1282958984375, 466.8194580078125, 443.7391662597656, 571.9004516601562], [1725.2200927734375, 415.5115051269531, 1850.2176513671875, 778.1465454101562], [460.31500244140625, 447.9338684082031, 500.4926452636719, 563.7120361328125], [1111.60400390625, 440.21441650390625, 1164.1673583984375, 551.2996826171875], [1299.24072265625, 443.5941467285156, 1338.8096923828125, 548.2640991210938], [730.9243774414062, 479.98980712890625, 782.4712524414062, 595.5704956054688]]","[0.7841796875, 0.71142578125, 0.52392578125, 0.6982421875, 0.732421875, 0.363037109375, 0.84619140625, 0.462158203125, 0.311279296875, 0.3330078125, 0.256591796875]","[[1033.4039916992188, 1049.4786376953125], [1385.312255859375, 819.4816284179688], [528.7330780029297, 559.2728881835938], [705.1831970214844, 641.2168579101562], [882.921630859375, 928.343017578125], [422.43373107910156, 571.9004516601562], [1787.7188720703125, 778.1465454101562], [480.40382385253906, 563.7120361328125], [1137.8856811523438, 551.2996826171875], [1319.0252075195312, 548.2640991210938], [756.6978149414062, 595.5704956054688]]",425377792,410910720,425377792,640,yolo26m_int8_640_ncnn_model,MOT17-02
265,370.60153199990964,0.0,10,"[3, 37, 142, 147, 187, 137, 222, 172, 176, 168]","[[936.6168212890625, 405.0449523925781, 1132.28173828125, 1048.3511962890625], [1315.0323486328125, 423.7674255371094, 1476.05859375, 824.0126342773438], [511.03411865234375, 455.01611328125, 547.4143676757812, 559.1722412109375], [671.79248046875, 455.3185119628906, 740.655517578125, 641.4571533203125], [807.5050048828125, 428.56768798828125, 954.6871337890625, 928.1528930664062], [400.94757080078125, 466.4087829589844, 444.1219787597656, 571.7662353515625], [1715.370361328125, 423.04815673828125, 1846.8248291015625, 776.135498046875], [460.4073486328125, 447.580322265625, 500.6202392578125, 563.7306518554688], [1112.4791259765625, 442.1570129394531, 1163.0966796875, 552.2774047851562], [1302.7271728515625, 442.230224609375, 1342.19091796875, 548.3767700195312]]","[0.80712890625, 0.74658203125, 0.60400390625, 0.69873046875, 0.72412109375, 0.331787109375, 0.83251953125, 0.358642578125, 0.382568359375, 0.27587890625]","[[1034.4492797851562, 1048.3511962890625], [1395.5454711914062, 824.0126342773438], [529.2242431640625, 559.1722412109375], [706.2239990234375, 641.4571533203125], [881.0960693359375, 928.1528930664062], [422.53477478027344, 571.7662353515625], [1781.0975952148438, 776.135498046875], [480.5137939453125, 563.7306518554688], [1137.7879028320312, 552.2774047851562], [1322.4590454101562, 548.3767700195312]]",425377792,410910720,425377792,640,yolo26m_int8_640_ncnn_model,MOT17-02
266,371.71734599996853,0.0,9,"[3, 37, 142, 147, 187, 222, 172, 176, 237]","[[938.7633666992188, 406.12298583984375, 1132.6885986328125, 1049.8519287109375], [1322.2044677734375, 424.9134216308594, 1480.0909423828125, 828.9104614257812], [511.10150146484375, 455.014404296875, 547.715576171875, 559.1351318359375], [672.028076171875, 456.79583740234375, 740.0572509765625, 641.0260620117188], [808.466796875, 425.6834411621094, 954.1604614257812, 924.2325439453125], [1708.9847412109375, 420.67950439453125, 1849.1529541015625, 773.3860473632812], [460.0029296875, 447.44671630859375, 500.1410827636719, 563.7302856445312], [1114.0999755859375, 442.1401672363281, 1163.2904052734375, 551.3942260742188], [1053.8846435546875, 434.1000061035156, 1131.915283203125, 597.2999877929688]]","[0.7919921875, 0.76708984375, 0.51708984375, 0.708984375, 0.74658203125, 0.81982421875, 0.328857421875, 0.45703125, 0.376220703125]","[[1035.7259826660156, 1049.8519287109375], [1401.147705078125, 828.9104614257812], [529.4085388183594, 559.1351318359375], [706.0426635742188, 641.0260620117188], [881.3136291503906, 924.2325439453125], [1779.06884765625, 773.3860473632812], [480.07200622558594, 563.7302856445312], [1138.6951904296875, 551.3942260742188], [1092.8999633789062, 597.2999877929688]]",425377792,410910720,425377792,640,yolo26m_int8_640_ncnn_model,MOT17-02
267,370.8740140000373,0.0,8,"[3, 37, 142, 147, 187, 222, 176, 237]","[[939.363525390625, 409.4866943359375, 1129.882568359375, 1047.4019775390625], [1330.8846435546875, 422.1871032714844, 1488.9132080078125, 835.9017944335938], [511.31103515625, 455.74932861328125, 548.1408081054688, 559.3704223632812], [674.175048828125, 454.6151123046875, 742.6000366210938, 641.5864868164062], [810.9149169921875, 433.4555969238281, 952.7202758789062, 925.4702758789062], [1695.9244384765625, 422.520263671875, 1841.131103515625, 769.6465454101562], [1115.9810791015625, 443.12994384765625, 1163.981689453125, 552.0548095703125], [1057.596435546875, 433.9249572753906, 1136.138671875, 597.9418334960938]]","[0.79248046875, 0.80517578125, 0.556640625, 0.662109375, 0.744140625, 0.7919921875, 0.46923828125, 0.3671875]","[[1034.623046875, 1047.4019775390625], [1409.89892578125, 835.9017944335938], [529.7259216308594, 559.3704223632812], [708.3875427246094, 641.5864868164062], [881.8175964355469, 925.4702758789062], [1768.5277709960938, 769.6465454101562], [1139.9813842773438, 552.0548095703125], [1096.8675537109375, 597.9418334960938]]",425377792,410910720,425377792,640,yolo26m_int8_640_ncnn_model,MOT17-02
268,384.6192460000566,0.0,10,"[3, 37, 142, 147, 187, 222, 176, 237, 137, 172]","[[943.7482299804688, 411.2384338378906, 1131.414794921875, 1043.939453125], [1341.76416015625, 426.3036804199219, 1496.935791015625, 836.3140258789062], [510.93310546875, 454.77130126953125, 547.7596435546875, 557.7172241210938], [675.9381103515625, 453.79559326171875, 744.45849609375, 641.781005859375], [813.64697265625, 436.4616394042969, 953.2102661132812, 926.7633666992188], [1682.195068359375, 419.8411865234375, 1827.4801025390625, 757.4354248046875], [1116.8382568359375, 443.25067138671875, 1163.9927978515625, 552.549560546875], [1059.878173828125, 435.03692626953125, 1138.78759765625, 599.3206176757812], [396.2958068847656, 463.9219970703125, 441.26812744140625, 573.9981689453125], [460.4759826660156, 447.69952392578125, 499.274169921875, 561.0811767578125]]","[0.73876953125, 0.79443359375, 0.459716796875, 0.6748046875, 0.74072265625, 0.82763671875, 0.429443359375, 0.371337890625, 0.343994140625, 0.425537109375]","[[1037.5815124511719, 1043.939453125], [1419.3499755859375, 836.3140258789062], [529.3463745117188, 557.7172241210938], [710.1983032226562, 641.781005859375], [883.4286193847656, 926.7633666992188], [1754.8375854492188, 757.4354248046875], [1140.41552734375, 552.549560546875], [1099.3328857421875, 599.3206176757812], [418.78196716308594, 573.9981689453125], [479.8750762939453, 561.0811767578125]]",425377792,410910720,425377792,640,yolo26m_int8_640_ncnn_model,MOT17-02
269,372.5238649999483,0.0,10,"[3, 37, 142, 147, 187, 222, 176, 237, 137, 172]","[[943.0047607421875, 408.3830261230469, 1130.2313232421875, 1045.0970458984375], [1356.7362060546875, 426.9544982910156, 1512.3138427734375, 835.3983154296875], [510.15057373046875, 455.1408996582031, 547.2567138671875, 558.3435668945312], [679.6663818359375, 452.9908142089844, 749.376220703125, 642.3294067382812], [811.996337890625, 437.3446960449219, 951.0220336914062, 932.309326171875], [1669.1629638671875, 417.506103515625, 1814.8775634765625, 752.240234375], [1119.9615478515625, 442.79522705078125, 1167.059326171875, 553.2274169921875], [1063.4371337890625, 435.9521179199219, 1142.163330078125, 599.1682739257812], [395.7163391113281, 464.02410888671875, 439.8768615722656, 572.8809814453125], [459.6455993652344, 450.3272705078125, 497.03009033203125, 558.9087524414062]]","[0.76318359375, 0.81787109375, 0.50244140625, 0.73583984375, 0.7109375, 0.7841796875, 0.436767578125, 0.2919921875, 0.412353515625, 0.447509765625]","[[1036.6180419921875, 1045.0970458984375], [1434.5250244140625, 835.3983154296875], [528.7036437988281, 558.3435668945312], [714.5213012695312, 642.3294067382812], [881.5091857910156, 932.309326171875], [1742.020263671875, 752.240234375], [1143.5104370117188, 553.2274169921875], [1102.8002319335938, 599.1682739257812], [417.7966003417969, 572.8809814453125], [478.3378448486328, 558.9087524414062]]",425377792,410910720,425377792,640,yolo26m_int8_640_ncnn_model,MOT17-02
270,370.76053300006606,0.0,10,"[3, 37, 142, 147, 187, 222, 176, 237, 137, 172]","[[945.2835693359375, 406.0517883300781, 1133.029052734375, 1046.7547607421875], [1366.865234375, 422.2748718261719, 1526.9365234375, 837.9513549804688], [510.07080078125, 457.01190185546875, 546.8567504882812, 558.8316650390625], [680.6553955078125, 451.95025634765625, 751.047119140625, 642.274169921875], [816.8425903320312, 436.9272766113281, 954.4805297851562, 928.126953125], [1656.4075927734375, 415.61077880859375, 1800.7744140625, 749.4501342773438], [1120.170654296875, 440.8897705078125, 1167.117919921875, 553.2299194335938], [1064.827392578125, 428.3183898925781, 1146.0802001953125, 596.079345703125], [394.43084716796875, 464.31683349609375, 438.50579833984375, 573.2213745117188], [459.79144287109375, 453.27337646484375, 496.83843994140625, 560.1846923828125]]","[0.78125, 0.81787109375, 0.50927734375, 0.708984375, 0.73681640625, 0.75927734375, 0.434326171875, 0.444091796875, 0.452392578125, 0.5009765625]","[[1039.1563110351562, 1046.7547607421875], [1446.90087890625, 837.9513549804688], [528.4637756347656, 558.8316650390625], [715.8512573242188, 642.274169921875], [885.6615600585938, 928.126953125], [1728.5910034179688, 749.4501342773438], [1143.644287109375, 553.2299194335938], [1105.4537963867188, 596.079345703125], [416.46832275390625, 573.2213745117188], [478.31494140625, 560.1846923828125]]",425377792,410910720,425377792,640,yolo26m_int8_640_ncnn_model,MOT17-02
271,371.5419960003601,0.0,10,"[3, 37, 142, 147, 187, 222, 176, 237, 137, 172]","[[948.8787841796875, 398.7274475097656, 1137.1461181640625, 1047.85791015625], [1374.8770751953125, 422.48760986328125, 1537.538330078125, 835.9237060546875], [510.1087646484375, 456.2115173339844, 547.1429443359375, 558.5200805664062], [681.2807006835938, 452.30108642578125, 750.7909545898438, 642.4822998046875], [818.0198364257812, 436.75067138671875, 955.392578125, 928.3509521484375], [1641.828125, 413.6331481933594, 1784.052001953125, 749.8023681640625], [1122.1234130859375, 438.2001037597656, 1168.1253662109375, 549.287841796875], [1066.075927734375, 423.3726501464844, 1150.630615234375, 597.3776245117188], [393.83343505859375, 462.7051696777344, 438.1710205078125, 573.099609375], [460.2356872558594, 455.0754089355469, 496.40289306640625, 558.8936157226562]]","[0.76513671875, 0.8330078125, 0.49609375, 0.65673828125, 0.74853515625, 0.75537109375, 0.31298828125, 0.352783203125, 0.476806640625, 0.452392578125]","[[1043.012451171875, 1047.85791015625], [1456.2077026367188, 835.9237060546875], [528.6258544921875, 558.5200805664062], [716.0358276367188, 642.4822998046875], [886.7062072753906, 928.3509521484375], [1712.9400634765625, 749.8023681640625], [1145.1243896484375, 549.287841796875], [1108.353271484375, 597.3776245117188], [416.0022277832031, 573.099609375], [478.3192901611328, 558.8936157226562]]",425377792,410910720,425377792,640,yolo26m_int8_640_ncnn_model,MOT17-02
272,378.314417999718,0.0,9,"[3, 37, 142, 147, 187, 222, 237, 137, 172]","[[950.0296630859375, 392.0185852050781, 1136.80078125, 1044.3125], [1382.24658203125, 434.4541015625, 1545.462646484375, 837.0504760742188], [510.2633361816406, 457.8894958496094, 547.61083984375, 560.3919677734375], [681.7352294921875, 449.2337646484375, 751.3153686523438, 641.8043823242188], [820.8693237304688, 436.4258117675781, 957.18212890625, 925.6134643554688], [1623.414794921875, 412.1421813964844, 1761.6094970703125, 748.7924194335938], [1067.080810546875, 418.3431091308594, 1153.5517578125, 596.0800170898438], [393.2103576660156, 462.8446960449219, 437.5198974609375, 574.2809448242188], [459.3851013183594, 460.0172424316406, 495.26300048828125, 561.2135620117188]]","[0.7939453125, 0.84326171875, 0.54638671875, 0.63427734375, 0.73388671875, 0.69189453125, 0.470703125, 0.462890625, 0.408935546875]","[[1043.4152221679688, 1044.3125], [1463.8546142578125, 837.0504760742188], [528.9370880126953, 560.3919677734375], [716.5252990722656, 641.8043823242188], [889.0257263183594, 925.6134643554688], [1692.5121459960938, 748.7924194335938], [1110.3162841796875, 596.0800170898438], [415.36512756347656, 574.2809448242188], [477.3240509033203, 561.2135620117188]]",425377792,410910720,425377792,640,yolo26m_int8_640_ncnn_model,MOT17-02
273,370.1383679999708,0.0,9,"[3, 37, 142, 147, 187, 222, 237, 137, 172]","[[953.8961181640625, 389.9847412109375, 1138.9957275390625, 1042.444580078125], [1381.3682861328125, 438.0417175292969, 1550.3515625, 844.4103393554688], [509.9910888671875, 457.5183410644531, 547.6248779296875, 560.104736328125], [684.756103515625, 447.1014404296875, 753.9597778320312, 640.5527954101562], [820.777099609375, 438.02734375, 956.937744140625, 926.705810546875], [1611.385498046875, 410.8344421386719, 1745.2144775390625, 750.2684326171875], [1070.5517578125, 427.12701416015625, 1154.3314208984375, 598.1135864257812], [392.5899963378906, 461.6830139160156, 437.2286071777344, 574.9751586914062], [457.77069091796875, 460.7717590332031, 494.14788818359375, 562.0748901367188]]","[0.7890625, 0.8037109375, 0.475830078125, 0.599609375, 0.74072265625, 0.68017578125, 0.468017578125, 0.446044921875, 0.28955078125]","[[1046.4459228515625, 1042.444580078125], [1465.8599243164062, 844.4103393554688], [528.8079833984375, 560.104736328125], [719.3579406738281, 640.5527954101562], [888.857421875, 926.705810546875], [1678.2999877929688, 750.2684326171875], [1112.4415893554688, 598.1135864257812], [414.9093017578125, 574.9751586914062], [475.95928955078125, 562.0748901367188]]",425377792,410910720,425377792,640,yolo26m_int8_640_ncnn_model,MOT17-02
274,368.8530730000821,0.0,9,"[3, 37, 142, 147, 187, 222, 237, 137, 172]","[[958.2154541015625, 398.4081115722656, 1138.80224609375, 1037.527587890625], [1381.6312255859375, 435.6389465332031, 1557.01611328125, 848.820556640625], [510.510986328125, 457.3637390136719, 548.4981079101562, 559.9906005859375], [688.8291625976562, 447.04656982421875, 757.3428955078125, 641.2963256835938], [820.6436157226562, 437.13702392578125, 955.8427124023438, 924.5670166015625], [1601.0123291015625, 408.6122741699219, 1731.9014892578125, 749.662841796875], [1072.6383056640625, 428.60858154296875, 1156.61572265625, 598.9085693359375], [392.2480773925781, 461.7430114746094, 436.7918395996094, 575.7232666015625], [456.7497863769531, 465.27520751953125, 492.1964111328125, 562.1360473632812]]","[0.68994140625, 0.80908203125, 0.5361328125, 0.61767578125, 0.7490234375, 0.73193359375, 0.413330078125, 0.46875, 0.26318359375]","[[1048.5088500976562, 1037.527587890625], [1469.3236694335938, 848.820556640625], [529.5045471191406, 559.9906005859375], [723.0860290527344, 641.2963256835938], [888.2431640625, 924.5670166015625], [1666.4569091796875, 749.662841796875], [1114.6270141601562, 598.9085693359375], [414.51995849609375, 575.7232666015625], [474.4730987548828, 562.1360473632812]]",425377792,410910720,425377792,640,yolo26m_int8_640_ncnn_model,MOT17-02
275,367.4486859999888,0.0,8,"[3, 37, 142, 147, 187, 222, 237, 137]","[[965.2318725585938, 400.177978515625, 1143.1400146484375, 1034.1639404296875], [1384.60595703125, 436.4205017089844, 1563.9990234375, 851.6514892578125], [510.9988098144531, 456.549560546875, 549.5285034179688, 559.6954345703125], [697.2420043945312, 449.0219421386719, 763.9528198242188, 639.6033935546875], [820.3798828125, 438.7707214355469, 955.5418090820312, 926.662353515625], [1586.83935546875, 413.00286865234375, 1716.22705078125, 749.262939453125], [1073.633544921875, 426.9046630859375, 1159.0494384765625, 599.446044921875], [393.15325927734375, 463.2563171386719, 436.6341552734375, 574.5274658203125]]","[0.72998046875, 0.82177734375, 0.53857421875, 0.6103515625, 0.7451171875, 0.7236328125, 0.40576171875, 0.44287109375]","[[1054.1859436035156, 1034.1639404296875], [1474.302490234375, 851.6514892578125], [530.2636566162109, 559.6954345703125], [730.597412109375, 639.6033935546875], [887.9608459472656, 926.662353515625], [1651.533203125, 749.262939453125], [1116.3414916992188, 599.446044921875], [414.8937072753906, 574.5274658203125]]",425377792,410910720,425377792,640,yolo26m_int8_640_ncnn_model,MOT17-02
276,384.6410830001332,0.0,8,"[3, 37, 142, 147, 187, 222, 237, 137]","[[964.0308837890625, 391.3879089355469, 1144.4300537109375, 1039.4066162109375], [1384.9010009765625, 437.43377685546875, 1566.9205322265625, 854.8663330078125], [509.8291320800781, 458.71038818359375, 548.2935180664062, 561.0669555664062], [702.3883666992188, 449.8043212890625, 768.844970703125, 640.9382934570312], [822.7279052734375, 439.62548828125, 957.8529052734375, 926.1600341796875], [1574.2425537109375, 415.1832275390625, 1704.607421875, 748.6934204101562], [1077.78369140625, 431.53961181640625, 1161.98828125, 601.3858642578125], [393.30621337890625, 461.61712646484375, 437.3398132324219, 574.3033447265625]]","[0.759765625, 0.8203125, 0.50927734375, 0.5791015625, 0.7578125, 0.73681640625, 0.359375, 0.46875]","[[1054.23046875, 1039.4066162109375], [1475.9107666015625, 854.8663330078125], [529.0613250732422, 561.0669555664062], [735.6166687011719, 640.9382934570312], [890.2904052734375, 926.1600341796875], [1639.4249877929688, 748.6934204101562], [1119.885986328125, 601.3858642578125], [415.32301330566406, 574.3033447265625]]",425377792,410910720,425377792,640,yolo26m_int8_640_ncnn_model,MOT17-02
277,368.11814900011086,0.0,8,"[3, 37, 142, 147, 187, 222, 237, 137]","[[967.6803588867188, 398.4696960449219, 1144.617431640625, 1036.9437255859375], [1386.7371826171875, 434.5906982421875, 1571.6917724609375, 857.2363891601562], [509.5155944824219, 460.0194396972656, 548.1834716796875, 562.081298828125], [706.611572265625, 451.34344482421875, 773.1432495117188, 640.1983032226562], [823.3662719726562, 437.95025634765625, 958.900146484375, 925.91162109375], [1562.1077880859375, 418.4888000488281, 1694.6793212890625, 746.0472412109375], [1080.87841796875, 434.3406677246094, 1164.368408203125, 603.1160278320312], [392.0417175292969, 461.5074462890625, 436.4951477050781, 575.6944580078125]]","[0.6787109375, 0.81982421875, 0.471435546875, 0.634765625, 0.7607421875, 0.7744140625, 0.34716796875, 0.45361328125]","[[1056.1488952636719, 1036.9437255859375], [1479.2144775390625, 857.2363891601562], [528.8495330810547, 562.081298828125], [739.8774108886719, 640.1983032226562], [891.1332092285156, 925.91162109375], [1628.3935546875, 746.0472412109375], [1122.6234130859375, 603.1160278320312], [414.2684326171875, 575.6944580078125]]",425377792,410910720,425377792,640,yolo26m_int8_640_ncnn_model,MOT17-02
278,367.7595009999095,0.0,8,"[3, 37, 142, 147, 187, 222, 237, 137]","[[971.49951171875, 398.0091857910156, 1147.03857421875, 1034.263916015625], [1397.9490966796875, 430.5427551269531, 1585.1397705078125, 856.0889892578125], [509.1284484863281, 459.7506408691406, 547.9163818359375, 561.211669921875], [710.0387573242188, 447.9556579589844, 778.6773681640625, 640.9075317382812], [823.9930419921875, 437.0577697753906, 959.81787109375, 927.009521484375], [1554.5733642578125, 421.2156066894531, 1690.9984130859375, 747.6337280273438], [1080.666748046875, 432.12506103515625, 1166.41748046875, 605.9952392578125], [391.5992736816406, 460.74041748046875, 436.174560546875, 574.9910278320312]]","[0.69091796875, 0.78515625, 0.481201171875, 0.732421875, 0.75927734375, 0.76123046875, 0.302001953125, 0.45361328125]","[[1059.26904296875, 1034.263916015625], [1491.54443359375, 856.0889892578125], [528.5224151611328, 561.211669921875], [744.3580627441406, 640.9075317382812], [891.9054565429688, 927.009521484375], [1622.785888671875, 747.6337280273438], [1123.5421142578125, 605.9952392578125], [413.8869171142578, 574.9910278320312]]",425377792,410910720,425377792,640,yolo26m_int8_640_ncnn_model,MOT17-02
279,368.8495559999865,0.0,7,"[3, 37, 142, 147, 187, 222, 137]","[[976.3335571289062, 402.0679016113281, 1149.347412109375, 1035.0181884765625], [1396.5540771484375, 430.9539794921875, 1584.657470703125, 858.5145263671875], [507.9019775390625, 458.88519287109375, 547.407470703125, 561.62060546875], [713.7719116210938, 446.69927978515625, 783.5203247070312, 641.1697387695312], [826.5018920898438, 435.23052978515625, 962.7579956054688, 927.8773193359375], [1551.3731689453125, 422.4480895996094, 1690.90869140625, 749.0264282226562], [389.769775390625, 460.45941162109375, 434.8008728027344, 576.6854858398438]]","[0.71435546875, 0.751953125, 0.47314453125, 0.65283203125, 0.74951171875, 0.7578125, 0.48486328125]","[[1062.8404846191406, 1035.0181884765625], [1490.6057739257812, 858.5145263671875], [527.6547241210938, 561.62060546875], [748.6461181640625, 641.1697387695312], [894.6299438476562, 927.8773193359375], [1621.1409301757812, 749.0264282226562], [412.2853240966797, 576.6854858398438]]",425377792,410910720,425377792,640,yolo26m_int8_640_ncnn_model,MOT17-02
280,383.03078800026924,0.0,9,"[3, 37, 142, 147, 187, 222, 137, 168, 237]","[[982.2691650390625, 402.10797119140625, 1154.8692626953125, 1034.8302001953125], [1399.394287109375, 429.8855895996094, 1587.484619140625, 856.657470703125], [508.0576477050781, 459.04486083984375, 547.59814453125, 561.27392578125], [716.0175170898438, 446.9738464355469, 787.2630615234375, 641.5120849609375], [828.16650390625, 438.9830627441406, 963.0764770507812, 926.6828002929688], [1552.534423828125, 424.1205749511719, 1691.3472900390625, 745.3543701171875], [389.5119934082031, 459.3838195800781, 434.8665771484375, 576.3399658203125], [1337.01220703125, 445.0760803222656, 1372.1094970703125, 541.94775390625], [1083.18896484375, 430.9522399902344, 1169.379150390625, 607.46044921875]]","[0.71630859375, 0.732421875, 0.54052734375, 0.77587890625, 0.7490234375, 0.73291015625, 0.482177734375, 0.28662109375, 0.267333984375]","[[1068.5692138671875, 1034.8302001953125], [1493.439453125, 856.657470703125], [527.8278961181641, 561.27392578125], [751.6402893066406, 641.5120849609375], [895.6214904785156, 926.6828002929688], [1621.9408569335938, 745.3543701171875], [412.1892852783203, 576.3399658203125], [1354.5608520507812, 541.94775390625], [1126.2840576171875, 607.46044921875]]",425377792,410910720,425377792,640,yolo26m_int8_640_ncnn_model,MOT17-02
281,402.66188600026,0.0,8,"[3, 37, 142, 147, 187, 222, 137, 237]","[[984.6118774414062, 401.6171569824219, 1157.6322021484375, 1040.241455078125], [1416.438232421875, 430.4697265625, 1600.7568359375, 858.8336181640625], [507.7863464355469, 458.8469543457031, 547.5180053710938, 561.3827514648438], [718.2711181640625, 448.08575439453125, 790.4904174804688, 640.6494750976562], [831.9039306640625, 439.4222412109375, 966.9430541992188, 925.1889038085938], [1551.4637451171875, 422.95294189453125, 1689.9088134765625, 742.765380859375], [387.0705871582031, 457.5106506347656, 433.3549499511719, 576.6876831054688], [1085.9822998046875, 427.19158935546875, 1172.29541015625, 606.1172485351562]]","[0.75634765625, 0.7685546875, 0.482177734375, 0.78759765625, 0.75244140625, 0.7099609375, 0.462890625, 0.300537109375]","[[1071.1220397949219, 1040.241455078125], [1508.5975341796875, 858.8336181640625], [527.6521759033203, 561.3827514648438], [754.3807678222656, 640.6494750976562], [899.4234924316406, 925.1889038085938], [1620.686279296875, 742.765380859375], [410.2127685546875, 576.6876831054688], [1129.1388549804688, 606.1172485351562]]",425377792,410910720,425377792,640,yolo26m_int8_640_ncnn_model,MOT17-02
282,367.8801129999556,0.0,9,"[3, 37, 142, 147, 187, 222, 137, 237, 168]","[[985.2815551757812, 404.886962890625, 1156.7076416015625, 1042.779541015625], [1433.83447265625, 426.5063171386719, 1614.135009765625, 859.845458984375], [507.8687744140625, 459.2597961425781, 547.3125, 560.9237670898438], [719.8031616210938, 447.53179931640625, 793.7493896484375, 641.3087768554688], [836.0888671875, 438.5833435058594, 972.4702758789062, 924.5982666015625], [1543.8255615234375, 422.98583984375, 1681.2628173828125, 743.3556518554688], [385.9208679199219, 458.2809753417969, 431.5765686035156, 576.3231201171875], [1088.2520751953125, 429.5569763183594, 1172.9832763671875, 606.8685913085938], [1341.428466796875, 443.3014221191406, 1376.5360107421875, 543.6168212890625]]","[0.75537109375, 0.7109375, 0.52392578125, 0.78369140625, 0.759765625, 0.6044921875, 0.458740234375, 0.356689453125, 0.2958984375]","[[1070.9945983886719, 1042.779541015625], [1523.9847412109375, 859.845458984375], [527.5906372070312, 560.9237670898438], [756.7762756347656, 641.3087768554688], [904.2795715332031, 924.5982666015625], [1612.544189453125, 743.3556518554688], [408.74871826171875, 576.3231201171875], [1130.61767578125, 606.8685913085938], [1358.9822387695312, 543.6168212890625]]",425377792,410910720,425377792,640,yolo26m_int8_640_ncnn_model,MOT17-02
283,367.0564660001219,0.0,8,"[3, 37, 142, 147, 187, 137, 237, 168]","[[987.488037109375, 406.1205139160156, 1158.14892578125, 1043.734619140625], [1448.51171875, 424.0279541015625, 1624.40869140625, 857.2228393554688], [507.0986328125, 459.1593933105469, 546.5545043945312, 560.9939575195312], [721.0709228515625, 447.5798034667969, 796.5357666015625, 642.2950439453125], [840.9605102539062, 436.5223693847656, 980.058837890625, 926.0908813476562], [385.1766662597656, 456.8760986328125, 431.25787353515625, 575.9246215820312], [1090.0069580078125, 424.00933837890625, 1175.148193359375, 603.668701171875], [1343.451416015625, 442.9136657714844, 1377.9830322265625, 543.997802734375]]","[0.69189453125, 0.734375, 0.5185546875, 0.8408203125, 0.78759765625, 0.484375, 0.37109375, 0.328369140625]","[[1072.8184814453125, 1043.734619140625], [1536.460205078125, 857.2228393554688], [526.8265686035156, 560.9939575195312], [758.8033447265625, 642.2950439453125], [910.5096740722656, 926.0908813476562], [408.21726989746094, 575.9246215820312], [1132.5775756835938, 603.668701171875], [1360.7172241210938, 543.997802734375]]",425377792,410910720,425377792,640,yolo26m_int8_640_ncnn_model,MOT17-02
284,377.2767569998905,0.0,8,"[3, 37, 142, 147, 187, 137, 237, 168]","[[986.1347045898438, 403.343994140625, 1156.726318359375, 1044.32568359375], [1462.8140869140625, 420.6352233886719, 1636.790283203125, 854.6766967773438], [507.1354675292969, 458.8664245605469, 546.9473876953125, 561.26611328125], [722.8036499023438, 450.0774230957031, 798.0845336914062, 641.1826782226562], [845.7049560546875, 435.4945373535156, 986.7874145507812, 923.91748046875], [384.9242248535156, 458.82012939453125, 430.6719055175781, 577.244140625], [1090.049560546875, 424.15325927734375, 1174.4697265625, 604.1896362304688], [1346.150390625, 444.5205993652344, 1380.408447265625, 546.36962890625]]","[0.6728515625, 0.7880859375, 0.56591796875, 0.8212890625, 0.78271484375, 0.517578125, 0.3583984375, 0.391357421875]","[[1071.4305114746094, 1044.32568359375], [1549.8021850585938, 854.6766967773438], [527.0414276123047, 561.26611328125], [760.444091796875, 641.1826782226562], [916.2461853027344, 923.91748046875], [407.7980651855469, 577.244140625], [1132.2596435546875, 604.1896362304688], [1363.2794189453125, 546.36962890625]]",425377792,410910720,425377792,640,yolo26m_int8_640_ncnn_model,MOT17-02
285,368.24322499978734,0.0,8,"[3, 37, 142, 147, 187, 137, 237, 168]","[[986.8255615234375, 399.3126525878906, 1156.80322265625, 1041.5625], [1472.6519775390625, 423.8172607421875, 1642.382080078125, 854.1636962890625], [506.7129821777344, 458.7500305175781, 546.55517578125, 561.3662719726562], [723.4613647460938, 452.5354919433594, 799.402587890625, 643.2412109375], [849.9961547851562, 435.603271484375, 994.5889282226562, 925.5487060546875], [384.7327575683594, 460.3255615234375, 430.11444091796875, 577.0021362304688], [1091.3482666015625, 426.4509582519531, 1174.7401123046875, 606.1195068359375], [1348.151611328125, 444.3944396972656, 1382.16015625, 548.0010375976562]]","[0.65380859375, 0.7841796875, 0.59228515625, 0.81982421875, 0.81005859375, 0.5205078125, 0.306884765625, 0.360595703125]","[[1071.8143920898438, 1041.5625], [1557.5170288085938, 854.1636962890625], [526.6340789794922, 561.3662719726562], [761.4319763183594, 643.2412109375], [922.2925415039062, 925.5487060546875], [407.42359924316406, 577.0021362304688], [1133.044189453125, 606.1195068359375], [1365.1558837890625, 548.0010375976562]]",425377792,410910720,425377792,640,yolo26m_int8_640_ncnn_model,MOT17-02
286,370.5854470003942,0.0,8,"[3, 37, 142, 147, 187, 137, 237, 168]","[[990.9893188476562, 398.0285949707031, 1160.698974609375, 1041.2413330078125], [1484.561767578125, 435.72271728515625, 1651.484130859375, 858.150146484375], [506.12432861328125, 458.9488525390625, 545.8569946289062, 561.1533813476562], [725.5736083984375, 453.4476318359375, 802.3021850585938, 644.0045166015625], [852.5122680664062, 437.3824157714844, 999.3947143554688, 926.4000854492188], [384.05560302734375, 460.6594543457031, 429.57745361328125, 577.1486206054688], [1094.0740966796875, 431.545166015625, 1174.4461669921875, 607.5933227539062], [1350.5166015625, 443.6105651855469, 1385.00390625, 548.35595703125]]","[0.74755859375, 0.80126953125, 0.568359375, 0.802734375, 0.818359375, 0.54296875, 0.26513671875, 0.443603515625]","[[1075.8441467285156, 1041.2413330078125], [1568.02294921875, 858.150146484375], [525.9906616210938, 561.1533813476562], [763.9378967285156, 644.0045166015625], [925.9534912109375, 926.4000854492188], [406.8165283203125, 577.1486206054688], [1134.2601318359375, 607.5933227539062], [1367.76025390625, 548.35595703125]]",425377792,410910720,425377792,640,yolo26m_int8_640_ncnn_model,MOT17-02
287,368.9734849999695,0.0,7,"[3, 37, 142, 147, 187, 137, 168]","[[992.8736572265625, 400.7703857421875, 1161.7232666015625, 1042.8468017578125], [1498.9857177734375, 438.2474365234375, 1668.1964111328125, 861.623046875], [506.3270568847656, 457.0350341796875, 546.6707763671875, 561.069580078125], [725.6180419921875, 449.8074645996094, 804.9364013671875, 645.273193359375], [853.0177001953125, 437.812744140625, 1002.4087524414062, 925.9624633789062], [382.3954162597656, 460.2916259765625, 428.3556213378906, 577.6923217773438], [1351.6322021484375, 443.8075866699219, 1386.6961669921875, 549.94775390625]]","[0.671875, 0.80517578125, 0.5185546875, 0.798828125, 0.80517578125, 0.529296875, 0.36669921875]","[[1077.2984619140625, 1042.8468017578125], [1583.591064453125, 861.623046875], [526.4989166259766, 561.069580078125], [765.2772216796875, 645.273193359375], [927.7132263183594, 925.9624633789062], [405.3755187988281, 577.6923217773438], [1369.1641845703125, 549.94775390625]]",425377792,410910720,425377792,640,yolo26m_int8_640_ncnn_model,MOT17-02
288,380.47090299960473,0.0,7,"[3, 37, 142, 147, 187, 137, 168]","[[993.5252685546875, 396.6170959472656, 1162.01416015625, 1039.7330322265625], [1512.3670654296875, 438.4151916503906, 1687.6201171875, 865.6072387695312], [506.5379333496094, 458.0399475097656, 546.8530883789062, 561.2828979492188], [726.1491088867188, 445.24639892578125, 807.7141723632812, 645.9827880859375], [853.1812744140625, 435.98919677734375, 1005.3165283203125, 926.771728515625], [381.4002380371094, 460.4018859863281, 427.32904052734375, 577.6432495117188], [1356.05126953125, 443.88873291015625, 1392.0347900390625, 548.5684814453125]]","[0.7294921875, 0.82958984375, 0.50390625, 0.78125, 0.81787109375, 0.5458984375, 0.3330078125]","[[1077.7697143554688, 1039.7330322265625], [1599.9935913085938, 865.6072387695312], [526.6955108642578, 561.2828979492188], [766.931640625, 645.9827880859375], [929.2489013671875, 926.771728515625], [404.36463928222656, 577.6432495117188], [1374.0430297851562, 548.5684814453125]]",425377792,410910720,425377792,640,yolo26m_int8_640_ncnn_model,MOT17-02
289,370.1542070002688,0.0,7,"[3, 37, 142, 147, 187, 137, 168]","[[995.1165161132812, 397.5309753417969, 1162.6148681640625, 1039.0472412109375], [1523.9068603515625, 437.7033386230469, 1705.5328369140625, 865.8250732421875], [507.02838134765625, 458.67755126953125, 547.0219116210938, 561.114990234375], [727.8880615234375, 443.5083312988281, 810.0059204101562, 646.2388916015625], [855.1726684570312, 436.04229736328125, 1009.2144165039062, 928.2992553710938], [381.9037170410156, 461.189453125, 427.6058654785156, 576.8729858398438], [1358.1993408203125, 443.9259338378906, 1395.4298095703125, 549.0001220703125]]","[0.66943359375, 0.82861328125, 0.51611328125, 0.77734375, 0.8076171875, 0.501953125, 0.321533203125]","[[1078.8656921386719, 1039.0472412109375], [1614.7198486328125, 865.8250732421875], [527.025146484375, 561.114990234375], [768.9469909667969, 646.2388916015625], [932.1935424804688, 928.2992553710938], [404.7547912597656, 576.8729858398438], [1376.8145751953125, 549.0001220703125]]",425377792,410910720,425377792,640,yolo26m_int8_640_ncnn_model,MOT17-02
290,368.25241199994707,0.0,8,"[3, 37, 142, 147, 187, 137, 168, 252]","[[995.3357543945312, 394.6720275878906, 1163.083740234375, 1040.031982421875], [1529.752685546875, 436.16204833984375, 1719.948486328125, 871.0413208007812], [507.1009216308594, 459.4139709472656, 546.708984375, 560.552734375], [730.787841796875, 443.8406982421875, 812.3953247070312, 645.3380737304688], [855.497314453125, 432.3572998046875, 1011.8929443359375, 927.6249389648438], [381.49163818359375, 459.9968566894531, 427.3868408203125, 576.0752563476562], [1360.6763916015625, 443.94342041015625, 1398.82080078125, 549.1473999023438], [668.8347778320312, 487.42498779296875, 727.6652221679688, 611.1749877929688]]","[0.69091796875, 0.8154296875, 0.478515625, 0.71435546875, 0.818359375, 0.52001953125, 0.368408203125, 0.41943359375]","[[1079.2097473144531, 1040.031982421875], [1624.8505859375, 871.0413208007812], [526.9049530029297, 560.552734375], [771.5915832519531, 645.3380737304688], [933.6951293945312, 927.6249389648438], [404.4392395019531, 576.0752563476562], [1379.7485961914062, 549.1473999023438], [698.25, 611.1749877929688]]",425377792,410910720,425377792,640,yolo26m_int8_640_ncnn_model,MOT17-02
291,367.8462640000362,0.0,8,"[3, 37, 142, 147, 187, 137, 168, 252]","[[996.13916015625, 397.3177185058594, 1164.3966064453125, 1043.620849609375], [1533.044921875, 437.77313232421875, 1729.486328125, 870.7442626953125], [507.6134033203125, 458.939697265625, 547.6066284179688, 561.0880737304688], [735.205322265625, 447.2048034667969, 814.7470703125, 644.7271118164062], [855.14599609375, 434.920166015625, 1013.1737060546875, 931.3016967773438], [380.6969909667969, 458.5604248046875, 427.4961853027344, 576.7660522460938], [1361.7509765625, 443.4593200683594, 1401.7611083984375, 549.68115234375], [668.1734619140625, 485.7485656738281, 727.1703491210938, 610.07666015625]]","[0.712890625, 0.82763671875, 0.50439453125, 0.6708984375, 0.78173828125, 0.53125, 0.3896484375, 0.34765625]","[[1080.2678833007812, 1043.620849609375], [1631.265625, 870.7442626953125], [527.6100158691406, 561.0880737304688], [774.9761962890625, 644.7271118164062], [934.1598510742188, 931.3016967773438], [404.0965881347656, 576.7660522460938], [1381.7560424804688, 549.68115234375], [697.6719055175781, 610.07666015625]]",425377792,410910720,425377792,640,yolo26m_int8_640_ncnn_model,MOT17-02
292,385.7341789998827,0.0,8,"[3, 37, 142, 147, 187, 137, 168, 252]","[[998.806640625, 395.62060546875, 1167.357666015625, 1042.75390625], [1530.61474609375, 444.55572509765625, 1731.954833984375, 875.2535400390625], [507.3953552246094, 459.006591796875, 547.3623046875, 561.040283203125], [739.973388671875, 447.5121765136719, 818.3142700195312, 645.4766235351562], [853.2561645507812, 436.4037170410156, 1012.2459716796875, 931.1968383789062], [380.1483459472656, 458.5166931152344, 426.8437194824219, 576.533447265625], [1363.27197265625, 444.0181884765625, 1403.5543212890625, 549.1299438476562], [669.7498168945312, 486.3514404296875, 728.117431640625, 609.7088623046875]]","[0.75390625, 0.80322265625, 0.33935546875, 0.69873046875, 0.7919921875, 0.487548828125, 0.317138671875, 0.2822265625]","[[1083.0821533203125, 1042.75390625], [1631.2847900390625, 875.2535400390625], [527.3788299560547, 561.040283203125], [779.1438293457031, 645.4766235351562], [932.7510681152344, 931.1968383789062], [403.49603271484375, 576.533447265625], [1383.4131469726562, 549.1299438476562], [698.9336242675781, 609.7088623046875]]",425377792,410910720,425377792,640,yolo26m_int8_640_ncnn_model,MOT17-02
293,368.9006720001089,0.0,9,"[3, 37, 142, 147, 187, 137, 168, 252, 222]","[[999.6991577148438, 396.7213134765625, 1167.48681640625, 1041.67138671875], [1528.0009765625, 442.63165283203125, 1737.759033203125, 880.3640747070312], [506.84649658203125, 459.0287170410156, 546.74267578125, 561.0209350585938], [742.1637573242188, 448.6211853027344, 819.0662231445312, 646.73828125], [853.0034790039062, 436.9712829589844, 1012.2307739257812, 928.1556396484375], [379.94268798828125, 460.7362060546875, 425.6518249511719, 576.1941528320312], [1363.7418212890625, 444.9813232421875, 1404.1378173828125, 548.1571044921875], [670.7415161132812, 488.0037536621094, 727.9537963867188, 609.3451538085938], [1404.6312255859375, 432.07977294921875, 1526.462890625, 708.4476318359375]]","[0.755859375, 0.80322265625, 0.391357421875, 0.642578125, 0.79541015625, 0.482177734375, 0.2548828125, 0.306884765625, 0.595703125]","[[1083.5929870605469, 1041.67138671875], [1632.8800048828125, 880.3640747070312], [526.7945861816406, 561.0209350585938], [780.614990234375, 646.73828125], [932.6171264648438, 928.1556396484375], [402.79725646972656, 576.1941528320312], [1383.9398193359375, 548.1571044921875], [699.34765625, 609.3451538085938], [1465.5470581054688, 708.4476318359375]]",425377792,410910720,425377792,640,yolo26m_int8_640_ncnn_model,MOT17-02
294,370.956243999899,0.0,8,"[3, 37, 142, 147, 187, 137, 168, 222]","[[999.3539428710938, 395.9136657714844, 1168.089111328125, 1043.4847412109375], [1525.9698486328125, 441.87445068359375, 1742.402587890625, 883.2017211914062], [506.6543273925781, 459.53009033203125, 546.495849609375, 561.5088500976562], [746.5369262695312, 449.53863525390625, 821.5436401367188, 645.7198486328125], [853.9323120117188, 436.19122314453125, 1014.0202026367188, 927.9754638671875], [380.22540283203125, 462.08917236328125, 425.3924865722656, 575.5643920898438], [1363.5006103515625, 445.59613037109375, 1404.57666015625, 547.527587890625], [1398.655029296875, 428.862548828125, 1523.6885986328125, 708.5712280273438]]","[0.73779296875, 0.7841796875, 0.412841796875, 0.6025390625, 0.80517578125, 0.44873046875, 0.27001953125, 0.71826171875]","[[1083.7215270996094, 1043.4847412109375], [1634.1862182617188, 883.2017211914062], [526.5750885009766, 561.5088500976562], [784.040283203125, 645.7198486328125], [933.9762573242188, 927.9754638671875], [402.80894470214844, 575.5643920898438], [1384.0386352539062, 547.527587890625], [1461.1718139648438, 708.5712280273438]]",425377792,410910720,425377792,640,yolo26m_int8_640_ncnn_model,MOT17-02
295,368.54833899997175,0.0,8,"[3, 37, 142, 147, 187, 137, 168, 222]","[[1000.2200317382812, 391.661865234375, 1169.1904296875, 1044.1629638671875], [1527.81201171875, 444.25927734375, 1746.8353271484375, 882.474853515625], [507.0649719238281, 460.2118835449219, 546.42138671875, 561.1958618164062], [748.74560546875, 450.1335754394531, 822.7132568359375, 647.0582885742188], [853.8387451171875, 434.16192626953125, 1015.0050048828125, 928.6420288085938], [380.1922302246094, 462.09112548828125, 425.4823913574219, 575.8302612304688], [1364.51416015625, 445.32391357421875, 1406.466796875, 547.7855834960938], [1398.8291015625, 427.9764099121094, 1526.053955078125, 707.4896240234375]]","[0.73486328125, 0.81201171875, 0.370849609375, 0.57666015625, 0.798828125, 0.46044921875, 0.2841796875, 0.76123046875]","[[1084.7052307128906, 1044.1629638671875], [1637.3236694335938, 882.474853515625], [526.7431793212891, 561.1958618164062], [785.7294311523438, 647.0582885742188], [934.421875, 928.6420288085938], [402.8373107910156, 575.8302612304688], [1385.490478515625, 547.7855834960938], [1462.4415283203125, 707.4896240234375]]",425377792,410910720,425377792,640,yolo26m_int8_640_ncnn_model,MOT17-02
296,377.59588900007657,0.0,7,"[3, 37, 142, 147, 187, 137, 222]","[[999.8182983398438, 394.26483154296875, 1168.26220703125, 1045.1497802734375], [1530.4134521484375, 445.3866271972656, 1751.935546875, 883.8325805664062], [507.081787109375, 459.4686279296875, 546.5387573242188, 561.0748901367188], [750.8480224609375, 449.6090087890625, 824.6658935546875, 649.2838745117188], [854.8298950195312, 430.9264831542969, 1017.1913452148438, 929.3796997070312], [380.4041748046875, 462.0858459472656, 425.82415771484375, 575.9309692382812], [1398.5362548828125, 426.6407165527344, 1530.1480712890625, 709.1881103515625]]","[0.7333984375, 0.78759765625, 0.393798828125, 0.55810546875, 0.78515625, 0.47314453125, 0.76513671875]","[[1084.0402526855469, 1045.1497802734375], [1641.1744995117188, 883.8325805664062], [526.8102722167969, 561.0748901367188], [787.7569580078125, 649.2838745117188], [936.0106201171875, 929.3796997070312], [403.1141662597656, 575.9309692382812], [1464.3421630859375, 709.1881103515625]]",425377792,410910720,425377792,640,yolo26m_int8_640_ncnn_model,MOT17-02
297,371.8956529996831,0.0,7,"[3, 37, 142, 147, 187, 137, 222]","[[1000.9649658203125, 394.2925720214844, 1168.4840087890625, 1041.5509033203125], [1534.3369140625, 442.8112487792969, 1758.317138671875, 884.2721557617188], [506.92657470703125, 457.6997985839844, 546.7479858398438, 560.5336303710938], [753.629638671875, 444.7249755859375, 827.1841430664062, 647.8919677734375], [857.006103515625, 430.4534606933594, 1019.0614624023438, 928.9085693359375], [380.34930419921875, 462.3260803222656, 425.62646484375, 575.7216796875], [1394.681884765625, 430.1497802734375, 1527.1270751953125, 713.8947143554688]]","[0.755859375, 0.78564453125, 0.427978515625, 0.60498046875, 0.771484375, 0.4736328125, 0.751953125]","[[1084.7244873046875, 1041.5509033203125], [1646.3270263671875, 884.2721557617188], [526.8372802734375, 560.5336303710938], [790.4068908691406, 647.8919677734375], [938.0337829589844, 928.9085693359375], [402.9878845214844, 575.7216796875], [1460.9044799804688, 713.8947143554688]]",425377792,410910720,425377792,640,yolo26m_int8_640_ncnn_model,MOT17-02
298,368.64430299965534,0.0,8,"[3, 37, 142, 147, 187, 137, 222, 252]","[[1002.3451538085938, 392.5810241699219, 1170.5101318359375, 1043.8992919921875], [1538.1934814453125, 442.5484924316406, 1763.79638671875, 884.6174926757812], [506.588623046875, 457.771728515625, 546.615966796875, 561.563232421875], [755.7431030273438, 443.3595275878906, 828.8770141601562, 648.81787109375], [859.6890869140625, 434.0057067871094, 1020.7567138671875, 930.9431762695312], [380.2092590332031, 461.16705322265625, 426.2002258300781, 576.887451171875], [1391.8922119140625, 430.7241516113281, 1521.01416015625, 706.4771118164062], [674.9339599609375, 488.6033020019531, 728.9818115234375, 603.634765625]]","[0.7744140625, 0.724609375, 0.478515625, 0.65283203125, 0.7666015625, 0.54150390625, 0.74365234375, 0.263916015625]","[[1086.4276428222656, 1043.8992919921875], [1650.9949340820312, 884.6174926757812], [526.602294921875, 561.563232421875], [792.31005859375, 648.81787109375], [940.222900390625, 930.9431762695312], [403.2047424316406, 576.887451171875], [1456.4531860351562, 706.4771118164062], [701.9578857421875, 603.634765625]]",425377792,410910720,425377792,640,yolo26m_int8_640_ncnn_model,MOT17-02
299,377.88955699988946,0.0,8,"[3, 37, 142, 147, 187, 137, 222, 252]","[[1004.0569458007812, 392.1982727050781, 1171.979248046875, 1040.5787353515625], [1548.9351806640625, 436.7461853027344, 1775.856201171875, 886.409912109375], [505.8782653808594, 457.0640563964844, 546.1647338867188, 561.7090454101562], [760.2479248046875, 446.7837829589844, 832.5187377929688, 651.1238403320312], [862.5585327148438, 433.63525390625, 1023.378173828125, 933.4373779296875], [380.3663330078125, 461.2237854003906, 426.2259826660156, 576.8298950195312], [1383.697509765625, 422.3354187011719, 1513.483154296875, 704.2188720703125], [674.9652099609375, 488.0832214355469, 728.1931762695312, 601.627685546875]]","[0.78466796875, 0.7529296875, 0.45458984375, 0.62841796875, 0.76416015625, 0.55224609375, 0.72705078125, 0.33642578125]","[[1088.0180969238281, 1040.5787353515625], [1662.3956909179688, 886.409912109375], [526.0214996337891, 561.7090454101562], [796.3833312988281, 651.1238403320312], [942.9683532714844, 933.4373779296875], [403.29615783691406, 576.8298950195312], [1448.59033203125, 704.2188720703125], [701.5791931152344, 601.627685546875]]",425377792,410910720,425377792,640,yolo26m_int8_640_ncnn_model,MOT17-02
300,382.51777599998604,0.0,8,"[3, 37, 142, 147, 187, 137, 222, 252]","[[1004.8645629882812, 392.32061767578125, 1173.2772216796875, 1039.0633544921875], [1561.6556396484375, 437.4936218261719, 1783.1080322265625, 883.105224609375], [504.78955078125, 456.7994079589844, 544.8460693359375, 560.7764282226562], [764.7489624023438, 445.1534729003906, 836.8641357421875, 649.025390625], [865.6721801757812, 437.9463806152344, 1024.185791015625, 933.8656005859375], [380.30670166015625, 460.9975891113281, 426.3808288574219, 577.0513916015625], [1376.89501953125, 420.2831115722656, 1504.013427734375, 704.431396484375], [674.9251708984375, 486.6406555175781, 728.5170288085938, 601.2569580078125]]","[0.7900390625, 0.72119140625, 0.4951171875, 0.69189453125, 0.7470703125, 0.521484375, 0.72412109375, 0.27783203125]","[[1089.0708923339844, 1039.0633544921875], [1672.3818359375, 883.105224609375], [524.8178100585938, 560.7764282226562], [800.8065490722656, 649.025390625], [944.9289855957031, 933.8656005859375], [403.34376525878906, 577.0513916015625], [1440.4542236328125, 704.431396484375], [701.7210998535156, 601.2569580078125]]",425377792,410910720,425377792,640,yolo26m_int8_640_ncnn_model,MOT17-02
301,370.232580999982,0.0,9,"[3, 37, 142, 147, 187, 137, 222, 252, 266]","[[1006.7137451171875, 392.6322937011719, 1175.10693359375, 1038.2520751953125], [1578.464599609375, 435.80963134765625, 1795.144775390625, 882.7532348632812], [504.75238037109375, 456.45794677734375, 544.9661254882812, 560.66552734375], [769.2464599609375, 446.7674560546875, 841.4481201171875, 650.93017578125], [870.6397705078125, 436.3622131347656, 1028.4974365234375, 937.2275390625], [380.56268310546875, 461.6537170410156, 426.1791687011719, 576.3902587890625], [1367.523681640625, 417.80035400390625, 1489.9420166015625, 702.3435668945312], [674.506591796875, 486.1272277832031, 729.5206298828125, 605.18115234375], [735.8870239257812, 479.1000061035156, 778.6629638671875, 599.0999755859375]]","[0.79638671875, 0.7333984375, 0.481689453125, 0.705078125, 0.7333984375, 0.52880859375, 0.7705078125, 0.343994140625, 0.3544921875]","[[1090.9103393554688, 1038.2520751953125], [1686.8046875, 882.7532348632812], [524.8592529296875, 560.66552734375], [805.3472900390625, 650.93017578125], [949.568603515625, 937.2275390625], [403.3709259033203, 576.3902587890625], [1428.7328491210938, 702.3435668945312], [702.0136108398438, 605.18115234375], [757.2749938964844, 599.0999755859375]]",425377792,410910720,425377792,640,yolo26m_int8_640_ncnn_model,MOT17-02
302,372.4607460003426,0.0,11,"[3, 37, 142, 147, 187, 137, 222, 252, 266, 267, 269]","[[1007.6268920898438, 392.5166320800781, 1176.4810791015625, 1038.2069091796875], [1595.552001953125, 423.325927734375, 1812.106689453125, 881.5950317382812], [504.5357360839844, 457.32476806640625, 544.7357177734375, 561.6138305664062], [772.385986328125, 449.6097106933594, 844.4973754882812, 650.40185546875], [876.4253540039062, 434.2781066894531, 1033.9608154296875, 941.9194946289062], [380.69293212890625, 463.1464538574219, 426.08837890625, 576.8814697265625], [1357.94775390625, 419.3831787109375, 1476.3519287109375, 703.1019287109375], [674.8328857421875, 487.18212890625, 727.9075927734375, 602.4434204101562], [735.8621826171875, 479.793701171875, 777.8785400390625, 597.4813842773438], [3.2013351917266846, 625.2750244140625, 114.09866333007812, 859.7249755859375], [1588.36962890625, 413.54998779296875, 1687.63037109375, 652.6500244140625]]","[0.77099609375, 0.57861328125, 0.5009765625, 0.72509765625, 0.7294921875, 0.544921875, 0.74755859375, 0.3505859375, 0.343994140625, 0.49658203125, 0.4775390625]","[[1092.0539855957031, 1038.2069091796875], [1703.829345703125, 881.5950317382812], [524.6357269287109, 561.6138305664062], [808.4416809082031, 650.40185546875], [955.1930847167969, 941.9194946289062], [403.3906555175781, 576.8814697265625], [1417.1498413085938, 703.1019287109375], [701.3702392578125, 602.4434204101562], [756.870361328125, 597.4813842773438], [58.649999260902405, 859.7249755859375], [1638.0, 652.6500244140625]]",425377792,410910720,425377792,640,yolo26m_int8_640_ncnn_model,MOT17-02
303,370.70098899994264,0.0,11,"[3, 37, 142, 147, 187, 137, 222, 252, 266, 267, 269]","[[1009.5628662109375, 392.4852600097656, 1178.287353515625, 1032.2542724609375], [1610.3037109375, 418.8879699707031, 1823.3992919921875, 885.7828369140625], [504.51025390625, 456.67034912109375, 544.607421875, 560.9843139648438], [773.3533325195312, 446.9602966308594, 847.6122436523438, 652.9174194335938], [879.8782958984375, 432.7469177246094, 1036.5838623046875, 947.3530883789062], [380.6997375488281, 461.71185302734375, 426.6090393066406, 577.0648803710938], [1344.8680419921875, 420.2706604003906, 1460.447265625, 703.1973876953125], [675.932373046875, 486.8518371582031, 727.27978515625, 599.1202392578125], [736.2852783203125, 479.7301025390625, 778.3646850585938, 597.2367553710938], [3.419795036315918, 625.4481201171875, 115.38072967529297, 861.8603515625], [1594.33056640625, 409.5644836425781, 1695.5321044921875, 653.40087890625]]","[0.77587890625, 0.73828125, 0.54833984375, 0.73046875, 0.71875, 0.57470703125, 0.73876953125, 0.385009765625, 0.41357421875, 0.64111328125, 0.324462890625]","[[1093.9251098632812, 1032.2542724609375], [1716.8515014648438, 885.7828369140625], [524.558837890625, 560.9843139648438], [810.4827880859375, 652.9174194335938], [958.2310791015625, 947.3530883789062], [403.6543884277344, 577.0648803710938], [1402.6576538085938, 703.1973876953125], [701.6060791015625, 599.1202392578125], [757.3249816894531, 597.2367553710938], [59.40026235580444, 861.8603515625], [1644.9313354492188, 653.40087890625]]",425377792,410910720,425377792,640,yolo26m_int8_640_ncnn_model,MOT17-02
304,370.81739599989305,0.0,10,"[3, 37, 142, 147, 187, 137, 222, 252, 266, 267]","[[1013.595947265625, 392.237060546875, 1182.5321044921875, 1028.2796630859375], [1623.73095703125, 414.3077392578125, 1834.9725341796875, 892.25439453125], [504.1565856933594, 456.1789245605469, 544.4235229492188, 560.9915771484375], [775.593017578125, 446.4660339355469, 850.6639404296875, 654.3291625976562], [880.202880859375, 429.46649169921875, 1036.4268798828125, 951.091796875], [380.7512512207031, 461.172119140625, 426.76385498046875, 577.131103515625], [1333.3326416015625, 418.64471435546875, 1447.8193359375, 703.2802734375], [675.2059326171875, 488.2533874511719, 726.6450805664062, 601.4611206054688], [736.7181396484375, 479.1275329589844, 779.3588256835938, 597.770263671875], [2.00412917137146, 614.7664794921875, 119.04298400878906, 861.7081909179688]]","[0.7939453125, 0.7509765625, 0.53515625, 0.70166015625, 0.7119140625, 0.53466796875, 0.72802734375, 0.4091796875, 0.42626953125, 0.471435546875]","[[1098.0640258789062, 1028.2796630859375], [1729.3517456054688, 892.25439453125], [524.2900543212891, 560.9915771484375], [813.1284790039062, 654.3291625976562], [958.3148803710938, 951.091796875], [403.75755310058594, 577.131103515625], [1390.5759887695312, 703.2802734375], [700.9255065917969, 601.4611206054688], [758.0384826660156, 597.770263671875], [60.52355659008026, 861.7081909179688]]",425377792,410910720,425377792,640,yolo26m_int8_640_ncnn_model,MOT17-02
305,372.97324700011814,0.0,11,"[3, 37, 142, 147, 187, 137, 222, 252, 266, 267, 269]","[[1020.0026245117188, 394.6427001953125, 1189.0765380859375, 1021.3547973632812], [1635.44970703125, 413.8345642089844, 1847.806884765625, 907.1259155273438], [504.7194519042969, 456.24591064453125, 544.6597290039062, 560.7476196289062], [777.7845458984375, 451.1993408203125, 852.2416381835938, 656.8140258789062], [882.2313232421875, 428.71588134765625, 1036.24267578125, 951.9635620117188], [380.63287353515625, 461.70721435546875, 425.9817199707031, 576.4119873046875], [1328.0328369140625, 421.0301208496094, 1440.7396240234375, 700.3762817382812], [675.8553466796875, 489.515869140625, 726.4891967773438, 601.5860595703125], [736.81689453125, 480.00970458984375, 779.7142944335938, 599.0515747070312], [2.5932602882385254, 613.83251953125, 119.61412811279297, 860.2395629882812], [1577.4874267578125, 405.553466796875, 1738.798095703125, 800.0325927734375]]","[0.8154296875, 0.7451171875, 0.494140625, 0.701171875, 0.70068359375, 0.52734375, 0.72998046875, 0.331298828125, 0.353515625, 0.44873046875, 0.434326171875]","[[1104.5395812988281, 1021.3547973632812], [1741.6282958984375, 907.1259155273438], [524.6895904541016, 560.7476196289062], [815.0130920410156, 656.8140258789062], [959.2369995117188, 951.9635620117188], [403.3072967529297, 576.4119873046875], [1384.38623046875, 700.3762817382812], [701.1722717285156, 601.5860595703125], [758.2655944824219, 599.0515747070312], [61.10369420051575, 860.2395629882812], [1658.1427612304688, 800.0325927734375]]",425377792,410910720,425377792,640,yolo26m_int8_640_ncnn_model,MOT17-02
306,371.7776550001872,0.0,11,"[3, 37, 142, 147, 187, 137, 222, 252, 266, 267, 269]","[[1022.0682983398438, 392.55877685546875, 1195.7349853515625, 1022.8069458007812], [1651.3687744140625, 414.44647216796875, 1862.0572509765625, 912.059326171875], [503.2685241699219, 456.03082275390625, 543.4573364257812, 560.9031372070312], [779.6703491210938, 453.5128479003906, 853.5308837890625, 657.2389526367188], [884.3557739257812, 426.97479248046875, 1036.6121826171875, 951.727783203125], [380.8611755371094, 462.1604309082031, 425.91680908203125, 575.8868408203125], [1318.72021484375, 422.4683532714844, 1434.216064453125, 706.8142700195312], [676.7432861328125, 489.486328125, 726.7814331054688, 600.1483764648438], [736.7833251953125, 480.0517578125, 779.8779907226562, 598.7090454101562], [0.0, 472.80157470703125, 151.6312713623047, 863.999755859375], [1580.3167724609375, 406.4913635253906, 1746.5194091796875, 818.8255004882812]]","[0.81640625, 0.75830078125, 0.466796875, 0.67236328125, 0.71484375, 0.4599609375, 0.74951171875, 0.31787109375, 0.3896484375, 0.609375, 0.51171875]","[[1108.9016418457031, 1022.8069458007812], [1756.7130126953125, 912.059326171875], [523.3629302978516, 560.9031372070312], [816.6006164550781, 657.2389526367188], [960.4839782714844, 951.727783203125], [403.3889923095703, 575.8868408203125], [1376.4681396484375, 706.8142700195312], [701.7623596191406, 600.1483764648438], [758.3306579589844, 598.7090454101562], [75.81563568115234, 863.999755859375], [1663.4180908203125, 818.8255004882812]]",425377792,410910720,425377792,640,yolo26m_int8_640_ncnn_model,MOT17-02
307,415.40001699968343,0.0,11,"[3, 37, 142, 147, 187, 137, 222, 252, 266, 267, 269]","[[1027.8236083984375, 395.7586669921875, 1202.9996337890625, 1017.4481811523438], [1667.863037109375, 423.0602111816406, 1881.89013671875, 928.98681640625], [501.73834228515625, 456.2026062011719, 542.0214233398438, 560.7155151367188], [781.072265625, 448.1600646972656, 856.0917358398438, 656.6196899414062], [879.8977661132812, 425.3500671386719, 1032.009033203125, 952.5547485351562], [381.35821533203125, 462.5778503417969, 426.48681640625, 576.4371337890625], [1314.910888671875, 429.18121337890625, 1428.722900390625, 702.0562744140625], [676.6140747070312, 488.7139892578125, 727.3401489257812, 601.3873901367188], [736.8692016601562, 479.27801513671875, 780.333984375, 598.320068359375], [0.0, 423.3758239746094, 159.5313262939453, 863.3132934570312], [1586.126708984375, 407.82177734375, 1754.068603515625, 830.6270751953125]]","[0.8134765625, 0.81005859375, 0.471923828125, 0.685546875, 0.71142578125, 0.451416015625, 0.7724609375, 0.352294921875, 0.368896484375, 0.6474609375, 0.52783203125]","[[1115.41162109375, 1017.4481811523438], [1774.8765869140625, 928.98681640625], [521.8798828125, 560.7155151367188], [818.5820007324219, 656.6196899414062], [955.9533996582031, 952.5547485351562], [403.9225158691406, 576.4371337890625], [1371.81689453125, 702.0562744140625], [701.9771118164062, 601.3873901367188], [758.6015930175781, 598.320068359375], [79.76566314697266, 863.3132934570312], [1670.09765625, 830.6270751953125]]",425377792,410910720,425377792,640,yolo26m_int8_640_ncnn_model,MOT17-02
308,371.798989999661,0.0,11,"[3, 37, 142, 147, 187, 137, 222, 252, 266, 267, 269]","[[1027.847412109375, 393.97991943359375, 1208.6824951171875, 1021.4853515625], [1679.77587890625, 419.8442687988281, 1898.8001708984375, 931.2318725585938], [501.11761474609375, 456.0262145996094, 541.540283203125, 560.892822265625], [783.6373291015625, 447.8724365234375, 857.806640625, 655.6306762695312], [879.8102416992188, 425.4979553222656, 1030.480712890625, 953.0556030273438], [381.1600646972656, 464.2197265625, 425.6022033691406, 576.1484985351562], [1309.6856689453125, 430.5154113769531, 1425.3282470703125, 700.494140625], [677.8300170898438, 487.6815185546875, 728.256591796875, 599.6245727539062], [737.2015991210938, 479.5074462890625, 780.6902465820312, 597.6655883789062], [0.0, 395.53668212890625, 164.16676330566406, 866.6852416992188], [1593.0809326171875, 407.4848937988281, 1757.88720703125, 826.896484375]]","[0.8193359375, 0.80517578125, 0.51318359375, 0.7099609375, 0.705078125, 0.417724609375, 0.7802734375, 0.301025390625, 0.408203125, 0.6416015625, 0.59130859375]","[[1118.2649536132812, 1021.4853515625], [1789.2880249023438, 931.2318725585938], [521.3289489746094, 560.892822265625], [820.7219848632812, 655.6306762695312], [955.1454772949219, 953.0556030273438], [403.3811340332031, 576.1484985351562], [1367.5069580078125, 700.494140625], [703.0433044433594, 599.6245727539062], [758.9459228515625, 597.6655883789062], [82.08338165283203, 866.6852416992188], [1675.4840698242188, 826.896484375]]",425377792,410910720,425377792,640,yolo26m_int8_640_ncnn_model,MOT17-02
309,374.5895800002472,0.0,11,"[3, 37, 142, 147, 187, 137, 222, 252, 266, 267, 269]","[[1029.69970703125, 394.0596618652344, 1215.7037353515625, 1023.28955078125], [1685.06298828125, 428.8747863769531, 1903.8170166015625, 932.42236328125], [500.4408874511719, 456.9536437988281, 540.8416748046875, 560.9605712890625], [787.9293212890625, 448.5058288574219, 860.8692626953125, 655.468017578125], [879.22216796875, 426.81781005859375, 1029.3638916015625, 952.9404296875], [380.895751953125, 463.8357238769531, 425.4609069824219, 576.0393676757812], [1302.1019287109375, 430.7315368652344, 1421.2979736328125, 704.2111206054688], [678.128173828125, 485.7909851074219, 728.25341796875, 596.4750366210938], [736.4660034179688, 478.3171081542969, 780.636474609375, 597.6821899414062], [0.0, 383.5932922363281, 162.6692657470703, 863.3477172851562], [1599.7470703125, 409.054931640625, 1762.7816162109375, 826.6773681640625]]","[0.8310546875, 0.84716796875, 0.505859375, 0.69091796875, 0.69970703125, 0.484375, 0.77978515625, 0.28125, 0.354736328125, 0.650390625, 0.5888671875]","[[1122.7017211914062, 1023.28955078125], [1794.4400024414062, 932.42236328125], [520.6412811279297, 560.9605712890625], [824.3992919921875, 655.468017578125], [954.2930297851562, 952.9404296875], [403.17832946777344, 576.0393676757812], [1361.699951171875, 704.2111206054688], [703.1907958984375, 596.4750366210938], [758.5512390136719, 597.6821899414062], [81.33463287353516, 863.3477172851562], [1681.2643432617188, 826.6773681640625]]",425377792,410910720,425377792,640,yolo26m_int8_640_ncnn_model,MOT17-02
310,371.65243499975986,0.0,11,"[3, 37, 142, 147, 187, 137, 222, 252, 266, 267, 269]","[[1030.7412109375, 393.0997009277344, 1221.7554931640625, 1023.0279541015625], [1687.1234130859375, 436.1124267578125, 1906.6864013671875, 932.937744140625], [500.7679138183594, 455.82012939453125, 541.5179443359375, 561.4833374023438], [790.2059326171875, 448.00555419921875, 863.1609497070312, 658.1110229492188], [881.7554321289062, 427.3455505371094, 1031.038330078125, 952.8412475585938], [380.5945739746094, 462.44171142578125, 425.6182556152344, 576.2484741210938], [1294.7864990234375, 430.7906799316406, 1414.88525390625, 700.6429443359375], [676.1658935546875, 486.8364562988281, 727.8030395507812, 601.5660400390625], [736.553466796875, 478.3861999511719, 780.2432250976562, 595.1740112304688], [0.0, 381.4706115722656, 158.23593139648438, 861.6386108398438], [1607.945556640625, 406.3350830078125, 1772.23486328125, 828.7071533203125]]","[0.8447265625, 0.83251953125, 0.5009765625, 0.6591796875, 0.73681640625, 0.49755859375, 0.75146484375, 0.26953125, 0.4384765625, 0.7294921875, 0.49609375]","[[1126.2483520507812, 1023.0279541015625], [1796.9049072265625, 932.937744140625], [521.1429290771484, 561.4833374023438], [826.6834411621094, 658.1110229492188], [956.3968811035156, 952.8412475585938], [403.1064147949219, 576.2484741210938], [1354.8358764648438, 700.6429443359375], [701.9844665527344, 601.5660400390625], [758.3983459472656, 595.1740112304688], [79.11796569824219, 861.6386108398438], [1690.0902099609375, 828.7071533203125]]",425377792,410910720,425377792,640,yolo26m_int8_640_ncnn_model,MOT17-02
311,408.07256000016423,0.0,11,"[3, 37, 142, 147, 187, 137, 222, 252, 266, 267, 269]","[[1032.3427734375, 393.7313537597656, 1226.5616455078125, 1018.00537109375], [1686.7413330078125, 440.5818786621094, 1910.07958984375, 940.1564331054688], [498.3961181640625, 455.8907165527344, 539.3632202148438, 561.1854858398438], [791.5682983398438, 446.5883483886719, 863.3487548828125, 656.3829345703125], [881.8031616210938, 426.32696533203125, 1030.532470703125, 953.0036010742188], [379.81591796875, 463.889404296875, 424.3742370605469, 576.3279418945312], [1285.1951904296875, 431.78436279296875, 1404.974609375, 695.3063354492188], [677.3207397460938, 486.98095703125, 725.7509155273438, 593.8784790039062], [735.8798217773438, 478.6742248535156, 779.7720947265625, 594.998779296875], [0.0, 380.8560791015625, 156.46975708007812, 861.1454467773438], [1616.176513671875, 407.9117736816406, 1780.1998291015625, 828.7802124023438]]","[0.84326171875, 0.83251953125, 0.4990234375, 0.7314453125, 0.7314453125, 0.51708984375, 0.646484375, 0.378173828125, 0.472412109375, 0.79443359375, 0.42919921875]","[[1129.4522094726562, 1018.00537109375], [1798.4104614257812, 940.1564331054688], [518.8796691894531, 561.1854858398438], [827.4585266113281, 656.3829345703125], [956.1678161621094, 953.0036010742188], [402.09507751464844, 576.3279418945312], [1345.0848999023438, 695.3063354492188], [701.5358276367188, 593.8784790039062], [757.8259582519531, 594.998779296875], [78.23487854003906, 861.1454467773438], [1698.1881713867188, 828.7802124023438]]",425377792,410910720,425377792,640,yolo26m_int8_640_ncnn_model,MOT17-02
312,370.3068620002341,0.0,11,"[3, 37, 142, 147, 187, 137, 222, 252, 266, 267, 269]","[[1033.171875, 396.46453857421875, 1229.8858642578125, 1015.6478271484375], [1685.69140625, 431.3953857421875, 1915.071533203125, 940.7760009765625], [496.6416015625, 455.6759033203125, 537.9324951171875, 561.3170166015625], [795.0498657226562, 446.7901306152344, 866.1752319335938, 656.9301147460938], [883.7877807617188, 424.96844482421875, 1032.2510986328125, 952.03564453125], [379.3750305175781, 464.1913757324219, 423.55511474609375, 575.61181640625], [1276.120361328125, 431.1244201660156, 1395.363525390625, 690.3275146484375], [676.8368530273438, 487.81109619140625, 724.849365234375, 593.1498413085938], [735.5545654296875, 478.53253173828125, 779.6708984375, 594.1954956054688], [0.0, 379.8915100097656, 158.74342346191406, 862.8311767578125], [1624.2073974609375, 407.3592834472656, 1803.2703857421875, 863.7252197265625]]","[0.84130859375, 0.83935546875, 0.5498046875, 0.6962890625, 0.72607421875, 0.52197265625, 0.6962890625, 0.322021484375, 0.471435546875, 0.82763671875, 0.474853515625]","[[1131.5288696289062, 1015.6478271484375], [1800.3814697265625, 940.7760009765625], [517.2870483398438, 561.3170166015625], [830.612548828125, 656.9301147460938], [958.0194396972656, 952.03564453125], [401.46507263183594, 575.61181640625], [1335.741943359375, 690.3275146484375], [700.8431091308594, 593.1498413085938], [757.6127319335938, 594.1954956054688], [79.37171173095703, 862.8311767578125], [1713.7388916015625, 863.7252197265625]]",425377792,410910720,425377792,640,yolo26m_int8_640_ncnn_model,MOT17-02
313,368.7997329998325,0.0,11,"[3, 37, 142, 147, 187, 137, 222, 252, 266, 267, 269]","[[1033.9188232421875, 397.2397155761719, 1232.445556640625, 1010.0828857421875], [1686.1729736328125, 429.3555603027344, 1917.9605712890625, 941.375244140625], [496.6826171875, 456.0936279296875, 537.7206420898438, 560.8713989257812], [797.9962768554688, 445.1447448730469, 869.3886108398438, 656.874755859375], [879.1668090820312, 424.47149658203125, 1028.316162109375, 951.6307983398438], [379.05841064453125, 463.7986755371094, 423.41644287109375, 575.8425903320312], [1265.8642578125, 428.3431091308594, 1385.26513671875, 690.0531005859375], [676.3082885742188, 486.597900390625, 724.8827514648438, 593.42041015625], [735.2572021484375, 477.7291564941406, 779.808837890625, 593.6629638671875], [0.0, 381.2585144042969, 164.08404541015625, 865.638427734375], [1628.615234375, 408.5592041015625, 1810.6988525390625, 868.947509765625]]","[0.82666015625, 0.802734375, 0.52392578125, 0.6728515625, 0.73974609375, 0.53125, 0.74951171875, 0.385498046875, 0.48291015625, 0.84423828125, 0.432861328125]","[[1133.1821899414062, 1010.0828857421875], [1802.0667724609375, 941.375244140625], [517.2016296386719, 560.8713989257812], [833.6924438476562, 656.874755859375], [953.7414855957031, 951.6307983398438], [401.2374267578125, 575.8425903320312], [1325.564697265625, 690.0531005859375], [700.5955200195312, 593.42041015625], [757.5330200195312, 593.6629638671875], [82.04202270507812, 865.638427734375], [1719.6570434570312, 868.947509765625]]",425377792,410910720,425377792,640,yolo26m_int8_640_ncnn_model,MOT17-02
314,368.0151039998236,0.0,11,"[3, 37, 142, 147, 187, 137, 222, 252, 266, 267, 269]","[[1030.2781982421875, 396.5209655761719, 1235.0889892578125, 1019.040771484375], [1684.938232421875, 422.67266845703125, 1920.0, 947.3570556640625], [495.65118408203125, 457.4984130859375, 536.755615234375, 561.446044921875], [800.8557739257812, 445.0220947265625, 872.6250610351562, 658.3178100585938], [877.1768798828125, 423.3150939941406, 1028.97412109375, 958.3720703125], [378.89453125, 464.1419372558594, 423.4277648925781, 576.4270629882812], [1261.4915771484375, 426.314453125, 1378.6851806640625, 688.0115966796875], [676.3307495117188, 486.40399169921875, 725.6781005859375, 595.2870483398438], [735.1650390625, 479.18511962890625, 779.8428344726562, 594.73291015625], [0.0, 386.6599426269531, 173.07754516601562, 864.8277587890625], [1637.876220703125, 411.47186279296875, 1824.742431640625, 875.1026611328125]]","[0.8271484375, 0.3798828125, 0.481689453125, 0.6806640625, 0.7294921875, 0.4775390625, 0.71630859375, 0.36572265625, 0.443603515625, 0.81787109375, 0.447509765625]","[[1132.68359375, 1019.040771484375], [1802.4691162109375, 947.3570556640625], [516.2033996582031, 561.446044921875], [836.7404174804688, 658.3178100585938], [953.0755004882812, 958.3720703125], [401.16114807128906, 576.4270629882812], [1320.08837890625, 688.0115966796875], [701.0044250488281, 595.2870483398438], [757.5039367675781, 594.73291015625], [86.53877258300781, 864.8277587890625], [1731.309326171875, 875.1026611328125]]",425377792,410910720,425377792,640,yolo26m_int8_640_ncnn_model,MOT17-02
315,390.4815910000252,0.0,11,"[3, 37, 142, 147, 187, 137, 222, 252, 266, 267, 269]","[[1033.87548828125, 396.2456359863281, 1240.843994140625, 1020.43408203125], [1720.6636962890625, 426.00018310546875, 1920.0, 951.477294921875], [495.1133117675781, 457.0339660644531, 536.5900268554688, 560.6680908203125], [806.8184814453125, 445.7259826660156, 877.6569213867188, 655.157470703125], [880.7367553710938, 426.8324890136719, 1030.787109375, 954.9830322265625], [379.5016174316406, 464.7621154785156, 423.7738037109375, 576.153076171875], [1255.073486328125, 425.5497741699219, 1369.6904296875, 688.3028564453125], [675.9260864257812, 486.3360290527344, 726.3942260742188, 597.9908447265625], [735.33642578125, 479.98687744140625, 779.6514282226562, 593.902099609375], [7.454263210296631, 384.0726623535156, 192.6807861328125, 864.47607421875], [1661.5499267578125, 413.1219787597656, 1852.125, 891.6010131835938]]","[0.82861328125, 0.751953125, 0.44140625, 0.6826171875, 0.72314453125, 0.50439453125, 0.68994140625, 0.282470703125, 0.302001953125, 0.8212890625, 0.572265625]","[[1137.3597412109375, 1020.43408203125], [1820.3318481445312, 951.477294921875], [515.8516693115234, 560.6680908203125], [842.2377014160156, 655.157470703125], [955.7619323730469, 954.9830322265625], [401.63771057128906, 576.153076171875], [1312.3819580078125, 688.3028564453125], [701.16015625, 597.9908447265625], [757.4939270019531, 593.902099609375], [100.06752467155457, 864.47607421875], [1756.8374633789062, 891.6010131835938]]",425377792,410910720,425377792,640,yolo26m_int8_640_ncnn_model,MOT17-02
316,368.6680310001975,0.0,11,"[3, 37, 142, 147, 187, 137, 222, 252, 266, 267, 269]","[[1041.883544921875, 398.1147766113281, 1246.0948486328125, 1011.0816040039062], [1741.498779296875, 425.3604431152344, 1920.0, 947.0285034179688], [495.0213317871094, 456.6083068847656, 536.9627685546875, 560.6237182617188], [806.681396484375, 445.2628173828125, 877.7823486328125, 657.6566772460938], [883.005859375, 424.2389221191406, 1032.53515625, 954.6143798828125], [379.47491455078125, 464.9898376464844, 423.6816101074219, 576.0486450195312], [1252.221435546875, 425.76751708984375, 1362.392333984375, 687.972412109375], [675.5474243164062, 486.8066101074219, 726.8916625976562, 600.5018310546875], [735.3722534179688, 479.5332946777344, 780.11181640625, 594.355712890625], [25.528125762939453, 386.9395751953125, 212.81869506835938, 864.0798950195312], [1672.734130859375, 408.272705078125, 1864.3365478515625, 894.3798828125]]","[0.8193359375, 0.5986328125, 0.465087890625, 0.65380859375, 0.69287109375, 0.5009765625, 0.69775390625, 0.277587890625, 0.31689453125, 0.83447265625, 0.423828125]","[[1143.9891967773438, 1011.0816040039062], [1830.7493896484375, 947.0285034179688], [515.9920501708984, 560.6237182617188], [842.2318725585938, 657.6566772460938], [957.7705078125, 954.6143798828125], [401.57826232910156, 576.0486450195312], [1307.306884765625, 687.972412109375], [701.2195434570312, 600.5018310546875], [757.7420349121094, 594.355712890625], [119.17341041564941, 864.0798950195312], [1768.5353393554688, 894.3798828125]]",425377792,410910720,425377792,640,yolo26m_int8_640_ncnn_model,MOT17-02
317,370.46006700029466,0.0,11,"[3, 37, 142, 147, 187, 137, 222, 252, 266, 267, 269]","[[1039.8062744140625, 397.06890869140625, 1246.9615478515625, 1016.2949829101562], [1758.64990234375, 425.1332092285156, 1920.0, 944.193359375], [495.0553283691406, 455.9521484375, 537.5726928710938, 561.1043090820312], [807.242919921875, 446.5745849609375, 878.0388793945312, 659.0738525390625], [880.9588623046875, 418.0840759277344, 1031.1021728515625, 953.70751953125], [380.2364196777344, 464.8186950683594, 424.87579345703125, 576.2584838867188], [1248.32861328125, 422.6237487792969, 1356.126220703125, 688.1509399414062], [676.0482177734375, 486.9913330078125, 727.4180908203125, 601.4647827148438], [735.1952514648438, 479.36224365234375, 780.4730834960938, 595.5293579101562], [40.396610260009766, 391.0865478515625, 232.37948608398438, 864.6358032226562], [1666.9798583984375, 399.3668212890625, 1857.594482421875, 880.54638671875]]","[0.81591796875, 0.587890625, 0.51513671875, 0.60009765625, 0.72314453125, 0.55029296875, 0.72119140625, 0.30224609375, 0.31689453125, 0.8115234375, 0.440673828125]","[[1143.3839111328125, 1016.2949829101562], [1839.324951171875, 944.193359375], [516.3140106201172, 561.1043090820312], [842.6408996582031, 659.0738525390625], [956.030517578125, 953.70751953125], [402.5561065673828, 576.2584838867188], [1302.2274169921875, 688.1509399414062], [701.733154296875, 601.4647827148438], [757.8341674804688, 595.5293579101562], [136.38804817199707, 864.6358032226562], [1762.2871704101562, 880.54638671875]]",425377792,410910720,425377792,640,yolo26m_int8_640_ncnn_model,MOT17-02
318,369.7141229999943,0.0,11,"[3, 37, 142, 147, 187, 137, 222, 252, 266, 267, 269]","[[1041.817626953125, 397.6629333496094, 1250.258544921875, 1019.2530517578125], [1768.5517578125, 422.0988464355469, 1920.0, 945.9813232421875], [494.4169921875, 455.95294189453125, 537.0082397460938, 561.039794921875], [810.2083740234375, 444.1178894042969, 879.1315307617188, 654.6571655273438], [878.7866821289062, 416.0238342285156, 1028.9539794921875, 951.1234130859375], [380.3801574707031, 465.2431945800781, 424.9778137207031, 575.841796875], [1243.3677978515625, 424.1780700683594, 1347.89794921875, 687.5159912109375], [676.155517578125, 487.3107604980469, 726.718994140625, 600.5957641601562], [734.5594482421875, 479.2963562011719, 780.1862182617188, 595.97802734375], [50.11906433105469, 392.6674499511719, 248.4487762451172, 864.59375], [1671.1697998046875, 395.8343505859375, 1857.2918701171875, 864.494873046875]]","[0.8203125, 0.6455078125, 0.494140625, 0.5029296875, 0.70703125, 0.396484375, 0.701171875, 0.29638671875, 0.3564453125, 0.8271484375, 0.4248046875]","[[1146.0380859375, 1019.2530517578125], [1844.27587890625, 945.9813232421875], [515.7126159667969, 561.039794921875], [844.6699523925781, 654.6571655273438], [953.8703308105469, 951.1234130859375], [402.6789855957031, 575.841796875], [1295.6328735351562, 687.5159912109375], [701.437255859375, 600.5957641601562], [757.3728332519531, 595.97802734375], [149.28392028808594, 864.59375], [1764.2308349609375, 864.494873046875]]",425377792,410910720,425377792,640,yolo26m_int8_640_ncnn_model,MOT17-02
319,388.7660740001593,0.0,10,"[3, 37, 142, 147, 187, 137, 222, 266, 267, 269]","[[1041.74072265625, 400.6041564941406, 1249.1617431640625, 1018.662841796875], [1773.1903076171875, 416.29608154296875, 1920.0, 948.303955078125], [493.9723815917969, 455.95684814453125, 536.535400390625, 561.0147705078125], [815.2393188476562, 444.4296875, 883.3887329101562, 653.7073974609375], [881.51611328125, 415.2816162109375, 1032.452880859375, 952.0960693359375], [380.4341125488281, 464.89886474609375, 425.515625, 576.181884765625], [1237.17919921875, 428.0252990722656, 1339.757568359375, 688.0682983398438], [734.2769775390625, 479.2704772949219, 780.1179809570312, 596.1509399414062], [55.37158966064453, 394.1059265136719, 260.6055908203125, 864.3187255859375], [1690.56689453125, 400.400146484375, 1866.209228515625, 853.6095581054688]]","[0.8291015625, 0.416259765625, 0.475830078125, 0.59326171875, 0.74169921875, 0.52392578125, 0.6923828125, 0.2763671875, 0.837890625, 0.4482421875]","[[1145.4512329101562, 1018.662841796875], [1846.5951538085938, 948.303955078125], [515.2538909912109, 561.0147705078125], [849.3140258789062, 653.7073974609375], [956.9844970703125, 952.0960693359375], [402.97486877441406, 576.181884765625], [1288.4683837890625, 688.0682983398438], [757.1974792480469, 596.1509399414062], [157.98859024047852, 864.3187255859375], [1778.3880615234375, 853.6095581054688]]",425377792,410910720,425377792,640,yolo26m_int8_640_ncnn_model,MOT17-02
320,375.3267499996582,0.0,10,"[3, 37, 142, 147, 187, 137, 222, 266, 267, 269]","[[1043.4384765625, 404.9366149902344, 1249.780517578125, 1020.1897583007812], [1787.786865234375, 426.13177490234375, 1920.0, 944.9439697265625], [494.3754577636719, 455.9613037109375, 536.8106689453125, 561.0051879882812], [818.0201416015625, 445.8002624511719, 885.9058837890625, 654.0980834960938], [882.7074584960938, 414.54949951171875, 1033.5989990234375, 949.9865112304688], [380.090087890625, 464.02069091796875, 425.5848693847656, 576.0623779296875], [1235.177001953125, 436.7169189453125, 1333.977294921875, 687.0693969726562], [734.1056518554688, 478.76446533203125, 779.6638793945312, 594.7298583984375], [56.50862121582031, 400.8299560546875, 266.8416748046875, 862.4832763671875], [1693.0093994140625, 396.2581481933594, 1866.035888671875, 846.9168701171875]]","[0.8291015625, 0.6923828125, 0.466796875, 0.58056640625, 0.73974609375, 0.46630859375, 0.6787109375, 0.3857421875, 0.84912109375, 0.65283203125]","[[1146.6094970703125, 1020.1897583007812], [1853.8934326171875, 944.9439697265625], [515.5930633544922, 561.0051879882812], [851.9630126953125, 654.0980834960938], [958.1532287597656, 949.9865112304688], [402.8374786376953, 576.0623779296875], [1284.5771484375, 687.0693969726562], [756.884765625, 594.7298583984375], [161.6751480102539, 862.4832763671875], [1779.5226440429688, 846.9168701171875]]",425377792,410910720,425377792,640,yolo26m_int8_640_ncnn_model,MOT17-02
321,371.43599399996674,0.0,11,"[3, 37, 142, 147, 187, 137, 222, 266, 267, 269, 252]","[[1045.0159912109375, 412.2581787109375, 1248.8934326171875, 1020.0285034179688], [1798.16357421875, 426.2658996582031, 1920.0, 955.2291259765625], [493.48272705078125, 455.71795654296875, 536.0114135742188, 561.249267578125], [821.413818359375, 444.3364562988281, 890.26806640625, 656.23779296875], [885.345458984375, 416.295654296875, 1035.7677001953125, 946.2064208984375], [379.8043212890625, 464.4269104003906, 425.2701416015625, 576.2645874023438], [1230.910888671875, 431.8876647949219, 1331.9866943359375, 687.7468872070312], [734.334716796875, 479.07037353515625, 780.197509765625, 595.6852416992188], [60.37571716308594, 399.01287841796875, 278.2598876953125, 858.7973022460938], [1704.948486328125, 395.7161865234375, 1878.11083984375, 853.9597778320312], [676.2514038085938, 486.543212890625, 727.5952758789062, 602.3538818359375]]","[0.83642578125, 0.6181640625, 0.472412109375, 0.556640625, 0.74951171875, 0.505859375, 0.697265625, 0.39599609375, 0.85595703125, 0.75, 0.294677734375]","[[1146.9547119140625, 1020.0285034179688], [1859.081787109375, 955.2291259765625], [514.7470703125, 561.249267578125], [855.8409423828125, 656.23779296875], [960.5565795898438, 946.2064208984375], [402.5372314453125, 576.2645874023438], [1281.4487915039062, 687.7468872070312], [757.26611328125, 595.6852416992188], [169.31780242919922, 858.7973022460938], [1791.5296630859375, 853.9597778320312], [701.92333984375, 602.3538818359375]]",425377792,410910720,425377792,640,yolo26m_int8_640_ncnn_model,MOT17-02
322,369.47458800023014,0.0,12,"[3, 37, 142, 147, 187, 137, 222, 266, 267, 269, 294, 252]","[[1048.1724853515625, 412.974609375, 1250.8035888671875, 1016.9789428710938], [1809.5213623046875, 431.9679260253906, 1920.0, 954.3224487304688], [493.1023254394531, 454.8869934082031, 535.7811279296875, 561.0938720703125], [823.6021118164062, 446.2561340332031, 892.7887573242188, 658.5169677734375], [880.1890258789062, 414.51458740234375, 1034.7430419921875, 952.2314453125], [380.1501770019531, 463.5882568359375, 425.6874084472656, 575.3500366210938], [1229.355712890625, 431.612548828125, 1330.5828857421875, 687.5133666992188], [734.956298828125, 479.1861572265625, 780.8565063476562, 596.047119140625], [58.607627868652344, 400.407470703125, 282.1014099121094, 855.6741333007812], [1714.917724609375, 396.0346374511719, 1886.5672607421875, 854.9086303710938], [1440.31494140625, 438.82501220703125, 1484.68505859375, 549.9749755859375], [676.9651489257812, 489.2157897949219, 726.0117797851562, 599.8153076171875]]","[0.833984375, 0.5712890625, 0.476318359375, 0.5078125, 0.7666015625, 0.5, 0.66845703125, 0.45068359375, 0.85107421875, 0.7841796875, 0.405029296875, 0.346435546875]","[[1149.488037109375, 1016.9789428710938], [1864.7606811523438, 954.3224487304688], [514.4417266845703, 561.0938720703125], [858.1954345703125, 658.5169677734375], [957.4660339355469, 952.2314453125], [402.9187927246094, 575.3500366210938], [1279.9692993164062, 687.5133666992188], [757.9064025878906, 596.047119140625], [170.35451889038086, 855.6741333007812], [1800.7424926757812, 854.9086303710938], [1462.5, 549.9749755859375], [701.4884643554688, 599.8153076171875]]",425377792,410910720,425377792,640,yolo26m_int8_640_ncnn_model,MOT17-02
323,394.20529600010923,0.0,11,"[3, 142, 147, 187, 137, 222, 266, 267, 269, 294, 252]","[[1049.2908935546875, 412.18304443359375, 1252.4197998046875, 1017.8413696289062], [493.26165771484375, 455.810546875, 535.4212036132812, 560.7874145507812], [824.5858764648438, 446.256103515625, 893.3796997070312, 657.155517578125], [877.2786254882812, 413.8741455078125, 1034.3204345703125, 956.4581909179688], [379.54254150390625, 465.0055847167969, 425.09625244140625, 576.2449951171875], [1228.8355712890625, 432.2359619140625, 1330.520751953125, 688.6972045898438], [733.6171264648438, 480.2207946777344, 780.2044677734375, 599.1567993164062], [61.49456787109375, 399.8234558105469, 291.18048095703125, 852.0234375], [1726.2974853515625, 398.1676330566406, 1895.4210205078125, 855.9276123046875], [1442.5797119140625, 438.1826171875, 1487.09228515625, 549.2158203125], [676.9514770507812, 486.3790588378906, 725.7135620117188, 596.6383666992188]]","[0.83544921875, 0.52587890625, 0.5517578125, 0.76416015625, 0.55908203125, 0.6640625, 0.417236328125, 0.8720703125, 0.75732421875, 0.442138671875, 0.30810546875]","[[1150.8553466796875, 1017.8413696289062], [514.3414306640625, 560.7874145507812], [858.9827880859375, 657.155517578125], [955.7995300292969, 956.4581909179688], [402.31939697265625, 576.2449951171875], [1279.6781616210938, 688.6972045898438], [756.9107971191406, 599.1567993164062], [176.3375244140625, 852.0234375], [1810.8592529296875, 855.9276123046875], [1464.8359985351562, 549.2158203125], [701.33251953125, 596.6383666992188]]",425377792,410910720,425377792,640,yolo26m_int8_640_ncnn_model,MOT17-02
324,368.9992180002264,0.0,12,"[3, 142, 147, 187, 137, 222, 266, 267, 269, 294, 252, 297]","[[1051.275146484375, 410.3433532714844, 1253.296630859375, 1015.6941528320312], [491.7213134765625, 455.67205810546875, 533.9382934570312, 561.16748046875], [827.670166015625, 445.0152893066406, 896.6281127929688, 654.8873901367188], [874.9805297851562, 413.41705322265625, 1034.3404541015625, 957.314208984375], [379.36578369140625, 465.2925109863281, 424.81964111328125, 575.8406982421875], [1226.0921630859375, 434.4435729980469, 1326.52783203125, 687.17822265625], [734.15185546875, 479.870849609375, 780.3956298828125, 598.1093139648438], [62.90693283081055, 401.6396179199219, 294.917236328125, 844.9708251953125], [1737.3792724609375, 397.0491943359375, 1905.2513427734375, 857.0189819335938], [1445.8541259765625, 438.8535461425781, 1490.03173828125, 548.0887451171875], [678.6654663085938, 488.0931091308594, 725.880126953125, 594.7491455078125], [1860.7523193359375, 470.625, 1920.0, 939.375]]","[0.8310546875, 0.48291015625, 0.52197265625, 0.77392578125, 0.55126953125, 0.55224609375, 0.44482421875, 0.8759765625, 0.7080078125, 0.4384765625, 0.379150390625, 0.335693359375]","[[1152.285888671875, 1015.6941528320312], [512.8298034667969, 561.16748046875], [862.1491394042969, 654.8873901367188], [954.6604919433594, 957.314208984375], [402.09271240234375, 575.8406982421875], [1276.3099975585938, 687.17822265625], [757.2737426757812, 598.1093139648438], [178.91208457946777, 844.9708251953125], [1821.3153076171875, 857.0189819335938], [1467.9429321289062, 548.0887451171875], [702.2727966308594, 594.7491455078125], [1890.3761596679688, 939.375]]",425377792,410910720,425377792,640,yolo26m_int8_640_ncnn_model,MOT17-02
325,370.58119899984376,0.0,11,"[3, 142, 147, 187, 137, 222, 266, 267, 269, 294, 252]","[[1051.4532470703125, 409.85107421875, 1253.0472412109375, 1015.6439208984375], [491.7654113769531, 455.6218566894531, 533.7800903320312, 561.3102416992188], [828.5436401367188, 445.2933044433594, 898.9401245117188, 658.2473754882812], [873.3041381835938, 412.7825622558594, 1033.1656494140625, 954.15576171875], [379.0342102050781, 464.64947509765625, 424.98443603515625, 576.43408203125], [1220.894287109375, 433.0111999511719, 1321.6431884765625, 685.87451171875], [733.5997924804688, 479.48394775390625, 780.2409057617188, 598.9312744140625], [64.61274719238281, 403.386962890625, 300.96136474609375, 844.5805053710938], [1746.6712646484375, 396.15167236328125, 1913.1578369140625, 856.710693359375], [1448.2857666015625, 439.0805358886719, 1492.78125, 547.7658081054688], [678.1936645507812, 487.7340087890625, 727.0601806640625, 599.098388671875]]","[0.8388671875, 0.479736328125, 0.5126953125, 0.78662109375, 0.548828125, 0.48486328125, 0.4990234375, 0.86474609375, 0.74951171875, 0.478515625, 0.390869140625]","[[1152.250244140625, 1015.6439208984375], [512.7727508544922, 561.3102416992188], [863.7418823242188, 658.2473754882812], [953.2348937988281, 954.15576171875], [402.0093231201172, 576.43408203125], [1271.2687377929688, 685.87451171875], [756.9203491210938, 598.9312744140625], [182.78705596923828, 844.5805053710938], [1829.91455078125, 856.710693359375], [1470.5335083007812, 547.7658081054688], [702.6269226074219, 599.098388671875]]",425377792,410910720,425377792,640,yolo26m_int8_640_ncnn_model,MOT17-02
326,369.78743999998187,0.0,10,"[3, 142, 147, 187, 137, 266, 267, 269, 294, 252]","[[1051.3436279296875, 405.4111633300781, 1253.9794921875, 1015.89208984375], [491.44085693359375, 454.12030029296875, 533.6039428710938, 560.8685913085938], [829.5296020507812, 442.44366455078125, 901.9443969726562, 661.4761962890625], [874.7678833007812, 423.22027587890625, 1032.601806640625, 950.2042846679688], [379.5047912597656, 464.65228271484375, 425.4441833496094, 576.4091186523438], [734.2196655273438, 480.32269287109375, 780.3433837890625, 598.2469482421875], [69.34046936035156, 402.76214599609375, 308.14727783203125, 843.0057373046875], [1756.189453125, 395.3398132324219, 1920.0, 856.859375], [1450.17041015625, 439.696044921875, 1494.548828125, 547.1470947265625], [677.4017944335938, 488.830322265625, 726.6312255859375, 601.4082641601562]]","[0.8232421875, 0.51025390625, 0.459716796875, 0.7666015625, 0.5634765625, 0.513671875, 0.84423828125, 0.7373046875, 0.48583984375, 0.363525390625]","[[1152.6615600585938, 1015.89208984375], [512.5223999023438, 560.8685913085938], [865.7369995117188, 661.4761962890625], [953.6848449707031, 950.2042846679688], [402.4744873046875, 576.4091186523438], [757.2815246582031, 598.2469482421875], [188.7438735961914, 843.0057373046875], [1838.0947265625, 856.859375], [1472.359619140625, 547.1470947265625], [702.0165100097656, 601.4082641601562]]",425377792,410910720,425377792,640,yolo26m_int8_640_ncnn_model,MOT17-02
327,379.66882300042926,0.0,10,"[3, 142, 147, 187, 137, 266, 267, 269, 294, 252]","[[1052.364990234375, 408.66839599609375, 1253.1478271484375, 1016.0008544921875], [491.4356994628906, 455.03662109375, 532.9580688476562, 561.1945190429688], [838.6738891601562, 444.0584411621094, 909.8101196289062, 661.9541015625], [876.3052368164062, 419.96240234375, 1035.4228515625, 947.9396362304688], [379.5942077636719, 465.14654541015625, 425.2176208496094, 575.902587890625], [733.8745727539062, 479.3998107910156, 780.9693603515625, 600.209716796875], [78.20238494873047, 397.754150390625, 318.6043701171875, 840.4869384765625], [1761.7042236328125, 397.271484375, 1920.0, 867.3131713867188], [1450.49609375, 438.826416015625, 1496.310546875, 548.036865234375], [677.37841796875, 488.51055908203125, 726.6656494140625, 601.0658569335938]]","[0.83544921875, 0.47265625, 0.300048828125, 0.744140625, 0.56005859375, 0.56201171875, 0.86181640625, 0.732421875, 0.60107421875, 0.333740234375]","[[1152.7564086914062, 1016.0008544921875], [512.1968841552734, 561.1945190429688], [874.2420043945312, 661.9541015625], [955.8640441894531, 947.9396362304688], [402.4059143066406, 575.902587890625], [757.4219665527344, 600.209716796875], [198.40337753295898, 840.4869384765625], [1840.8521118164062, 867.3131713867188], [1473.4033203125, 548.036865234375], [702.0220336914062, 601.0658569335938]]",425377792,410910720,425377792,640,yolo26m_int8_640_ncnn_model,MOT17-02
328,371.468255000309,0.0,10,"[3, 142, 187, 137, 266, 267, 269, 294, 252, 222]","[[1053.15087890625, 401.20172119140625, 1255.2857666015625, 1015.80908203125], [490.64874267578125, 454.8988037109375, 532.0458374023438, 561.8151245117188], [874.85498046875, 422.22601318359375, 1034.5113525390625, 949.5927734375], [379.4190979003906, 464.8338928222656, 425.3415832519531, 576.2072143554688], [734.8363647460938, 480.7723083496094, 781.093994140625, 599.2162475585938], [92.26405334472656, 397.0223083496094, 328.475341796875, 834.6470336914062], [1763.910888671875, 395.33184814453125, 1920.0, 860.1139526367188], [1452.13330078125, 439.0370788574219, 1498.3577880859375, 547.8447875976562], [677.8277587890625, 487.3916320800781, 727.2064208984375, 600.924560546875], [1202.201904296875, 433.1188659667969, 1275.9921875, 622.20751953125]]","[0.81787109375, 0.462890625, 0.7216796875, 0.62744140625, 0.5615234375, 0.85205078125, 0.6650390625, 0.59521484375, 0.416015625, 0.498046875]","[[1154.2183227539062, 1015.80908203125], [511.3472900390625, 561.8151245117188], [954.6831665039062, 949.5927734375], [402.3803405761719, 576.2072143554688], [757.9651794433594, 599.2162475585938], [210.36969757080078, 834.6470336914062], [1841.9554443359375, 860.1139526367188], [1475.2455444335938, 547.8447875976562], [702.51708984375, 600.924560546875], [1239.0970458984375, 622.20751953125]]",425377792,410910720,425377792,640,yolo26m_int8_640_ncnn_model,MOT17-02
329,369.1219790002833,0.0,10,"[3, 142, 187, 137, 266, 267, 269, 294, 252, 222]","[[1055.890625, 403.580322265625, 1256.511474609375, 1015.5008544921875], [490.3987731933594, 454.6033020019531, 531.686279296875, 562.2942504882812], [880.3564453125, 422.08294677734375, 1040.0303955078125, 949.2348022460938], [379.809814453125, 464.7139892578125, 425.923095703125, 576.3217163085938], [734.2933959960938, 481.0541687011719, 781.061279296875, 601.05322265625], [107.13761138916016, 398.9364013671875, 336.1034851074219, 828.516845703125], [1764.549072265625, 393.8568115234375, 1920.0, 857.8260498046875], [1454.7921142578125, 439.88525390625, 1500.97412109375, 548.04541015625], [678.3588256835938, 487.212890625, 727.0450439453125, 599.6314086914062], [1194.66650390625, 427.6275634765625, 1264.1212158203125, 608.24853515625]]","[0.82861328125, 0.515625, 0.75927734375, 0.58837890625, 0.63330078125, 0.8447265625, 0.6064453125, 0.5458984375, 0.363525390625, 0.304931640625]","[[1156.2010498046875, 1015.5008544921875], [511.0425262451172, 562.2942504882812], [960.1934204101562, 949.2348022460938], [402.866455078125, 576.3217163085938], [757.6773376464844, 601.05322265625], [221.62054824829102, 828.516845703125], [1842.2745361328125, 857.8260498046875], [1477.8831176757812, 548.04541015625], [702.7019348144531, 599.6314086914062], [1229.3938598632812, 608.24853515625]]",425377792,410910720,425377792,640,yolo26m_int8_640_ncnn_model,MOT17-02
330,370.756885999981,0.0,9,"[3, 142, 187, 137, 266, 267, 269, 294, 252]","[[1054.576416015625, 398.7961120605469, 1257.23291015625, 1018.1240844726562], [490.4100036621094, 455.23480224609375, 530.984619140625, 561.7327270507812], [885.0444946289062, 425.2464599609375, 1044.44677734375, 953.8223876953125], [379.8440246582031, 464.9143371582031, 425.76177978515625, 576.1168823242188], [735.0928955078125, 481.4012451171875, 781.0308837890625, 599.5096435546875], [121.2582778930664, 398.83331298828125, 344.864501953125, 827.3031005859375], [1764.141357421875, 390.8499450683594, 1920.0, 861.2661743164062], [1456.46142578125, 440.7023620605469, 1502.079345703125, 547.6182861328125], [676.9217529296875, 487.6416931152344, 726.6292724609375, 602.6069946289062]]","[0.818359375, 0.461181640625, 0.740234375, 0.56298828125, 0.57568359375, 0.8251953125, 0.6044921875, 0.4697265625, 0.296875]","[[1155.9046630859375, 1018.1240844726562], [510.6973114013672, 561.7327270507812], [964.7456359863281, 953.8223876953125], [402.8029022216797, 576.1168823242188], [758.0618896484375, 599.5096435546875], [233.0613899230957, 827.3031005859375], [1842.0706787109375, 861.2661743164062], [1479.2703857421875, 547.6182861328125], [701.7755126953125, 602.6069946289062]]",425377792,410910720,425377792,640,yolo26m_int8_640_ncnn_model,MOT17-02
331,383.02208200002497,0.0,10,"[3, 142, 187, 137, 266, 267, 269, 294, 252, 305]","[[1053.7335205078125, 401.69232177734375, 1254.80078125, 1016.4033203125], [490.2391662597656, 454.9840087890625, 529.937744140625, 560.023681640625], [887.6043701171875, 422.2125549316406, 1046.2518310546875, 953.8162231445312], [380.0661315917969, 464.492431640625, 425.98480224609375, 575.5424194335938], [734.7058715820312, 480.2825012207031, 781.2120361328125, 600.145751953125], [140.01747131347656, 396.4253845214844, 356.4912109375, 825.4500732421875], [1766.0904541015625, 395.6298522949219, 1920.0, 860.495849609375], [1459.5557861328125, 438.70123291015625, 1505.935302734375, 548.7431640625], [676.2861328125, 487.5564270019531, 726.0791015625, 601.995361328125], [864.3043212890625, 443.70001220703125, 919.4956665039062, 575.0999755859375]]","[0.78173828125, 0.413818359375, 0.73291015625, 0.51220703125, 0.53662109375, 0.81591796875, 0.666015625, 0.57421875, 0.27783203125, 0.45703125]","[[1154.2671508789062, 1016.4033203125], [510.0884552001953, 560.023681640625], [966.9281005859375, 953.8162231445312], [403.0254669189453, 575.5424194335938], [757.9589538574219, 600.145751953125], [248.25434112548828, 825.4500732421875], [1843.0452270507812, 860.495849609375], [1482.7455444335938, 548.7431640625], [701.1826171875, 601.995361328125], [891.8999938964844, 575.0999755859375]]",425377792,410910720,425377792,640,yolo26m_int8_640_ncnn_model,MOT17-02
332,369.7914790000141,0.0,10,"[3, 142, 187, 137, 266, 267, 269, 294, 252, 305]","[[1051.9698486328125, 403.8128967285156, 1252.2305908203125, 1017.7314453125], [490.1595458984375, 454.64215087890625, 529.5947265625, 559.6286010742188], [887.3244018554688, 422.5355529785156, 1046.1180419921875, 954.2954711914062], [380.25701904296875, 463.8359375, 426.4551696777344, 575.8228759765625], [735.2485961914062, 479.3692321777344, 781.5755004882812, 598.8973388671875], [161.91647338867188, 397.3752136230469, 370.23828125, 826.0885620117188], [1768.63623046875, 404.69244384765625, 1920.0, 854.8511352539062], [1462.421630859375, 437.71954345703125, 1508.47705078125, 548.407958984375], [678.1531982421875, 486.0389709472656, 727.2193603515625, 598.2838745117188], [866.791259765625, 442.4842529296875, 921.4085693359375, 572.610595703125]]","[0.798828125, 0.418701171875, 0.744140625, 0.56640625, 0.509765625, 0.728515625, 0.7001953125, 0.57861328125, 0.259521484375, 0.404541015625]","[[1152.1002197265625, 1017.7314453125], [509.87713623046875, 559.6286010742188], [966.7212219238281, 954.2954711914062], [403.35609436035156, 575.8228759765625], [758.4120483398438, 598.8973388671875], [266.07737731933594, 826.0885620117188], [1844.318115234375, 854.8511352539062], [1485.4493408203125, 548.407958984375], [702.686279296875, 598.2838745117188], [894.0999145507812, 572.610595703125]]",425377792,410910720,425377792,640,yolo26m_int8_640_ncnn_model,MOT17-02
333,403.83023699996556,0.0,10,"[3, 142, 187, 137, 266, 267, 269, 294, 252, 305]","[[1054.0037841796875, 403.6242980957031, 1254.4500732421875, 1018.236083984375], [490.98236083984375, 455.2618713378906, 529.638916015625, 558.7415161132812], [881.3452758789062, 422.65191650390625, 1039.958984375, 954.464111328125], [379.7073974609375, 460.3775329589844, 427.2493591308594, 576.1773071289062], [735.1027221679688, 478.7720642089844, 781.56787109375, 598.659423828125], [182.76712036132812, 397.5998229980469, 384.4897155761719, 826.6695556640625], [1768.8690185546875, 407.394775390625, 1920.0, 855.3296508789062], [1466.04931640625, 435.353271484375, 1511.7025146484375, 547.28369140625], [677.5786743164062, 485.71234130859375, 727.9436645507812, 601.6016235351562], [870.3262939453125, 443.8406677246094, 925.2059326171875, 574.71728515625]]","[0.7802734375, 0.3408203125, 0.7158203125, 0.52490234375, 0.4990234375, 0.7685546875, 0.73681640625, 0.4375, 0.380615234375, 0.35546875]","[[1154.2269287109375, 1018.236083984375], [510.3106384277344, 558.7415161132812], [960.6521301269531, 954.464111328125], [403.47837829589844, 576.1773071289062], [758.3352966308594, 598.659423828125], [283.62841796875, 826.6695556640625], [1844.4345092773438, 855.3296508789062], [1488.8759155273438, 547.28369140625], [702.7611694335938, 601.6016235351562], [897.76611328125, 574.71728515625]]",425377792,410910720,425377792,640,yolo26m_int8_640_ncnn_model,MOT17-02
334,367.188630000328,0.0,10,"[3, 142, 187, 137, 266, 267, 269, 294, 252, 310]","[[1056.32275390625, 399.5888366699219, 1257.6475830078125, 1017.4354858398438], [491.44549560546875, 454.75067138671875, 530.0384521484375, 558.1646728515625], [881.75390625, 419.71661376953125, 1040.843505859375, 953.52392578125], [379.7841796875, 460.7911071777344, 427.2601013183594, 576.5553588867188], [735.3497314453125, 479.0443115234375, 781.751220703125, 598.07275390625], [197.83656311035156, 396.0422058105469, 394.7884216308594, 824.7310180664062], [1773.5743408203125, 440.73291015625, 1918.1953125, 854.9468383789062], [1468.439208984375, 435.2171325683594, 1513.7066650390625, 548.1058349609375], [677.3002319335938, 486.08526611328125, 728.2730712890625, 604.2955322265625], [0.0, 470.32501220703125, 140.83059692382812, 785.4749755859375]]","[0.80419921875, 0.340087890625, 0.73095703125, 0.42919921875, 0.5400390625, 0.7724609375, 0.423828125, 0.340087890625, 0.40625, 0.70947265625]","[[1156.9851684570312, 1017.4354858398438], [510.7419738769531, 558.1646728515625], [961.2987060546875, 953.52392578125], [403.5221405029297, 576.5553588867188], [758.5504760742188, 598.07275390625], [296.31249237060547, 824.7310180664062], [1845.8848266601562, 854.9468383789062], [1491.0729370117188, 548.1058349609375], [702.7866516113281, 604.2955322265625], [70.41529846191406, 785.4749755859375]]",425377792,410910720,425377792,640,yolo26m_int8_640_ncnn_model,MOT17-02
335,380.855935999989,0.0,11,"[3, 142, 187, 137, 266, 267, 269, 294, 252, 310, 305]","[[1057.553466796875, 400.2940673828125, 1258.4371337890625, 1015.896484375], [492.3938903808594, 454.56121826171875, 528.9359130859375, 551.9896850585938], [884.7567138671875, 416.6272277832031, 1044.2459716796875, 951.1795043945312], [380.03631591796875, 461.4642333984375, 427.03424072265625, 576.2086181640625], [735.319580078125, 479.64892578125, 781.4422607421875, 598.3453979492188], [209.23489379882812, 398.2705993652344, 403.5451965332031, 828.2867431640625], [1776.373046875, 435.7220764160156, 1920.0, 852.8889770507812], [1471.104736328125, 435.6781921386719, 1515.494384765625, 547.9283447265625], [678.1767578125, 484.76611328125, 727.8987426757812, 600.9168701171875], [0.0, 452.7117004394531, 149.92018127441406, 784.2869873046875], [874.4769287109375, 444.02679443359375, 928.6323852539062, 573.2698974609375]]","[0.80810546875, 0.302001953125, 0.74267578125, 0.461669921875, 0.52197265625, 0.8076171875, 0.446044921875, 0.343505859375, 0.3505859375, 0.71923828125, 0.260498046875]","[[1157.9953002929688, 1015.896484375], [510.66490173339844, 551.9896850585938], [964.5013427734375, 951.1795043945312], [403.5352783203125, 576.2086181640625], [758.3809204101562, 598.3453979492188], [306.3900451660156, 828.2867431640625], [1848.1865234375, 852.8889770507812], [1493.299560546875, 547.9283447265625], [703.0377502441406, 600.9168701171875], [74.96009063720703, 784.2869873046875], [901.5546569824219, 573.2698974609375]]",425377792,410910720,425377792,640,yolo26m_int8_640_ncnn_model,MOT17-02
336,370.7689059997392,0.0,10,"[3, 142, 187, 137, 266, 267, 269, 294, 252, 310]","[[1058.9718017578125, 402.3132629394531, 1259.6875, 1017.5466918945312], [491.8302307128906, 454.4931640625, 528.9610595703125, 553.727294921875], [886.0158081054688, 424.37579345703125, 1045.3839111328125, 957.2161254882812], [380.20538330078125, 463.4679260253906, 426.3733825683594, 576.3221435546875], [735.0543823242188, 480.6231689453125, 781.0775756835938, 598.6969604492188], [221.69615173339844, 395.2218933105469, 413.72357177734375, 825.7229614257812], [1782.2335205078125, 432.3799133300781, 1920.0, 852.6434326171875], [1473.822998046875, 437.3623962402344, 1517.2520751953125, 548.361328125], [678.420654296875, 482.2767028808594, 728.3369750976562, 599.5860595703125], [0.0, 447.8863220214844, 152.85597229003906, 784.318115234375]]","[0.82666015625, 0.2587890625, 0.74951171875, 0.459716796875, 0.490966796875, 0.8056640625, 0.431640625, 0.423583984375, 0.452392578125, 0.7451171875]","[[1159.3296508789062, 1017.5466918945312], [510.39564514160156, 553.727294921875], [965.6998596191406, 957.2161254882812], [403.2893829345703, 576.3221435546875], [758.0659790039062, 598.6969604492188], [317.7098617553711, 825.7229614257812], [1851.1167602539062, 852.6434326171875], [1495.5375366210938, 548.361328125], [703.3788146972656, 599.5860595703125], [76.42798614501953, 784.318115234375]]",425377792,410910720,425377792,640,yolo26m_int8_640_ncnn_model,MOT17-02
337,368.43105600019044,0.0,9,"[3, 187, 137, 266, 267, 269, 294, 252, 310]","[[1060.539306640625, 404.0744934082031, 1261.0321044921875, 1018.1747436523438], [884.5191650390625, 427.57012939453125, 1043.7713623046875, 959.2522583007812], [379.4219055175781, 462.9895324707031, 425.4718322753906, 575.6178588867188], [733.8974609375, 480.49298095703125, 780.5023803710938, 599.325927734375], [233.9036102294922, 398.59368896484375, 424.6018981933594, 827.2771606445312], [1790.1024169921875, 430.01385498046875, 1920.0, 857.5029907226562], [1477.3717041015625, 437.510009765625, 1521.1812744140625, 549.0264892578125], [677.5521240234375, 482.5871276855469, 727.4832153320312, 600.8121948242188], [0.0, 440.2122497558594, 156.2179718017578, 783.2959594726562]]","[0.8203125, 0.74951171875, 0.423583984375, 0.5546875, 0.833984375, 0.46044921875, 0.427490234375, 0.51220703125, 0.73046875]","[[1160.7857055664062, 1018.1747436523438], [964.145263671875, 959.2522583007812], [402.4468688964844, 575.6178588867188], [757.1999206542969, 599.325927734375], [329.2527542114258, 827.2771606445312], [1855.0512084960938, 857.5029907226562], [1499.2764892578125, 549.0264892578125], [702.5176696777344, 600.8121948242188], [78.1089859008789, 783.2959594726562]]",425377792,410910720,425377792,640,yolo26m_int8_640_ncnn_model,MOT17-02
338,370.00224099983825,0.0,9,"[3, 187, 137, 266, 267, 294, 252, 310, 305]","[[1059.4613037109375, 404.73931884765625, 1260.152587890625, 1019.4033203125], [887.2989501953125, 424.04486083984375, 1046.7147216796875, 954.7888793945312], [379.2556457519531, 463.8042297363281, 425.00811767578125, 575.3549194335938], [732.8805541992188, 480.19342041015625, 779.8805541992188, 599.8071899414062], [241.95755004882812, 399.1931457519531, 435.083251953125, 830.6464233398438], [1480.8790283203125, 436.57550048828125, 1525.2630615234375, 548.28271484375], [676.9627685546875, 482.2299499511719, 727.4094848632812, 602.7576904296875], [0.0, 440.895263671875, 156.1033172607422, 782.9473876953125], [879.270263671875, 440.3215026855469, 933.055908203125, 568.6378173828125]]","[0.82470703125, 0.75, 0.398681640625, 0.52734375, 0.8203125, 0.479736328125, 0.529296875, 0.76416015625, 0.323486328125]","[[1159.8069458007812, 1019.4033203125], [967.0068359375, 954.7888793945312], [402.1318817138672, 575.3549194335938], [756.3805541992188, 599.8071899414062], [338.52040100097656, 830.6464233398438], [1503.071044921875, 548.28271484375], [702.1861267089844, 602.7576904296875], [78.0516586303711, 782.9473876953125], [906.1630859375, 568.6378173828125]]",425377792,410910720,425377792,640,yolo26m_int8_640_ncnn_model,MOT17-02
339,388.5049700002128,0.0,9,"[3, 187, 137, 266, 267, 294, 252, 310, 305]","[[1056.331298828125, 400.2760314941406, 1258.50341796875, 1018.6239624023438], [886.159423828125, 422.69244384765625, 1045.013671875, 953.0827026367188], [379.3169860839844, 464.86004638671875, 424.71417236328125, 575.5071411132812], [732.9732666015625, 481.5602722167969, 779.17529296875, 598.5022583007812], [246.65325927734375, 403.911376953125, 440.0494384765625, 829.4697875976562], [1484.5986328125, 438.4569091796875, 1529.1746826171875, 547.7523803710938], [677.24951171875, 483.3317565917969, 726.8700561523438, 602.2684326171875], [0.0, 439.9352722167969, 155.1440887451172, 782.3292236328125], [881.5344848632812, 441.9352722167969, 933.7267456054688, 565.9503784179688]]","[0.8212890625, 0.74365234375, 0.38916015625, 0.53466796875, 0.822265625, 0.4169921875, 0.53466796875, 0.7939453125, 0.31689453125]","[[1157.4173583984375, 1018.6239624023438], [965.5865478515625, 953.0827026367188], [402.0155792236328, 575.5071411132812], [756.0742797851562, 598.5022583007812], [343.3513488769531, 829.4697875976562], [1506.8866577148438, 547.7523803710938], [702.0597839355469, 602.2684326171875], [77.5720443725586, 782.3292236328125], [907.630615234375, 565.9503784179688]]",425377792,410910720,425377792,640,yolo26m_int8_640_ncnn_model,MOT17-02
340,366.27783599988106,0.0,8,"[3, 187, 137, 266, 267, 294, 252, 310]","[[1057.0001220703125, 395.1290588378906, 1260.9207763671875, 1017.8296508789062], [886.5767211914062, 417.71148681640625, 1045.4598388671875, 950.947265625], [379.7311096191406, 465.0044250488281, 425.21612548828125, 575.8163452148438], [731.92919921875, 480.0813903808594, 779.0018920898438, 598.9967651367188], [250.28656005859375, 405.749267578125, 446.61370849609375, 831.0374145507812], [1487.34765625, 437.6765441894531, 1533.0802001953125, 547.0525512695312], [677.5487060546875, 483.77545166015625, 727.4649047851562, 604.0484008789062], [0.0, 439.8025817871094, 156.24172973632812, 784.1610717773438]]","[0.8330078125, 0.73779296875, 0.39599609375, 0.5166015625, 0.845703125, 0.445556640625, 0.556640625, 0.79248046875]","[[1158.96044921875, 1017.8296508789062], [966.0182800292969, 950.947265625], [402.47361755371094, 575.8163452148438], [755.4655456542969, 598.9967651367188], [348.45013427734375, 831.0374145507812], [1510.2139282226562, 547.0525512695312], [702.5068054199219, 604.0484008789062], [78.12086486816406, 784.1610717773438]]",425377792,410910720,425377792,640,yolo26m_int8_640_ncnn_model,MOT17-02
341,366.9985960000304,0.0,8,"[3, 187, 137, 266, 267, 294, 252, 310]","[[1060.2161865234375, 402.8238525390625, 1260.8094482421875, 1013.8234252929688], [887.818359375, 416.8277282714844, 1046.488525390625, 951.1361694335938], [379.69146728515625, 465.7979431152344, 424.610107421875, 575.1884155273438], [732.7612915039062, 480.7663879394531, 779.70556640625, 598.9323120117188], [252.5787811279297, 406.6959533691406, 450.649169921875, 830.400390625], [1486.33056640625, 435.14715576171875, 1535.3802490234375, 549.0358276367188], [677.85595703125, 483.94854736328125, 727.001708984375, 602.7412109375], [0.0, 444.2163391113281, 154.82803344726562, 784.60400390625]]","[0.81396484375, 0.76025390625, 0.392822265625, 0.55712890625, 0.845703125, 0.362548828125, 0.482177734375, 0.7763671875]","[[1160.5128173828125, 1013.8234252929688], [967.1534423828125, 951.1361694335938], [402.1507873535156, 575.1884155273438], [756.2334289550781, 598.9323120117188], [351.61397552490234, 830.400390625], [1510.8554077148438, 549.0358276367188], [702.4288330078125, 602.7412109375], [77.41401672363281, 784.60400390625]]",425377792,410910720,425377792,640,yolo26m_int8_640_ncnn_model,MOT17-02
342,366.3648550000289,0.0,8,"[3, 187, 137, 266, 267, 294, 252, 310]","[[1063.0330810546875, 397.0726623535156, 1267.0965576171875, 1017.0321044921875], [889.636474609375, 425.916259765625, 1047.47314453125, 957.6522216796875], [379.3725891113281, 465.3418884277344, 424.68780517578125, 575.7010498046875], [732.911865234375, 480.5312194824219, 780.1600341796875, 599.4022216796875], [254.5595703125, 403.578125, 454.7856750488281, 825.7009887695312], [1487.2432861328125, 435.43231201171875, 1537.7490234375, 550.5081176757812], [676.9483032226562, 487.493408203125, 725.86376953125, 604.7054443359375], [0.0, 445.5394592285156, 155.61155700683594, 785.2803344726562]]","[0.83056640625, 0.75927734375, 0.308349609375, 0.480224609375, 0.84326171875, 0.381591796875, 0.480224609375, 0.76953125]","[[1165.0648193359375, 1017.0321044921875], [968.5548095703125, 957.6522216796875], [402.0301971435547, 575.7010498046875], [756.5359497070312, 599.4022216796875], [354.67262268066406, 825.7009887695312], [1512.4961547851562, 550.5081176757812], [701.4060363769531, 604.7054443359375], [77.80577850341797, 785.2803344726562]]",425377792,410910720,425377792,640,yolo26m_int8_640_ncnn_model,MOT17-02
343,389.42821199998434,0.0,7,"[3, 187, 266, 267, 294, 252, 310]","[[1063.836181640625, 394.20343017578125, 1267.64599609375, 1014.0361328125], [887.7249145507812, 415.2304992675781, 1047.424072265625, 954.4176635742188], [734.1361083984375, 480.1933898925781, 781.64404296875, 599.824462890625], [254.65296936035156, 406.6348571777344, 456.31573486328125, 826.686279296875], [1487.3656005859375, 434.81884765625, 1538.677978515625, 549.8463745117188], [676.8675537109375, 488.085693359375, 724.1788330078125, 600.2135009765625], [0.0, 442.863525390625, 159.03729248046875, 792.810302734375]]","[0.8359375, 0.7294921875, 0.5224609375, 0.84716796875, 0.2783203125, 0.427978515625, 0.7763671875]","[[1165.7410888671875, 1014.0361328125], [967.5744934082031, 954.4176635742188], [757.8900756835938, 599.824462890625], [355.4843521118164, 826.686279296875], [1513.0217895507812, 549.8463745117188], [700.523193359375, 600.2135009765625], [79.51864624023438, 792.810302734375]]",425377792,410910720,425377792,640,yolo26m_int8_640_ncnn_model,MOT17-02
344,368.3287809999456,0.0,7,"[3, 187, 266, 267, 252, 310, 142]","[[1061.9654541015625, 393.8770446777344, 1265.9788818359375, 1015.1259155273438], [887.8878173828125, 418.8601989746094, 1045.5030517578125, 953.4389038085938], [735.0751953125, 480.8056640625, 782.2263793945312, 599.2396850585938], [255.36146545410156, 410.7810974121094, 457.3283386230469, 826.0941162109375], [676.2821655273438, 487.0332946777344, 723.6024780273438, 597.7410278320312], [0.0, 437.9773864746094, 160.56375122070312, 793.6204223632812], [493.54364013671875, 453.3119201660156, 527.7657470703125, 542.9703369140625]]","[0.8173828125, 0.712890625, 0.56005859375, 0.8427734375, 0.50537109375, 0.7841796875, 0.3115234375]","[[1163.97216796875, 1015.1259155273438], [966.6954345703125, 953.4389038085938], [758.6507873535156, 599.2396850585938], [356.3449020385742, 826.0941162109375], [699.9423217773438, 597.7410278320312], [80.28187561035156, 793.6204223632812], [510.6546936035156, 542.9703369140625]]",425377792,410910720,425377792,640,yolo26m_int8_640_ncnn_model,MOT17-02
345,366.33335599981365,0.0,6,"[3, 187, 266, 267, 252, 310]","[[1063.32958984375, 396.2574462890625, 1267.1590576171875, 1015.0553588867188], [887.0199584960938, 415.5625305175781, 1045.6600341796875, 954.7977294921875], [734.8124389648438, 480.0445861816406, 782.0659790039062, 598.0184936523438], [257.32806396484375, 408.34417724609375, 460.65032958984375, 823.9022216796875], [675.7953491210938, 487.3941650390625, 724.6831665039062, 600.111328125], [1.4133617877960205, 440.6268005371094, 162.6337890625, 788.464111328125]]","[0.8193359375, 0.73046875, 0.556640625, 0.84228515625, 0.419677734375, 0.78173828125]","[[1165.2443237304688, 1015.0553588867188], [966.3399963378906, 954.7977294921875], [758.439208984375, 598.0184936523438], [358.98919677734375, 823.9022216796875], [700.2392578125, 600.111328125], [82.02357542514801, 788.464111328125]]",425377792,410910720,425377792,640,yolo26m_int8_640_ncnn_model,MOT17-02
346,369.8741139996855,0.0,6,"[3, 187, 266, 267, 252, 310]","[[1067.162841796875, 395.2034606933594, 1271.1693115234375, 1013.0531616210938], [888.1327514648438, 414.58404541015625, 1046.2364501953125, 954.0718994140625], [735.1334838867188, 479.0123596191406, 782.5681762695312, 597.3113403320312], [263.0657043457031, 408.1672668457031, 466.364990234375, 823.3584594726562], [674.7657470703125, 487.7703552246094, 725.9435424804688, 604.711181640625], [16.269601821899414, 438.52618408203125, 174.83522033691406, 786.6719970703125]]","[0.8251953125, 0.7294921875, 0.56201171875, 0.853515625, 0.40087890625, 0.7607421875]","[[1169.1660766601562, 1013.0531616210938], [967.1846008300781, 954.0718994140625], [758.850830078125, 597.3113403320312], [364.71534729003906, 823.3584594726562], [700.3546447753906, 604.711181640625], [95.55241107940674, 786.6719970703125]]",425377792,410910720,425377792,640,yolo26m_int8_640_ncnn_model,MOT17-02
347,380.477515000166,0.0,6,"[3, 187, 266, 267, 252, 310]","[[1065.2620849609375, 393.8309020996094, 1270.00732421875, 1013.2991943359375], [893.8386840820312, 422.15045166015625, 1050.057373046875, 957.7489013671875], [735.4053344726562, 479.12213134765625, 782.5962524414062, 596.5543823242188], [267.8984069824219, 403.1235656738281, 471.823974609375, 822.1914672851562], [674.292236328125, 487.17193603515625, 725.5335693359375, 603.2567138671875], [30.636903762817383, 435.5718078613281, 187.6654815673828, 787.237548828125]]","[0.82470703125, 0.759765625, 0.54296875, 0.84765625, 0.4267578125, 0.75537109375]","[[1167.6347045898438, 1013.2991943359375], [971.9480285644531, 957.7489013671875], [759.0007934570312, 596.5543823242188], [369.86119079589844, 822.1914672851562], [699.9129028320312, 603.2567138671875], [109.1511926651001, 787.237548828125]]",425377792,410910720,425377792,640,yolo26m_int8_640_ncnn_model,MOT17-02
348,371.6967789996488,0.0,7,"[3, 187, 266, 267, 252, 310, 294]","[[1063.9534912109375, 395.80792236328125, 1269.090576171875, 1014.8909912109375], [893.6312866210938, 419.0811767578125, 1048.8807373046875, 955.1671752929688], [735.7152099609375, 478.9206848144531, 783.3818969726562, 597.5181274414062], [277.62158203125, 405.93475341796875, 476.91937255859375, 820.0494995117188], [672.6611938476562, 487.42547607421875, 723.3656616210938, 601.183349609375], [42.68928909301758, 437.4891662597656, 194.1481170654297, 783.4959716796875], [1499.28759765625, 434.5909423828125, 1548.771484375, 546.6719360351562]]","[0.81640625, 0.73388671875, 0.4775390625, 0.8271484375, 0.447265625, 0.7783203125, 0.39990234375]","[[1166.5220336914062, 1014.8909912109375], [971.2560119628906, 955.1671752929688], [759.5485534667969, 597.5181274414062], [377.2704772949219, 820.0494995117188], [698.013427734375, 601.183349609375], [118.41870307922363, 783.4959716796875], [1524.029541015625, 546.6719360351562]]",425377792,410910720,425377792,640,yolo26m_int8_640_ncnn_model,MOT17-02
349,371.6120020003473,0.0,7,"[3, 187, 266, 267, 252, 310, 294]","[[1064.1748046875, 396.57635498046875, 1269.9447021484375, 1015.5039672851562], [893.148681640625, 419.9033508300781, 1046.8072509765625, 954.184326171875], [734.2550048828125, 477.6132507324219, 782.2748413085938, 597.1435546875], [287.4342346191406, 403.7843933105469, 482.6690673828125, 816.5322875976562], [671.6427001953125, 488.2655334472656, 722.9619750976562, 602.6356201171875], [55.37177658081055, 441.55316162109375, 202.48367309570312, 782.8079833984375], [1503.3944091796875, 433.0342102050781, 1552.2498779296875, 545.8395385742188]]","[0.82373046875, 0.74853515625, 0.5224609375, 0.8017578125, 0.381591796875, 0.74462890625, 0.368408203125]","[[1167.0597534179688, 1015.5039672851562], [969.9779663085938, 954.184326171875], [758.2649230957031, 597.1435546875], [385.05165100097656, 816.5322875976562], [697.3023376464844, 602.6356201171875], [128.92772483825684, 782.8079833984375], [1527.8221435546875, 545.8395385742188]]",425377792,410910720,425377792,640,yolo26m_int8_640_ncnn_model,MOT17-02
350,368.3731709998028,0.0,7,"[3, 187, 266, 267, 252, 310, 294]","[[1066.817138671875, 400.34588623046875, 1271.623046875, 1016.2344970703125], [898.5543823242188, 424.6827392578125, 1051.30517578125, 957.2828369140625], [734.022705078125, 478.60467529296875, 781.52197265625, 596.5116577148438], [301.0013732910156, 405.2249755859375, 486.896728515625, 807.047607421875], [672.1301879882812, 488.3244323730469, 722.46630859375, 599.4555053710938], [70.9997329711914, 439.6405029296875, 217.55320739746094, 782.0642700195312], [1506.589599609375, 434.0244140625, 1554.55224609375, 546.0641479492188]]","[0.818359375, 0.78759765625, 0.60595703125, 0.80615234375, 0.5224609375, 0.79638671875, 0.369140625]","[[1169.2200927734375, 1016.2344970703125], [974.9297790527344, 957.2828369140625], [757.7723388671875, 596.5116577148438], [393.9490509033203, 807.047607421875], [697.2982482910156, 599.4555053710938], [144.27647018432617, 782.0642700195312], [1530.5709228515625, 546.0641479492188]]",425377792,410910720,425377792,640,yolo26m_int8_640_ncnn_model,MOT17-02
351,384.245199000361,0.0,7,"[3, 187, 266, 267, 252, 310, 294]","[[1066.182373046875, 399.04364013671875, 1271.850830078125, 1017.2559814453125], [897.8492431640625, 424.4936218261719, 1050.73779296875, 958.4482421875], [733.7463989257812, 478.4959411621094, 781.420166015625, 596.7742309570312], [312.8657531738281, 402.7701721191406, 493.2042236328125, 804.5348510742188], [671.7931518554688, 487.5840759277344, 721.8357543945312, 596.9849853515625], [84.791259765625, 437.96661376953125, 233.1714324951172, 782.7931518554688], [1508.6513671875, 430.66644287109375, 1557.3515625, 545.9131469726562]]","[0.8134765625, 0.79296875, 0.51904296875, 0.8125, 0.58251953125, 0.8173828125, 0.346923828125]","[[1169.0166015625, 1017.2559814453125], [974.2935180664062, 958.4482421875], [757.5832824707031, 596.7742309570312], [403.0349884033203, 804.5348510742188], [696.814453125, 596.9849853515625], [158.9813461303711, 782.7931518554688], [1533.00146484375, 545.9131469726562]]",425377792,410910720,425377792,640,yolo26m_int8_640_ncnn_model,MOT17-02
352,369.50007800032836,0.0,6,"[3, 187, 266, 267, 252, 310]","[[1069.18017578125, 393.1000061035156, 1276.5670166015625, 1015.160888671875], [902.2269287109375, 428.615234375, 1053.744873046875, 956.6439208984375], [733.412841796875, 478.45928955078125, 781.6144409179688, 597.8690795898438], [328.6510009765625, 401.62493896484375, 500.6198425292969, 799.9421997070312], [671.9044799804688, 488.30706787109375, 721.39404296875, 595.079833984375], [95.8380126953125, 438.61102294921875, 245.9507598876953, 780.8544311523438]]","[0.7578125, 0.794921875, 0.61083984375, 0.72412109375, 0.5400390625, 0.83740234375]","[[1172.8735961914062, 1015.160888671875], [977.9859008789062, 956.6439208984375], [757.5136413574219, 597.8690795898438], [414.6354217529297, 799.9421997070312], [696.6492614746094, 595.079833984375], [170.8943862915039, 780.8544311523438]]",425377792,410910720,425377792,640,yolo26m_int8_640_ncnn_model,MOT17-02
353,369.38596800018786,0.0,8,"[3, 187, 266, 267, 252, 310, 317, 294]","[[1066.6746826171875, 392.3406066894531, 1274.0201416015625, 1013.8713989257812], [904.759765625, 430.1551208496094, 1054.9384765625, 953.9517822265625], [733.3547973632812, 478.6963806152344, 781.6231079101562, 598.038330078125], [339.8999328613281, 401.9622497558594, 506.489013671875, 801.562255859375], [671.0211181640625, 487.8161926269531, 721.1787719726562, 595.1491088867188], [103.08556365966797, 439.1502380371094, 257.4242858886719, 782.8652954101562], [3.5048828125, 448.125, 74.4857406616211, 857.4749755859375], [1512.1343994140625, 430.6476135253906, 1560.7010498046875, 546.7033081054688]]","[0.740234375, 0.7666015625, 0.56591796875, 0.71630859375, 0.53759765625, 0.82763671875, 0.6865234375, 0.308349609375]","[[1170.347412109375, 1013.8713989257812], [979.84912109375, 953.9517822265625], [757.4889526367188, 598.038330078125], [423.19447326660156, 801.562255859375], [696.0999450683594, 595.1491088867188], [180.25492477416992, 782.8652954101562], [38.99531173706055, 857.4749755859375], [1536.417724609375, 546.7033081054688]]",425377792,410910720,425377792,640,yolo26m_int8_640_ncnn_model,MOT17-02
354,370.7103560000178,0.0,7,"[3, 187, 266, 267, 252, 310, 317]","[[1066.5699462890625, 395.79034423828125, 1272.12939453125, 1010.6624755859375], [904.6673583984375, 430.6980285644531, 1054.3492431640625, 954.9317016601562], [732.6443481445312, 478.29559326171875, 781.3283081054688, 598.5975341796875], [350.3348388671875, 398.86968994140625, 512.341552734375, 798.5181274414062], [671.67236328125, 486.88360595703125, 722.1439819335938, 593.9464111328125], [106.00843048095703, 440.1258850097656, 264.5409851074219, 782.8906860351562], [7.042497158050537, 443.8226013183594, 78.55620574951172, 854.4346313476562]]","[0.6650390625, 0.76513671875, 0.517578125, 0.64501953125, 0.481689453125, 0.82470703125, 0.68017578125]","[[1169.3496704101562, 1010.6624755859375], [979.50830078125, 954.9317016601562], [756.986328125, 598.5975341796875], [431.33819580078125, 798.5181274414062], [696.9081726074219, 593.9464111328125], [185.27470779418945, 782.8906860351562], [42.79935145378113, 854.4346313476562]]",425377792,410910720,425377792,640,yolo26m_int8_640_ncnn_model,MOT17-02
355,378.28875999957745,0.0,9,"[3, 187, 266, 267, 252, 310, 317, 319, 294]","[[1065.7532958984375, 395.6268615722656, 1271.142822265625, 1008.9611206054688], [909.4486083984375, 433.1031188964844, 1058.174560546875, 953.0665283203125], [732.6951293945312, 479.1343688964844, 780.9024047851562, 597.820068359375], [363.6443786621094, 401.7049255371094, 520.9763793945312, 795.464111328125], [671.7304077148438, 486.28179931640625, 722.220947265625, 592.7698974609375], [108.29346466064453, 438.5382385253906, 271.10968017578125, 781.9151611328125], [15.401649475097656, 442.9339904785156, 87.01692962646484, 848.1720581054688], [1056.9910888671875, 442.2749938964844, 1122.8089599609375, 647.9249877929688], [1517.7850341796875, 430.4155578613281, 1565.7772216796875, 546.0501098632812]]","[0.72119140625, 0.7421875, 0.59375, 0.759765625, 0.50048828125, 0.82763671875, 0.5869140625, 0.3974609375, 0.261962890625]","[[1168.4480590820312, 1008.9611206054688], [983.8115844726562, 953.0665283203125], [756.7987670898438, 597.820068359375], [442.3103790283203, 795.464111328125], [696.9756774902344, 592.7698974609375], [189.7015724182129, 781.9151611328125], [51.20928955078125, 848.1720581054688], [1089.9000244140625, 647.9249877929688], [1541.7811279296875, 546.0501098632812]]",425377792,410910720,425377792,640,yolo26m_int8_640_ncnn_model,MOT17-02
356,369.88133900013054,0.0,8,"[3, 187, 266, 267, 252, 310, 317, 319]","[[1066.8936767578125, 391.5979919433594, 1275.2550048828125, 1014.3053588867188], [910.932861328125, 433.4738464355469, 1057.8560791015625, 948.8772583007812], [733.6514282226562, 478.46392822265625, 781.8007202148438, 596.5256958007812], [374.9477233886719, 402.8026123046875, 530.2760620117188, 795.4078369140625], [670.62060546875, 483.8104248046875, 720.9014282226562, 589.6079711914062], [114.21009063720703, 442.9167785644531, 278.2322082519531, 780.5634765625], [29.68474006652832, 443.63592529296875, 104.06371307373047, 849.9647827148438], [1055.66357421875, 436.662353515625, 1122.7476806640625, 646.8256225585938]]","[0.7841796875, 0.7060546875, 0.51708984375, 0.78662109375, 0.45263671875, 0.8125, 0.70751953125, 0.390869140625]","[[1171.0743408203125, 1014.3053588867188], [984.3944702148438, 948.8772583007812], [757.72607421875, 596.5256958007812], [452.6118927001953, 795.4078369140625], [695.7610168457031, 589.6079711914062], [196.22114944458008, 780.5634765625], [66.8742265701294, 849.9647827148438], [1089.2056274414062, 646.8256225585938]]",425377792,410910720,425377792,640,yolo26m_int8_640_ncnn_model,MOT17-02
357,369.0997100002278,0.0,8,"[3, 187, 266, 267, 252, 310, 317, 319]","[[1071.2232666015625, 393.3038024902344, 1276.8126220703125, 1005.2261352539062], [913.3556518554688, 435.067626953125, 1058.755859375, 947.818359375], [733.6729125976562, 480.6982727050781, 781.4859619140625, 597.5333862304688], [385.55841064453125, 400.4768371582031, 541.6912841796875, 794.2196655273438], [670.8257446289062, 484.8922424316406, 722.3046875, 592.4546508789062], [119.3254165649414, 439.1150817871094, 284.6345520019531, 773.5746459960938], [46.31988525390625, 444.4744567871094, 125.74246978759766, 852.3171997070312], [1054.3875732421875, 437.37811279296875, 1121.2496337890625, 647.3228149414062]]","[0.77880859375, 0.69287109375, 0.472412109375, 0.78125, 0.385498046875, 0.8037109375, 0.78271484375, 0.388671875]","[[1174.0179443359375, 1005.2261352539062], [986.0557556152344, 947.818359375], [757.5794372558594, 597.5333862304688], [463.6248474121094, 794.2196655273438], [696.5652160644531, 592.4546508789062], [201.97998428344727, 773.5746459960938], [86.03117752075195, 852.3171997070312], [1087.818603515625, 647.3228149414062]]",425377792,410910720,425377792,640,yolo26m_int8_640_ncnn_model,MOT17-02
358,369.67361699998946,0.0,8,"[3, 187, 266, 267, 252, 310, 317, 319]","[[1069.2919921875, 396.7261657714844, 1276.9559326171875, 1012.9642944335938], [912.8377685546875, 434.6277770996094, 1057.4254150390625, 946.4518432617188], [732.6619262695312, 480.0456237792969, 780.8912963867188, 597.419677734375], [395.72882080078125, 401.3553161621094, 554.0558471679688, 797.0799560546875], [669.4599609375, 484.0663757324219, 721.3141479492188, 591.804931640625], [127.72515869140625, 438.95050048828125, 290.9485778808594, 766.7462768554688], [56.858463287353516, 446.1216125488281, 142.89370727539062, 855.0492553710938], [1053.166748046875, 436.388671875, 1120.5008544921875, 647.7990112304688]]","[0.80908203125, 0.68798828125, 0.3759765625, 0.7998046875, 0.4794921875, 0.79150390625, 0.7890625, 0.61767578125]","[[1173.1239624023438, 1012.9642944335938], [985.131591796875, 946.4518432617188], [756.776611328125, 597.419677734375], [474.892333984375, 797.0799560546875], [695.3870544433594, 591.804931640625], [209.3368682861328, 766.7462768554688], [99.87608528137207, 855.0492553710938], [1086.8338012695312, 647.7990112304688]]",425377792,410910720,425377792,640,yolo26m_int8_640_ncnn_model,MOT17-02
359,413.28994400009833,0.0,8,"[3, 187, 266, 267, 252, 310, 317, 319]","[[1066.9012451171875, 398.50152587890625, 1273.68017578125, 1011.4104614257812], [911.3192749023438, 436.6650695800781, 1054.1728515625, 943.7279052734375], [731.9503173828125, 479.54876708984375, 780.5098876953125, 597.6261596679688], [402.8878173828125, 402.69110107421875, 564.14501953125, 800.2059326171875], [668.8783569335938, 484.25811767578125, 721.513671875, 593.0693969726562], [135.34298706054688, 437.9079284667969, 297.2501525878906, 763.2353515625], [60.553958892822266, 442.5729064941406, 154.38412475585938, 853.9725952148438], [1048.3974609375, 441.7972106933594, 1113.8951416015625, 647.6906127929688]]","[0.775390625, 0.68798828125, 0.432373046875, 0.8291015625, 0.461181640625, 0.787109375, 0.77978515625, 0.441650390625]","[[1170.2907104492188, 1011.4104614257812], [982.7460632324219, 943.7279052734375], [756.2301025390625, 597.6261596679688], [483.51641845703125, 800.2059326171875], [695.1960144042969, 593.0693969726562], [216.29656982421875, 763.2353515625], [107.46904182434082, 853.9725952148438], [1081.1463012695312, 647.6906127929688]]",425377792,410910720,425377792,640,yolo26m_int8_640_ncnn_model,MOT17-02
360,368.94823000011456,0.0,8,"[3, 187, 266, 267, 252, 310, 317, 319]","[[1068.278564453125, 395.94122314453125, 1276.0672607421875, 1012.0655517578125], [918.144287109375, 436.8941955566406, 1059.4490966796875, 942.2391357421875], [732.046630859375, 479.1112060546875, 780.99951171875, 597.95263671875], [409.0057373046875, 405.43310546875, 572.7777709960938, 801.1842651367188], [668.2075805664062, 484.0925598144531, 720.083984375, 590.8438110351562], [141.4400634765625, 440.5408630371094, 302.7763366699219, 765.0038452148438], [59.5403938293457, 448.1990966796875, 160.6836395263672, 857.9326782226562], [1041.9046630859375, 440.27203369140625, 1106.920654296875, 645.7792358398438]]","[0.79150390625, 0.66162109375, 0.38916015625, 0.82568359375, 0.35791015625, 0.73779296875, 0.81201171875, 0.4052734375]","[[1172.1729125976562, 1012.0655517578125], [988.7966918945312, 942.2391357421875], [756.5230712890625, 597.95263671875], [490.8917541503906, 801.1842651367188], [694.1457824707031, 590.8438110351562], [222.1082000732422, 765.0038452148438], [110.11201667785645, 857.9326782226562], [1074.4126586914062, 645.7792358398438]]",425377792,410910720,425377792,640,yolo26m_int8_640_ncnn_model,MOT17-02
361,368.0230999998457,0.0,8,"[3, 187, 266, 267, 252, 310, 317, 319]","[[1069.260498046875, 396.2114562988281, 1277.466552734375, 1011.0797729492188], [921.634765625, 437.9389953613281, 1061.4112548828125, 940.725341796875], [732.53759765625, 479.6868896484375, 780.7404174804688, 596.3457641601562], [411.28472900390625, 408.21044921875, 577.343017578125, 800.842529296875], [669.20361328125, 486.5367736816406, 718.8136596679688, 587.5157470703125], [145.23362731933594, 442.0382995605469, 306.51495361328125, 769.2279663085938], [57.76844024658203, 450.55194091796875, 166.47718811035156, 858.1262817382812], [1035.7474365234375, 435.0357666015625, 1101.2972412109375, 644.598876953125]]","[0.77001953125, 0.68408203125, 0.384033203125, 0.8115234375, 0.26171875, 0.7451171875, 0.8095703125, 0.423828125]","[[1173.363525390625, 1011.0797729492188], [991.5230102539062, 940.725341796875], [756.6390075683594, 596.3457641601562], [494.3138732910156, 800.842529296875], [694.0086364746094, 587.5157470703125], [225.8742904663086, 769.2279663085938], [112.1228141784668, 858.1262817382812], [1068.5223388671875, 644.598876953125]]",425377792,410910720,425377792,640,yolo26m_int8_640_ncnn_model,MOT17-02
362,368.1840459998966,0.0,8,"[3, 187, 266, 267, 252, 310, 317, 319]","[[1066.5303955078125, 397.0594482421875, 1274.1180419921875, 1009.96728515625], [917.1217041015625, 435.3020935058594, 1058.8880615234375, 939.2034301757812], [732.8729248046875, 479.40850830078125, 781.5003051757812, 597.2294921875], [413.46563720703125, 407.2514953613281, 583.5197143554688, 801.7359008789062], [667.15380859375, 488.994140625, 717.7493286132812, 590.8701782226562], [150.2491912841797, 442.3531494140625, 308.7892150878906, 767.1292114257812], [55.56680679321289, 447.0989685058594, 173.27984619140625, 857.4182739257812], [1031.710693359375, 431.8974609375, 1098.294677734375, 647.5067749023438]]","[0.78662109375, 0.771484375, 0.367431640625, 0.8203125, 0.350830078125, 0.76025390625, 0.83740234375, 0.373779296875]","[[1170.32421875, 1009.96728515625], [988.0048828125, 939.2034301757812], [757.1866149902344, 597.2294921875], [498.49267578125, 801.7359008789062], [692.4515686035156, 590.8701782226562], [229.51920318603516, 767.1292114257812], [114.42332649230957, 857.4182739257812], [1065.002685546875, 647.5067749023438]]",425377792,410910720,425377792,640,yolo26m_int8_640_ncnn_model,MOT17-02
363,370.14397100028873,0.0,7,"[3, 187, 266, 267, 310, 317, 319]","[[1066.882080078125, 396.6343994140625, 1275.4102783203125, 1010.3009033203125], [917.8196411132812, 437.0202331542969, 1060.4356689453125, 938.9246215820312], [732.922607421875, 479.7991943359375, 781.3654174804688, 597.0661010742188], [411.8421325683594, 404.1490478515625, 585.7254028320312, 798.8660888671875], [159.94900512695312, 440.2274475097656, 315.7380676269531, 766.6224365234375], [52.9294548034668, 443.7969055175781, 179.25677490234375, 855.1348266601562], [1030.7525634765625, 435.79119873046875, 1094.91357421875, 645.5887451171875]]","[0.79443359375, 0.7841796875, 0.39697265625, 0.837890625, 0.72216796875, 0.8359375, 0.344970703125]","[[1171.1461791992188, 1010.3009033203125], [989.1276550292969, 938.9246215820312], [757.1440124511719, 597.0661010742188], [498.7837677001953, 798.8660888671875], [237.84353637695312, 766.6224365234375], [116.09311485290527, 855.1348266601562], [1062.8330688476562, 645.5887451171875]]",425377792,410910720,425377792,640,yolo26m_int8_640_ncnn_model,MOT17-02
364,369.9210269996911,0.0,8,"[3, 187, 266, 267, 310, 317, 294, 252]","[[1066.9329833984375, 396.471923828125, 1275.966796875, 1010.4369506835938], [924.6949462890625, 437.14697265625, 1067.2791748046875, 939.3638305664062], [733.3176879882812, 480.4438171386719, 781.4351196289062, 596.509033203125], [412.64239501953125, 411.6485900878906, 588.5281372070312, 804.0035400390625], [171.3770294189453, 438.4408264160156, 321.99371337890625, 763.4896850585938], [49.73072052001953, 442.30963134765625, 185.35028076171875, 857.5227661132812], [1539.45068359375, 424.9996032714844, 1586.5531005859375, 544.1132202148438], [666.5858154296875, 491.7221374511719, 718.7578125, 595.3037719726562]]","[0.74072265625, 0.74951171875, 0.368408203125, 0.83447265625, 0.71240234375, 0.8310546875, 0.307373046875, 0.306640625]","[[1171.4498901367188, 1010.4369506835938], [995.987060546875, 939.3638305664062], [757.3764038085938, 596.509033203125], [500.58526611328125, 804.0035400390625], [246.68537139892578, 763.4896850585938], [117.54050064086914, 857.5227661132812], [1563.0018920898438, 544.1132202148438], [692.6718139648438, 595.3037719726562]]",425377792,410910720,425377792,640,yolo26m_int8_640_ncnn_model,MOT17-02
365,367.02908400002343,0.0,6,"[3, 187, 266, 267, 310, 317]","[[1069.3145751953125, 397.40118408203125, 1278.7557373046875, 1011.4882202148438], [928.7515258789062, 437.41864013671875, 1070.2723388671875, 938.32421875], [733.4749755859375, 480.1863708496094, 781.4535522460938, 595.8032836914062], [410.62939453125, 414.22650146484375, 588.8655395507812, 805.2217407226562], [182.07904052734375, 437.27764892578125, 328.8748779296875, 764.8347778320312], [46.18274688720703, 441.2702331542969, 188.49493408203125, 852.9449462890625]]","[0.81787109375, 0.75341796875, 0.357177734375, 0.84765625, 0.67724609375, 0.84130859375]","[[1174.03515625, 1011.4882202148438], [999.5119323730469, 938.32421875], [757.4642639160156, 595.8032836914062], [499.7474670410156, 805.2217407226562], [255.47695922851562, 764.8347778320312], [117.33884048461914, 852.9449462890625]]",425377792,410910720,425377792,640,yolo26m_int8_640_ncnn_model,MOT17-02
366,367.4756579998757,0.0,6,"[3, 187, 267, 310, 317, 252]","[[1069.7908935546875, 397.7508544921875, 1279.2183837890625, 1009.9083862304688], [931.31494140625, 436.25396728515625, 1073.2177734375, 940.2064819335938], [410.5906982421875, 415.4100036621094, 589.7958374023438, 802.4483642578125], [190.97073364257812, 433.8840637207031, 336.2444763183594, 768.3493041992188], [54.048095703125, 443.646728515625, 199.17405700683594, 847.4555053710938], [665.4161376953125, 488.2513122558594, 717.783935546875, 591.238037109375]]","[0.7890625, 0.7431640625, 0.8505859375, 0.67236328125, 0.79931640625, 0.28466796875]","[[1174.504638671875, 1009.9083862304688], [1002.266357421875, 940.2064819335938], [500.1932678222656, 802.4483642578125], [263.60760498046875, 768.3493041992188], [126.61107635498047, 847.4555053710938], [691.6000366210938, 591.238037109375]]",425377792,410910720,425377792,640,yolo26m_int8_640_ncnn_model,MOT17-02
367,371.498266999879,0.0,7,"[3, 187, 267, 310, 317, 252, 137]","[[1070.8740234375, 396.6376037597656, 1281.43017578125, 1009.563232421875], [931.730224609375, 436.5423889160156, 1073.7457275390625, 940.1983032226562], [410.7700500488281, 412.07373046875, 591.5020141601562, 796.16796875], [201.562744140625, 434.09930419921875, 343.3704528808594, 768.2223510742188], [59.88850402832031, 441.5513610839844, 207.47665405273438, 840.3931274414062], [663.7943725585938, 487.2188720703125, 716.4712524414062, 590.5247192382812], [379.8853759765625, 464.2642822265625, 426.3365478515625, 575.26025390625]]","[0.77685546875, 0.755859375, 0.83642578125, 0.71728515625, 0.82373046875, 0.275390625, 0.339599609375]","[[1176.152099609375, 1009.563232421875], [1002.7379760742188, 940.1983032226562], [501.1360321044922, 796.16796875], [272.4665985107422, 768.2223510742188], [133.68257904052734, 840.3931274414062], [690.1328125, 590.5247192382812], [403.1109619140625, 575.26025390625]]",425377792,410910720,425377792,640,yolo26m_int8_640_ncnn_model,MOT17-02
368,367.99695399986376,0.0,7,"[3, 187, 267, 310, 317, 137, 266]","[[1070.935791015625, 404.6416931152344, 1281.5791015625, 1014.8943481445312], [932.2716674804688, 435.6442565917969, 1075.3963623046875, 940.2183837890625], [410.96014404296875, 410.29150390625, 593.6350708007812, 794.3334350585938], [219.05482482910156, 436.6878356933594, 357.77630615234375, 765.7188110351562], [69.74543762207031, 442.2890319824219, 216.82717895507812, 832.300537109375], [379.31109619140625, 464.4970397949219, 426.4429626464844, 576.0248413085938], [732.9939575195312, 481.2936096191406, 778.8427124023438, 591.6936645507812]]","[0.7783203125, 0.7783203125, 0.83984375, 0.75732421875, 0.82177734375, 0.3642578125, 0.35986328125]","[[1176.2574462890625, 1014.8943481445312], [1003.8340148925781, 940.2183837890625], [502.297607421875, 794.3334350585938], [288.41556549072266, 765.7188110351562], [143.28630828857422, 832.300537109375], [402.8770294189453, 576.0248413085938], [755.9183349609375, 591.6936645507812]]",425377792,410910720,425377792,640,yolo26m_int8_640_ncnn_model,MOT17-02
369,369.30462000009356,0.0,8,"[3, 187, 267, 310, 317, 137, 328, 266]","[[1069.0413818359375, 401.7002868652344, 1279.5321044921875, 1010.9541015625], [932.23876953125, 434.3020935058594, 1078.107421875, 945.203125], [414.8541564941406, 407.86737060546875, 598.7435913085938, 792.4395141601562], [232.8699951171875, 435.95599365234375, 372.1054992675781, 765.5328979492188], [87.96040344238281, 445.60577392578125, 231.81790161132812, 826.33984375], [378.80596923828125, 464.8232727050781, 425.79547119140625, 576.0272827148438], [686.0823974609375, 480.07501220703125, 733.517578125, 581.9249877929688], [732.9923706054688, 481.4569396972656, 778.8728637695312, 592.120849609375]]","[0.78955078125, 0.79296875, 0.8388671875, 0.779296875, 0.79638671875, 0.311767578125, 0.360107421875, 0.3251953125]","[[1174.2867431640625, 1010.9541015625], [1005.173095703125, 945.203125], [506.7988739013672, 792.4395141601562], [302.4877471923828, 765.5328979492188], [159.88915252685547, 826.33984375], [402.30072021484375, 576.0272827148438], [709.7999877929688, 581.9249877929688], [755.9326171875, 592.120849609375]]",425377792,410910720,425377792,640,yolo26m_int8_640_ncnn_model,MOT17-02
370,368.7116950000018,0.0,7,"[3, 187, 267, 310, 317, 137, 328]","[[1071.2752685546875, 397.0890808105469, 1283.7213134765625, 1011.9437866210938], [933.5498046875, 431.07745361328125, 1081.6376953125, 946.8421020507812], [418.6478271484375, 407.1980285644531, 602.489501953125, 790.526123046875], [245.69789123535156, 438.17333984375, 385.0671081542969, 763.9967041015625], [106.66372680664062, 446.0840759277344, 247.558837890625, 821.9719848632812], [378.6967468261719, 464.6966247558594, 425.970458984375, 576.2760009765625], [685.8114624023438, 481.7319641113281, 733.3314819335938, 583.6962280273438]]","[0.7939453125, 0.79736328125, 0.8388671875, 0.796875, 0.779296875, 0.462890625, 0.367919921875]","[[1177.498291015625, 1011.9437866210938], [1007.59375, 946.8421020507812], [510.56866455078125, 790.526123046875], [315.3824996948242, 763.9967041015625], [177.1112823486328, 821.9719848632812], [402.33360290527344, 576.2760009765625], [709.5714721679688, 583.6962280273438]]",425377792,410910720,425377792,640,yolo26m_int8_640_ncnn_model,MOT17-02
371,368.211863000397,0.0,7,"[3, 187, 267, 310, 317, 137, 328]","[[1071.86572265625, 403.2550354003906, 1281.564208984375, 1009.3521728515625], [935.0538940429688, 431.5785217285156, 1083.821533203125, 946.7191162109375], [424.0450744628906, 403.21697998046875, 607.0630493164062, 786.6175537109375], [252.35389709472656, 439.0260314941406, 393.6337890625, 763.4403076171875], [119.40055847167969, 440.711181640625, 260.58294677734375, 821.9940795898438], [378.85113525390625, 466.6468200683594, 425.3451843261719, 576.3671264648438], [684.2620849609375, 479.98333740234375, 732.9832153320312, 584.3070068359375]]","[0.76416015625, 0.798828125, 0.81591796875, 0.798828125, 0.76318359375, 0.4287109375, 0.377685546875]","[[1176.7149658203125, 1009.3521728515625], [1009.4377136230469, 946.7191162109375], [515.5540618896484, 786.6175537109375], [322.9938430786133, 763.4403076171875], [189.99175262451172, 821.9940795898438], [402.09815979003906, 576.3671264648438], [708.6226501464844, 584.3070068359375]]",425377792,410910720,425377792,640,yolo26m_int8_640_ncnn_model,MOT17-02
372,371.00702800034924,0.0,7,"[3, 187, 267, 310, 317, 137, 328]","[[1070.3643798828125, 406.6029968261719, 1281.419189453125, 1014.343017578125], [935.3683471679688, 428.56634521484375, 1085.76171875, 946.9077758789062], [431.72265625, 404.2148132324219, 610.7650756835938, 781.7213745117188], [258.1428527832031, 442.3326110839844, 401.0528259277344, 763.2573852539062], [129.4996337890625, 441.97808837890625, 267.8500671386719, 819.8524780273438], [379.0931091308594, 468.8914794921875, 424.9292907714844, 576.9007568359375], [684.61865234375, 480.21856689453125, 732.5906982421875, 582.5182495117188]]","[0.74951171875, 0.794921875, 0.82666015625, 0.8037109375, 0.77734375, 0.3486328125, 0.3662109375]","[[1175.8917846679688, 1014.343017578125], [1010.5650329589844, 946.9077758789062], [521.2438659667969, 781.7213745117188], [329.59783935546875, 763.2573852539062], [198.6748504638672, 819.8524780273438], [402.0111999511719, 576.9007568359375], [708.6046752929688, 582.5182495117188]]",425377792,410910720,425377792,640,yolo26m_int8_640_ncnn_model,MOT17-02
373,367.79410400004053,0.0,7,"[3, 187, 267, 310, 317, 137, 266]","[[1071.5401611328125, 402.12493896484375, 1284.5611572265625, 1013.9763793945312], [936.9163818359375, 427.9332580566406, 1087.903564453125, 946.4765625], [442.726318359375, 401.3660888671875, 619.6791381835938, 781.1907958984375], [262.97845458984375, 442.82391357421875, 407.6680908203125, 762.9660034179688], [144.06468200683594, 439.9755554199219, 283.5381164550781, 819.6654663085938], [378.3741455078125, 466.9449462890625, 425.58917236328125, 577.8504638671875], [731.5620727539062, 479.4582214355469, 778.980224609375, 594.3753051757812]]","[0.72705078125, 0.79638671875, 0.8115234375, 0.771484375, 0.77685546875, 0.44140625, 0.26025390625]","[[1178.0506591796875, 1013.9763793945312], [1012.4099731445312, 946.4765625], [531.2027282714844, 781.1907958984375], [335.3232727050781, 762.9660034179688], [213.80139923095703, 819.6654663085938], [401.9816589355469, 577.8504638671875], [755.2711486816406, 594.3753051757812]]",425377792,410910720,425377792,640,yolo26m_int8_640_ncnn_model,MOT17-02
374,387.31820499970127,0.0,9,"[3, 187, 267, 310, 317, 137, 335, 266, 328]","[[1071.1663818359375, 402.63739013671875, 1284.556640625, 1013.5800170898438], [938.96630859375, 417.8263854980469, 1091.079345703125, 940.3717041015625], [455.8970031738281, 402.0618591308594, 628.9866943359375, 780.3101196289062], [274.22869873046875, 446.7270202636719, 413.982666015625, 752.1743774414062], [159.3067169189453, 440.2400207519531, 301.28155517578125, 820.6829833984375], [378.2586669921875, 464.983642578125, 426.1813659667969, 577.4518432617188], [2.077486276626587, 484.2749938964844, 46.01626205444336, 813.5250244140625], [732.4542846679688, 479.7284851074219, 780.0012817382812, 595.1893310546875], [689.3416137695312, 480.33148193359375, 736.7689208984375, 581.7562255859375]]","[0.64404296875, 0.7822265625, 0.8125, 0.73876953125, 0.78662109375, 0.49609375, 0.34130859375, 0.278076171875, 0.27783203125]","[[1177.8615112304688, 1013.5800170898438], [1015.0228271484375, 940.3717041015625], [542.4418487548828, 780.3101196289062], [344.1056823730469, 752.1743774414062], [230.29413604736328, 820.6829833984375], [402.2200164794922, 577.4518432617188], [24.046874165534973, 813.5250244140625], [756.227783203125, 595.1893310546875], [713.0552673339844, 581.7562255859375]]",425377792,410910720,425377792,640,yolo26m_int8_640_ncnn_model,MOT17-02
375,371.1632150002515,0.0,7,"[3, 187, 267, 310, 317, 137, 335]","[[1072.1385498046875, 399.34930419921875, 1287.3670654296875, 1014.90771484375], [940.5126342773438, 414.2821350097656, 1093.35888671875, 938.8045654296875], [465.92095947265625, 400.6087341308594, 635.9862670898438, 778.804443359375], [280.4524230957031, 446.6637878417969, 419.5662841796875, 749.6358032226562], [171.3462371826172, 443.5923767089844, 317.5147399902344, 823.8896484375], [378.7093505859375, 462.99481201171875, 427.3996276855469, 577.5381469726562], [4.762739181518555, 445.6744689941406, 54.66481018066406, 818.0731201171875]]","[0.7890625, 0.81396484375, 0.7626953125, 0.724609375, 0.80712890625, 0.54931640625, 0.46630859375]","[[1179.7528076171875, 1014.90771484375], [1016.9357604980469, 938.8045654296875], [550.95361328125, 778.804443359375], [350.0093536376953, 749.6358032226562], [244.43048858642578, 823.8896484375], [403.0544891357422, 577.5381469726562], [29.71377468109131, 818.0731201171875]]",425377792,410910720,425377792,640,yolo26m_int8_640_ncnn_model,MOT17-02
376,368.7346419997084,0.0,9,"[3, 187, 267, 310, 317, 137, 335, 266, 328]","[[1073.4202880859375, 399.0921630859375, 1289.452392578125, 1015.4002685546875], [941.8803100585938, 411.0219421386719, 1095.2828369140625, 938.228759765625], [481.85955810546875, 402.3197326660156, 645.8756713867188, 775.0713500976562], [285.2176208496094, 446.1142578125, 423.8146667480469, 748.27099609375], [177.36488342285156, 445.8604736328125, 326.50433349609375, 822.1819458007812], [378.2667541503906, 461.75152587890625, 426.9999084472656, 577.0731201171875], [10.4426851272583, 451.855712890625, 60.224369049072266, 817.960205078125], [731.4788818359375, 479.3014221191406, 779.4322509765625, 597.2294921875], [688.0708618164062, 477.88311767578125, 736.3895263671875, 581.5993041992188]]","[0.8232421875, 0.8037109375, 0.6513671875, 0.71484375, 0.8173828125, 0.55126953125, 0.52490234375, 0.306884765625, 0.3349609375]","[[1181.4363403320312, 1015.4002685546875], [1018.5815734863281, 938.228759765625], [563.8676147460938, 775.0713500976562], [354.5161437988281, 748.27099609375], [251.93460845947266, 822.1819458007812], [402.6333312988281, 577.0731201171875], [35.33352708816528, 817.960205078125], [755.45556640625, 597.2294921875], [712.2301940917969, 581.5993041992188]]",425377792,410910720,425377792,640,yolo26m_int8_640_ncnn_model,MOT17-02
377,369.54501199988954,0.0,8,"[3, 187, 267, 310, 317, 137, 335, 328]","[[1073.55615234375, 396.77117919921875, 1290.5458984375, 1014.8330688476562], [942.4088134765625, 413.0579833984375, 1095.8699951171875, 941.732177734375], [489.3805236816406, 397.2444152832031, 653.0634155273438, 774.484375], [288.99517822265625, 445.885986328125, 427.0170593261719, 748.8359985351562], [182.8354034423828, 443.2168884277344, 338.23687744140625, 821.0968627929688], [377.2922058105469, 460.548095703125, 426.66082763671875, 577.6288452148438], [24.613889694213867, 437.8228759765625, 77.67557525634766, 811.5694580078125], [690.50048828125, 480.4878845214844, 736.6171264648438, 580.5617065429688]]","[0.802734375, 0.7802734375, 0.4853515625, 0.66162109375, 0.7802734375, 0.3583984375, 0.56298828125, 0.293212890625]","[[1182.051025390625, 1014.8330688476562], [1019.139404296875, 941.732177734375], [571.2219696044922, 774.484375], [358.00611877441406, 748.8359985351562], [260.53614044189453, 821.0968627929688], [401.9765167236328, 577.6288452148438], [51.14473247528076, 811.5694580078125], [713.5588073730469, 580.5617065429688]]",425377792,410910720,425377792,640,yolo26m_int8_640_ncnn_model,MOT17-02
378,384.7822070001712,0.0,7,"[3, 187, 267, 310, 317, 137, 335]","[[1072.9010009765625, 403.0701904296875, 1288.6453857421875, 1015.3491821289062], [943.8690795898438, 413.16156005859375, 1096.674072265625, 939.875244140625], [498.850341796875, 399.5892639160156, 658.5276489257812, 773.0849609375], [289.8279113769531, 443.7850341796875, 426.7093505859375, 746.1162719726562], [183.73460388183594, 443.4686279296875, 345.2408447265625, 821.4862670898438], [377.501708984375, 462.5608825683594, 426.44366455078125, 579.309814453125], [37.715972900390625, 430.34844970703125, 95.2960205078125, 808.3312377929688]]","[0.79296875, 0.78662109375, 0.58056640625, 0.68359375, 0.8125, 0.2607421875, 0.62451171875]","[[1180.773193359375, 1015.3491821289062], [1020.2715759277344, 939.875244140625], [578.6889953613281, 773.0849609375], [358.2686309814453, 746.1162719726562], [264.4877243041992, 821.4862670898438], [401.9726867675781, 579.309814453125], [66.50599670410156, 808.3312377929688]]",425377792,410910720,425377792,640,yolo26m_int8_640_ncnn_model,MOT17-02
379,369.35417899985623,0.0,9,"[3, 187, 267, 310, 317, 335, 252, 266, 328]","[[1072.704833984375, 395.0369567871094, 1292.7835693359375, 1019.0134887695312], [944.9345703125, 416.2294616699219, 1097.3275146484375, 941.1574096679688], [504.3621826171875, 398.2752380371094, 662.0671997070312, 771.8819580078125], [292.614990234375, 439.98675537109375, 429.7845153808594, 747.1544799804688], [182.33839416503906, 444.06219482421875, 348.80987548828125, 821.1873779296875], [48.7056884765625, 429.7569580078125, 111.6741714477539, 805.6654663085938], [646.1087036132812, 490.3794860839844, 698.4370727539062, 592.4080200195312], [733.4368896484375, 480.8631896972656, 778.3023071289062, 591.0623168945312], [691.5686645507812, 482.1684875488281, 737.849609375, 584.3424072265625]]","[0.8271484375, 0.7919921875, 0.6982421875, 0.69287109375, 0.80517578125, 0.7119140625, 0.363037109375, 0.2841796875, 0.376220703125]","[[1182.7442016601562, 1019.0134887695312], [1021.1310424804688, 941.1574096679688], [583.2146911621094, 771.8819580078125], [361.1997528076172, 747.1544799804688], [265.57413482666016, 821.1873779296875], [80.1899299621582, 805.6654663085938], [672.2728881835938, 592.4080200195312], [755.8695983886719, 591.0623168945312], [714.7091369628906, 584.3424072265625]]",425377792,410910720,425377792,640,yolo26m_int8_640_ncnn_model,MOT17-02
380,371.3292160000492,0.0,7,"[3, 187, 267, 310, 317, 335, 328]","[[1072.3885498046875, 390.5611572265625, 1293.554931640625, 1018.8934936523438], [947.2353515625, 413.4731750488281, 1099.5179443359375, 937.6907958984375], [512.7078247070312, 400.7858581542969, 667.5387573242188, 772.487060546875], [300.5964660644531, 440.30419921875, 434.71429443359375, 746.8489990234375], [181.86756896972656, 443.7887268066406, 352.3323669433594, 819.6281127929688], [52.4177131652832, 427.2177429199219, 122.36416625976562, 806.5662841796875], [689.8113403320312, 480.2252197265625, 737.956298828125, 588.4864501953125]]","[0.82861328125, 0.77734375, 0.7509765625, 0.693359375, 0.83447265625, 0.7744140625, 0.3720703125]","[[1182.9717407226562, 1018.8934936523438], [1023.3766479492188, 937.6907958984375], [590.123291015625, 772.487060546875], [367.65538024902344, 746.8489990234375], [267.09996795654297, 819.6281127929688], [87.39093971252441, 806.5662841796875], [713.8838195800781, 588.4864501953125]]",425377792,410910720,425377792,640,yolo26m_int8_640_ncnn_model,MOT17-02
381,369.1107730001022,0.0,8,"[3, 187, 267, 310, 317, 335, 328, 252]","[[1072.4708251953125, 390.1065673828125, 1294.5816650390625, 1019.5625610351562], [951.3944091796875, 418.4122619628906, 1103.8726806640625, 939.3649291992188], [518.4799194335938, 402.250732421875, 671.410888671875, 774.271728515625], [307.9630432128906, 438.4495544433594, 439.4424743652344, 746.788818359375], [180.40829467773438, 441.6946105957031, 355.7611083984375, 817.0942993164062], [53.50729751586914, 433.7054138183594, 130.03189086914062, 810.0010986328125], [691.7127685546875, 479.7864074707031, 738.4024047851562, 586.7671508789062], [646.7171630859375, 484.86663818359375, 702.9126586914062, 598.1958618164062]]","[0.8408203125, 0.7880859375, 0.73779296875, 0.705078125, 0.82177734375, 0.77978515625, 0.345458984375, 0.325439453125]","[[1183.5262451171875, 1019.5625610351562], [1027.633544921875, 939.3649291992188], [594.9454040527344, 774.271728515625], [373.7027587890625, 746.788818359375], [268.08470153808594, 817.0942993164062], [91.76959419250488, 810.0010986328125], [715.0575866699219, 586.7671508789062], [674.8149108886719, 598.1958618164062]]",425377792,410910720,425377792,640,yolo26m_int8_640_ncnn_model,MOT17-02
382,416.24909799975285,0.0,8,"[3, 187, 267, 310, 317, 335, 328, 266]","[[1074.2039794921875, 390.21783447265625, 1297.1734619140625, 1021.5238647460938], [952.0291748046875, 414.6073303222656, 1105.3310546875, 935.796875], [527.0006103515625, 401.81396484375, 679.9215087890625, 777.9688720703125], [312.8825988769531, 436.2769470214844, 443.08453369140625, 748.2952270507812], [186.44015502929688, 445.63214111328125, 363.05084228515625, 817.4298095703125], [52.6622314453125, 434.9618835449219, 136.58018493652344, 810.841064453125], [691.1613159179688, 476.8938293457031, 738.35107421875, 586.7875366210938], [733.9340209960938, 481.3937683105469, 779.2904052734375, 593.46240234375]]","[0.83203125, 0.80126953125, 0.76416015625, 0.6962890625, 0.81201171875, 0.8076171875, 0.3564453125, 0.350830078125]","[[1185.688720703125, 1021.5238647460938], [1028.6801147460938, 935.796875], [603.4610595703125, 777.9688720703125], [377.9835662841797, 748.2952270507812], [274.74549865722656, 817.4298095703125], [94.62120819091797, 810.841064453125], [714.7561950683594, 586.7875366210938], [756.6122131347656, 593.46240234375]]",425377792,410910720,425377792,640,yolo26m_int8_640_ncnn_model,MOT17-02
383,369.0341799997441,0.0,8,"[3, 187, 267, 310, 317, 335, 328, 266]","[[1077.5501708984375, 388.07171630859375, 1299.3687744140625, 1014.5931396484375], [955.51123046875, 421.8711853027344, 1109.4384765625, 939.6751708984375], [533.5692138671875, 405.85504150390625, 685.2265014648438, 780.12841796875], [319.55340576171875, 435.4743957519531, 447.36285400390625, 746.9239501953125], [195.81224060058594, 443.3816833496094, 372.5646057128906, 813.3695678710938], [54.5391960144043, 436.63946533203125, 146.5308074951172, 810.1690063476562], [691.4381103515625, 475.57330322265625, 738.3154907226562, 587.024658203125], [734.4256591796875, 480.6697998046875, 779.0205688476562, 591.5882568359375]]","[0.83984375, 0.78564453125, 0.78173828125, 0.56640625, 0.8203125, 0.814453125, 0.295166015625, 0.273681640625]","[[1188.45947265625, 1014.5931396484375], [1032.474853515625, 939.6751708984375], [609.3978576660156, 780.12841796875], [383.4581298828125, 746.9239501953125], [284.1884231567383, 813.3695678710938], [100.53500175476074, 810.1690063476562], [714.8768005371094, 587.024658203125], [756.7231140136719, 591.5882568359375]]",425377792,410910720,425377792,640,yolo26m_int8_640_ncnn_model,MOT17-02
384,368.2578289999583,0.0,7,"[3, 187, 267, 310, 317, 335, 328]","[[1076.9703369140625, 387.7856140136719, 1298.0233154296875, 1011.4380493164062], [956.6790161132812, 423.8970947265625, 1110.990234375, 939.9216918945312], [539.3572387695312, 408.38702392578125, 689.8416137695312, 779.9757690429688], [336.350830078125, 438.1667175292969, 460.50665283203125, 745.4442749023438], [202.01394653320312, 441.2880859375, 377.3611755371094, 807.1631469726562], [54.85969161987305, 438.9521789550781, 155.3472900390625, 810.4335327148438], [688.6467895507812, 474.103271484375, 735.782958984375, 586.1162109375]]","[0.84326171875, 0.7314453125, 0.81787109375, 0.472412109375, 0.80419921875, 0.822265625, 0.3232421875]","[[1187.496826171875, 1011.4380493164062], [1033.8346252441406, 939.9216918945312], [614.5994262695312, 779.9757690429688], [398.4287414550781, 745.4442749023438], [289.68756103515625, 807.1631469726562], [105.10349082946777, 810.4335327148438], [712.2148742675781, 586.1162109375]]",425377792,410910720,425377792,640,yolo26m_int8_640_ncnn_model,MOT17-02
385,376.4431399999921,0.0,8,"[3, 187, 267, 310, 317, 335, 328, 348]","[[1078.800048828125, 391.4335021972656, 1299.365234375, 1011.4962768554688], [956.9371948242188, 421.9195556640625, 1113.58837890625, 941.7589721679688], [540.4491577148438, 410.3196716308594, 690.648193359375, 779.92626953125], [343.8720703125, 438.7123718261719, 466.7972717285156, 745.4193115234375], [209.83079528808594, 443.0038146972656, 379.56072998046875, 798.4027709960938], [52.83481979370117, 439.7039794921875, 161.7833251953125, 809.796630859375], [687.056640625, 476.0167541503906, 733.8278198242188, 587.2217407226562], [468.9467468261719, 447.45001220703125, 508.7532653808594, 559.6500244140625]]","[0.83642578125, 0.78173828125, 0.81201171875, 0.640625, 0.77294921875, 0.8037109375, 0.40576171875, 0.35791015625]","[[1189.0826416015625, 1011.4962768554688], [1035.2627868652344, 941.7589721679688], [615.5486755371094, 779.92626953125], [405.3346710205078, 745.4193115234375], [294.69576263427734, 798.4027709960938], [107.30907249450684, 809.796630859375], [710.4422302246094, 587.2217407226562], [488.8500061035156, 559.6500244140625]]",425377792,410910720,425377792,640,yolo26m_int8_640_ncnn_model,MOT17-02
386,412.2011389999898,0.0,9,"[3, 187, 267, 310, 317, 335, 328, 348, 266]","[[1079.8746337890625, 393.3356018066406, 1300.417724609375, 1010.0449829101562], [956.6758422851562, 420.9215087890625, 1114.786376953125, 939.7283325195312], [543.2044067382812, 407.0396423339844, 693.0927734375, 774.93896484375], [357.0257263183594, 439.1733703613281, 480.1725769042969, 744.2000732421875], [222.10659790039062, 440.8871765136719, 389.0184020996094, 795.9708251953125], [48.85212707519531, 436.84136962890625, 166.5847625732422, 808.8206787109375], [688.669921875, 478.5051574707031, 734.8065185546875, 587.8778076171875], [468.826904296875, 449.1206359863281, 508.5274658203125, 560.9749755859375], [732.9190063476562, 480.36181640625, 778.0859985351562, 593.2733764648438]]","[0.83203125, 0.78759765625, 0.8037109375, 0.7080078125, 0.79833984375, 0.8134765625, 0.377197265625, 0.39697265625, 0.293212890625]","[[1190.1461791992188, 1010.0449829101562], [1035.7311096191406, 939.7283325195312], [618.1485900878906, 774.93896484375], [418.5991516113281, 744.2000732421875], [305.5625, 795.9708251953125], [107.71844482421875, 808.8206787109375], [711.7382202148438, 587.8778076171875], [488.67718505859375, 560.9749755859375], [755.5025024414062, 593.2733764648438]]",425377792,410910720,425377792,640,yolo26m_int8_640_ncnn_model,MOT17-02
387,374.692012000196,0.0,9,"[3, 187, 267, 310, 317, 335, 328, 348, 266]","[[1078.302978515625, 393.3185729980469, 1300.734130859375, 1016.2246704101562], [953.8097534179688, 420.04522705078125, 1113.888671875, 941.435302734375], [544.0946655273438, 408.0235595703125, 693.7057495117188, 773.82568359375], [372.4172668457031, 441.5921630859375, 496.59820556640625, 742.5306396484375], [235.4596405029297, 440.86639404296875, 398.15911865234375, 796.4199829101562], [45.361183166503906, 431.87335205078125, 172.13491821289062, 807.4736328125], [689.2261352539062, 479.4660949707031, 735.24853515625, 588.1092529296875], [469.5367736816406, 448.8089599609375, 509.4515686035156, 561.1302490234375], [731.56689453125, 479.0646667480469, 778.0230102539062, 594.815185546875]]","[0.82470703125, 0.79931640625, 0.8193359375, 0.77587890625, 0.73779296875, 0.802734375, 0.281005859375, 0.378173828125, 0.3212890625]","[[1189.5185546875, 1016.2246704101562], [1033.8492126464844, 941.435302734375], [618.9002075195312, 773.82568359375], [434.5077362060547, 742.5306396484375], [316.8093795776367, 796.4199829101562], [108.74805068969727, 807.4736328125], [712.2373352050781, 588.1092529296875], [489.4941711425781, 561.1302490234375], [754.7949523925781, 594.815185546875]]",425377792,410910720,425377792,640,yolo26m_int8_640_ncnn_model,MOT17-02
388,371.9595699999445,0.0,9,"[3, 187, 267, 310, 317, 335, 328, 348, 266]","[[1081.2552490234375, 393.81060791015625, 1302.198486328125, 1008.169189453125], [950.7664184570312, 418.9759216308594, 1111.4381103515625, 943.8126220703125], [545.5261840820312, 408.3808288574219, 694.406494140625, 771.4442138671875], [380.84552001953125, 441.7554016113281, 508.4793701171875, 743.68798828125], [247.8645782470703, 438.12652587890625, 406.0443115234375, 797.434814453125], [45.53607940673828, 436.02923583984375, 177.26031494140625, 805.0010375976562], [689.7626953125, 482.31048583984375, 735.5831909179688, 589.668701171875], [470.09234619140625, 449.5071716308594, 509.9761657714844, 561.4224853515625], [732.0704345703125, 478.3706359863281, 778.0140380859375, 593.6270141601562]]","[0.8076171875, 0.66943359375, 0.8154296875, 0.7802734375, 0.685546875, 0.79736328125, 0.37353515625, 0.3427734375, 0.298583984375]","[[1191.7268676757812, 1008.169189453125], [1031.1022644042969, 943.8126220703125], [619.9663391113281, 771.4442138671875], [444.6624450683594, 743.68798828125], [326.9544448852539, 797.434814453125], [111.39819717407227, 805.0010375976562], [712.6729431152344, 589.668701171875], [490.0342559814453, 561.4224853515625], [755.042236328125, 593.6270141601562]]",425377792,410910720,425377792,640,yolo26m_int8_640_ncnn_model,MOT17-02
389,370.31382999975904,0.0,9,"[3, 187, 267, 310, 317, 335, 328, 348, 266]","[[1076.112548828125, 391.2635192871094, 1302.981201171875, 1015.8007202148438], [951.998291015625, 422.03607177734375, 1110.013916015625, 937.2962036132812], [547.1702880859375, 411.491943359375, 694.1707763671875, 769.5855712890625], [385.9757385253906, 443.5492858886719, 516.2764892578125, 743.4034423828125], [255.8067626953125, 435.62554931640625, 409.0982666015625, 797.3971557617188], [50.02286911010742, 438.48876953125, 185.0364227294922, 802.3338012695312], [687.6055297851562, 477.40655517578125, 734.580322265625, 587.251953125], [469.31597900390625, 448.90228271484375, 509.44732666015625, 561.2237548828125], [730.6063842773438, 476.6324157714844, 777.70263671875, 594.6455688476562]]","[0.8076171875, 0.619140625, 0.79833984375, 0.794921875, 0.7001953125, 0.7822265625, 0.2783203125, 0.369873046875, 0.437255859375]","[[1189.546875, 1015.8007202148438], [1031.006103515625, 937.2962036132812], [620.6705322265625, 769.5855712890625], [451.12611389160156, 743.4034423828125], [332.4525146484375, 797.3971557617188], [117.5296459197998, 802.3338012695312], [711.0929260253906, 587.251953125], [489.38165283203125, 561.2237548828125], [754.1545104980469, 594.6455688476562]]",425377792,410910720,425377792,640,yolo26m_int8_640_ncnn_model,MOT17-02
390,394.98516899993774,0.0,9,"[3, 187, 267, 310, 317, 335, 328, 348, 266]","[[1074.74267578125, 393.7731628417969, 1303.6710205078125, 1017.1697387695312], [952.2597045898438, 425.4571533203125, 1109.5985107421875, 937.540771484375], [551.3482055664062, 412.8907470703125, 694.1509399414062, 760.6751098632812], [388.56915283203125, 443.7190856933594, 523.3226928710938, 743.823974609375], [269.3670654296875, 438.6687316894531, 416.4192199707031, 795.4736938476562], [54.30703353881836, 439.4783630371094, 191.8094024658203, 799.3682861328125], [686.7804565429688, 475.3326110839844, 734.228759765625, 585.6033325195312], [468.3072814941406, 449.73309326171875, 506.8099670410156, 557.9680786132812], [729.9085693359375, 476.477783203125, 777.7407836914062, 596.4931030273438]]","[0.80712890625, 0.66943359375, 0.767578125, 0.8193359375, 0.71484375, 0.79296875, 0.328857421875, 0.264404296875, 0.491455078125]","[[1189.2068481445312, 1017.1697387695312], [1030.9291076660156, 937.540771484375], [622.7495727539062, 760.6751098632812], [455.9459228515625, 743.823974609375], [342.8931427001953, 795.4736938476562], [123.05821800231934, 799.3682861328125], [710.5046081542969, 585.6033325195312], [487.5586242675781, 557.9680786132812], [753.8246765136719, 596.4931030273438]]",425377792,410910720,425377792,640,yolo26m_int8_640_ncnn_model,MOT17-02
391,369.29368299979615,0.0,7,"[3, 187, 267, 310, 317, 335, 328]","[[1072.9063720703125, 394.7433166503906, 1304.2127685546875, 1018.671630859375], [949.7411499023438, 425.9789123535156, 1107.0269775390625, 938.393310546875], [557.7803955078125, 408.0879211425781, 699.9913330078125, 756.6402587890625], [399.2257385253906, 442.2784118652344, 533.0567626953125, 735.5542602539062], [284.82574462890625, 439.1075134277344, 429.6421203613281, 795.5703125], [60.352500915527344, 434.6468811035156, 201.1103515625, 797.5523071289062], [686.9740600585938, 478.00250244140625, 733.5926513671875, 585.4560546875]]","[0.83642578125, 0.693359375, 0.7744140625, 0.7666015625, 0.73486328125, 0.7080078125, 0.370849609375]","[[1188.5595703125, 1018.671630859375], [1028.3840637207031, 938.393310546875], [628.8858642578125, 756.6402587890625], [466.14125061035156, 735.5542602539062], [357.2339324951172, 795.5703125], [130.73142623901367, 797.5523071289062], [710.2833557128906, 585.4560546875]]",425377792,410910720,425377792,640,yolo26m_int8_640_ncnn_model,MOT17-02
392,368.8053690002562,0.0,10,"[3, 187, 267, 310, 317, 335, 328, 353, 319, 266]","[[1068.216796875, 392.88104248046875, 1303.4302978515625, 1022.442138671875], [948.6766967773438, 417.2181396484375, 1109.1217041015625, 939.7171020507812], [561.614501953125, 407.5647277832031, 703.3909301757812, 758.9766845703125], [404.4491882324219, 443.9758605957031, 539.8054809570312, 737.2215576171875], [299.83013916015625, 443.2624816894531, 442.637939453125, 796.662109375], [64.95144653320312, 428.91802978515625, 209.8084259033203, 797.9114990234375], [687.1455688476562, 479.2958068847656, 733.2671508789062, 585.1494750976562], [1069.13525390625, 432.375, 1125.664794921875, 552.2249755859375], [933.9122924804688, 434.59014892578125, 981.6435546875, 588.52001953125], [729.5494384765625, 476.78582763671875, 776.6394653320312, 594.6444091796875]]","[0.8408203125, 0.63916015625, 0.779296875, 0.771484375, 0.69677734375, 0.62841796875, 0.326416015625, 0.385498046875, 0.385498046875, 0.3740234375]","[[1185.8235473632812, 1022.442138671875], [1028.8992004394531, 939.7171020507812], [632.5027160644531, 758.9766845703125], [472.12733459472656, 737.2215576171875], [371.2340393066406, 796.662109375], [137.37993621826172, 797.9114990234375], [710.2063598632812, 585.1494750976562], [1097.4000244140625, 552.2249755859375], [957.7779235839844, 588.52001953125], [753.0944519042969, 594.6444091796875]]",425377792,410910720,425377792,640,yolo26m_int8_640_ncnn_model,MOT17-02
393,375.0078839998423,0.0,8,"[3, 187, 267, 310, 317, 335, 319, 266]","[[1066.43505859375, 393.4112548828125, 1302.14501953125, 1019.6482543945312], [948.1549682617188, 413.9298400878906, 1110.0091552734375, 941.2031860351562], [568.4356689453125, 406.86920166015625, 704.9391479492188, 749.4813842773438], [407.3848876953125, 442.1031494140625, 544.72412109375, 737.3823852539062], [312.91058349609375, 441.5897521972656, 456.8125, 795.3882446289062], [82.37744140625, 429.7764892578125, 226.12950134277344, 800.06396484375], [927.089599609375, 438.1063232421875, 978.6409301757812, 605.3742065429688], [728.85693359375, 476.1837463378906, 776.0328369140625, 594.8956298828125]]","[0.84423828125, 0.6220703125, 0.7685546875, 0.72412109375, 0.75, 0.73046875, 0.49658203125, 0.256591796875]","[[1184.2900390625, 1019.6482543945312], [1029.0820617675781, 941.2031860351562], [636.6874084472656, 749.4813842773438], [476.05450439453125, 737.3823852539062], [384.8615417480469, 795.3882446289062], [154.25347137451172, 800.06396484375], [952.8652648925781, 605.3742065429688], [752.4448852539062, 594.8956298828125]]",425377792,410910720,425377792,640,yolo26m_int8_640_ncnn_model,MOT17-02
394,385.339785999804,0.0,9,"[3, 187, 267, 310, 317, 335, 319, 266, 353]","[[1065.31298828125, 392.13079833984375, 1302.101806640625, 1017.0631103515625], [946.9833374023438, 416.394775390625, 1106.364501953125, 939.0599365234375], [575.5841064453125, 404.089599609375, 710.6183471679688, 749.4854736328125], [413.6691589355469, 441.1458740234375, 550.7412719726562, 735.74169921875], [319.8639221191406, 441.2073669433594, 465.3096008300781, 795.703857421875], [84.67374420166016, 430.67864990234375, 229.07008361816406, 801.42333984375], [924.1162719726562, 440.2079772949219, 976.621337890625, 610.96240234375], [727.0774536132812, 473.7442932128906, 775.383056640625, 595.2323608398438], [1076.7510986328125, 433.0499572753906, 1132.6280517578125, 551.0100708007812]]","[0.837890625, 0.57080078125, 0.7001953125, 0.7080078125, 0.779296875, 0.69873046875, 0.57275390625, 0.414306640625, 0.297607421875]","[[1183.7073974609375, 1017.0631103515625], [1026.6739196777344, 939.0599365234375], [643.1012268066406, 749.4854736328125], [482.20521545410156, 735.74169921875], [392.5867614746094, 795.703857421875], [156.8719139099121, 801.42333984375], [950.3688049316406, 610.96240234375], [751.2302551269531, 595.2323608398438], [1104.6895751953125, 551.0100708007812]]",425377792,410910720,425377792,640,yolo26m_int8_640_ncnn_model,MOT17-02
395,373.3280339997691,0.0,9,"[3, 187, 267, 310, 317, 335, 319, 266, 353]","[[1065.699462890625, 392.89044189453125, 1303.273193359375, 1014.8345947265625], [948.1762084960938, 414.6431579589844, 1108.267578125, 940.96533203125], [585.8742065429688, 402.8262939453125, 716.7255859375, 746.82421875], [418.29351806640625, 442.27471923828125, 554.1282348632812, 735.6576538085938], [324.067626953125, 443.2978820800781, 471.1341552734375, 796.6132202148438], [95.22834777832031, 428.8564453125, 239.39779663085938, 799.2435913085938], [921.0764770507812, 438.9486999511719, 974.1404418945312, 613.0740356445312], [725.2864379882812, 473.0812072753906, 775.7932739257812, 601.0042724609375], [1084.4365234375, 431.44329833984375, 1139.9765625, 547.9426879882812]]","[0.837890625, 0.43798828125, 0.6435546875, 0.69580078125, 0.755859375, 0.61669921875, 0.5107421875, 0.32958984375, 0.3212890625]","[[1184.486328125, 1014.8345947265625], [1028.2218933105469, 940.96533203125], [651.2998962402344, 746.82421875], [486.21087646484375, 735.6576538085938], [397.60089111328125, 796.6132202148438], [167.31307220458984, 799.2435913085938], [947.6084594726562, 613.0740356445312], [750.5398559570312, 601.0042724609375], [1112.20654296875, 547.9426879882812]]",425377792,410910720,425377792,640,yolo26m_int8_640_ncnn_model,MOT17-02
396,370.62597999965874,0.0,9,"[3, 187, 267, 310, 317, 335, 319, 266, 353]","[[1066.2442626953125, 395.4176025390625, 1305.31787109375, 1019.69921875], [960.9950561523438, 427.8332824707031, 1112.4102783203125, 938.7186279296875], [598.669189453125, 402.8656311035156, 725.1988525390625, 745.41796875], [421.7478942871094, 443.6957092285156, 555.5958862304688, 734.6694946289062], [327.3057861328125, 446.57159423828125, 474.8917541503906, 796.5000610351562], [107.48686218261719, 429.458740234375, 252.248291015625, 797.20068359375], [918.4691162109375, 439.1983947753906, 970.9842529296875, 614.0595092773438], [725.655517578125, 471.1445007324219, 776.36962890625, 601.0149536132812], [1089.522705078125, 431.49176025390625, 1144.7841796875, 546.4720458984375]]","[0.845703125, 0.580078125, 0.673828125, 0.6923828125, 0.77001953125, 0.65478515625, 0.60546875, 0.382568359375, 0.382568359375]","[[1185.7810668945312, 1019.69921875], [1036.7026672363281, 938.7186279296875], [661.9340209960938, 745.41796875], [488.67189025878906, 734.6694946289062], [401.09877014160156, 796.5000610351562], [179.8675765991211, 797.20068359375], [944.7266845703125, 614.0595092773438], [751.0125732421875, 601.0149536132812], [1117.1534423828125, 546.4720458984375]]",425377792,410910720,425377792,640,yolo26m_int8_640_ncnn_model,MOT17-02
397,369.1628519995902,0.0,8,"[3, 187, 267, 310, 317, 335, 319, 266]","[[1064.859375, 394.1394958496094, 1305.7005615234375, 1021.774169921875], [967.6802978515625, 433.1565856933594, 1114.191650390625, 938.6058349609375], [605.1019287109375, 403.3974609375, 727.836181640625, 744.4832153320312], [425.7021179199219, 445.970458984375, 557.419677734375, 735.5817260742188], [326.0519104003906, 444.0514831542969, 477.03955078125, 797.239990234375], [128.00814819335938, 427.7563781738281, 272.7010498046875, 794.4695434570312], [915.4227905273438, 441.7940368652344, 967.154296875, 615.8766479492188], [724.7833862304688, 470.1529541015625, 774.72509765625, 599.292724609375]]","[0.84765625, 0.65283203125, 0.666015625, 0.65283203125, 0.787109375, 0.75, 0.591796875, 0.4169921875]","[[1185.2799682617188, 1021.774169921875], [1040.9359741210938, 938.6058349609375], [666.4690551757812, 744.4832153320312], [491.56089782714844, 735.5817260742188], [401.5457305908203, 797.239990234375], [200.35459899902344, 794.4695434570312], [941.2885437011719, 615.8766479492188], [749.7542419433594, 599.292724609375]]",425377792,410910720,425377792,640,yolo26m_int8_640_ncnn_model,MOT17-02
398,392.2920059999342,0.0,8,"[3, 187, 267, 310, 317, 335, 319, 266]","[[1065.14453125, 393.65020751953125, 1305.0345458984375, 1016.608154296875], [970.88623046875, 436.5884094238281, 1113.0341796875, 937.0712280273438], [606.2056274414062, 403.1131591796875, 727.7049560546875, 744.7174682617188], [430.6064453125, 447.0591735839844, 560.1658325195312, 736.7034301757812], [326.75469970703125, 439.87799072265625, 481.08453369140625, 795.8049926757812], [141.22886657714844, 434.6079406738281, 284.97015380859375, 793.97216796875], [913.97509765625, 444.5102233886719, 965.3286743164062, 617.755859375], [723.343505859375, 470.5265197753906, 772.7606811523438, 598.8528442382812]]","[0.84326171875, 0.59326171875, 0.65234375, 0.68701171875, 0.78271484375, 0.7880859375, 0.53369140625, 0.42529296875]","[[1185.0895385742188, 1016.608154296875], [1041.960205078125, 937.0712280273438], [666.9552917480469, 744.7174682617188], [495.3861389160156, 736.7034301757812], [403.91961669921875, 795.8049926757812], [213.0995101928711, 793.97216796875], [939.6518859863281, 617.755859375], [748.0520935058594, 598.8528442382812]]",425377792,410910720,425377792,640,yolo26m_int8_640_ncnn_model,MOT17-02
399,373.8444049999998,0.0,8,"[3, 187, 267, 310, 317, 335, 319, 266]","[[1065.685791015625, 395.6976013183594, 1307.3299560546875, 1021.3278198242188], [972.8756103515625, 438.3131408691406, 1111.6962890625, 938.0044555664062], [612.3226318359375, 400.5308837890625, 734.4990844726562, 745.3765869140625], [435.0126953125, 442.9718017578125, 563.1466674804688, 735.6552734375], [326.3277893066406, 446.4593200683594, 479.78057861328125, 794.0492553710938], [152.41847229003906, 434.00177001953125, 300.3688659667969, 795.0806884765625], [913.8244018554688, 445.7430725097656, 963.5390625, 613.122802734375], [723.6425170898438, 469.7020263671875, 772.6782836914062, 599.6632080078125]]","[0.84619140625, 0.642578125, 0.71728515625, 0.69921875, 0.81396484375, 0.79736328125, 0.583984375, 0.436767578125]","[[1186.5078735351562, 1021.3278198242188], [1042.2859497070312, 938.0044555664062], [673.4108581542969, 745.3765869140625], [499.0796813964844, 735.6552734375], [403.05418395996094, 794.0492553710938], [226.39366912841797, 795.0806884765625], [938.6817321777344, 613.122802734375], [748.160400390625, 599.6632080078125]]",425377792,410910720,425377792,640,yolo26m_int8_640_ncnn_model,MOT17-02
400,376.2314969999352,0.0,8,"[3, 187, 267, 310, 317, 335, 319, 266]","[[1066.3851318359375, 395.96929931640625, 1308.6845703125, 1023.5899047851562], [973.5354614257812, 436.9029846191406, 1110.1812744140625, 938.3622436523438], [617.5670166015625, 400.5668029785156, 741.1820678710938, 746.6754150390625], [447.06719970703125, 442.4166259765625, 570.29052734375, 734.2903442382812], [327.98370361328125, 447.7296447753906, 483.2957763671875, 795.665283203125], [157.7983856201172, 435.0301208496094, 309.4377746582031, 795.2725830078125], [912.5374755859375, 445.39422607421875, 962.3950805664062, 612.068603515625], [722.9619140625, 467.9338073730469, 772.4923095703125, 601.4342651367188]]","[0.8408203125, 0.650390625, 0.77734375, 0.7001953125, 0.81591796875, 0.775390625, 0.62744140625, 0.298095703125]","[[1187.5348510742188, 1023.5899047851562], [1041.8583679199219, 938.3622436523438], [679.3745422363281, 746.6754150390625], [508.6788635253906, 734.2903442382812], [405.6397399902344, 795.665283203125], [233.61808013916016, 795.2725830078125], [937.4662780761719, 612.068603515625], [747.7271118164062, 601.4342651367188]]",425377792,410910720,425377792,640,yolo26m_int8_640_ncnn_model,MOT17-02
401,373.39396099969235,0.0,8,"[3, 187, 267, 310, 317, 335, 319, 266]","[[1064.3572998046875, 395.5692443847656, 1305.5411376953125, 1021.9513549804688], [975.2445678710938, 434.82720947265625, 1110.0487060546875, 938.0048217773438], [625.0881958007812, 403.8228454589844, 749.6748657226562, 747.9671630859375], [457.7113952636719, 443.19903564453125, 576.3936767578125, 732.8030395507812], [329.3325500488281, 448.6801452636719, 486.9454345703125, 797.77880859375], [160.27606201171875, 440.40313720703125, 312.8741149902344, 793.3858642578125], [912.0820922851562, 444.982666015625, 959.14208984375, 599.8455810546875], [724.1201782226562, 468.2503356933594, 772.0071411132812, 600.15185546875]]","[0.81005859375, 0.64501953125, 0.76953125, 0.70166015625, 0.7919921875, 0.814453125, 0.5419921875, 0.3076171875]","[[1184.94921875, 1021.9513549804688], [1042.6466369628906, 938.0048217773438], [687.3815307617188, 747.9671630859375], [517.0525360107422, 732.8030395507812], [408.1389923095703, 797.77880859375], [236.57508850097656, 793.3858642578125], [935.6120910644531, 599.8455810546875], [748.0636596679688, 600.15185546875]]",425377792,410910720,425377792,640,yolo26m_int8_640_ncnn_model,MOT17-02
402,385.05208499964283,0.0,8,"[3, 187, 267, 310, 317, 335, 319, 266]","[[1064.366943359375, 394.41827392578125, 1303.55908203125, 1018.3314208984375], [977.0152587890625, 435.24127197265625, 1109.782470703125, 937.626220703125], [630.0872192382812, 407.3094482421875, 756.2763061523438, 746.2669067382812], [465.0552978515625, 442.00189208984375, 581.3395385742188, 731.7716674804688], [338.847900390625, 448.0229187011719, 493.77703857421875, 791.6412963867188], [161.5510711669922, 443.94293212890625, 317.48248291015625, 793.2034301757812], [906.8692626953125, 447.87103271484375, 957.107666015625, 608.6246948242188], [720.65673828125, 467.4158020019531, 769.3638305664062, 602.5939331054688]]","[0.83056640625, 0.63623046875, 0.8017578125, 0.7099609375, 0.77587890625, 0.8203125, 0.40673828125, 0.431396484375]","[[1183.9630126953125, 1018.3314208984375], [1043.3988647460938, 937.626220703125], [693.1817626953125, 746.2669067382812], [523.1974182128906, 731.7716674804688], [416.3124694824219, 791.6412963867188], [239.51677703857422, 793.2034301757812], [931.9884643554688, 608.6246948242188], [745.0102844238281, 602.5939331054688]]",425377792,410910720,425377792,640,yolo26m_int8_640_ncnn_model,MOT17-02
403,375.6436839998969,0.0,8,"[3, 187, 267, 310, 317, 335, 319, 266]","[[1062.0400390625, 397.4525451660156, 1298.2017822265625, 1018.4395751953125], [977.5425415039062, 434.3688659667969, 1108.74658203125, 937.4888305664062], [635.2269287109375, 406.62542724609375, 765.531982421875, 745.666748046875], [478.0642395019531, 441.5537414550781, 593.8274536132812, 731.4130249023438], [345.14404296875, 450.74566650390625, 496.1836853027344, 786.3334350585938], [165.06570434570312, 440.48583984375, 327.7508850097656, 793.9151611328125], [902.3682861328125, 446.37152099609375, 955.170166015625, 612.1620483398438], [720.1818237304688, 465.6520080566406, 769.0357666015625, 603.014892578125]]","[0.8193359375, 0.6630859375, 0.8115234375, 0.6630859375, 0.78466796875, 0.82568359375, 0.5107421875, 0.295654296875]","[[1180.1209106445312, 1018.4395751953125], [1043.1445617675781, 937.4888305664062], [700.3794555664062, 745.666748046875], [535.9458465576172, 731.4130249023438], [420.6638641357422, 786.3334350585938], [246.40829467773438, 793.9151611328125], [928.7692260742188, 612.1620483398438], [744.6087951660156, 603.014892578125]]",425377792,410910720,425377792,640,yolo26m_int8_640_ncnn_model,MOT17-02
404,374.85877599965534,0.0,8,"[3, 187, 267, 310, 317, 335, 319, 266]","[[1064.2769775390625, 395.86090087890625, 1300.04443359375, 1020.2191162109375], [978.5542602539062, 433.0187072753906, 1108.46240234375, 936.45068359375], [637.8323974609375, 403.87457275390625, 772.8663330078125, 745.9758911132812], [487.6462707519531, 439.8999328613281, 605.759765625, 732.7964477539062], [354.8592224121094, 445.7113952636719, 505.30609130859375, 784.39208984375], [166.07843017578125, 442.1603698730469, 332.8218994140625, 795.1917724609375], [897.6798095703125, 450.21728515625, 949.7208862304688, 612.9953002929688], [720.811279296875, 464.7486877441406, 769.12158203125, 603.4049682617188]]","[0.81396484375, 0.62353515625, 0.77880859375, 0.71826171875, 0.76806640625, 0.8212890625, 0.408203125, 0.36865234375]","[[1182.1607055664062, 1020.2191162109375], [1043.5083312988281, 936.45068359375], [705.349365234375, 745.9758911132812], [546.7030181884766, 732.7964477539062], [430.08265686035156, 784.39208984375], [249.45016479492188, 795.1917724609375], [923.7003479003906, 612.9953002929688], [744.9664306640625, 603.4049682617188]]",425377792,410910720,425377792,640,yolo26m_int8_640_ncnn_model,MOT17-02
405,371.94163000003755,0.0,8,"[3, 187, 267, 310, 317, 335, 319, 266]","[[1063.6534423828125, 390.79852294921875, 1298.2750244140625, 1019.4000854492188], [977.7550048828125, 433.2310485839844, 1106.493408203125, 937.306396484375], [643.2957153320312, 402.59222412109375, 781.1322631835938, 747.3622436523438], [500.1356506347656, 442.250244140625, 619.1465454101562, 732.3507690429688], [362.74078369140625, 442.35784912109375, 508.96905517578125, 779.247314453125], [166.90841674804688, 442.78204345703125, 336.3770751953125, 793.7084350585938], [893.5457153320312, 446.9093322753906, 946.2316284179688, 613.0352172851562], [718.0978393554688, 463.69219970703125, 767.2648315429688, 606.2294921875]]","[0.79931640625, 0.65576171875, 0.77392578125, 0.75927734375, 0.74755859375, 0.8076171875, 0.46240234375, 0.410888671875]","[[1180.9642333984375, 1019.4000854492188], [1042.1242065429688, 937.306396484375], [712.2139892578125, 747.3622436523438], [559.6410980224609, 732.3507690429688], [435.85491943359375, 779.247314453125], [251.6427459716797, 793.7084350585938], [919.888671875, 613.0352172851562], [742.6813354492188, 606.2294921875]]",425377792,410910720,425377792,640,yolo26m_int8_640_ncnn_model,MOT17-02
406,379.0962559996842,0.0,8,"[3, 187, 267, 310, 317, 335, 319, 266]","[[1059.4163818359375, 392.59112548828125, 1289.7705078125, 1020.3194580078125], [978.5437622070312, 431.31201171875, 1106.5867919921875, 939.6209106445312], [644.6356201171875, 405.0802917480469, 784.5634155273438, 746.9263916015625], [505.866455078125, 443.40582275390625, 627.5855102539062, 732.9486083984375], [375.557861328125, 441.840576171875, 514.9636840820312, 772.6329345703125], [171.09852600097656, 443.7452392578125, 341.2135314941406, 791.4212646484375], [890.5357055664062, 447.39361572265625, 942.6458740234375, 612.2919311523438], [717.3458862304688, 463.30987548828125, 766.307373046875, 607.2924194335938]]","[0.79541015625, 0.6103515625, 0.79248046875, 0.77685546875, 0.6552734375, 0.7900390625, 0.438720703125, 0.38330078125]","[[1174.5934448242188, 1020.3194580078125], [1042.5652770996094, 939.6209106445312], [714.5995178222656, 746.9263916015625], [566.7259826660156, 732.9486083984375], [445.2607727050781, 772.6329345703125], [256.1560287475586, 791.4212646484375], [916.5907897949219, 612.2919311523438], [741.8266296386719, 607.2924194335938]]",425377792,410910720,425377792,640,yolo26m_int8_640_ncnn_model,MOT17-02
407,368.2449840002846,0.0,7,"[3, 187, 267, 310, 317, 335, 319]","[[1057.7718505859375, 390.56390380859375, 1286.6163330078125, 1024.3795166015625], [980.1871337890625, 433.54296875, 1105.2354736328125, 935.552490234375], [644.9544677734375, 409.76446533203125, 785.0723266601562, 746.039794921875], [509.7772216796875, 443.3416442871094, 635.346923828125, 734.6795654296875], [389.1798095703125, 442.1628723144531, 522.9212646484375, 769.7333984375], [175.87918090820312, 442.5908508300781, 346.7569274902344, 790.0842895507812], [887.3452758789062, 451.28643798828125, 938.6248168945312, 611.2374877929688]]","[0.8232421875, 0.6279296875, 0.79638671875, 0.7900390625, 0.54052734375, 0.8056640625, 0.349609375]","[[1172.194091796875, 1024.3795166015625], [1042.7113037109375, 935.552490234375], [715.0133972167969, 746.039794921875], [572.5620727539062, 734.6795654296875], [456.050537109375, 769.7333984375], [261.31805419921875, 790.0842895507812], [912.9850463867188, 611.2374877929688]]",425377792,410910720,425377792,640,yolo26m_int8_640_ncnn_model,MOT17-02
408,369.80070600020554,0.0,7,"[3, 187, 267, 310, 317, 335, 319]","[[1056.4847412109375, 389.8091125488281, 1283.2108154296875, 1023.9251708984375], [980.5628051757812, 433.638671875, 1104.9222412109375, 937.7319946289062], [646.2863159179688, 404.77825927734375, 790.5987548828125, 747.4785766601562], [510.46343994140625, 441.33367919921875, 639.4759521484375, 736.3303833007812], [398.5180358886719, 439.7909851074219, 529.5968627929688, 770.2552490234375], [182.09593200683594, 439.90362548828125, 350.3852233886719, 784.8834838867188], [882.995849609375, 450.9712829589844, 935.52490234375, 611.5745239257812]]","[0.8310546875, 0.6572265625, 0.78759765625, 0.7763671875, 0.68212890625, 0.7783203125, 0.4990234375]","[[1169.8477783203125, 1023.9251708984375], [1042.7425231933594, 937.7319946289062], [718.4425354003906, 747.4785766601562], [574.9696960449219, 736.3303833007812], [464.0574493408203, 770.2552490234375], [266.2405776977539, 784.8834838867188], [909.2603759765625, 611.5745239257812]]",425377792,410910720,425377792,640,yolo26m_int8_640_ncnn_model,MOT17-02
409,367.4332079999658,0.0,7,"[3, 187, 267, 310, 317, 335, 319]","[[1055.9866943359375, 392.7523193359375, 1279.0531005859375, 1021.503662109375], [981.0625, 432.4233703613281, 1104.4119873046875, 938.8021850585938], [647.956787109375, 406.13470458984375, 793.1744384765625, 747.7777099609375], [511.35638427734375, 442.5469665527344, 641.3521728515625, 734.98388671875], [408.2303466796875, 442.653076171875, 535.2993774414062, 769.7816162109375], [195.1307373046875, 439.380615234375, 357.73541259765625, 776.4795532226562], [880.6939697265625, 448.589111328125, 935.2924194335938, 611.9398193359375]]","[0.8232421875, 0.63623046875, 0.80126953125, 0.7724609375, 0.74169921875, 0.7333984375, 0.525390625]","[[1167.5198974609375, 1021.503662109375], [1042.7372436523438, 938.8021850585938], [720.5656127929688, 747.7777099609375], [576.3542785644531, 734.98388671875], [471.7648620605469, 769.7816162109375], [276.4330749511719, 776.4795532226562], [907.9931945800781, 611.9398193359375]]",425377792,410910720,425377792,640,yolo26m_int8_640_ncnn_model,MOT17-02
410,378.0848500000502,0.0,7,"[3, 187, 267, 310, 317, 335, 319]","[[1052.4468994140625, 394.8776550292969, 1272.9935302734375, 1021.5598754882812], [980.7575073242188, 433.4380798339844, 1102.7003173828125, 937.7221069335938], [649.6178588867188, 405.6624755859375, 795.7117919921875, 746.915283203125], [519.193115234375, 443.5122375488281, 647.8552856445312, 730.9923095703125], [419.42462158203125, 440.5076599121094, 545.8010864257812, 768.9461669921875], [205.2271728515625, 434.4142761230469, 364.52337646484375, 772.1270751953125], [879.8057250976562, 448.17059326171875, 935.4434204101562, 612.5623779296875]]","[0.81787109375, 0.61962890625, 0.7998046875, 0.796875, 0.72021484375, 0.73046875, 0.43603515625]","[[1162.72021484375, 1021.5598754882812], [1041.7289123535156, 937.7221069335938], [722.6648254394531, 746.915283203125], [583.5242004394531, 730.9923095703125], [482.61285400390625, 768.9461669921875], [284.8752746582031, 772.1270751953125], [907.6245727539062, 612.5623779296875]]",425377792,410910720,425377792,640,yolo26m_int8_640_ncnn_model,MOT17-02
411,387.70819800038225,0.0,7,"[3, 187, 267, 310, 317, 335, 319]","[[1054.288818359375, 394.6845703125, 1271.6275634765625, 1018.5971069335938], [978.8638916015625, 434.0633850097656, 1100.8209228515625, 940.0398559570312], [651.1787719726562, 412.4271240234375, 794.9057006835938, 745.6099243164062], [523.2899169921875, 436.6383972167969, 652.1069946289062, 724.752197265625], [430.615478515625, 442.700439453125, 557.09619140625, 769.6970825195312], [224.03135681152344, 432.5940856933594, 378.4153747558594, 773.5869750976562], [879.3016967773438, 444.7806701660156, 935.9056396484375, 611.0571899414062]]","[0.8203125, 0.66259765625, 0.78759765625, 0.73779296875, 0.77978515625, 0.68798828125, 0.5498046875]","[[1162.9581909179688, 1018.5971069335938], [1039.8424072265625, 940.0398559570312], [723.042236328125, 745.6099243164062], [587.6984558105469, 724.752197265625], [493.8558349609375, 769.6970825195312], [301.2233657836914, 773.5869750976562], [907.6036682128906, 611.0571899414062]]",425377792,410910720,425377792,640,yolo26m_int8_640_ncnn_model,MOT17-02
412,370.4562440002519,0.0,7,"[3, 187, 267, 310, 317, 335, 319]","[[1056.822265625, 397.585693359375, 1269.4102783203125, 1013.5038452148438], [980.2763061523438, 434.0411376953125, 1100.947021484375, 938.1873779296875], [651.2871704101562, 411.9808654785156, 795.203857421875, 744.1309814453125], [530.2565307617188, 434.3359680175781, 656.2476806640625, 718.2368774414062], [438.30535888671875, 444.5353698730469, 566.2213134765625, 770.0518188476562], [239.63638305664062, 429.7051086425781, 389.9068603515625, 773.4669799804688], [878.2410888671875, 442.7510070800781, 935.1683349609375, 609.2455444335938]]","[0.814453125, 0.6708984375, 0.779296875, 0.7744140625, 0.8095703125, 0.72998046875, 0.6455078125]","[[1163.1162719726562, 1013.5038452148438], [1040.6116638183594, 938.1873779296875], [723.2455139160156, 744.1309814453125], [593.2521057128906, 718.2368774414062], [502.2633361816406, 770.0518188476562], [314.77162170410156, 773.4669799804688], [906.7047119140625, 609.2455444335938]]",425377792,410910720,425377792,640,yolo26m_int8_640_ncnn_model,MOT17-02
413,379.3861100002687,0.0,7,"[3, 187, 267, 310, 317, 335, 319]","[[1055.687255859375, 395.4306640625, 1266.8046875, 1012.8413696289062], [979.696044921875, 430.5472717285156, 1100.122314453125, 936.9830932617188], [651.9448852539062, 407.5545349121094, 797.4400634765625, 742.8534545898438], [533.302978515625, 436.2424621582031, 658.8462524414062, 721.071533203125], [444.94390869140625, 445.72259521484375, 576.2243041992188, 770.7411499023438], [252.442626953125, 430.62689208984375, 397.6117248535156, 773.4917602539062], [877.051513671875, 441.489013671875, 934.8770141601562, 610.035888671875]]","[0.82177734375, 0.6728515625, 0.79736328125, 0.7607421875, 0.802734375, 0.724609375, 0.5390625]","[[1161.2459716796875, 1012.8413696289062], [1039.9091796875, 936.9830932617188], [724.6924743652344, 742.8534545898438], [596.0746154785156, 721.071533203125], [510.5841064453125, 770.7411499023438], [325.0271759033203, 773.4917602539062], [905.9642639160156, 610.035888671875]]",425377792,410910720,425377792,640,yolo26m_int8_640_ncnn_model,MOT17-02
414,386.61614300008296,0.0,7,"[3, 187, 267, 310, 317, 335, 319]","[[1053.7100830078125, 394.1185302734375, 1263.5125732421875, 1011.130126953125], [978.7815551757812, 430.4652404785156, 1098.5234375, 937.2744750976562], [656.272216796875, 408.115966796875, 800.4136352539062, 741.1580810546875], [540.5567016601562, 434.74163818359375, 664.7005615234375, 721.4352416992188], [446.99560546875, 448.89825439453125, 580.29150390625, 770.3002319335938], [261.44146728515625, 433.9967346191406, 401.1385498046875, 770.5899047851562], [874.5620727539062, 440.28570556640625, 932.0346069335938, 608.1214599609375]]","[0.822265625, 0.6865234375, 0.79638671875, 0.712890625, 0.8037109375, 0.75830078125, 0.55419921875]","[[1158.611328125, 1011.130126953125], [1038.6524963378906, 937.2744750976562], [728.3429260253906, 741.1580810546875], [602.6286315917969, 721.4352416992188], [513.6435546875, 770.3002319335938], [331.2900085449219, 770.5899047851562], [903.29833984375, 608.1214599609375]]",425377792,410910720,425377792,640,yolo26m_int8_640_ncnn_model,MOT17-02
415,367.89041199972417,0.0,7,"[3, 187, 267, 310, 317, 335, 319]","[[1049.498291015625, 394.861083984375, 1257.90673828125, 1011.2591552734375], [978.26708984375, 428.4588623046875, 1098.0880126953125, 938.3805541992188], [658.8584594726562, 409.5705261230469, 801.8225708007812, 740.2951049804688], [545.3329467773438, 437.41851806640625, 666.4065551757812, 721.3680419921875], [448.5604553222656, 447.83148193359375, 585.85400390625, 771.4282836914062], [275.6776123046875, 434.3029479980469, 414.3564453125, 770.561279296875], [871.85888671875, 438.8541259765625, 928.91796875, 606.401611328125]]","[0.83056640625, 0.67236328125, 0.814453125, 0.75537109375, 0.8115234375, 0.7822265625, 0.55126953125]","[[1153.7025146484375, 1011.2591552734375], [1038.1775512695312, 938.3805541992188], [730.3405151367188, 740.2951049804688], [605.8697509765625, 721.3680419921875], [517.2072296142578, 771.4282836914062], [345.01702880859375, 770.561279296875], [900.388427734375, 606.401611328125]]",425377792,410910720,425377792,640,yolo26m_int8_640_ncnn_model,MOT17-02
416,370.1866900000823,0.0,7,"[3, 187, 267, 310, 317, 335, 319]","[[1048.60205078125, 404.8246765136719, 1256.2264404296875, 1019.533203125], [972.0726928710938, 426.4732971191406, 1094.0499267578125, 941.0242309570312], [662.7044067382812, 408.61590576171875, 804.2098388671875, 737.5105590820312], [553.8780517578125, 439.20684814453125, 671.2662963867188, 720.6405639648438], [447.5973205566406, 450.6441650390625, 586.4906005859375, 771.6307373046875], [285.92828369140625, 440.15240478515625, 423.64373779296875, 771.850830078125], [869.2766723632812, 438.8280944824219, 925.5057373046875, 605.2662353515625]]","[0.8095703125, 0.6796875, 0.8115234375, 0.73583984375, 0.82763671875, 0.7890625, 0.50390625]","[[1152.4142456054688, 1019.533203125], [1033.0613098144531, 941.0242309570312], [733.4571228027344, 737.5105590820312], [612.5721740722656, 720.6405639648438], [517.0439605712891, 771.6307373046875], [354.7860107421875, 771.850830078125], [897.3912048339844, 605.2662353515625]]",425377792,410910720,425377792,640,yolo26m_int8_640_ncnn_model,MOT17-02
417,368.51606099980927,0.0,7,"[3, 187, 267, 310, 317, 335, 319]","[[1047.1148681640625, 407.572998046875, 1253.9132080078125, 1021.6768798828125], [969.2423095703125, 419.0775451660156, 1093.027587890625, 937.8294067382812], [668.7540893554688, 408.9967041015625, 808.2312622070312, 736.749267578125], [561.3327026367188, 439.3875732421875, 674.8713989257812, 718.9091796875], [448.93060302734375, 449.4451904296875, 589.9285278320312, 768.9974365234375], [295.3879089355469, 440.610107421875, 435.0032043457031, 771.1471557617188], [864.609130859375, 439.0899658203125, 920.1456909179688, 606.5892333984375]]","[0.8095703125, 0.69091796875, 0.8173828125, 0.67919921875, 0.8203125, 0.78662109375, 0.60009765625]","[[1150.5140380859375, 1021.6768798828125], [1031.1349487304688, 937.8294067382812], [738.49267578125, 736.749267578125], [618.10205078125, 718.9091796875], [519.4295654296875, 768.9974365234375], [365.195556640625, 771.1471557617188], [892.3774108886719, 606.5892333984375]]",425377792,410910720,425377792,640,yolo26m_int8_640_ncnn_model,MOT17-02
418,378.1758529999024,0.0,7,"[3, 187, 267, 310, 317, 335, 319]","[[1046.4989013671875, 407.5669250488281, 1253.2431640625, 1023.4636840820312], [968.5098876953125, 414.5674133300781, 1093.3360595703125, 937.3456420898438], [675.3607788085938, 408.88519287109375, 812.1301879882812, 734.7598266601562], [568.459716796875, 436.4646911621094, 680.4111938476562, 720.2927856445312], [449.22900390625, 448.9725036621094, 592.4393920898438, 768.0394287109375], [299.5254211425781, 442.2607727050781, 440.9208679199219, 771.4265747070312], [860.9969482421875, 439.9474182128906, 915.2163696289062, 606.3583374023438]]","[0.81787109375, 0.654296875, 0.8173828125, 0.65478515625, 0.8212890625, 0.7783203125, 0.609375]","[[1149.8710327148438, 1023.4636840820312], [1030.9229736328125, 937.3456420898438], [743.7454833984375, 734.7598266601562], [624.4354553222656, 720.2927856445312], [520.8341979980469, 768.0394287109375], [370.22314453125, 771.4265747070312], [888.1066589355469, 606.3583374023438]]",425377792,410910720,425377792,640,yolo26m_int8_640_ncnn_model,MOT17-02
419,368.16104299987273,0.0,7,"[3, 187, 267, 310, 317, 335, 319]","[[1046.6827392578125, 410.2424621582031, 1252.7125244140625, 1024.3641357421875], [974.3824462890625, 418.81243896484375, 1096.2291259765625, 935.1941528320312], [682.3956909179688, 406.8436584472656, 817.745361328125, 734.0532836914062], [578.4754638671875, 435.38067626953125, 687.604248046875, 718.8591918945312], [448.8617858886719, 446.7881774902344, 594.921630859375, 768.7096557617188], [300.6541748046875, 443.6086120605469, 444.5784912109375, 772.8200073242188], [859.4534912109375, 440.5394287109375, 912.7420654296875, 607.0260620117188]]","[0.8173828125, 0.59375, 0.767578125, 0.57763671875, 0.8173828125, 0.78759765625, 0.5771484375]","[[1149.6976318359375, 1024.3641357421875], [1035.3057861328125, 935.1941528320312], [750.0705261230469, 734.0532836914062], [633.0398559570312, 718.8591918945312], [521.8917083740234, 768.7096557617188], [372.6163330078125, 772.8200073242188], [886.0977783203125, 607.0260620117188]]",425377792,410910720,425377792,640,yolo26m_int8_640_ncnn_model,MOT17-02
420,368.0796170001486,0.0,7,"[3, 187, 267, 310, 317, 335, 319]","[[1046.8804931640625, 407.9768981933594, 1253.5133056640625, 1024.9271240234375], [975.0188598632812, 422.2403564453125, 1096.029296875, 939.5878295898438], [687.5274047851562, 402.8507385253906, 821.553955078125, 733.0831909179688], [588.7174682617188, 433.9909973144531, 696.3204345703125, 719.3375244140625], [452.0379638671875, 445.7131042480469, 599.1134643554688, 769.2374877929688], [304.7645568847656, 444.8370666503906, 451.31207275390625, 772.6279296875], [858.3051147460938, 440.5247497558594, 910.6015625, 606.5423583984375]]","[0.81201171875, 0.5830078125, 0.76318359375, 0.64990234375, 0.7919921875, 0.7900390625, 0.56884765625]","[[1150.1968994140625, 1024.9271240234375], [1035.5240783691406, 939.5878295898438], [754.5406799316406, 733.0831909179688], [642.5189514160156, 719.3375244140625], [525.5757141113281, 769.2374877929688], [378.03831481933594, 772.6279296875], [884.4533386230469, 606.5423583984375]]",425377792,410910720,425377792,640,yolo26m_int8_640_ncnn_model,MOT17-02
421,369.5307100001628,0.0,7,"[3, 187, 267, 310, 317, 335, 319]","[[1043.4814453125, 397.4227600097656, 1253.4345703125, 1025.8575439453125], [976.5829467773438, 424.5454406738281, 1096.6224365234375, 943.22119140625], [695.7719116210938, 407.2959289550781, 825.3043212890625, 730.7765502929688], [601.0599365234375, 434.7213134765625, 707.488037109375, 717.3192749023438], [456.8075866699219, 442.5812683105469, 603.6956176757812, 768.2254638671875], [305.8624572753906, 444.5243225097656, 453.3955993652344, 767.3509521484375], [857.5942993164062, 439.53497314453125, 909.2888793945312, 605.3738403320312]]","[0.79931640625, 0.60791015625, 0.7646484375, 0.7705078125, 0.796875, 0.82373046875, 0.65576171875]","[[1148.4580078125, 1025.8575439453125], [1036.6026916503906, 943.22119140625], [760.5381164550781, 730.7765502929688], [654.2739868164062, 717.3192749023438], [530.2516021728516, 768.2254638671875], [379.6290283203125, 767.3509521484375], [883.4415893554688, 605.3738403320312]]",425377792,410910720,425377792,640,yolo26m_int8_640_ncnn_model,MOT17-02
422,378.02481700009594,0.0,7,"[3, 187, 267, 310, 317, 335, 319]","[[1046.784423828125, 404.0075988769531, 1253.829833984375, 1024.46435546875], [976.4714965820312, 428.15301513671875, 1094.59375, 941.8653564453125], [699.9833984375, 410.5149230957031, 826.7906494140625, 730.4478759765625], [610.57861328125, 436.5132141113281, 718.770751953125, 721.0590209960938], [465.44659423828125, 441.89764404296875, 607.6375732421875, 759.4586791992188], [310.3696594238281, 445.6276550292969, 461.4341125488281, 768.1513671875], [856.4421997070312, 439.6660461425781, 907.88916015625, 606.429931640625]]","[0.7919921875, 0.5947265625, 0.744140625, 0.78271484375, 0.78271484375, 0.8173828125, 0.640625]","[[1150.30712890625, 1024.46435546875], [1035.5326232910156, 941.8653564453125], [763.3870239257812, 730.4478759765625], [664.6746826171875, 721.0590209960938], [536.5420837402344, 759.4586791992188], [385.9018859863281, 768.1513671875], [882.1656799316406, 606.429931640625]]",425377792,410910720,425377792,640,yolo26m_int8_640_ncnn_model,MOT17-02
423,369.7622650001904,0.0,8,"[3, 187, 267, 310, 317, 335, 319, 372]","[[1046.37646484375, 410.02764892578125, 1251.8106689453125, 1026.3819580078125], [976.781005859375, 431.7648620605469, 1093.4761962890625, 942.0733642578125], [706.7362060546875, 415.206787109375, 830.8401489257812, 730.8696899414062], [617.9688110351562, 437.441650390625, 728.5724487304688, 722.2324829101562], [469.20196533203125, 441.906494140625, 609.7265014648438, 757.8988037109375], [311.31353759765625, 445.0177001953125, 466.1369934082031, 767.4901123046875], [854.0126342773438, 441.2091369628906, 904.5830078125, 605.3528442382812], [1155.47021484375, 420.6000061035156, 1329.729736328125, 914.0999755859375]]","[0.8056640625, 0.60302734375, 0.724609375, 0.76953125, 0.787109375, 0.8017578125, 0.619140625, 0.3544921875]","[[1149.0935668945312, 1026.3819580078125], [1035.1286010742188, 942.0733642578125], [768.7881774902344, 730.8696899414062], [673.2706298828125, 722.2324829101562], [539.4642333984375, 757.8988037109375], [388.7252655029297, 767.4901123046875], [879.2978210449219, 605.3528442382812], [1242.5999755859375, 914.0999755859375]]",425377792,410910720,425377792,640,yolo26m_int8_640_ncnn_model,MOT17-02
424,373.0860609998672,0.0,8,"[3, 187, 267, 310, 317, 335, 319, 372]","[[1045.152587890625, 395.8668212890625, 1254.1898193359375, 1025.5921630859375], [977.2799072265625, 429.13409423828125, 1094.67431640625, 938.1610717773438], [710.3253784179688, 412.6831359863281, 834.960693359375, 732.3216552734375], [623.2664794921875, 438.7891540527344, 735.64111328125, 719.7156982421875], [476.59503173828125, 440.67822265625, 614.63037109375, 756.6262817382812], [316.7444152832031, 444.26727294921875, 473.7447814941406, 767.775634765625], [853.04248046875, 440.3100891113281, 903.57861328125, 604.4518432617188], [1155.2464599609375, 415.52288818359375, 1329.030517578125, 907.8690185546875]]","[0.75634765625, 0.5439453125, 0.71923828125, 0.77685546875, 0.75927734375, 0.7841796875, 0.5986328125, 0.4072265625]","[[1149.6712036132812, 1025.5921630859375], [1035.9771118164062, 938.1610717773438], [772.6430358886719, 732.3216552734375], [679.4537963867188, 719.7156982421875], [545.6127014160156, 756.6262817382812], [395.2445983886719, 767.775634765625], [878.310546875, 604.4518432617188], [1242.1384887695312, 907.8690185546875]]",425377792,410910720,425377792,640,yolo26m_int8_640_ncnn_model,MOT17-02
425,366.9005639999341,0.0,8,"[3, 187, 267, 310, 317, 335, 319, 372]","[[1046.3878173828125, 402.61981201171875, 1255.4091796875, 1031.920166015625], [977.5352172851562, 431.1079406738281, 1094.07421875, 939.6640625], [713.16455078125, 410.9835205078125, 837.6912841796875, 732.6360473632812], [625.6078491210938, 441.5429382324219, 739.3258056640625, 718.520751953125], [489.38079833984375, 440.4825439453125, 622.5078735351562, 755.957763671875], [318.9193420410156, 443.2225341796875, 476.4690246582031, 763.6921997070312], [851.2603149414062, 440.9704895019531, 900.8132934570312, 603.1321411132812], [1154.017578125, 410.89788818359375, 1329.9490966796875, 909.8607788085938]]","[0.73876953125, 0.505859375, 0.72216796875, 0.77001953125, 0.712890625, 0.7529296875, 0.587890625, 0.392822265625]","[[1150.8984985351562, 1031.920166015625], [1035.8047180175781, 939.6640625], [775.4279174804688, 732.6360473632812], [682.4668273925781, 718.520751953125], [555.9443359375, 755.957763671875], [397.6941833496094, 763.6921997070312], [876.0368041992188, 603.1321411132812], [1241.9833374023438, 909.8607788085938]]",425377792,410910720,425377792,640,yolo26m_int8_640_ncnn_model,MOT17-02
426,380.6909459999588,0.0,8,"[3, 187, 267, 310, 317, 335, 319, 372]","[[1047.5880126953125, 394.357421875, 1258.18896484375, 1031.3583984375], [976.8391723632812, 430.1028137207031, 1093.65283203125, 940.9779052734375], [714.9468383789062, 406.8551330566406, 839.6797485351562, 732.2832641601562], [626.078125, 445.06475830078125, 741.5191650390625, 719.5892333984375], [502.4215087890625, 440.42730712890625, 630.7740478515625, 755.7637329101562], [323.0158996582031, 440.06976318359375, 482.6519775390625, 763.9314575195312], [846.3868408203125, 438.98004150390625, 896.1763916015625, 602.8980102539062], [1156.1383056640625, 410.1464538574219, 1332.22412109375, 910.0880126953125]]","[0.72705078125, 0.51904296875, 0.69091796875, 0.763671875, 0.7021484375, 0.7783203125, 0.55078125, 0.323486328125]","[[1152.8884887695312, 1031.3583984375], [1035.2460021972656, 940.9779052734375], [777.3132934570312, 732.2832641601562], [683.7986450195312, 719.5892333984375], [566.5977783203125, 755.7637329101562], [402.8339385986328, 763.9314575195312], [871.2816162109375, 602.8980102539062], [1244.1812133789062, 910.0880126953125]]",425377792,410910720,425377792,640,yolo26m_int8_640_ncnn_model,MOT17-02
427,368.4820829998898,0.0,7,"[3, 187, 267, 310, 317, 335, 319]","[[1044.578369140625, 391.9796142578125, 1255.8475341796875, 1037.2642822265625], [977.7323608398438, 429.4630126953125, 1094.326904296875, 941.7168579101562], [718.3858032226562, 409.74029541015625, 841.33544921875, 731.6751098632812], [623.4134521484375, 442.3638610839844, 742.1593017578125, 720.0050659179688], [511.3487243652344, 438.43524169921875, 636.383056640625, 755.7433471679688], [329.69891357421875, 438.64556884765625, 484.8506774902344, 755.3876953125], [844.0669555664062, 439.2333679199219, 893.1259155273438, 601.8345947265625]]","[0.6142578125, 0.52197265625, 0.6962890625, 0.76123046875, 0.70751953125, 0.7509765625, 0.5712890625]","[[1150.2129516601562, 1037.2642822265625], [1036.0296325683594, 941.7168579101562], [779.8606262207031, 731.6751098632812], [682.786376953125, 720.0050659179688], [573.8658905029297, 755.7433471679688], [407.27479553222656, 755.3876953125], [868.596435546875, 601.8345947265625]]",425377792,410910720,425377792,640,yolo26m_int8_640_ncnn_model,MOT17-02
428,368.55739700013146,0.0,9,"[3, 187, 267, 310, 317, 335, 319, 373, 372]","[[1045.9361572265625, 393.3135681152344, 1259.3612060546875, 1046.1085205078125], [977.8472900390625, 427.2311096191406, 1094.8131103515625, 939.0173950195312], [723.6134643554688, 409.60711669921875, 845.678955078125, 730.7198486328125], [623.2869262695312, 443.07354736328125, 742.6296997070312, 717.4437866210938], [513.0179443359375, 438.1988220214844, 634.7798461914062, 757.2662963867188], [340.04754638671875, 434.10577392578125, 492.8322448730469, 749.1800537109375], [842.1295166015625, 439.58966064453125, 890.2544555664062, 601.2000732421875], [1705.1898193359375, 332.32501220703125, 1894.2100830078125, 951.0750122070312], [1152.22216796875, 411.79644775390625, 1330.2913818359375, 917.3399047851562]]","[0.62841796875, 0.5849609375, 0.62646484375, 0.787109375, 0.73681640625, 0.75, 0.650390625, 0.67724609375, 0.2568359375]","[[1152.648681640625, 1046.1085205078125], [1036.3302001953125, 939.0173950195312], [784.6462097167969, 730.7198486328125], [682.9583129882812, 717.4437866210938], [573.8988952636719, 757.2662963867188], [416.4398956298828, 749.1800537109375], [866.1919860839844, 601.2000732421875], [1799.699951171875, 951.0750122070312], [1241.2567749023438, 917.3399047851562]]",425377792,410910720,425377792,640,yolo26m_int8_640_ncnn_model,MOT17-02
429,370.65441499998997,0.0,10,"[3, 187, 267, 310, 317, 335, 319, 373, 374, 372]","[[1049.1170654296875, 390.6632385253906, 1263.9720458984375, 1051.636474609375], [976.9252319335938, 425.6387634277344, 1093.9815673828125, 939.7236938476562], [726.2926025390625, 412.0387268066406, 848.3035888671875, 731.8722534179688], [624.4569091796875, 440.8320617675781, 745.095458984375, 715.983642578125], [523.2649536132812, 439.6158142089844, 641.922119140625, 756.3966674804688], [350.22003173828125, 432.4403076171875, 499.5075988769531, 747.9495849609375], [841.2530517578125, 441.7225036621094, 887.5316162109375, 598.9895629882812], [1677.25537109375, 323.39288330078125, 1879.0872802734375, 978.7874145507812], [1250.5966796875, 428.17498779296875, 1334.80322265625, 591.2249755859375], [1159.9356689453125, 412.1716613769531, 1336.19189453125, 915.7826538085938]]","[0.671875, 0.5498046875, 0.7099609375, 0.8056640625, 0.744140625, 0.71435546875, 0.62451171875, 0.734375, 0.419921875, 0.291015625]","[[1156.5445556640625, 1051.636474609375], [1035.4533996582031, 939.7236938476562], [787.298095703125, 731.8722534179688], [684.7761840820312, 715.983642578125], [582.5935363769531, 756.3966674804688], [424.8638153076172, 747.9495849609375], [864.392333984375, 598.9895629882812], [1778.1713256835938, 978.7874145507812], [1292.699951171875, 591.2249755859375], [1248.0637817382812, 915.7826538085938]]",425377792,410910720,425377792,640,yolo26m_int8_640_ncnn_model,MOT17-02
430,373.82178400002886,0.0,8,"[3, 187, 267, 310, 317, 335, 319, 373]","[[1050.89501953125, 389.9223327636719, 1268.1260986328125, 1063.2286376953125], [979.5992431640625, 425.291259765625, 1096.5845947265625, 942.7129516601562], [730.0072631835938, 414.4403381347656, 851.2666015625, 732.8234252929688], [629.3385009765625, 440.7302551269531, 750.1767578125, 714.7127075195312], [535.106689453125, 440.6718444824219, 653.1107788085938, 755.6046142578125], [364.1183166503906, 432.09747314453125, 507.8603515625, 746.3303833007812], [840.675048828125, 442.5320129394531, 885.9822387695312, 598.1807861328125], [1642.3892822265625, 313.1181640625, 1865.2470703125, 1025.980224609375]]","[0.68408203125, 0.5546875, 0.73779296875, 0.75732421875, 0.771484375, 0.685546875, 0.52587890625, 0.83544921875]","[[1159.5105590820312, 1063.2286376953125], [1038.0919189453125, 942.7129516601562], [790.6369323730469, 732.8234252929688], [689.7576293945312, 714.7127075195312], [594.1087341308594, 755.6046142578125], [435.9893341064453, 746.3303833007812], [863.3286437988281, 598.1807861328125], [1753.8181762695312, 1025.980224609375]]",425377792,410910720,425377792,640,yolo26m_int8_640_ncnn_model,MOT17-02
431,368.2109169999421,0.0,9,"[3, 187, 267, 310, 317, 335, 319, 373, 372]","[[1051.2724609375, 387.4692687988281, 1262.1768798828125, 1048.25048828125], [981.3453369140625, 425.16973876953125, 1098.8118896484375, 942.8524169921875], [735.998046875, 413.83636474609375, 856.4577026367188, 732.6971435546875], [632.9019165039062, 442.4294738769531, 751.994140625, 712.5171508789062], [542.6016235351562, 442.82080078125, 661.2650756835938, 756.582763671875], [369.5587158203125, 434.2456970214844, 508.7674255371094, 748.549560546875], [839.6381225585938, 441.8236083984375, 884.4054565429688, 596.9063110351562], [1609.937744140625, 304.0943908691406, 1844.3121337890625, 1033.4664306640625], [1185.380859375, 410.54437255859375, 1313.8173828125, 773.3529052734375]]","[0.69384765625, 0.5732421875, 0.6748046875, 0.67919921875, 0.7724609375, 0.475830078125, 0.489990234375, 0.81982421875, 0.412353515625]","[[1156.7246704101562, 1048.25048828125], [1040.07861328125, 942.8524169921875], [796.2278747558594, 732.6971435546875], [692.4480285644531, 712.5171508789062], [601.933349609375, 756.582763671875], [439.16307067871094, 748.549560546875], [862.0217895507812, 596.9063110351562], [1727.1249389648438, 1033.4664306640625], [1249.59912109375, 773.3529052734375]]",425377792,410910720,425377792,640,yolo26m_int8_640_ncnn_model,MOT17-02
432,369.0993800000797,0.0,8,"[3, 187, 267, 310, 317, 319, 373, 372]","[[1053.382568359375, 388.7898254394531, 1258.8560791015625, 1042.030029296875], [980.3352661132812, 423.89752197265625, 1098.343017578125, 940.171142578125], [741.8423461914062, 417.8101501464844, 859.5025634765625, 732.409912109375], [643.0064086914062, 436.5664978027344, 759.5217895507812, 708.2223510742188], [551.2105102539062, 445.6206359863281, 670.4628295898438, 756.9797973632812], [838.1044311523438, 440.3050231933594, 883.1383666992188, 596.7100830078125], [1582.3236083984375, 300.91412353515625, 1824.39599609375, 1024.3385009765625], [1192.402587890625, 410.5425720214844, 1307.0235595703125, 731.9830932617188]]","[0.732421875, 0.62646484375, 0.7041015625, 0.44482421875, 0.78955078125, 0.56494140625, 0.82470703125, 0.451171875]","[[1156.1193237304688, 1042.030029296875], [1039.3391418457031, 940.171142578125], [800.6724548339844, 732.409912109375], [701.2640991210938, 708.2223510742188], [610.836669921875, 756.9797973632812], [860.6213989257812, 596.7100830078125], [1703.3598022460938, 1024.3385009765625], [1249.7130737304688, 731.9830932617188]]",425377792,410910720,425377792,640,yolo26m_int8_640_ncnn_model,MOT17-02
433,368.25115800002095,0.0,9,"[3, 187, 267, 310, 317, 319, 373, 372, 335]","[[1062.56787109375, 391.0606994628906, 1258.138916015625, 1022.0197143554688], [983.6971435546875, 425.1612243652344, 1103.3109130859375, 941.3759765625], [744.0357055664062, 418.04388427734375, 860.3378295898438, 732.5604858398438], [654.9794921875, 437.36883544921875, 766.7047729492188, 705.6676025390625], [554.8624267578125, 445.6712951660156, 676.4573974609375, 758.1497802734375], [837.0310668945312, 439.7380676269531, 882.32373046875, 596.6633911132812], [1551.7769775390625, 297.31158447265625, 1808.524658203125, 1027.8013916015625], [1197.118896484375, 411.94805908203125, 1311.3836669921875, 729.4047241210938], [395.6398010253906, 436.8402404785156, 527.6029663085938, 749.0924072265625]]","[0.7744140625, 0.654296875, 0.7177734375, 0.452392578125, 0.78759765625, 0.60009765625, 0.8525390625, 0.52685546875, 0.373779296875]","[[1160.3533935546875, 1022.0197143554688], [1043.5040283203125, 941.3759765625], [802.186767578125, 732.5604858398438], [710.8421325683594, 705.6676025390625], [615.659912109375, 758.1497802734375], [859.6773986816406, 596.6633911132812], [1680.1508178710938, 1027.8013916015625], [1254.2512817382812, 729.4047241210938], [461.6213836669922, 749.0924072265625]]",425377792,410910720,425377792,640,yolo26m_int8_640_ncnn_model,MOT17-02
434,381.13705900013883,0.0,9,"[3, 187, 267, 310, 317, 319, 373, 372, 335]","[[1075.631591796875, 391.2032775878906, 1249.2762451171875, 948.9182739257812], [986.670166015625, 430.60345458984375, 1107.4140625, 941.8296508789062], [743.5304565429688, 419.59454345703125, 858.7154541015625, 732.1268310546875], [660.7154541015625, 437.69061279296875, 769.7767944335938, 706.7548217773438], [557.0658569335938, 446.4212646484375, 679.8576049804688, 756.8662109375], [834.759033203125, 440.0252685546875, 880.0712280273438, 597.1697998046875], [1512.0479736328125, 303.2469177246094, 1786.233154296875, 1041.825927734375], [1201.1614990234375, 411.020751953125, 1316.4775390625, 726.041259765625], [392.91094970703125, 437.4275207519531, 524.5208740234375, 750.494140625]]","[0.4970703125, 0.61669921875, 0.7470703125, 0.373779296875, 0.79443359375, 0.427490234375, 0.7890625, 0.5517578125, 0.3994140625]","[[1162.4539184570312, 948.9182739257812], [1047.0421142578125, 941.8296508789062], [801.1229553222656, 732.1268310546875], [715.2461242675781, 706.7548217773438], [618.4617309570312, 756.8662109375], [857.4151306152344, 597.1697998046875], [1649.1405639648438, 1041.825927734375], [1258.8195190429688, 726.041259765625], [458.7159118652344, 750.494140625]]",425377792,410910720,425377792,640,yolo26m_int8_640_ncnn_model,MOT17-02
435,369.79395399976056,0.0,10,"[3, 187, 267, 310, 317, 319, 373, 372, 335, 379]","[[1095.006591796875, 393.3871154785156, 1238.7486572265625, 840.680419921875], [993.8211059570312, 429.6836853027344, 1110.8358154296875, 912.1587524414062], [745.010498046875, 417.904541015625, 859.1399536132812, 730.2274780273438], [671.1970825195312, 436.82574462890625, 776.6145629882812, 707.2054443359375], [557.9892578125, 441.71173095703125, 682.4974365234375, 751.4175415039062], [833.8692626953125, 442.3736572265625, 878.4143676757812, 597.1358642578125], [1465.92138671875, 304.31866455078125, 1744.6495361328125, 1017.7636108398438], [1202.4791259765625, 410.17547607421875, 1318.09375, 722.0375366210938], [409.95587158203125, 439.13543701171875, 538.0152587890625, 748.5127563476562], [1276.9593505859375, 425.54998779296875, 1370.840576171875, 733.9500122070312]]","[0.7431640625, 0.53369140625, 0.70947265625, 0.541015625, 0.79052734375, 0.380615234375, 0.8525390625, 0.5751953125, 0.6044921875, 0.54638671875]","[[1166.8776245117188, 840.680419921875], [1052.3284606933594, 912.1587524414062], [802.0752258300781, 730.2274780273438], [723.9058227539062, 707.2054443359375], [620.2433471679688, 751.4175415039062], [856.1418151855469, 597.1358642578125], [1605.2854614257812, 1017.7636108398438], [1260.2864379882812, 722.0375366210938], [473.9855651855469, 748.5127563476562], [1323.8999633789062, 733.9500122070312]]",425377792,410910720,425377792,640,yolo26m_int8_640_ncnn_model,MOT17-02
436,370.0566399998024,0.0,10,"[3, 187, 267, 310, 317, 319, 373, 372, 335, 379]","[[1100.8890380859375, 396.9810791015625, 1240.322509765625, 822.7611694335938], [1003.431640625, 428.2938232421875, 1107.1583251953125, 834.83544921875], [745.9508056640625, 412.76654052734375, 860.6756591796875, 730.023681640625], [679.8714599609375, 433.7814636230469, 782.9783325195312, 707.1665649414062], [558.0775756835938, 442.1744689941406, 684.2762451171875, 751.1371459960938], [832.6124267578125, 443.514404296875, 876.8837890625, 597.89453125], [1403.399658203125, 310.04278564453125, 1686.8255615234375, 1002.75830078125], [1205.402099609375, 409.62664794921875, 1324.3863525390625, 727.9476928710938], [418.7748718261719, 439.297119140625, 546.1278076171875, 749.2841186523438], [1285.1632080078125, 424.74530029296875, 1364.7060546875, 685.3230590820312]]","[0.748046875, 0.471435546875, 0.72119140625, 0.467041015625, 0.79638671875, 0.291748046875, 0.849609375, 0.443359375, 0.69287109375, 0.296142578125]","[[1170.6057739257812, 822.7611694335938], [1055.2949829101562, 834.83544921875], [803.313232421875, 730.023681640625], [731.4248962402344, 707.1665649414062], [621.1769104003906, 751.1371459960938], [854.7481079101562, 597.89453125], [1545.1126098632812, 1002.75830078125], [1264.8942260742188, 727.9476928710938], [482.4513397216797, 749.2841186523438], [1324.9346313476562, 685.3230590820312]]",425377792,410910720,425377792,640,yolo26m_int8_640_ncnn_model,MOT17-02
437,381.56748600022183,0.0,9,"[3, 187, 267, 310, 317, 319, 373, 372, 335]","[[1101.9522705078125, 393.48284912109375, 1248.932861328125, 834.0237426757812], [1016.8173828125, 422.3721923828125, 1120.451171875, 823.3472290039062], [749.0447998046875, 410.83245849609375, 861.2896118164062, 724.0343627929688], [686.6680297851562, 433.63665771484375, 787.863525390625, 708.1726684570312], [556.7733154296875, 442.6032409667969, 684.8538818359375, 750.821044921875], [831.87158203125, 444.18048095703125, 876.7236328125, 598.938720703125], [1330.296630859375, 319.15753173828125, 1627.4564208984375, 1015.4832153320312], [1209.4530029296875, 410.2135314941406, 1325.458984375, 717.349853515625], [424.2127685546875, 438.86895751953125, 551.45166015625, 750.0896606445312]]","[0.71435546875, 0.51513671875, 0.68505859375, 0.58056640625, 0.79638671875, 0.306884765625, 0.78515625, 0.417724609375, 0.69921875]","[[1175.4425659179688, 834.0237426757812], [1068.63427734375, 823.3472290039062], [805.1672058105469, 724.0343627929688], [737.2657775878906, 708.1726684570312], [620.8135986328125, 750.821044921875], [854.297607421875, 598.938720703125], [1478.8765258789062, 1015.4832153320312], [1267.4559936523438, 717.349853515625], [487.83221435546875, 750.0896606445312]]",425377792,410910720,425377792,640,yolo26m_int8_640_ncnn_model,MOT17-02
438,384.92420700004004,0.0,8,"[3, 187, 267, 310, 317, 319, 373, 335]","[[1106.6700439453125, 397.213134765625, 1255.582275390625, 840.3629150390625], [1017.6025390625, 421.0190124511719, 1124.9713134765625, 829.601318359375], [750.9616088867188, 409.10198974609375, 862.5366821289062, 722.7617797851562], [693.5654907226562, 432.3684997558594, 792.8553466796875, 706.854736328125], [556.2689208984375, 442.5193176269531, 686.6832885742188, 750.9857788085938], [829.18017578125, 444.170654296875, 873.2481689453125, 596.6070556640625], [1266.849365234375, 327.2972106933594, 1569.454345703125, 1014.2101440429688], [428.49774169921875, 442.1847839355469, 555.6183471679688, 749.9143676757812]]","[0.78759765625, 0.63427734375, 0.69921875, 0.59521484375, 0.7998046875, 0.3115234375, 0.83447265625, 0.76953125]","[[1181.1261596679688, 840.3629150390625], [1071.2869262695312, 829.601318359375], [806.7491455078125, 722.7617797851562], [743.2104187011719, 706.854736328125], [621.4761047363281, 750.9857788085938], [851.2141723632812, 596.6070556640625], [1418.15185546875, 1014.2101440429688], [492.05804443359375, 749.9143676757812]]",425377792,410910720,425377792,640,yolo26m_int8_640_ncnn_model,MOT17-02
439,367.7107899998191,0.0,7,"[3, 187, 267, 310, 317, 373, 335]","[[1106.1781005859375, 406.0093688964844, 1253.859130859375, 845.208251953125], [1013.4710083007812, 421.0702819824219, 1127.74853515625, 846.8233642578125], [759.5413208007812, 407.72308349609375, 869.8505249023438, 721.0812377929688], [706.07763671875, 437.8536071777344, 803.2074584960938, 708.3617553710938], [558.54736328125, 444.9726257324219, 689.5336303710938, 751.5751342773438], [1204.9212646484375, 340.1887512207031, 1512.5208740234375, 1022.7952270507812], [430.0835876464844, 444.1966247558594, 556.60888671875, 747.1221313476562]]","[0.51416015625, 0.66650390625, 0.62353515625, 0.57763671875, 0.78662109375, 0.779296875, 0.7666015625]","[[1180.0186157226562, 845.208251953125], [1070.6097717285156, 846.8233642578125], [814.6959228515625, 721.0812377929688], [754.6425476074219, 708.3617553710938], [624.0404968261719, 751.5751342773438], [1358.7210693359375, 1022.7952270507812], [493.3462371826172, 747.1221313476562]]",425377792,410910720,425377792,640,yolo26m_int8_640_ncnn_model,MOT17-02
440,367.93436399966595,0.0,6,"[187, 267, 310, 317, 373, 335]","[[1011.8824462890625, 425.83978271484375, 1130.6474609375, 858.6074829101562], [763.02197265625, 419.1371154785156, 868.1862182617188, 721.4815673828125], [709.3832397460938, 440.9521789550781, 804.0636596679688, 707.9654541015625], [559.5662231445312, 442.66259765625, 692.1071166992188, 750.0841674804688], [1137.9415283203125, 351.2129211425781, 1456.20166015625, 1042.61328125], [435.12451171875, 444.4425354003906, 561.4647216796875, 744.5900268554688]]","[0.68701171875, 0.6025390625, 0.59619140625, 0.7744140625, 0.75341796875, 0.751953125]","[[1071.2649536132812, 858.6074829101562], [815.6040954589844, 721.4815673828125], [756.7234497070312, 707.9654541015625], [625.836669921875, 750.0841674804688], [1297.0715942382812, 1042.61328125], [498.29461669921875, 744.5900268554688]]",425377792,410910720,425377792,640,yolo26m_int8_640_ncnn_model,MOT17-02
441,396.13559099962004,0.0,7,"[187, 267, 310, 317, 373, 335, 381]","[[1009.8810424804688, 427.9300231933594, 1130.928466796875, 864.0631103515625], [765.9878540039062, 416.6983337402344, 868.61865234375, 717.409423828125], [712.5578002929688, 441.3587341308594, 806.431640625, 705.58935546875], [561.8814697265625, 440.79931640625, 695.8193969726562, 750.5405883789062], [1085.165283203125, 361.1866149902344, 1398.4259033203125, 1031.9100341796875], [438.1078796386719, 445.0192565917969, 564.1825561523438, 743.1729736328125], [351.71038818359375, 511.57501220703125, 426.03961181640625, 621.8250122070312]]","[0.453857421875, 0.63818359375, 0.65673828125, 0.7705078125, 0.77587890625, 0.77099609375, 0.650390625]","[[1070.4047546386719, 864.0631103515625], [817.3032531738281, 717.409423828125], [759.4947204589844, 705.58935546875], [628.8504333496094, 750.5405883789062], [1241.7955932617188, 1031.9100341796875], [501.1452178955078, 743.1729736328125], [388.875, 621.8250122070312]]",425377792,410910720,425377792,640,yolo26m_int8_640_ncnn_model,MOT17-02
442,370.3182160002143,0.0,7,"[267, 310, 317, 373, 335, 381, 383]","[[771.4304809570312, 417.5346984863281, 872.23876953125, 717.2039794921875], [715.3972778320312, 440.2471618652344, 809.6922607421875, 703.9730224609375], [564.7835083007812, 440.3493347167969, 698.3836059570312, 749.4988403320312], [1027.456787109375, 369.0941467285156, 1340.0208740234375, 1028.2080078125], [439.0345153808594, 443.4720153808594, 565.909912109375, 744.4248046875], [345.8297119140625, 509.7674865722656, 426.67266845703125, 629.9296264648438], [1306.622314453125, 428.4750061035156, 1451.57763671875, 760.125]]","[0.61962890625, 0.7001953125, 0.779296875, 0.77099609375, 0.7607421875, 0.623046875, 0.68994140625]","[[821.8346252441406, 717.2039794921875], [762.5447692871094, 703.9730224609375], [631.5835571289062, 749.4988403320312], [1183.7388305664062, 1028.2080078125], [502.4722137451172, 744.4248046875], [386.2511901855469, 629.9296264648438], [1379.0999755859375, 760.125]]",425377792,410910720,425377792,640,yolo26m_int8_640_ncnn_model,MOT17-02
443,367.0970690000104,0.0,8,"[267, 310, 317, 373, 335, 381, 383, 372]","[[777.1738891601562, 415.0840759277344, 876.65185546875, 718.9237670898438], [717.2951049804688, 443.3078308105469, 811.6505126953125, 704.8910522460938], [568.634033203125, 438.94915771484375, 700.777587890625, 747.3906860351562], [977.6592407226562, 372.34185791015625, 1288.2137451171875, 1020.1207275390625], [442.937255859375, 440.9001770019531, 569.56201171875, 743.9262084960938], [335.4210510253906, 511.12188720703125, 417.99505615234375, 634.0309448242188], [1309.2083740234375, 428.5899963378906, 1453.82177734375, 759.5499877929688], [1232.0806884765625, 409.43084716796875, 1352.7239990234375, 730.4819946289062]]","[0.533203125, 0.6474609375, 0.78759765625, 0.669921875, 0.79150390625, 0.65283203125, 0.54833984375, 0.451171875]","[[826.9128723144531, 718.9237670898438], [764.4728088378906, 704.8910522460938], [634.705810546875, 747.3906860351562], [1132.9364929199219, 1020.1207275390625], [506.2496337890625, 743.9262084960938], [376.7080535888672, 634.0309448242188], [1381.5150756835938, 759.5499877929688], [1292.40234375, 730.4819946289062]]",425377792,410910720,425377792,640,yolo26m_int8_640_ncnn_model,MOT17-02
444,368.29443899978287,0.0,8,"[267, 310, 317, 373, 335, 381, 383, 372]","[[785.7861328125, 414.40771484375, 882.5255126953125, 717.3695068359375], [717.7243041992188, 440.2032470703125, 815.2316284179688, 706.514404296875], [574.6555786132812, 440.1702880859375, 702.2972412109375, 740.9130859375], [930.4013671875, 368.564697265625, 1240.326171875, 1012.7003173828125], [450.5761413574219, 439.42999267578125, 573.2965087890625, 738.31201171875], [325.5527648925781, 510.0234069824219, 406.55584716796875, 630.2220458984375], [1311.6915283203125, 429.5030822753906, 1456.47265625, 761.9772338867188], [1244.44775390625, 424.73828125, 1362.634765625, 735.4117431640625]]","[0.55908203125, 0.58349609375, 0.78271484375, 0.71435546875, 0.76171875, 0.74072265625, 0.59814453125, 0.3896484375]","[[834.1558227539062, 717.3695068359375], [766.4779663085938, 706.514404296875], [638.4764099121094, 740.9130859375], [1085.36376953125, 1012.7003173828125], [511.9363250732422, 738.31201171875], [366.05430603027344, 630.2220458984375], [1384.0820922851562, 761.9772338867188], [1303.541259765625, 735.4117431640625]]",425377792,410910720,425377792,640,yolo26m_int8_640_ncnn_model,MOT17-02
445,388.6161880000145,0.0,9,"[267, 310, 317, 373, 335, 381, 383, 372, 3]","[[790.6923217773438, 413.15185546875, 885.8255615234375, 716.8157348632812], [720.2243041992188, 441.5093078613281, 817.8812866210938, 704.6614990234375], [579.496337890625, 439.39788818359375, 705.4982299804688, 739.7523803710938], [890.4095458984375, 356.9748840332031, 1201.6370849609375, 999.8556518554688], [455.3871154785156, 436.6335754394531, 576.3384399414062, 735.4622192382812], [319.116455078125, 509.9154052734375, 401.0759582519531, 631.6173706054688], [1318.689697265625, 427.5433044433594, 1464.4000244140625, 763.8735961914062], [1247.382080078125, 423.2568054199219, 1366.4761962890625, 737.1812744140625], [1150.1439208984375, 396.572998046875, 1325.2646484375, 908.1034545898438]]","[0.53125, 0.67578125, 0.796875, 0.79296875, 0.7314453125, 0.69140625, 0.666015625, 0.44482421875, 0.7099609375]","[[838.2589416503906, 716.8157348632812], [769.0527954101562, 704.6614990234375], [642.4972839355469, 739.7523803710938], [1046.0233154296875, 999.8556518554688], [515.8627777099609, 735.4622192382812], [360.09620666503906, 631.6173706054688], [1391.5448608398438, 763.8735961914062], [1306.9291381835938, 737.1812744140625], [1237.7042846679688, 908.1034545898438]]",425377792,410910720,425377792,640,yolo26m_int8_640_ncnn_model,MOT17-02
446,366.7456440002752,0.0,9,"[267, 310, 317, 373, 335, 381, 383, 372, 3]","[[795.8722534179688, 413.9217529296875, 887.426025390625, 710.436279296875], [727.1654052734375, 438.2643737792969, 830.42236328125, 708.7045288085938], [590.609130859375, 441.3627014160156, 711.5657958984375, 737.1287841796875], [850.7704467773438, 348.1623840332031, 1161.6610107421875, 986.421142578125], [466.5113220214844, 436.35052490234375, 582.6939697265625, 728.7258911132812], [309.5270080566406, 510.9361877441406, 395.8335876464844, 639.3466186523438], [1323.282470703125, 424.18658447265625, 1469.9381103515625, 764.9982299804688], [1250.1072998046875, 416.81298828125, 1369.9761962890625, 737.8234252929688], [1133.58056640625, 394.84881591796875, 1341.2518310546875, 1011.6238403320312]]","[0.556640625, 0.64990234375, 0.78173828125, 0.80517578125, 0.6796875, 0.6103515625, 0.6845703125, 0.386474609375, 0.7724609375]","[[841.6491394042969, 710.436279296875], [778.7938842773438, 708.7045288085938], [651.0874633789062, 737.1287841796875], [1006.2157287597656, 986.421142578125], [524.6026458740234, 728.7258911132812], [352.6802978515625, 639.3466186523438], [1396.6102905273438, 764.9982299804688], [1310.041748046875, 737.8234252929688], [1237.4161987304688, 1011.6238403320312]]",425377792,410910720,425377792,640,yolo26m_int8_640_ncnn_model,MOT17-02
447,368.9385319999019,0.0,9,"[267, 310, 317, 373, 335, 381, 383, 372, 3]","[[802.2278442382812, 417.2265930175781, 889.3070068359375, 701.0441284179688], [726.8295288085938, 437.55029296875, 830.859130859375, 706.7708129882812], [601.9160766601562, 439.1086730957031, 719.9176635742188, 737.2044067382812], [809.6746826171875, 341.1742248535156, 1123.757080078125, 980.0557861328125], [473.23272705078125, 434.2648620605469, 588.1243896484375, 728.2531127929688], [299.99163818359375, 511.05694580078125, 390.1022033691406, 645.3308715820312], [1328.6517333984375, 422.5146789550781, 1473.0087890625, 760.6206665039062], [1252.3782958984375, 414.1689758300781, 1369.796630859375, 732.418212890625], [1130.81689453125, 394.3554382324219, 1348.714599609375, 1053.0379638671875]]","[0.40966796875, 0.487060546875, 0.70849609375, 0.82177734375, 0.7099609375, 0.6630859375, 0.67041015625, 0.352783203125, 0.78515625]","[[845.7674255371094, 701.0441284179688], [778.8443298339844, 706.7708129882812], [660.9168701171875, 737.2044067382812], [966.7158813476562, 980.0557861328125], [530.6785583496094, 728.2531127929688], [345.0469207763672, 645.3308715820312], [1400.8302612304688, 760.6206665039062], [1311.0874633789062, 732.418212890625], [1239.7657470703125, 1053.0379638671875]]",425377792,410910720,425377792,640,yolo26m_int8_640_ncnn_model,MOT17-02
448,367.0823479997125,0.0,10,"[310, 317, 373, 335, 381, 383, 372, 3, 387, 187]","[[734.5533447265625, 440.2546691894531, 838.5789794921875, 704.0455322265625], [610.6107788085938, 434.5519104003906, 726.1654663085938, 737.0316162109375], [774.3607177734375, 338.440185546875, 1090.158935546875, 974.9053344726562], [480.89190673828125, 433.76336669921875, 591.0643310546875, 718.9405517578125], [293.9311218261719, 511.1036071777344, 383.693359375, 645.5145874023438], [1325.464111328125, 419.11309814453125, 1472.6087646484375, 767.0296630859375], [1253.9759521484375, 416.9342041015625, 1372.59326171875, 743.4301147460938], [1130.726318359375, 392.2056579589844, 1352.09765625, 1072.2935791015625], [381.9967041015625, 462.9750061035156, 426.3533020019531, 575.0250244140625], [1044.1356201171875, 426.50140380859375, 1184.45166015625, 940.8832397460938]]","[0.6162109375, 0.69775390625, 0.7509765625, 0.6005859375, 0.64794921875, 0.666015625, 0.392822265625, 0.79296875, 0.412353515625, 0.583984375]","[[786.566162109375, 704.0455322265625], [668.3881225585938, 737.0316162109375], [932.2598266601562, 974.9053344726562], [535.9781188964844, 718.9405517578125], [338.81224060058594, 645.5145874023438], [1399.0364379882812, 767.0296630859375], [1313.2846069335938, 743.4301147460938], [1241.4119873046875, 1072.2935791015625], [404.1750030517578, 575.0250244140625], [1114.2936401367188, 940.8832397460938]]",425377792,410910720,425377792,640,yolo26m_int8_640_ncnn_model,MOT17-02
449,387.50674499988236,0.0,10,"[317, 373, 335, 381, 383, 372, 3, 387, 390, 187]","[[616.890380859375, 436.8074035644531, 728.6218872070312, 738.989013671875], [738.228515625, 335.4400939941406, 1057.150634765625, 973.08544921875], [482.0079650878906, 430.5882568359375, 593.9141845703125, 720.5392456054688], [284.9748840332031, 512.3661499023438, 377.7929992675781, 652.1255493164062], [1332.510498046875, 420.461669921875, 1476.1658935546875, 764.7708740234375], [1259.8642578125, 418.01397705078125, 1375.9813232421875, 742.6618041992188], [1132.1881103515625, 393.31640625, 1350.6092529296875, 1073.941162109375], [382.0049133300781, 463.67108154296875, 425.88104248046875, 574.3289184570312], [419.0825500488281, 456.9750061035156, 454.5174255371094, 569.625], [1040.908935546875, 428.6225891113281, 1183.33154296875, 950.782958984375]]","[0.673828125, 0.78759765625, 0.6845703125, 0.6630859375, 0.6650390625, 0.402587890625, 0.7490234375, 0.36962890625, 0.3310546875, 0.64794921875]","[[672.7561340332031, 738.989013671875], [897.6895751953125, 973.08544921875], [537.9610748291016, 720.5392456054688], [331.3839416503906, 652.1255493164062], [1404.3381958007812, 764.7708740234375], [1317.9227905273438, 742.6618041992188], [1241.398681640625, 1073.941162109375], [403.94297790527344, 574.3289184570312], [436.79998779296875, 569.625], [1112.1202392578125, 950.782958984375]]",425377792,410910720,425377792,640,yolo26m_int8_640_ncnn_model,MOT17-02
450,368.9399959998809,0.0,9,"[317, 373, 335, 381, 383, 372, 3, 390, 187]","[[623.7915649414062, 438.1926574707031, 731.06640625, 737.3026733398438], [696.9444580078125, 344.9240417480469, 1033.0360107421875, 1015.6887817382812], [488.40521240234375, 430.1960754394531, 600.5927124023438, 721.4344482421875], [276.78155517578125, 510.8845520019531, 371.2317199707031, 653.5515747070312], [1332.4893798828125, 420.547607421875, 1473.7901611328125, 762.3356323242188], [1262.796142578125, 416.26593017578125, 1378.292236328125, 744.5436401367188], [1146.4884033203125, 405.1066589355469, 1361.6767578125, 1069.41650390625], [418.66009521484375, 456.2221984863281, 454.4766540527344, 569.91455078125], [1042.4886474609375, 432.3456115722656, 1183.74169921875, 943.7646484375]]","[0.6884765625, 0.8359375, 0.53271484375, 0.68017578125, 0.70703125, 0.3349609375, 0.69970703125, 0.310791015625, 0.71923828125]","[[677.4289855957031, 737.3026733398438], [864.990234375, 1015.6887817382812], [544.4989624023438, 721.4344482421875], [324.0066375732422, 653.5515747070312], [1403.1397705078125, 762.3356323242188], [1320.544189453125, 744.5436401367188], [1254.0825805664062, 1069.41650390625], [436.56837463378906, 569.91455078125], [1113.1151733398438, 943.7646484375]]",425377792,410910720,425377792,640,yolo26m_int8_640_ncnn_model,MOT17-02
451,367.04416399970796,0.0,9,"[317, 373, 335, 381, 383, 372, 3, 390, 187]","[[629.4710693359375, 440.2272644042969, 732.4820556640625, 735.2075805664062], [664.5747680664062, 346.2580261230469, 997.0772705078125, 1004.4547119140625], [500.5805358886719, 431.5760803222656, 612.31396484375, 723.346923828125], [270.7233581542969, 512.2546997070312, 362.5606384277344, 651.0345458984375], [1334.658935546875, 417.3440246582031, 1475.5069580078125, 762.6728515625], [1268.76416015625, 421.7823181152344, 1379.96142578125, 743.9998168945312], [1157.0323486328125, 410.1122741699219, 1372.3856201171875, 1061.900146484375], [417.5715026855469, 454.2274475097656, 454.248291015625, 570.5923461914062], [1043.850830078125, 431.1213073730469, 1188.69287109375, 950.301513671875]]","[0.60791015625, 0.76318359375, 0.6748046875, 0.7099609375, 0.76318359375, 0.31884765625, 0.6591796875, 0.4794921875, 0.70703125]","[[680.9765625, 735.2075805664062], [830.8260192871094, 1004.4547119140625], [556.4472503662109, 723.346923828125], [316.6419982910156, 651.0345458984375], [1405.0829467773438, 762.6728515625], [1324.36279296875, 743.9998168945312], [1264.708984375, 1061.900146484375], [435.90989685058594, 570.5923461914062], [1116.2718505859375, 950.301513671875]]",425377792,410910720,425377792,640,yolo26m_int8_640_ncnn_model,MOT17-02
452,367.7688309999212,0.0,7,"[373, 335, 381, 383, 3, 390, 187]","[[625.5448608398438, 350.4987487792969, 968.150634765625, 1027.97021484375], [505.7104187011719, 432.13067626953125, 618.75634765625, 723.1434326171875], [264.0070495605469, 514.7819213867188, 356.039794921875, 654.842529296875], [1340.916015625, 419.4453430175781, 1480.494873046875, 767.5394897460938], [1168.4539794921875, 403.7868957519531, 1392.1756591796875, 1062.92724609375], [418.025390625, 455.0030212402344, 454.49951171875, 570.5219116210938], [1045.5076904296875, 432.3650817871094, 1191.17431640625, 948.0081176757812]]","[0.62744140625, 0.6591796875, 0.60009765625, 0.63232421875, 0.72705078125, 0.39990234375, 0.7509765625]","[[796.8477478027344, 1027.97021484375], [562.2333831787109, 723.1434326171875], [310.02342224121094, 654.842529296875], [1410.7054443359375, 767.5394897460938], [1280.3148193359375, 1062.92724609375], [436.262451171875, 570.5219116210938], [1118.3410034179688, 948.0081176757812]]",425377792,410910720,425377792,640,yolo26m_int8_640_ncnn_model,MOT17-02
453,383.93684199991185,0.0,8,"[373, 335, 381, 383, 3, 390, 187, 394]","[[590.7973022460938, 364.791259765625, 935.5482177734375, 1041.5538330078125], [508.6600646972656, 434.8500061035156, 621.681884765625, 723.6180419921875], [257.1530456542969, 514.2443237304688, 347.5268859863281, 651.7589111328125], [1346.082763671875, 418.5417175292969, 1484.3306884765625, 772.0978393554688], [1180.4228515625, 402.1396789550781, 1413.0860595703125, 1068.1004638671875], [419.7083435058594, 453.6977233886719, 455.80377197265625, 567.7666015625], [1047.1051025390625, 428.4380798339844, 1196.767578125, 955.24072265625], [916.8558959960938, 497.25, 977.944091796875, 585.1500244140625]]","[0.68408203125, 0.728515625, 0.72509765625, 0.703125, 0.7919921875, 0.365234375, 0.73046875, 0.37353515625]","[[763.1727600097656, 1041.5538330078125], [565.1709747314453, 723.6180419921875], [302.3399658203125, 651.7589111328125], [1415.2067260742188, 772.0978393554688], [1296.7544555664062, 1068.1004638671875], [437.7560577392578, 567.7666015625], [1121.9363403320312, 955.24072265625], [947.3999938964844, 585.1500244140625]]",425377792,410910720,425377792,640,yolo26m_int8_640_ncnn_model,MOT17-02
454,369.5584779998171,0.0,9,"[373, 335, 381, 383, 3, 390, 187, 267, 387]","[[559.7307739257812, 378.9053955078125, 889.846923828125, 1018.2942504882812], [510.1297912597656, 436.88836669921875, 622.4420776367188, 723.8463134765625], [251.548095703125, 512.7761840820312, 338.6692199707031, 644.73291015625], [1354.558349609375, 418.72589111328125, 1490.9041748046875, 774.2782592773438], [1185.188720703125, 408.11053466796875, 1426.3944091796875, 1074.8272705078125], [419.50164794921875, 454.0711669921875, 455.98284912109375, 569.2025756835938], [1048.560302734375, 425.73785400390625, 1199.789306640625, 954.1978759765625], [818.4898071289062, 411.02520751953125, 904.607666015625, 701.5150146484375], [383.1123352050781, 461.6876220703125, 427.53338623046875, 573.3916015625]]","[0.314697265625, 0.74267578125, 0.638671875, 0.6640625, 0.81591796875, 0.380126953125, 0.76806640625, 0.5087890625, 0.334716796875]","[[724.7888488769531, 1018.2942504882812], [566.2859344482422, 723.8463134765625], [295.10865783691406, 644.73291015625], [1422.7312622070312, 774.2782592773438], [1305.7915649414062, 1074.8272705078125], [437.74224853515625, 569.2025756835938], [1124.1748046875, 954.1978759765625], [861.5487365722656, 701.5150146484375], [405.32286071777344, 573.3916015625]]",425377792,410910720,425377792,640,yolo26m_int8_640_ncnn_model,MOT17-02
455,369.6734599998308,0.0,10,"[373, 335, 381, 383, 3, 390, 187, 267, 387, 394]","[[511.9425964355469, 388.2559814453125, 861.1516723632812, 1057.565673828125], [508.23736572265625, 444.13336181640625, 612.7814331054688, 716.4982299804688], [245.2799835205078, 514.468505859375, 330.8351135253906, 642.7201538085938], [1361.9794921875, 419.07708740234375, 1495.8863525390625, 774.8094482421875], [1185.037109375, 406.0860595703125, 1432.954833984375, 1071.6649169921875], [420.32659912109375, 453.45037841796875, 456.6806945800781, 567.3920288085938], [1054.778076171875, 425.6878967285156, 1206.7755126953125, 953.5999145507812], [819.9197998046875, 408.6220397949219, 907.2994995117188, 707.9241333007812], [384.142822265625, 464.4692077636719, 427.7585754394531, 573.6181030273438], [916.5266723632812, 494.88330078125, 979.355224609375, 585.3528442382812]]","[0.861328125, 0.51513671875, 0.63037109375, 0.68701171875, 0.8251953125, 0.365234375, 0.79443359375, 0.62353515625, 0.37255859375, 0.268310546875]","[[686.5471343994141, 1057.565673828125], [560.5093994140625, 716.4982299804688], [288.0575485229492, 642.7201538085938], [1428.9329223632812, 774.8094482421875], [1308.9959716796875, 1071.6649169921875], [438.50364685058594, 567.3920288085938], [1130.7767944335938, 953.5999145507812], [863.6096496582031, 707.9241333007812], [405.95069885253906, 573.6181030273438], [947.9409484863281, 585.3528442382812]]",425377792,410910720,425377792,640,yolo26m_int8_640_ncnn_model,MOT17-02
456,368.73255299997254,0.0,8,"[373, 381, 383, 3, 390, 187, 267, 387]","[[469.6681213378906, 390.57373046875, 823.521484375, 1060.7447509765625], [241.61024475097656, 515.3397827148438, 327.0952453613281, 644.7100830078125], [1370.817626953125, 417.752685546875, 1503.35107421875, 774.4609985351562], [1176.808837890625, 403.3740539550781, 1435.21337890625, 1075.9501953125], [421.98468017578125, 453.2472229003906, 458.64453125, 566.7379760742188], [1060.072509765625, 423.9737243652344, 1214.142333984375, 954.9274291992188], [816.2147827148438, 409.2745666503906, 905.5850219726562, 709.5838012695312], [383.83441162109375, 462.550537109375, 428.9871520996094, 575.4963989257812]]","[0.67041015625, 0.697265625, 0.68603515625, 0.8427734375, 0.369873046875, 0.76513671875, 0.556640625, 0.50244140625]","[[646.5948028564453, 1060.7447509765625], [284.35274505615234, 644.7100830078125], [1437.0843505859375, 774.4609985351562], [1306.0111083984375, 1075.9501953125], [440.3146057128906, 566.7379760742188], [1137.107421875, 954.9274291992188], [860.89990234375, 709.5838012695312], [406.41078186035156, 575.4963989257812]]",425377792,410910720,425377792,640,yolo26m_int8_640_ncnn_model,MOT17-02
457,389.4255800000792,0.0,8,"[373, 381, 383, 3, 390, 187, 267, 387]","[[427.90625, 394.4921569824219, 788.0316162109375, 1068.37646484375], [234.1802215576172, 516.1475219726562, 316.54473876953125, 638.9503173828125], [1377.0238037109375, 419.7482604980469, 1509.933837890625, 779.7239990234375], [1171.28076171875, 402.85601806640625, 1437.980712890625, 1078.765869140625], [421.5539245605469, 451.66424560546875, 459.3420715332031, 568.0479736328125], [1063.443115234375, 422.1153259277344, 1220.237060546875, 957.5098876953125], [818.2913208007812, 407.8487548828125, 907.1231079101562, 707.0068359375], [384.75616455078125, 462.61993408203125, 429.3792419433594, 573.4135131835938]]","[0.849609375, 0.6748046875, 0.767578125, 0.83935546875, 0.2587890625, 0.73388671875, 0.60791015625, 0.3349609375]","[[607.9689331054688, 1068.37646484375], [275.3624801635742, 638.9503173828125], [1443.4788208007812, 779.7239990234375], [1304.6307373046875, 1078.765869140625], [440.447998046875, 568.0479736328125], [1141.840087890625, 957.5098876953125], [862.7072143554688, 707.0068359375], [407.0677032470703, 573.4135131835938]]",425377792,410910720,425377792,640,yolo26m_int8_640_ncnn_model,MOT17-02
458,367.9518509998161,0.0,8,"[373, 381, 383, 3, 187, 267, 387, 317]","[[389.4612731933594, 397.8070068359375, 751.7321166992188, 1068.10693359375], [225.58248901367188, 515.4176635742188, 307.35986328125, 635.679443359375], [1387.1690673828125, 420.77191162109375, 1520.0887451171875, 779.4531860351562], [1172.80078125, 405.8781433105469, 1444.71533203125, 1078.3155517578125], [1065.218994140625, 412.6038513183594, 1225.71484375, 959.350830078125], [812.818359375, 404.38214111328125, 903.9242553710938, 706.9907836914062], [384.20196533203125, 461.6468811035156, 429.3928527832031, 573.6139526367188], [686.9925537109375, 447.17401123046875, 788.6228637695312, 734.0731811523438]]","[0.89453125, 0.6708984375, 0.8037109375, 0.845703125, 0.72705078125, 0.6748046875, 0.361328125, 0.59375]","[[570.5966949462891, 1068.10693359375], [266.47117614746094, 635.679443359375], [1453.62890625, 779.4531860351562], [1308.758056640625, 1078.3155517578125], [1145.4669189453125, 959.350830078125], [858.3713073730469, 706.9907836914062], [406.7974090576172, 573.6139526367188], [737.8077087402344, 734.0731811523438]]",425377792,410910720,425377792,640,yolo26m_int8_640_ncnn_model,MOT17-02
459,367.53827700022157,0.0,8,"[373, 381, 383, 3, 187, 267, 387, 317]","[[351.1471252441406, 395.4419250488281, 718.740478515625, 1068.26904296875], [216.88087463378906, 517.4165649414062, 301.5285339355469, 641.3297119140625], [1395.5540771484375, 422.9101867675781, 1532.92041015625, 787.4540405273438], [1176.128173828125, 407.3245544433594, 1451.9847412109375, 1075.6181640625], [1073.420166015625, 409.01025390625, 1234.6614990234375, 959.9439697265625], [811.8746337890625, 405.8135681152344, 903.4293823242188, 704.2744140625], [383.943115234375, 461.04522705078125, 428.9316101074219, 571.9425048828125], [688.448486328125, 446.35968017578125, 792.0185546875, 735.4254760742188]]","[0.900390625, 0.650390625, 0.8056640625, 0.82373046875, 0.80517578125, 0.58935546875, 0.3076171875, 0.63818359375]","[[534.9438018798828, 1068.26904296875], [259.20470428466797, 641.3297119140625], [1464.2372436523438, 787.4540405273438], [1314.0564575195312, 1075.6181640625], [1154.0408325195312, 959.9439697265625], [857.6520080566406, 704.2744140625], [406.43736267089844, 571.9425048828125], [740.2335205078125, 735.4254760742188]]",425377792,410910720,425377792,640,yolo26m_int8_640_ncnn_model,MOT17-02
460,370.6063869999525,0.0,7,"[373, 381, 383, 3, 187, 267, 317]","[[317.7945556640625, 387.00799560546875, 694.8865356445312, 1071.61376953125], [210.38543701171875, 519.8681030273438, 292.6793212890625, 638.6744384765625], [1402.8350830078125, 422.73675537109375, 1543.1134033203125, 789.4330444335938], [1172.5167236328125, 403.45550537109375, 1455.265380859375, 1076.7957763671875], [1081.5960693359375, 410.1378479003906, 1242.587158203125, 965.4314575195312], [810.7299194335938, 411.3807373046875, 901.906494140625, 704.2164306640625], [682.8997802734375, 445.1070861816406, 789.8634033203125, 734.8585205078125]]","[0.89892578125, 0.5859375, 0.822265625, 0.84912109375, 0.79248046875, 0.5400390625, 0.76318359375]","[[506.3405456542969, 1071.61376953125], [251.53237915039062, 638.6744384765625], [1472.9742431640625, 789.4330444335938], [1313.8910522460938, 1076.7957763671875], [1162.0916137695312, 965.4314575195312], [856.3182067871094, 704.2164306640625], [736.381591796875, 734.8585205078125]]",425377792,410910720,425377792,640,yolo26m_int8_640_ncnn_model,MOT17-02
461,389.5939340000041,0.0,8,"[373, 381, 383, 3, 187, 267, 317, 319]","[[282.7958984375, 385.94317626953125, 662.634521484375, 1070.5198974609375], [199.8673553466797, 518.7575073242188, 283.4566345214844, 637.62646484375], [1410.5772705078125, 425.8697509765625, 1553.4163818359375, 791.8318481445312], [1171.9615478515625, 402.4978332519531, 1459.271240234375, 1076.555419921875], [1090.048095703125, 411.1276550292969, 1251.734375, 971.8326416015625], [807.6299438476562, 404.5444030761719, 901.904541015625, 705.1969604492188], [678.5769653320312, 442.401123046875, 788.9093627929688, 735.8919067382812], [780.6546020507812, 442.1312561035156, 821.4398193359375, 586.923095703125]]","[0.8857421875, 0.53369140625, 0.8134765625, 0.8662109375, 0.78955078125, 0.67919921875, 0.7841796875, 0.331787109375]","[[472.7152099609375, 1070.5198974609375], [241.66199493408203, 637.62646484375], [1481.996826171875, 791.8318481445312], [1315.6163940429688, 1076.555419921875], [1170.8912353515625, 971.8326416015625], [854.7672424316406, 705.1969604492188], [733.7431640625, 735.8919067382812], [801.0472106933594, 586.923095703125]]",425377792,410910720,425377792,640,yolo26m_int8_640_ncnn_model,MOT17-02
462,369.21312799995576,0.0,9,"[373, 381, 383, 3, 187, 267, 317, 319, 335]","[[251.3331298828125, 376.8199157714844, 637.8578491210938, 1068.6859130859375], [190.71499633789062, 518.83544921875, 272.87005615234375, 632.7379150390625], [1412.932861328125, 426.3221740722656, 1559.42529296875, 796.3682861328125], [1170.8177490234375, 400.4358215332031, 1461.3607177734375, 1075.0252685546875], [1095.7459716796875, 411.56170654296875, 1257.3199462890625, 973.1849365234375], [806.6138305664062, 403.5059509277344, 902.7153930664062, 708.01611328125], [679.1259765625, 440.890380859375, 791.4625854492188, 734.8030395507812], [779.4275512695312, 442.3602294921875, 819.191162109375, 585.4434814453125], [565.9361572265625, 437.1783752441406, 665.5355224609375, 706.4578857421875]]","[0.890625, 0.5205078125, 0.8076171875, 0.794921875, 0.76416015625, 0.673828125, 0.80908203125, 0.34228515625, 0.41943359375]","[[444.5954895019531, 1068.6859130859375], [231.7925262451172, 632.7379150390625], [1486.1790771484375, 796.3682861328125], [1316.0892333984375, 1075.0252685546875], [1176.532958984375, 973.1849365234375], [854.6646118164062, 708.01611328125], [735.2942810058594, 734.8030395507812], [799.3093566894531, 585.4434814453125], [615.73583984375, 706.4578857421875]]",425377792,410910720,425377792,640,yolo26m_int8_640_ncnn_model,MOT17-02
463,375.09786700002223,0.0,9,"[373, 381, 383, 3, 187, 267, 317, 319, 335]","[[220.5943603515625, 363.73004150390625, 618.8517456054688, 1073.5228271484375], [178.12989807128906, 515.7849731445312, 269.6920166015625, 642.0985107421875], [1416.5751953125, 424.5137939453125, 1566.3824462890625, 799.9766235351562], [1176.19873046875, 401.4060363769531, 1465.8648681640625, 1071.5531005859375], [1095.314208984375, 409.8143615722656, 1256.7637939453125, 972.5833740234375], [806.231689453125, 403.1475524902344, 902.966552734375, 707.1300048828125], [680.2234497070312, 439.83197021484375, 794.1685791015625, 735.8756713867188], [778.9991455078125, 441.67242431640625, 818.478271484375, 584.72021484375], [565.8702392578125, 434.1061706542969, 665.8228149414062, 706.4722900390625]]","[0.89501953125, 0.38916015625, 0.8037109375, 0.8037109375, 0.72998046875, 0.65185546875, 0.78125, 0.5263671875, 0.482177734375]","[[419.7230529785156, 1073.5228271484375], [223.91095733642578, 642.0985107421875], [1491.4788208007812, 799.9766235351562], [1321.0317993164062, 1071.5531005859375], [1176.0390014648438, 972.5833740234375], [854.59912109375, 707.1300048828125], [737.1960144042969, 735.8756713867188], [798.7387084960938, 584.72021484375], [615.8465270996094, 706.4722900390625]]",425377792,410910720,425377792,640,yolo26m_int8_640_ncnn_model,MOT17-02
464,381.4404940003442,0.0,8,"[373, 383, 3, 187, 267, 317, 319, 335]","[[193.50790405273438, 365.1096496582031, 596.0484008789062, 1076.7236328125], [1422.6259765625, 425.28546142578125, 1571.78466796875, 797.8333740234375], [1180.297607421875, 402.5531311035156, 1471.139404296875, 1074.2752685546875], [1096.8009033203125, 409.92852783203125, 1258.4488525390625, 975.427978515625], [815.047607421875, 403.2996826171875, 910.8404541015625, 706.5309448242188], [684.2701416015625, 436.4833068847656, 798.68310546875, 735.296630859375], [779.025146484375, 441.6747131347656, 818.1968994140625, 584.2232666015625], [566.2434692382812, 437.3113708496094, 666.6603393554688, 707.2110595703125]]","[0.91259765625, 0.7998046875, 0.78369140625, 0.705078125, 0.59521484375, 0.75146484375, 0.53564453125, 0.70166015625]","[[394.7781524658203, 1076.7236328125], [1497.205322265625, 797.8333740234375], [1325.718505859375, 1074.2752685546875], [1177.6248779296875, 975.427978515625], [862.9440307617188, 706.5309448242188], [741.4766235351562, 735.296630859375], [798.6110229492188, 584.2232666015625], [616.451904296875, 707.2110595703125]]",425377792,410910720,425377792,640,yolo26m_int8_640_ncnn_model,MOT17-02
465,383.23538199983886,0.0,8,"[373, 383, 3, 187, 267, 317, 319, 335]","[[165.5164794921875, 365.6841125488281, 569.8349609375, 1071.9222412109375], [1426.3524169921875, 425.5765075683594, 1575.8839111328125, 798.8773193359375], [1185.0302734375, 403.9972839355469, 1475.5726318359375, 1075.18603515625], [1112.744140625, 409.27764892578125, 1274.8416748046875, 977.1417846679688], [821.4188842773438, 400.67364501953125, 917.6701049804688, 706.0499877929688], [692.8531494140625, 436.9602966308594, 803.9186401367188, 731.3794555664062], [778.0904541015625, 440.42327880859375, 817.1948852539062, 583.3070068359375], [563.9650268554688, 436.816650390625, 667.4591064453125, 710.2565307617188]]","[0.876953125, 0.8076171875, 0.814453125, 0.7119140625, 0.62353515625, 0.7265625, 0.44677734375, 0.71630859375]","[[367.67572021484375, 1071.9222412109375], [1501.1181640625, 798.8773193359375], [1330.3014526367188, 1075.18603515625], [1193.7929077148438, 977.1417846679688], [869.5444946289062, 706.0499877929688], [748.3858947753906, 731.3794555664062], [797.6426696777344, 583.3070068359375], [615.7120666503906, 710.2565307617188]]",425377792,410910720,425377792,640,yolo26m_int8_640_ncnn_model,MOT17-02
466,367.95276099974217,0.0,8,"[373, 383, 3, 187, 267, 317, 335, 403]","[[132.9061279296875, 365.6864318847656, 542.751220703125, 1076.1275634765625], [1432.4423828125, 421.9782409667969, 1582.189453125, 798.9537963867188], [1194.06201171875, 408.2718200683594, 1480.5712890625, 1073.6781005859375], [1118.057861328125, 410.0528869628906, 1277.5855712890625, 973.7518310546875], [825.2628173828125, 404.6438293457031, 921.6622924804688, 705.8655395507812], [703.2803955078125, 434.4430236816406, 812.8493041992188, 732.621826171875], [563.4380493164062, 433.4406433105469, 668.1047973632812, 708.6942749023438], [512.6832885742188, 459.1499938964844, 577.2167358398438, 633.75]]","[0.87744140625, 0.798828125, 0.822265625, 0.70458984375, 0.66064453125, 0.69775390625, 0.74658203125, 0.462158203125]","[[337.82867431640625, 1076.1275634765625], [1507.31591796875, 798.9537963867188], [1337.316650390625, 1073.6781005859375], [1197.8217163085938, 973.7518310546875], [873.4625549316406, 705.8655395507812], [758.0648498535156, 732.621826171875], [615.7714233398438, 708.6942749023438], [544.9500122070312, 633.75]]",425377792,410910720,425377792,640,yolo26m_int8_640_ncnn_model,MOT17-02
467,367.2722800001793,0.0,8,"[373, 383, 3, 187, 267, 317, 335, 403]","[[107.39859771728516, 371.6166687011719, 519.1719970703125, 1079.596923828125], [1440.06982421875, 419.62762451171875, 1588.68994140625, 798.9180297851562], [1206.020263671875, 402.45916748046875, 1490.4588623046875, 1068.52001953125], [1117.0777587890625, 411.3796081542969, 1277.2296142578125, 975.3091430664062], [828.403076171875, 406.7004699707031, 924.3230590820312, 706.2903442382812], [713.0234375, 436.48638916015625, 819.429931640625, 733.0979614257812], [566.25244140625, 431.9351806640625, 670.9242553710938, 708.35693359375], [506.7640075683594, 462.9021301269531, 569.3185424804688, 631.6654663085938]]","[0.89453125, 0.76171875, 0.82470703125, 0.73291015625, 0.66943359375, 0.70751953125, 0.69189453125, 0.5615234375]","[[313.2852973937988, 1079.596923828125], [1514.3798828125, 798.9180297851562], [1348.2395629882812, 1068.52001953125], [1197.1536865234375, 975.3091430664062], [876.3630676269531, 706.2903442382812], [766.2266845703125, 733.0979614257812], [618.5883483886719, 708.35693359375], [538.0412750244141, 631.6654663085938]]",425377792,410910720,425377792,640,yolo26m_int8_640_ncnn_model,MOT17-02
468,378.19836700009546,0.0,8,"[373, 383, 3, 187, 267, 317, 335, 403]","[[85.60173797607422, 378.8363342285156, 493.25274658203125, 1074.88134765625], [1444.830810546875, 419.970458984375, 1592.8101806640625, 802.532470703125], [1218.7161865234375, 397.7951965332031, 1501.4815673828125, 1068.9739990234375], [1117.1357421875, 411.66259765625, 1279.2459716796875, 981.0051879882812], [829.9524536132812, 406.4952697753906, 925.7825927734375, 705.455810546875], [718.406982421875, 435.3182373046875, 822.8407592773438, 734.2831420898438], [569.9949951171875, 431.15191650390625, 673.959228515625, 708.4902954101562], [501.2054443359375, 464.04559326171875, 563.4407348632812, 631.0302124023438]]","[0.87158203125, 0.69775390625, 0.78955078125, 0.76318359375, 0.6279296875, 0.61669921875, 0.6943359375, 0.541015625]","[[289.42724227905273, 1074.88134765625], [1518.8204956054688, 802.532470703125], [1360.098876953125, 1068.9739990234375], [1198.1908569335938, 981.0051879882812], [877.8675231933594, 705.455810546875], [770.6238708496094, 734.2831420898438], [621.9771118164062, 708.4902954101562], [532.3230895996094, 631.0302124023438]]",425377792,410910720,425377792,640,yolo26m_int8_640_ncnn_model,MOT17-02
469,401.143669999783,0.0,8,"[373, 383, 3, 187, 267, 317, 335, 403]","[[63.185630798339844, 384.5547790527344, 466.7171936035156, 1067.997802734375], [1453.5032958984375, 417.4115905761719, 1598.885986328125, 803.6055297851562], [1236.8431396484375, 399.5098876953125, 1516.60595703125, 1071.556884765625], [1122.6116943359375, 415.9736328125, 1285.0592041015625, 987.760498046875], [830.220947265625, 406.1780700683594, 926.4793090820312, 706.3810424804688], [723.889404296875, 433.910888671875, 827.2269287109375, 734.7348022460938], [581.80126953125, 430.15057373046875, 681.7281494140625, 705.3424072265625], [497.2017517089844, 466.2868347167969, 561.072265625, 636.93408203125]]","[0.88427734375, 0.68408203125, 0.8271484375, 0.71728515625, 0.6650390625, 0.63525390625, 0.451171875, 0.56787109375]","[[264.95141220092773, 1067.997802734375], [1526.1946411132812, 803.6055297851562], [1376.7245483398438, 1071.556884765625], [1203.83544921875, 987.760498046875], [878.3501281738281, 706.3810424804688], [775.5581665039062, 734.7348022460938], [631.7647094726562, 705.3424072265625], [529.1370086669922, 636.93408203125]]",425377792,410910720,425377792,640,yolo26m_int8_640_ncnn_model,MOT17-02
470,371.06992700000774,0.0,9,"[373, 383, 3, 187, 267, 317, 335, 403, 412]","[[32.54657745361328, 391.4037780761719, 436.5888366699219, 1067.5872802734375], [1461.91748046875, 415.9588317871094, 1602.5465087890625, 800.5125732421875], [1255.26220703125, 393.02777099609375, 1533.08935546875, 1073.7156982421875], [1129.2119140625, 415.41778564453125, 1294.25341796875, 999.35546875], [830.2388305664062, 405.07647705078125, 926.6716918945312, 705.7398071289062], [732.0015869140625, 435.12762451171875, 834.3251953125, 734.1678466796875], [590.3864135742188, 432.04296875, 686.7103881835938, 704.9053955078125], [491.6129455566406, 472.36859130859375, 556.2965698242188, 644.2506713867188], [415.6838073730469, 501.07501220703125, 481.0162048339844, 631.7249755859375]]","[0.90625, 0.66650390625, 0.79833984375, 0.69287109375, 0.69873046875, 0.68359375, 0.451416015625, 0.6630859375, 0.406982421875]","[[234.56770706176758, 1067.5872802734375], [1532.2319946289062, 800.5125732421875], [1394.17578125, 1073.7156982421875], [1211.732666015625, 999.35546875], [878.4552612304688, 705.7398071289062], [783.1633911132812, 734.1678466796875], [638.5484008789062, 704.9053955078125], [523.9547576904297, 644.2506713867188], [448.3500061035156, 631.7249755859375]]",425377792,410910720,425377792,640,yolo26m_int8_640_ncnn_model,MOT17-02
471,372.32750100019985,0.0,9,"[373, 383, 3, 187, 267, 317, 335, 403, 412]","[[13.691547393798828, 401.13385009765625, 415.9002685546875, 1068.1458740234375], [1468.4930419921875, 412.4645080566406, 1607.0118408203125, 800.248046875], [1274.8065185546875, 389.374755859375, 1547.882568359375, 1071.7689208984375], [1132.99267578125, 422.0608215332031, 1298.12353515625, 1008.542724609375], [832.0065307617188, 405.9068908691406, 928.7962036132812, 707.2281494140625], [740.181884765625, 440.07952880859375, 841.4271850585938, 733.4568481445312], [592.553466796875, 430.5542297363281, 687.3106079101562, 704.01953125], [482.495849609375, 473.3093566894531, 548.4749145507812, 646.6951904296875], [412.17181396484375, 499.2936706542969, 480.1610412597656, 635.574951171875]]","[0.91259765625, 0.73779296875, 0.8017578125, 0.7197265625, 0.69482421875, 0.7734375, 0.491455078125, 0.69677734375, 0.408935546875]","[[214.79590797424316, 1068.1458740234375], [1537.75244140625, 800.248046875], [1411.3445434570312, 1071.7689208984375], [1215.55810546875, 1008.542724609375], [880.4013671875, 707.2281494140625], [790.8045349121094, 733.4568481445312], [639.9320373535156, 704.01953125], [515.4853820800781, 646.6951904296875], [446.1664276123047, 635.574951171875]]",425377792,410910720,425377792,640,yolo26m_int8_640_ncnn_model,MOT17-02
472,370.21333499978937,0.0,8,"[373, 383, 3, 187, 267, 317, 335, 403]","[[0.0, 399.6818542480469, 400.520263671875, 1073.3226318359375], [1477.7469482421875, 408.4629211425781, 1615.3006591796875, 799.86328125], [1290.2664794921875, 390.2510986328125, 1556.71240234375, 1069.72705078125], [1138.6715087890625, 424.128662109375, 1303.84423828125, 1012.4149780273438], [831.9566040039062, 403.26226806640625, 930.1838989257812, 708.7798461914062], [745.5125122070312, 438.47943115234375, 847.4004516601562, 730.696044921875], [594.46142578125, 432.4984130859375, 688.590576171875, 705.1962280273438], [475.9604797363281, 470.4002380371094, 544.2274780273438, 648.4655151367188]]","[0.916015625, 0.7529296875, 0.8125, 0.7841796875, 0.69140625, 0.75244140625, 0.43994140625, 0.62060546875]","[[200.2601318359375, 1073.3226318359375], [1546.5238037109375, 799.86328125], [1423.4894409179688, 1069.72705078125], [1221.2578735351562, 1012.4149780273438], [881.0702514648438, 708.7798461914062], [796.4564819335938, 730.696044921875], [641.5260009765625, 705.1962280273438], [510.09397888183594, 648.4655151367188]]",425377792,410910720,425377792,640,yolo26m_int8_640_ncnn_model,MOT17-02
473,386.3485130000299,0.0,8,"[373, 383, 3, 187, 267, 317, 335, 403]","[[0.0, 399.05462646484375, 384.6332702636719, 1077.19482421875], [1487.42529296875, 406.7306823730469, 1623.6641845703125, 798.9435424804688], [1300.274658203125, 391.88165283203125, 1562.125244140625, 1070.6329345703125], [1145.039306640625, 419.4791259765625, 1310.3238525390625, 1009.2968139648438], [835.33642578125, 404.4902648925781, 933.1008911132812, 706.1571044921875], [746.1771850585938, 442.1104431152344, 848.558349609375, 732.4119262695312], [603.653564453125, 430.0343017578125, 696.6429443359375, 703.9275512695312], [469.87548828125, 468.7555236816406, 536.6640014648438, 640.3834228515625]]","[0.921875, 0.77685546875, 0.779296875, 0.8115234375, 0.705078125, 0.7734375, 0.6220703125, 0.444091796875]","[[192.31663513183594, 1077.19482421875], [1555.5447387695312, 798.9435424804688], [1431.199951171875, 1070.6329345703125], [1227.6815795898438, 1009.2968139648438], [884.2186584472656, 706.1571044921875], [797.3677673339844, 732.4119262695312], [650.1482543945312, 703.9275512695312], [503.2697448730469, 640.3834228515625]]",425377792,410910720,425377792,640,yolo26m_int8_640_ncnn_model,MOT17-02
474,371.45355800021207,0.0,8,"[373, 383, 3, 187, 267, 317, 335, 403]","[[0.0, 397.2414245605469, 370.3710632324219, 1077.1181640625], [1492.6710205078125, 406.8583679199219, 1628.7637939453125, 800.7756958007812], [1308.4224853515625, 391.30572509765625, 1564.0369873046875, 1065.25], [1147.9271240234375, 421.12969970703125, 1313.9322509765625, 1012.38330078125], [832.5419921875, 406.72015380859375, 928.2208862304688, 705.3873901367188], [746.98583984375, 438.2464294433594, 851.9833984375, 733.32080078125], [609.3014526367188, 430.6106262207031, 700.6468505859375, 704.9520874023438], [463.62652587890625, 471.3796081542969, 530.7031860351562, 641.01318359375]]","[0.9150390625, 0.75830078125, 0.75830078125, 0.79541015625, 0.6298828125, 0.75634765625, 0.6474609375, 0.37646484375]","[[185.18553161621094, 1077.1181640625], [1560.7174072265625, 800.7756958007812], [1436.229736328125, 1065.25], [1230.9296875, 1012.38330078125], [880.3814392089844, 705.3873901367188], [799.484619140625, 733.32080078125], [654.9741516113281, 704.9520874023438], [497.16485595703125, 641.01318359375]]",425377792,410910720,425377792,640,yolo26m_int8_640_ncnn_model,MOT17-02
475,369.65972600000896,0.0,8,"[373, 383, 3, 187, 267, 317, 335, 403]","[[0.0, 397.9640808105469, 356.09002685546875, 1078.513916015625], [1503.0390625, 407.940185546875, 1639.5789794921875, 800.4609985351562], [1315.464111328125, 388.1484069824219, 1567.9954833984375, 1064.1710205078125], [1153.77197265625, 421.74822998046875, 1320.039794921875, 1013.4238891601562], [829.7039794921875, 407.5671691894531, 925.05615234375, 708.0845336914062], [748.239990234375, 438.5276794433594, 853.974365234375, 732.923828125], [613.246337890625, 432.834228515625, 702.9742431640625, 706.3491821289062], [453.6474609375, 473.81207275390625, 525.00146484375, 651.8984985351562]]","[0.90625, 0.76953125, 0.7783203125, 0.80712890625, 0.6103515625, 0.759765625, 0.6572265625, 0.462158203125]","[[178.04501342773438, 1078.513916015625], [1571.3090209960938, 800.4609985351562], [1441.7297973632812, 1064.1710205078125], [1236.9058837890625, 1013.4238891601562], [877.3800659179688, 708.0845336914062], [801.107177734375, 732.923828125], [658.1102905273438, 706.3491821289062], [489.324462890625, 651.8984985351562]]",425377792,410910720,425377792,640,yolo26m_int8_640_ncnn_model,MOT17-02
476,374.0708159998576,0.0,9,"[373, 383, 3, 187, 267, 317, 335, 403, 310]","[[0.0, 394.9529113769531, 343.1873779296875, 1078.24267578125], [1516.762451171875, 409.6338806152344, 1655.154541015625, 803.0271606445312], [1318.16748046875, 388.7284851074219, 1568.7998046875, 1068.95458984375], [1155.9664306640625, 422.2156677246094, 1322.0216064453125, 1012.4537353515625], [832.025390625, 409.1204528808594, 926.3599243164062, 708.8450317382812], [748.5188598632812, 437.1534118652344, 854.5345458984375, 731.28759765625], [618.0108032226562, 435.6787414550781, 705.1825561523438, 703.9142456054688], [448.18121337890625, 476.641845703125, 520.0914306640625, 653.8248901367188], [890.7579956054688, 435.0015869140625, 979.6311645507812, 675.0918579101562]]","[0.892578125, 0.78564453125, 0.74853515625, 0.81201171875, 0.6259765625, 0.7470703125, 0.69677734375, 0.54345703125, 0.3369140625]","[[171.59368896484375, 1078.24267578125], [1585.95849609375, 803.0271606445312], [1443.483642578125, 1068.95458984375], [1238.9940185546875, 1012.4537353515625], [879.1926574707031, 708.8450317382812], [801.5267028808594, 731.28759765625], [661.5966796875, 703.9142456054688], [484.1363220214844, 653.8248901367188], [935.194580078125, 675.0918579101562]]",425377792,410910720,425377792,640,yolo26m_int8_640_ncnn_model,MOT17-02
477,394.8723059997974,0.0,10,"[373, 383, 3, 187, 267, 317, 335, 403, 418, 310]","[[0.0, 387.0829162597656, 331.85833740234375, 1072.892333984375], [1530.20751953125, 412.2812194824219, 1672.0252685546875, 805.9457397460938], [1323.512451171875, 387.5068359375, 1574.0482177734375, 1076.18896484375], [1157.2412109375, 423.1189270019531, 1323.9281005859375, 1014.1849365234375], [832.0068969726562, 409.9525451660156, 925.7071533203125, 708.8760375976562], [748.87646484375, 436.6399230957031, 856.1475830078125, 731.6673583984375], [622.9326782226562, 437.51312255859375, 708.0030517578125, 700.2530517578125], [440.61944580078125, 476.91387939453125, 513.2743530273438, 654.1981811523438], [1311.7646484375, 417.75, 1396.63525390625, 684.1500244140625], [897.73583984375, 436.2889099121094, 985.4469604492188, 675.5191650390625]]","[0.8818359375, 0.7890625, 0.77685546875, 0.81591796875, 0.6015625, 0.76025390625, 0.720703125, 0.52685546875, 0.3330078125, 0.35107421875]","[[165.92916870117188, 1072.892333984375], [1601.1163940429688, 805.9457397460938], [1448.7803344726562, 1076.18896484375], [1240.5846557617188, 1014.1849365234375], [878.8570251464844, 708.8760375976562], [802.5120239257812, 731.6673583984375], [665.4678649902344, 700.2530517578125], [476.9468994140625, 654.1981811523438], [1354.199951171875, 684.1500244140625], [941.5914001464844, 675.5191650390625]]",425377792,410910720,425377792,640,yolo26m_int8_640_ncnn_model,MOT17-02
478,374.5297240002401,0.0,9,"[373, 383, 3, 187, 267, 317, 335, 403, 310]","[[0.0, 389.7640686035156, 317.2884216308594, 1071.0751953125], [1540.1005859375, 418.49554443359375, 1686.8714599609375, 811.7107543945312], [1328.9061279296875, 388.8015441894531, 1576.063232421875, 1076.19384765625], [1160.005859375, 425.4210510253906, 1325.979736328125, 1010.7850952148438], [832.4877319335938, 410.50421142578125, 925.90185546875, 708.6289672851562], [750.607421875, 436.7031555175781, 857.8445434570312, 730.5819091796875], [626.1857299804688, 437.94073486328125, 710.2890625, 698.1546020507812], [431.7889709472656, 476.4552917480469, 507.20477294921875, 658.7334594726562], [902.5989379882812, 435.1476135253906, 990.7637939453125, 675.1182861328125]]","[0.87158203125, 0.8173828125, 0.748046875, 0.79638671875, 0.56787109375, 0.7451171875, 0.73193359375, 0.642578125, 0.35888671875]","[[158.6442108154297, 1071.0751953125], [1613.4860229492188, 811.7107543945312], [1452.4846801757812, 1076.19384765625], [1242.9927978515625, 1010.7850952148438], [879.1947937011719, 708.6289672851562], [804.2259826660156, 730.5819091796875], [668.2373962402344, 698.1546020507812], [469.4968719482422, 658.7334594726562], [946.6813659667969, 675.1182861328125]]",425377792,410910720,425377792,640,yolo26m_int8_640_ncnn_model,MOT17-02
479,371.97005799998806,0.0,10,"[373, 383, 3, 187, 267, 317, 335, 403, 310, 421]","[[0.0, 380.8477783203125, 307.2807922363281, 1074.3382568359375], [1549.326171875, 416.4083251953125, 1702.1922607421875, 814.345458984375], [1333.6453857421875, 388.3478088378906, 1579.4713134765625, 1079.1075439453125], [1165.2705078125, 419.8243408203125, 1332.11181640625, 1007.894775390625], [834.08447265625, 405.73443603515625, 928.4767456054688, 709.5196533203125], [754.8275146484375, 433.26397705078125, 861.5819702148438, 725.7133178710938], [629.5426635742188, 436.33587646484375, 714.672119140625, 698.1588745117188], [421.83111572265625, 475.9975891113281, 500.14532470703125, 663.5630493164062], [905.7923583984375, 437.0102844238281, 994.8953857421875, 675.7705688476562], [566.0550537109375, 450.75, 593.4449462890625, 528.75]]","[0.88037109375, 0.8193359375, 0.74365234375, 0.79248046875, 0.62060546875, 0.70703125, 0.72265625, 0.56005859375, 0.52978515625, 0.338134765625]","[[153.64039611816406, 1074.3382568359375], [1625.7592163085938, 814.345458984375], [1456.558349609375, 1079.1075439453125], [1248.691162109375, 1007.894775390625], [881.2806091308594, 709.5196533203125], [808.2047424316406, 725.7133178710938], [672.1073913574219, 698.1588745117188], [460.98822021484375, 663.5630493164062], [950.3438720703125, 675.7705688476562], [579.75, 528.75]]",425377792,410910720,425377792,640,yolo26m_int8_640_ncnn_model,MOT17-02
480,370.6312260001141,0.0,10,"[373, 383, 3, 187, 267, 317, 335, 403, 310, 421]","[[0.0, 395.47955322265625, 286.45562744140625, 1073.332763671875], [1554.7862548828125, 414.62542724609375, 1715.23291015625, 820.2068481445312], [1343.3516845703125, 391.90435791015625, 1585.1705322265625, 1075.4761962890625], [1170.719482421875, 422.650634765625, 1336.5858154296875, 1009.7105712890625], [835.4254760742188, 404.9279479980469, 928.6530151367188, 708.8617553710938], [760.1326293945312, 435.9542541503906, 865.9628295898438, 725.88134765625], [631.5972900390625, 433.9906921386719, 717.6973266601562, 697.942626953125], [416.84112548828125, 476.27081298828125, 495.1411437988281, 662.883544921875], [907.6076049804688, 437.7135314941406, 998.325927734375, 680.1107788085938], [565.8467407226562, 450.4609680175781, 593.0751342773438, 527.8828735351562]]","[0.84765625, 0.8310546875, 0.7802734375, 0.78515625, 0.626953125, 0.70849609375, 0.7197265625, 0.51904296875, 0.5771484375, 0.326171875]","[[143.22781372070312, 1073.332763671875], [1635.0095825195312, 820.2068481445312], [1464.2611083984375, 1075.4761962890625], [1253.6526489257812, 1009.7105712890625], [882.0392456054688, 708.8617553710938], [813.0477294921875, 725.88134765625], [674.6473083496094, 697.942626953125], [455.9911346435547, 662.883544921875], [952.9667663574219, 680.1107788085938], [579.4609375, 527.8828735351562]]",425377792,410910720,425377792,640,yolo26m_int8_640_ncnn_model,MOT17-02
481,386.08218199988187,0.0,10,"[373, 383, 3, 187, 267, 317, 335, 403, 310, 421]","[[0.0, 411.1185302734375, 271.5491943359375, 1072.9169921875], [1562.7408447265625, 412.4744873046875, 1729.371337890625, 821.8841552734375], [1352.7061767578125, 396.26556396484375, 1592.025390625, 1073.0443115234375], [1177.317626953125, 425.4552001953125, 1341.3345947265625, 1006.62548828125], [837.7194213867188, 410.0677185058594, 928.8475341796875, 709.093505859375], [768.9276733398438, 436.2413330078125, 873.4776611328125, 723.7356567382812], [635.3860473632812, 435.3391418457031, 720.478515625, 695.6597900390625], [408.249755859375, 477.56378173828125, 487.6138916015625, 666.2000732421875], [909.4247436523438, 439.4721984863281, 1001.0731201171875, 682.2308349609375], [565.853515625, 451.2431335449219, 592.8753051757812, 527.8861694335938]]","[0.80712890625, 0.8193359375, 0.802734375, 0.81396484375, 0.61474609375, 0.6787109375, 0.7080078125, 0.505859375, 0.6337890625, 0.33154296875]","[[135.77459716796875, 1072.9169921875], [1646.0560913085938, 821.8841552734375], [1472.3657836914062, 1073.0443115234375], [1259.3261108398438, 1006.62548828125], [883.2834777832031, 709.093505859375], [821.2026672363281, 723.7356567382812], [677.9322814941406, 695.6597900390625], [447.93182373046875, 666.2000732421875], [955.2489318847656, 682.2308349609375], [579.3644104003906, 527.8861694335938]]",425377792,410910720,425377792,640,yolo26m_int8_640_ncnn_model,MOT17-02
482,369.3954309997025,0.0,11,"[373, 383, 3, 187, 267, 317, 335, 403, 310, 421, 423]","[[0.0, 431.9521179199219, 252.47219848632812, 1077.7578125], [1563.0966796875, 418.5251159667969, 1732.8560791015625, 827.3540649414062], [1360.912109375, 396.42169189453125, 1602.306884765625, 1075.579833984375], [1178.36328125, 416.8083190917969, 1346.209716796875, 1013.1029052734375], [839.328125, 411.5342102050781, 929.1076049804688, 709.6720581054688], [772.6689453125, 429.8781433105469, 879.5457153320312, 729.4389038085938], [635.2748413085938, 434.3604736328125, 721.2327880859375, 698.323974609375], [400.4427795410156, 479.0041809082031, 479.9176330566406, 665.4116821289062], [911.1947631835938, 436.86785888671875, 1004.6053466796875, 683.2753295898438], [565.712158203125, 449.2270812988281, 593.5405883789062, 527.9127197265625], [1330.861083984375, 404.17498779296875, 1424.93896484375, 951.2249755859375]]","[0.73681640625, 0.794921875, 0.78955078125, 0.78369140625, 0.59912109375, 0.6640625, 0.68701171875, 0.58544921875, 0.658203125, 0.269775390625, 0.424072265625]","[[126.23609924316406, 1077.7578125], [1647.9763793945312, 827.3540649414062], [1481.6094970703125, 1075.579833984375], [1262.2864990234375, 1013.1029052734375], [884.2178649902344, 709.6720581054688], [826.1073303222656, 729.4389038085938], [678.2538146972656, 698.323974609375], [440.1802062988281, 665.4116821289062], [957.9000549316406, 683.2753295898438], [579.6263732910156, 527.9127197265625], [1377.9000244140625, 951.2249755859375]]",425377792,410910720,425377792,640,yolo26m_int8_640_ncnn_model,MOT17-02
483,376.0550760002843,0.0,10,"[373, 383, 3, 187, 267, 317, 335, 403, 310, 423]","[[0.0, 475.0251770019531, 225.31240844726562, 1079.537109375], [1563.1590576171875, 423.07061767578125, 1733.5086669921875, 831.088134765625], [1368.788330078125, 393.9947814941406, 1612.74755859375, 1073.0423583984375], [1180.6746826171875, 412.1116027832031, 1349.79150390625, 1014.989990234375], [843.8094482421875, 414.05706787109375, 932.2167358398438, 709.8812866210938], [781.1681518554688, 430.4703369140625, 884.2711181640625, 727.6465454101562], [637.1493530273438, 434.7410583496094, 722.83447265625, 696.6151733398438], [394.5699768066406, 480.75225830078125, 474.46856689453125, 665.7477416992188], [911.4786376953125, 436.6297302246094, 1004.989990234375, 682.9067993164062], [1333.4849853515625, 402.5003356933594, 1429.0135498046875, 957.9813842773438]]","[0.671875, 0.76611328125, 0.8203125, 0.77685546875, 0.5751953125, 0.64306640625, 0.70947265625, 0.54248046875, 0.65087890625, 0.50244140625]","[[112.65620422363281, 1079.537109375], [1648.3338623046875, 831.088134765625], [1490.7679443359375, 1073.0423583984375], [1265.2330932617188, 1014.989990234375], [888.0130920410156, 709.8812866210938], [832.7196350097656, 727.6465454101562], [679.9919128417969, 696.6151733398438], [434.51927185058594, 665.7477416992188], [958.2343139648438, 682.9067993164062], [1381.249267578125, 957.9813842773438]]",425377792,410910720,425377792,640,yolo26m_int8_640_ncnn_model,MOT17-02
484,370.28928299969266,0.0,12,"[373, 383, 3, 187, 267, 317, 335, 403, 310, 423, 426, 421]","[[0.0, 537.7901000976562, 195.34237670898438, 1080.0], [1569.3865966796875, 422.55902099609375, 1742.70068359375, 836.608154296875], [1371.96435546875, 393.0699157714844, 1618.9029541015625, 1072.057861328125], [1183.41259765625, 415.24542236328125, 1350.9420166015625, 1012.699951171875], [845.4656982421875, 415.2369689941406, 932.3475952148438, 710.6978759765625], [786.6004028320312, 431.7342529296875, 885.5509643554688, 724.9736328125], [642.598876953125, 434.6421203613281, 728.8587036132812, 696.2371215820312], [387.95050048828125, 481.3718566894531, 471.37188720703125, 671.7483520507812], [911.0218505859375, 437.2856750488281, 1004.342041015625, 682.0018920898438], [1336.6602783203125, 403.6725158691406, 1432.7208251953125, 961.990478515625], [1112.677978515625, 428.8500061035156, 1149.322021484375, 588.75], [566.9380493164062, 451.63507080078125, 593.7786865234375, 527.2807006835938]]","[0.55078125, 0.76708984375, 0.8134765625, 0.7919921875, 0.52001953125, 0.6259765625, 0.70849609375, 0.5869140625, 0.69287109375, 0.60888671875, 0.335693359375, 0.303955078125]","[[97.67118835449219, 1080.0], [1656.0436401367188, 836.608154296875], [1495.4336547851562, 1072.057861328125], [1267.1773071289062, 1012.699951171875], [888.9066467285156, 710.6978759765625], [836.07568359375, 724.9736328125], [685.7287902832031, 696.2371215820312], [429.66119384765625, 671.7483520507812], [957.6819458007812, 682.0018920898438], [1384.6905517578125, 961.990478515625], [1131.0, 588.75], [580.3583679199219, 527.2807006835938]]",425377792,410910720,425377792,640,yolo26m_int8_640_ncnn_model,MOT17-02
485,381.3279819996751,0.0,12,"[373, 383, 3, 187, 267, 317, 335, 403, 310, 423, 421, 381]","[[0.0, 572.5529174804688, 173.52015686035156, 1080.0], [1575.6480712890625, 420.13226318359375, 1749.6153564453125, 836.8876342773438], [1374.09716796875, 395.9456787109375, 1623.689453125, 1072.4176025390625], [1190.4927978515625, 418.46734619140625, 1356.8736572265625, 1011.7501831054688], [849.04931640625, 413.4176025390625, 932.3262329101562, 702.2982788085938], [794.0990600585938, 434.2309265136719, 890.1699829101562, 722.9810180664062], [649.0623779296875, 434.6075134277344, 736.88427734375, 694.1318969726562], [377.3312683105469, 479.37310791015625, 461.0796203613281, 670.2672119140625], [908.8023071289062, 435.2889709472656, 1003.8416748046875, 682.8944091796875], [1341.1307373046875, 410.2507629394531, 1435.8408203125, 960.2705078125], [567.4532470703125, 451.898193359375, 594.0910034179688, 526.349609375], [18.033992767333984, 531.67919921875, 95.70918273925781, 638.3222045898438]]","[0.453125, 0.7421875, 0.8125, 0.81201171875, 0.421630859375, 0.57421875, 0.69482421875, 0.60302734375, 0.6513671875, 0.5751953125, 0.27197265625, 0.42529296875]","[[86.76007843017578, 1080.0], [1662.6317138671875, 836.8876342773438], [1498.893310546875, 1072.4176025390625], [1273.6832275390625, 1011.7501831054688], [890.6877746582031, 702.2982788085938], [842.134521484375, 722.9810180664062], [692.9733276367188, 694.1318969726562], [419.2054443359375, 670.2672119140625], [956.3219909667969, 682.8944091796875], [1388.4857788085938, 960.2705078125], [580.7721252441406, 526.349609375], [56.8715877532959, 638.3222045898438]]",425377792,410910720,425377792,640,yolo26m_int8_640_ncnn_model,MOT17-02
486,378.7651319998986,0.0,13,"[383, 3, 187, 267, 317, 335, 403, 310, 423, 421, 381, 319, 426]","[[1580.8572998046875, 417.4583740234375, 1756.7205810546875, 840.5718383789062], [1379.669189453125, 391.0789489746094, 1632.0838623046875, 1067.581298828125], [1196.8546142578125, 428.3787841796875, 1361.064453125, 1011.5935668945312], [852.821044921875, 409.4402770996094, 933.8017578125, 698.362060546875], [801.2911376953125, 434.9360046386719, 898.1473388671875, 726.4987182617188], [653.5181274414062, 432.10662841796875, 744.0692138671875, 693.8634643554688], [366.90057373046875, 480.0326843261719, 450.1863708496094, 669.1039428710938], [906.6810913085938, 432.8106384277344, 1004.7392578125, 685.9434814453125], [1345.4493408203125, 411.6051330566406, 1440.3115234375, 960.3211669921875], [567.5380249023438, 453.021240234375, 594.2674560546875, 527.1002197265625], [7.253870010375977, 532.4805908203125, 83.94607543945312, 634.3392944335938], [742.7305908203125, 449.873046875, 779.8070068359375, 578.9657592773438], [1115.3404541015625, 429.9989929199219, 1152.0665283203125, 589.7637939453125]]","[0.74853515625, 0.80322265625, 0.8359375, 0.408935546875, 0.671875, 0.73193359375, 0.56689453125, 0.69482421875, 0.55419921875, 0.322265625, 0.3408203125, 0.374267578125, 0.29052734375]","[[1668.7889404296875, 840.5718383789062], [1505.8765258789062, 1067.581298828125], [1278.9595336914062, 1011.5935668945312], [893.3114013671875, 698.362060546875], [849.71923828125, 726.4987182617188], [698.7936706542969, 693.8634643554688], [408.54347229003906, 669.1039428710938], [955.7101745605469, 685.9434814453125], [1392.8804321289062, 960.3211669921875], [580.9027404785156, 527.1002197265625], [45.59997272491455, 634.3392944335938], [761.268798828125, 578.9657592773438], [1133.7034912109375, 589.7637939453125]]",425377792,410910720,425377792,640,yolo26m_int8_640_ncnn_model,MOT17-02
487,369.2321919997994,0.0,11,"[383, 3, 187, 317, 335, 403, 310, 423, 421, 381, 319]","[[1587.3082275390625, 416.1867370605469, 1762.2791748046875, 841.148681640625], [1375.45849609375, 390.2371520996094, 1633.10888671875, 1070.717041015625], [1206.6165771484375, 433.6156311035156, 1370.8843994140625, 1008.999267578125], [809.9561767578125, 437.9245910644531, 907.6932373046875, 727.0792846679688], [657.6666259765625, 433.40673828125, 749.9405517578125, 694.531982421875], [359.4103698730469, 481.2445068359375, 443.6659240722656, 671.5509033203125], [906.3533325195312, 431.3906555175781, 1006.3968505859375, 687.5755615234375], [1351.6064453125, 415.15673828125, 1444.299072265625, 946.4656982421875], [567.3945922851562, 452.3766784667969, 595.0023803710938, 528.409912109375], [0.0, 532.4620361328125, 81.80565643310547, 649.1370239257812], [740.7513427734375, 447.93267822265625, 778.6285400390625, 577.8561401367188]]","[0.7099609375, 0.796875, 0.85498046875, 0.7177734375, 0.7451171875, 0.5, 0.6640625, 0.5126953125, 0.31640625, 0.39599609375, 0.30517578125]","[[1674.793701171875, 841.148681640625], [1504.28369140625, 1070.717041015625], [1288.75048828125, 1008.999267578125], [858.82470703125, 727.0792846679688], [703.8035888671875, 694.531982421875], [401.53814697265625, 671.5509033203125], [956.3750915527344, 687.5755615234375], [1397.9527587890625, 946.4656982421875], [581.198486328125, 528.409912109375], [40.902828216552734, 649.1370239257812], [759.68994140625, 577.8561401367188]]",425377792,410910720,425377792,640,yolo26m_int8_640_ncnn_model,MOT17-02
488,370.1918579999983,0.0,11,"[383, 3, 187, 317, 335, 403, 310, 423, 421, 381, 319]","[[1593.1201171875, 415.2066955566406, 1766.3885498046875, 842.7379150390625], [1380.8804931640625, 392.9021911621094, 1639.863525390625, 1070.91796875], [1211.6580810546875, 435.0303039550781, 1377.8026123046875, 1008.4974365234375], [815.0460815429688, 438.06585693359375, 915.063720703125, 727.3095092773438], [657.8980102539062, 430.9330139160156, 753.16552734375, 694.8140258789062], [348.45025634765625, 481.6758728027344, 434.5521545410156, 673.4038696289062], [909.7492065429688, 435.04461669921875, 1007.2652587890625, 684.980712890625], [1357.051513671875, 415.2501525878906, 1449.4698486328125, 940.4329223632812], [566.6878662109375, 451.1246032714844, 595.4070434570312, 529.8948364257812], [0.0, 531.7437133789062, 74.20116424560547, 647.092041015625], [739.5361328125, 447.6214294433594, 776.7832641601562, 576.257568359375]]","[0.71630859375, 0.78466796875, 0.85595703125, 0.71923828125, 0.7333984375, 0.53271484375, 0.66943359375, 0.552734375, 0.359619140625, 0.344970703125, 0.3759765625]","[[1679.7543334960938, 842.7379150390625], [1510.3720092773438, 1070.91796875], [1294.7303466796875, 1008.4974365234375], [865.0549011230469, 727.3095092773438], [705.5317687988281, 694.8140258789062], [391.50120544433594, 673.4038696289062], [958.5072326660156, 684.980712890625], [1403.2606811523438, 940.4329223632812], [581.0474548339844, 529.8948364257812], [37.100582122802734, 647.092041015625], [758.1596984863281, 576.257568359375]]",425377792,410910720,425377792,640,yolo26m_int8_640_ncnn_model,MOT17-02
489,399.25832600010835,0.0,11,"[383, 3, 187, 317, 335, 403, 310, 423, 421, 381, 319]","[[1598.5206298828125, 409.1858825683594, 1770.134521484375, 841.0408935546875], [1378.44775390625, 387.97613525390625, 1640.486328125, 1072.9765625], [1209.4385986328125, 429.5271911621094, 1381.1258544921875, 1015.2658081054688], [818.32666015625, 440.3432312011719, 920.0294799804688, 724.1734619140625], [659.2692260742188, 434.459228515625, 755.77197265625, 696.4208374023438], [340.43109130859375, 482.0581359863281, 428.085205078125, 675.7703857421875], [920.0964965820312, 449.44134521484375, 1010.3115844726562, 681.9523315429688], [1360.3060302734375, 412.8546447753906, 1453.7774658203125, 937.6240844726562], [565.9578247070312, 450.1532287597656, 595.5150146484375, 530.9437255859375], [0.0, 532.146484375, 69.9983139038086, 655.3656005859375], [737.4375, 447.7503662109375, 774.3604125976562, 576.438232421875]]","[0.73779296875, 0.79150390625, 0.8427734375, 0.728515625, 0.76416015625, 0.60498046875, 0.5791015625, 0.6142578125, 0.3720703125, 0.4306640625, 0.388427734375]","[[1684.3275756835938, 841.0408935546875], [1509.467041015625, 1072.9765625], [1295.2822265625, 1015.2658081054688], [869.1780700683594, 724.1734619140625], [707.5205993652344, 696.4208374023438], [384.2581481933594, 675.7703857421875], [965.2040405273438, 681.9523315429688], [1407.041748046875, 937.6240844726562], [580.7364196777344, 530.9437255859375], [34.9991569519043, 655.3656005859375], [755.8989562988281, 576.438232421875]]",425377792,410910720,425377792,640,yolo26m_int8_640_ncnn_model,MOT17-02
490,382.6014260002921,0.0,10,"[383, 3, 187, 317, 335, 403, 310, 423, 421, 319]","[[1602.8201904296875, 406.65814208984375, 1772.7484130859375, 841.538818359375], [1376.8326416015625, 393.0444641113281, 1638.0758056640625, 1072.7586669921875], [1208.48779296875, 427.6854553222656, 1383.179443359375, 1016.5385131835938], [818.9545288085938, 441.6922302246094, 924.03076171875, 726.4945068359375], [658.527587890625, 436.5621643066406, 757.1929931640625, 698.2936401367188], [334.2145690917969, 488.8147888183594, 418.7570495605469, 673.9053955078125], [922.8609619140625, 438.80926513671875, 1015.426513671875, 682.5726928710938], [1363.8165283203125, 411.41534423828125, 1458.804443359375, 938.2622680664062], [566.8565673828125, 451.5086669921875, 595.8485717773438, 530.5946655273438], [735.3966064453125, 447.2882995605469, 771.8470458984375, 575.0114135742188]]","[0.728515625, 0.78662109375, 0.83984375, 0.7333984375, 0.755859375, 0.58447265625, 0.53076171875, 0.62451171875, 0.412353515625, 0.310791015625]","[[1687.7843017578125, 841.538818359375], [1507.4542236328125, 1072.7586669921875], [1295.8336181640625, 1016.5385131835938], [871.4926452636719, 726.4945068359375], [707.8602905273438, 698.2936401367188], [376.4858093261719, 673.9053955078125], [969.1437377929688, 682.5726928710938], [1411.3104858398438, 938.2622680664062], [581.3525695800781, 530.5946655273438], [753.621826171875, 575.0114135742188]]",425377792,410910720,425377792,640,yolo26m_int8_640_ncnn_model,MOT17-02
491,371.7622840003969,0.0,10,"[383, 3, 187, 317, 335, 403, 310, 423, 421, 319]","[[1607.2669677734375, 404.7403564453125, 1774.369384765625, 839.691650390625], [1377.4141845703125, 397.9785461425781, 1636.519287109375, 1069.6854248046875], [1209.3192138671875, 425.22589111328125, 1387.34228515625, 1016.7322387695312], [818.3744506835938, 437.9504699707031, 927.968505859375, 728.608642578125], [659.60009765625, 437.59735107421875, 760.5697631835938, 699.7484130859375], [324.6055603027344, 486.3668212890625, 413.39984130859375, 678.1069946289062], [934.3375854492188, 438.5438232421875, 1023.3919067382812, 681.3136596679688], [1369.321044921875, 418.4625244140625, 1465.229248046875, 943.1669311523438], [567.485595703125, 452.7868347167969, 596.1861572265625, 530.6932373046875], [734.0325317382812, 446.1015930175781, 770.6660766601562, 574.4974975585938]]","[0.708984375, 0.7099609375, 0.83447265625, 0.71728515625, 0.75732421875, 0.5244140625, 0.5791015625, 0.6025390625, 0.389404296875, 0.441650390625]","[[1690.8181762695312, 839.691650390625], [1506.9667358398438, 1069.6854248046875], [1298.3307495117188, 1016.7322387695312], [873.1714782714844, 728.608642578125], [710.0849304199219, 699.7484130859375], [369.00270080566406, 678.1069946289062], [978.86474609375, 681.3136596679688], [1417.275146484375, 943.1669311523438], [581.8358764648438, 530.6932373046875], [752.3493041992188, 574.4974975585938]]",425377792,410910720,425377792,640,yolo26m_int8_640_ncnn_model,MOT17-02
492,369.8497299997143,0.0,10,"[383, 3, 187, 317, 335, 403, 310, 423, 421, 319]","[[1616.3076171875, 408.232177734375, 1778.9658203125, 836.69921875], [1373.8671875, 391.6170959472656, 1637.3583984375, 1071.757568359375], [1209.5576171875, 424.033203125, 1390.6644287109375, 1017.0106201171875], [819.9171752929688, 441.2174987792969, 931.3193359375, 727.6770629882812], [660.3933715820312, 436.98590087890625, 762.6892700195312, 698.3128051757812], [314.003662109375, 482.5234069824219, 408.52313232421875, 686.465576171875], [946.0880126953125, 434.96063232421875, 1034.78515625, 680.3271484375], [1373.8314208984375, 416.2266540527344, 1472.8748779296875, 951.8997192382812], [568.021728515625, 453.2583312988281, 596.4981079101562, 530.7205810546875], [732.2039794921875, 445.6622009277344, 769.1862182617188, 575.3291015625]]","[0.6435546875, 0.7421875, 0.82470703125, 0.6826171875, 0.73681640625, 0.5400390625, 0.6591796875, 0.59619140625, 0.429443359375, 0.46875]","[[1697.63671875, 836.69921875], [1505.61279296875, 1071.757568359375], [1300.1110229492188, 1017.0106201171875], [875.6182556152344, 727.6770629882812], [711.5413208007812, 698.3128051757812], [361.2633972167969, 686.465576171875], [990.4365844726562, 680.3271484375], [1423.3531494140625, 951.8997192382812], [582.2599182128906, 530.7205810546875], [750.6950988769531, 575.3291015625]]",425377792,410910720,425377792,640,yolo26m_int8_640_ncnn_model,MOT17-02
493,376.8182829999205,0.0,10,"[383, 3, 187, 317, 335, 403, 310, 423, 421, 319]","[[1625.8291015625, 407.1297912597656, 1788.0106201171875, 835.9921875], [1380.542724609375, 396.40203857421875, 1644.2691650390625, 1072.283935546875], [1212.115234375, 427.5333251953125, 1394.1029052734375, 1017.07763671875], [820.2943725585938, 438.4822082519531, 936.3659057617188, 729.3058471679688], [661.475830078125, 435.5013427734375, 765.927734375, 699.0067749023438], [305.13677978515625, 484.8988037109375, 397.8712158203125, 683.8194580078125], [951.0709838867188, 434.1116027832031, 1040.2083740234375, 681.4442749023438], [1380.271728515625, 417.85113525390625, 1480.6004638671875, 952.6390380859375], [569.001953125, 455.6717834472656, 596.8170776367188, 531.4717407226562], [731.0054321289062, 445.2535095214844, 768.2859497070312, 576.9037475585938]]","[0.65283203125, 0.71923828125, 0.8291015625, 0.5966796875, 0.74755859375, 0.46044921875, 0.60595703125, 0.5927734375, 0.35107421875, 0.399169921875]","[[1706.9198608398438, 835.9921875], [1512.4059448242188, 1072.283935546875], [1303.1090698242188, 1017.07763671875], [878.3301391601562, 729.3058471679688], [713.7017822265625, 699.0067749023438], [351.5039978027344, 683.8194580078125], [995.6396789550781, 681.4442749023438], [1430.4360961914062, 952.6390380859375], [582.9095153808594, 531.4717407226562], [749.6456909179688, 576.9037475585938]]",425377792,410910720,425377792,640,yolo26m_int8_640_ncnn_model,MOT17-02
494,372.42161799986206,0.0,10,"[383, 3, 187, 317, 335, 403, 310, 423, 421, 267]","[[1631.3624267578125, 411.92913818359375, 1779.120849609375, 802.8145751953125], [1379.5867919921875, 394.2594909667969, 1647.1392822265625, 1077.4449462890625], [1216.241943359375, 423.654541015625, 1400.87841796875, 1013.3460083007812], [820.4003295898438, 439.1820373535156, 938.0203857421875, 728.1825561523438], [661.8712158203125, 436.9150390625, 767.440185546875, 701.244873046875], [296.1075744628906, 480.388916015625, 390.5806884765625, 684.092529296875], [957.7604370117188, 436.5214538574219, 1046.0142822265625, 682.1214599609375], [1387.7802734375, 415.4158630371094, 1488.0489501953125, 939.9024658203125], [569.2225341796875, 454.8064270019531, 597.5664672851562, 532.4984130859375], [858.2235717773438, 439.433837890625, 940.7365112304688, 724.5628051757812]]","[0.63818359375, 0.68798828125, 0.83056640625, 0.366455078125, 0.7099609375, 0.4375, 0.6357421875, 0.650390625, 0.35498046875, 0.4697265625]","[[1705.2416381835938, 802.8145751953125], [1513.363037109375, 1077.4449462890625], [1308.5601806640625, 1013.3460083007812], [879.2103576660156, 728.1825561523438], [714.6557006835938, 701.244873046875], [343.34413146972656, 684.092529296875], [1001.8873596191406, 682.1214599609375], [1437.9146118164062, 939.9024658203125], [583.3945007324219, 532.4984130859375], [899.4800415039062, 724.5628051757812]]",425377792,410910720,425377792,640,yolo26m_int8_640_ncnn_model,MOT17-02
495,369.6067490000132,0.0,9,"[383, 3, 187, 317, 335, 403, 310, 423, 421]","[[1639.70849609375, 409.2176208496094, 1784.9547119140625, 791.4181518554688], [1382.2899169921875, 387.5226745605469, 1652.818359375, 1075.4193115234375], [1218.079833984375, 424.9106140136719, 1404.8558349609375, 1012.1621704101562], [824.5009155273438, 442.6709289550781, 942.1741943359375, 728.4907836914062], [661.3508911132812, 437.69580078125, 767.9641723632812, 702.8318481445312], [282.6316223144531, 480.160400390625, 380.2747497558594, 691.474365234375], [962.7807006835938, 438.6973876953125, 1050.323486328125, 682.1329956054688], [1391.4781494140625, 415.7057189941406, 1495.56005859375, 950.953125], [567.427490234375, 450.7712097167969, 597.2315673828125, 532.6199340820312]]","[0.67431640625, 0.77587890625, 0.84130859375, 0.69775390625, 0.75732421875, 0.50830078125, 0.7138671875, 0.6181640625, 0.467041015625]","[[1712.3316040039062, 791.4181518554688], [1517.5541381835938, 1075.4193115234375], [1311.4678344726562, 1012.1621704101562], [883.3375549316406, 728.4907836914062], [714.6575317382812, 702.8318481445312], [331.45318603515625, 691.474365234375], [1006.5520935058594, 682.1329956054688], [1443.5191040039062, 950.953125], [582.3295288085938, 532.6199340820312]]",425377792,410910720,425377792,640,yolo26m_int8_640_ncnn_model,MOT17-02
496,370.9766380002293,0.0,10,"[383, 3, 187, 317, 335, 403, 310, 423, 421, 267]","[[1643.8529052734375, 404.97662353515625, 1789.5364990234375, 787.7592163085938], [1391.53564453125, 382.99334716796875, 1666.2462158203125, 1071.6636962890625], [1217.47314453125, 424.3973388671875, 1407.3599853515625, 1014.6790161132812], [825.7288208007812, 445.7205810546875, 943.7457885742188, 728.8539428710938], [663.3370361328125, 439.961669921875, 768.744873046875, 700.4530029296875], [276.29205322265625, 482.9769592285156, 372.1475830078125, 689.4043579101562], [968.2374877929688, 438.5257263183594, 1056.9542236328125, 683.1311645507812], [1393.5048828125, 414.8013610839844, 1500.3328857421875, 958.9933471679688], [567.4421997070312, 449.9743347167969, 597.3737182617188, 531.9281005859375], [865.7193603515625, 459.730224609375, 944.4351806640625, 727.4022216796875]]","[0.703125, 0.7763671875, 0.83447265625, 0.65478515625, 0.75537109375, 0.6689453125, 0.71240234375, 0.63671875, 0.4189453125, 0.259521484375]","[[1716.6947021484375, 787.7592163085938], [1528.8909301757812, 1071.6636962890625], [1312.4165649414062, 1014.6790161132812], [884.7373046875, 728.8539428710938], [716.0409545898438, 700.4530029296875], [324.2198181152344, 689.4043579101562], [1012.5958557128906, 683.1311645507812], [1446.9188842773438, 958.9933471679688], [582.407958984375, 531.9281005859375], [905.0772705078125, 727.4022216796875]]",425377792,410910720,425377792,640,yolo26m_int8_640_ncnn_model,MOT17-02
497,372.071268000127,0.0,9,"[383, 3, 187, 317, 335, 403, 310, 423, 421]","[[1647.2298583984375, 402.9497375488281, 1796.9849853515625, 797.0967407226562], [1398.473388671875, 382.5377197265625, 1675.5562744140625, 1073.93115234375], [1218.6072998046875, 423.7095642089844, 1410.6380615234375, 1012.1538696289062], [829.9136352539062, 446.0926208496094, 948.2877807617188, 729.7344360351562], [662.5169067382812, 435.8253479003906, 769.900634765625, 701.5242919921875], [272.8671875, 482.3586120605469, 372.9631042480469, 697.107666015625], [974.0972900390625, 439.200439453125, 1064.201171875, 681.7691650390625], [1396.923095703125, 414.43560791015625, 1507.008056640625, 963.9991455078125], [567.4992065429688, 450.406494140625, 597.3646850585938, 531.8858642578125]]","[0.64794921875, 0.76416015625, 0.8330078125, 0.74853515625, 0.7421875, 0.462890625, 0.71240234375, 0.6748046875, 0.403076171875]","[[1722.107421875, 797.0967407226562], [1537.0148315429688, 1073.93115234375], [1314.6226806640625, 1012.1538696289062], [889.1007080078125, 729.7344360351562], [716.2087707519531, 701.5242919921875], [322.91514587402344, 697.107666015625], [1019.1492309570312, 681.7691650390625], [1451.965576171875, 963.9991455078125], [582.4319458007812, 531.8858642578125]]",425377792,410910720,425377792,640,yolo26m_int8_640_ncnn_model,MOT17-02
498,369.92417600004046,0.0,8,"[383, 3, 187, 317, 335, 310, 423, 421]","[[1657.7353515625, 403.7116394042969, 1825.7747802734375, 848.6376342773438], [1412.9969482421875, 381.41778564453125, 1690.566650390625, 1073.8006591796875], [1224.173828125, 425.434326171875, 1418.3717041015625, 1013.164306640625], [840.6160888671875, 457.1305847167969, 952.5079956054688, 727.0784301757812], [663.865966796875, 432.8079833984375, 772.0029296875, 701.4240112304688], [975.6091918945312, 436.9649658203125, 1069.23095703125, 682.7403564453125], [1401.7220458984375, 409.3414611816406, 1515.537353515625, 966.8455200195312], [567.06201171875, 449.83905029296875, 597.3152465820312, 531.6138916015625]]","[0.64892578125, 0.75390625, 0.82568359375, 0.66015625, 0.74951171875, 0.73974609375, 0.646484375, 0.382080078125]","[[1741.7550659179688, 848.6376342773438], [1551.7817993164062, 1073.8006591796875], [1321.2727661132812, 1013.164306640625], [896.5620422363281, 727.0784301757812], [717.9344482421875, 701.4240112304688], [1022.4200744628906, 682.7403564453125], [1458.6296997070312, 966.8455200195312], [582.1886291503906, 531.6138916015625]]",425377792,410910720,425377792,640,yolo26m_int8_640_ncnn_model,MOT17-02
499,375.66526599994177,0.0,9,"[383, 3, 187, 317, 335, 310, 423, 421, 403]","[[1668.1226806640625, 405.6522521972656, 1843.15673828125, 864.1278686523438], [1422.3599853515625, 376.831298828125, 1699.9368896484375, 1074.9791259765625], [1229.0693359375, 421.87255859375, 1426.1678466796875, 1014.7798461914062], [847.1832885742188, 451.6657409667969, 959.3202514648438, 727.5755004882812], [668.7910766601562, 432.3994140625, 775.1315307617188, 699.6533203125], [978.6378173828125, 439.33673095703125, 1074.250732421875, 683.84375], [1405.316162109375, 407.1533203125, 1522.54833984375, 968.1142578125], [567.3911743164062, 450.370361328125, 597.7808227539062, 532.7379150390625], [249.5642852783203, 478.5991516113281, 349.5595397949219, 694.8305053710938]]","[0.68017578125, 0.7216796875, 0.8115234375, 0.73046875, 0.744140625, 0.7080078125, 0.62353515625, 0.367431640625, 0.57861328125]","[[1755.6397094726562, 864.1278686523438], [1561.1484375, 1074.9791259765625], [1327.6185913085938, 1014.7798461914062], [903.2517700195312, 727.5755004882812], [721.9613037109375, 699.6533203125], [1026.4442749023438, 683.84375], [1463.9322509765625, 968.1142578125], [582.5859985351562, 532.7379150390625], [299.5619125366211, 694.8305053710938]]",425377792,410910720,425377792,640,yolo26m_int8_640_ncnn_model,MOT17-02
500,391.5144619995772,0.0,9,"[383, 3, 187, 317, 335, 310, 423, 421, 403]","[[1678.0550537109375, 411.31365966796875, 1857.3548583984375, 873.1649169921875], [1439.7646484375, 375.13787841796875, 1712.86279296875, 1072.45947265625], [1233.466064453125, 424.4842224121094, 1430.23828125, 1015.37890625], [849.386962890625, 447.941650390625, 960.7532958984375, 728.4993896484375], [674.1834716796875, 431.268310546875, 779.574462890625, 699.9595336914062], [979.2172241210938, 439.748046875, 1076.3226318359375, 682.7718505859375], [1406.9537353515625, 412.97894287109375, 1526.5296630859375, 969.7637939453125], [568.869140625, 451.56317138671875, 598.5674438476562, 532.173583984375], [239.25425720214844, 480.8239440917969, 339.4341125488281, 699.90185546875]]","[0.72216796875, 0.78515625, 0.82861328125, 0.708984375, 0.712890625, 0.68359375, 0.65966796875, 0.345947265625, 0.515625]","[[1767.7049560546875, 873.1649169921875], [1576.313720703125, 1072.45947265625], [1331.8521728515625, 1015.37890625], [905.0701293945312, 728.4993896484375], [726.8789672851562, 699.9595336914062], [1027.7699279785156, 682.7718505859375], [1466.74169921875, 969.7637939453125], [583.7182922363281, 532.173583984375], [289.3441848754883, 699.90185546875]]",425377792,410910720,425377792,640,yolo26m_int8_640_ncnn_model,MOT17-02
501,369.6813619999375,0.0,10,"[383, 3, 187, 317, 335, 310, 423, 421, 403, 441]","[[1690.9052734375, 415.26800537109375, 1876.683349609375, 884.5258178710938], [1450.32275390625, 368.6171569824219, 1721.2607421875, 1067.5347900390625], [1244.5198974609375, 421.2757263183594, 1441.904541015625, 1012.8655395507812], [854.8958740234375, 441.5594177246094, 967.170654296875, 728.8496704101562], [684.1242065429688, 429.3744201660156, 787.0017700195312, 699.581298828125], [978.9108276367188, 439.6479797363281, 1077.2554931640625, 679.6279907226562], [1408.0828857421875, 416.4559326171875, 1531.073486328125, 975.028076171875], [570.3226318359375, 454.26617431640625, 599.4641723632812, 533.6884765625], [226.92161560058594, 480.1260070800781, 326.9844970703125, 700.2113037109375], [418.4115295410156, 466.79998779296875, 456.23846435546875, 569.0999755859375]]","[0.748046875, 0.751953125, 0.8173828125, 0.63916015625, 0.67724609375, 0.6806640625, 0.69921875, 0.4267578125, 0.55908203125, 0.361083984375]","[[1783.7943115234375, 884.5258178710938], [1585.791748046875, 1067.5347900390625], [1343.2122192382812, 1012.8655395507812], [911.0332641601562, 728.8496704101562], [735.56298828125, 699.581298828125], [1028.0831604003906, 679.6279907226562], [1469.5781860351562, 975.028076171875], [584.8934020996094, 533.6884765625], [276.9530563354492, 700.2113037109375], [437.3249969482422, 569.0999755859375]]",425377792,410910720,425377792,640,yolo26m_int8_640_ncnn_model,MOT17-02
502,373.04478600026414,0.0,10,"[383, 3, 187, 317, 335, 310, 423, 421, 403, 441]","[[1699.9351806640625, 416.05694580078125, 1891.1448974609375, 890.4116821289062], [1467.5865478515625, 365.22125244140625, 1734.351318359375, 1064.689208984375], [1254.7322998046875, 426.0107727050781, 1450.8411865234375, 1013.8868408203125], [859.8060302734375, 437.4107666015625, 972.3935546875, 728.7344970703125], [689.3623657226562, 429.41448974609375, 788.6424560546875, 698.6974487304688], [979.944580078125, 438.6052551269531, 1080.0880126953125, 678.4443969726562], [1412.08154296875, 419.48309326171875, 1538.7479248046875, 977.1948852539062], [570.49951171875, 453.7785339355469, 599.64892578125, 533.749267578125], [220.38885498046875, 482.04254150390625, 322.0138854980469, 705.94580078125], [418.1784362792969, 466.5679016113281, 456.35552978515625, 569.7963256835938]]","[0.75732421875, 0.77587890625, 0.80517578125, 0.701171875, 0.658203125, 0.68115234375, 0.70166015625, 0.3935546875, 0.4482421875, 0.322021484375]","[[1795.5400390625, 890.4116821289062], [1600.9689331054688, 1064.689208984375], [1352.7867431640625, 1013.8868408203125], [916.0997924804688, 728.7344970703125], [739.0024108886719, 698.6974487304688], [1030.0162963867188, 678.4443969726562], [1475.4147338867188, 977.1948852539062], [585.07421875, 533.749267578125], [271.2013702392578, 705.94580078125], [437.26698303222656, 569.7963256835938]]",425377792,410910720,425377792,640,yolo26m_int8_640_ncnn_model,MOT17-02
503,368.5993070002951,0.0,10,"[383, 3, 187, 317, 335, 310, 423, 421, 403, 441]","[[1706.37890625, 411.966552734375, 1904.8187255859375, 899.7677612304688], [1484.3836669921875, 367.7200927734375, 1744.3011474609375, 1063.880859375], [1263.584716796875, 417.8819274902344, 1462.7451171875, 1020.2286376953125], [872.8960571289062, 437.30865478515625, 982.5111694335938, 727.212646484375], [696.3250122070312, 430.1962585449219, 792.4524536132812, 697.6202392578125], [981.9152221679688, 440.4488525390625, 1083.257568359375, 679.7544555664062], [1414.6702880859375, 422.5861511230469, 1544.1759033203125, 974.9672241210938], [571.5977783203125, 452.597412109375, 600.6452026367188, 532.7717895507812], [205.7073974609375, 483.9661865234375, 306.93572998046875, 708.81298828125], [417.8829650878906, 467.36358642578125, 456.0306701660156, 570.3182983398438]]","[0.76611328125, 0.78125, 0.7919921875, 0.5693359375, 0.6650390625, 0.56689453125, 0.75927734375, 0.37646484375, 0.48486328125, 0.271728515625]","[[1805.5988159179688, 899.7677612304688], [1614.3424072265625, 1063.880859375], [1363.1649169921875, 1020.2286376953125], [927.70361328125, 727.212646484375], [744.3887329101562, 697.6202392578125], [1032.5863952636719, 679.7544555664062], [1479.423095703125, 974.9672241210938], [586.1214904785156, 532.7717895507812], [256.3215637207031, 708.81298828125], [436.9568176269531, 570.3182983398438]]",425377792,410910720,425377792,640,yolo26m_int8_640_ncnn_model,MOT17-02
504,380.3800619998583,0.0,11,"[383, 3, 187, 317, 335, 310, 423, 421, 403, 441, 444]","[[1710.7764892578125, 412.0796203613281, 1913.4080810546875, 909.2266235351562], [1493.7020263671875, 365.2803039550781, 1750.4044189453125, 1065.09326171875], [1273.1639404296875, 422.21551513671875, 1469.4443359375, 1025.0396728515625], [880.4340209960938, 440.51336669921875, 987.4468994140625, 726.3795776367188], [701.5960693359375, 431.256591796875, 794.9647216796875, 698.458740234375], [984.731201171875, 441.636962890625, 1086.063720703125, 681.7528686523438], [1421.1007080078125, 423.9739074707031, 1552.3082275390625, 972.7985229492188], [572.4732666015625, 454.3716125488281, 601.0323486328125, 533.1348266601562], [194.1251983642578, 486.1425476074219, 294.00665283203125, 707.3934326171875], [418.39093017578125, 467.9030456542969, 455.8939208984375, 569.053466796875], [859.906494140625, 410.3999938964844, 930.7935180664062, 707.7000122070312]]","[0.78466796875, 0.7646484375, 0.8232421875, 0.6455078125, 0.66650390625, 0.5849609375, 0.7451171875, 0.368408203125, 0.458740234375, 0.312255859375, 0.35546875]","[[1812.09228515625, 909.2266235351562], [1622.05322265625, 1065.09326171875], [1371.3041381835938, 1025.0396728515625], [933.9404602050781, 726.3795776367188], [748.2803955078125, 698.458740234375], [1035.3974609375, 681.7528686523438], [1486.7044677734375, 972.7985229492188], [586.7528076171875, 533.1348266601562], [244.06592559814453, 707.3934326171875], [437.1424255371094, 569.053466796875], [895.3500061035156, 707.7000122070312]]",425377792,410910720,425377792,640,yolo26m_int8_640_ncnn_model,MOT17-02
505,368.16132700005255,0.0,10,"[383, 3, 187, 317, 335, 310, 423, 421, 403, 444]","[[1715.05322265625, 410.6684265136719, 1919.3365478515625, 912.1939697265625], [1505.128173828125, 367.88037109375, 1758.001708984375, 1068.046630859375], [1282.550537109375, 418.2322692871094, 1477.6614990234375, 1024.62939453125], [890.7471923828125, 438.5211486816406, 998.3307495117188, 726.3169555664062], [706.2379760742188, 432.1640625, 796.9584350585938, 698.2855224609375], [991.5308837890625, 449.2660217285156, 1089.0482177734375, 682.2608032226562], [1427.0338134765625, 431.65972900390625, 1557.442626953125, 970.6825561523438], [573.2050170898438, 455.5411071777344, 601.2435302734375, 532.7671508789062], [182.04254150390625, 483.4585266113281, 287.5972595214844, 717.191162109375], [862.293212890625, 409.419189453125, 933.253173828125, 707.0653686523438]]","[0.76953125, 0.7509765625, 0.8134765625, 0.74365234375, 0.6708984375, 0.53564453125, 0.6904296875, 0.3037109375, 0.51708984375, 0.46630859375]","[[1817.1948852539062, 912.1939697265625], [1631.56494140625, 1068.046630859375], [1380.1060180664062, 1024.62939453125], [944.5389709472656, 726.3169555664062], [751.5982055664062, 698.2855224609375], [1040.28955078125, 682.2608032226562], [1492.2382202148438, 970.6825561523438], [587.2242736816406, 532.7671508789062], [234.8199005126953, 717.191162109375], [897.773193359375, 707.0653686523438]]",425377792,410910720,425377792,640,yolo26m_int8_640_ncnn_model,MOT17-02
506,368.08167900016997,0.0,11,"[383, 3, 187, 317, 335, 310, 423, 421, 403, 444, 441]","[[1718.7733154296875, 404.76513671875, 1920.0, 918.4476928710938], [1507.5992431640625, 371.1573181152344, 1756.1322021484375, 1067.9498291015625], [1286.6759033203125, 417.2253112792969, 1484.687744140625, 1039.7149658203125], [902.1152954101562, 437.7867431640625, 1011.3280639648438, 726.2991333007812], [712.9102172851562, 433.259521484375, 802.4425659179688, 699.465087890625], [996.8367309570312, 441.5982971191406, 1095.1488037109375, 681.9493408203125], [1434.19091796875, 426.2580261230469, 1566.0166015625, 970.0852661132812], [573.2589721679688, 454.9648132324219, 601.5067138671875, 532.6232299804688], [169.6436767578125, 480.52099609375, 279.6501159667969, 723.6802368164062], [864.8491821289062, 410.2546081542969, 935.822998046875, 708.0172119140625], [417.5416259765625, 467.7366638183594, 455.6311340332031, 570.1735229492188]]","[0.7998046875, 0.73095703125, 0.818359375, 0.740234375, 0.70458984375, 0.619140625, 0.68896484375, 0.376708984375, 0.5126953125, 0.5166015625, 0.335205078125]","[[1819.3866577148438, 918.4476928710938], [1631.86572265625, 1067.9498291015625], [1385.6818237304688, 1039.7149658203125], [956.7216796875, 726.2991333007812], [757.6763916015625, 699.465087890625], [1045.9927673339844, 681.9493408203125], [1500.103759765625, 970.0852661132812], [587.3828430175781, 532.6232299804688], [224.6468963623047, 723.6802368164062], [900.3360900878906, 708.0172119140625], [436.5863800048828, 570.1735229492188]]",425377792,410910720,425377792,640,yolo26m_int8_640_ncnn_model,MOT17-02
507,372.7110290001292,0.0,10,"[383, 3, 187, 317, 335, 310, 423, 421, 403, 444]","[[1724.8697509765625, 401.7773132324219, 1920.0, 919.4462280273438], [1515.1124267578125, 378.1493225097656, 1760.059814453125, 1073.1282958984375], [1292.5806884765625, 416.86236572265625, 1489.46240234375, 1043.4122314453125], [908.3603515625, 438.0192565917969, 1019.7937622070312, 727.781982421875], [718.5824584960938, 433.4267578125, 807.5244140625, 698.1765747070312], [1003.9910278320312, 441.9919128417969, 1098.88525390625, 680.6038208007812], [1444.6519775390625, 433.3755798339844, 1572.954345703125, 964.6359252929688], [572.70849609375, 453.2502746582031, 601.6505126953125, 533.0640869140625], [159.78404235839844, 479.1087341308594, 272.07403564453125, 725.4098510742188], [866.5376586914062, 407.4534606933594, 936.7236938476562, 702.4322509765625]]","[0.81396484375, 0.7421875, 0.80712890625, 0.6630859375, 0.7109375, 0.5634765625, 0.6474609375, 0.359619140625, 0.47802734375, 0.4443359375]","[[1822.4348754882812, 919.4462280273438], [1637.5861206054688, 1073.1282958984375], [1391.0215454101562, 1043.4122314453125], [964.0770568847656, 727.781982421875], [763.0534362792969, 698.1765747070312], [1051.4381408691406, 680.6038208007812], [1508.8031616210938, 964.6359252929688], [587.1795043945312, 533.0640869140625], [215.92903900146484, 725.4098510742188], [901.6306762695312, 702.4322509765625]]",425377792,410910720,425377792,640,yolo26m_int8_640_ncnn_model,MOT17-02
508,386.79626300017844,0.0,11,"[383, 3, 187, 317, 335, 310, 423, 421, 403, 444, 441]","[[1731.9266357421875, 397.7174072265625, 1920.0, 918.6143798828125], [1520.3785400390625, 377.0864562988281, 1764.4625244140625, 1073.841796875], [1305.991455078125, 414.046630859375, 1503.2305908203125, 1047.43408203125], [913.494140625, 441.5821228027344, 1026.65625, 728.8412475585938], [723.2911376953125, 431.0045166015625, 814.0250854492188, 699.18017578125], [1004.8425903320312, 446.1110534667969, 1096.8880615234375, 680.0842895507812], [1449.634765625, 421.25262451171875, 1580.0794677734375, 965.2870483398438], [572.2169189453125, 452.6034240722656, 601.4761352539062, 533.2263793945312], [144.88656616210938, 480.2416076660156, 257.0754699707031, 726.2210083007812], [869.4563598632812, 407.0821533203125, 938.8329467773438, 700.0538330078125], [418.6742248535156, 470.130859375, 456.1014709472656, 570.4303588867188]]","[0.79052734375, 0.71435546875, 0.77978515625, 0.74462890625, 0.716796875, 0.462890625, 0.65283203125, 0.391357421875, 0.5263671875, 0.509765625, 0.253173828125]","[[1825.9633178710938, 918.6143798828125], [1642.4205322265625, 1073.841796875], [1404.6110229492188, 1047.43408203125], [970.0751953125, 728.8412475585938], [768.6581115722656, 699.18017578125], [1050.8653259277344, 680.0842895507812], [1514.8571166992188, 965.2870483398438], [586.8465270996094, 533.2263793945312], [200.98101806640625, 726.2210083007812], [904.1446533203125, 700.0538330078125], [437.3878479003906, 570.4303588867188]]",425377792,410910720,425377792,640,yolo26m_int8_640_ncnn_model,MOT17-02
509,373.841454000285,0.0,10,"[383, 3, 187, 317, 335, 423, 421, 403, 444, 441]","[[1740.318603515625, 397.1611022949219, 1920.0, 915.1547241210938], [1532.2877197265625, 376.189208984375, 1775.4461669921875, 1071.61962890625], [1320.76171875, 418.390380859375, 1517.9951171875, 1049.3616943359375], [916.37451171875, 439.9712829589844, 1032.7435302734375, 728.2491455078125], [729.1007080078125, 433.5541076660156, 820.0491943359375, 697.0904541015625], [1453.6602783203125, 420.9656677246094, 1587.1180419921875, 985.0105590820312], [572.84375, 453.8327331542969, 601.5533447265625, 532.7911376953125], [130.41285705566406, 480.67230224609375, 245.063720703125, 730.3482666015625], [868.2265014648438, 407.7932434082031, 937.3582153320312, 700.6541137695312], [418.60113525390625, 469.5773620605469, 455.9989929199219, 569.3754272460938]]","[0.79931640625, 0.734375, 0.8056640625, 0.73974609375, 0.73291015625, 0.5908203125, 0.371826171875, 0.5263671875, 0.4833984375, 0.251953125]","[[1830.1593017578125, 915.1547241210938], [1653.866943359375, 1071.61962890625], [1419.37841796875, 1049.3616943359375], [974.5590209960938, 728.2491455078125], [774.574951171875, 697.0904541015625], [1520.38916015625, 985.0105590820312], [587.1985473632812, 532.7911376953125], [187.73828887939453, 730.3482666015625], [902.7923583984375, 700.6541137695312], [437.30006408691406, 569.3754272460938]]",425377792,410910720,425377792,640,yolo26m_int8_640_ncnn_model,MOT17-02
510,369.9467349997576,0.0,12,"[383, 3, 187, 317, 335, 423, 421, 403, 444, 441, 447, 310]","[[1749.7962646484375, 397.2395935058594, 1920.0, 907.4772338867188], [1532.5574951171875, 372.133544921875, 1775.322998046875, 1072.4989013671875], [1333.0296630859375, 421.0745849609375, 1534.2283935546875, 1054.915283203125], [917.2633056640625, 444.5633239746094, 1034.7637939453125, 727.7753295898438], [730.1052856445312, 432.5451965332031, 824.1761474609375, 699.28271484375], [1459.0848388671875, 417.1905212402344, 1594.3282470703125, 996.1278076171875], [573.0132446289062, 454.5555419921875, 601.1309204101562, 532.3692016601562], [114.54472351074219, 478.87640380859375, 231.7191162109375, 732.8182983398438], [870.5451049804688, 409.37542724609375, 939.151611328125, 700.68017578125], [418.2010192871094, 468.8736877441406, 455.8292541503906, 569.5294189453125], [1100.5635986328125, 432.8999938964844, 1156.9364013671875, 591.2999877929688], [1016.6715698242188, 443.4619140625, 1107.934326171875, 679.6420288085938]]","[0.75732421875, 0.75830078125, 0.810546875, 0.802734375, 0.73046875, 0.66259765625, 0.376953125, 0.501953125, 0.494140625, 0.269287109375, 0.41259765625, 0.455078125]","[[1834.8981323242188, 907.4772338867188], [1653.9402465820312, 1072.4989013671875], [1433.6290283203125, 1054.915283203125], [976.0135498046875, 727.7753295898438], [777.1407165527344, 699.28271484375], [1526.70654296875, 996.1278076171875], [587.0720825195312, 532.3692016601562], [173.13191986083984, 732.8182983398438], [904.8483581542969, 700.68017578125], [437.01513671875, 569.5294189453125], [1128.75, 591.2999877929688], [1062.3029479980469, 679.6420288085938]]",425377792,410910720,425377792,640,yolo26m_int8_640_ncnn_model,MOT17-02
511,368.715161000182,0.0,12,"[383, 3, 187, 317, 335, 423, 421, 403, 444, 441, 447, 310]","[[1756.32958984375, 394.5976257324219, 1920.0, 906.094970703125], [1534.55810546875, 373.0865783691406, 1776.79736328125, 1070.35302734375], [1341.112060546875, 421.85284423828125, 1546.229248046875, 1058.150390625], [917.478271484375, 447.5592956542969, 1037.0828857421875, 727.3433837890625], [728.3367309570312, 431.1811218261719, 824.6270141601562, 699.1127319335938], [1465.65625, 417.9264831542969, 1596.1158447265625, 982.5296020507812], [572.8011474609375, 452.82489013671875, 601.2285766601562, 532.2095947265625], [101.31629943847656, 478.66448974609375, 220.17373657226562, 734.1671142578125], [870.4611206054688, 412.2821960449219, 939.573974609375, 705.6466674804688], [417.656494140625, 468.3551330566406, 455.6632080078125, 569.8385009765625], [1100.737060546875, 435.08587646484375, 1155.6124267578125, 589.3441772460938], [1032.1929931640625, 460.2054443359375, 1115.8585205078125, 678.3380737304688]]","[0.751953125, 0.76416015625, 0.78466796875, 0.8203125, 0.734375, 0.6220703125, 0.3974609375, 0.487060546875, 0.470703125, 0.349609375, 0.31103515625, 0.60205078125]","[[1838.164794921875, 906.094970703125], [1655.677734375, 1070.35302734375], [1443.670654296875, 1058.150390625], [977.2805786132812, 727.3433837890625], [776.4818725585938, 699.1127319335938], [1530.8860473632812, 982.5296020507812], [587.0148620605469, 532.2095947265625], [160.7450180053711, 734.1671142578125], [905.0175476074219, 705.6466674804688], [436.65985107421875, 569.8385009765625], [1128.1747436523438, 589.3441772460938], [1074.0257568359375, 678.3380737304688]]",425377792,410910720,425377792,640,yolo26m_int8_640_ncnn_model,MOT17-02
512,391.4095590002944,0.0,12,"[383, 3, 187, 317, 335, 423, 421, 403, 444, 441, 447, 310]","[[1765.3475341796875, 392.15985107421875, 1920.0, 894.14453125], [1552.618896484375, 375.2070617675781, 1799.168212890625, 1071.7613525390625], [1337.731689453125, 415.745361328125, 1550.710693359375, 1067.6402587890625], [914.86474609375, 444.6669006347656, 1039.2003173828125, 729.1793212890625], [730.0377197265625, 435.3632507324219, 827.0553588867188, 699.293701171875], [1471.4974365234375, 418.7280578613281, 1598.884033203125, 974.5655517578125], [572.0123901367188, 453.1683349609375, 600.4843139648438, 533.1365966796875], [85.64885711669922, 479.0680236816406, 206.43365478515625, 735.07861328125], [870.475830078125, 413.84222412109375, 939.5792236328125, 706.97216796875], [417.38201904296875, 467.9041442871094, 455.6756896972656, 570.204345703125], [1098.972412109375, 432.5766296386719, 1154.6282958984375, 588.3896484375], [1039.402587890625, 463.2522277832031, 1121.94873046875, 678.8794555664062]]","[0.74755859375, 0.77587890625, 0.78173828125, 0.82861328125, 0.734375, 0.63232421875, 0.4267578125, 0.50927734375, 0.587890625, 0.288330078125, 0.48291015625, 0.66064453125]","[[1842.6737670898438, 894.14453125], [1675.8935546875, 1071.7613525390625], [1444.22119140625, 1067.6402587890625], [977.0325317382812, 729.1793212890625], [778.5465393066406, 699.293701171875], [1535.1907348632812, 974.5655517578125], [586.2483520507812, 533.1365966796875], [146.04125595092773, 735.07861328125], [905.0275268554688, 706.97216796875], [436.5288543701172, 570.204345703125], [1126.8003540039062, 588.3896484375], [1080.6756591796875, 678.8794555664062]]",425377792,410910720,425377792,640,yolo26m_int8_640_ncnn_model,MOT17-02
513,368.8905320000231,0.0,13,"[383, 3, 187, 317, 335, 423, 421, 403, 444, 441, 447, 310, 319]","[[1774.6107177734375, 391.0323486328125, 1920.0, 901.6325073242188], [1551.7254638671875, 367.0956726074219, 1798.9276123046875, 1068.3260498046875], [1337.8875732421875, 416.8577880859375, 1553.40283203125, 1066.7357177734375], [913.9912719726562, 443.5786437988281, 1041.566650390625, 729.8592529296875], [732.0367431640625, 437.4595031738281, 829.2954711914062, 696.8707275390625], [1477.4576416015625, 420.5285339355469, 1601.6912841796875, 966.0596923828125], [571.390625, 453.0543518066406, 600.0137939453125, 533.73681640625], [71.85543823242188, 479.71075439453125, 194.5603790283203, 735.8267822265625], [872.332763671875, 412.1219177246094, 940.6672973632812, 701.6446533203125], [417.11920166015625, 468.478515625, 455.34783935546875, 570.5895385742188], [1100.097412109375, 443.8403015136719, 1152.7001953125, 590.6736450195312], [1046.1690673828125, 455.9566345214844, 1131.7216796875, 679.3206787109375], [697.4571533203125, 456.2599182128906, 732.0687255859375, 575.6113891601562]]","[0.72607421875, 0.73193359375, 0.8037109375, 0.798828125, 0.73046875, 0.65283203125, 0.424072265625, 0.591796875, 0.482177734375, 0.28662109375, 0.377685546875, 0.65283203125, 0.352783203125]","[[1847.3053588867188, 901.6325073242188], [1675.3265380859375, 1068.3260498046875], [1445.6452026367188, 1066.7357177734375], [977.7789611816406, 729.8592529296875], [780.6661071777344, 696.8707275390625], [1539.574462890625, 966.0596923828125], [585.7022094726562, 533.73681640625], [133.2079086303711, 735.8267822265625], [906.5000305175781, 701.6446533203125], [436.2335205078125, 570.5895385742188], [1126.3988037109375, 590.6736450195312], [1088.9453735351562, 679.3206787109375], [714.762939453125, 575.6113891601562]]",425377792,410910720,425377792,640,yolo26m_int8_640_ncnn_model,MOT17-02
514,368.83766200026,0.0,13,"[383, 3, 187, 317, 335, 423, 421, 403, 444, 441, 447, 310, 319]","[[1780.90966796875, 391.8778991699219, 1920.0, 901.1887817382812], [1568.2271728515625, 371.2203063964844, 1820.9959716796875, 1072.7154541015625], [1336.3992919921875, 417.31231689453125, 1557.2857666015625, 1072.13330078125], [915.4692993164062, 451.06585693359375, 1043.25927734375, 730.1109008789062], [732.6586303710938, 434.73260498046875, 832.9796752929688, 697.4625854492188], [1483.7352294921875, 420.45794677734375, 1606.2427978515625, 959.6113891601562], [572.1802978515625, 452.7650146484375, 600.2835083007812, 532.2351684570312], [59.918304443359375, 476.0220031738281, 186.35153198242188, 737.0099487304688], [873.039794921875, 414.74609375, 941.9775390625, 704.4698486328125], [417.0115051269531, 467.4466247558594, 455.7384033203125, 570.981201171875], [1100.5789794921875, 439.7294006347656, 1154.30029296875, 589.2532958984375], [1050.0728759765625, 453.5184326171875, 1137.5517578125, 679.2321166992188], [694.50244140625, 454.6087951660156, 730.7898559570312, 577.489013671875]]","[0.734375, 0.7177734375, 0.79248046875, 0.7646484375, 0.763671875, 0.58935546875, 0.398193359375, 0.59130859375, 0.548828125, 0.33056640625, 0.400634765625, 0.5751953125, 0.419677734375]","[[1850.454833984375, 901.1887817382812], [1694.611572265625, 1072.7154541015625], [1446.842529296875, 1072.13330078125], [979.3642883300781, 730.1109008789062], [782.8191528320312, 697.4625854492188], [1544.989013671875, 959.6113891601562], [586.2319030761719, 532.2351684570312], [123.13491821289062, 737.0099487304688], [907.5086669921875, 704.4698486328125], [436.3749542236328, 570.981201171875], [1127.4396362304688, 589.2532958984375], [1093.8123168945312, 679.2321166992188], [712.6461486816406, 577.489013671875]]",425377792,410910720,425377792,640,yolo26m_int8_640_ncnn_model,MOT17-02
515,381.2141380003595,0.0,14,"[383, 3, 187, 317, 335, 423, 421, 403, 444, 441, 447, 310, 319, 450]","[[1791.3466796875, 392.0091552734375, 1920.0, 891.3067016601562], [1562.5076904296875, 370.3464660644531, 1813.0672607421875, 1070.92333984375], [1333.9622802734375, 419.9546813964844, 1557.199951171875, 1072.5914306640625], [912.5479736328125, 450.9142761230469, 1044.9754638671875, 735.2007446289062], [733.237548828125, 433.960693359375, 835.7796630859375, 700.4097290039062], [1489.3824462890625, 422.9247741699219, 1610.20849609375, 954.7369995117188], [572.0298461914062, 454.89337158203125, 599.842529296875, 533.3955688476562], [48.88093185424805, 478.52825927734375, 176.2786407470703, 737.3937377929688], [874.7660522460938, 408.91461181640625, 944.9359130859375, 700.2529907226562], [417.19219970703125, 467.8008728027344, 455.6702880859375, 570.3812255859375], [1102.1607666015625, 445.2634582519531, 1153.4052734375, 587.2090454101562], [1054.0433349609375, 450.57476806640625, 1144.760009765625, 681.1737670898438], [691.6719360351562, 453.14080810546875, 728.2365112304688, 576.0401611328125], [540.0656127929688, 460.3500061035156, 569.9343872070312, 532.9500122070312]]","[0.72705078125, 0.68798828125, 0.81591796875, 0.78173828125, 0.7470703125, 0.6025390625, 0.435302734375, 0.5791015625, 0.58935546875, 0.382568359375, 0.260498046875, 0.6220703125, 0.408935546875, 0.368408203125]","[[1855.67333984375, 891.3067016601562], [1687.7874755859375, 1070.92333984375], [1445.5811157226562, 1072.5914306640625], [978.76171875, 735.2007446289062], [784.5086059570312, 700.4097290039062], [1549.7954711914062, 954.7369995117188], [585.9361877441406, 533.3955688476562], [112.57978630065918, 737.3937377929688], [909.8509826660156, 700.2529907226562], [436.4312438964844, 570.3812255859375], [1127.7830200195312, 587.2090454101562], [1099.4016723632812, 681.1737670898438], [709.9542236328125, 576.0401611328125], [555.0, 532.9500122070312]]",425377792,410910720,425377792,640,yolo26m_int8_640_ncnn_model,MOT17-02
516,396.46146500035684,0.0,12,"[383, 3, 187, 317, 335, 423, 421, 403, 444, 310, 319, 450]","[[1796.8997802734375, 391.359130859375, 1920.0, 895.1990356445312], [1564.0067138671875, 369.78582763671875, 1813.71337890625, 1068.503662109375], [1328.4244384765625, 417.52105712890625, 1555.3365478515625, 1076.0821533203125], [913.7565307617188, 450.8355407714844, 1047.07861328125, 731.1373291015625], [734.7244262695312, 435.39154052734375, 836.3331298828125, 696.8406982421875], [1493.69140625, 424.0918273925781, 1615.056396484375, 957.7190551757812], [572.9717407226562, 455.193603515625, 600.666748046875, 533.332763671875], [32.34329605102539, 479.7550048828125, 163.09432983398438, 740.1625366210938], [876.5957641601562, 407.4773864746094, 947.7669067382812, 699.94287109375], [1053.732177734375, 437.3972473144531, 1149.9122314453125, 680.1802978515625], [689.5590209960938, 452.8245849609375, 725.4740600585938, 572.2269287109375], [539.9059448242188, 456.14129638671875, 571.2471313476562, 532.3157958984375]]","[0.6962890625, 0.7138671875, 0.80078125, 0.78515625, 0.744140625, 0.52685546875, 0.35302734375, 0.58056640625, 0.662109375, 0.60107421875, 0.417724609375, 0.263427734375]","[[1858.4498901367188, 895.1990356445312], [1688.8600463867188, 1068.503662109375], [1441.8804931640625, 1076.0821533203125], [980.4175720214844, 731.1373291015625], [785.5287780761719, 696.8406982421875], [1554.3739013671875, 957.7190551757812], [586.8192443847656, 533.332763671875], [97.71881294250488, 740.1625366210938], [912.1813354492188, 699.94287109375], [1101.8222045898438, 680.1802978515625], [707.5165405273438, 572.2269287109375], [555.5765380859375, 532.3157958984375]]",425377792,410910720,425377792,640,yolo26m_int8_640_ncnn_model,MOT17-02
517,371.8666250001661,0.0,11,"[383, 3, 187, 317, 335, 423, 421, 403, 444, 310, 319]","[[1803.76708984375, 386.451171875, 1920.0, 884.5259399414062], [1579.951416015625, 381.74212646484375, 1829.808349609375, 1069.32666015625], [1334.613037109375, 419.0615234375, 1560.734375, 1067.9505615234375], [912.4474487304688, 449.5220947265625, 1048.3380126953125, 729.7973022460938], [739.32666015625, 432.6963806152344, 840.2049560546875, 692.7203979492188], [1504.161376953125, 425.5071105957031, 1617.569580078125, 916.0868530273438], [572.003173828125, 456.293701171875, 599.8038940429688, 534.3007202148438], [19.478200912475586, 486.8531799316406, 153.86244201660156, 747.29052734375], [877.0765991210938, 407.6962585449219, 948.9375610351562, 700.1023559570312], [1055.360595703125, 437.0259094238281, 1152.7637939453125, 681.0093383789062], [687.713623046875, 449.39910888671875, 724.1629028320312, 571.0447998046875]]","[0.6689453125, 0.71728515625, 0.79736328125, 0.77001953125, 0.67822265625, 0.49462890625, 0.349365234375, 0.458740234375, 0.6591796875, 0.58984375, 0.4931640625]","[[1861.883544921875, 884.5259399414062], [1704.8798828125, 1069.32666015625], [1447.6737060546875, 1067.9505615234375], [980.3927307128906, 729.7973022460938], [789.7658081054688, 692.7203979492188], [1560.865478515625, 916.0868530273438], [585.9035339355469, 534.3007202148438], [86.67032146453857, 747.29052734375], [913.007080078125, 700.1023559570312], [1104.0621948242188, 681.0093383789062], [705.9382629394531, 571.0447998046875]]",425377792,410910720,425377792,640,yolo26m_int8_640_ncnn_model,MOT17-02
518,367.04134899991914,0.0,11,"[383, 3, 187, 317, 335, 423, 421, 403, 444, 310, 319]","[[1813.8660888671875, 387.8549499511719, 1920.0, 871.2310180664062], [1574.423095703125, 378.5474548339844, 1822.9783935546875, 1066.40576171875], [1334.186767578125, 416.9339599609375, 1564.188232421875, 1071.390625], [915.6705322265625, 448.2632751464844, 1052.8201904296875, 729.0416259765625], [744.9008178710938, 431.688232421875, 845.5484008789062, 693.187255859375], [1514.3294677734375, 424.47479248046875, 1626.067138671875, 902.7295532226562], [572.8154296875, 456.946533203125, 600.2849731445312, 533.4173583984375], [8.834535598754883, 482.902099609375, 145.57241821289062, 743.7744140625], [879.2901000976562, 405.8006591796875, 953.2168579101562, 701.1837768554688], [1056.579345703125, 446.5026550292969, 1150.87060546875, 679.61328125], [685.9921875, 447.6591491699219, 723.3530883789062, 572.1307983398438]]","[0.63037109375, 0.79638671875, 0.80517578125, 0.76416015625, 0.689453125, 0.395751953125, 0.3046875, 0.60400390625, 0.62841796875, 0.5693359375, 0.482177734375]","[[1866.9330444335938, 871.2310180664062], [1698.7007446289062, 1066.40576171875], [1449.1875, 1071.390625], [984.245361328125, 729.0416259765625], [795.224609375, 693.187255859375], [1570.1983032226562, 902.7295532226562], [586.5502014160156, 533.4173583984375], [77.20347690582275, 743.7744140625], [916.2534790039062, 701.1837768554688], [1103.7249755859375, 679.61328125], [704.6726379394531, 572.1307983398438]]",425377792,410910720,425377792,640,yolo26m_int8_640_ncnn_model,MOT17-02
519,366.7200720001347,0.0,11,"[383, 3, 187, 317, 335, 423, 421, 403, 444, 310, 319]","[[1826.4730224609375, 405.0180358886719, 1920.0, 868.7529907226562], [1585.7725830078125, 389.25384521484375, 1836.3648681640625, 1075.2603759765625], [1334.1590576171875, 414.90863037109375, 1566.0360107421875, 1068.9150390625], [919.0925903320312, 445.541015625, 1057.0401611328125, 727.0196533203125], [747.8760375976562, 434.78656005859375, 846.446044921875, 690.9049072265625], [1518.7275390625, 425.6258239746094, 1638.0738525390625, 936.43017578125], [573.197021484375, 456.6785888671875, 600.89111328125, 533.57666015625], [2.0638139247894287, 482.6026306152344, 138.60977172851562, 741.1161499023438], [880.1669921875, 404.1116638183594, 955.6699829101562, 699.6240844726562], [1057.6727294921875, 440.4915466308594, 1154.98974609375, 680.8112182617188], [684.027587890625, 445.53619384765625, 722.5227661132812, 573.0557861328125]]","[0.560546875, 0.7216796875, 0.77685546875, 0.7705078125, 0.6689453125, 0.369384765625, 0.328369140625, 0.490966796875, 0.65087890625, 0.51806640625, 0.47802734375]","[[1873.2365112304688, 868.7529907226562], [1711.0687255859375, 1075.2603759765625], [1450.0975341796875, 1068.9150390625], [988.0663757324219, 727.0196533203125], [797.1610412597656, 690.9049072265625], [1578.4006958007812, 936.43017578125], [587.0440673828125, 533.57666015625], [70.33679282665253, 741.1161499023438], [917.9184875488281, 699.6240844726562], [1106.3312377929688, 680.8112182617188], [703.2751770019531, 573.0557861328125]]",425377792,410910720,425377792,640,yolo26m_int8_640_ncnn_model,MOT17-02
520,387.35691400006544,0.0,13,"[383, 3, 187, 317, 335, 423, 421, 403, 444, 310, 319, 441, 450]","[[1835.869140625, 415.99468994140625, 1920.0, 861.3367919921875], [1591.1854248046875, 395.2487487792969, 1841.80126953125, 1072.6402587890625], [1338.531005859375, 414.14971923828125, 1572.8807373046875, 1068.8778076171875], [922.2030029296875, 443.2673034667969, 1060.5491943359375, 725.5167846679688], [752.3340454101562, 432.9718322753906, 849.1610107421875, 688.0616455078125], [1526.592041015625, 425.29425048828125, 1649.65283203125, 948.1395874023438], [573.52734375, 456.5691833496094, 601.4168701171875, 533.6334228515625], [0.0, 479.74932861328125, 134.75460815429688, 742.75146484375], [880.841064453125, 403.492431640625, 958.1202392578125, 703.0180053710938], [1055.7332763671875, 442.7257995605469, 1152.8096923828125, 680.75439453125], [682.5551147460938, 444.2601623535156, 721.0968627929688, 570.9595336914062], [417.8936462402344, 469.3665466308594, 455.7269287109375, 570.0490112304688], [540.618896484375, 452.1866760253906, 573.8267211914062, 533.0445556640625]]","[0.490478515625, 0.69970703125, 0.7939453125, 0.751953125, 0.6474609375, 0.58056640625, 0.3759765625, 0.513671875, 0.68603515625, 0.5849609375, 0.47900390625, 0.25830078125, 0.3349609375]","[[1877.9345703125, 861.3367919921875], [1716.4933471679688, 1072.6402587890625], [1455.7058715820312, 1068.8778076171875], [991.3760986328125, 725.5167846679688], [800.7475280761719, 688.0616455078125], [1588.1224365234375, 948.1395874023438], [587.4721069335938, 533.6334228515625], [67.37730407714844, 742.75146484375], [919.4806518554688, 703.0180053710938], [1104.271484375, 680.75439453125], [701.8259887695312, 570.9595336914062], [436.81028747558594, 570.0490112304688], [557.2228088378906, 533.0445556640625]]",425377792,410910720,425377792,640,yolo26m_int8_640_ncnn_model,MOT17-02
521,368.2943129997511,0.0,12,"[3, 187, 317, 335, 423, 421, 403, 444, 310, 319, 441, 450]","[[1592.345947265625, 399.18597412109375, 1844.188720703125, 1072.876708984375], [1341.4022216796875, 410.9145812988281, 1578.8900146484375, 1069.791015625], [927.8688354492188, 439.68853759765625, 1067.0555419921875, 725.703125], [756.9014282226562, 432.79461669921875, 851.0219116210938, 687.5333862304688], [1531.88916015625, 424.8990173339844, 1657.2606201171875, 953.98095703125], [574.2202758789062, 459.49725341796875, 601.0358276367188, 532.6588134765625], [0.0, 507.89361572265625, 122.51021575927734, 743.5684204101562], [881.3572387695312, 403.52789306640625, 959.662109375, 703.0730590820312], [1053.072021484375, 441.4030456542969, 1151.515869140625, 681.9611206054688], [682.1569213867188, 445.0464782714844, 720.0497436523438, 568.9240112304688], [417.667724609375, 468.7270202636719, 455.5221862792969, 569.7498168945312], [540.911865234375, 453.5662536621094, 573.7906494140625, 533.6268310546875]]","[0.72265625, 0.76025390625, 0.7509765625, 0.640625, 0.583984375, 0.345458984375, 0.44677734375, 0.68359375, 0.63330078125, 0.48388671875, 0.2998046875, 0.362548828125]","[[1718.267333984375, 1072.876708984375], [1460.1461181640625, 1069.791015625], [997.4621887207031, 725.703125], [803.961669921875, 687.5333862304688], [1594.5748901367188, 953.98095703125], [587.6280517578125, 532.6588134765625], [61.25510787963867, 743.5684204101562], [920.5096740722656, 703.0730590820312], [1102.2939453125, 681.9611206054688], [701.1033325195312, 568.9240112304688], [436.59495544433594, 569.7498168945312], [557.3512573242188, 533.6268310546875]]",425377792,410910720,425377792,640,yolo26m_int8_640_ncnn_model,MOT17-02
522,369.9342009999782,0.0,12,"[3, 187, 317, 335, 423, 421, 403, 444, 310, 319, 441, 450]","[[1595.197021484375, 395.3409729003906, 1852.1650390625, 1076.1961669921875], [1346.4542236328125, 414.89111328125, 1583.7979736328125, 1068.8504638671875], [945.7218627929688, 443.7762756347656, 1081.1787109375, 723.3211669921875], [761.60302734375, 427.25592041015625, 854.4611206054688, 684.882568359375], [1539.476318359375, 424.733154296875, 1667.8870849609375, 961.1425170898438], [573.41015625, 460.3481140136719, 600.4241943359375, 533.5509643554688], [0.0, 492.4791564941406, 119.57913970947266, 745.5782470703125], [882.2103271484375, 404.5570373535156, 961.4481811523438, 704.0858154296875], [1052.850341796875, 438.2159118652344, 1152.0054931640625, 680.1930541992188], [681.2678833007812, 445.6319580078125, 719.549560546875, 568.9258422851562], [418.3915100097656, 468.5197448730469, 456.1540222167969, 569.6520385742188], [540.6259155273438, 454.813720703125, 573.1233520507812, 534.0841674804688]]","[0.67529296875, 0.75830078125, 0.73876953125, 0.61474609375, 0.6376953125, 0.34228515625, 0.395263671875, 0.703125, 0.62158203125, 0.5390625, 0.29833984375, 0.31396484375]","[[1723.6810302734375, 1076.1961669921875], [1465.1260986328125, 1068.8504638671875], [1013.4502868652344, 723.3211669921875], [808.0320739746094, 684.882568359375], [1603.6817016601562, 961.1425170898438], [586.9171752929688, 533.5509643554688], [59.78956985473633, 745.5782470703125], [921.8292541503906, 704.0858154296875], [1102.4279174804688, 680.1930541992188], [700.4087219238281, 568.9258422851562], [437.27276611328125, 569.6520385742188], [556.8746337890625, 534.0841674804688]]",425377792,410910720,425377792,640,yolo26m_int8_640_ncnn_model,MOT17-02
523,368.9345719999437,0.0,11,"[3, 187, 317, 335, 423, 421, 444, 310, 319, 441, 450]","[[1592.942138671875, 393.34185791015625, 1852.130615234375, 1075.9371337890625], [1355.000244140625, 420.65155029296875, 1590.5863037109375, 1065.211181640625], [950.5321044921875, 443.62823486328125, 1084.29736328125, 723.1729125976562], [767.4042358398438, 431.62750244140625, 857.4290161132812, 685.4085693359375], [1544.0198974609375, 423.67669677734375, 1675.693115234375, 968.7522583007812], [573.8702392578125, 460.1388244628906, 601.4481811523438, 534.3726196289062], [883.6221313476562, 401.74810791015625, 963.8924560546875, 701.74609375], [1052.6099853515625, 436.7805480957031, 1152.134765625, 678.7714233398438], [680.2481689453125, 444.3760986328125, 719.6690063476562, 569.4471435546875], [417.1372375488281, 467.19879150390625, 455.429931640625, 569.865478515625], [541.4510498046875, 456.30230712890625, 572.9427490234375, 533.2401733398438]]","[0.5791015625, 0.779296875, 0.71923828125, 0.62646484375, 0.60595703125, 0.421142578125, 0.67529296875, 0.638671875, 0.5751953125, 0.32763671875, 0.3896484375]","[[1722.536376953125, 1075.9371337890625], [1472.7932739257812, 1065.211181640625], [1017.4147338867188, 723.1729125976562], [812.4166259765625, 685.4085693359375], [1609.8565063476562, 968.7522583007812], [587.6592102050781, 534.3726196289062], [923.7572937011719, 701.74609375], [1102.3723754882812, 678.7714233398438], [699.9585876464844, 569.4471435546875], [436.28358459472656, 569.865478515625], [557.1968994140625, 533.2401733398438]]",425377792,410910720,425377792,640,yolo26m_int8_640_ncnn_model,MOT17-02
524,398.50033599987,0.0,12,"[3, 187, 317, 335, 423, 421, 444, 310, 319, 441, 450, 454]","[[1596.3790283203125, 379.38800048828125, 1861.2608642578125, 1071.10693359375], [1362.4705810546875, 413.3736572265625, 1600.4945068359375, 1067.27685546875], [960.06787109375, 441.3430480957031, 1093.2796630859375, 722.3908081054688], [771.7744750976562, 430.82745361328125, 862.08544921875, 691.1499633789062], [1550.6739501953125, 423.2671813964844, 1687.0, 982.38818359375], [574.2716064453125, 459.5465087890625, 602.5853881835938, 535.171142578125], [886.3994750976562, 403.920166015625, 966.4204711914062, 701.6034545898438], [1053.484130859375, 435.5287780761719, 1152.9947509765625, 677.9818115234375], [679.150634765625, 447.6319580078125, 718.5491943359375, 569.9060668945312], [417.1497802734375, 466.2091979980469, 455.6601867675781, 569.4535522460938], [542.2720947265625, 456.8643798828125, 573.35986328125, 532.9321899414062], [720.0472412109375, 450.9750061035156, 748.9027709960938, 536.0250244140625]]","[0.677734375, 0.83056640625, 0.7314453125, 0.5869140625, 0.7041015625, 0.412353515625, 0.66064453125, 0.5576171875, 0.50830078125, 0.30615234375, 0.317138671875, 0.339599609375]","[[1728.8199462890625, 1071.10693359375], [1481.4825439453125, 1067.27685546875], [1026.6737670898438, 722.3908081054688], [816.9299621582031, 691.1499633789062], [1618.8369750976562, 982.38818359375], [588.4284973144531, 535.171142578125], [926.4099731445312, 701.6034545898438], [1103.2394409179688, 677.9818115234375], [698.8499145507812, 569.9060668945312], [436.4049835205078, 569.4535522460938], [557.8159790039062, 532.9321899414062], [734.4750061035156, 536.0250244140625]]",425377792,410910720,425377792,640,yolo26m_int8_640_ncnn_model,MOT17-02
525,369.2796090003867,0.0,13,"[3, 187, 317, 335, 423, 421, 444, 310, 319, 441, 450, 454, 456]","[[1608.9700927734375, 376.5751037597656, 1882.16552734375, 1072.7298583984375], [1372.8211669921875, 414.8570861816406, 1608.1602783203125, 1066.791259765625], [966.502197265625, 441.2345886230469, 1097.4169921875, 722.3630981445312], [776.5466918945312, 431.52056884765625, 865.3944702148438, 692.30517578125], [1550.410888671875, 417.2534484863281, 1691.724853515625, 988.4885864257812], [574.551513671875, 456.344482421875, 603.86181640625, 534.478271484375], [891.3720703125, 405.7618103027344, 971.2796020507812, 702.5503540039062], [1055.401123046875, 434.3496398925781, 1154.5284423828125, 677.4400024414062], [676.5173950195312, 448.4071044921875, 716.470703125, 570.604248046875], [416.86578369140625, 466.0841064453125, 456.04132080078125, 571.0271606445312], [542.2662963867188, 455.2930908203125, 574.3038940429688, 533.5883178710938], [719.815185546875, 453.12353515625, 748.786376953125, 538.52197265625], [646.7685546875, 457.3500061035156, 677.431396484375, 545.25]]","[0.70458984375, 0.8232421875, 0.69873046875, 0.54248046875, 0.7041015625, 0.472412109375, 0.64013671875, 0.5859375, 0.5712890625, 0.2802734375, 0.410888671875, 0.395751953125, 0.414306640625]","[[1745.5678100585938, 1072.7298583984375], [1490.49072265625, 1066.791259765625], [1031.9595947265625, 722.3630981445312], [820.9705810546875, 692.30517578125], [1621.06787109375, 988.4885864257812], [589.2066650390625, 534.478271484375], [931.3258361816406, 702.5503540039062], [1104.9647827148438, 677.4400024414062], [696.4940490722656, 570.604248046875], [436.45355224609375, 571.0271606445312], [558.2850952148438, 533.5883178710938], [734.30078125, 538.52197265625], [662.0999755859375, 545.25]]",425377792,410910720,425377792,640,yolo26m_int8_640_ncnn_model,MOT17-02
526,369.3362949998118,0.0,12,"[3, 187, 317, 335, 423, 421, 444, 310, 319, 441, 450, 454]","[[1612.8956298828125, 371.57696533203125, 1893.04248046875, 1071.37548828125], [1388.8385009765625, 416.9284973144531, 1621.371337890625, 1067.068603515625], [974.0386962890625, 441.7041015625, 1101.4022216796875, 723.8605346679688], [782.8064575195312, 431.3008117675781, 870.8338012695312, 695.2272338867188], [1550.164306640625, 419.568359375, 1695.15283203125, 993.889892578125], [574.2837524414062, 455.61456298828125, 603.7255859375, 533.7205200195312], [901.2061157226562, 405.72027587890625, 980.8966674804688, 705.6422119140625], [1058.2274169921875, 435.9141540527344, 1156.800537109375, 678.2286987304688], [676.0767211914062, 450.6897888183594, 715.758056640625, 570.873779296875], [416.35760498046875, 466.2895202636719, 455.6053161621094, 571.3770751953125], [542.3282470703125, 453.7251892089844, 575.0653076171875, 533.8322143554688], [720.1958618164062, 451.20849609375, 749.4574584960938, 537.3057250976562]]","[0.79736328125, 0.79296875, 0.6591796875, 0.623046875, 0.70263671875, 0.49365234375, 0.65234375, 0.615234375, 0.57763671875, 0.322998046875, 0.408203125, 0.431640625]","[[1752.9690551757812, 1071.37548828125], [1505.1049194335938, 1067.068603515625], [1037.720458984375, 723.8605346679688], [826.8201293945312, 695.2272338867188], [1622.6585693359375, 993.889892578125], [589.0046691894531, 533.7205200195312], [941.0513916015625, 705.6422119140625], [1107.5139770507812, 678.2286987304688], [695.9173889160156, 570.873779296875], [435.98146057128906, 571.3770751953125], [558.69677734375, 533.8322143554688], [734.82666015625, 537.3057250976562]]",425377792,410910720,425377792,640,yolo26m_int8_640_ncnn_model,MOT17-02
527,369.19166500001666,0.0,13,"[3, 187, 317, 335, 423, 421, 444, 310, 319, 441, 450, 454, 456]","[[1613.6099853515625, 370.45208740234375, 1897.46435546875, 1072.093017578125], [1405.4625244140625, 420.6944885253906, 1632.1998291015625, 1066.1563720703125], [979.55712890625, 438.92315673828125, 1104.79052734375, 725.4313354492188], [791.8046875, 429.9904479980469, 879.7977294921875, 693.6193237304688], [1553.932861328125, 419.99615478515625, 1703.85205078125, 1002.2033081054688], [573.4623413085938, 454.84063720703125, 603.3787841796875, 533.9150390625], [903.6799926757812, 405.4610595703125, 983.5972900390625, 707.0482788085938], [1066.3145751953125, 433.8250732421875, 1166.3184814453125, 679.2784423828125], [674.6585083007812, 452.302001953125, 714.3690185546875, 571.2353515625], [416.39013671875, 466.3759765625, 455.7078857421875, 571.5061645507812], [541.8169555664062, 452.88995361328125, 574.8762817382812, 534.1749267578125], [720.9332275390625, 451.388916015625, 750.180419921875, 537.1344604492188], [650.2816772460938, 464.9616394042969, 678.267822265625, 545.25]]","[0.7998046875, 0.81005859375, 0.7080078125, 0.62060546875, 0.68701171875, 0.48583984375, 0.6650390625, 0.6005859375, 0.646484375, 0.33251953125, 0.44677734375, 0.47265625, 0.262939453125]","[[1755.5371704101562, 1072.093017578125], [1518.8311767578125, 1066.1563720703125], [1042.173828125, 725.4313354492188], [835.8012084960938, 693.6193237304688], [1628.8924560546875, 1002.2033081054688], [588.4205627441406, 533.9150390625], [943.6386413574219, 707.0482788085938], [1116.3165283203125, 679.2784423828125], [694.5137634277344, 571.2353515625], [436.04901123046875, 571.5061645507812], [558.3466186523438, 534.1749267578125], [735.5568237304688, 537.1344604492188], [664.2747497558594, 545.25]]",425377792,410910720,425377792,640,yolo26m_int8_640_ncnn_model,MOT17-02
528,381.62925300002826,0.0,12,"[3, 187, 317, 335, 423, 421, 444, 310, 319, 441, 450, 454]","[[1614.9498291015625, 372.7878112792969, 1901.536865234375, 1073.60205078125], [1419.31982421875, 415.6521911621094, 1644.0726318359375, 1068.273681640625], [986.8690185546875, 441.8254699707031, 1107.3779296875, 726.0302734375], [799.6463623046875, 430.4854431152344, 887.39208984375, 690.0281982421875], [1559.697509765625, 418.213623046875, 1714.17333984375, 1003.2938842773438], [574.4346923828125, 454.0609130859375, 604.408935546875, 533.4957885742188], [908.85205078125, 406.1072082519531, 988.0746459960938, 708.8050537109375], [1074.5919189453125, 437.0009460449219, 1173.3756103515625, 677.70751953125], [673.744140625, 452.8921813964844, 713.8463134765625, 571.3759765625], [417.26947021484375, 466.6614685058594, 456.3678894042969, 571.302734375], [542.5870971679688, 455.2992858886719, 574.80126953125, 534.5541381835938], [719.5125732421875, 452.54364013671875, 749.34619140625, 540.3279418945312]]","[0.78759765625, 0.82568359375, 0.68408203125, 0.6162109375, 0.72216796875, 0.44677734375, 0.69482421875, 0.5732421875, 0.68310546875, 0.30908203125, 0.331298828125, 0.44140625]","[[1758.2433471679688, 1073.60205078125], [1531.6962280273438, 1068.273681640625], [1047.1234741210938, 726.0302734375], [843.5192260742188, 690.0281982421875], [1636.9354248046875, 1003.2938842773438], [589.4218139648438, 533.4957885742188], [948.4633483886719, 708.8050537109375], [1123.9837646484375, 677.70751953125], [693.7952270507812, 571.3759765625], [436.8186798095703, 571.302734375], [558.6941833496094, 534.5541381835938], [734.4293823242188, 540.3279418945312]]",425377792,410910720,425377792,640,yolo26m_int8_640_ncnn_model,MOT17-02
529,368.13712899993334,0.0,11,"[3, 187, 317, 335, 423, 421, 444, 319, 441, 450, 454]","[[1616.9805908203125, 369.0186462402344, 1907.028076171875, 1073.92529296875], [1430.706298828125, 416.7208251953125, 1649.723876953125, 1064.110595703125], [989.8541870117188, 440.4796142578125, 1107.7255859375, 726.7579956054688], [802.395263671875, 430.18646240234375, 891.1171264648438, 689.1604614257812], [1574.5582275390625, 416.5567626953125, 1732.48388671875, 1008.455810546875], [575.3131713867188, 453.27838134765625, 605.7605590820312, 533.8265991210938], [912.3598022460938, 403.3918762207031, 991.9619750976562, 710.44287109375], [672.9924926757812, 453.5967102050781, 713.1676025390625, 570.9329223632812], [417.7247009277344, 465.28857421875, 456.99554443359375, 570.7249755859375], [542.80810546875, 455.4950256347656, 574.82275390625, 534.4496459960938], [718.572265625, 451.6290588378906, 748.9735107421875, 541.669189453125]]","[0.259521484375, 0.82861328125, 0.642578125, 0.5791015625, 0.72998046875, 0.490478515625, 0.65380859375, 0.67626953125, 0.478515625, 0.353759765625, 0.47314453125]","[[1762.0043334960938, 1073.92529296875], [1540.215087890625, 1064.110595703125], [1048.7898864746094, 726.7579956054688], [846.7561950683594, 689.1604614257812], [1653.5210571289062, 1008.455810546875], [590.536865234375, 533.8265991210938], [952.160888671875, 710.44287109375], [693.0800476074219, 570.9329223632812], [437.36012268066406, 570.7249755859375], [558.8154296875, 534.4496459960938], [733.7728881835938, 541.669189453125]]",425377792,410910720,425377792,640,yolo26m_int8_640_ncnn_model,MOT17-02
530,367.57555600024716,0.0,12,"[3, 187, 317, 335, 423, 421, 444, 319, 441, 450, 454, 310]","[[1616.4598388671875, 368.8620300292969, 1909.9854736328125, 1077.9896240234375], [1435.667236328125, 416.14239501953125, 1652.5509033203125, 1067.4661865234375], [997.3754272460938, 441.46258544921875, 1112.9647216796875, 725.5486450195312], [810.7800903320312, 433.5562744140625, 900.704345703125, 687.3583374023438], [1583.7828369140625, 418.1399841308594, 1743.308349609375, 1010.04736328125], [575.2317504882812, 453.2357482910156, 605.6895751953125, 533.7064819335938], [914.4114990234375, 403.10662841796875, 993.482666015625, 710.3042602539062], [670.9815063476562, 453.84381103515625, 711.2488403320312, 569.770263671875], [417.3806457519531, 462.5555725097656, 457.25091552734375, 570.7514038085938], [542.3583984375, 458.55780029296875, 573.3529663085938, 535.405517578125], [718.2560424804688, 451.2895202636719, 748.8192749023438, 542.1160278320312], [1081.22412109375, 438.4971618652344, 1174.8070068359375, 674.6160888671875]]","[0.475830078125, 0.8291015625, 0.69384765625, 0.66552734375, 0.76318359375, 0.440673828125, 0.66845703125, 0.669921875, 0.44140625, 0.307861328125, 0.55126953125, 0.5166015625]","[[1763.22265625, 1077.9896240234375], [1544.1090698242188, 1067.4661865234375], [1055.1700744628906, 725.5486450195312], [855.7422180175781, 687.3583374023438], [1663.5455932617188, 1010.04736328125], [590.4606628417969, 533.7064819335938], [953.9470825195312, 710.3042602539062], [691.1151733398438, 569.770263671875], [437.31578063964844, 570.7514038085938], [557.8556823730469, 535.405517578125], [733.5376586914062, 542.1160278320312], [1128.0155639648438, 674.6160888671875]]",425377792,410910720,425377792,640,yolo26m_int8_640_ncnn_model,MOT17-02
531,368.1167230001847,0.0,11,"[3, 187, 317, 335, 423, 421, 444, 319, 441, 454, 310]","[[1620.3182373046875, 364.8981018066406, 1914.543701171875, 1075.328125], [1440.4014892578125, 416.42254638671875, 1656.126220703125, 1072.1805419921875], [1002.7793579101562, 442.0963134765625, 1117.9659423828125, 724.8373413085938], [812.8841552734375, 430.8359375, 906.9801635742188, 686.6943969726562], [1589.8369140625, 420.9788513183594, 1752.2430419921875, 1014.1864624023438], [575.0406494140625, 454.21771240234375, 605.3033447265625, 534.64501953125], [917.194580078125, 404.2445983886719, 994.775634765625, 708.0026245117188], [669.2745361328125, 453.4173583984375, 709.588134765625, 568.8411865234375], [417.8292541503906, 465.2021179199219, 456.7640686035156, 571.0051879882812], [717.1500854492188, 450.1490173339844, 747.7376708984375, 541.2227172851562], [1089.849853515625, 435.32574462890625, 1184.491943359375, 675.4617919921875]]","[0.7099609375, 0.8203125, 0.7060546875, 0.712890625, 0.72802734375, 0.461181640625, 0.6572265625, 0.6279296875, 0.430908203125, 0.467041015625, 0.43359375]","[[1767.4309692382812, 1075.328125], [1548.2638549804688, 1072.1805419921875], [1060.3726501464844, 724.8373413085938], [859.9321594238281, 686.6943969726562], [1671.0399780273438, 1014.1864624023438], [590.1719970703125, 534.64501953125], [955.985107421875, 708.0026245117188], [689.4313354492188, 568.8411865234375], [437.2966613769531, 571.0051879882812], [732.4438781738281, 541.2227172851562], [1137.1708984375, 675.4617919921875]]",425377792,410910720,425377792,640,yolo26m_int8_640_ncnn_model,MOT17-02
532,387.0506399998703,0.0,12,"[3, 187, 317, 335, 423, 421, 444, 319, 441, 454, 310, 450]","[[1625.5447998046875, 361.2111511230469, 1920.0, 1075.530029296875], [1449.4827880859375, 417.7672119140625, 1663.46533203125, 1070.7330322265625], [1007.2931518554688, 443.58123779296875, 1122.94580078125, 725.3169555664062], [814.89208984375, 431.5622863769531, 911.7267456054688, 686.7132568359375], [1594.9989013671875, 425.01959228515625, 1760.1046142578125, 1020.542236328125], [575.4365844726562, 455.3404235839844, 605.6549682617188, 535.2467651367188], [919.909423828125, 407.916259765625, 996.339599609375, 706.8555908203125], [666.6436157226562, 452.74444580078125, 707.0704956054688, 569.0057983398438], [419.5570068359375, 468.99029541015625, 457.0029296875, 570.3566284179688], [716.555908203125, 448.97052001953125, 747.5319213867188, 541.6070556640625], [1085.031982421875, 437.6966247558594, 1175.7938232421875, 676.25244140625], [540.97314453125, 458.43328857421875, 572.1011352539062, 536.1471557617188]]","[0.744140625, 0.798828125, 0.75830078125, 0.71337890625, 0.6953125, 0.449462890625, 0.6923828125, 0.6435546875, 0.404541015625, 0.5048828125, 0.474853515625, 0.283203125]","[[1772.7723999023438, 1075.530029296875], [1556.4740600585938, 1070.7330322265625], [1065.1194763183594, 725.3169555664062], [863.3094177246094, 686.7132568359375], [1677.5517578125, 1020.542236328125], [590.5457763671875, 535.2467651367188], [958.12451171875, 706.8555908203125], [686.8570556640625, 569.0057983398438], [438.27996826171875, 570.3566284179688], [732.0439147949219, 541.6070556640625], [1130.4129028320312, 676.25244140625], [556.5371398925781, 536.1471557617188]]",425377792,410910720,425377792,640,yolo26m_int8_640_ncnn_model,MOT17-02
533,371.3882039996861,0.0,12,"[3, 187, 317, 335, 423, 421, 444, 319, 441, 454, 310, 450]","[[1645.6259765625, 367.75860595703125, 1920.0, 1071.6507568359375], [1456.276123046875, 421.998291015625, 1668.2703857421875, 1068.41064453125], [1011.0014038085938, 442.4032897949219, 1127.3936767578125, 724.2601928710938], [812.7724609375, 434.5750427246094, 910.0342407226562, 685.99658203125], [1597.54638671875, 424.8324279785156, 1765.8992919921875, 1028.47705078125], [574.9196166992188, 453.79107666015625, 605.9428100585938, 535.4703369140625], [922.7610473632812, 404.5683898925781, 1000.8448486328125, 707.160400390625], [664.5968627929688, 450.99261474609375, 705.31005859375, 568.580810546875], [419.509521484375, 468.91510009765625, 456.778564453125, 569.6058349609375], [715.4468994140625, 448.2911071777344, 746.3732299804688, 541.977294921875], [1093.9102783203125, 437.3675231933594, 1183.36181640625, 675.8231811523438], [541.0772705078125, 452.5355224609375, 573.9267578125, 535.0385131835938]]","[0.59130859375, 0.8134765625, 0.759765625, 0.68359375, 0.67578125, 0.50244140625, 0.67431640625, 0.640625, 0.41357421875, 0.54931640625, 0.38232421875, 0.326416015625]","[[1782.81298828125, 1071.6507568359375], [1562.2732543945312, 1068.41064453125], [1069.1975402832031, 724.2601928710938], [861.4033508300781, 685.99658203125], [1681.7228393554688, 1028.47705078125], [590.4312133789062, 535.4703369140625], [961.8029479980469, 707.160400390625], [684.9534606933594, 568.580810546875], [438.14404296875, 569.6058349609375], [730.9100646972656, 541.977294921875], [1138.6360473632812, 675.8231811523438], [557.5020141601562, 535.0385131835938]]",425377792,410910720,425377792,640,yolo26m_int8_640_ncnn_model,MOT17-02
534,368.3505939998213,0.0,13,"[3, 187, 317, 335, 423, 421, 444, 319, 441, 454, 310, 450, 462]","[[1684.8944091796875, 369.57830810546875, 1920.0, 1022.1909790039062], [1459.5518798828125, 418.865234375, 1672.7589111328125, 1069.248779296875], [1011.1591796875, 443.1976623535156, 1128.9427490234375, 725.601806640625], [815.9662475585938, 436.71026611328125, 914.987548828125, 684.7479858398438], [1603.9453125, 422.78607177734375, 1773.939453125, 1028.4111328125], [575.5320434570312, 452.47698974609375, 607.1929931640625, 535.30419921875], [928.2998657226562, 406.7790832519531, 1008.73681640625, 710.7277221679688], [663.1731567382812, 451.3189697265625, 703.431396484375, 568.4307861328125], [418.32415771484375, 464.6323547363281, 456.8561706542969, 569.5833740234375], [715.2540283203125, 448.7923583984375, 745.7333984375, 542.342529296875], [1095.09912109375, 438.2403869628906, 1183.181884765625, 679.6430053710938], [541.8453979492188, 457.0213623046875, 572.8645629882812, 534.8925170898438], [1693.8848876953125, 361.57501220703125, 1914.51513671875, 1058.324951171875]]","[0.6806640625, 0.80419921875, 0.76513671875, 0.7685546875, 0.689453125, 0.453125, 0.666015625, 0.6376953125, 0.4482421875, 0.51416015625, 0.427490234375, 0.30126953125, 0.46240234375]","[[1802.4472045898438, 1022.1909790039062], [1566.1553955078125, 1069.248779296875], [1070.0509643554688, 725.601806640625], [865.4768981933594, 684.7479858398438], [1688.9423828125, 1028.4111328125], [591.3625183105469, 535.30419921875], [968.5183410644531, 710.7277221679688], [683.3022766113281, 568.4307861328125], [437.5901641845703, 569.5833740234375], [730.4937133789062, 542.342529296875], [1139.1405029296875, 679.6430053710938], [557.35498046875, 534.8925170898438], [1804.2000122070312, 1058.324951171875]]",425377792,410910720,425377792,640,yolo26m_int8_640_ncnn_model,MOT17-02
535,370.1604450002378,0.0,12,"[187, 317, 335, 423, 421, 444, 319, 441, 454, 310, 450, 462]","[[1456.9959716796875, 417.9268493652344, 1671.802978515625, 1072.2720947265625], [1013.02783203125, 444.4889221191406, 1131.32275390625, 725.1214599609375], [814.9922485351562, 436.4922790527344, 916.676025390625, 685.3036499023438], [1612.9735107421875, 410.67877197265625, 1785.62646484375, 1023.7868041992188], [576.7957763671875, 451.9803161621094, 608.5891723632812, 535.2342529296875], [928.5543823242188, 407.6229248046875, 1011.3760986328125, 713.0633544921875], [661.5962524414062, 450.2010498046875, 701.8978271484375, 567.6401977539062], [417.4566955566406, 460.60601806640625, 457.31170654296875, 570.0670166015625], [715.3786010742188, 448.7515869140625, 745.3291015625, 541.7122192382812], [1100.816650390625, 440.05224609375, 1186.5166015625, 679.6026000976562], [542.0533447265625, 456.8404541015625, 573.5387573242188, 535.8321533203125], [1716.8837890625, 367.0553894042969, 1920.0, 1038.89453125]]","[0.8115234375, 0.78271484375, 0.75537109375, 0.72265625, 0.47314453125, 0.705078125, 0.63427734375, 0.3369140625, 0.51513671875, 0.456298828125, 0.348876953125, 0.7509765625]","[[1564.3994750976562, 1072.2720947265625], [1072.17529296875, 725.1214599609375], [865.8341369628906, 685.3036499023438], [1699.2999877929688, 1023.7868041992188], [592.6924743652344, 535.2342529296875], [969.9652404785156, 713.0633544921875], [681.7470397949219, 567.6401977539062], [437.3842010498047, 570.0670166015625], [730.3538513183594, 541.7122192382812], [1143.6666259765625, 679.6026000976562], [557.7960510253906, 535.8321533203125], [1818.44189453125, 1038.89453125]]",425377792,410910720,425377792,640,yolo26m_int8_640_ncnn_model,MOT17-02
536,387.67534399994474,0.0,12,"[187, 317, 335, 423, 421, 444, 319, 441, 454, 310, 450, 462]","[[1460.9404296875, 422.26361083984375, 1673.948486328125, 1068.7027587890625], [1012.6251220703125, 448.4533996582031, 1130.9864501953125, 725.4370727539062], [815.1253662109375, 438.3847351074219, 918.5289916992188, 685.52880859375], [1619.2811279296875, 413.43292236328125, 1792.5911865234375, 1027.2908935546875], [578.4290161132812, 456.4718017578125, 608.445068359375, 535.447998046875], [929.725341796875, 407.6907043457031, 1014.01953125, 712.1979370117188], [660.2741088867188, 448.5420837402344, 701.1749267578125, 567.6018676757812], [417.5672912597656, 458.5858459472656, 458.0123291015625, 570.7415161132812], [715.3256225585938, 449.2456970214844, 745.3118896484375, 542.9454956054688], [1101.8602294921875, 439.7499084472656, 1186.68359375, 680.5736694335938], [543.1077880859375, 461.7164306640625, 572.8018188476562, 536.169677734375], [1721.1959228515625, 367.04833984375, 1920.0, 1061.6986083984375]]","[0.8125, 0.7705078125, 0.740234375, 0.68798828125, 0.474853515625, 0.736328125, 0.60009765625, 0.373779296875, 0.54248046875, 0.49462890625, 0.343994140625, 0.76123046875]","[[1567.4444580078125, 1068.7027587890625], [1071.8057861328125, 725.4370727539062], [866.8271789550781, 685.52880859375], [1705.9361572265625, 1027.2908935546875], [593.4370422363281, 535.447998046875], [971.8724365234375, 712.1979370117188], [680.7245178222656, 567.6018676757812], [437.78981018066406, 570.7415161132812], [730.3187561035156, 542.9454956054688], [1144.2719116210938, 680.5736694335938], [557.9548034667969, 536.169677734375], [1820.5979614257812, 1061.6986083984375]]",425377792,410910720,425377792,640,yolo26m_int8_640_ncnn_model,MOT17-02
537,369.9641309999606,0.0,12,"[187, 317, 335, 423, 421, 444, 319, 441, 454, 310, 450, 462]","[[1464.6756591796875, 413.4633483886719, 1681.97119140625, 1069.8037109375], [1013.151611328125, 449.68621826171875, 1131.8365478515625, 724.8095703125], [810.4070434570312, 436.584228515625, 917.7133178710938, 688.1260375976562], [1622.7979736328125, 411.8272705078125, 1795.54296875, 1017.4410400390625], [580.1909790039062, 461.5007019042969, 608.22119140625, 535.2723388671875], [931.595703125, 410.68109130859375, 1017.3118896484375, 712.8319091796875], [659.86572265625, 450.8840637207031, 699.93212890625, 567.5982055664062], [417.7891540527344, 456.1227722167969, 458.5916748046875, 570.7617797851562], [715.5671997070312, 448.944580078125, 745.0709838867188, 541.9093627929688], [1105.9483642578125, 440.1252136230469, 1188.77587890625, 679.4480590820312], [543.3897094726562, 463.09283447265625, 572.6336059570312, 536.7958374023438], [1727.69482421875, 371.3441162109375, 1920.0, 1071.276123046875]]","[0.8193359375, 0.7685546875, 0.72216796875, 0.666015625, 0.461181640625, 0.74072265625, 0.48388671875, 0.378173828125, 0.46923828125, 0.42236328125, 0.360107421875, 0.78759765625]","[[1573.3234252929688, 1069.8037109375], [1072.4940795898438, 724.8095703125], [864.0601806640625, 688.1260375976562], [1709.1704711914062, 1017.4410400390625], [594.2060852050781, 535.2723388671875], [974.4537963867188, 712.8319091796875], [679.89892578125, 567.5982055664062], [438.19041442871094, 570.7617797851562], [730.319091796875, 541.9093627929688], [1147.3621215820312, 679.4480590820312], [558.0116577148438, 536.7958374023438], [1823.847412109375, 1071.276123046875]]",425377792,410910720,425377792,640,yolo26m_int8_640_ncnn_model,MOT17-02
538,373.5480369996367,0.0,12,"[187, 317, 335, 423, 421, 444, 319, 441, 454, 310, 450, 462]","[[1465.159423828125, 415.8498840332031, 1683.5623779296875, 1072.4254150390625], [1014.7304077148438, 445.1380310058594, 1136.481201171875, 725.5733032226562], [810.9169921875, 432.4397888183594, 920.883544921875, 686.6300659179688], [1626.2169189453125, 410.9980163574219, 1799.91357421875, 1012.8032836914062], [581.12939453125, 461.30267333984375, 609.3416137695312, 535.2011108398438], [931.3848266601562, 411.8020935058594, 1018.2412109375, 711.0623168945312], [658.5601196289062, 452.043212890625, 698.2547607421875, 567.3615112304688], [417.1658935546875, 454.7149353027344, 458.0605163574219, 570.2816162109375], [715.6289672851562, 449.08575439453125, 745.0399169921875, 542.2396850585938], [1108.950439453125, 435.792724609375, 1190.86328125, 677.5228881835938], [544.0245971679688, 463.3211364746094, 573.0391235351562, 536.2619018554688], [1731.8651123046875, 368.18359375, 1920.0, 1075.718994140625]]","[0.82568359375, 0.7685546875, 0.75244140625, 0.732421875, 0.491455078125, 0.716796875, 0.55322265625, 0.37158203125, 0.5087890625, 0.4638671875, 0.379150390625, 0.7880859375]","[[1574.3609008789062, 1072.4254150390625], [1075.6058044433594, 725.5733032226562], [865.9002685546875, 686.6300659179688], [1713.0652465820312, 1012.8032836914062], [595.2355041503906, 535.2011108398438], [974.8130187988281, 711.0623168945312], [678.4074401855469, 567.3615112304688], [437.6132049560547, 570.2816162109375], [730.3344421386719, 542.2396850585938], [1149.9068603515625, 677.5228881835938], [558.5318603515625, 536.2619018554688], [1825.9325561523438, 1075.718994140625]]",425377792,410910720,425377792,640,yolo26m_int8_640_ncnn_model,MOT17-02
539,368.68951999986166,0.0,12,"[187, 317, 335, 423, 421, 444, 319, 441, 454, 310, 450, 462]","[[1465.5592041015625, 420.73834228515625, 1683.502197265625, 1073.4110107421875], [1014.9984130859375, 439.237548828125, 1139.3170166015625, 725.1187744140625], [812.8291015625, 431.349853515625, 924.1209106445312, 685.5704345703125], [1632.302001953125, 414.4335021972656, 1806.160400390625, 1010.2525024414062], [581.7479248046875, 461.7195739746094, 610.4319458007812, 536.6795043945312], [933.0001831054688, 413.69720458984375, 1020.6478881835938, 708.8826904296875], [657.3609008789062, 451.22625732421875, 696.9541015625, 567.532958984375], [417.15435791015625, 454.941650390625, 457.6178894042969, 570.3384399414062], [716.0516967773438, 448.6496276855469, 745.6422729492188, 542.8480834960938], [1109.80810546875, 433.1803894042969, 1190.736083984375, 676.8007202148438], [544.6417846679688, 466.14117431640625, 572.80078125, 536.3054809570312], [1741.2119140625, 384.7249450683594, 1920.0, 1077.0445556640625]]","[0.79638671875, 0.75341796875, 0.75830078125, 0.64404296875, 0.47412109375, 0.67578125, 0.5849609375, 0.390625, 0.494140625, 0.453857421875, 0.35693359375, 0.8125]","[[1574.5307006835938, 1073.4110107421875], [1077.15771484375, 725.1187744140625], [868.4750061035156, 685.5704345703125], [1719.231201171875, 1010.2525024414062], [596.0899353027344, 536.6795043945312], [976.8240356445312, 708.8826904296875], [677.1575012207031, 567.532958984375], [437.38612365722656, 570.3384399414062], [730.8469848632812, 542.8480834960938], [1150.2720947265625, 676.8007202148438], [558.7212829589844, 536.3054809570312], [1830.60595703125, 1077.0445556640625]]",425377792,410910720,425377792,640,yolo26m_int8_640_ncnn_model,MOT17-02
540,385.65464300017993,0.0,12,"[187, 317, 335, 423, 421, 444, 319, 441, 454, 310, 450, 462]","[[1470.3609619140625, 410.4395446777344, 1692.317626953125, 1070.03955078125], [1016.8577880859375, 438.2264709472656, 1141.3558349609375, 724.7001342773438], [814.3707275390625, 431.68548583984375, 926.3135986328125, 685.423583984375], [1635.2215576171875, 404.08404541015625, 1815.3173828125, 1017.9432373046875], [580.287841796875, 456.8786926269531, 610.4984741210938, 536.2281494140625], [931.1707153320312, 410.14093017578125, 1021.7732543945312, 708.3035278320312], [656.7280883789062, 451.4153137207031, 695.75927734375, 567.10888671875], [418.3641662597656, 455.8058166503906, 458.1947021484375, 569.62451171875], [715.0809936523438, 448.4903564453125, 744.5508422851562, 542.0797119140625], [1112.048828125, 435.16436767578125, 1190.5396728515625, 675.5455932617188], [543.7831420898438, 461.8330993652344, 573.7876586914062, 536.5677490234375], [1746.74755859375, 385.715087890625, 1920.0, 1078.0302734375]]","[0.775390625, 0.77001953125, 0.759765625, 0.68359375, 0.52490234375, 0.72216796875, 0.55224609375, 0.3564453125, 0.52490234375, 0.472412109375, 0.45068359375, 0.7744140625]","[[1581.3392944335938, 1070.03955078125], [1079.1068115234375, 724.7001342773438], [870.3421630859375, 685.423583984375], [1725.2694702148438, 1017.9432373046875], [595.3931579589844, 536.2281494140625], [976.4719848632812, 708.3035278320312], [676.2436828613281, 567.10888671875], [438.27943420410156, 569.62451171875], [729.81591796875, 542.0797119140625], [1151.2942504882812, 675.5455932617188], [558.785400390625, 536.5677490234375], [1833.373779296875, 1078.0302734375]]",425377792,410910720,425377792,640,yolo26m_int8_640_ncnn_model,MOT17-02
541,375.78231399993456,0.0,12,"[187, 317, 335, 423, 421, 444, 319, 441, 454, 310, 450, 462]","[[1476.28564453125, 406.576416015625, 1699.0914306640625, 1065.7979736328125], [1019.1963500976562, 438.11004638671875, 1144.2037353515625, 727.2566528320312], [816.3450927734375, 430.831298828125, 929.520263671875, 686.3707275390625], [1638.216796875, 402.9466552734375, 1820.4046630859375, 1021.0247802734375], [580.439697265625, 456.529541015625, 610.779296875, 536.5424194335938], [935.4401245117188, 414.74664306640625, 1026.99169921875, 707.09765625], [656.1044921875, 451.48577880859375, 694.8137817382812, 566.9573364257812], [419.1488037109375, 457.6568603515625, 458.0927734375, 568.8576049804688], [714.433349609375, 447.9412841796875, 744.427001953125, 543.25927734375], [1114.0672607421875, 436.9410705566406, 1191.0640869140625, 677.0652465820312], [543.8988647460938, 462.25933837890625, 573.7155151367188, 536.6597290039062], [1752.0911865234375, 392.82659912109375, 1920.0, 1077.4500732421875]]","[0.810546875, 0.72021484375, 0.72607421875, 0.68798828125, 0.482666015625, 0.7841796875, 0.59619140625, 0.4091796875, 0.517578125, 0.447998046875, 0.452392578125, 0.76806640625]","[[1587.6885375976562, 1065.7979736328125], [1081.7000427246094, 727.2566528320312], [872.9326782226562, 686.3707275390625], [1729.3107299804688, 1021.0247802734375], [595.6094970703125, 536.5424194335938], [981.2159118652344, 707.09765625], [675.4591369628906, 566.9573364257812], [438.62078857421875, 568.8576049804688], [729.43017578125, 543.25927734375], [1152.565673828125, 677.0652465820312], [558.8071899414062, 536.6597290039062], [1836.0455932617188, 1077.4500732421875]]",425377792,410910720,425377792,640,yolo26m_int8_640_ncnn_model,MOT17-02
542,392.25175199999285,0.0,13,"[187, 317, 335, 423, 421, 444, 319, 441, 454, 310, 450, 462, 466]","[[1486.5321044921875, 413.8006591796875, 1711.10302734375, 1068.3848876953125], [1022.558349609375, 437.5951232910156, 1146.5360107421875, 726.7476806640625], [819.8760375976562, 429.5296936035156, 933.6950073242188, 686.7357177734375], [1644.39501953125, 404.7830505371094, 1824.6739501953125, 1013.0502319335938], [580.729736328125, 455.16607666015625, 611.6024780273438, 536.90380859375], [938.9534301757812, 414.9873352050781, 1032.876708984375, 706.140869140625], [655.7184448242188, 450.76495361328125, 694.2161865234375, 566.6607666015625], [419.1796569824219, 457.1441345214844, 458.31256103515625, 568.8195190429688], [713.3709106445312, 446.5118408203125, 743.7423095703125, 543.93994140625], [1115.5050048828125, 436.6228942871094, 1191.4019775390625, 677.6437377929688], [542.5304565429688, 460.1813049316406, 573.1015625, 536.9354858398438], [1758.358154296875, 393.48089599609375, 1920.0, 1076.81298828125], [577.280517578125, 459.0, 607.4194946289062, 543.5999755859375]]","[0.8095703125, 0.7177734375, 0.689453125, 0.68115234375, 0.51318359375, 0.78271484375, 0.58984375, 0.432861328125, 0.55126953125, 0.37353515625, 0.449951171875, 0.74462890625, 0.340576171875]","[[1598.8175659179688, 1068.3848876953125], [1084.5471801757812, 726.7476806640625], [876.7855224609375, 686.7357177734375], [1734.5344848632812, 1013.0502319335938], [596.1661071777344, 536.90380859375], [985.9150695800781, 706.140869140625], [674.9673156738281, 566.6607666015625], [438.74610900878906, 568.8195190429688], [728.5566101074219, 543.93994140625], [1153.4534912109375, 677.6437377929688], [557.8160095214844, 536.9354858398438], [1839.1790771484375, 1076.81298828125], [592.3500061035156, 543.5999755859375]]",425377792,410910720,425377792,640,yolo26m_int8_640_ncnn_model,MOT17-02
543,373.7258159999328,0.0,13,"[187, 317, 335, 423, 421, 444, 319, 441, 454, 310, 450, 462, 466]","[[1495.77197265625, 413.8485107421875, 1721.7962646484375, 1062.177490234375], [1027.5516357421875, 434.9523620605469, 1150.3941650390625, 727.039794921875], [824.2861328125, 430.28173828125, 935.968017578125, 683.67041015625], [1652.459716796875, 405.5520324707031, 1831.964599609375, 1007.9326171875], [579.9415283203125, 453.9173889160156, 611.319580078125, 536.7905883789062], [936.9868774414062, 411.5615539550781, 1034.157958984375, 704.2970581054688], [655.1461791992188, 452.97296142578125, 693.0245971679688, 568.0455322265625], [419.4231262207031, 458.2044372558594, 458.1549072265625, 568.5625610351562], [713.5438842773438, 446.70892333984375, 743.9022216796875, 544.4329223632812], [1118.2568359375, 438.4864196777344, 1192.1265869140625, 676.8749389648438], [542.6480102539062, 461.3606872558594, 572.7288208007812, 537.034423828125], [1764.275634765625, 393.3034973144531, 1920.0, 1077.727783203125], [576.1226196289062, 457.8600769042969, 606.5255126953125, 543.14404296875]]","[0.818359375, 0.67724609375, 0.71728515625, 0.650390625, 0.53173828125, 0.77294921875, 0.50830078125, 0.396240234375, 0.52294921875, 0.388427734375, 0.462158203125, 0.72900390625, 0.34228515625]","[[1608.7841186523438, 1062.177490234375], [1088.972900390625, 727.039794921875], [880.1270751953125, 683.67041015625], [1742.212158203125, 1007.9326171875], [595.6305541992188, 536.7905883789062], [985.5724182128906, 704.2970581054688], [674.0853881835938, 568.0455322265625], [438.7890167236328, 568.5625610351562], [728.7230529785156, 544.4329223632812], [1155.1917114257812, 676.8749389648438], [557.6884155273438, 537.034423828125], [1842.1378173828125, 1077.727783203125], [591.3240661621094, 543.14404296875]]",425377792,410910720,425377792,640,yolo26m_int8_640_ncnn_model,MOT17-02
544,377.6694809998844,0.0,12,"[187, 317, 335, 423, 421, 444, 319, 441, 454, 310, 450, 462]","[[1503.8388671875, 409.8957824707031, 1732.720947265625, 1063.82421875], [1035.4127197265625, 432.7441711425781, 1156.50390625, 727.3917846679688], [830.1989135742188, 431.5806884765625, 940.32958984375, 683.501953125], [1657.8607177734375, 417.80780029296875, 1835.83544921875, 1013.9426879882812], [580.02001953125, 454.670654296875, 611.2894897460938, 537.474365234375], [938.400634765625, 412.2481689453125, 1038.2547607421875, 706.5978393554688], [654.9263916015625, 452.0664367675781, 692.6770629882812, 567.3338012695312], [419.77520751953125, 459.8703308105469, 457.8253479003906, 568.2222290039062], [713.6481323242188, 447.2913513183594, 743.4638671875, 544.1159057617188], [1119.314697265625, 438.6990661621094, 1192.206787109375, 677.0831298828125], [542.7722778320312, 460.8260803222656, 573.0029907226562, 537.0646362304688], [1768.390625, 394.10235595703125, 1920.0, 1078.97509765625]]","[0.78369140625, 0.693359375, 0.669921875, 0.65478515625, 0.47802734375, 0.7666015625, 0.515625, 0.36572265625, 0.521484375, 0.28857421875, 0.39501953125, 0.66064453125]","[[1618.2799072265625, 1063.82421875], [1095.9583129882812, 727.3917846679688], [885.2642517089844, 683.501953125], [1746.8480834960938, 1013.9426879882812], [595.6547546386719, 537.474365234375], [988.3276977539062, 706.5978393554688], [673.8017272949219, 567.3338012695312], [438.80027770996094, 568.2222290039062], [728.5559997558594, 544.1159057617188], [1155.7607421875, 677.0831298828125], [557.8876342773438, 537.0646362304688], [1844.1953125, 1078.97509765625]]",425377792,410910720,425377792,640,yolo26m_int8_640_ncnn_model,MOT17-02
545,367.7972820000832,0.0,12,"[187, 317, 335, 423, 421, 444, 319, 441, 454, 310, 450, 462]","[[1511.760498046875, 404.72100830078125, 1743.3533935546875, 1068.16845703125], [1048.241943359375, 435.8686828613281, 1165.4879150390625, 725.5526123046875], [836.4819946289062, 429.8379211425781, 945.6406860351562, 683.7025146484375], [1663.86083984375, 415.2206115722656, 1840.7886962890625, 1006.4891357421875], [579.9830932617188, 454.7275695800781, 611.3195190429688, 537.9764404296875], [938.2647705078125, 413.2426452636719, 1040.284423828125, 705.74462890625], [654.847412109375, 449.9833068847656, 692.6265258789062, 565.8290405273438], [418.8584289550781, 458.0110168457031, 457.74200439453125, 568.6002807617188], [714.4599609375, 448.5154724121094, 743.5387573242188, 542.989501953125], [1123.003662109375, 440.263671875, 1194.7540283203125, 677.6614990234375], [542.7379150390625, 459.8825378417969, 573.1873168945312, 536.8240356445312], [1778.491455078125, 427.36962890625, 1920.0, 1080.0]]","[0.80126953125, 0.60302734375, 0.673828125, 0.68017578125, 0.44482421875, 0.75732421875, 0.53662109375, 0.392822265625, 0.53857421875, 0.341796875, 0.391357421875, 0.58203125]","[[1627.5569458007812, 1068.16845703125], [1106.8649291992188, 725.5526123046875], [891.0613403320312, 683.7025146484375], [1752.3247680664062, 1006.4891357421875], [595.6513061523438, 537.9764404296875], [989.2745971679688, 705.74462890625], [673.7369689941406, 565.8290405273438], [438.3002166748047, 568.6002807617188], [728.9993591308594, 542.989501953125], [1158.8788452148438, 677.6614990234375], [557.9626159667969, 536.8240356445312], [1849.2457275390625, 1080.0]]",425377792,410910720,425377792,640,yolo26m_int8_640_ncnn_model,MOT17-02
546,370.08867000031387,0.0,12,"[187, 317, 335, 423, 421, 444, 319, 441, 454, 310, 450, 462]","[[1521.4285888671875, 402.7910461425781, 1752.064697265625, 1069.820556640625], [1057.412353515625, 438.10186767578125, 1170.3172607421875, 724.8403930664062], [844.3800659179688, 432.1589660644531, 949.7906494140625, 681.8110961914062], [1669.2044677734375, 408.2541198730469, 1851.029296875, 1013.637451171875], [581.7191772460938, 455.0027160644531, 612.5110473632812, 536.9300537109375], [940.1483764648438, 415.5980224609375, 1041.8983154296875, 699.4584350585938], [655.6834106445312, 450.9317321777344, 692.313720703125, 563.5350952148438], [419.1968688964844, 458.0682067871094, 458.01629638671875, 568.990478515625], [714.8558959960938, 448.7388610839844, 744.003173828125, 543.7962646484375], [1125.8397216796875, 443.82952880859375, 1196.104248046875, 679.870361328125], [542.4246215820312, 457.5534362792969, 573.55712890625, 536.7280883789062], [1788.4366455078125, 473.4603271484375, 1920.0, 1080.0]]","[0.79638671875, 0.59375, 0.677734375, 0.66845703125, 0.462158203125, 0.73779296875, 0.58837890625, 0.431640625, 0.60302734375, 0.333251953125, 0.48486328125, 0.5048828125]","[[1636.7466430664062, 1069.820556640625], [1113.8648071289062, 724.8403930664062], [897.0853576660156, 681.8110961914062], [1760.1168823242188, 1013.637451171875], [597.1151123046875, 536.9300537109375], [991.0233459472656, 699.4584350585938], [673.9985656738281, 563.5350952148438], [438.60658264160156, 568.990478515625], [729.4295349121094, 543.7962646484375], [1160.9719848632812, 679.870361328125], [557.9908752441406, 536.7280883789062], [1854.2183227539062, 1080.0]]",425377792,410910720,425377792,640,yolo26m_int8_640_ncnn_model,MOT17-02
547,367.73439300031896,0.0,12,"[187, 317, 335, 423, 421, 444, 319, 441, 454, 310, 450, 462]","[[1526.8812255859375, 399.87969970703125, 1757.0340576171875, 1075.625732421875], [1064.230712890625, 440.44818115234375, 1173.3919677734375, 724.0783081054688], [853.8307495117188, 433.303466796875, 956.5961303710938, 683.8504638671875], [1673.1112060546875, 406.15740966796875, 1856.5120849609375, 1013.8339233398438], [582.6990356445312, 455.3645324707031, 613.1248168945312, 537.2627563476562], [944.1071166992188, 419.487060546875, 1046.07958984375, 700.1131591796875], [655.4763793945312, 452.80511474609375, 691.3096313476562, 563.1775512695312], [419.5399169921875, 458.5965881347656, 457.90447998046875, 568.649169921875], [714.8143310546875, 448.08056640625, 743.8800048828125, 543.842529296875], [1126.700439453125, 440.1812438964844, 1196.65673828125, 679.7047119140625], [542.8603515625, 457.1651916503906, 573.6305541992188, 536.200439453125], [1797.2078857421875, 495.3470764160156, 1920.0, 1080.0]]","[0.798828125, 0.474609375, 0.59033203125, 0.65478515625, 0.465576171875, 0.6923828125, 0.5986328125, 0.414794921875, 0.60595703125, 0.34228515625, 0.45361328125, 0.51513671875]","[[1641.9576416015625, 1075.625732421875], [1118.8113403320312, 724.0783081054688], [905.2134399414062, 683.8504638671875], [1764.8116455078125, 1013.8339233398438], [597.9119262695312, 537.2627563476562], [995.0933532714844, 700.1131591796875], [673.3930053710938, 563.1775512695312], [438.7221984863281, 568.649169921875], [729.34716796875, 543.842529296875], [1161.6785888671875, 679.7047119140625], [558.2454528808594, 536.200439453125], [1858.6039428710938, 1080.0]]",425377792,410910720,425377792,640,yolo26m_int8_640_ncnn_model,MOT17-02
548,387.68832899995687,0.0,12,"[187, 317, 335, 423, 421, 444, 319, 441, 454, 310, 450, 462]","[[1532.2674560546875, 401.0328063964844, 1759.0462646484375, 1074.615234375], [1073.8480224609375, 434.3623962402344, 1183.06494140625, 722.8011474609375], [857.9014282226562, 433.4795837402344, 958.3218994140625, 683.8786010742188], [1678.0821533203125, 408.0965270996094, 1862.5216064453125, 1017.09521484375], [583.4391479492188, 455.7521057128906, 613.4498901367188, 537.1361083984375], [947.5216674804688, 420.14276123046875, 1049.50439453125, 698.1297607421875], [655.271728515625, 451.9915466308594, 691.1307373046875, 562.5628662109375], [418.71875, 457.3172607421875, 457.814697265625, 569.0186767578125], [715.1900024414062, 448.8204040527344, 743.94580078125, 543.8518676757812], [1130.0745849609375, 440.77764892578125, 1198.6207275390625, 679.6357421875], [543.09228515625, 456.2897033691406, 574.08740234375, 536.7314453125], [1798.859130859375, 489.6662902832031, 1920.0, 1080.0]]","[0.802734375, 0.57861328125, 0.556640625, 0.68896484375, 0.482666015625, 0.71240234375, 0.6044921875, 0.489990234375, 0.6259765625, 0.250732421875, 0.486572265625, 0.476806640625]","[[1645.6568603515625, 1074.615234375], [1128.4564819335938, 722.8011474609375], [908.1116638183594, 683.8786010742188], [1770.3018798828125, 1017.09521484375], [598.4445190429688, 537.1361083984375], [998.5130310058594, 698.1297607421875], [673.2012329101562, 562.5628662109375], [438.2667236328125, 569.0186767578125], [729.5679016113281, 543.8518676757812], [1164.34765625, 679.6357421875], [558.58984375, 536.7314453125], [1859.4295654296875, 1080.0]]",425377792,410910720,425377792,640,yolo26m_int8_640_ncnn_model,MOT17-02
549,372.85611400011476,0.0,12,"[187, 317, 335, 423, 421, 444, 319, 441, 454, 310, 450, 462]","[[1536.22119140625, 400.0489196777344, 1761.3092041015625, 1075.6754150390625], [1079.27001953125, 434.5690612792969, 1187.494140625, 723.8125], [864.74951171875, 431.5549621582031, 963.2705078125, 684.8900756835938], [1684.1348876953125, 409.848876953125, 1868.0770263671875, 1012.3782348632812], [584.0931396484375, 455.158447265625, 614.156982421875, 537.82666015625], [950.25732421875, 418.3459777832031, 1053.122802734375, 697.4222412109375], [654.5325317382812, 451.9363098144531, 690.2842407226562, 562.103515625], [417.8165283203125, 453.14837646484375, 458.37298583984375, 568.91259765625], [714.7142333984375, 448.85748291015625, 743.60791015625, 544.0949096679688], [1131.5762939453125, 440.99761962890625, 1198.9925537109375, 678.6096801757812], [542.9722290039062, 453.5204772949219, 574.9547729492188, 537.4210205078125], [1802.075439453125, 482.505615234375, 1920.0, 1080.0]]","[0.80908203125, 0.53759765625, 0.529296875, 0.65185546875, 0.418212890625, 0.7236328125, 0.57958984375, 0.464111328125, 0.5966796875, 0.287841796875, 0.419921875, 0.357421875]","[[1648.7651977539062, 1075.6754150390625], [1133.382080078125, 723.8125], [914.010009765625, 684.8900756835938], [1776.10595703125, 1012.3782348632812], [599.1250610351562, 537.82666015625], [1001.6900634765625, 697.4222412109375], [672.4083862304688, 562.103515625], [438.0947570800781, 568.91259765625], [729.1610717773438, 544.0949096679688], [1165.284423828125, 678.6096801757812], [558.9635009765625, 537.4210205078125], [1861.0377197265625, 1080.0]]",425377792,410910720,425377792,640,yolo26m_int8_640_ncnn_model,MOT17-02
550,370.74972600021283,0.0,10,"[187, 317, 335, 423, 421, 444, 319, 441, 454, 450]","[[1538.8284912109375, 407.36907958984375, 1758.611328125, 1071.3619384765625], [1079.4005126953125, 430.7166748046875, 1188.7213134765625, 725.1990356445312], [865.6891479492188, 431.3233642578125, 962.5355834960938, 686.7567138671875], [1687.020751953125, 406.5586242675781, 1873.0670166015625, 1012.5407104492188], [584.7652587890625, 455.9219970703125, 613.967529296875, 537.0972900390625], [955.2362060546875, 411.1726989746094, 1060.28466796875, 699.6815185546875], [653.5458984375, 451.66357421875, 689.2379760742188, 562.2008666992188], [417.86614990234375, 454.2646179199219, 458.19305419921875, 569.1173095703125], [715.5744018554688, 450.10919189453125, 744.4296875, 544.9223022460938], [542.7496337890625, 450.7843322753906, 575.4575805664062, 537.4390258789062]]","[0.796875, 0.53076171875, 0.58935546875, 0.69140625, 0.40380859375, 0.7001953125, 0.57666015625, 0.440673828125, 0.623046875, 0.412841796875]","[[1648.7199096679688, 1071.3619384765625], [1134.0609130859375, 725.1990356445312], [914.1123657226562, 686.7567138671875], [1780.0438842773438, 1012.5407104492188], [599.3663940429688, 537.0972900390625], [1007.7604370117188, 699.6815185546875], [671.3919372558594, 562.2008666992188], [438.02960205078125, 569.1173095703125], [730.0020446777344, 544.9223022460938], [559.1036071777344, 537.4390258789062]]",425377792,410910720,425377792,640,yolo26m_int8_640_ncnn_model,MOT17-02
551,381.106759999966,0.0,10,"[187, 317, 335, 423, 421, 444, 319, 441, 454, 450]","[[1552.718505859375, 410.2046203613281, 1770.021728515625, 1067.69775390625], [1083.8765869140625, 435.1815490722656, 1191.310791015625, 724.7430419921875], [866.0524291992188, 434.2004699707031, 959.9668579101562, 685.4913330078125], [1693.8685302734375, 403.35943603515625, 1880.636474609375, 1012.5933837890625], [585.012939453125, 455.4735107421875, 614.3587646484375, 537.5555419921875], [956.4855346679688, 407.7580261230469, 1061.437255859375, 700.2964477539062], [653.2138061523438, 452.5548400878906, 688.8651733398438, 563.2498168945312], [418.0544738769531, 455.9688415527344, 457.9548645019531, 568.9523315429688], [716.0767211914062, 450.0857849121094, 745.0692749023438, 544.731201171875], [542.7761840820312, 448.5310974121094, 576.0169067382812, 537.6832275390625]]","[0.80126953125, 0.66162109375, 0.475830078125, 0.71240234375, 0.403076171875, 0.6669921875, 0.56689453125, 0.369873046875, 0.6005859375, 0.41162109375]","[[1661.3701171875, 1067.69775390625], [1137.5936889648438, 724.7430419921875], [913.0096435546875, 685.4913330078125], [1787.2525024414062, 1012.5933837890625], [599.6858520507812, 537.5555419921875], [1008.9613952636719, 700.2964477539062], [671.0394897460938, 563.2498168945312], [438.0046691894531, 568.9523315429688], [730.572998046875, 544.731201171875], [559.3965454101562, 537.6832275390625]]",425377792,410910720,425377792,640,yolo26m_int8_640_ncnn_model,MOT17-02
552,381.2502220002898,0.0,10,"[187, 317, 335, 423, 421, 444, 319, 441, 454, 450]","[[1560.864013671875, 402.80877685546875, 1782.8616943359375, 1071.7989501953125], [1088.8673095703125, 432.9653015136719, 1196.5487060546875, 723.572998046875], [873.0117797851562, 428.57958984375, 968.7595825195312, 686.7443237304688], [1702.5914306640625, 414.7704772949219, 1888.7965087890625, 1018.7806396484375], [584.9970092773438, 453.33270263671875, 615.07958984375, 537.7234497070312], [962.1179809570312, 407.9372863769531, 1064.3603515625, 699.074951171875], [653.5120849609375, 452.8886413574219, 689.3547973632812, 563.6595458984375], [419.3094787597656, 458.62457275390625, 458.6694030761719, 568.8904418945312], [716.287841796875, 448.8314208984375, 745.784912109375, 544.897705078125], [542.6729125976562, 446.715576171875, 576.3410034179688, 537.7741088867188]]","[0.82666015625, 0.6650390625, 0.486328125, 0.61767578125, 0.452392578125, 0.64892578125, 0.62353515625, 0.414306640625, 0.642578125, 0.435302734375]","[[1671.8628540039062, 1071.7989501953125], [1142.7080078125, 723.572998046875], [920.8856811523438, 686.7443237304688], [1795.6939697265625, 1018.7806396484375], [600.0382995605469, 537.7234497070312], [1013.2391662597656, 699.074951171875], [671.4334411621094, 563.6595458984375], [438.98944091796875, 568.8904418945312], [731.036376953125, 544.897705078125], [559.5069580078125, 537.7741088867188]]",425377792,410910720,425377792,640,yolo26m_int8_640_ncnn_model,MOT17-02
553,373.4531700001753,0.0,10,"[187, 317, 335, 423, 421, 444, 319, 441, 454, 450]","[[1561.98486328125, 403.0174560546875, 1785.2301025390625, 1074.3140869140625], [1090.170166015625, 432.39715576171875, 1198.763671875, 724.8701782226562], [880.2111206054688, 429.4439697265625, 975.0781860351562, 684.2618408203125], [1712.14990234375, 410.4508361816406, 1899.0582275390625, 1013.9216918945312], [584.439697265625, 452.2828674316406, 614.8990478515625, 538.0279541015625], [971.3244018554688, 407.7862548828125, 1070.0699462890625, 696.8900146484375], [653.0353393554688, 454.2516784667969, 688.6909790039062, 564.568359375], [417.9198303222656, 455.3851013183594, 458.80072021484375, 569.1184692382812], [716.8690185546875, 448.6041259765625, 746.5335083007812, 544.70703125], [544.280029296875, 447.49456787109375, 577.7157592773438, 538.2888793945312]]","[0.81640625, 0.6513671875, 0.56787109375, 0.669921875, 0.474609375, 0.62646484375, 0.57421875, 0.3876953125, 0.63427734375, 0.363525390625]","[[1673.6074829101562, 1074.3140869140625], [1144.4669189453125, 724.8701782226562], [927.6446533203125, 684.2618408203125], [1805.6040649414062, 1013.9216918945312], [599.6693725585938, 538.0279541015625], [1020.6971740722656, 696.8900146484375], [670.8631591796875, 564.568359375], [438.3602752685547, 569.1184692382812], [731.7012634277344, 544.70703125], [560.9978942871094, 538.2888793945312]]",425377792,410910720,425377792,640,yolo26m_int8_640_ncnn_model,MOT17-02
554,373.26667099978295,0.0,10,"[187, 317, 335, 423, 421, 444, 319, 441, 454, 450]","[[1560.8875732421875, 400.1606750488281, 1785.1412353515625, 1071.3096923828125], [1091.850341796875, 433.189208984375, 1200.0592041015625, 724.3773803710938], [884.6668701171875, 429.05322265625, 981.44091796875, 685.0344848632812], [1716.871337890625, 405.34393310546875, 1905.2862548828125, 1011.5740356445312], [584.6255493164062, 452.134521484375, 614.397705078125, 536.9161987304688], [979.0069580078125, 408.7440185546875, 1075.720458984375, 700.0549926757812], [652.2105712890625, 454.01220703125, 687.64111328125, 563.67333984375], [418.0970458984375, 457.1435241699219, 458.6501159667969, 569.20263671875], [717.5418090820312, 448.5185852050781, 747.3492431640625, 544.6259155273438], [544.4934692382812, 446.8656921386719, 577.679443359375, 537.50732421875]]","[0.79931640625, 0.69775390625, 0.61767578125, 0.7060546875, 0.434326171875, 0.45458984375, 0.5859375, 0.47021484375, 0.6474609375, 0.345458984375]","[[1673.014404296875, 1071.3096923828125], [1145.9547729492188, 724.3773803710938], [933.0538940429688, 685.0344848632812], [1811.0787963867188, 1011.5740356445312], [599.5116271972656, 536.9161987304688], [1027.3637084960938, 700.0549926757812], [669.9258422851562, 563.67333984375], [438.3735809326172, 569.20263671875], [732.4455261230469, 544.6259155273438], [561.0864562988281, 537.50732421875]]",425377792,410910720,425377792,640,yolo26m_int8_640_ncnn_model,MOT17-02
555,370.35226400030297,0.0,10,"[187, 317, 335, 423, 421, 444, 319, 441, 454, 450]","[[1564.55712890625, 397.6177978515625, 1790.4423828125, 1070.6478271484375], [1091.5550537109375, 434.2547607421875, 1200.1456298828125, 724.4382934570312], [888.7716064453125, 429.4111328125, 988.0347290039062, 687.8002319335938], [1722.14013671875, 404.1690368652344, 1913.55908203125, 1019.8364868164062], [583.7550048828125, 448.87939453125, 614.127197265625, 536.72802734375], [987.3462524414062, 408.37786865234375, 1082.0205078125, 701.0118408203125], [651.7320556640625, 453.6626892089844, 687.4629516601562, 563.58935546875], [416.891845703125, 455.35552978515625, 458.3734436035156, 569.7324829101562], [716.7645874023438, 447.9933166503906, 746.6983032226562, 544.0943603515625], [543.0703125, 446.65667724609375, 575.7229614257812, 537.2021484375]]","[0.814453125, 0.70751953125, 0.6865234375, 0.74755859375, 0.4658203125, 0.67724609375, 0.56201171875, 0.385009765625, 0.66943359375, 0.36279296875]","[[1677.499755859375, 1070.6478271484375], [1145.850341796875, 724.4382934570312], [938.4031677246094, 687.8002319335938], [1817.849609375, 1019.8364868164062], [598.9411010742188, 536.72802734375], [1034.6833801269531, 701.0118408203125], [669.5975036621094, 563.58935546875], [437.6326446533203, 569.7324829101562], [731.7314453125, 544.0943603515625], [559.3966369628906, 537.2021484375]]",425377792,410910720,425377792,640,yolo26m_int8_640_ncnn_model,MOT17-02
556,379.3138720002389,0.0,10,"[187, 317, 335, 423, 421, 444, 319, 441, 454, 450]","[[1567.59619140625, 397.6792297363281, 1794.3453369140625, 1067.4276123046875], [1090.24853515625, 435.6623840332031, 1199.0889892578125, 725.4553833007812], [892.996826171875, 433.00811767578125, 991.4985961914062, 687.364990234375], [1725.9295654296875, 403.99267578125, 1918.3809814453125, 1022.7020874023438], [584.5067749023438, 450.5959167480469, 614.39892578125, 537.6314697265625], [993.5868530273438, 408.4997253417969, 1086.9642333984375, 701.1351928710938], [649.8950805664062, 456.5041809082031, 685.12646484375, 564.556640625], [417.94873046875, 455.92315673828125, 459.2236022949219, 569.6834716796875], [716.8895874023438, 447.79705810546875, 747.0077514648438, 543.8886108398438], [542.2974853515625, 446.3623352050781, 574.6985473632812, 537.3284301757812]]","[0.82763671875, 0.71240234375, 0.69873046875, 0.7529296875, 0.447509765625, 0.7060546875, 0.5498046875, 0.44287109375, 0.65283203125, 0.391357421875]","[[1680.9707641601562, 1067.4276123046875], [1144.6687622070312, 725.4553833007812], [942.2477111816406, 687.364990234375], [1822.1552734375, 1022.7020874023438], [599.4528503417969, 537.6314697265625], [1040.2755432128906, 701.1351928710938], [667.5107727050781, 564.556640625], [438.58616638183594, 569.6834716796875], [731.9486694335938, 543.8886108398438], [558.4980163574219, 537.3284301757812]]",425377792,410910720,425377792,640,yolo26m_int8_640_ncnn_model,MOT17-02
557,368.9389329997539,0.0,10,"[187, 317, 335, 423, 421, 444, 319, 441, 454, 450]","[[1571.4219970703125, 401.21490478515625, 1800.6563720703125, 1070.6702880859375], [1092.5147705078125, 438.67901611328125, 1200.630615234375, 725.3435668945312], [893.9138793945312, 430.1630859375, 993.1267700195312, 685.4453735351562], [1727.91845703125, 401.48553466796875, 1919.168701171875, 1017.3500366210938], [584.4560546875, 450.55780029296875, 614.3377075195312, 537.7382202148438], [996.5556640625, 410.2914123535156, 1089.8876953125, 699.4539794921875], [649.0056762695312, 455.8199768066406, 684.4927978515625, 564.6783447265625], [417.3882141113281, 455.6586608886719, 459.0368347167969, 570.156982421875], [716.587890625, 447.9744567871094, 746.969482421875, 544.5512084960938], [542.1314086914062, 446.2777404785156, 574.177978515625, 537.3751220703125]]","[0.853515625, 0.71337890625, 0.6796875, 0.69189453125, 0.426025390625, 0.5966796875, 0.56494140625, 0.427490234375, 0.65576171875, 0.43798828125]","[[1686.0391845703125, 1070.6702880859375], [1146.5726928710938, 725.3435668945312], [943.5203247070312, 685.4453735351562], [1823.5435791015625, 1017.3500366210938], [599.3968811035156, 537.7382202148438], [1043.2216796875, 699.4539794921875], [666.7492370605469, 564.6783447265625], [438.2125244140625, 570.156982421875], [731.7786865234375, 544.5512084960938], [558.1546936035156, 537.3751220703125]]",425377792,410910720,425377792,640,yolo26m_int8_640_ncnn_model,MOT17-02
558,369.7218580000481,0.0,10,"[187, 317, 335, 423, 421, 444, 319, 441, 454, 450]","[[1573.61572265625, 403.07257080078125, 1805.86083984375, 1073.3870849609375], [1093.2098388671875, 441.561767578125, 1201.1240234375, 726.5430297851562], [896.9238891601562, 436.2777099609375, 994.748046875, 685.46728515625], [1733.9232177734375, 404.5174560546875, 1920.0, 1014.2815551757812], [584.6941528320312, 451.0501708984375, 614.5343017578125, 538.2682495117188], [998.0578002929688, 409.49053955078125, 1093.2379150390625, 700.3126831054688], [647.2271728515625, 458.7794494628906, 681.7855834960938, 563.483154296875], [417.7347717285156, 452.8515625, 460.38079833984375, 570.0865478515625], [717.2044677734375, 447.3041687011719, 747.6981201171875, 544.552490234375], [543.561767578125, 443.5693359375, 576.421875, 537.1453857421875]]","[0.84912109375, 0.68115234375, 0.681640625, 0.66552734375, 0.43310546875, 0.69775390625, 0.548828125, 0.4345703125, 0.6376953125, 0.427734375]","[[1689.73828125, 1073.3870849609375], [1147.1669311523438, 726.5430297851562], [945.8359680175781, 685.46728515625], [1826.9616088867188, 1014.2815551757812], [599.6142272949219, 538.2682495117188], [1045.6478576660156, 700.3126831054688], [664.5063781738281, 563.483154296875], [439.0577850341797, 570.0865478515625], [732.4512939453125, 544.552490234375], [559.9918212890625, 537.1453857421875]]",425377792,410910720,425377792,640,yolo26m_int8_640_ncnn_model,MOT17-02
559,386.36912999982087,0.0,10,"[187, 317, 335, 423, 421, 444, 319, 441, 454, 450]","[[1578.980712890625, 403.29266357421875, 1814.788330078125, 1072.9219970703125], [1096.703125, 445.3653869628906, 1203.8309326171875, 725.24755859375], [895.9508666992188, 433.35430908203125, 995.1088256835938, 684.72705078125], [1736.7904052734375, 404.2045593261719, 1920.0, 1008.6366577148438], [584.6619262695312, 453.7161865234375, 613.7306518554688, 538.9592895507812], [1003.3915405273438, 410.9267578125, 1098.3477783203125, 699.8983154296875], [647.130126953125, 460.6460876464844, 681.2658081054688, 563.2805786132812], [417.9378662109375, 451.7999267578125, 460.8150634765625, 570.05712890625], [717.65966796875, 447.3005065917969, 748.2379760742188, 545.2894287109375], [544.6764526367188, 443.78240966796875, 577.1873168945312, 536.813720703125]]","[0.8388671875, 0.63818359375, 0.68994140625, 0.6728515625, 0.42041015625, 0.71630859375, 0.53369140625, 0.41455078125, 0.63427734375, 0.411865234375]","[[1696.884521484375, 1072.9219970703125], [1150.2670288085938, 725.24755859375], [945.5298461914062, 684.72705078125], [1828.3952026367188, 1008.6366577148438], [599.1962890625, 538.9592895507812], [1050.8696594238281, 699.8983154296875], [664.1979675292969, 563.2805786132812], [439.37646484375, 570.05712890625], [732.9488220214844, 545.2894287109375], [560.931884765625, 536.813720703125]]",425377792,410910720,425377792,640,yolo26m_int8_640_ncnn_model,MOT17-02
560,375.23089299975254,0.0,10,"[187, 317, 335, 423, 421, 444, 319, 441, 454, 450]","[[1580.5052490234375, 398.6748962402344, 1820.259765625, 1071.494140625], [1101.5506591796875, 444.2677307128906, 1209.0926513671875, 723.251953125], [896.849853515625, 433.2540588378906, 996.7410278320312, 683.46435546875], [1744.889404296875, 407.83306884765625, 1920.0, 1008.7573852539062], [584.9349975585938, 454.2479553222656, 613.61865234375, 538.7186889648438], [1008.3197631835938, 416.4439392089844, 1103.0069580078125, 699.7466430664062], [644.0361938476562, 457.5250244140625, 679.1640625, 561.9520874023438], [418.5642395019531, 454.36138916015625, 460.4269714355469, 570.042724609375], [717.6328125, 447.5508728027344, 748.1373291015625, 545.31884765625], [546.3491821289062, 448.33392333984375, 577.7115478515625, 538.1600341796875]]","[0.794921875, 0.64013671875, 0.7001953125, 0.63427734375, 0.44091796875, 0.73876953125, 0.609375, 0.464599609375, 0.60986328125, 0.44140625]","[[1700.3825073242188, 1071.494140625], [1155.3216552734375, 723.251953125], [946.7954406738281, 683.46435546875], [1832.4447021484375, 1008.7573852539062], [599.2768249511719, 538.7186889648438], [1055.6633605957031, 699.7466430664062], [661.6001281738281, 561.9520874023438], [439.49560546875, 570.042724609375], [732.8850708007812, 545.31884765625], [562.0303649902344, 538.1600341796875]]",425377792,410910720,425377792,640,yolo26m_int8_640_ncnn_model,MOT17-02
561,372.427339999831,0.0,10,"[187, 317, 335, 423, 421, 444, 319, 441, 454, 450]","[[1586.294921875, 402.6304931640625, 1826.6219482421875, 1067.2388916015625], [1107.2183837890625, 443.0809326171875, 1212.9610595703125, 718.275146484375], [898.4047241210938, 432.7127685546875, 997.8612670898438, 681.5001831054688], [1745.75244140625, 405.9725341796875, 1920.0, 1009.0739135742188], [585.2232666015625, 453.2008972167969, 613.8783569335938, 537.8760986328125], [1009.9075927734375, 418.0224914550781, 1105.6722412109375, 699.1964111328125], [640.920166015625, 455.6237487792969, 676.4597778320312, 561.22412109375], [417.96014404296875, 453.1355285644531, 460.11785888671875, 570.2825927734375], [717.71533203125, 447.6513671875, 748.4853515625, 546.3126831054688], [547.09716796875, 453.1131896972656, 577.2869262695312, 539.6758422851562]]","[0.80517578125, 0.58837890625, 0.6181640625, 0.638671875, 0.4462890625, 0.73974609375, 0.5625, 0.437255859375, 0.62353515625, 0.47705078125]","[[1706.4584350585938, 1067.2388916015625], [1160.0897216796875, 718.275146484375], [948.1329956054688, 681.5001831054688], [1832.876220703125, 1009.0739135742188], [599.5508117675781, 537.8760986328125], [1057.7899169921875, 699.1964111328125], [658.6899719238281, 561.22412109375], [439.03900146484375, 570.2825927734375], [733.100341796875, 546.3126831054688], [562.1920471191406, 539.6758422851562]]",425377792,410910720,425377792,640,yolo26m_int8_640_ncnn_model,MOT17-02
562,372.0235069999944,0.0,10,"[187, 317, 335, 423, 421, 444, 319, 441, 454, 450]","[[1592.2894287109375, 402.1688537597656, 1836.74951171875, 1069.600830078125], [1110.966796875, 438.35247802734375, 1218.542724609375, 717.67041015625], [905.7039184570312, 432.75372314453125, 1003.2721557617188, 679.5281982421875], [1753.1102294921875, 417.6705627441406, 1920.0, 1017.6390991210938], [585.245361328125, 452.0634765625, 614.0520629882812, 537.3087768554688], [1014.2196044921875, 421.82843017578125, 1110.6187744140625, 698.7486572265625], [639.921142578125, 454.89666748046875, 675.34765625, 560.9608764648438], [418.6302795410156, 459.3357238769531, 458.6104736328125, 569.6312255859375], [717.6304931640625, 448.1849670410156, 748.228271484375, 546.1890869140625], [547.3345947265625, 454.14849853515625, 577.1444702148438, 539.9835815429688]]","[0.81005859375, 0.65966796875, 0.5927734375, 0.6123046875, 0.465576171875, 0.69921875, 0.64453125, 0.30810546875, 0.61328125, 0.509765625]","[[1714.5194702148438, 1069.600830078125], [1164.7547607421875, 717.67041015625], [954.488037109375, 679.5281982421875], [1836.5551147460938, 1017.6390991210938], [599.6487121582031, 537.3087768554688], [1062.419189453125, 698.7486572265625], [657.6343994140625, 560.9608764648438], [438.62037658691406, 569.6312255859375], [732.9293823242188, 546.1890869140625], [562.2395324707031, 539.9835815429688]]",425377792,410910720,425377792,640,yolo26m_int8_640_ncnn_model,MOT17-02
563,387.62344500037216,0.0,10,"[187, 317, 335, 423, 421, 444, 319, 441, 454, 450]","[[1595.4515380859375, 399.27667236328125, 1845.1990966796875, 1071.2373046875], [1118.4364013671875, 434.61322021484375, 1227.207763671875, 717.4697265625], [906.4755859375, 430.2747802734375, 1005.04248046875, 681.2988891601562], [1753.0660400390625, 405.4400634765625, 1920.0, 1013.6817626953125], [583.9282836914062, 449.4115905761719, 613.948974609375, 538.330322265625], [1019.8389282226562, 422.4697570800781, 1119.1470947265625, 698.3392944335938], [639.751708984375, 454.37225341796875, 674.8196411132812, 560.1307373046875], [420.8051452636719, 471.6302185058594, 457.1169128417969, 569.6268920898438], [718.2951049804688, 448.6389465332031, 749.4002685546875, 546.875], [548.1062622070312, 454.0168762207031, 577.8890991210938, 539.5874633789062]]","[0.79736328125, 0.646484375, 0.5732421875, 0.53955078125, 0.39990234375, 0.6591796875, 0.6123046875, 0.25732421875, 0.60888671875, 0.443603515625]","[[1720.3253173828125, 1071.2373046875], [1172.8220825195312, 717.4697265625], [955.759033203125, 681.2988891601562], [1836.5330200195312, 1013.6817626953125], [598.9386291503906, 538.330322265625], [1069.4930114746094, 698.3392944335938], [657.2856750488281, 560.1307373046875], [438.9610290527344, 569.6268920898438], [733.8476867675781, 546.875], [562.9976806640625, 539.5874633789062]]",425377792,410910720,425377792,640,yolo26m_int8_640_ncnn_model,MOT17-02
564,369.9397670002327,0.0,10,"[187, 317, 335, 423, 421, 444, 319, 441, 454, 450]","[[1599.6036376953125, 398.1934509277344, 1852.9388427734375, 1069.8795166015625], [1124.0843505859375, 437.899658203125, 1229.3837890625, 711.7391967773438], [910.4517822265625, 429.35382080078125, 1007.7427978515625, 681.9736328125], [1752.2548828125, 398.12451171875, 1920.0, 1017.8641357421875], [583.8419189453125, 448.90972900390625, 613.9841918945312, 538.2265625], [1019.2431030273438, 417.6760559082031, 1122.6927490234375, 698.196044921875], [639.19873046875, 450.44891357421875, 675.2093505859375, 560.5762329101562], [420.9876403808594, 467.7823791503906, 458.7591552734375, 569.6253051757812], [719.3052978515625, 449.5513000488281, 750.5538940429688, 547.3729858398438], [549.5206909179688, 452.70623779296875, 579.5136108398438, 538.6817626953125]]","[0.798828125, 0.55517578125, 0.57666015625, 0.54296875, 0.4609375, 0.69384765625, 0.630859375, 0.303466796875, 0.599609375, 0.427490234375]","[[1726.271240234375, 1069.8795166015625], [1176.7340698242188, 711.7391967773438], [959.0972900390625, 681.9736328125], [1836.12744140625, 1017.8641357421875], [598.9130554199219, 538.2265625], [1070.9679260253906, 698.196044921875], [657.2040405273438, 560.5762329101562], [439.87339782714844, 569.6253051757812], [734.9295959472656, 547.3729858398438], [564.5171508789062, 538.6817626953125]]",425377792,410910720,425377792,640,yolo26m_int8_640_ncnn_model,MOT17-02
565,368.96780500001114,0.0,9,"[187, 317, 335, 423, 421, 444, 319, 454, 450]","[[1601.688720703125, 394.58233642578125, 1860.8707275390625, 1074.5611572265625], [1130.96044921875, 439.94122314453125, 1235.1392822265625, 714.8499145507812], [915.0791015625, 428.76611328125, 1010.3575439453125, 681.5017700195312], [1755.8819580078125, 395.6143493652344, 1920.0, 1028.043701171875], [584.1478271484375, 448.97930908203125, 614.1455078125, 537.9365844726562], [1020.349365234375, 416.3616027832031, 1127.359619140625, 699.6348876953125], [639.69384765625, 450.70709228515625, 675.1923828125, 560.0170288085938], [719.2112426757812, 448.6558837890625, 750.9539794921875, 547.79931640625], [549.3563232421875, 453.1986389160156, 578.8023681640625, 537.3427124023438]]","[0.82373046875, 0.61328125, 0.57861328125, 0.61328125, 0.419677734375, 0.74951171875, 0.63525390625, 0.591796875, 0.377197265625]","[[1731.2797241210938, 1074.5611572265625], [1183.0498657226562, 714.8499145507812], [962.7183227539062, 681.5017700195312], [1837.9409790039062, 1028.043701171875], [599.1466674804688, 537.9365844726562], [1073.8544921875, 699.6348876953125], [657.443115234375, 560.0170288085938], [735.0826110839844, 547.79931640625], [564.079345703125, 537.3427124023438]]",425377792,410910720,425377792,640,yolo26m_int8_640_ncnn_model,MOT17-02
566,370.9147489998941,0.0,9,"[187, 317, 335, 423, 421, 444, 319, 454, 450]","[[1609.4586181640625, 395.2148742675781, 1870.2996826171875, 1074.3502197265625], [1138.06494140625, 439.6960754394531, 1241.38330078125, 717.0186157226562], [923.4642333984375, 427.07049560546875, 1016.358154296875, 678.8565063476562], [1760.6783447265625, 393.4710388183594, 1920.0, 1031.1695556640625], [584.4661254882812, 448.7770080566406, 614.4962158203125, 538.0699462890625], [1019.9683837890625, 414.8616638183594, 1130.6082763671875, 701.177490234375], [639.6942749023438, 453.55364990234375, 673.9954833984375, 560.0609741210938], [718.7764892578125, 448.3160400390625, 750.9910888671875, 547.9503173828125], [549.481201171875, 452.37530517578125, 578.8040771484375, 535.8291625976562]]","[0.78515625, 0.5869140625, 0.568359375, 0.5576171875, 0.453857421875, 0.76171875, 0.56982421875, 0.60546875, 0.407958984375]","[[1739.879150390625, 1074.3502197265625], [1189.72412109375, 717.0186157226562], [969.9111938476562, 678.8565063476562], [1840.3391723632812, 1031.1695556640625], [599.4811706542969, 538.0699462890625], [1075.288330078125, 701.177490234375], [656.8448791503906, 560.0609741210938], [734.8837890625, 547.9503173828125], [564.1426391601562, 535.8291625976562]]",425377792,410910720,425377792,640,yolo26m_int8_640_ncnn_model,MOT17-02
567,396.59462700001313,0.0,10,"[187, 317, 335, 423, 421, 444, 319, 454, 450, 441]","[[1621.5234375, 394.5018615722656, 1882.149169921875, 1073.261962890625], [1143.173583984375, 438.6086120605469, 1244.9429931640625, 716.8649291992188], [928.1263427734375, 428.17974853515625, 1018.8673706054688, 678.1156616210938], [1765.15576171875, 394.66119384765625, 1920.0, 1020.5227661132812], [584.7302856445312, 448.2214050292969, 614.973388671875, 538.6119995117188], [1020.4283447265625, 422.43035888671875, 1129.962890625, 699.5419311523438], [639.0899658203125, 452.1556396484375, 673.7282104492188, 560.5919799804688], [719.3651123046875, 448.1856689453125, 751.7080078125, 547.9964599609375], [548.8427124023438, 449.06292724609375, 579.4637451171875, 536.2738037109375], [418.8152770996094, 457.7123107910156, 460.42974853515625, 570.4127197265625]]","[0.76318359375, 0.63818359375, 0.52685546875, 0.5439453125, 0.39501953125, 0.73095703125, 0.57373046875, 0.57373046875, 0.37548828125, 0.3720703125]","[[1751.8363037109375, 1073.261962890625], [1194.0582885742188, 716.8649291992188], [973.4968566894531, 678.1156616210938], [1842.577880859375, 1020.5227661132812], [599.8518371582031, 538.6119995117188], [1075.1956176757812, 699.5419311523438], [656.4090881347656, 560.5919799804688], [735.5365600585938, 547.9964599609375], [564.1532287597656, 536.2738037109375], [439.6225128173828, 570.4127197265625]]",425377792,410910720,425377792,640,yolo26m_int8_640_ncnn_model,MOT17-02
568,384.7991880002155,0.0,10,"[187, 317, 335, 423, 421, 444, 319, 454, 450, 441]","[[1639.0223388671875, 393.516845703125, 1896.9969482421875, 1073.5791015625], [1143.9688720703125, 438.9376220703125, 1245.0970458984375, 718.0618896484375], [936.0709838867188, 432.84173583984375, 1023.2831420898438, 675.6201171875], [1769.5543212890625, 402.1303405761719, 1920.0, 1035.21826171875], [584.8544311523438, 447.7779541015625, 615.1240234375, 539.0614013671875], [1018.5159301757812, 423.8310241699219, 1130.4202880859375, 700.4119262695312], [638.81591796875, 455.3423767089844, 672.2455444335938, 560.0542602539062], [719.6013793945312, 447.6429138183594, 752.442626953125, 548.4971923828125], [547.1612548828125, 443.9300842285156, 579.6717529296875, 536.44189453125], [420.2427673339844, 457.52728271484375, 462.34149169921875, 571.0449829101562]]","[0.80517578125, 0.6748046875, 0.63037109375, 0.5361328125, 0.5078125, 0.77001953125, 0.591796875, 0.6044921875, 0.474853515625, 0.447509765625]","[[1768.0096435546875, 1073.5791015625], [1194.532958984375, 718.0618896484375], [979.6770629882812, 675.6201171875], [1844.7771606445312, 1035.21826171875], [599.9892272949219, 539.0614013671875], [1074.4681091308594, 700.4119262695312], [655.5307312011719, 560.0542602539062], [736.0220031738281, 548.4971923828125], [563.41650390625, 536.44189453125], [441.29212951660156, 571.0449829101562]]",425377792,410910720,425377792,640,yolo26m_int8_640_ncnn_model,MOT17-02
569,370.6112680001752,0.0,11,"[187, 317, 335, 423, 421, 444, 319, 454, 450, 441, 476]","[[1647.98583984375, 391.193115234375, 1903.709716796875, 1071.7120361328125], [1146.674072265625, 436.5862731933594, 1248.3634033203125, 717.041259765625], [939.794677734375, 425.5780944824219, 1027.904541015625, 675.7080688476562], [1778.08056640625, 411.8330078125, 1920.0, 1039.6868896484375], [585.3045654296875, 447.37738037109375, 615.752197265625, 539.4750366210938], [1016.668212890625, 423.822021484375, 1131.5345458984375, 701.2310791015625], [637.7705688476562, 456.3304748535156, 670.69580078125, 559.1049194335938], [718.9011840820312, 448.42340087890625, 752.01318359375, 549.662109375], [547.982421875, 445.84039306640625, 580.6873168945312, 538.44189453125], [421.0044250488281, 461.1578369140625, 462.34344482421875, 571.5137939453125], [668.0849609375, 456.9750061035156, 696.0150146484375, 552.8250122070312]]","[0.80908203125, 0.6875, 0.66259765625, 0.513671875, 0.50341796875, 0.74853515625, 0.60009765625, 0.59326171875, 0.396484375, 0.4287109375, 0.31640625]","[[1775.8477783203125, 1071.7120361328125], [1197.5187377929688, 717.041259765625], [983.849609375, 675.7080688476562], [1849.040283203125, 1039.6868896484375], [600.5283813476562, 539.4750366210938], [1074.1013793945312, 701.2310791015625], [654.2331848144531, 559.1049194335938], [735.4571838378906, 549.662109375], [564.3348693847656, 538.44189453125], [441.67393493652344, 571.5137939453125], [682.0499877929688, 552.8250122070312]]",425377792,410910720,425377792,640,yolo26m_int8_640_ncnn_model,MOT17-02
570,368.34984299957796,0.0,12,"[187, 317, 335, 423, 421, 444, 319, 454, 450, 441, 476, 478]","[[1659.929931640625, 392.0747985839844, 1912.955078125, 1073.224365234375], [1150.4122314453125, 435.70037841796875, 1254.5001220703125, 716.6644897460938], [942.0936279296875, 428.59490966796875, 1028.485107421875, 676.0011596679688], [1794.511474609375, 419.01275634765625, 1920.0, 972.4417724609375], [585.0241088867188, 447.975341796875, 615.4534301757812, 539.8735961914062], [1016.6030883789062, 416.8360290527344, 1135.10009765625, 698.5560913085938], [637.057373046875, 454.9330139160156, 670.5150146484375, 559.5166625976562], [718.7207641601562, 448.9701843261719, 751.739990234375, 548.862548828125], [548.0082397460938, 445.4176940917969, 581.3740234375, 539.4884643554688], [421.066162109375, 468.7994079589844, 460.0715026855469, 571.4228515625], [666.5928955078125, 457.09039306640625, 694.7379760742188, 553.6326904296875], [1117.7265625, 432.375, 1154.17333984375, 577.4249877929688]]","[0.822265625, 0.68798828125, 0.70458984375, 0.444091796875, 0.54443359375, 0.72802734375, 0.57421875, 0.60595703125, 0.49755859375, 0.359619140625, 0.369140625, 0.36474609375]","[[1786.4425048828125, 1073.224365234375], [1202.4561767578125, 716.6644897460938], [985.2893676757812, 676.0011596679688], [1857.2557373046875, 972.4417724609375], [600.23876953125, 539.8735961914062], [1075.8515930175781, 698.5560913085938], [653.7861938476562, 559.5166625976562], [735.2303771972656, 548.862548828125], [564.6911315917969, 539.4884643554688], [440.56883239746094, 571.4228515625], [680.6654357910156, 553.6326904296875], [1135.949951171875, 577.4249877929688]]",425377792,410910720,425377792,640,yolo26m_int8_640_ncnn_model,MOT17-02
571,385.5757070000436,0.0,12,"[187, 317, 335, 423, 421, 444, 319, 454, 450, 441, 476, 478]","[[1662.9954833984375, 387.74072265625, 1915.3443603515625, 1070.57861328125], [1160.550048828125, 437.107666015625, 1266.60791015625, 716.7809448242188], [944.7506713867188, 423.3183288574219, 1031.5357666015625, 675.6481323242188], [1807.02587890625, 420.1746826171875, 1920.0, 909.0514526367188], [584.9713134765625, 448.9593505859375, 615.271728515625, 540.2662353515625], [1016.0126342773438, 412.9612121582031, 1137.829833984375, 700.7584228515625], [636.2086791992188, 455.1579284667969, 669.59716796875, 559.9232788085938], [718.8949584960938, 448.1852111816406, 752.3673706054688, 548.5415649414062], [548.1234130859375, 446.7408142089844, 581.514404296875, 540.3726806640625], [419.727294921875, 463.8450622558594, 461.049560546875, 572.122314453125], [665.1547241210938, 454.8061218261719, 694.0819091796875, 553.9046630859375], [1116.240234375, 431.79925537109375, 1152.6658935546875, 576.6189575195312]]","[0.8232421875, 0.720703125, 0.6181640625, 0.360107421875, 0.54541015625, 0.76318359375, 0.54638671875, 0.65869140625, 0.465576171875, 0.5224609375, 0.41015625, 0.373291015625]","[[1789.169921875, 1070.57861328125], [1213.5789794921875, 716.7809448242188], [988.1432189941406, 675.6481323242188], [1863.512939453125, 909.0514526367188], [600.1215209960938, 540.2662353515625], [1076.9212341308594, 700.7584228515625], [652.9029235839844, 559.9232788085938], [735.6311645507812, 548.5415649414062], [564.8189086914062, 540.3726806640625], [440.388427734375, 572.122314453125], [679.6183166503906, 553.9046630859375], [1134.4530639648438, 576.6189575195312]]",425377792,410910720,425377792,640,yolo26m_int8_640_ncnn_model,MOT17-02
572,372.10326900003565,0.0,12,"[187, 317, 335, 423, 421, 444, 319, 454, 450, 441, 476, 478]","[[1666.5023193359375, 395.0336608886719, 1915.2950439453125, 1072.54150390625], [1161.87890625, 435.66748046875, 1270.3922119140625, 714.8524169921875], [947.111083984375, 427.51947021484375, 1032.0762939453125, 676.2713012695312], [1818.3653564453125, 425.54351806640625, 1920.0, 872.6906127929688], [585.5165405273438, 449.34423828125, 615.6176147460938, 540.4080810546875], [1017.8053588867188, 415.1814270019531, 1139.6365966796875, 699.879150390625], [636.1651000976562, 453.7522888183594, 669.5352172851562, 558.59765625], [718.5055541992188, 446.9013671875, 752.5509643554688, 548.41357421875], [547.9766845703125, 449.7341003417969, 580.7544555664062, 541.1981201171875], [419.3791809082031, 459.4247741699219, 462.24810791015625, 572.122314453125], [665.2798461914062, 454.0789489746094, 694.4713134765625, 553.97021484375], [1115.06103515625, 427.2327880859375, 1152.833251953125, 577.2208862304688]]","[0.82666015625, 0.74755859375, 0.59814453125, 0.451904296875, 0.55810546875, 0.76171875, 0.53564453125, 0.60595703125, 0.3994140625, 0.487548828125, 0.353271484375, 0.345458984375]","[[1790.898681640625, 1072.54150390625], [1216.1355590820312, 714.8524169921875], [989.5936889648438, 676.2713012695312], [1869.1826782226562, 872.6906127929688], [600.5670776367188, 540.4080810546875], [1078.7209777832031, 699.879150390625], [652.8501586914062, 558.59765625], [735.5282592773438, 548.41357421875], [564.3655700683594, 541.1981201171875], [440.8136444091797, 572.122314453125], [679.8755798339844, 553.97021484375], [1133.9471435546875, 577.2208862304688]]",425377792,410910720,425377792,640,yolo26m_int8_640_ncnn_model,MOT17-02
573,373.2999720000407,0.0,12,"[187, 317, 335, 423, 421, 444, 319, 454, 450, 441, 476, 478]","[[1670.1617431640625, 393.12469482421875, 1919.7940673828125, 1072.0491943359375], [1164.4090576171875, 437.8599548339844, 1274.3902587890625, 713.3938598632812], [952.3131103515625, 433.1480712890625, 1035.614501953125, 676.5353393554688], [1823.151123046875, 425.3956298828125, 1920.0, 859.8074340820312], [585.115966796875, 448.75311279296875, 615.3580322265625, 540.2066650390625], [1018.4530639648438, 418.04412841796875, 1140.1693115234375, 701.5208129882812], [636.0646362304688, 451.9798889160156, 670.156005859375, 559.3457641601562], [719.130126953125, 447.1567687988281, 753.3131713867188, 548.605224609375], [549.14990234375, 452.63275146484375, 581.2007446289062, 541.750732421875], [419.7923583984375, 460.8806457519531, 462.1580810546875, 571.8636474609375], [665.8738403320312, 454.95458984375, 695.2139892578125, 555.0487060546875], [1115.341552734375, 429.6737365722656, 1152.3033447265625, 576.8766479492188]]","[0.8603515625, 0.66650390625, 0.64501953125, 0.29638671875, 0.51513671875, 0.73876953125, 0.5458984375, 0.60791015625, 0.45361328125, 0.44677734375, 0.342041015625, 0.364990234375]","[[1794.9779052734375, 1072.0491943359375], [1219.399658203125, 713.3938598632812], [993.9638061523438, 676.5353393554688], [1871.5755615234375, 859.8074340820312], [600.2369995117188, 540.2066650390625], [1079.3111877441406, 701.5208129882812], [653.1103210449219, 559.3457641601562], [736.2216491699219, 548.605224609375], [565.1753234863281, 541.750732421875], [440.9752197265625, 571.8636474609375], [680.5439147949219, 555.0487060546875], [1133.8224487304688, 576.8766479492188]]",425377792,410910720,425377792,640,yolo26m_int8_640_ncnn_model,MOT17-02
574,374.62660199980746,0.0,11,"[187, 317, 335, 421, 444, 319, 454, 450, 441, 476, 478]","[[1667.087890625, 393.65478515625, 1918.0255126953125, 1074.5855712890625], [1166.35791015625, 429.2281494140625, 1282.5, 716.3514404296875], [957.1430053710938, 432.51806640625, 1041.790283203125, 677.4024658203125], [585.3308715820312, 448.0402526855469, 615.8729248046875, 540.6175537109375], [1021.4619140625, 419.12664794921875, 1142.404052734375, 700.154052734375], [636.7338256835938, 451.8124694824219, 670.2157592773438, 557.175537109375], [719.3223266601562, 447.2606506347656, 753.6367797851562, 548.672119140625], [549.5986328125, 452.2214660644531, 581.8446655273438, 541.4454345703125], [420.4773864746094, 463.4646301269531, 461.5880126953125, 570.7508544921875], [666.4024047851562, 456.0879821777344, 695.7241821289062, 555.6749267578125], [1116.4019775390625, 428.7373046875, 1153.41748046875, 576.4862060546875]]","[0.85888671875, 0.5263671875, 0.640625, 0.55712890625, 0.748046875, 0.6025390625, 0.650390625, 0.3642578125, 0.488525390625, 0.347900390625, 0.36572265625]","[[1792.5567016601562, 1074.5855712890625], [1224.428955078125, 716.3514404296875], [999.4666442871094, 677.4024658203125], [600.6018981933594, 540.6175537109375], [1081.9329833984375, 700.154052734375], [653.4747924804688, 557.175537109375], [736.4795532226562, 548.672119140625], [565.7216491699219, 541.4454345703125], [441.03269958496094, 570.7508544921875], [681.0632934570312, 555.6749267578125], [1134.9097290039062, 576.4862060546875]]",425377792,410910720,425377792,640,yolo26m_int8_640_ncnn_model,MOT17-02
575,393.64561200000026,0.0,10,"[187, 317, 335, 421, 444, 319, 454, 450, 441, 476]","[[1670.318359375, 395.8479919433594, 1920.0, 1075.5401611328125], [1166.446533203125, 436.80291748046875, 1281.055908203125, 714.5181884765625], [958.0814819335938, 429.0474853515625, 1044.697998046875, 676.9871215820312], [585.3563842773438, 449.00604248046875, 615.625732421875, 540.5215454101562], [1026.0411376953125, 418.28680419921875, 1146.601318359375, 699.88232421875], [637.248779296875, 451.7621765136719, 670.5431518554688, 556.34716796875], [719.2614135742188, 447.0570373535156, 753.8763427734375, 548.938720703125], [550.4789428710938, 455.7834167480469, 581.8489990234375, 541.5707397460938], [419.2251281738281, 464.7153625488281, 459.8707275390625, 570.0616455078125], [666.082763671875, 455.217529296875, 695.9170532226562, 556.135986328125]]","[0.87451171875, 0.576171875, 0.6298828125, 0.5498046875, 0.73681640625, 0.6318359375, 0.666015625, 0.40625, 0.442138671875, 0.407958984375]","[[1795.1591796875, 1075.5401611328125], [1223.751220703125, 714.5181884765625], [1001.3897399902344, 676.9871215820312], [600.4910583496094, 540.5215454101562], [1086.3212280273438, 699.88232421875], [653.8959655761719, 556.34716796875], [736.5688781738281, 548.938720703125], [566.1639709472656, 541.5707397460938], [439.5479278564453, 570.0616455078125], [680.9999084472656, 556.135986328125]]",425377792,410910720,425377792,640,yolo26m_int8_640_ncnn_model,MOT17-02
576,370.9801770000922,0.0,10,"[187, 317, 335, 421, 444, 319, 454, 450, 441, 476]","[[1673.10986328125, 399.4138488769531, 1920.0, 1075.145751953125], [1166.822265625, 439.3329772949219, 1281.620849609375, 714.308349609375], [963.0480346679688, 431.4414978027344, 1050.8077392578125, 677.0850219726562], [585.7659912109375, 450.6255187988281, 615.6173706054688, 540.2286376953125], [1032.3968505859375, 423.1705017089844, 1149.329833984375, 699.5333251953125], [636.005126953125, 449.2649230957031, 670.1480102539062, 556.55029296875], [719.9708251953125, 447.9710388183594, 754.6997680664062, 550.0215454101562], [552.0682373046875, 458.8919982910156, 582.079833984375, 539.8400268554688], [420.18841552734375, 465.1802062988281, 460.8016357421875, 569.8001708984375], [666.1165771484375, 455.41668701171875, 695.8424682617188, 555.7750244140625]]","[0.8857421875, 0.75341796875, 0.6689453125, 0.5986328125, 0.72705078125, 0.6435546875, 0.6904296875, 0.3291015625, 0.47705078125, 0.474853515625]","[[1796.554931640625, 1075.145751953125], [1224.2215576171875, 714.308349609375], [1006.9278869628906, 677.0850219726562], [600.6916809082031, 540.2286376953125], [1090.8633422851562, 699.5333251953125], [653.0765686035156, 556.55029296875], [737.3352966308594, 550.0215454101562], [567.0740356445312, 539.8400268554688], [440.4950256347656, 569.8001708984375], [680.9795227050781, 555.7750244140625]]",425377792,410910720,425377792,640,yolo26m_int8_640_ncnn_model,MOT17-02
577,371.34330700018836,0.0,10,"[187, 317, 335, 421, 444, 319, 454, 450, 441, 476]","[[1672.9891357421875, 398.5237121582031, 1920.0, 1075.2305908203125], [1168.4521484375, 441.51580810546875, 1284.059814453125, 714.9904174804688], [969.8999633789062, 438.82513427734375, 1059.80615234375, 682.6033325195312], [586.5374145507812, 452.7378234863281, 615.4890747070312, 538.6139526367188], [1037.4774169921875, 417.0216369628906, 1154.47509765625, 699.4030151367188], [636.1240844726562, 451.29449462890625, 669.9349365234375, 557.6197509765625], [720.9596557617188, 447.8271179199219, 755.75830078125, 549.9315185546875], [551.8859252929688, 461.28948974609375, 581.3707885742188, 539.9545288085938], [420.85333251953125, 464.8511047363281, 461.84100341796875, 570.1987915039062], [666.3212280273438, 456.77044677734375, 695.6287841796875, 555.3638916015625]]","[0.8720703125, 0.76123046875, 0.71337890625, 0.56689453125, 0.6748046875, 0.640625, 0.64501953125, 0.316162109375, 0.48583984375, 0.44921875]","[[1796.4945678710938, 1075.2305908203125], [1226.2559814453125, 714.9904174804688], [1014.8530578613281, 682.6033325195312], [601.0132446289062, 538.6139526367188], [1095.9762573242188, 699.4030151367188], [653.0295104980469, 557.6197509765625], [738.3589782714844, 549.9315185546875], [566.6283569335938, 539.9545288085938], [441.34716796875, 570.1987915039062], [680.9750061035156, 555.3638916015625]]",425377792,410910720,425377792,640,yolo26m_int8_640_ncnn_model,MOT17-02
578,369.71860399989964,0.0,10,"[187, 317, 335, 421, 444, 319, 454, 450, 441, 476]","[[1670.835693359375, 397.9288635253906, 1920.0, 1075.499755859375], [1168.45654296875, 442.0716247558594, 1285.3123779296875, 715.5055541992188], [969.987548828125, 433.3696594238281, 1063.379638671875, 678.9515380859375], [587.8349609375, 452.26165771484375, 616.9495239257812, 538.2561645507812], [1042.4161376953125, 418.9327392578125, 1156.12744140625, 699.1104125976562], [635.54052734375, 452.3467102050781, 669.037109375, 557.8001708984375], [720.763671875, 448.2669372558594, 755.7196655273438, 550.3821411132812], [552.2931518554688, 460.8408203125, 582.1470947265625, 539.2310791015625], [420.6422119140625, 464.9725646972656, 461.6910095214844, 570.0975341796875], [666.33056640625, 456.5191650390625, 696.1292114257812, 556.9716186523438]]","[0.87353515625, 0.7294921875, 0.70361328125, 0.56787109375, 0.62841796875, 0.62890625, 0.6748046875, 0.377685546875, 0.533203125, 0.39599609375]","[[1795.4178466796875, 1075.499755859375], [1226.8844604492188, 715.5055541992188], [1016.68359375, 678.9515380859375], [602.3922424316406, 538.2561645507812], [1099.2717895507812, 699.1104125976562], [652.288818359375, 557.8001708984375], [738.2416687011719, 550.3821411132812], [567.2201232910156, 539.2310791015625], [441.16661071777344, 570.0975341796875], [681.2298889160156, 556.9716186523438]]",425377792,410910720,425377792,640,yolo26m_int8_640_ncnn_model,MOT17-02
579,380.19878600016455,0.0,11,"[187, 317, 335, 421, 444, 319, 454, 450, 441, 476, 478]","[[1673.0531005859375, 398.4390869140625, 1920.0, 1076.829833984375], [1168.8629150390625, 441.5172119140625, 1287.11962890625, 715.4572143554688], [969.9850463867188, 435.7640380859375, 1064.4720458984375, 677.0814208984375], [588.1752319335938, 451.8309326171875, 617.5997314453125, 538.37890625], [1046.5216064453125, 413.9577331542969, 1158.2611083984375, 696.7667846679688], [635.1248779296875, 452.50244140625, 667.9342651367188, 556.1363525390625], [721.0964965820312, 449.4228515625, 756.2613525390625, 551.533447265625], [552.7659912109375, 462.1577453613281, 582.587646484375, 539.4740600585938], [421.2532958984375, 466.0096130371094, 461.9256591796875, 570.0556640625], [666.2951049804688, 455.4276123046875, 695.85400390625, 554.554443359375], [1114.914794921875, 423.5486145019531, 1153.1378173828125, 575.56103515625]]","[0.85986328125, 0.7431640625, 0.71240234375, 0.62158203125, 0.63671875, 0.63134765625, 0.6396484375, 0.38623046875, 0.52294921875, 0.459228515625, 0.315185546875]","[[1796.5265502929688, 1076.829833984375], [1227.9912719726562, 715.4572143554688], [1017.2285461425781, 677.0814208984375], [602.8874816894531, 538.37890625], [1102.391357421875, 696.7667846679688], [651.5295715332031, 556.1363525390625], [738.6789245605469, 551.533447265625], [567.6768188476562, 539.4740600585938], [441.5894775390625, 570.0556640625], [681.0745544433594, 554.554443359375], [1134.0263061523438, 575.56103515625]]",425377792,410910720,425377792,640,yolo26m_int8_640_ncnn_model,MOT17-02
580,375.45604700017066,0.0,11,"[187, 317, 335, 421, 444, 319, 454, 450, 441, 476, 478]","[[1670.65283203125, 399.368896484375, 1920.0, 1076.5780029296875], [1168.9244384765625, 439.0582580566406, 1287.6627197265625, 712.7135620117188], [969.228271484375, 435.1640319824219, 1065.2860107421875, 675.872314453125], [588.2760620117188, 451.9110107421875, 617.8485717773438, 538.18017578125], [1050.54150390625, 422.9669189453125, 1156.38330078125, 696.8826293945312], [635.4007568359375, 455.0623474121094, 667.6254272460938, 557.0169067382812], [721.92333984375, 451.58978271484375, 756.7319946289062, 552.2062377929688], [551.8362426757812, 462.8592224121094, 581.3012084960938, 539.31396484375], [419.3669738769531, 463.40521240234375, 461.6283264160156, 572.03173828125], [665.8458862304688, 454.5103759765625, 696.1859741210938, 556.1280517578125], [1117.2484130859375, 424.4939880371094, 1154.8408203125, 574.20703125]]","[0.857421875, 0.72021484375, 0.68017578125, 0.58935546875, 0.59033203125, 0.5390625, 0.5927734375, 0.339111328125, 0.5517578125, 0.46240234375, 0.26318359375]","[[1795.326416015625, 1076.5780029296875], [1228.2935791015625, 712.7135620117188], [1017.2571411132812, 675.872314453125], [603.0623168945312, 538.18017578125], [1103.46240234375, 696.8826293945312], [651.5130920410156, 557.0169067382812], [739.3276672363281, 552.2062377929688], [566.5687255859375, 539.31396484375], [440.4976501464844, 572.03173828125], [681.0159301757812, 556.1280517578125], [1136.0446166992188, 574.20703125]]",425377792,410910720,425377792,640,yolo26m_int8_640_ncnn_model,MOT17-02
581,368.5480499998448,0.0,10,"[187, 317, 335, 421, 444, 319, 454, 450, 441, 476]","[[1671.131591796875, 402.1917419433594, 1919.77294921875, 1075.9722900390625], [1173.0325927734375, 436.8781433105469, 1293.4976806640625, 713.921142578125], [969.028076171875, 435.1739501953125, 1066.2581787109375, 675.1825561523438], [588.7344970703125, 451.93499755859375, 618.4939575195312, 538.1090087890625], [1057.545166015625, 414.1484069824219, 1163.943359375, 697.1959228515625], [634.9842529296875, 454.76556396484375, 667.0671997070312, 556.6067504882812], [722.6616821289062, 451.1593322753906, 757.4542236328125, 551.6995239257812], [551.6047973632812, 461.56512451171875, 582.2076416015625, 539.7611694335938], [419.69183349609375, 464.8856201171875, 460.9825744628906, 571.2924194335938], [664.715576171875, 454.17645263671875, 695.7903442382812, 558.6846923828125]]","[0.85400390625, 0.73681640625, 0.701171875, 0.5849609375, 0.56982421875, 0.59375, 0.53955078125, 0.3369140625, 0.53955078125, 0.4384765625]","[[1795.4522705078125, 1075.9722900390625], [1233.26513671875, 713.921142578125], [1017.6431274414062, 675.1825561523438], [603.6142272949219, 538.1090087890625], [1110.7442626953125, 697.1959228515625], [651.0257263183594, 556.6067504882812], [740.0579528808594, 551.6995239257812], [566.9062194824219, 539.7611694335938], [440.3372039794922, 571.2924194335938], [680.2529602050781, 558.6846923828125]]",425377792,410910720,425377792,640,yolo26m_int8_640_ncnn_model,MOT17-02
582,369.2685129999518,0.0,10,"[187, 317, 335, 421, 444, 319, 454, 450, 441, 476]","[[1668.9139404296875, 404.2378845214844, 1917.7872314453125, 1077.7186279296875], [1178.0609130859375, 435.5674743652344, 1297.9498291015625, 712.90478515625], [968.814453125, 435.41314697265625, 1067.5186767578125, 674.68798828125], [588.2014770507812, 450.6942138671875, 618.9208374023438, 539.3306274414062], [1061.652099609375, 411.17987060546875, 1166.99267578125, 699.0345458984375], [634.5925903320312, 455.39544677734375, 666.1314697265625, 555.7142333984375], [723.01123046875, 451.4823303222656, 757.6246948242188, 551.9940185546875], [551.768310546875, 459.57708740234375, 583.7741088867188, 539.4279174804688], [419.3113708496094, 461.24395751953125, 462.23211669921875, 572.2316284179688], [665.2066650390625, 453.07574462890625, 696.1956176757812, 556.699951171875]]","[0.853515625, 0.71435546875, 0.73681640625, 0.5732421875, 0.4951171875, 0.583984375, 0.53955078125, 0.279541015625, 0.556640625, 0.480224609375]","[[1793.3505859375, 1077.7186279296875], [1238.00537109375, 712.90478515625], [1018.1665649414062, 674.68798828125], [603.5611572265625, 539.3306274414062], [1114.3223876953125, 699.0345458984375], [650.3620300292969, 555.7142333984375], [740.3179626464844, 551.9940185546875], [567.7712097167969, 539.4279174804688], [440.77174377441406, 572.2316284179688], [680.7011413574219, 556.699951171875]]",425377792,410910720,425377792,640,yolo26m_int8_640_ncnn_model,MOT17-02
583,380.6931750000331,0.0,10,"[187, 317, 335, 421, 444, 319, 454, 450, 441, 476]","[[1670.2747802734375, 407.7136535644531, 1918.63720703125, 1078.6136474609375], [1184.35009765625, 432.8505859375, 1304.937255859375, 713.7659912109375], [970.2156982421875, 434.495361328125, 1070.2757568359375, 673.521484375], [588.5535888671875, 451.2127990722656, 619.0038452148438, 538.8041381835938], [1069.1708984375, 411.78106689453125, 1171.7933349609375, 699.0105590820312], [633.9281005859375, 454.873046875, 665.334228515625, 555.1383056640625], [722.7551879882812, 449.11236572265625, 758.046875, 551.5980224609375], [550.1171264648438, 458.0660400390625, 582.60107421875, 539.0547485351562], [419.19464111328125, 458.44049072265625, 462.6693420410156, 572.0870971679688], [665.07080078125, 451.66949462890625, 696.6900024414062, 556.8975830078125]]","[0.85546875, 0.69287109375, 0.7529296875, 0.59521484375, 0.54833984375, 0.529296875, 0.591796875, 0.261962890625, 0.5517578125, 0.482666015625]","[[1794.4559936523438, 1078.6136474609375], [1244.6436767578125, 713.7659912109375], [1020.2457275390625, 673.521484375], [603.7787170410156, 538.8041381835938], [1120.4821166992188, 699.0105590820312], [649.6311645507812, 555.1383056640625], [740.4010314941406, 551.5980224609375], [566.3591003417969, 539.0547485351562], [440.93199157714844, 572.0870971679688], [680.8804016113281, 556.8975830078125]]",425377792,410910720,425377792,640,yolo26m_int8_640_ncnn_model,MOT17-02
584,370.96182799996313,0.0,10,"[187, 317, 335, 421, 444, 319, 454, 441, 476, 486]","[[1671.6346435546875, 403.0331726074219, 1920.0, 1078.935546875], [1189.7738037109375, 434.5508117675781, 1308.24658203125, 712.3755493164062], [971.7799072265625, 436.1294860839844, 1072.0657958984375, 673.0992431640625], [588.653076171875, 450.91705322265625, 619.0458374023438, 538.1015014648438], [1074.68798828125, 412.0440673828125, 1174.6767578125, 699.0015258789062], [633.5215454101562, 454.17327880859375, 665.232666015625, 555.4344482421875], [722.805419921875, 448.2168884277344, 758.5280151367188, 551.4412841796875], [419.5459289550781, 461.025146484375, 461.4644775390625, 571.2904663085938], [662.9840698242188, 451.645263671875, 694.9776611328125, 558.4404907226562], [1158.6890869140625, 428.25, 1232.6109619140625, 679.9500122070312]]","[0.8427734375, 0.681640625, 0.73046875, 0.583984375, 0.53271484375, 0.5439453125, 0.619140625, 0.378662109375, 0.40966796875, 0.44677734375]","[[1795.8173217773438, 1078.935546875], [1249.0101928710938, 712.3755493164062], [1021.9228515625, 673.0992431640625], [603.8494567871094, 538.1015014648438], [1124.682373046875, 699.0015258789062], [649.3771057128906, 555.4344482421875], [740.6667175292969, 551.4412841796875], [440.5052032470703, 571.2904663085938], [678.9808654785156, 558.4404907226562], [1195.6500244140625, 679.9500122070312]]",425377792,410910720,425377792,640,yolo26m_int8_640_ncnn_model,MOT17-02
585,370.9154199996192,0.0,11,"[187, 317, 335, 421, 444, 319, 454, 441, 476, 486, 450]","[[1671.6376953125, 402.7311706542969, 1920.0, 1079.535888671875], [1199.6678466796875, 438.9514465332031, 1315.2911376953125, 713.0942993164062], [972.2027587890625, 433.9942932128906, 1073.69677734375, 672.71044921875], [588.7142333984375, 451.55047607421875, 619.0180053710938, 538.0873413085938], [1079.9073486328125, 410.1883239746094, 1178.2987060546875, 698.9983520507812], [632.545166015625, 456.8840026855469, 664.0694580078125, 557.5399169921875], [723.595947265625, 448.1216125488281, 759.3922729492188, 551.1267700195312], [418.83416748046875, 457.5950012207031, 461.837158203125, 571.4647827148438], [663.6393432617188, 451.4070129394531, 695.822509765625, 558.2835083007812], [1165.0526123046875, 427.9613952636719, 1237.560302734375, 674.6975708007812], [551.3271484375, 459.1120300292969, 583.6109619140625, 539.488525390625]]","[0.82373046875, 0.7099609375, 0.7080078125, 0.6162109375, 0.60107421875, 0.53857421875, 0.58935546875, 0.419921875, 0.42919921875, 0.5400390625, 0.265380859375]","[[1795.81884765625, 1079.535888671875], [1257.4794921875, 713.0942993164062], [1022.9497680664062, 672.71044921875], [603.8661193847656, 538.0873413085938], [1129.10302734375, 698.9983520507812], [648.3073120117188, 557.5399169921875], [741.4941101074219, 551.1267700195312], [440.3356628417969, 571.4647827148438], [679.7309265136719, 558.2835083007812], [1201.3064575195312, 674.6975708007812], [567.4690551757812, 539.488525390625]]",425377792,410910720,425377792,640,yolo26m_int8_640_ncnn_model,MOT17-02
586,368.7936249998529,0.0,11,"[187, 317, 335, 421, 444, 319, 454, 441, 476, 486, 450]","[[1675.02392578125, 398.14495849609375, 1920.0, 1078.2607421875], [1203.4493408203125, 439.3725280761719, 1317.5897216796875, 712.6296997070312], [974.66357421875, 433.1896057128906, 1076.79931640625, 672.581298828125], [588.5192260742188, 452.2860412597656, 618.7088012695312, 537.5877685546875], [1088.0582275390625, 410.4940490722656, 1185.0660400390625, 697.024169921875], [630.1641235351562, 457.4093933105469, 662.1947021484375, 557.8491821289062], [723.9354248046875, 448.08941650390625, 759.655517578125, 551.0003662109375], [417.7259216308594, 453.8985595703125, 461.8445129394531, 572.0150756835938], [663.9244995117188, 452.0718078613281, 696.1320190429688, 558.4542236328125], [1166.7408447265625, 428.7486267089844, 1239.656982421875, 676.7699584960938], [551.6215209960938, 459.58160400390625, 584.311767578125, 541.3810424804688]]","[0.8310546875, 0.685546875, 0.7392578125, 0.57470703125, 0.6640625, 0.5458984375, 0.5986328125, 0.291015625, 0.484375, 0.48486328125, 0.27734375]","[[1797.511962890625, 1078.2607421875], [1260.51953125, 712.6296997070312], [1025.7314453125, 672.581298828125], [603.614013671875, 537.5877685546875], [1136.5621337890625, 697.024169921875], [646.1794128417969, 557.8491821289062], [741.7954711914062, 551.0003662109375], [439.78521728515625, 572.0150756835938], [680.0282592773438, 558.4542236328125], [1203.1989135742188, 676.7699584960938], [567.9666442871094, 541.3810424804688]]",425377792,410910720,425377792,640,yolo26m_int8_640_ncnn_model,MOT17-02
587,380.695027999991,0.0,10,"[187, 317, 335, 421, 444, 319, 454, 476, 486, 450]","[[1676.9935302734375, 403.081787109375, 1920.0, 1079.4951171875], [1214.6693115234375, 438.52899169921875, 1326.2452392578125, 711.4696044921875], [979.8812255859375, 432.88427734375, 1080.4483642578125, 671.558349609375], [588.1978759765625, 451.8098449707031, 618.822998046875, 538.1530151367188], [1093.0360107421875, 410.8858947753906, 1190.4111328125, 698.0089111328125], [630.1864624023438, 457.3440856933594, 662.114501953125, 557.2179565429688], [724.7662963867188, 447.8336181640625, 760.5076293945312, 551.1957397460938], [664.5670166015625, 452.83465576171875, 696.7144165039062, 558.0120239257812], [1166.2672119140625, 432.3719787597656, 1238.7447509765625, 678.6566772460938], [554.2979125976562, 457.5238037109375, 586.4241943359375, 538.341552734375]]","[0.81591796875, 0.6220703125, 0.7138671875, 0.56787109375, 0.71142578125, 0.5673828125, 0.60791015625, 0.5595703125, 0.47021484375, 0.31201171875]","[[1798.4967651367188, 1079.4951171875], [1270.457275390625, 711.4696044921875], [1030.164794921875, 671.558349609375], [603.5104370117188, 538.1530151367188], [1141.7235717773438, 698.0089111328125], [646.1504821777344, 557.2179565429688], [742.636962890625, 551.1957397460938], [680.6407165527344, 558.0120239257812], [1202.5059814453125, 678.6566772460938], [570.3610534667969, 538.341552734375]]",425377792,410910720,425377792,640,yolo26m_int8_640_ncnn_model,MOT17-02
588,368.62633000009737,0.0,11,"[187, 317, 335, 421, 444, 319, 454, 476, 486, 450, 441]","[[1678.9757080078125, 393.3005676269531, 1920.0, 1077.2232666015625], [1217.827880859375, 437.4605712890625, 1329.2462158203125, 713.7760620117188], [985.2282104492188, 432.02581787109375, 1084.2230224609375, 669.9474487304688], [587.714111328125, 451.3821105957031, 618.7252197265625, 538.6132202148438], [1095.0753173828125, 412.5365905761719, 1191.9564208984375, 696.9015502929688], [629.9334106445312, 457.3052978515625, 661.90380859375, 556.9795532226562], [725.8616333007812, 447.7405700683594, 761.5012817382812, 551.2661743164062], [663.963134765625, 451.1495666503906, 696.7962036132812, 557.8321533203125], [1174.57666015625, 435.1781921386719, 1246.1085205078125, 679.8524169921875], [553.9093017578125, 456.73455810546875, 586.6292724609375, 539.1617431640625], [418.373046875, 458.9557800292969, 460.6903381347656, 571.2763671875]]","[0.8017578125, 0.60791015625, 0.71875, 0.60302734375, 0.76318359375, 0.6025390625, 0.5810546875, 0.58935546875, 0.51416015625, 0.268310546875, 0.332275390625]","[[1799.4878540039062, 1077.2232666015625], [1273.5370483398438, 713.7760620117188], [1034.7256164550781, 669.9474487304688], [603.2196655273438, 538.6132202148438], [1143.515869140625, 696.9015502929688], [645.9186096191406, 556.9795532226562], [743.6814575195312, 551.2661743164062], [680.3796691894531, 557.8321533203125], [1210.3425903320312, 679.8524169921875], [570.269287109375, 539.1617431640625], [439.5316925048828, 571.2763671875]]",425377792,410910720,425377792,640,yolo26m_int8_640_ncnn_model,MOT17-02
589,369.3873480001457,0.0,10,"[187, 317, 335, 421, 444, 319, 454, 476, 486, 450]","[[1688.2479248046875, 399.746337890625, 1920.0, 1077.101806640625], [1218.6419677734375, 433.3533935546875, 1331.421875, 716.3787841796875], [991.3018798828125, 434.19085693359375, 1088.3367919921875, 670.8519897460938], [587.692626953125, 451.7121276855469, 618.517333984375, 538.2946166992188], [1096.554443359375, 413.1804504394531, 1193.4725341796875, 696.4859008789062], [628.8617553710938, 457.5278625488281, 660.859130859375, 555.6476440429688], [726.3032836914062, 447.70953369140625, 761.8180541992188, 551.2890014648438], [664.0958251953125, 451.756591796875, 697.4537963867188, 558.496826171875], [1178.8553466796875, 436.065185546875, 1250.1854248046875, 682.3797607421875], [554.4786376953125, 456.9353332519531, 586.9514770507812, 538.9771728515625]]","[0.7451171875, 0.58056640625, 0.7265625, 0.62158203125, 0.75390625, 0.5947265625, 0.63818359375, 0.58642578125, 0.46044921875, 0.35205078125]","[[1804.1239624023438, 1077.101806640625], [1275.0319213867188, 716.3787841796875], [1039.8193359375, 670.8519897460938], [603.10498046875, 538.2946166992188], [1145.0134887695312, 696.4859008789062], [644.8604431152344, 555.6476440429688], [744.0606689453125, 551.2890014648438], [680.7748107910156, 558.496826171875], [1214.5203857421875, 682.3797607421875], [570.7150573730469, 538.9771728515625]]",425377792,410910720,425377792,640,yolo26m_int8_640_ncnn_model,MOT17-02
590,369.2815519998476,0.0,11,"[187, 317, 335, 421, 444, 319, 454, 476, 486, 450, 441]","[[1696.8997802734375, 403.2294616699219, 1920.0, 1079.0390625], [1221.982177734375, 432.5415954589844, 1334.817626953125, 720.550537109375], [995.6785278320312, 434.76092529296875, 1091.549072265625, 671.4639282226562], [587.2870483398438, 451.34014892578125, 618.331298828125, 538.6698608398438], [1097.244873046875, 413.92657470703125, 1194.6053466796875, 697.827392578125], [628.1171875, 457.599609375, 660.3588256835938, 556.1498413085938], [726.1046142578125, 448.9383544921875, 761.277099609375, 552.0358276367188], [665.2513427734375, 454.71832275390625, 698.0845336914062, 558.0025024414062], [1180.8228759765625, 432.6658630371094, 1250.877197265625, 677.52294921875], [552.3912353515625, 458.0091247558594, 585.387939453125, 541.8758544921875], [419.15386962890625, 461.09442138671875, 460.3840637207031, 570.4476318359375]]","[0.640625, 0.60107421875, 0.7138671875, 0.587890625, 0.77001953125, 0.541015625, 0.626953125, 0.59130859375, 0.44921875, 0.287109375, 0.353759765625]","[[1808.4498901367188, 1079.0390625], [1278.39990234375, 720.550537109375], [1043.6138000488281, 671.4639282226562], [602.8091735839844, 538.6698608398438], [1145.9251098632812, 697.827392578125], [644.2380065917969, 556.1498413085938], [743.6908569335938, 552.0358276367188], [681.6679382324219, 558.0025024414062], [1215.8500366210938, 677.52294921875], [568.8895874023438, 541.8758544921875], [439.7689666748047, 570.4476318359375]]",425377792,410910720,425377792,640,yolo26m_int8_640_ncnn_model,MOT17-02
591,389.52284000015425,0.0,10,"[187, 317, 335, 421, 444, 319, 454, 476, 486, 441]","[[1713.7412109375, 453.65570068359375, 1920.0, 1076.28955078125], [1226.84375, 432.4939880371094, 1338.116943359375, 719.9325561523438], [1002.813232421875, 433.72894287109375, 1096.9656982421875, 668.9773559570312], [587.1887817382812, 451.6938781738281, 618.6986083984375, 540.2938842773438], [1097.842041015625, 415.94573974609375, 1195.4185791015625, 698.5859985351562], [628.4886474609375, 458.8602600097656, 660.5636596679688, 557.0875854492188], [724.8864135742188, 444.9452819824219, 761.1862182617188, 552.8104858398438], [665.0825805664062, 456.3635559082031, 698.4342041015625, 559.3045043945312], [1184.780029296875, 442.70465087890625, 1251.6900634765625, 677.7905883789062], [419.32305908203125, 460.71917724609375, 460.8452453613281, 571.1226806640625]]","[0.340087890625, 0.646484375, 0.6787109375, 0.54541015625, 0.74853515625, 0.53466796875, 0.57470703125, 0.63134765625, 0.462158203125, 0.251220703125]","[[1816.87060546875, 1076.28955078125], [1282.4803466796875, 719.9325561523438], [1049.8894653320312, 668.9773559570312], [602.9436950683594, 540.2938842773438], [1146.6303100585938, 698.5859985351562], [644.5261535644531, 557.0875854492188], [743.0363159179688, 552.8104858398438], [681.7583923339844, 559.3045043945312], [1218.2350463867188, 677.7905883789062], [440.0841522216797, 571.1226806640625]]",425377792,410910720,425377792,640,yolo26m_int8_640_ncnn_model,MOT17-02
592,372.4977179999769,0.0,9,"[187, 317, 335, 421, 444, 319, 454, 476, 486]","[[1727.819580078125, 432.5210876464844, 1920.0, 1078.8031005859375], [1235.6885986328125, 438.9092102050781, 1341.93310546875, 716.2146606445312], [1006.4624633789062, 440.5511474609375, 1096.7945556640625, 668.8014526367188], [587.25390625, 453.796630859375, 618.2408447265625, 540.9059448242188], [1097.4498291015625, 417.4540710449219, 1195.080810546875, 698.1290893554688], [629.0556030273438, 458.8263244628906, 660.7621459960938, 555.951171875], [725.406982421875, 447.1108093261719, 760.6510009765625, 552.3651123046875], [665.020263671875, 456.46734619140625, 698.5563354492188, 558.2852783203125], [1186.578369140625, 437.7731018066406, 1255.4534912109375, 680.2357788085938]]","[0.435302734375, 0.70703125, 0.677734375, 0.53857421875, 0.73974609375, 0.53564453125, 0.5830078125, 0.65869140625, 0.52490234375]","[[1823.9097900390625, 1078.8031005859375], [1288.8108520507812, 716.2146606445312], [1051.6285095214844, 668.8014526367188], [602.7473754882812, 540.9059448242188], [1146.2653198242188, 698.1290893554688], [644.9088745117188, 555.951171875], [743.0289916992188, 552.3651123046875], [681.7882995605469, 558.2852783203125], [1221.0159301757812, 680.2357788085938]]",425377792,410910720,425377792,640,yolo26m_int8_640_ncnn_model,MOT17-02
593,382.97230700027285,0.0,10,"[187, 317, 335, 421, 444, 319, 454, 476, 486, 441]","[[1744.577392578125, 441.74432373046875, 1920.0, 1076.952880859375], [1238.9180908203125, 437.63214111328125, 1344.142578125, 713.5138549804688], [1007.4993896484375, 436.3319396972656, 1098.750244140625, 669.5166015625], [587.139404296875, 454.3522033691406, 617.7036743164062, 540.3851318359375], [1098.0567626953125, 418.2621154785156, 1195.9468994140625, 697.7069702148438], [628.361083984375, 459.0483703613281, 659.7901000976562, 555.2749633789062], [725.4655151367188, 445.0069580078125, 761.0521240234375, 552.1766357421875], [664.4900512695312, 457.24322509765625, 698.102294921875, 558.1407470703125], [1191.313232421875, 445.0628662109375, 1257.57958984375, 678.07373046875], [419.96014404296875, 459.9716796875, 461.6361999511719, 570.8203735351562]]","[0.371337890625, 0.70947265625, 0.58154296875, 0.55712890625, 0.7529296875, 0.541015625, 0.56884765625, 0.67041015625, 0.49853515625, 0.260498046875]","[[1832.2886962890625, 1076.952880859375], [1291.5303344726562, 713.5138549804688], [1053.1248168945312, 669.5166015625], [602.4215393066406, 540.3851318359375], [1147.0018310546875, 697.7069702148438], [644.0755920410156, 555.2749633789062], [743.2588195800781, 552.1766357421875], [681.2961730957031, 558.1407470703125], [1224.4464111328125, 678.07373046875], [440.7981719970703, 570.8203735351562]]",425377792,410910720,425377792,640,yolo26m_int8_640_ncnn_model,MOT17-02
594,392.0398589998513,0.0,10,"[317, 335, 421, 444, 319, 454, 476, 486, 491, 441]","[[1244.4830322265625, 435.6626281738281, 1350.26416015625, 712.0215454101562], [1007.1361694335938, 434.0394287109375, 1099.06201171875, 671.51953125], [585.9444580078125, 454.7989196777344, 616.6605224609375, 540.928955078125], [1097.9986572265625, 419.04925537109375, 1196.352783203125, 698.0469970703125], [627.6483154296875, 459.61846923828125, 658.9164428710938, 555.5279541015625], [725.2468872070312, 444.2301940917969, 760.9374389648438, 552.1027221679688], [663.1723022460938, 454.2769775390625, 698.0465698242188, 558.3311767578125], [1192.067138671875, 437.51953125, 1260.102294921875, 677.23388671875], [379.6752624511719, 465.75, 425.9747314453125, 575.8499755859375], [419.9847412109375, 458.7803649902344, 461.9324645996094, 570.7634887695312]]","[0.72021484375, 0.61083984375, 0.55908203125, 0.75439453125, 0.5146484375, 0.5869140625, 0.681640625, 0.4990234375, 0.3212890625, 0.29345703125]","[[1297.3735961914062, 712.0215454101562], [1053.0990905761719, 671.51953125], [601.302490234375, 540.928955078125], [1147.1757202148438, 698.0469970703125], [643.2823791503906, 555.5279541015625], [743.0921630859375, 552.1027221679688], [680.6094360351562, 558.3311767578125], [1226.084716796875, 677.23388671875], [402.8249969482422, 575.8499755859375], [440.95860290527344, 570.7634887695312]]",425377792,410910720,425377792,640,yolo26m_int8_640_ncnn_model,MOT17-02
595,379.6972159998404,0.0,10,"[317, 335, 421, 444, 319, 454, 476, 486, 491, 441]","[[1246.6007080078125, 436.9095458984375, 1352.2215576171875, 713.4569091796875], [1008.83642578125, 432.67254638671875, 1100.0828857421875, 670.8118896484375], [585.46875, 454.9550476074219, 616.3056030273438, 541.1259155273438], [1097.50634765625, 418.0869140625, 1196.7906494140625, 696.4369506835938], [627.4472045898438, 459.56964111328125, 658.563232421875, 554.8806762695312], [725.860107421875, 445.1761474609375, 761.1620483398438, 552.8078002929688], [662.801513671875, 454.6493835449219, 697.9092407226562, 558.8905029296875], [1192.6280517578125, 431.0523681640625, 1262.5802001953125, 677.6861572265625], [380.7964172363281, 467.46563720703125, 426.454833984375, 575.96435546875], [419.17974853515625, 456.37939453125, 462.3539123535156, 572.7240600585938]]","[0.74072265625, 0.59326171875, 0.548828125, 0.7265625, 0.5556640625, 0.56689453125, 0.60791015625, 0.4638671875, 0.55517578125, 0.357177734375]","[[1299.4111328125, 713.4569091796875], [1054.4596557617188, 670.8118896484375], [600.8871765136719, 541.1259155273438], [1147.1484985351562, 696.4369506835938], [643.0052185058594, 554.8806762695312], [743.5110778808594, 552.8078002929688], [680.3553771972656, 558.8905029296875], [1227.6041259765625, 677.6861572265625], [403.62562561035156, 575.96435546875], [440.76683044433594, 572.7240600585938]]",425377792,410910720,425377792,640,yolo26m_int8_640_ncnn_model,MOT17-02
596,368.3012569999846,0.0,10,"[317, 335, 421, 444, 319, 454, 476, 486, 491, 441]","[[1249.8670654296875, 439.8650817871094, 1355.1246337890625, 713.514404296875], [1013.0022583007812, 433.39031982421875, 1103.655517578125, 670.299072265625], [584.8511352539062, 452.7689208984375, 616.6220703125, 541.4406127929688], [1097.615478515625, 415.4722900390625, 1198.4796142578125, 696.081787109375], [626.4716186523438, 458.04058837890625, 657.8744506835938, 554.1451416015625], [726.084716796875, 444.56475830078125, 761.734619140625, 554.06005859375], [662.5289916992188, 454.5478820800781, 697.9910278320312, 559.347900390625], [1197.2005615234375, 437.01544189453125, 1265.8846435546875, 679.34619140625], [381.1191711425781, 467.1767272949219, 427.26654052734375, 576.8811645507812], [418.5765075683594, 455.73236083984375, 461.3475036621094, 571.2620239257812]]","[0.7529296875, 0.66259765625, 0.53759765625, 0.720703125, 0.5556640625, 0.60498046875, 0.66357421875, 0.61376953125, 0.43359375, 0.3359375]","[[1302.495849609375, 713.514404296875], [1058.3288879394531, 670.299072265625], [600.7366027832031, 541.4406127929688], [1148.0475463867188, 696.081787109375], [642.1730346679688, 554.1451416015625], [743.90966796875, 554.06005859375], [680.260009765625, 559.347900390625], [1231.5426025390625, 679.34619140625], [404.19285583496094, 576.8811645507812], [439.9620056152344, 571.2620239257812]]",425377792,410910720,425377792,640,yolo26m_int8_640_ncnn_model,MOT17-02
597,369.3467020002572,0.0,10,"[317, 335, 421, 444, 319, 454, 476, 486, 491, 441]","[[1251.497314453125, 438.48919677734375, 1357.47705078125, 712.0479125976562], [1019.15185546875, 434.9111633300781, 1108.16748046875, 669.8638916015625], [583.4122314453125, 450.96441650390625, 615.9962768554688, 541.5526123046875], [1098.653564453125, 413.98980712890625, 1199.9595947265625, 695.4605712890625], [626.5582275390625, 457.4630126953125, 658.1947631835938, 553.8785400390625], [726.422607421875, 446.0588684082031, 761.192626953125, 553.79052734375], [662.1173095703125, 461.91943359375, 695.3723754882812, 560.0087280273438], [1199.8443603515625, 434.0660705566406, 1269.0067138671875, 678.2363891601562], [380.5289306640625, 466.2066955566406, 427.0497131347656, 576.8820190429688], [418.0395202636719, 454.7611389160156, 461.251220703125, 572.41015625]]","[0.744140625, 0.70703125, 0.57177734375, 0.728515625, 0.56494140625, 0.615234375, 0.47900390625, 0.5986328125, 0.5048828125, 0.40625]","[[1304.4871826171875, 712.0479125976562], [1063.65966796875, 669.8638916015625], [599.7042541503906, 541.5526123046875], [1149.3065795898438, 695.4605712890625], [642.3764953613281, 553.8785400390625], [743.8076171875, 553.79052734375], [678.7448425292969, 560.0087280273438], [1234.425537109375, 678.2363891601562], [403.78932189941406, 576.8820190429688], [439.64537048339844, 572.41015625]]",425377792,410910720,425377792,640,yolo26m_int8_640_ncnn_model,MOT17-02
598,369.2765729997518,0.0,10,"[317, 335, 421, 444, 319, 454, 476, 486, 491, 441]","[[1253.518798828125, 440.9461669921875, 1358.6488037109375, 710.5120849609375], [1024.3914794921875, 435.48785400390625, 1113.6871337890625, 669.7085571289062], [583.3243408203125, 450.2727355957031, 616.28515625, 541.5879516601562], [1100.38623046875, 417.3925476074219, 1201.017822265625, 696.2242431640625], [627.1259765625, 457.73858642578125, 658.81298828125, 555.2767944335938], [726.6112060546875, 446.4001770019531, 761.3985595703125, 554.9136352539062], [662.8156127929688, 471.6286926269531, 693.0051879882812, 559.4892578125], [1201.44677734375, 433.95556640625, 1271.34716796875, 678.8163452148438], [380.1761169433594, 466.67706298828125, 426.55242919921875, 577.1328125], [418.8589782714844, 455.3898010253906, 461.1759033203125, 570.8812866210938]]","[0.7705078125, 0.73046875, 0.6015625, 0.7080078125, 0.52685546875, 0.61962890625, 0.482177734375, 0.626953125, 0.46240234375, 0.378662109375]","[[1306.0838012695312, 710.5120849609375], [1069.039306640625, 669.7085571289062], [599.8047485351562, 541.5879516601562], [1150.7020263671875, 696.2242431640625], [642.969482421875, 555.2767944335938], [744.0048828125, 554.9136352539062], [677.910400390625, 559.4892578125], [1236.39697265625, 678.8163452148438], [403.36427307128906, 577.1328125], [440.01744079589844, 570.8812866210938]]",425377792,410910720,425377792,640,yolo26m_int8_640_ncnn_model,MOT17-02
599,385.40014000000156,0.0,10,"[317, 335, 421, 444, 319, 454, 476, 486, 491, 441]","[[1255.3876953125, 438.118896484375, 1361.6600341796875, 709.69580078125], [1026.952392578125, 437.4401550292969, 1116.919189453125, 670.901123046875], [582.853759765625, 450.01385498046875, 615.8717651367188, 541.5936889648438], [1100.49951171875, 414.9582214355469, 1201.8114013671875, 696.2753295898438], [627.2979125976562, 457.1004333496094, 659.1161499023438, 555.5631103515625], [726.75048828125, 446.77728271484375, 760.9005126953125, 554.093017578125], [665.2183227539062, 481.9471740722656, 692.637451171875, 558.7590942382812], [1201.7271728515625, 434.9052429199219, 1272.339111328125, 680.02880859375], [380.223876953125, 466.5777893066406, 426.7193298339844, 577.4700317382812], [419.1337585449219, 454.66522216796875, 461.19482421875, 569.292236328125]]","[0.77294921875, 0.669921875, 0.60009765625, 0.72998046875, 0.5556640625, 0.63037109375, 0.38427734375, 0.67919921875, 0.53076171875, 0.3798828125]","[[1308.5238647460938, 709.69580078125], [1071.935791015625, 670.901123046875], [599.3627624511719, 541.5936889648438], [1151.1554565429688, 696.2753295898438], [643.20703125, 555.5631103515625], [743.8255004882812, 554.093017578125], [678.9278869628906, 558.7590942382812], [1237.0331420898438, 680.02880859375], [403.4716033935547, 577.4700317382812], [440.16429138183594, 569.292236328125]]",425377792,410910720,425377792,640,yolo26m_int8_640_ncnn_model,MOT17-02
600,370.1300729999275,0.0,10,"[317, 335, 421, 444, 319, 454, 476, 486, 491, 441]","[[1256.7767333984375, 436.8116760253906, 1363.841552734375, 709.6552124023438], [1030.5654296875, 437.4227600097656, 1120.2027587890625, 670.1148071289062], [583.827392578125, 451.892578125, 616.0545654296875, 541.5888671875], [1103.4219970703125, 416.2705383300781, 1203.0716552734375, 694.0735473632812], [627.6063842773438, 457.1043395996094, 659.0114135742188, 554.4402465820312], [726.3071899414062, 445.9303894042969, 760.6932373046875, 554.7595825195312], [665.5770263671875, 487.297607421875, 691.9494018554688, 558.76416015625], [1201.9462890625, 435.01348876953125, 1273.3876953125, 679.7390747070312], [380.6282653808594, 468.6103515625, 425.86944580078125, 576.5418701171875], [418.8241271972656, 454.6562805175781, 460.6239013671875, 568.4505615234375]]","[0.7744140625, 0.68310546875, 0.53466796875, 0.69677734375, 0.5791015625, 0.59765625, 0.34619140625, 0.703125, 0.51171875, 0.400390625]","[[1310.3091430664062, 709.6552124023438], [1075.3840942382812, 670.1148071289062], [599.9409790039062, 541.5888671875], [1153.246826171875, 694.0735473632812], [643.3088989257812, 554.4402465820312], [743.5002136230469, 554.7595825195312], [678.7632141113281, 558.76416015625], [1237.6669921875, 679.7390747070312], [403.2488555908203, 576.5418701171875], [439.72401428222656, 568.4505615234375]]",425377792,410910720,425377792,640,yolo26m_int8_640_ncnn_model,MOT17-02
