frame_id,inference_ms,postprocess_ms,n_detections,track_ids,bboxes_xyxy,confs,footpoints,mem_total_bytes,mem_delta_bytes,mem_bytes,imgsz,model,seq
1,,,5,"[1, 2, 3, 4, 5]","[[1339.583251953125, 413.74993896484375, 1497.083251953125, 779.583251953125], [576.875, 444.5832824707031, 678.125, 708.75], [1444.583251953125, 433.33331298828125, 1598.7498779296875, 769.9999389648438], [440.4166259765625, 453.75, 552.9166259765625, 722.9166259765625], [732.9166259765625, 474.5832824707031, 771.2499389648438, 568.75]]","[0.72998046875, 0.64892578125, 0.51318359375, 0.50048828125, 0.338623046875]","[[1418.333251953125, 779.583251953125], [627.5, 708.75], [1521.6665649414062, 769.9999389648438], [496.6666259765625, 722.9166259765625], [752.0832824707031, 568.75]]",425426944,410959872,425426944,576,yolo26n_int8_576_ncnn_model,MOT17-02
2,,,5,"[1, 2, 3, 4, 5]","[[1341.8673095703125, 412.3036804199219, 1500.58447265625, 781.029541015625], [579.6189575195312, 444.5833435058594, 679.7199096679688, 705.857421875], [1455.2652587890625, 430.80230712890625, 1611.20849609375, 772.5309448242188], [441.826171875, 453.75, 554.399658203125, 722.9166259765625], [732.86328125, 475.30645751953125, 770.5802001953125, 568.0267944335938]]","[0.74951171875, 0.64111328125, 0.59130859375, 0.54345703125, 0.302490234375]","[[1421.2258911132812, 781.029541015625], [629.66943359375, 705.857421875], [1533.2368774414062, 772.5309448242188], [498.1129150390625, 722.9166259765625], [751.7217407226562, 568.0267944335938]]",425426944,410959872,425426944,576,yolo26n_int8_576_ncnn_model,MOT17-02
3,,,5,"[1, 2, 3, 4, 5]","[[1349.15625, 418.5303955078125, 1507.237060546875, 785.1624145507812], [579.6607666015625, 445.562255859375, 679.7672119140625, 706.9944458007812], [1458.822509765625, 445.86065673828125, 1609.042236328125, 775.5476684570312], [437.2479248046875, 451.80108642578125, 550.3786010742188, 722.2670288085938], [733.3494262695312, 473.7953796386719, 771.2782592773438, 566.9225463867188]]","[0.72119140625, 0.6181640625, 0.45458984375, 0.50390625, 0.360595703125]","[[1428.1966552734375, 785.1624145507812], [629.7139892578125, 706.9944458007812], [1533.932373046875, 775.5476684570312], [493.8132629394531, 722.2670288085938], [752.3138427734375, 566.9225463867188]]",425426944,410959872,425426944,576,yolo26n_int8_576_ncnn_model,MOT17-02
4,,,5,"[1, 2, 3, 4, 5]","[[1352.8199462890625, 421.4838562011719, 1512.9693603515625, 791.8573608398438], [578.9929809570312, 444.90985107421875, 679.7490234375, 708.3530883789062], [1467.0531005859375, 435.3505554199219, 1621.421142578125, 776.2881469726562], [439.0141906738281, 451.5064392089844, 552.2049560546875, 721.7457885742188], [732.3798828125, 473.3172912597656, 771.3525390625, 569.139404296875]]","[0.744140625, 0.62451171875, 0.61474609375, 0.53173828125, 0.363525390625]","[[1432.8946533203125, 791.8573608398438], [629.3710021972656, 708.3530883789062], [1544.2371215820312, 776.2881469726562], [495.6095733642578, 721.7457885742188], [751.8662109375, 569.139404296875]]",425426944,410959872,425426944,576,yolo26n_int8_576_ncnn_model,MOT17-02
5,,,5,"[1, 2, 3, 4, 5]","[[1357.26318359375, 412.36236572265625, 1523.407470703125, 796.4891967773438], [577.2545166015625, 452.6477355957031, 678.1683959960938, 717.9777221679688], [1472.1832275390625, 419.4800720214844, 1629.758056640625, 771.90576171875], [443.31280517578125, 452.9954833984375, 556.6248168945312, 722.5154418945312], [731.9476318359375, 472.8863830566406, 771.4784545898438, 570.1812133789062]]","[0.73779296875, 0.6650390625, 0.5263671875, 0.5263671875, 0.4013671875]","[[1440.3353271484375, 796.4891967773438], [627.7114562988281, 717.9777221679688], [1550.9706420898438, 771.90576171875], [499.96881103515625, 722.5154418945312], [751.7130432128906, 570.1812133789062]]",425426944,410959872,425426944,576,yolo26n_int8_576_ncnn_model,MOT17-02
6,,,5,"[1, 2, 3, 4, 5]","[[1360.861572265625, 407.876220703125, 1531.5477294921875, 802.7354736328125], [576.2110595703125, 454.95098876953125, 676.8990478515625, 721.4855346679688], [1478.583740234375, 423.6671447753906, 1633.392822265625, 774.7252807617188], [445.84161376953125, 450.8375549316406, 560.6319580078125, 723.089111328125], [731.369140625, 473.05865478515625, 770.7763671875, 570.2250366210938]]","[0.7529296875, 0.67431640625, 0.58154296875, 0.5224609375, 0.373291015625]","[[1446.2046508789062, 802.7354736328125], [626.5550537109375, 721.4855346679688], [1555.98828125, 774.7252807617188], [503.2367858886719, 723.089111328125], [751.07275390625, 570.2250366210938]]",425426944,410959872,425426944,576,yolo26n_int8_576_ncnn_model,MOT17-02
7,,,6,"[1, 2, 3, 4, 5, 7]","[[1366.9151611328125, 408.5708312988281, 1536.1414794921875, 802.5296630859375], [575.940185546875, 454.7819519042969, 675.8174438476562, 721.1153564453125], [1484.2730712890625, 431.9553527832031, 1633.0369873046875, 775.0396728515625], [447.2139892578125, 453.8702697753906, 561.43798828125, 724.1602783203125], [732.2644653320312, 471.9858703613281, 771.7507934570312, 569.0504150390625], [471.6993408203125, 472.0, 557.6339111328125, 732.6666259765625]]","[0.7470703125, 0.6806640625, 0.5537109375, 0.5810546875, 0.4013671875, 0.369873046875]","[[1451.5283203125, 802.5296630859375], [625.8788146972656, 721.1153564453125], [1558.655029296875, 775.0396728515625], [504.32598876953125, 724.1602783203125], [752.0076293945312, 569.0504150390625], [514.6666259765625, 732.6666259765625]]",425426944,410959872,425426944,576,yolo26n_int8_576_ncnn_model,MOT17-02
8,,,6,"[1, 2, 3, 4, 5, 7]","[[1372.514892578125, 401.0977783203125, 1543.052490234375, 803.2120361328125], [576.2532958984375, 453.4712829589844, 676.2191772460938, 721.9813232421875], [1486.8358154296875, 421.8079528808594, 1635.29248046875, 772.24560546875], [447.55572509765625, 453.8382263183594, 562.8842163085938, 725.6917724609375], [732.5889892578125, 471.0440368652344, 772.1158447265625, 568.03515625], [471.06549072265625, 467.59014892578125, 558.7791137695312, 733.4974975585938]]","[0.7763671875, 0.66845703125, 0.60400390625, 0.5595703125, 0.378662109375, 0.40625]","[[1457.78369140625, 803.2120361328125], [626.2362365722656, 721.9813232421875], [1561.0641479492188, 772.24560546875], [505.219970703125, 725.6917724609375], [752.3524169921875, 568.03515625], [514.9223022460938, 733.4974975585938]]",425426944,410959872,425426944,576,yolo26n_int8_576_ncnn_model,MOT17-02
9,,,6,"[1, 2, 3, 4, 5, 7]","[[1382.7117919921875, 399.239013671875, 1549.349853515625, 798.0335083007812], [575.5084228515625, 450.3822021484375, 675.0106201171875, 720.2166137695312], [1487.488525390625, 415.9694519042969, 1634.9354248046875, 771.2423095703125], [448.26849365234375, 450.986328125, 564.9711303710938, 724.5313110351562], [732.7615966796875, 471.85406494140625, 772.192626953125, 568.7904663085938], [472.0860900878906, 464.48974609375, 559.8526611328125, 730.2597045898438]]","[0.728515625, 0.67822265625, 0.60498046875, 0.5400390625, 0.35693359375, 0.406982421875]","[[1466.0308227539062, 798.0335083007812], [625.259521484375, 720.2166137695312], [1561.2119750976562, 771.2423095703125], [506.61981201171875, 724.5313110351562], [752.4771118164062, 568.7904663085938], [515.9693756103516, 730.2597045898438]]",425426944,410959872,425426944,576,yolo26n_int8_576_ncnn_model,MOT17-02
10,,,6,"[1, 2, 3, 4, 5, 7]","[[1395.826171875, 402.4188537597656, 1555.383056640625, 791.0206909179688], [576.4050903320312, 448.6272888183594, 676.2327880859375, 721.1530151367188], [1489.3529052734375, 420.2967224121094, 1633.92822265625, 774.5006713867188], [449.24749755859375, 451.33636474609375, 566.0365600585938, 723.80322265625], [732.2308349609375, 471.33306884765625, 771.6845092773438, 568.7893676757812], [473.8250427246094, 467.6724853515625, 560.6395263671875, 730.1210327148438]]","[0.6845703125, 0.6630859375, 0.66650390625, 0.50732421875, 0.349609375, 0.3974609375]","[[1475.6046142578125, 791.0206909179688], [626.3189392089844, 721.1530151367188], [1561.6405639648438, 774.5006713867188], [507.64202880859375, 723.80322265625], [751.9576721191406, 568.7893676757812], [517.2322845458984, 730.1210327148438]]",425426944,410959872,425426944,576,yolo26n_int8_576_ncnn_model,MOT17-02
11,,,7,"[1, 2, 3, 4, 5, 7, 9]","[[1409.44482421875, 411.871826171875, 1562.9979248046875, 792.5186157226562], [578.5628051757812, 445.1718444824219, 677.6837158203125, 715.319091796875], [1501.8201904296875, 420.0978698730469, 1641.5218505859375, 770.9992065429688], [449.3581848144531, 452.6020812988281, 565.4488525390625, 721.280029296875], [731.54248046875, 470.8750915527344, 771.981689453125, 571.2958374023438], [474.4830017089844, 467.0374755859375, 560.7595825195312, 727.1045532226562], [660.75390625, 454.08331298828125, 722.579345703125, 661.9166259765625]]","[0.658203125, 0.65625, 0.650390625, 0.50341796875, 0.35107421875, 0.430908203125, 0.31494140625]","[[1486.2213745117188, 792.5186157226562], [628.1232604980469, 715.319091796875], [1571.6710205078125, 770.9992065429688], [507.4035186767578, 721.280029296875], [751.7620849609375, 571.2958374023438], [517.6212921142578, 727.1045532226562], [691.6666259765625, 661.9166259765625]]",425426944,410959872,425426944,576,yolo26n_int8_576_ncnn_model,MOT17-02
12,,,6,"[1, 2, 3, 4, 5, 7]","[[1422.127685546875, 408.38336181640625, 1576.7109375, 800.0673828125], [578.9857177734375, 442.4637145996094, 677.53271484375, 711.097900390625], [1512.445068359375, 420.79486083984375, 1649.2747802734375, 773.4467163085938], [445.043212890625, 450.8399658203125, 563.8615112304688, 723.7020874023438], [731.5939331054688, 469.892333984375, 772.3346557617188, 570.8508911132812], [474.9066467285156, 465.3815002441406, 561.7135620117188, 726.4149169921875]]","[0.65625, 0.66064453125, 0.62841796875, 0.5458984375, 0.38330078125, 0.374755859375]","[[1499.4193115234375, 800.0673828125], [628.2592163085938, 711.097900390625], [1580.8599243164062, 773.4467163085938], [504.4523620605469, 723.7020874023438], [751.9642944335938, 570.8508911132812], [518.3101043701172, 726.4149169921875]]",425426944,410959872,425426944,576,yolo26n_int8_576_ncnn_model,MOT17-02
13,,,5,"[1, 2, 3, 4, 5]","[[1433.3973388671875, 401.46868896484375, 1589.0238037109375, 804.0320434570312], [580.5502319335938, 443.97021484375, 677.1837158203125, 707.0004272460938], [1519.2568359375, 412.9329528808594, 1658.953857421875, 780.3215942382812], [450.7433166503906, 450.195068359375, 569.772705078125, 724.59765625], [731.896484375, 471.4608154296875, 772.7407836914062, 573.1416625976562]]","[0.6259765625, 0.65966796875, 0.59765625, 0.52685546875, 0.37353515625]","[[1511.2105712890625, 804.0320434570312], [628.8669738769531, 707.0004272460938], [1589.1053466796875, 780.3215942382812], [510.2580108642578, 724.59765625], [752.3186340332031, 573.1416625976562]]",425426944,410959872,425426944,576,yolo26n_int8_576_ncnn_model,MOT17-02
14,,,5,"[1, 2, 3, 4, 5]","[[1444.8804931640625, 402.9587707519531, 1599.06787109375, 803.563720703125], [580.3125, 443.4416809082031, 677.8764038085938, 708.825439453125], [1535.2376708984375, 416.8442077636719, 1676.0809326171875, 790.2249145507812], [455.1485900878906, 452.7268371582031, 571.3616333007812, 722.1669311523438], [731.46728515625, 472.62176513671875, 772.3386840820312, 574.5474243164062]]","[0.49365234375, 0.65869140625, 0.498046875, 0.54248046875, 0.370849609375]","[[1521.9741821289062, 803.563720703125], [629.0944519042969, 708.825439453125], [1605.6593017578125, 790.2249145507812], [513.2551116943359, 722.1669311523438], [751.9029846191406, 574.5474243164062]]",425426944,410959872,425426944,576,yolo26n_int8_576_ncnn_model,MOT17-02
15,,,5,"[1, 2, 3, 4, 5]","[[1445.5303955078125, 408.5527038574219, 1598.2386474609375, 815.9660034179688], [578.9806518554688, 443.2573547363281, 676.6026611328125, 709.5125122070312], [1542.8289794921875, 412.170654296875, 1690.6947021484375, 799.2060546875], [457.8506164550781, 453.7008361816406, 573.045654296875, 722.3505859375], [731.8248291015625, 474.995361328125, 771.6622924804688, 574.2355346679688]]","[0.313232421875, 0.6669921875, 0.4970703125, 0.52099609375, 0.41015625]","[[1521.884521484375, 815.9660034179688], [627.7916564941406, 709.5125122070312], [1616.7618408203125, 799.2060546875], [515.4481353759766, 722.3505859375], [751.7435607910156, 574.2355346679688]]",425426944,410959872,425426944,576,yolo26n_int8_576_ncnn_model,MOT17-02
16,,,5,"[1, 2, 3, 4, 5]","[[1443.0599365234375, 404.802001953125, 1592.4512939453125, 808.9478149414062], [578.1063842773438, 442.0956726074219, 675.3838500976562, 708.67626953125], [1558.0413818359375, 412.5916442871094, 1710.5718994140625, 804.7303466796875], [458.47503662109375, 454.6147155761719, 573.9430541992188, 726.305908203125], [731.0924682617188, 476.1824645996094, 771.161865234375, 576.03173828125]]","[0.349365234375, 0.6533203125, 0.64013671875, 0.5029296875, 0.331298828125]","[[1517.755615234375, 808.9478149414062], [626.7451171875, 708.67626953125], [1634.306640625, 804.7303466796875], [516.2090454101562, 726.305908203125], [751.1271667480469, 576.03173828125]]",425426944,410959872,425426944,576,yolo26n_int8_576_ncnn_model,MOT17-02
17,,,5,"[1, 2, 3, 4, 5]","[[1447.2796630859375, 402.8180236816406, 1595.40380859375, 806.673828125], [579.136962890625, 443.0519714355469, 675.2285766601562, 706.9869384765625], [1568.81103515625, 416.7602233886719, 1721.58349609375, 802.8377685546875], [456.2435607910156, 447.2375183105469, 575.538818359375, 731.0860595703125], [730.2798461914062, 476.8891906738281, 770.4195556640625, 576.4029541015625]]","[0.5048828125, 0.6455078125, 0.7041015625, 0.513671875, 0.320068359375]","[[1521.3417358398438, 806.673828125], [627.1827697753906, 706.9869384765625], [1645.197265625, 802.8377685546875], [515.8911895751953, 731.0860595703125], [750.3497009277344, 576.4029541015625]]",425426944,410959872,425426944,576,yolo26n_int8_576_ncnn_model,MOT17-02
18,,,6,"[1, 2, 3, 4, 5, 7]","[[1454.4066162109375, 403.1913146972656, 1601.5245361328125, 804.6516723632812], [580.109375, 442.321533203125, 676.819580078125, 707.4688110351562], [1574.38330078125, 418.857666015625, 1732.4835205078125, 812.5286254882812], [454.97930908203125, 446.6413269042969, 574.3274536132812, 732.8639526367188], [729.3831787109375, 478.2470397949219, 769.0802612304688, 575.4124145507812], [482.6798095703125, 463.5212707519531, 571.781982421875, 735.4290161132812]]","[0.443359375, 0.65966796875, 0.640625, 0.449951171875, 0.32958984375, 0.3759765625]","[[1527.965576171875, 804.6516723632812], [628.4644775390625, 707.4688110351562], [1653.4334106445312, 812.5286254882812], [514.6533813476562, 732.8639526367188], [749.2317199707031, 575.4124145507812], [527.2308959960938, 735.4290161132812]]",425426944,410959872,425426944,576,yolo26n_int8_576_ncnn_model,MOT17-02
19,,,6,"[1, 2, 3, 4, 5, 7]","[[1480.185791015625, 406.116943359375, 1636.5125732421875, 814.3067626953125], [581.0384521484375, 442.8858947753906, 679.058837890625, 711.2477416992188], [1591.585693359375, 445.20538330078125, 1742.7373046875, 812.2871704101562], [451.5702209472656, 445.3459167480469, 571.20361328125, 732.4241943359375], [727.921630859375, 478.4653015136719, 768.5980224609375, 576.3997802734375], [482.5037841796875, 456.34228515625, 573.0625, 737.5980834960938]]","[0.5029296875, 0.6611328125, 0.560546875, 0.5693359375, 0.360107421875, 0.421142578125]","[[1558.3491821289062, 814.3067626953125], [630.0486450195312, 711.2477416992188], [1667.1614990234375, 812.2871704101562], [511.3869171142578, 732.4241943359375], [748.2598266601562, 576.3997802734375], [527.7831420898438, 737.5980834960938]]",425426944,410959872,425426944,576,yolo26n_int8_576_ncnn_model,MOT17-02
20,,,6,"[1, 2, 3, 4, 5, 7]","[[1492.8828125, 401.76165771484375, 1658.217041015625, 814.6089477539062], [583.1287231445312, 443.10845947265625, 681.44921875, 710.480712890625], [1599.2716064453125, 443.538330078125, 1751.4603271484375, 810.566162109375], [451.0981750488281, 443.7812805175781, 570.7469482421875, 732.2174072265625], [726.9069213867188, 478.5312194824219, 767.259765625, 573.4408569335938], [482.6146240234375, 452.5522155761719, 572.796630859375, 736.4236450195312]]","[0.398193359375, 0.666015625, 0.488525390625, 0.5791015625, 0.2763671875, 0.45263671875]","[[1575.5499267578125, 814.6089477539062], [632.2889709472656, 710.480712890625], [1675.365966796875, 810.566162109375], [510.9225616455078, 732.2174072265625], [747.0833435058594, 573.4408569335938], [527.7056274414062, 736.4236450195312]]",425426944,410959872,425426944,576,yolo26n_int8_576_ncnn_model,MOT17-02
21,,,6,"[1, 2, 3, 4, 5, 7]","[[1501.9365234375, 400.7909851074219, 1679.1231689453125, 822.7120361328125], [585.2608032226562, 443.2020263671875, 684.3107299804688, 710.18212890625], [1608.7423095703125, 426.5758361816406, 1765.17333984375, 804.07763671875], [453.22674560546875, 441.2982177734375, 571.51171875, 728.552734375], [727.6190795898438, 480.4894104003906, 767.365966796875, 572.5674438476562], [483.2893371582031, 467.53521728515625, 568.1563110351562, 734.854248046875]]","[0.515625, 0.646484375, 0.5537109375, 0.63623046875, 0.26953125, 0.347900390625]","[[1590.5298461914062, 822.7120361328125], [634.7857666015625, 710.18212890625], [1686.9578247070312, 804.07763671875], [512.3692321777344, 728.552734375], [747.4925231933594, 572.5674438476562], [525.7228240966797, 734.854248046875]]",425426944,410959872,425426944,576,yolo26n_int8_576_ncnn_model,MOT17-02
22,,,5,"[1, 2, 3, 4, 7]","[[1501.7208251953125, 403.5688781738281, 1685.7520751953125, 824.7828979492188], [586.15966796875, 442.1408996582031, 687.4610595703125, 712.2726440429688], [1618.49951171875, 433.0538635253906, 1772.2916259765625, 804.060546875], [456.01336669921875, 442.3056335449219, 574.1871337890625, 730.6962890625], [485.8398132324219, 470.941162109375, 570.6754760742188, 736.7360229492188]]","[0.5068359375, 0.66064453125, 0.50439453125, 0.59033203125, 0.366455078125]","[[1593.7364501953125, 824.7828979492188], [636.8103637695312, 712.2726440429688], [1695.3955688476562, 804.060546875], [515.1002502441406, 730.6962890625], [528.2576446533203, 736.7360229492188]]",425426944,410959872,425426944,576,yolo26n_int8_576_ncnn_model,MOT17-02
23,,,4,"[1, 2, 3, 4]","[[1500.314697265625, 404.9448547363281, 1686.568603515625, 818.6366577148438], [587.5902099609375, 441.74761962890625, 690.2451782226562, 713.0555419921875], [1627.022216796875, 442.7737731933594, 1776.0032958984375, 804.5374145507812], [459.1061706542969, 443.5415344238281, 575.8587646484375, 731.7693481445312]]","[0.3212890625, 0.64013671875, 0.383544921875, 0.6455078125]","[[1593.441650390625, 818.6366577148438], [638.9176940917969, 713.0555419921875], [1701.5127563476562, 804.5374145507812], [517.4824676513672, 731.7693481445312]]",425426944,410959872,425426944,576,yolo26n_int8_576_ncnn_model,MOT17-02
24,,,4,"[1, 2, 3, 4]","[[1501.7080078125, 403.0011291503906, 1695.1558837890625, 825.2900390625], [587.4684448242188, 439.9608154296875, 691.9041748046875, 713.8921508789062], [1636.4876708984375, 425.8005065917969, 1790.383056640625, 805.22021484375], [464.7932434082031, 443.2164001464844, 580.15625, 730.786376953125]]","[0.568359375, 0.6181640625, 0.52099609375, 0.55908203125]","[[1598.4319458007812, 825.2900390625], [639.6863098144531, 713.8921508789062], [1713.4353637695312, 805.22021484375], [522.4747467041016, 730.786376953125]]",425426944,410959872,425426944,576,yolo26n_int8_576_ncnn_model,MOT17-02
25,,,5,"[1, 2, 3, 4, 7]","[[1504.367919921875, 400.3750305175781, 1702.3131103515625, 827.4486083984375], [587.62158203125, 439.5682373046875, 692.8119506835938, 713.923828125], [1644.7803955078125, 409.3050231933594, 1803.5225830078125, 807.079833984375], [465.54742431640625, 442.0150146484375, 581.4613647460938, 732.5927734375], [489.2080993652344, 475.6884765625, 573.178466796875, 737.2612915039062]]","[0.61474609375, 0.61865234375, 0.64794921875, 0.62353515625, 0.268310546875]","[[1603.3405151367188, 827.4486083984375], [640.2167663574219, 713.923828125], [1724.1514892578125, 807.079833984375], [523.50439453125, 732.5927734375], [531.1932830810547, 737.2612915039062]]",425426944,410959872,425426944,576,yolo26n_int8_576_ncnn_model,MOT17-02
26,,,6,"[1, 2, 3, 4, 24, 7]","[[1508.45263671875, 397.4732360839844, 1710.1104736328125, 830.1070556640625], [588.3786010742188, 439.1609802246094, 694.5797729492188, 715.2933959960938], [1647.08056640625, 400.0174560546875, 1804.610107421875, 805.3416748046875], [467.7508850097656, 444.04327392578125, 584.3212890625, 736.2700805664062], [1081.1934814453125, 459.08331298828125, 1132.1397705078125, 600.9166870117188], [489.253662109375, 469.7320556640625, 576.6464233398438, 742.725830078125]]","[0.70654296875, 0.59521484375, 0.6572265625, 0.61669921875, 0.312744140625, 0.38623046875]","[[1609.2815551757812, 830.1070556640625], [641.4791870117188, 715.2933959960938], [1725.8453369140625, 805.3416748046875], [526.0360870361328, 736.2700805664062], [1106.6666259765625, 600.9166870117188], [532.9500427246094, 742.725830078125]]",425426944,410959872,425426944,576,yolo26n_int8_576_ncnn_model,MOT17-02
27,,,5,"[1, 2, 3, 4, 7]","[[1513.7760009765625, 393.5264892578125, 1717.4910888671875, 831.7291870117188], [588.9974365234375, 439.2956848144531, 694.8514404296875, 714.4298095703125], [1654.02392578125, 399.9895935058594, 1806.8760986328125, 804.340576171875], [468.8285827636719, 444.5634460449219, 585.0701904296875, 735.7325439453125], [491.21624755859375, 471.5772705078125, 578.0588989257812, 742.9146118164062]]","[0.7744140625, 0.60009765625, 0.63232421875, 0.57763671875, 0.363525390625]","[[1615.633544921875, 831.7291870117188], [641.9244384765625, 714.4298095703125], [1730.4500122070312, 804.340576171875], [526.9493865966797, 735.7325439453125], [534.6375732421875, 742.9146118164062]]",425426944,410959872,425426944,576,yolo26n_int8_576_ncnn_model,MOT17-02
28,,,6,"[1, 2, 3, 4, 7, 24]","[[1521.74755859375, 388.3731994628906, 1723.638671875, 829.4159545898438], [589.0488891601562, 441.2875671386719, 693.9641723632812, 715.4580688476562], [1668.99951171875, 402.8385009765625, 1818.743408203125, 803.369873046875], [461.2405090332031, 444.22454833984375, 578.94873046875, 733.8446044921875], [492.5843200683594, 469.8072204589844, 580.1009521484375, 744.3186645507812], [1081.8834228515625, 462.5256042480469, 1131.4498291015625, 600.4676513671875]]","[0.66015625, 0.5634765625, 0.59326171875, 0.50634765625, 0.352783203125, 0.287841796875]","[[1622.693115234375, 829.4159545898438], [641.5065307617188, 715.4580688476562], [1743.8714599609375, 803.369873046875], [520.0946197509766, 733.8446044921875], [536.3426361083984, 744.3186645507812], [1106.6666259765625, 600.4676513671875]]",425426944,410959872,425426944,576,yolo26n_int8_576_ncnn_model,MOT17-02
29,,,6,"[1, 2, 3, 4, 7, 24]","[[1534.76171875, 392.440185546875, 1731.836181640625, 831.1778564453125], [590.5928344726562, 441.2271728515625, 694.78955078125, 715.5595703125], [1680.481201171875, 411.16387939453125, 1827.831298828125, 805.712890625], [456.51519775390625, 442.4534912109375, 577.2860107421875, 733.6543579101562], [493.6794738769531, 463.1115417480469, 582.4061889648438, 744.2694702148438], [1081.8798828125, 462.7807922363281, 1131.453369140625, 600.7124633789062]]","[0.70361328125, 0.578125, 0.62158203125, 0.462890625, 0.3671875, 0.294677734375]","[[1633.2989501953125, 831.1778564453125], [642.6911926269531, 715.5595703125], [1754.15625, 805.712890625], [516.9006042480469, 733.6543579101562], [538.0428314208984, 744.2694702148438], [1106.6666259765625, 600.7124633789062]]",425426944,410959872,425426944,576,yolo26n_int8_576_ncnn_model,MOT17-02
30,,,6,"[1, 2, 3, 4, 7, 24]","[[1551.1844482421875, 390.49798583984375, 1744.857666015625, 834.2527465820312], [592.6257934570312, 442.0330505371094, 695.7937622070312, 715.8589477539062], [1692.526611328125, 421.29461669921875, 1840.5152587890625, 810.7117309570312], [465.18505859375, 445.36407470703125, 585.9413452148438, 737.6843872070312], [496.85894775390625, 464.11126708984375, 584.2493286132812, 742.8619995117188], [1082.4986572265625, 465.8548889160156, 1130.8345947265625, 600.1844482421875]]","[0.65966796875, 0.5390625, 0.65380859375, 0.412841796875, 0.3662109375, 0.28466796875]","[[1648.0210571289062, 834.2527465820312], [644.2097778320312, 715.8589477539062], [1766.5209350585938, 810.7117309570312], [525.5632019042969, 737.6843872070312], [540.5541381835938, 742.8619995117188], [1106.6666259765625, 600.1844482421875]]",425426944,410959872,425426944,576,yolo26n_int8_576_ncnn_model,MOT17-02
31,65.04417299993293,0.0,6,"[1, 2, 3, 4, 7, 24]","[[1572.998291015625, 390.8880310058594, 1768.5689697265625, 847.361572265625], [592.6029663085938, 441.7906494140625, 695.2514038085938, 715.4082641601562], [1712.5609130859375, 417.2783508300781, 1866.6412353515625, 812.7014770507812], [461.50970458984375, 440.170166015625, 585.7408447265625, 738.9219360351562], [498.87408447265625, 462.0570373535156, 585.7141723632812, 742.5537109375], [1082.954833984375, 463.5569152832031, 1131.5745849609375, 598.5122680664062]]","[0.69482421875, 0.548828125, 0.5791015625, 0.417724609375, 0.41357421875, 0.257080078125]","[[1670.7836303710938, 847.361572265625], [643.9271850585938, 715.4082641601562], [1789.60107421875, 812.7014770507812], [523.6252746582031, 738.9219360351562], [542.2941284179688, 742.5537109375], [1107.2647094726562, 598.5122680664062]]",425426944,410959872,425426944,576,yolo26n_int8_576_ncnn_model,MOT17-02
32,65.39465399987421,0.0,6,"[1, 2, 3, 4, 7, 34]","[[1590.2227783203125, 387.0077209472656, 1782.20166015625, 842.2694702148438], [594.4719848632812, 443.9013671875, 695.8568115234375, 716.32666015625], [1730.4072265625, 417.28717041015625, 1889.5146484375, 818.4691772460938], [468.7206726074219, 444.20745849609375, 590.080810546875, 737.7306518554688], [502.7040100097656, 458.28955078125, 588.0316162109375, 739.9541625976562], [1446.1324462890625, 431.70831298828125, 1486.5341796875, 554.9583129882812]]","[0.740234375, 0.56640625, 0.66650390625, 0.491943359375, 0.417724609375, 0.3720703125]","[[1686.2122192382812, 842.2694702148438], [645.1643981933594, 716.32666015625], [1809.9609375, 818.4691772460938], [529.4007415771484, 737.7306518554688], [545.3678131103516, 739.9541625976562], [1466.3333129882812, 554.9583129882812]]",425426944,410959872,425426944,576,yolo26n_int8_576_ncnn_model,MOT17-02
33,65.18937600003483,0.0,6,"[1, 2, 3, 4, 7, 24]","[[1602.4415283203125, 386.6324768066406, 1793.117431640625, 841.2493286132812], [596.103271484375, 444.97418212890625, 696.7550659179688, 717.4901733398438], [1743.5274658203125, 418.1234436035156, 1906.4068603515625, 823.0750732421875], [470.1863708496094, 444.6947937011719, 590.25390625, 736.1266479492188], [504.7071533203125, 457.9788818359375, 588.807861328125, 740.0441284179688], [1082.98681640625, 459.4177551269531, 1133.3837890625, 599.6536254882812]]","[0.802734375, 0.55419921875, 0.61376953125, 0.57666015625, 0.303955078125, 0.3017578125]","[[1697.7794799804688, 841.2493286132812], [646.4291687011719, 717.4901733398438], [1824.9671630859375, 823.0750732421875], [530.2201385498047, 736.1266479492188], [546.7575073242188, 740.0441284179688], [1108.185302734375, 599.6536254882812]]",425426944,410959872,425426944,576,yolo26n_int8_576_ncnn_model,MOT17-02
34,64.9664140000823,0.0,6,"[1, 2, 3, 4, 24, 34]","[[1611.7791748046875, 387.3564758300781, 1802.7452392578125, 845.4329223632812], [597.7889404296875, 443.4417419433594, 698.1639404296875, 717.6396484375], [1751.584716796875, 429.1064147949219, 1914.3953857421875, 829.4119873046875], [470.4842529296875, 440.46856689453125, 594.33984375, 745.4327392578125], [1082.97998046875, 455.60504150390625, 1134.88134765625, 600.5637817382812], [1455.86474609375, 437.68499755859375, 1495.446044921875, 558.0030517578125]]","[0.79638671875, 0.5390625, 0.295654296875, 0.59375, 0.319091796875, 0.369873046875]","[[1707.26220703125, 845.4329223632812], [647.9764404296875, 717.6396484375], [1832.9900512695312, 829.4119873046875], [532.4120483398438, 745.4327392578125], [1108.9306640625, 600.5637817382812], [1475.6553955078125, 558.0030517578125]]",425426944,410959872,425426944,576,yolo26n_int8_576_ncnn_model,MOT17-02
35,65.76254399988102,0.0,7,"[1, 2, 3, 4, 24, 34, 7]","[[1618.62939453125, 392.0368347167969, 1815.4613037109375, 864.4264526367188], [599.4799194335938, 442.3056335449219, 699.7738647460938, 718.2303466796875], [1758.4586181640625, 430.98687744140625, 1920.0, 829.6869506835938], [469.2935485839844, 443.2309265136719, 592.2418823242188, 747.7872314453125], [1082.1915283203125, 452.8775939941406, 1135.08837890625, 601.1582641601562], [1455.8046875, 433.8646545410156, 1496.00390625, 555.6220092773438], [500.74298095703125, 451.8143310546875, 590.123779296875, 757.7698974609375]]","[0.80419921875, 0.55419921875, 0.489501953125, 0.59375, 0.295166015625, 0.360107421875, 0.304443359375]","[[1717.0453491210938, 864.4264526367188], [649.6268920898438, 718.2303466796875], [1839.2293090820312, 829.6869506835938], [530.7677154541016, 747.7872314453125], [1108.6399536132812, 601.1582641601562], [1475.904296875, 555.6220092773438], [545.4333801269531, 757.7698974609375]]",425426944,410959872,425426944,576,yolo26n_int8_576_ncnn_model,MOT17-02
36,64.90628400001697,0.0,7,"[1, 2, 3, 4, 24, 34, 7]","[[1635.0802001953125, 390.58843994140625, 1836.12548828125, 866.1470336914062], [600.2965087890625, 441.87261962890625, 700.1370239257812, 718.4393310546875], [1759.723876953125, 414.5993347167969, 1920.0, 833.5516357421875], [466.8591003417969, 443.2427978515625, 590.5288696289062, 750.8323364257812], [1082.3267822265625, 454.07879638671875, 1134.70849609375, 601.3684692382812], [1456.8895263671875, 433.4129943847656, 1497.316162109375, 555.3291015625], [501.36407470703125, 449.7800598144531, 590.2373657226562, 760.2782592773438]]","[0.77001953125, 0.56591796875, 0.52294921875, 0.472412109375, 0.26806640625, 0.38623046875, 0.424560546875]","[[1735.6028442382812, 866.1470336914062], [650.2167663574219, 718.4393310546875], [1839.8619384765625, 833.5516357421875], [528.6939849853516, 750.8323364257812], [1108.5176391601562, 601.3684692382812], [1477.1028442382812, 555.3291015625], [545.8007202148438, 760.2782592773438]]",425426944,410959872,425426944,576,yolo26n_int8_576_ncnn_model,MOT17-02
37,64.95161700013341,0.0,7,"[1, 2, 3, 4, 24, 34, 7]","[[1646.0247802734375, 386.3682861328125, 1856.1480712890625, 873.5929565429688], [602.1293334960938, 432.9218444824219, 703.068603515625, 714.1087646484375], [1762.2347412109375, 424.1307067871094, 1920.0, 838.7185668945312], [459.79833984375, 444.6167297363281, 584.4920043945312, 749.4822387695312], [1082.3424072265625, 454.3311462402344, 1134.5765380859375, 601.7045288085938], [1459.0006103515625, 434.27398681640625, 1499.3287353515625, 555.374755859375], [503.2778625488281, 452.55755615234375, 590.1654052734375, 761.997802734375]]","[0.8017578125, 0.556640625, 0.4169921875, 0.4267578125, 0.2578125, 0.404541015625, 0.453125]","[[1751.08642578125, 873.5929565429688], [652.5989685058594, 714.1087646484375], [1841.1173706054688, 838.7185668945312], [522.1451721191406, 749.4822387695312], [1108.45947265625, 601.7045288085938], [1479.1646728515625, 555.374755859375], [546.7216339111328, 761.997802734375]]",425426944,410959872,425426944,576,yolo26n_int8_576_ncnn_model,MOT17-02
38,64.85845099996368,0.0,7,"[1, 2, 3, 4, 24, 34, 7]","[[1654.327392578125, 391.400390625, 1869.78369140625, 878.3486328125], [604.1561279296875, 440.7507019042969, 702.7740478515625, 716.5621948242188], [1772.6224365234375, 418.20855712890625, 1920.0, 833.9173583984375], [462.9052429199219, 446.52252197265625, 587.2962646484375, 750.819091796875], [1082.94775390625, 457.7707214355469, 1133.9129638671875, 601.815673828125], [1461.3480224609375, 434.5720520019531, 1501.716064453125, 555.3936157226562], [505.0279541015625, 453.9384765625, 588.4996948242188, 754.6966552734375]]","[0.8505859375, 0.54541015625, 0.293212890625, 0.4775390625, 0.296142578125, 0.38037109375, 0.362548828125]","[[1762.0555419921875, 878.3486328125], [653.465087890625, 716.5621948242188], [1846.3112182617188, 833.9173583984375], [525.1007537841797, 750.819091796875], [1108.4303588867188, 601.815673828125], [1481.5320434570312, 555.3936157226562], [546.7638244628906, 754.6966552734375]]",425426944,410959872,425426944,576,yolo26n_int8_576_ncnn_model,MOT17-02
39,64.61778400012008,0.0,7,"[1, 2, 3, 4, 24, 34, 7]","[[1661.5772705078125, 393.11822509765625, 1883.143798828125, 880.2982177734375], [605.56201171875, 443.81390380859375, 703.03271484375, 717.5122680664062], [1789.7568359375, 424.3081359863281, 1920.0, 823.664794921875], [464.0401306152344, 446.416259765625, 587.8446044921875, 748.8047485351562], [1083.27783203125, 458.01141357421875, 1133.545654296875, 600.727783203125], [1463.846435546875, 433.5210876464844, 1504.161865234375, 554.2565307617188], [506.8177795410156, 454.22052001953125, 588.30517578125, 750.9977416992188]]","[0.8154296875, 0.48291015625, 0.3505859375, 0.51904296875, 0.288330078125, 0.348388671875, 0.278564453125]","[[1772.3605346679688, 880.2982177734375], [654.29736328125, 717.5122680664062], [1854.87841796875, 823.664794921875], [525.9423675537109, 748.8047485351562], [1108.4117431640625, 600.727783203125], [1484.004150390625, 554.2565307617188], [547.5614776611328, 750.9977416992188]]",425426944,410959872,425426944,576,yolo26n_int8_576_ncnn_model,MOT17-02
40,64.64146899998013,0.0,7,"[1, 2, 3, 4, 24, 34, 7]","[[1659.545166015625, 391.87255859375, 1887.82080078125, 882.802978515625], [606.1923217773438, 434.879638671875, 705.154541015625, 713.5804443359375], [1798.6275634765625, 409.1322326660156, 1920.0, 822.6864013671875], [459.31573486328125, 445.26666259765625, 584.9283447265625, 746.8908081054688], [1084.474853515625, 456.45269775390625, 1134.5421142578125, 599.7554931640625], [1466.0391845703125, 432.70294189453125, 1506.98193359375, 554.2705688476562], [507.0066833496094, 454.34051513671875, 587.543701171875, 749.5947875976562]]","[0.83642578125, 0.50390625, 0.5, 0.55419921875, 0.2578125, 0.329345703125, 0.262451171875]","[[1773.6829833984375, 882.802978515625], [655.6734313964844, 713.5804443359375], [1859.3137817382812, 822.6864013671875], [522.1220397949219, 746.8908081054688], [1109.5084838867188, 599.7554931640625], [1486.5105590820312, 554.2705688476562], [547.2751922607422, 749.5947875976562]]",425426944,410959872,425426944,576,yolo26n_int8_576_ncnn_model,MOT17-02
41,64.63422799993168,0.0,5,"[1, 2, 3, 4, 34]","[[1663.9300537109375, 391.1290588378906, 1898.923583984375, 887.166015625], [607.2942504882812, 441.5345153808594, 704.4685668945312, 716.3513793945312], [1807.6259765625, 425.2547607421875, 1920.0, 833.339599609375], [456.88720703125, 440.97412109375, 586.6614990234375, 749.9890747070312], [1467.147705078125, 436.75054931640625, 1507.5364990234375, 554.4241333007812]]","[0.81982421875, 0.505859375, 0.5, 0.59033203125, 0.31005859375]","[[1781.4268188476562, 887.166015625], [655.8814086914062, 716.3513793945312], [1863.81298828125, 833.339599609375], [521.7743530273438, 749.9890747070312], [1487.3421020507812, 554.4241333007812]]",425426944,410959872,425426944,576,yolo26n_int8_576_ncnn_model,MOT17-02
42,64.8692839999967,0.0,6,"[1, 2, 3, 4, 34, 24]","[[1665.6845703125, 389.7629699707031, 1904.5279541015625, 887.6112670898438], [608.5399169921875, 450.4774475097656, 704.9378051757812, 726.5418701171875], [1811.5235595703125, 410.9146423339844, 1920.0, 837.1763305664062], [455.6116943359375, 438.2784118652344, 588.2296142578125, 752.2193603515625], [1468.9659423828125, 434.16070556640625, 1510.632080078125, 554.0661010742188], [1084.5699462890625, 457.1229553222656, 1134.1177978515625, 599.263427734375]]","[0.80126953125, 0.55029296875, 0.5224609375, 0.62060546875, 0.360595703125, 0.271728515625]","[[1785.1062622070312, 887.6112670898438], [656.7388610839844, 726.5418701171875], [1865.7617797851562, 837.1763305664062], [521.920654296875, 752.2193603515625], [1489.7990112304688, 554.0661010742188], [1109.3438720703125, 599.263427734375]]",425426944,410959872,425426944,576,yolo26n_int8_576_ncnn_model,MOT17-02
43,64.95150600017041,0.0,7,"[1, 2, 3, 4, 34, 38, 24]","[[1667.9573974609375, 386.7928466796875, 1910.85107421875, 889.0020141601562], [609.1376342773438, 436.210205078125, 707.1138916015625, 718.2378540039062], [1818.127685546875, 404.78369140625, 1920.0, 831.8102416992188], [453.6390380859375, 440.2575378417969, 589.7814331054688, 759.8493041992188], [1470.69287109375, 433.3572998046875, 1512.7867431640625, 553.802001953125], [694.0916748046875, 453.75, 744.9083251953125, 687.5833129882812], [1084.3912353515625, 459.6303405761719, 1133.0260009765625, 599.11962890625]]","[0.861328125, 0.59326171875, 0.470947265625, 0.5673828125, 0.29638671875, 0.379150390625, 0.270263671875]","[[1789.4042358398438, 889.0020141601562], [658.1257629394531, 718.2378540039062], [1869.0638427734375, 831.8102416992188], [521.7102355957031, 759.8493041992188], [1491.7398071289062, 553.802001953125], [719.5, 687.5833129882812], [1108.7086181640625, 599.11962890625]]",425426944,410959872,425426944,576,yolo26n_int8_576_ncnn_model,MOT17-02
44,81.30460999996103,0.0,5,"[1, 2, 4, 38, 24]","[[1673.3839111328125, 382.6769104003906, 1918.9398193359375, 890.2293090820312], [610.7132568359375, 446.9226989746094, 707.065673828125, 726.2713012695312], [453.8341979980469, 439.67840576171875, 592.6957397460938, 763.0006713867188], [695.21728515625, 457.2923889160156, 744.5555419921875, 684.2985229492188], [1084.8184814453125, 464.1416320800781, 1132.1455078125, 599.911865234375]]","[0.8310546875, 0.5947265625, 0.6064453125, 0.39013671875, 0.302490234375]","[[1796.161865234375, 890.2293090820312], [658.8894653320312, 726.2713012695312], [523.2649688720703, 763.0006713867188], [719.8864135742188, 684.2985229492188], [1108.4819946289062, 599.911865234375]]",425426944,410959872,425426944,576,yolo26n_int8_576_ncnn_model,MOT17-02
45,67.4055080000926,0.0,5,"[1, 2, 4, 38, 24]","[[1684.7037353515625, 385.485595703125, 1920.0, 889.494873046875], [612.8479614257812, 443.3647766113281, 709.280029296875, 721.6444702148438], [454.8518371582031, 443.55145263671875, 593.9700317382812, 765.5064697265625], [697.2025146484375, 455.8246154785156, 747.4398803710938, 687.1697387695312], [1084.7213134765625, 464.95611572265625, 1132.0692138671875, 601.0537719726562]]","[0.7900390625, 0.5693359375, 0.55810546875, 0.3251953125, 0.31884765625]","[[1802.3518676757812, 889.494873046875], [661.0639953613281, 721.6444702148438], [524.4109344482422, 765.5064697265625], [722.3211975097656, 687.1697387695312], [1108.395263671875, 601.0537719726562]]",425426944,410959872,425426944,576,yolo26n_int8_576_ncnn_model,MOT17-02
46,64.69878400002926,0.0,4,"[1, 2, 4, 24]","[[1696.79541015625, 384.961669921875, 1920.0, 888.537109375], [613.890380859375, 442.0068054199219, 710.900146484375, 719.8681640625], [453.51837158203125, 444.23614501953125, 591.8023681640625, 761.7391967773438], [1084.7879638671875, 464.3984069824219, 1131.936767578125, 600.086181640625]]","[0.71240234375, 0.541015625, 0.6123046875, 0.330810546875]","[[1808.397705078125, 888.537109375], [662.395263671875, 719.8681640625], [522.6603698730469, 761.7391967773438], [1108.3623657226562, 600.086181640625]]",425426944,410959872,425426944,576,yolo26n_int8_576_ncnn_model,MOT17-02
47,64.8918770000364,0.0,5,"[1, 2, 4, 24, 38]","[[1709.31396484375, 382.5922546386719, 1920.0, 888.0802612304688], [613.641845703125, 439.5645446777344, 712.0668334960938, 720.0115356445312], [451.1131286621094, 442.2933349609375, 590.6610107421875, 760.2258911132812], [1084.7618408203125, 466.93572998046875, 1130.82666015625, 599.1683349609375], [699.5952758789062, 458.09210205078125, 747.383544921875, 676.7142944335938]]","[0.61474609375, 0.568359375, 0.63037109375, 0.273193359375, 0.39208984375]","[[1814.656982421875, 888.0802612304688], [662.8543395996094, 720.0115356445312], [520.8870697021484, 760.2258911132812], [1107.7942504882812, 599.1683349609375], [723.4894104003906, 676.7142944335938]]",425426944,410959872,425426944,576,yolo26n_int8_576_ncnn_model,MOT17-02
48,65.04896999990706,0.0,4,"[1, 2, 4, 38]","[[1735.5579833984375, 388.2882385253906, 1920.0, 892.2083740234375], [616.6901245117188, 441.1173400878906, 714.7705688476562, 718.688720703125], [448.9881896972656, 436.6225280761719, 591.4606323242188, 760.1627807617188], [700.7457885742188, 463.7060546875, 747.0548095703125, 672.0562133789062]]","[0.72021484375, 0.5859375, 0.64306640625, 0.373291015625]","[[1827.7789916992188, 892.2083740234375], [665.7303466796875, 718.688720703125], [520.2244110107422, 760.1627807617188], [723.9002990722656, 672.0562133789062]]",425426944,410959872,425426944,576,yolo26n_int8_576_ncnn_model,MOT17-02
49,65.26539599985881,0.0,3,"[1, 2, 4]","[[1748.356689453125, 383.6203918457031, 1920.0, 884.0905151367188], [617.686767578125, 442.2740478515625, 716.4238891601562, 719.833740234375], [447.661376953125, 438.0373840332031, 591.2120971679688, 762.015380859375]]","[0.69384765625, 0.57421875, 0.63720703125]","[[1834.1783447265625, 884.0905151367188], [667.0553283691406, 719.833740234375], [519.4367370605469, 762.015380859375]]",425426944,410959872,425426944,576,yolo26n_int8_576_ncnn_model,MOT17-02
50,64.74350599978607,0.0,5,"[1, 2, 4, 24, 38]","[[1759.21875, 382.27001953125, 1920.0, 892.632568359375], [618.1596069335938, 442.43511962890625, 717.404052734375, 719.4359130859375], [455.1639099121094, 442.4432067871094, 596.8199462890625, 764.3308715820312], [1084.41845703125, 463.72576904296875, 1132.0433349609375, 600.2980346679688], [701.3943481445312, 460.48272705078125, 748.7417602539062, 670.1226196289062]]","[0.7041015625, 0.60498046875, 0.533203125, 0.259033203125, 0.3076171875]","[[1839.609375, 892.632568359375], [667.7818298339844, 719.4359130859375], [525.9919281005859, 764.3308715820312], [1108.2308959960938, 600.2980346679688], [725.0680541992188, 670.1226196289062]]",425426944,410959872,425426944,576,yolo26n_int8_576_ncnn_model,MOT17-02
51,64.29909799999223,0.0,3,"[1, 2, 4]","[[1768.8089599609375, 377.00775146484375, 1920.0, 895.1126098632812], [617.6517333984375, 442.4944763183594, 717.2597045898438, 719.28125], [447.556884765625, 437.2652893066406, 590.743896484375, 761.0458374023438]]","[0.701171875, 0.61328125, 0.63232421875]","[[1844.4044799804688, 895.1126098632812], [667.4557189941406, 719.28125], [519.150390625, 761.0458374023438]]",425426944,410959872,425426944,576,yolo26n_int8_576_ncnn_model,MOT17-02
52,64.5613950000552,0.0,4,"[1, 2, 4, 24]","[[1778.0953369140625, 373.2499084472656, 1920.0, 890.1329345703125], [615.2093505859375, 435.35107421875, 715.5087890625, 714.2609252929688], [445.7297058105469, 440.5251159667969, 587.9494018554688, 760.0460205078125], [1084.3333740234375, 461.7620849609375, 1132.2998046875, 599.1856689453125]]","[0.68359375, 0.595703125, 0.669921875, 0.291015625]","[[1849.0476684570312, 890.1329345703125], [665.3590698242188, 714.2609252929688], [516.8395538330078, 760.0460205078125], [1108.3165893554688, 599.1856689453125]]",425426944,410959872,425426944,576,yolo26n_int8_576_ncnn_model,MOT17-02
53,64.70970999998826,0.0,5,"[1, 2, 4, 24, 7]","[[1783.8389892578125, 381.85693359375, 1920.0, 896.769775390625], [618.6190185546875, 443.10296630859375, 719.240478515625, 723.9082641601562], [444.9190979003906, 440.1347351074219, 588.1354370117188, 760.18701171875], [1085.1842041015625, 466.4538269042969, 1131.4835205078125, 598.3081665039062], [487.54827880859375, 417.3764953613281, 583.3348999023438, 756.5013427734375]]","[0.68017578125, 0.59375, 0.611328125, 0.252197265625, 0.38818359375]","[[1851.9194946289062, 896.769775390625], [668.9297485351562, 723.9082641601562], [516.5272674560547, 760.18701171875], [1108.3338623046875, 598.3081665039062], [535.4415893554688, 756.5013427734375]]",425426944,410959872,425426944,576,yolo26n_int8_576_ncnn_model,MOT17-02
54,64.72706199997447,0.0,5,"[1, 2, 4, 24, 38]","[[1790.1619873046875, 394.5118713378906, 1920.0, 894.29638671875], [619.38818359375, 445.51312255859375, 720.5723266601562, 729.2215576171875], [451.866943359375, 443.293701171875, 595.2965698242188, 766.8236694335938], [1084.6864013671875, 464.2086486816406, 1131.9925537109375, 599.6788330078125], [709.466064453125, 457.8081970214844, 759.186279296875, 668.6246948242188]]","[0.59375, 0.5927734375, 0.58935546875, 0.2587890625, 0.30029296875]","[[1855.0809936523438, 894.29638671875], [669.9802551269531, 729.2215576171875], [523.5817565917969, 766.8236694335938], [1108.3394775390625, 599.6788330078125], [734.326171875, 668.6246948242188]]",425426944,410959872,425426944,576,yolo26n_int8_576_ncnn_model,MOT17-02
55,64.3643759999577,0.0,5,"[1, 2, 4, 50, 38]","[[1795.2177734375, 405.4588623046875, 1920.0, 891.602294921875], [620.24658203125, 445.0493469238281, 720.9848022460938, 727.103759765625], [457.0639953613281, 444.4872131347656, 599.8268432617188, 770.4002075195312], [1532.58740234375, 438.4166564941406, 1573.4124755859375, 550.9166870117188], [708.22607421875, 457.965576171875, 759.3482666015625, 665.9027099609375]]","[0.5771484375, 0.60302734375, 0.5732421875, 0.402099609375, 0.309814453125]","[[1857.60888671875, 891.602294921875], [670.6156921386719, 727.103759765625], [528.4454193115234, 770.4002075195312], [1552.9999389648438, 550.9166870117188], [733.7871704101562, 665.9027099609375]]",425426944,410959872,425426944,576,yolo26n_int8_576_ncnn_model,MOT17-02
56,64.78433999996014,0.0,6,"[1, 2, 4, 50, 38, 24]","[[1799.758056640625, 403.064208984375, 1920.0, 889.1513061523438], [620.1491088867188, 445.9552307128906, 719.830810546875, 725.1488647460938], [459.79034423828125, 444.9327697753906, 600.226806640625, 769.5250854492188], [1533.3067626953125, 441.2428283691406, 1573.2069091796875, 551.173583984375], [706.0552368164062, 456.9014587402344, 759.45751953125, 667.2408447265625], [1085.14208984375, 461.9480285644531, 1132.8389892578125, 598.9765625]]","[0.52197265625, 0.587890625, 0.5390625, 0.38671875, 0.365966796875, 0.260009765625]","[[1859.8790283203125, 889.1513061523438], [669.9899597167969, 725.1488647460938], [530.0085754394531, 769.5250854492188], [1553.2568359375, 551.173583984375], [732.7563781738281, 667.2408447265625], [1108.9905395507812, 598.9765625]]",425426944,410959872,425426944,576,yolo26n_int8_576_ncnn_model,MOT17-02
57,64.64120999999068,0.0,5,"[1, 2, 4, 50, 38]","[[1803.2247314453125, 404.0585021972656, 1920.0, 889.6095581054688], [619.7955322265625, 443.5227966308594, 720.1868896484375, 724.93310546875], [462.9344482421875, 443.1647644042969, 601.5092163085938, 766.6597900390625], [1534.107421875, 440.5433654785156, 1573.8897705078125, 550.27490234375], [704.888427734375, 457.912353515625, 759.8091430664062, 667.4756469726562]]","[0.44091796875, 0.58935546875, 0.5791015625, 0.361572265625, 0.339599609375]","[[1861.6123657226562, 889.6095581054688], [669.9912109375, 724.93310546875], [532.2218322753906, 766.6597900390625], [1553.9985961914062, 550.27490234375], [732.3487854003906, 667.4756469726562]]",425426944,410959872,425426944,576,yolo26n_int8_576_ncnn_model,MOT17-02
58,64.79237600001397,0.0,4,"[2, 4, 50, 24]","[[620.9122314453125, 445.3485412597656, 719.569091796875, 722.0921020507812], [466.7162780761719, 443.3111267089844, 605.3868408203125, 770.2139892578125], [1534.1893310546875, 436.4894714355469, 1575.4986572265625, 551.2540893554688], [1084.5626220703125, 452.5076904296875, 1135.0738525390625, 598.4464111328125]]","[0.60107421875, 0.62646484375, 0.330810546875, 0.2734375]","[[670.2406616210938, 722.0921020507812], [536.0515594482422, 770.2139892578125], [1554.843994140625, 551.2540893554688], [1109.8182373046875, 598.4464111328125]]",425426944,410959872,425426944,576,yolo26n_int8_576_ncnn_model,MOT17-02
59,64.51504300002853,0.0,5,"[2, 4, 50, 24, 38]","[[621.0966186523438, 445.48602294921875, 719.5099487304688, 721.5463256835938], [469.7637939453125, 444.1843566894531, 607.8862915039062, 771.7977905273438], [1537.2589111328125, 439.3106689453125, 1577.6837158203125, 552.170166015625], [1084.436279296875, 451.0491943359375, 1135.542236328125, 598.8720092773438], [703.8446655273438, 461.3065490722656, 760.455322265625, 671.193115234375]]","[0.595703125, 0.59619140625, 0.359619140625, 0.25732421875, 0.31640625]","[[670.3032836914062, 721.5463256835938], [538.8250427246094, 771.7977905273438], [1557.4713134765625, 552.170166015625], [1109.9892578125, 598.8720092773438], [732.1499938964844, 671.193115234375]]",425426944,410959872,425426944,576,yolo26n_int8_576_ncnn_model,MOT17-02
60,64.59067300011156,0.0,5,"[2, 4, 50, 24, 38]","[[619.3948364257812, 446.6321105957031, 719.003173828125, 729.0733642578125], [471.0728454589844, 442.86590576171875, 610.2305908203125, 774.0061645507812], [1537.917236328125, 434.64288330078125, 1578.845703125, 549.989501953125], [1085.1671142578125, 454.3390808105469, 1134.931396484375, 598.4898681640625], [703.2562255859375, 459.8548278808594, 762.4572143554688, 675.4811401367188]]","[0.59765625, 0.61962890625, 0.293701171875, 0.269287109375, 0.363037109375]","[[669.1990051269531, 729.0733642578125], [540.6517181396484, 774.0061645507812], [1558.3814697265625, 549.989501953125], [1110.0492553710938, 598.4898681640625], [732.8567199707031, 675.4811401367188]]",425426944,410959872,425426944,576,yolo26n_int8_576_ncnn_model,MOT17-02
61,64.68417299993234,0.0,5,"[2, 4, 50, 24, 38]","[[618.3463134765625, 446.5050354003906, 718.1026000976562, 732.4234008789062], [474.7099304199219, 432.7887268066406, 614.436767578125, 766.870849609375], [1539.733154296875, 426.0212707519531, 1583.3045654296875, 550.5035400390625], [1085.3519287109375, 454.5560302734375, 1134.778564453125, 598.3466796875], [701.8944091796875, 459.6191711425781, 761.5691528320312, 674.522216796875]]","[0.63623046875, 0.6640625, 0.323974609375, 0.277099609375, 0.41455078125]","[[668.2244567871094, 732.4234008789062], [544.5733489990234, 766.870849609375], [1561.5188598632812, 550.5035400390625], [1110.0652465820312, 598.3466796875], [731.7317810058594, 674.522216796875]]",425426944,410959872,425426944,576,yolo26n_int8_576_ncnn_model,MOT17-02
62,65.23115499999221,0.0,4,"[2, 4, 24, 38]","[[616.8713989257812, 448.3564147949219, 717.1621704101562, 738.3187866210938], [477.15032958984375, 435.24365234375, 620.8827514648438, 777.5088500976562], [1086.0750732421875, 461.2461853027344, 1132.9599609375, 597.1988525390625], [700.437255859375, 456.51031494140625, 762.1158447265625, 676.0591430664062]]","[0.60546875, 0.63134765625, 0.25927734375, 0.421142578125]","[[667.0167846679688, 738.3187866210938], [549.0165405273438, 777.5088500976562], [1109.5175170898438, 597.1988525390625], [731.2765502929688, 676.0591430664062]]",425426944,410959872,425426944,576,yolo26n_int8_576_ncnn_model,MOT17-02
63,64.37061699989499,0.0,4,"[2, 4, 24, 38]","[[619.3901977539062, 447.9584045410156, 716.9808959960938, 729.6085815429688], [487.2538146972656, 423.85028076171875, 630.3283081054688, 768.900390625], [1085.5894775390625, 462.7190246582031, 1131.8880615234375, 596.7658081054688], [699.2647705078125, 460.53076171875, 760.7426147460938, 676.8973388671875]]","[0.57861328125, 0.568359375, 0.287109375, 0.438720703125]","[[668.185546875, 729.6085815429688], [558.7910614013672, 768.900390625], [1108.73876953125, 596.7658081054688], [730.0036926269531, 676.8973388671875]]",425426944,410959872,425426944,576,yolo26n_int8_576_ncnn_model,MOT17-02
64,75.3961990001244,0.0,4,"[2, 4, 24, 38]","[[615.6988525390625, 446.3945007324219, 716.5747680664062, 739.7467651367188], [493.0194091796875, 432.7009582519531, 630.3014526367188, 765.3897705078125], [1085.7601318359375, 466.0312805175781, 1131.151123046875, 597.1734619140625], [697.4376220703125, 462.6568298339844, 759.3523559570312, 678.851806640625]]","[0.5791015625, 0.57861328125, 0.283935546875, 0.4267578125]","[[666.1368103027344, 739.7467651367188], [561.6604309082031, 765.3897705078125], [1108.4556274414062, 597.1734619140625], [728.3949890136719, 678.851806640625]]",425426944,410959872,425426944,576,yolo26n_int8_576_ncnn_model,MOT17-02
65,64.95933999985937,0.0,4,"[2, 4, 24, 38]","[[618.2473754882812, 447.4435119628906, 715.2332153320312, 728.8056030273438], [496.2591857910156, 435.109130859375, 631.1998291015625, 764.0120239257812], [1084.20654296875, 463.6095886230469, 1131.379150390625, 599.8524169921875], [697.8165893554688, 463.45318603515625, 760.5099487304688, 679.5654296875]]","[0.57763671875, 0.60009765625, 0.33740234375, 0.5029296875]","[[666.7402954101562, 728.8056030273438], [563.7295074462891, 764.0120239257812], [1107.7928466796875, 599.8524169921875], [729.1632690429688, 679.5654296875]]",425426944,410959872,425426944,576,yolo26n_int8_576_ncnn_model,MOT17-02
66,64.57750699996723,0.0,4,"[2, 4, 24, 38]","[[619.9029541015625, 447.2898254394531, 715.7266845703125, 724.9562377929688], [498.43402099609375, 438.2342224121094, 631.4700927734375, 763.5040893554688], [1083.9608154296875, 462.44476318359375, 1131.1466064453125, 598.912841796875], [698.3888549804688, 458.7940673828125, 761.0704345703125, 673.7578735351562]]","[0.59814453125, 0.609375, 0.365966796875, 0.43212890625]","[[667.8148193359375, 724.9562377929688], [564.9520568847656, 763.5040893554688], [1107.5537109375, 598.912841796875], [729.7296447753906, 673.7578735351562]]",425426944,410959872,425426944,576,yolo26n_int8_576_ncnn_model,MOT17-02
67,64.58287700002074,0.0,5,"[2, 4, 24, 38, 50]","[[619.7066040039062, 449.44317626953125, 716.71142578125, 730.1878662109375], [497.4349060058594, 438.5853271484375, 630.9549560546875, 764.151611328125], [1084.2353515625, 460.3293151855469, 1131.802001953125, 597.9927368164062], [697.0425415039062, 461.1583251953125, 759.5332641601562, 676.2239990234375], [1542.707763671875, 419.47088623046875, 1587.88720703125, 550.046875]]","[0.5712890625, 0.60595703125, 0.3623046875, 0.385498046875, 0.2763671875]","[[668.2090148925781, 730.1878662109375], [564.1949310302734, 764.151611328125], [1108.0186767578125, 597.9927368164062], [728.2879028320312, 676.2239990234375], [1565.2974853515625, 550.046875]]",425426944,410959872,425426944,576,yolo26n_int8_576_ncnn_model,MOT17-02
68,64.75604300021587,0.0,5,"[2, 4, 24, 38, 50]","[[619.5737915039062, 448.30865478515625, 716.0274047851562, 726.3550415039062], [497.3343505859375, 437.6113586425781, 631.966552734375, 765.5038452148438], [1083.7371826171875, 462.82330322265625, 1130.463623046875, 597.6449584960938], [699.24560546875, 462.60577392578125, 760.6453857421875, 674.3978271484375], [1543.32666015625, 420.50823974609375, 1587.4632568359375, 549.9472045898438]]","[0.587890625, 0.537109375, 0.305908203125, 0.427490234375, 0.306884765625]","[[667.8005981445312, 726.3550415039062], [564.6504516601562, 765.5038452148438], [1107.1004028320312, 597.6449584960938], [729.9454956054688, 674.3978271484375], [1565.3949584960938, 549.9472045898438]]",425426944,410959872,425426944,576,yolo26n_int8_576_ncnn_model,MOT17-02
69,64.55182099989543,0.0,5,"[2, 4, 24, 38, 50]","[[612.6334838867188, 444.26318359375, 714.8978881835938, 742.8588256835938], [498.8156433105469, 434.4932556152344, 634.5213623046875, 766.5650634765625], [1083.0836181640625, 464.6116943359375, 1129.314453125, 597.7930297851562], [704.1339721679688, 457.0578308105469, 766.9905395507812, 670.92578125], [1541.2841796875, 420.0339050292969, 1585.1343994140625, 549.6390991210938]]","[0.64013671875, 0.59716796875, 0.315673828125, 0.436767578125, 0.34814453125]","[[663.7656860351562, 742.8588256835938], [566.6685028076172, 766.5650634765625], [1106.1990356445312, 597.7930297851562], [735.562255859375, 670.92578125], [1563.2092895507812, 549.6390991210938]]",425426944,410959872,425426944,576,yolo26n_int8_576_ncnn_model,MOT17-02
70,64.41513599997961,0.0,5,"[2, 4, 24, 38, 50]","[[610.7933959960938, 443.58416748046875, 713.7816772460938, 747.0242919921875], [498.4657287597656, 431.12744140625, 635.1563110351562, 766.9631958007812], [1082.4771728515625, 466.1015625, 1128.1541748046875, 597.0191650390625], [704.8880615234375, 455.5447998046875, 769.2948608398438, 672.38671875], [1541.6474609375, 420.02099609375, 1585.3016357421875, 549.4061889648438]]","[0.6103515625, 0.62451171875, 0.3525390625, 0.439453125, 0.283203125]","[[662.2875366210938, 747.0242919921875], [566.8110198974609, 766.9631958007812], [1105.315673828125, 597.0191650390625], [737.0914611816406, 672.38671875], [1563.4745483398438, 549.4061889648438]]",425426944,410959872,425426944,576,yolo26n_int8_576_ncnn_model,MOT17-02
71,64.7514869999668,0.0,5,"[2, 4, 24, 38, 50]","[[610.181884765625, 441.9705810546875, 713.2539672851562, 748.863037109375], [502.7550354003906, 427.8121032714844, 640.1328735351562, 768.0660400390625], [1082.5494384765625, 465.528564453125, 1128.5576171875, 596.7335815429688], [701.288818359375, 457.7281799316406, 766.877197265625, 678.9749755859375], [1542.8978271484375, 422.2490234375, 1586.4134521484375, 551.54345703125]]","[0.67822265625, 0.5751953125, 0.322265625, 0.418212890625, 0.271728515625]","[[661.7179260253906, 748.863037109375], [571.4439544677734, 768.0660400390625], [1105.5535278320312, 596.7335815429688], [734.0830078125, 678.9749755859375], [1564.6556396484375, 551.54345703125]]",425426944,410959872,425426944,576,yolo26n_int8_576_ncnn_model,MOT17-02
72,64.5988030000808,0.0,4,"[2, 4, 24, 38]","[[609.7220458984375, 438.0999450683594, 712.2236938476562, 746.2369384765625], [505.6930847167969, 430.9481506347656, 641.1319580078125, 768.47802734375], [1082.2052001953125, 460.87335205078125, 1130.2056884765625, 597.7401733398438], [700.9392700195312, 456.9394226074219, 767.6168823242188, 680.9328002929688]]","[0.62548828125, 0.63330078125, 0.3359375, 0.471435546875]","[[660.9728698730469, 746.2369384765625], [573.4125213623047, 768.47802734375], [1106.2054443359375, 597.7401733398438], [734.278076171875, 680.9328002929688]]",425426944,410959872,425426944,576,yolo26n_int8_576_ncnn_model,MOT17-02
73,64.83698800002458,0.0,4,"[2, 4, 24, 38]","[[610.5563354492188, 437.7184753417969, 713.032470703125, 748.4204711914062], [504.76019287109375, 426.5550842285156, 641.18994140625, 768.7608032226562], [1080.6292724609375, 457.2398986816406, 1130.10107421875, 597.844482421875], [701.6244506835938, 455.8294982910156, 769.2324829101562, 681.3883056640625]]","[0.6162109375, 0.65478515625, 0.373779296875, 0.452392578125]","[[661.7944030761719, 748.4204711914062], [572.9750671386719, 768.7608032226562], [1105.3651733398438, 597.844482421875], [735.428466796875, 681.3883056640625]]",425426944,410959872,425426944,576,yolo26n_int8_576_ncnn_model,MOT17-02
74,65.13870999992832,0.0,4,"[2, 4, 24, 38]","[[610.6982421875, 436.51031494140625, 713.5517578125, 752.4651489257812], [508.1341247558594, 425.47296142578125, 644.46435546875, 770.496826171875], [1081.1116943359375, 455.8472900390625, 1131.154541015625, 597.8858642578125], [704.5958862304688, 454.0523376464844, 772.5729370117188, 679.6239624023438]]","[0.59130859375, 0.615234375, 0.36865234375, 0.4453125]","[[662.125, 752.4651489257812], [576.2992401123047, 770.496826171875], [1106.1331176757812, 597.8858642578125], [738.5844116210938, 679.6239624023438]]",425426944,410959872,425426944,576,yolo26n_int8_576_ncnn_model,MOT17-02
75,65.07569199993668,0.0,4,"[2, 4, 24, 38]","[[612.9996337890625, 434.4451904296875, 713.6968994140625, 749.0704956054688], [509.3836364746094, 433.0224304199219, 643.9728393554688, 773.0602416992188], [1081.1976318359375, 458.87615966796875, 1130.5897216796875, 598.7200927734375], [706.2203979492188, 454.759521484375, 774.4149780273438, 678.650634765625]]","[0.5986328125, 0.6396484375, 0.401611328125, 0.375732421875]","[[663.3482666015625, 749.0704956054688], [576.6782379150391, 773.0602416992188], [1105.8936767578125, 598.7200927734375], [740.3176879882812, 678.650634765625]]",425426944,410959872,425426944,576,yolo26n_int8_576_ncnn_model,MOT17-02
76,64.57115400007751,0.0,4,"[2, 4, 24, 38]","[[617.7299194335938, 439.4189453125, 713.2161865234375, 737.5697631835938], [508.1649475097656, 430.4427795410156, 641.9959716796875, 769.6102294921875], [1081.8013916015625, 459.52044677734375, 1130.9144287109375, 598.4906616210938], [707.56005859375, 453.4006042480469, 777.0823974609375, 677.7138671875]]","[0.5751953125, 0.591796875, 0.37890625, 0.3515625]","[[665.4730529785156, 737.5697631835938], [575.0804595947266, 769.6102294921875], [1106.35791015625, 598.4906616210938], [742.3212280273438, 677.7138671875]]",425426944,410959872,425426944,576,yolo26n_int8_576_ncnn_model,MOT17-02
77,64.60322900011306,0.0,4,"[2, 4, 24, 38]","[[619.68359375, 441.1080627441406, 712.3593139648438, 735.574462890625], [508.0335998535156, 438.83837890625, 639.7032470703125, 767.7446899414062], [1081.4366455078125, 459.7723693847656, 1130.535888671875, 598.4019165039062], [702.7431030273438, 452.6297912597656, 774.0171508789062, 684.212158203125]]","[0.5810546875, 0.54150390625, 0.358154296875, 0.34326171875]","[[666.0214538574219, 735.574462890625], [573.8684234619141, 767.7446899414062], [1105.9862670898438, 598.4019165039062], [738.380126953125, 684.212158203125]]",425426944,410959872,425426944,576,yolo26n_int8_576_ncnn_model,MOT17-02
78,64.59911699994336,0.0,4,"[2, 4, 24, 38]","[[621.0935668945312, 442.5634460449219, 711.3433227539062, 734.0158081054688], [508.6492614746094, 431.45867919921875, 641.9271850585938, 767.5824584960938], [1080.396240234375, 459.5987854003906, 1130.2017822265625, 599.7427978515625], [699.9232788085938, 454.7944641113281, 770.5784912109375, 686.373046875]]","[0.61328125, 0.54296875, 0.33642578125, 0.330078125]","[[666.2184448242188, 734.0158081054688], [575.2882232666016, 767.5824584960938], [1105.2990112304688, 599.7427978515625], [735.2508850097656, 686.373046875]]",425426944,410959872,425426944,576,yolo26n_int8_576_ncnn_model,MOT17-02
79,64.87426600006074,0.0,4,"[2, 4, 24, 38]","[[621.5201416015625, 442.2757568359375, 710.498291015625, 734.2755737304688], [507.9494323730469, 430.12237548828125, 641.9667358398438, 769.4412231445312], [1079.7109375, 457.3474426269531, 1130.3782958984375, 600.2449340820312], [699.9434204101562, 455.1120300292969, 770.8240356445312, 687.721435546875]]","[0.61474609375, 0.465576171875, 0.358642578125, 0.300048828125]","[[666.0092163085938, 734.2755737304688], [574.9580841064453, 769.4412231445312], [1105.0446166992188, 600.2449340820312], [735.3837280273438, 687.721435546875]]",425426944,410959872,425426944,576,yolo26n_int8_576_ncnn_model,MOT17-02
80,65.06422899997233,0.0,4,"[2, 4, 24, 38]","[[623.0391845703125, 443.27069091796875, 709.9190063476562, 733.2792358398438], [507.7672424316406, 440.04205322265625, 641.8059692382812, 775.08349609375], [1080.03857421875, 455.6827087402344, 1130.958984375, 599.0668334960938], [714.9625854492188, 456.0621643066406, 788.1588134765625, 686.284912109375]]","[0.55712890625, 0.4794921875, 0.384033203125, 0.39599609375]","[[666.4790954589844, 733.2792358398438], [574.7866058349609, 775.08349609375], [1105.498779296875, 599.0668334960938], [751.5606994628906, 686.284912109375]]",425426944,410959872,425426944,576,yolo26n_int8_576_ncnn_model,MOT17-02
81,64.60387600009199,0.0,5,"[2, 4, 24, 38, 68]","[[625.8150024414062, 443.6429748535156, 711.3662719726562, 732.9159545898438], [505.18768310546875, 429.2037353515625, 643.0578002929688, 777.5050659179688], [1079.14599609375, 456.7005310058594, 1130.0257568359375, 599.1535034179688], [719.1898193359375, 461.3840026855469, 792.9706420898438, 686.2445068359375], [542.4201049804688, 424.9166564941406, 643.7465209960938, 777.0833129882812]]","[0.591796875, 0.478515625, 0.35791015625, 0.53173828125, 0.358154296875]","[[668.5906372070312, 732.9159545898438], [574.1227416992188, 777.5050659179688], [1104.5858764648438, 599.1535034179688], [756.0802307128906, 686.2445068359375], [593.0833129882812, 777.0833129882812]]",425426944,410959872,425426944,576,yolo26n_int8_576_ncnn_model,MOT17-02
82,64.78250600002866,0.0,5,"[2, 4, 24, 38, 68]","[[626.4436645507812, 444.6059875488281, 711.1978759765625, 737.4968872070312], [498.0905456542969, 437.39312744140625, 627.3843994140625, 767.2613525390625], [1079.07275390625, 455.45977783203125, 1130.51220703125, 599.7337646484375], [722.2889404296875, 456.74749755859375, 800.8991088867188, 686.1962280273438], [555.939697265625, 442.5682067871094, 651.076171875, 773.2460327148438]]","[0.5380859375, 0.43359375, 0.322509765625, 0.578125, 0.349609375]","[[668.8207702636719, 737.4968872070312], [562.7374725341797, 767.2613525390625], [1104.79248046875, 599.7337646484375], [761.5940246582031, 686.1962280273438], [603.5079345703125, 773.2460327148438]]",425426944,410959872,425426944,576,yolo26n_int8_576_ncnn_model,MOT17-02
83,64.96658099990782,0.0,5,"[2, 4, 24, 38, 68]","[[632.7565307617188, 453.7544860839844, 716.5764770507812, 744.7142944335938], [495.29193115234375, 441.7841491699219, 616.0572509765625, 753.076904296875], [1079.493896484375, 456.9177551269531, 1130.2579345703125, 599.1296997070312], [725.9903564453125, 461.0447692871094, 805.5316162109375, 685.6151123046875], [565.159423828125, 446.1309509277344, 659.5169067382812, 774.3015747070312]]","[0.541015625, 0.45703125, 0.322021484375, 0.517578125, 0.427490234375]","[[674.66650390625, 744.7142944335938], [555.6745910644531, 753.076904296875], [1104.8759155273438, 599.1296997070312], [765.760986328125, 685.6151123046875], [612.3381652832031, 774.3015747070312]]",425426944,410959872,425426944,576,yolo26n_int8_576_ncnn_model,MOT17-02
84,86.90855899999406,0.0,5,"[2, 4, 24, 38, 68]","[[637.6930541992188, 459.4293212890625, 719.3675537109375, 743.0280151367188], [496.9600830078125, 443.6659240722656, 611.5093383789062, 743.0526123046875], [1080.2880859375, 454.7391357421875, 1131.7476806640625, 599.4442749023438], [726.7235717773438, 463.8104553222656, 807.7630615234375, 686.4701538085938], [570.4974365234375, 446.4595947265625, 665.7423095703125, 777.5346069335938]]","[0.57666015625, 0.4951171875, 0.2744140625, 0.5009765625, 0.435302734375]","[[678.5303039550781, 743.0280151367188], [554.2347106933594, 743.0526123046875], [1106.0178833007812, 599.4442749023438], [767.2433166503906, 686.4701538085938], [618.119873046875, 777.5346069335938]]",425426944,410959872,425426944,576,yolo26n_int8_576_ncnn_model,MOT17-02
85,64.5784140001524,0.0,5,"[2, 4, 24, 38, 68]","[[638.5362548828125, 461.7896728515625, 720.791748046875, 746.527099609375], [497.10601806640625, 445.1593322753906, 609.297119140625, 740.9398193359375], [1081.26708984375, 452.8425598144531, 1132.71826171875, 598.4677124023438], [726.1859741210938, 462.61083984375, 809.2130737304688, 686.7714233398438], [573.6716918945312, 445.0793151855469, 669.9075927734375, 779.7950439453125]]","[0.5771484375, 0.475830078125, 0.267333984375, 0.51904296875, 0.435302734375]","[[679.6640014648438, 746.527099609375], [553.2015686035156, 740.9398193359375], [1106.99267578125, 598.4677124023438], [767.6995239257812, 686.7714233398438], [621.7896423339844, 779.7950439453125]]",425426944,410959872,425426944,576,yolo26n_int8_576_ncnn_model,MOT17-02
86,64.64724800002841,0.0,4,"[2, 4, 38, 68]","[[644.0133056640625, 469.7882080078125, 724.3595581054688, 747.2374877929688], [501.19000244140625, 443.4143371582031, 612.4318237304688, 744.7730712890625], [725.4597778320312, 458.5641174316406, 811.2156372070312, 687.14208984375], [574.31591796875, 448.2359313964844, 670.6065673828125, 783.76904296875]]","[0.517578125, 0.447509765625, 0.5556640625, 0.42919921875]","[[684.1864318847656, 747.2374877929688], [556.8109130859375, 744.7730712890625], [768.3377075195312, 687.14208984375], [622.4612426757812, 783.76904296875]]",425426944,410959872,425426944,576,yolo26n_int8_576_ncnn_model,MOT17-02
87,64.47561699997095,0.0,4,"[2, 4, 38, 68]","[[642.4004516601562, 461.2742919921875, 725.9172973632812, 748.8533935546875], [503.5306701660156, 443.8599548339844, 616.1140747070312, 754.0050659179688], [725.4525756835938, 457.3026123046875, 813.1983032226562, 688.0861206054688], [573.1798706054688, 449.5028381347656, 668.7985229492188, 782.5247192382812]]","[0.52783203125, 0.362548828125, 0.57763671875, 0.404541015625]","[[684.1588745117188, 748.8533935546875], [559.8223724365234, 754.0050659179688], [769.325439453125, 688.0861206054688], [620.9891967773438, 782.5247192382812]]",425426944,410959872,425426944,576,yolo26n_int8_576_ncnn_model,MOT17-02
88,67.10330499981865,0.0,5,"[2, 4, 38, 68, 81]","[[642.56640625, 453.2171630859375, 726.76220703125, 741.2236328125], [507.1744384765625, 443.7305603027344, 618.6033325195312, 755.589599609375], [727.3759155273438, 456.82281494140625, 815.6993408203125, 687.3338012695312], [574.2927856445312, 449.53057861328125, 669.6289672851562, 782.2844848632812], [573.8597412109375, 437.3333435058594, 639.6401977539062, 782.6666259765625]]","[0.5, 0.4091796875, 0.57373046875, 0.406982421875, 0.342529296875]","[[684.664306640625, 741.2236328125], [562.8888854980469, 755.589599609375], [771.5376281738281, 687.3338012695312], [621.9608764648438, 782.2844848632812], [606.7499694824219, 782.6666259765625]]",425426944,410959872,425426944,576,yolo26n_int8_576_ncnn_model,MOT17-02
89,66.05682300005356,0.0,5,"[2, 4, 38, 68, 81]","[[644.14892578125, 448.96124267578125, 728.7390747070312, 737.1409301757812], [511.4323425292969, 446.9593200683594, 620.5614013671875, 756.2159423828125], [728.71923828125, 453.6268310546875, 819.1796264648438, 687.8497314453125], [573.9962158203125, 450.5639953613281, 669.2076416015625, 784.4187622070312], [574.138427734375, 440.3652038574219, 639.232421875, 782.215087890625]]","[0.52880859375, 0.436767578125, 0.60546875, 0.39111328125, 0.275390625]","[[686.4440002441406, 737.1409301757812], [565.9968719482422, 756.2159423828125], [773.9494323730469, 687.8497314453125], [621.6019287109375, 784.4187622070312], [606.6854248046875, 782.215087890625]]",425426944,410959872,425426944,576,yolo26n_int8_576_ncnn_model,MOT17-02
90,64.88780300014696,0.0,5,"[2, 4, 38, 68, 81]","[[645.3302001953125, 446.24542236328125, 730.4503784179688, 734.4953002929688], [514.0396118164062, 447.050537109375, 620.8444213867188, 753.1426391601562], [729.6303100585938, 455.1607360839844, 819.9586181640625, 687.48583984375], [575.9798583984375, 451.13330078125, 671.2119140625, 786.0064697265625], [577.06591796875, 436.7938232421875, 642.7937622070312, 781.4129028320312]]","[0.5185546875, 0.4306640625, 0.576171875, 0.378173828125, 0.32666015625]","[[687.8902893066406, 734.4953002929688], [567.4420166015625, 753.1426391601562], [774.7944641113281, 687.48583984375], [623.5958862304688, 786.0064697265625], [609.9298400878906, 781.4129028320312]]",425426944,410959872,425426944,576,yolo26n_int8_576_ncnn_model,MOT17-02
91,64.96198900003947,0.0,5,"[2, 4, 38, 68, 24]","[[647.178955078125, 442.7557067871094, 734.5421142578125, 739.294189453125], [514.7835693359375, 462.0229797363281, 617.260009765625, 760.3169555664062], [732.275146484375, 453.0227966308594, 821.6342163085938, 681.2791137695312], [577.0917358398438, 447.62823486328125, 673.6049194335938, 789.0646362304688], [1078.0504150390625, 456.62677001953125, 1129.2286376953125, 599.387451171875]]","[0.5400390625, 0.408935546875, 0.60107421875, 0.379150390625, 0.280029296875]","[[690.8605346679688, 739.294189453125], [566.0217895507812, 760.3169555664062], [776.9546813964844, 681.2791137695312], [625.3483276367188, 789.0646362304688], [1103.6395263671875, 599.387451171875]]",425426944,410959872,425426944,576,yolo26n_int8_576_ncnn_model,MOT17-02
92,65.49491500004478,0.0,5,"[2, 4, 38, 68, 24]","[[647.9149780273438, 440.65057373046875, 736.4945068359375, 741.9202270507812], [514.926025390625, 452.2320556640625, 614.8821411132812, 749.3382568359375], [732.3351440429688, 450.84429931640625, 824.7069702148438, 684.728759765625], [572.3080444335938, 442.12335205078125, 670.6783447265625, 793.1981811523438], [1078.867919921875, 457.8709411621094, 1130.1690673828125, 599.7818603515625]]","[0.490966796875, 0.42529296875, 0.60107421875, 0.414794921875, 0.258544921875]","[[692.2047424316406, 741.9202270507812], [564.9040832519531, 749.3382568359375], [778.5210571289062, 684.728759765625], [621.4931945800781, 793.1981811523438], [1104.5184936523438, 599.7818603515625]]",425426944,410959872,425426944,576,yolo26n_int8_576_ncnn_model,MOT17-02
93,64.6679880001102,0.0,5,"[2, 4, 38, 68, 24]","[[646.5835571289062, 440.1477355957031, 736.0164794921875, 744.8362426757812], [516.2593994140625, 451.06475830078125, 613.8152465820312, 746.1348876953125], [732.900146484375, 450.5978088378906, 826.8424682617188, 687.6488037109375], [570.6897583007812, 441.6567687988281, 669.2376098632812, 797.4443969726562], [1078.9915771484375, 458.5536193847656, 1130.61083984375, 600.7423706054688]]","[0.51318359375, 0.419677734375, 0.57666015625, 0.417724609375, 0.28466796875]","[[691.3000183105469, 744.8362426757812], [565.0373229980469, 746.1348876953125], [779.8713073730469, 687.6488037109375], [619.9636840820312, 797.4443969726562], [1104.8012084960938, 600.7423706054688]]",425426944,410959872,425426944,576,yolo26n_int8_576_ncnn_model,MOT17-02
94,64.92709899998772,0.0,5,"[2, 4, 38, 24, 81]","[[646.225830078125, 439.7198791503906, 736.6580200195312, 747.3056030273438], [514.6492919921875, 445.59130859375, 613.2855224609375, 747.7572631835938], [733.9955444335938, 445.3445129394531, 828.2753295898438, 683.0335083007812], [1079.8070068359375, 457.69195556640625, 1132.2186279296875, 602.2017211914062], [579.7551879882812, 429.6659240722656, 650.2477416992188, 797.8926391601562]]","[0.55419921875, 0.41650390625, 0.5615234375, 0.268310546875, 0.425537109375]","[[691.4419250488281, 747.3056030273438], [563.9674072265625, 747.7572631835938], [781.1354370117188, 683.0335083007812], [1106.0128173828125, 602.2017211914062], [615.00146484375, 797.8926391601562]]",425426944,410959872,425426944,576,yolo26n_int8_576_ncnn_model,MOT17-02
95,64.5622470001399,0.0,4,"[2, 4, 38, 81]","[[646.1251831054688, 440.6812438964844, 736.7741088867188, 747.1390991210938], [514.178955078125, 443.2783508300781, 612.9556274414062, 749.7604370117188], [735.7228393554688, 447.46673583984375, 830.6549072265625, 688.0979614257812], [577.5489501953125, 430.35137939453125, 648.0338745117188, 799.2706298828125]]","[0.5546875, 0.451416015625, 0.484375, 0.374755859375]","[[691.4496459960938, 747.1390991210938], [563.5672912597656, 749.7604370117188], [783.1888732910156, 688.0979614257812], [612.7914123535156, 799.2706298828125]]",425426944,410959872,425426944,576,yolo26n_int8_576_ncnn_model,MOT17-02
96,65.08461799990073,0.0,5,"[2, 4, 38, 81, 68]","[[646.94287109375, 439.9898376464844, 738.0593872070312, 745.9503784179688], [516.4849853515625, 445.9636535644531, 612.53466796875, 748.0870361328125], [735.9013061523438, 449.39892578125, 830.8207397460938, 690.0201416015625], [575.7185668945312, 430.0536193847656, 646.0426025390625, 800.259765625], [574.0724487304688, 444.865478515625, 673.3975219726562, 808.71240234375]]","[0.560546875, 0.40966796875, 0.5244140625, 0.382080078125, 0.378173828125]","[[692.5011291503906, 745.9503784179688], [564.5098266601562, 748.0870361328125], [783.3610229492188, 690.0201416015625], [610.8805847167969, 800.259765625], [623.7349853515625, 808.71240234375]]",425426944,410959872,425426944,576,yolo26n_int8_576_ncnn_model,MOT17-02
97,64.54704299994773,0.0,5,"[2, 4, 38, 81, 68]","[[647.4414672851562, 438.6573181152344, 740.4732666015625, 748.7676391601562], [514.6253662109375, 442.02197265625, 611.7944946289062, 750.2395629882812], [738.701171875, 450.169189453125, 833.4866333007812, 691.835693359375], [573.879150390625, 428.3144226074219, 644.189697265625, 799.9820556640625], [574.2975463867188, 445.343505859375, 672.8590698242188, 811.3040161132812]]","[0.61376953125, 0.444091796875, 0.51904296875, 0.3896484375, 0.368408203125]","[[693.9573669433594, 748.7676391601562], [563.2099304199219, 750.2395629882812], [786.0939025878906, 691.835693359375], [609.034423828125, 799.9820556640625], [623.5783081054688, 811.3040161132812]]",425426944,410959872,425426944,576,yolo26n_int8_576_ncnn_model,MOT17-02
98,65.05274799997096,0.0,5,"[2, 4, 38, 81, 68]","[[647.7913208007812, 439.2690734863281, 741.6997680664062, 749.8147583007812], [512.2623291015625, 438.6463928222656, 609.906494140625, 749.6861572265625], [744.9779663085938, 451.29986572265625, 837.9216918945312, 689.4932861328125], [572.585205078125, 422.0256652832031, 643.5146484375, 798.8233032226562], [570.1566772460938, 441.1026916503906, 668.625732421875, 807.7939453125]]","[0.62890625, 0.415283203125, 0.521484375, 0.40869140625, 0.38427734375]","[[694.7455444335938, 749.8147583007812], [561.0844116210938, 749.6861572265625], [791.4498291015625, 689.4932861328125], [608.0499267578125, 798.8233032226562], [619.3912048339844, 807.7939453125]]",425426944,410959872,425426944,576,yolo26n_int8_576_ncnn_model,MOT17-02
99,64.78035899999668,0.0,5,"[2, 4, 38, 68, 24]","[[649.0472412109375, 436.5223083496094, 744.245361328125, 748.8189697265625], [511.62591552734375, 437.9231872558594, 608.38037109375, 748.9413452148438], [748.5352172851562, 450.6441345214844, 841.6085815429688, 689.6734008789062], [569.7489624023438, 440.5692138671875, 666.9119873046875, 806.411376953125], [1080.4210205078125, 454.18585205078125, 1132.862060546875, 599.9044799804688]]","[0.658203125, 0.368408203125, 0.51513671875, 0.4287109375, 0.2900390625]","[[696.6463012695312, 748.8189697265625], [560.0031433105469, 748.9413452148438], [795.0718994140625, 689.6734008789062], [618.3304748535156, 806.411376953125], [1106.6415405273438, 599.9044799804688]]",425426944,410959872,425426944,576,yolo26n_int8_576_ncnn_model,MOT17-02
100,64.63946899998518,0.0,5,"[2, 4, 38, 68, 24]","[[650.0438232421875, 436.32427978515625, 746.255126953125, 748.689208984375], [506.2311706542969, 434.38092041015625, 603.6378173828125, 747.5745239257812], [754.522705078125, 458.0953369140625, 843.680419921875, 688.6305541992188], [568.6400146484375, 437.0483703613281, 666.0776977539062, 808.0357055664062], [1079.4862060546875, 452.67718505859375, 1132.7467041015625, 600.7991333007812]]","[0.65576171875, 0.396484375, 0.474853515625, 0.439208984375, 0.33544921875]","[[698.1494750976562, 748.689208984375], [554.9344940185547, 747.5745239257812], [799.1015625, 688.6305541992188], [617.3588562011719, 808.0357055664062], [1106.116455078125, 600.7991333007812]]",425426944,410959872,425426944,576,yolo26n_int8_576_ncnn_model,MOT17-02
101,64.48646900003041,0.0,5,"[2, 4, 38, 24, 81]","[[651.7636108398438, 437.103759765625, 748.8800048828125, 748.8928833007812], [505.90228271484375, 437.180419921875, 603.459228515625, 749.5397338867188], [756.1461181640625, 460.3985290527344, 844.3428344726562, 688.7724609375], [1078.6085205078125, 450.7998962402344, 1132.177734375, 600.2743530273438], [571.775146484375, 412.2548522949219, 645.4817504882812, 799.3121948242188]]","[0.6044921875, 0.3359375, 0.46240234375, 0.257568359375, 0.38916015625]","[[700.3218078613281, 748.8928833007812], [554.6807556152344, 749.5397338867188], [800.2444763183594, 688.7724609375], [1105.3931274414062, 600.2743530273438], [608.6284484863281, 799.3121948242188]]",425426944,410959872,425426944,576,yolo26n_int8_576_ncnn_model,MOT17-02
102,64.64950700001282,0.0,5,"[2, 4, 38, 24, 81]","[[653.2191772460938, 435.507080078125, 752.2753295898438, 749.775634765625], [502.40594482421875, 433.0614318847656, 601.333984375, 748.932373046875], [752.5989990234375, 459.8363037109375, 842.4575805664062, 691.316650390625], [1077.1090087890625, 450.3774719238281, 1130.942138671875, 599.8031005859375], [574.7349853515625, 413.2584228515625, 648.9398193359375, 800.28662109375]]","[0.62353515625, 0.470703125, 0.44677734375, 0.30322265625, 0.481201171875]","[[702.7472534179688, 749.775634765625], [551.8699645996094, 748.932373046875], [797.5282897949219, 691.316650390625], [1104.0255737304688, 599.8031005859375], [611.83740234375, 800.28662109375]]",425426944,410959872,425426944,576,yolo26n_int8_576_ncnn_model,MOT17-02
103,64.64495099999112,0.0,5,"[2, 4, 38, 24, 68]","[[655.6475219726562, 436.02099609375, 755.9669799804688, 751.1878662109375], [501.66412353515625, 433.9962463378906, 600.0158081054688, 746.2499389648438], [752.7109375, 461.8055725097656, 842.3961791992188, 692.2523193359375], [1075.20361328125, 449.9617919921875, 1129.61474609375, 599.8999633789062], [575.14453125, 439.7156677246094, 671.2520141601562, 805.8331298828125]]","[0.61865234375, 0.46923828125, 0.39111328125, 0.256591796875, 0.52685546875]","[[705.8072509765625, 751.1878662109375], [550.8399658203125, 746.2499389648438], [797.5535583496094, 692.2523193359375], [1102.4091796875, 599.8999633789062], [623.1982727050781, 805.8331298828125]]",425426944,410959872,425426944,576,yolo26n_int8_576_ncnn_model,MOT17-02
104,85.12431700000889,0.0,5,"[2, 4, 38, 24, 68]","[[657.587158203125, 435.4216003417969, 757.8910522460938, 747.04736328125], [501.00506591796875, 430.2607727050781, 599.9769287109375, 742.7562866210938], [753.6370849609375, 461.4216613769531, 844.6553955078125, 695.903076171875], [1074.142822265625, 451.7415771484375, 1128.3702392578125, 600.2141723632812], [574.9977416992188, 432.41217041015625, 672.0402221679688, 802.7290649414062]]","[0.615234375, 0.4453125, 0.45751953125, 0.279541015625, 0.5615234375]","[[707.7391052246094, 747.04736328125], [550.4909973144531, 742.7562866210938], [799.146240234375, 695.903076171875], [1101.2565307617188, 600.2141723632812], [623.5189819335938, 802.7290649414062]]",425426944,410959872,425426944,576,yolo26n_int8_576_ncnn_model,MOT17-02
105,64.22209900006237,0.0,4,"[2, 4, 38, 68]","[[657.8679809570312, 431.9102478027344, 759.497802734375, 746.5492553710938], [501.0662841796875, 427.9268493652344, 601.3748779296875, 743.530517578125], [755.6692504882812, 460.432861328125, 847.0042724609375, 696.9752197265625], [576.4702758789062, 429.39923095703125, 673.540283203125, 800.0301513671875]]","[0.66552734375, 0.4384765625, 0.5439453125, 0.58447265625]","[[708.6828918457031, 746.5492553710938], [551.2205810546875, 743.530517578125], [801.3367614746094, 696.9752197265625], [625.0052795410156, 800.0301513671875]]",425426944,410959872,425426944,576,yolo26n_int8_576_ncnn_model,MOT17-02
106,65.75952599996526,0.0,4,"[2, 4, 38, 68]","[[660.2933959960938, 436.37115478515625, 760.9641723632812, 744.9904174804688], [502.3452453613281, 431.6075134277344, 603.44775390625, 747.0015258789062], [756.9503784179688, 460.8544616699219, 848.3671875, 698.7203979492188], [577.3644409179688, 429.92315673828125, 674.2632446289062, 799.57470703125]]","[0.65673828125, 0.416259765625, 0.56494140625, 0.583984375]","[[710.6287841796875, 744.9904174804688], [552.8964996337891, 747.0015258789062], [802.6587829589844, 698.7203979492188], [625.8138427734375, 799.57470703125]]",425426944,410959872,425426944,576,yolo26n_int8_576_ncnn_model,MOT17-02
107,64.77082100013831,0.0,4,"[2, 4, 38, 68]","[[661.1115112304688, 433.6898498535156, 764.2569580078125, 747.715087890625], [503.0845642089844, 434.42999267578125, 602.9443969726562, 744.7762451171875], [760.6014404296875, 464.2868957519531, 853.2736206054688, 708.1221923828125], [575.3424072265625, 436.19677734375, 672.4295654296875, 799.9718017578125]]","[0.669921875, 0.35595703125, 0.56591796875, 0.5546875]","[[712.6842346191406, 747.715087890625], [553.0144805908203, 744.7762451171875], [806.9375305175781, 708.1221923828125], [623.885986328125, 799.9718017578125]]",425426944,410959872,425426944,576,yolo26n_int8_576_ncnn_model,MOT17-02
108,64.3711920001806,0.0,4,"[2, 4, 38, 68]","[[661.4117431640625, 432.7068176269531, 765.9392700195312, 748.7268676757812], [501.6596984863281, 433.87060546875, 601.1815795898438, 743.3892822265625], [761.2129516601562, 464.7507629394531, 854.1607666015625, 711.3633422851562], [570.9042358398438, 440.24298095703125, 669.8031616210938, 802.9129638671875]]","[0.64306640625, 0.3310546875, 0.576171875, 0.58642578125]","[[713.6755065917969, 748.7268676757812], [551.4206390380859, 743.3892822265625], [807.6868591308594, 711.3633422851562], [620.3536987304688, 802.9129638671875]]",425426944,410959872,425426944,576,yolo26n_int8_576_ncnn_model,MOT17-02
109,64.57374800015714,0.0,4,"[2, 4, 38, 68]","[[661.9622192382812, 432.3550109863281, 767.1129150390625, 749.1057739257812], [502.7825012207031, 437.53704833984375, 603.3174438476562, 747.8560180664062], [760.8974609375, 465.1716613769531, 853.27294921875, 711.1744995117188], [574.3629150390625, 437.8638000488281, 674.1876220703125, 799.04443359375]]","[0.66552734375, 0.296875, 0.5810546875, 0.56787109375]","[[714.5375671386719, 749.1057739257812], [553.0499725341797, 747.8560180664062], [807.085205078125, 711.1744995117188], [624.2752685546875, 799.04443359375]]",425426944,410959872,425426944,576,yolo26n_int8_576_ncnn_model,MOT17-02
110,64.93759900013174,0.0,4,"[2, 38, 68, 101]","[[663.1915283203125, 434.1662292480469, 768.6129760742188, 750.611572265625], [759.7157592773438, 464.4810791015625, 853.302001953125, 715.127685546875], [579.1465454101562, 434.4538879394531, 681.1863403320312, 801.1890869140625], [1247.2149658203125, 445.6666564941406, 1279.1182861328125, 544.6666870117188]]","[0.642578125, 0.6298828125, 0.54833984375, 0.36669921875]","[[715.9022521972656, 750.611572265625], [806.5088806152344, 715.127685546875], [630.1664428710938, 801.1890869140625], [1263.1666259765625, 544.6666870117188]]",425426944,410959872,425426944,576,yolo26n_int8_576_ncnn_model,MOT17-02
111,64.72896900004343,0.0,6,"[2, 38, 68, 101, 24, 4]","[[663.6206665039062, 437.0734558105469, 769.10302734375, 751.17138671875], [758.824462890625, 455.7678527832031, 852.5818481445312, 708.67529296875], [581.289794921875, 433.4444274902344, 685.049072265625, 805.0194702148438], [1247.192138671875, 445.7948303222656, 1279.3973388671875, 545.5639038085938], [1074.61376953125, 456.3338623046875, 1128.3426513671875, 601.5383911132812], [503.8703308105469, 441.1155090332031, 604.9916381835938, 750.5147094726562]]","[0.66259765625, 0.58935546875, 0.64501953125, 0.392578125, 0.30224609375, 0.314208984375]","[[716.3618469238281, 751.17138671875], [805.7031555175781, 708.67529296875], [633.16943359375, 805.0194702148438], [1263.2947387695312, 545.5639038085938], [1101.4782104492188, 601.5383911132812], [554.4309844970703, 750.5147094726562]]",425426944,410959872,425426944,576,yolo26n_int8_576_ncnn_model,MOT17-02
112,64.88017299989224,0.0,5,"[2, 38, 68, 101, 24]","[[665.9111938476562, 439.5649719238281, 771.4525146484375, 751.0912475585938], [759.03271484375, 450.76947021484375, 852.7477416992188, 705.5792846679688], [579.2455444335938, 429.91302490234375, 684.9103393554688, 807.4342651367188], [1247.8040771484375, 446.8056335449219, 1280.162109375, 546.1888427734375], [1075.1083984375, 456.082275390625, 1129.1748046875, 601.05859375]]","[0.6640625, 0.5791015625, 0.6240234375, 0.42236328125, 0.2802734375]","[[718.6818542480469, 751.0912475585938], [805.8902282714844, 705.5792846679688], [632.0779418945312, 807.4342651367188], [1263.9830932617188, 546.1888427734375], [1102.1416015625, 601.05859375]]",425426944,410959872,425426944,576,yolo26n_int8_576_ncnn_model,MOT17-02
113,65.00430300002336,0.0,6,"[2, 38, 68, 101, 24, 4]","[[665.6085815429688, 440.7773132324219, 772.2886962890625, 754.082275390625], [760.289794921875, 449.4202880859375, 852.6458129882812, 702.7193603515625], [576.6744995117188, 436.6307678222656, 683.2876586914062, 813.390869140625], [1245.652099609375, 447.1213073730469, 1278.9908447265625, 548.8592529296875], [1075.88330078125, 454.8949890136719, 1129.9329833984375, 599.79443359375], [501.0709228515625, 444.6706237792969, 605.3175659179688, 761.7454223632812]]","[0.67431640625, 0.55126953125, 0.5771484375, 0.3994140625, 0.28173828125, 0.28515625]","[[718.9486389160156, 754.082275390625], [806.4678039550781, 702.7193603515625], [629.9810791015625, 813.390869140625], [1262.3214721679688, 548.8592529296875], [1102.9081420898438, 599.79443359375], [553.1942443847656, 761.7454223632812]]",425426944,410959872,425426944,576,yolo26n_int8_576_ncnn_model,MOT17-02
114,65.2908770000522,0.0,5,"[2, 38, 68, 101, 4]","[[667.0150146484375, 440.12091064453125, 773.7325439453125, 754.08740234375], [759.6571044921875, 450.85833740234375, 850.8983154296875, 701.8698120117188], [575.9400634765625, 427.00994873046875, 685.6235961914062, 813.5916137695312], [1246.0111083984375, 446.6106262207031, 1278.719970703125, 545.5347900390625], [501.63720703125, 445.6677551269531, 607.0328369140625, 767.2047119140625]]","[0.65966796875, 0.54296875, 0.62744140625, 0.4111328125, 0.25634765625]","[[720.373779296875, 754.08740234375], [805.2777099609375, 701.8698120117188], [630.7818298339844, 813.5916137695312], [1262.3655395507812, 545.5347900390625], [554.3350219726562, 767.2047119140625]]",425426944,410959872,425426944,576,yolo26n_int8_576_ncnn_model,MOT17-02
115,64.59326599997439,0.0,4,"[2, 38, 68, 101]","[[668.8014526367188, 440.4082946777344, 775.6715698242188, 755.7144165039062], [763.106201171875, 454.7398376464844, 853.0759887695312, 700.434326171875], [576.206298828125, 424.0736999511719, 687.0067749023438, 814.0445556640625], [1246.0579833984375, 446.40496826171875, 1278.741943359375, 544.2872314453125]]","[0.67626953125, 0.5537109375, 0.63134765625, 0.42529296875]","[[722.2365112304688, 755.7144165039062], [808.0910949707031, 700.434326171875], [631.6065368652344, 814.0445556640625], [1262.3999633789062, 544.2872314453125]]",425426944,410959872,425426944,576,yolo26n_int8_576_ncnn_model,MOT17-02
116,64.76933999988432,0.0,5,"[2, 38, 68, 101, 24]","[[669.4369506835938, 440.2320556640625, 777.4413452148438, 760.976806640625], [764.1272583007812, 450.6952819824219, 856.3361206054688, 700.990478515625], [573.5811767578125, 431.9704284667969, 684.7582397460938, 819.3594970703125], [1245.4609375, 446.3263244628906, 1278.218017578125, 543.85302734375], [1080.801513671875, 449.3450622558594, 1135.63037109375, 598.5266723632812]]","[0.6630859375, 0.55908203125, 0.60107421875, 0.456298828125, 0.341796875]","[[723.4391479492188, 760.976806640625], [810.231689453125, 700.990478515625], [629.1697082519531, 819.3594970703125], [1261.8394775390625, 543.85302734375], [1108.2159423828125, 598.5266723632812]]",425426944,410959872,425426944,576,yolo26n_int8_576_ncnn_model,MOT17-02
117,64.70289599997159,0.0,5,"[2, 38, 68, 101, 24]","[[668.3037719726562, 440.9764099121094, 776.1121215820312, 762.1160278320312], [764.3760986328125, 450.8496398925781, 856.52392578125, 699.5530395507812], [570.0305786132812, 432.5682067871094, 682.5404663085938, 820.533447265625], [1244.7269287109375, 444.2884216308594, 1278.56787109375, 544.56689453125], [1082.49658203125, 448.46636962890625, 1136.70751953125, 598.352783203125]]","[0.65966796875, 0.56640625, 0.60595703125, 0.45458984375, 0.3291015625]","[[722.2079467773438, 762.1160278320312], [810.4500122070312, 699.5530395507812], [626.2855224609375, 820.533447265625], [1261.6473999023438, 544.56689453125], [1109.60205078125, 598.352783203125]]",425426944,410959872,425426944,576,yolo26n_int8_576_ncnn_model,MOT17-02
118,64.80428500003654,0.0,5,"[2, 38, 68, 101, 24]","[[667.0078735351562, 443.171630859375, 774.1594848632812, 763.8740234375], [767.4463500976562, 457.8209533691406, 857.9329223632812, 702.0281372070312], [566.7930908203125, 432.248046875, 680.834716796875, 821.4755249023438], [1243.9403076171875, 444.3940124511719, 1278.111083984375, 545.1109619140625], [1083.2755126953125, 448.4391174316406, 1136.891357421875, 598.0182495117188]]","[0.66552734375, 0.548828125, 0.58935546875, 0.436767578125, 0.3671875]","[[720.5836791992188, 763.8740234375], [812.6896362304688, 702.0281372070312], [623.8139038085938, 821.4755249023438], [1261.0256958007812, 545.1109619140625], [1110.0834350585938, 598.0182495117188]]",425426944,410959872,425426944,576,yolo26n_int8_576_ncnn_model,MOT17-02
119,65.11167400003615,0.0,5,"[2, 38, 68, 101, 24]","[[667.0243530273438, 441.7953796386719, 774.4757690429688, 764.49462890625], [767.1522216796875, 451.33074951171875, 860.9437866210938, 702.1350708007812], [566.7711181640625, 437.058349609375, 681.1741333007812, 823.4263916015625], [1243.3865966796875, 445.844482421875, 1277.1007080078125, 545.0399169921875], [1084.5518798828125, 450.92462158203125, 1137.0302734375, 598.7216796875]]","[0.681640625, 0.548828125, 0.58935546875, 0.3642578125, 0.384765625]","[[720.7500610351562, 764.49462890625], [814.0480041503906, 702.1350708007812], [623.9726257324219, 823.4263916015625], [1260.24365234375, 545.0399169921875], [1110.7910766601562, 598.7216796875]]",425426944,410959872,425426944,576,yolo26n_int8_576_ncnn_model,MOT17-02
120,64.77132199984226,0.0,4,"[2, 38, 68, 24]","[[666.8710327148438, 441.26007080078125, 774.6985473632812, 766.8775024414062], [768.7410278320312, 439.2422790527344, 866.308837890625, 698.7570190429688], [563.7278442382812, 443.29107666015625, 678.8519897460938, 824.114013671875], [1084.7734375, 452.1643981933594, 1136.188720703125, 597.6139526367188]]","[0.66015625, 0.56396484375, 0.5380859375, 0.3515625]","[[720.7847900390625, 766.8775024414062], [817.5249328613281, 698.7570190429688], [621.2899169921875, 824.114013671875], [1110.4810791015625, 597.6139526367188]]",425426944,410959872,425426944,576,yolo26n_int8_576_ncnn_model,MOT17-02
121,64.61178499989728,0.0,5,"[2, 38, 68, 24, 101]","[[666.73681640625, 440.22674560546875, 775.3539428710938, 769.6528930664062], [771.9253540039062, 438.04327392578125, 870.575439453125, 699.497314453125], [558.3865966796875, 442.3064270019531, 677.7587890625, 827.634033203125], [1084.6138916015625, 454.8566589355469, 1134.9552001953125, 597.2007446289062], [1242.8621826171875, 450.1239013671875, 1275.6253662109375, 545.3382568359375]]","[0.6689453125, 0.580078125, 0.55419921875, 0.343994140625, 0.26904296875]","[[721.0453796386719, 769.6528930664062], [821.2503967285156, 699.497314453125], [618.0726928710938, 827.634033203125], [1109.7845458984375, 597.2007446289062], [1259.2437744140625, 545.3382568359375]]",425426944,410959872,425426944,576,yolo26n_int8_576_ncnn_model,MOT17-02
122,64.83513600005608,0.0,5,"[2, 38, 68, 24, 101]","[[672.370361328125, 442.55810546875, 780.793701171875, 772.2987060546875], [778.40478515625, 446.1009216308594, 874.502197265625, 698.9754638671875], [563.6030883789062, 440.8113098144531, 685.5355224609375, 829.9993896484375], [1084.961181640625, 455.30889892578125, 1135.1568603515625, 597.6107177734375], [1243.0731201171875, 453.3788757324219, 1275.069091796875, 545.4042358398438]]","[0.625, 0.5703125, 0.501953125, 0.31689453125, 0.313232421875]","[[726.58203125, 772.2987060546875], [826.4534912109375, 698.9754638671875], [624.5693054199219, 829.9993896484375], [1110.0590209960938, 597.6107177734375], [1259.0711059570312, 545.4042358398438]]",425426944,410959872,425426944,576,yolo26n_int8_576_ncnn_model,MOT17-02
123,64.56374799995501,0.0,5,"[2, 38, 68, 24, 101]","[[674.3727416992188, 439.3371887207031, 782.4243774414062, 769.6904296875], [779.0087280273438, 443.4801330566406, 877.7489013671875, 699.055908203125], [576.1931762695312, 431.7246398925781, 700.9249267578125, 833.8513793945312], [1084.654052734375, 452.6996154785156, 1135.6402587890625, 598.322265625], [1242.4278564453125, 455.8946228027344, 1274.4781494140625, 546.2774658203125]]","[0.66064453125, 0.56005859375, 0.595703125, 0.31103515625, 0.3466796875]","[[728.3985595703125, 769.6904296875], [828.3788146972656, 699.055908203125], [638.5590515136719, 833.8513793945312], [1110.1471557617188, 598.322265625], [1258.4530029296875, 546.2774658203125]]",425426944,410959872,425426944,576,yolo26n_int8_576_ncnn_model,MOT17-02
124,93.39817399995809,0.0,5,"[2, 38, 68, 24, 101]","[[674.7772216796875, 437.8313293457031, 782.2166748046875, 767.8212280273438], [780.839599609375, 449.38525390625, 879.9719848632812, 702.1038818359375], [582.0289306640625, 428.55133056640625, 706.7245483398438, 833.9034423828125], [1084.421875, 451.17462158203125, 1135.9161376953125, 599.1383666992188], [1238.38671875, 453.382080078125, 1271.333984375, 546.5889892578125]]","[0.6259765625, 0.52099609375, 0.5166015625, 0.343505859375, 0.323974609375]","[[728.4969482421875, 767.8212280273438], [830.4057922363281, 702.1038818359375], [644.3767395019531, 833.9034423828125], [1110.1690063476562, 599.1383666992188], [1254.8603515625, 546.5889892578125]]",425426944,410959872,425426944,576,yolo26n_int8_576_ncnn_model,MOT17-02
125,64.65469199997642,0.0,5,"[2, 38, 68, 24, 101]","[[675.3739013671875, 438.9099426269531, 781.602783203125, 767.6181030273438], [777.4503173828125, 450.0181884765625, 878.6626586914062, 707.1329956054688], [573.8268432617188, 430.201171875, 699.6859741210938, 834.2537841796875], [1084.530517578125, 455.5191345214844, 1134.7044677734375, 598.9035034179688], [1235.6177978515625, 454.66021728515625, 1269.3226318359375, 550.0109252929688]]","[0.62255859375, 0.5009765625, 0.5224609375, 0.306884765625, 0.333251953125]","[[728.4883422851562, 767.6181030273438], [828.0564880371094, 707.1329956054688], [636.7564086914062, 834.2537841796875], [1109.6174926757812, 598.9035034179688], [1252.47021484375, 550.0109252929688]]",425426944,410959872,425426944,576,yolo26n_int8_576_ncnn_model,MOT17-02
126,64.67480400010572,0.0,5,"[2, 38, 68, 24, 101]","[[677.6207275390625, 441.8014831542969, 782.0155639648438, 766.1344604492188], [776.6258544921875, 454.085693359375, 877.6216430664062, 709.5467529296875], [574.1502075195312, 433.19024658203125, 699.9348754882812, 833.0872192382812], [1083.89599609375, 455.81689453125, 1133.767578125, 597.9752197265625], [1233.340576171875, 454.8457336425781, 1267.656005859375, 551.5724487304688]]","[0.640625, 0.5244140625, 0.54248046875, 0.268798828125, 0.30517578125]","[[729.8181457519531, 766.1344604492188], [827.1237487792969, 709.5467529296875], [637.0425415039062, 833.0872192382812], [1108.831787109375, 597.9752197265625], [1250.498291015625, 551.5724487304688]]",425426944,410959872,425426944,576,yolo26n_int8_576_ncnn_model,MOT17-02
127,65.3176739999708,0.0,4,"[2, 38, 68, 101]","[[677.6459350585938, 438.75286865234375, 784.0205688476562, 773.0053100585938], [777.1527099609375, 453.99481201171875, 879.550048828125, 712.0897216796875], [562.92919921875, 435.7200622558594, 692.0357666015625, 831.2064819335938], [1232.396240234375, 459.0055847167969, 1266.081298828125, 552.4183959960938]]","[0.63427734375, 0.5546875, 0.5205078125, 0.258056640625]","[[730.833251953125, 773.0053100585938], [828.3513793945312, 712.0897216796875], [627.4824829101562, 831.2064819335938], [1249.23876953125, 552.4183959960938]]",425426944,410959872,425426944,576,yolo26n_int8_576_ncnn_model,MOT17-02
128,64.85035900004732,0.0,4,"[2, 38, 68, 24]","[[679.2572631835938, 437.61962890625, 785.2907104492188, 773.3583984375], [782.5715942382812, 455.86529541015625, 883.734130859375, 710.0008544921875], [567.3289184570312, 432.6779479980469, 699.670654296875, 834.4484252929688], [1083.3193359375, 456.23468017578125, 1133.654052734375, 599.8892211914062]]","[0.63623046875, 0.53125, 0.52880859375, 0.30322265625]","[[732.2739868164062, 773.3583984375], [833.1528625488281, 710.0008544921875], [633.4997863769531, 834.4484252929688], [1108.4866943359375, 599.8892211914062]]",425426944,410959872,425426944,576,yolo26n_int8_576_ncnn_model,MOT17-02
129,64.46011800017004,0.0,5,"[2, 38, 68, 24, 81]","[[681.100341796875, 438.0088195800781, 786.1145629882812, 772.6235961914062], [786.2909545898438, 455.4598693847656, 887.9915161132812, 711.3626098632812], [558.6865844726562, 435.2313232421875, 695.307373046875, 835.2189331054688], [1082.623779296875, 456.2776184082031, 1133.0484619140625, 600.3424682617188], [597.6122436523438, 423.6577453613281, 689.6993408203125, 832.7315063476562]]","[0.61474609375, 0.56640625, 0.537109375, 0.283203125, 0.43603515625]","[[733.6074523925781, 772.6235961914062], [837.1412353515625, 711.3626098632812], [626.9969787597656, 835.2189331054688], [1107.8361206054688, 600.3424682617188], [643.6557922363281, 832.7315063476562]]",425426944,410959872,425426944,576,yolo26n_int8_576_ncnn_model,MOT17-02
130,64.79013600005601,0.0,5,"[2, 38, 68, 24, 81]","[[682.7042846679688, 438.1662902832031, 787.6385498046875, 774.4968872070312], [786.6790161132812, 458.5888977050781, 888.27294921875, 714.042724609375], [554.9948120117188, 438.41552734375, 694.5331420898438, 834.3634643554688], [1081.9195556640625, 457.1180419921875, 1132.1837158203125, 600.7744140625], [596.0346069335938, 423.1629638671875, 695.6072387695312, 832.8605346679688]]","[0.61767578125, 0.5732421875, 0.4931640625, 0.29150390625, 0.4580078125]","[[735.1714172363281, 774.4968872070312], [837.4759826660156, 714.042724609375], [624.7639770507812, 834.3634643554688], [1107.0516357421875, 600.7744140625], [645.8209228515625, 832.8605346679688]]",425426944,410959872,425426944,576,yolo26n_int8_576_ncnn_model,MOT17-02
131,64.71048799994605,0.0,5,"[2, 38, 68, 24, 81]","[[685.41455078125, 438.2313537597656, 792.0604248046875, 779.5562133789062], [789.1378784179688, 454.52923583984375, 891.4225463867188, 712.5484008789062], [554.8734130859375, 439.33880615234375, 697.9557495117188, 836.4778442382812], [1083.6187744140625, 454.6747131347656, 1134.306396484375, 599.2716674804688], [596.7686157226562, 423.26544189453125, 700.2144165039062, 833.7239379882812]]","[0.6064453125, 0.55712890625, 0.52001953125, 0.361572265625, 0.459716796875]","[[738.7374877929688, 779.5562133789062], [840.2802124023438, 712.5484008789062], [626.4145812988281, 836.4778442382812], [1108.9625854492188, 599.2716674804688], [648.4915161132812, 833.7239379882812]]",425426944,410959872,425426944,576,yolo26n_int8_576_ncnn_model,MOT17-02
132,64.91122900001756,0.0,5,"[2, 38, 68, 24, 81]","[[686.7030029296875, 437.1687927246094, 793.3922729492188, 780.3435668945312], [790.0408325195312, 461.4770812988281, 892.510986328125, 720.9969482421875], [552.9754638671875, 436.6435546875, 700.02001953125, 835.8616333007812], [1084.230224609375, 451.0060119628906, 1137.3333740234375, 602.541015625], [598.1611328125, 423.28857421875, 704.044921875, 833.999267578125]]","[0.58642578125, 0.60693359375, 0.53076171875, 0.302490234375, 0.439208984375]","[[740.0476379394531, 780.3435668945312], [841.2759094238281, 720.9969482421875], [626.4977416992188, 835.8616333007812], [1110.7817993164062, 602.541015625], [651.10302734375, 833.999267578125]]",425426944,410959872,425426944,576,yolo26n_int8_576_ncnn_model,MOT17-02
133,64.76782200002162,0.0,5,"[2, 38, 68, 24, 81]","[[686.8480224609375, 435.39971923828125, 794.1411743164062, 781.956298828125], [793.7314453125, 449.03070068359375, 898.7581176757812, 715.129150390625], [551.1746826171875, 436.4334411621094, 701.9011840820312, 836.9642944335938], [1084.74609375, 449.6371154785156, 1138.1728515625, 602.6807861328125], [598.4783325195312, 422.8672180175781, 706.680419921875, 835.576904296875]]","[0.583984375, 0.53955078125, 0.5234375, 0.301513671875, 0.4365234375]","[[740.4945983886719, 781.956298828125], [846.2447814941406, 715.129150390625], [626.5379333496094, 836.9642944335938], [1111.45947265625, 602.6807861328125], [652.5793762207031, 835.576904296875]]",425426944,410959872,425426944,576,yolo26n_int8_576_ncnn_model,MOT17-02
134,65.1952660000461,0.0,5,"[2, 38, 68, 24, 81]","[[690.7275390625, 432.2785949707031, 795.9638061523438, 774.0582885742188], [796.1524658203125, 450.2947692871094, 901.6105346679688, 715.58984375], [549.6456909179688, 435.7992858886719, 704.5747680664062, 840.0950927734375], [1083.620361328125, 449.3957214355469, 1137.626708984375, 603.5306396484375], [597.9225463867188, 421.7301330566406, 709.3239135742188, 838.2002563476562]]","[0.595703125, 0.51806640625, 0.5205078125, 0.27392578125, 0.446044921875]","[[743.3456726074219, 774.0582885742188], [848.8815002441406, 715.58984375], [627.1102294921875, 840.0950927734375], [1110.62353515625, 603.5306396484375], [653.6232299804688, 838.2002563476562]]",425426944,410959872,425426944,576,yolo26n_int8_576_ncnn_model,MOT17-02
135,64.86569200001213,0.0,5,"[2, 38, 68, 24, 81]","[[691.8795166015625, 430.27215576171875, 795.7821044921875, 769.5906372070312], [797.657958984375, 449.9841613769531, 904.1495361328125, 715.459228515625], [548.3604736328125, 436.3779602050781, 707.4000854492188, 844.8059692382812], [1081.8546142578125, 451.77752685546875, 1135.4571533203125, 602.477783203125], [597.6004028320312, 423.35931396484375, 712.5147705078125, 844.7894287109375]]","[0.6162109375, 0.5322265625, 0.482177734375, 0.26953125, 0.4345703125]","[[743.830810546875, 769.5906372070312], [850.9037475585938, 715.459228515625], [627.8802795410156, 844.8059692382812], [1108.6558837890625, 602.477783203125], [655.0575866699219, 844.7894287109375]]",425426944,410959872,425426944,576,yolo26n_int8_576_ncnn_model,MOT17-02
136,64.85734099987894,0.0,5,"[2, 38, 68, 24, 81]","[[695.1397705078125, 428.99212646484375, 797.7388916015625, 766.2444458007812], [796.3118286132812, 449.6048583984375, 904.1281127929688, 716.7530517578125], [556.2990112304688, 431.6740417480469, 718.1021118164062, 850.3807983398438], [1081.31884765625, 452.4444885253906, 1135.56103515625, 603.4290771484375], [602.6517944335938, 434.3999328613281, 718.8619384765625, 858.7557373046875]]","[0.63623046875, 0.51171875, 0.49609375, 0.281005859375, 0.379150390625]","[[746.4393310546875, 766.2444458007812], [850.219970703125, 716.7530517578125], [637.2005615234375, 850.3807983398438], [1108.43994140625, 603.4290771484375], [660.7568664550781, 858.7557373046875]]",425426944,410959872,425426944,576,yolo26n_int8_576_ncnn_model,MOT17-02
137,64.60315499998615,0.0,5,"[2, 38, 68, 24, 81]","[[698.55615234375, 429.093017578125, 800.5936889648438, 766.6454467773438], [794.1837768554688, 447.831298828125, 902.85400390625, 716.6718139648438], [551.2377319335938, 437.7672119140625, 715.5534057617188, 858.6914672851562], [1081.8206787109375, 452.975341796875, 1135.9964599609375, 602.4013671875], [598.5599365234375, 428.9836120605469, 717.8392944335938, 859.3246459960938]]","[0.64013671875, 0.515625, 0.465576171875, 0.3232421875, 0.4697265625]","[[749.5749206542969, 766.6454467773438], [848.5188903808594, 716.6718139648438], [633.3955688476562, 858.6914672851562], [1108.9085693359375, 602.4013671875], [658.1996154785156, 859.3246459960938]]",425426944,410959872,425426944,576,yolo26n_int8_576_ncnn_model,MOT17-02
138,64.99413699998513,0.0,5,"[2, 38, 68, 24, 81]","[[701.18212890625, 424.2066345214844, 803.5165405273438, 765.1604614257812], [795.4802856445312, 447.17047119140625, 904.5099487304688, 716.6148071289062], [547.3430786132812, 441.2269287109375, 715.3397827148438, 867.275634765625], [1082.2255859375, 452.35614013671875, 1135.9495849609375, 599.5142211914062], [596.9896850585938, 425.7907409667969, 719.5230102539062, 862.7068481445312]]","[0.63916015625, 0.467529296875, 0.453857421875, 0.298828125, 0.4462890625]","[[752.3493347167969, 765.1604614257812], [849.9951171875, 716.6148071289062], [631.3414306640625, 867.275634765625], [1109.0875854492188, 599.5142211914062], [658.25634765625, 862.7068481445312]]",425426944,410959872,425426944,576,yolo26n_int8_576_ncnn_model,MOT17-02
139,64.76235900004212,0.0,5,"[2, 38, 68, 24, 81]","[[702.6881713867188, 426.7825012207031, 804.5311279296875, 766.8080444335938], [799.779541015625, 445.84210205078125, 907.7971801757812, 715.4732055664062], [544.0671997070312, 442.806396484375, 713.207275390625, 865.8214721679688], [1081.885986328125, 452.9571228027344, 1135.314453125, 599.8021850585938], [597.9196166992188, 424.82305908203125, 722.3478393554688, 865.7984619140625]]","[0.66650390625, 0.53125, 0.358642578125, 0.25390625, 0.453125]","[[753.6096496582031, 766.8080444335938], [853.7883605957031, 715.4732055664062], [628.6372375488281, 865.8214721679688], [1108.6002197265625, 599.8021850585938], [660.1337280273438, 865.7984619140625]]",425426944,410959872,425426944,576,yolo26n_int8_576_ncnn_model,MOT17-02
140,64.87254399985432,0.0,5,"[2, 38, 68, 24, 81]","[[704.8438110351562, 419.9692687988281, 808.691650390625, 765.3907470703125], [804.5098876953125, 449.1966247558594, 910.2219848632812, 717.7614135742188], [539.5310668945312, 439.00079345703125, 714.0018310546875, 869.513916015625], [1082.013916015625, 452.0816955566406, 1135.9249267578125, 601.0171508789062], [598.5078735351562, 430.1721496582031, 722.0044555664062, 863.3211059570312]]","[0.6572265625, 0.471435546875, 0.31884765625, 0.26513671875, 0.488525390625]","[[756.7677307128906, 765.3907470703125], [857.3659362792969, 717.7614135742188], [626.7664489746094, 869.513916015625], [1108.9694213867188, 601.0171508789062], [660.2561645507812, 863.3211059570312]]",425426944,410959872,425426944,576,yolo26n_int8_576_ncnn_model,MOT17-02
141,65.84147099988513,0.0,5,"[2, 38, 68, 24, 81]","[[707.3759155273438, 422.08599853515625, 812.794189453125, 768.967529296875], [805.9024047851562, 443.0692138671875, 911.4085083007812, 715.0401000976562], [534.9400024414062, 429.1136779785156, 713.925537109375, 868.37158203125], [1082.765380859375, 450.6597595214844, 1136.54736328125, 600.3764038085938], [595.9996337890625, 426.1560974121094, 722.27197265625, 868.2946166992188]]","[0.68017578125, 0.5029296875, 0.401611328125, 0.316650390625, 0.4443359375]","[[760.0850524902344, 768.967529296875], [858.6554565429688, 715.0401000976562], [624.4327697753906, 868.37158203125], [1109.6563720703125, 600.3764038085938], [659.1358032226562, 868.2946166992188]]",425426944,410959872,425426944,576,yolo26n_int8_576_ncnn_model,MOT17-02
142,65.41428600007748,0.0,5,"[2, 38, 68, 24, 81]","[[709.4265747070312, 420.0740966796875, 816.4151611328125, 767.7447509765625], [806.0053100585938, 439.6805114746094, 911.0594482421875, 716.1868286132812], [535.7470703125, 437.541015625, 717.86572265625, 879.5087280273438], [1082.5311279296875, 450.1251525878906, 1136.2039794921875, 600.1295776367188], [594.6177368164062, 424.6461486816406, 721.6663818359375, 867.8994750976562]]","[0.69775390625, 0.51171875, 0.405029296875, 0.269287109375, 0.451416015625]","[[762.9208679199219, 767.7447509765625], [858.5323791503906, 716.1868286132812], [626.806396484375, 879.5087280273438], [1109.3675537109375, 600.1295776367188], [658.1420593261719, 867.8994750976562]]",425426944,410959872,425426944,576,yolo26n_int8_576_ncnn_model,MOT17-02
143,65.82256400020015,0.0,6,"[2, 38, 68, 24, 81, 101]","[[710.3600463867188, 421.1333312988281, 819.1255493164062, 769.884033203125], [806.6915893554688, 445.2333679199219, 910.1548461914062, 721.7918701171875], [534.5416870117188, 435.9196472167969, 719.849365234375, 883.1619873046875], [1082.202880859375, 451.5820617675781, 1135.2069091796875, 599.4864501953125], [589.9410400390625, 419.9546203613281, 719.4785766601562, 871.7417602539062], [1211.8541259765625, 450.29217529296875, 1248.1728515625, 550.2046508789062]]","[0.68994140625, 0.51318359375, 0.48388671875, 0.294677734375, 0.318115234375, 0.357177734375]","[[764.7427978515625, 769.884033203125], [858.4232177734375, 721.7918701171875], [627.1955261230469, 883.1619873046875], [1108.7048950195312, 599.4864501953125], [654.7098083496094, 871.7417602539062], [1230.0134887695312, 550.2046508789062]]",425426944,410959872,425426944,576,yolo26n_int8_576_ncnn_model,MOT17-02
144,94.4013979999454,0.0,5,"[2, 38, 68, 24, 81]","[[711.147216796875, 413.7627258300781, 823.4005737304688, 767.5438842773438], [807.3216552734375, 440.2906494140625, 909.3069458007812, 720.0966186523438], [533.9592895507812, 434.753662109375, 719.653076171875, 881.7216186523438], [1080.9061279296875, 452.4253845214844, 1133.78369140625, 600.0728759765625], [587.4559936523438, 420.3566589355469, 717.6862182617188, 875.2968139648438]]","[0.703125, 0.410888671875, 0.40185546875, 0.2705078125, 0.281005859375]","[[767.2738952636719, 767.5438842773438], [858.3143005371094, 720.0966186523438], [626.8061828613281, 881.7216186523438], [1107.3449096679688, 600.0728759765625], [652.5711059570312, 875.2968139648438]]",425426944,410959872,425426944,576,yolo26n_int8_576_ncnn_model,MOT17-02
145,64.36022899993077,0.0,5,"[2, 38, 68, 24, 81]","[[709.947021484375, 421.65667724609375, 823.0994873046875, 772.387939453125], [811.9515380859375, 440.07183837890625, 911.0475463867188, 717.7892456054688], [532.73681640625, 435.67449951171875, 717.8546752929688, 879.6693725585938], [1081.7890625, 453.5716857910156, 1134.09423828125, 599.4674072265625], [595.7659301757812, 433.0769958496094, 721.3438720703125, 871.6542358398438]]","[0.64404296875, 0.474609375, 0.474853515625, 0.27099609375, 0.29931640625]","[[766.5232543945312, 772.387939453125], [861.4995422363281, 717.7892456054688], [625.2957458496094, 879.6693725585938], [1107.941650390625, 599.4674072265625], [658.5549011230469, 871.6542358398438]]",425426944,410959872,425426944,576,yolo26n_int8_576_ncnn_model,MOT17-02
146,65.77489699998296,0.0,6,"[2, 38, 68, 24, 81, 101]","[[709.963623046875, 424.75518798828125, 824.5203247070312, 774.2510375976562], [817.0057373046875, 446.6166687011719, 912.7197265625, 719.0763549804688], [531.464599609375, 436.85504150390625, 717.4395751953125, 881.2435913085938], [1080.1639404296875, 453.4505310058594, 1132.860107421875, 599.7937622070312], [595.1226806640625, 431.90411376953125, 723.2695922851562, 880.65771484375], [1205.79296875, 445.68743896484375, 1241.83642578125, 547.1412353515625]]","[0.6806640625, 0.462158203125, 0.50634765625, 0.3154296875, 0.29931640625, 0.296630859375]","[[767.2419738769531, 774.2510375976562], [864.8627319335938, 719.0763549804688], [624.4520874023438, 881.2435913085938], [1106.5120239257812, 599.7937622070312], [659.1961364746094, 880.65771484375], [1223.814697265625, 547.1412353515625]]",425426944,410959872,425426944,576,yolo26n_int8_576_ncnn_model,MOT17-02
147,64.58576599993648,0.0,6,"[2, 38, 68, 24, 81, 101]","[[710.8436279296875, 417.69134521484375, 827.3478393554688, 769.9857788085938], [819.708740234375, 451.0669860839844, 913.5450439453125, 720.9337768554688], [529.6326293945312, 437.0286560058594, 719.7516479492188, 891.8942260742188], [1079.914794921875, 452.5745849609375, 1133.154052734375, 600.7451171875], [583.9707641601562, 421.6304931640625, 716.3031616210938, 883.90771484375], [1205.42529296875, 446.1686096191406, 1240.627685546875, 546.6698608398438]]","[0.6923828125, 0.455810546875, 0.54248046875, 0.302734375, 0.27294921875, 0.283447265625]","[[769.0957336425781, 769.9857788085938], [866.6268920898438, 720.9337768554688], [624.692138671875, 891.8942260742188], [1106.534423828125, 600.7451171875], [650.136962890625, 883.90771484375], [1223.0264892578125, 546.6698608398438]]",425426944,410959872,425426944,576,yolo26n_int8_576_ncnn_model,MOT17-02
148,64.93511799999396,0.0,7,"[2, 38, 68, 24, 81, 101, 122]","[[713.6055297851562, 425.7330627441406, 830.7969360351562, 774.119873046875], [822.4810180664062, 464.8908996582031, 913.0716552734375, 730.4577026367188], [528.609375, 434.918212890625, 720.9757080078125, 898.0118408203125], [1079.7750244140625, 450.8714599609375, 1133.326416015625, 600.2800903320312], [587.4874267578125, 435.04681396484375, 719.9464111328125, 900.2368774414062], [1204.9892578125, 445.7901611328125, 1240.55078125, 548.171875], [875.3638305664062, 454.58331298828125, 968.9694213867188, 694.0833129882812]]","[0.68505859375, 0.419677734375, 0.487548828125, 0.267822265625, 0.251953125, 0.38232421875, 0.4609375]","[[772.2012329101562, 774.119873046875], [867.7763366699219, 730.4577026367188], [624.7925415039062, 898.0118408203125], [1106.5507202148438, 600.2800903320312], [653.7169189453125, 900.2368774414062], [1222.77001953125, 548.171875], [922.1666259765625, 694.0833129882812]]",425426944,410959872,425426944,576,yolo26n_int8_576_ncnn_model,MOT17-02
149,64.711915000089,0.0,6,"[2, 38, 68, 24, 101, 122]","[[716.3270263671875, 429.6668395996094, 835.2586059570312, 778.1764526367188], [824.4017333984375, 467.8367919921875, 915.2041015625, 736.2266845703125], [534.3545532226562, 432.747314453125, 724.0166625976562, 897.2614135742188], [1079.261474609375, 450.500732421875, 1132.770751953125, 599.8267211914062], [1203.60498046875, 445.1153259277344, 1239.627685546875, 548.1909790039062], [881.3548583984375, 452.67041015625, 973.6908569335938, 689.36474609375]]","[0.7021484375, 0.45068359375, 0.50146484375, 0.25634765625, 0.378173828125, 0.486572265625]","[[775.7928161621094, 778.1764526367188], [869.8029174804688, 736.2266845703125], [629.1856079101562, 897.2614135742188], [1106.01611328125, 599.8267211914062], [1221.6163330078125, 548.1909790039062], [927.5228576660156, 689.36474609375]]",425426944,410959872,425426944,576,yolo26n_int8_576_ncnn_model,MOT17-02
150,64.81706299996404,0.0,6,"[2, 38, 68, 24, 101, 122]","[[716.3132934570312, 429.3497314453125, 837.830078125, 781.4669799804688], [828.9149169921875, 467.21649169921875, 917.5938720703125, 732.2599487304688], [538.766357421875, 430.9616394042969, 725.1943969726562, 895.6046752929688], [1078.489013671875, 450.3681945800781, 1132.0521240234375, 599.6539306640625], [1202.1910400390625, 445.9711608886719, 1238.0672607421875, 548.2080688476562], [884.9069213867188, 457.87091064453125, 975.0834350585938, 689.7099609375]]","[0.703125, 0.4482421875, 0.52392578125, 0.300048828125, 0.291015625, 0.408935546875]","[[777.0716857910156, 781.4669799804688], [873.25439453125, 732.2599487304688], [631.9803771972656, 895.6046752929688], [1105.2705688476562, 599.6539306640625], [1220.129150390625, 548.2080688476562], [929.9951782226562, 689.7099609375]]",425426944,410959872,425426944,576,yolo26n_int8_576_ncnn_model,MOT17-02
151,64.72710000002735,0.0,7,"[2, 38, 68, 24, 101, 122, 81]","[[715.7364501953125, 425.78985595703125, 839.2294921875, 780.6183471679688], [830.1270141601562, 460.5166931152344, 921.0699462890625, 733.708984375], [533.646484375, 438.63232421875, 719.306640625, 901.8294677734375], [1078.233642578125, 450.6016845703125, 1131.7613525390625, 599.3150634765625], [1199.205078125, 443.5627136230469, 1235.61669921875, 547.673095703125], [887.031005859375, 458.58197021484375, 976.6843872070312, 689.643310546875], [576.6203002929688, 422.3406066894531, 710.6073608398438, 894.1898193359375]]","[0.701171875, 0.47412109375, 0.4970703125, 0.2705078125, 0.337646484375, 0.43310546875, 0.451416015625]","[[777.4829711914062, 780.6183471679688], [875.5984802246094, 733.708984375], [626.4765625, 901.8294677734375], [1104.9974975585938, 599.3150634765625], [1217.410888671875, 547.673095703125], [931.8576965332031, 689.643310546875], [643.6138305664062, 894.1898193359375]]",425426944,410959872,425426944,576,yolo26n_int8_576_ncnn_model,MOT17-02
152,64.6938400000181,0.0,6,"[2, 38, 68, 24, 101, 122]","[[715.7765502929688, 426.6174011230469, 839.3555297851562, 780.2543334960938], [827.0316162109375, 458.0008850097656, 920.350830078125, 740.7581787109375], [537.550537109375, 434.7169494628906, 723.2377319335938, 899.98828125], [1076.7877197265625, 449.8717346191406, 1130.818603515625, 600.0155029296875], [1196.82763671875, 440.761474609375, 1233.8525390625, 547.2059326171875], [886.4855346679688, 461.7762451171875, 974.5430297851562, 689.0681762695312]]","[0.6953125, 0.51220703125, 0.5283203125, 0.2685546875, 0.34814453125, 0.3193359375]","[[777.5660400390625, 780.2543334960938], [873.6912231445312, 740.7581787109375], [630.3941345214844, 899.98828125], [1103.8031616210938, 600.0155029296875], [1215.340087890625, 547.2059326171875], [930.5142822265625, 689.0681762695312]]",425426944,410959872,425426944,576,yolo26n_int8_576_ncnn_model,MOT17-02
153,64.58121100013159,0.0,6,"[2, 38, 68, 24, 101, 122]","[[716.2045288085938, 432.4342041015625, 839.9442749023438, 785.5775756835938], [826.2122802734375, 455.120361328125, 920.677978515625, 744.2153930664062], [536.6303100585938, 436.7826232910156, 720.013427734375, 900.0115966796875], [1076.76220703125, 449.3294677734375, 1131.0640869140625, 600.554931640625], [1196.5863037109375, 441.34588623046875, 1232.6121826171875, 545.404541015625], [887.5130004882812, 460.7057800292969, 974.7532958984375, 687.4293212890625]]","[0.72119140625, 0.5615234375, 0.5126953125, 0.2958984375, 0.353515625, 0.319580078125]","[[778.0744018554688, 785.5775756835938], [873.4451293945312, 744.2153930664062], [628.3218688964844, 900.0115966796875], [1103.9131469726562, 600.554931640625], [1214.5992431640625, 545.404541015625], [931.1331481933594, 687.4293212890625]]",425426944,410959872,425426944,576,yolo26n_int8_576_ncnn_model,MOT17-02
154,75.23588499998368,0.0,6,"[2, 38, 68, 24, 101, 122]","[[716.1602783203125, 434.35113525390625, 840.2513427734375, 787.8305053710938], [826.0584716796875, 456.97076416015625, 919.4452514648438, 745.7493286132812], [534.556396484375, 435.1017150878906, 716.092529296875, 899.0999145507812], [1076.5916748046875, 451.5987548828125, 1130.24951171875, 600.4851684570312], [1195.507568359375, 442.7179260253906, 1231.0587158203125, 545.822998046875], [884.2900390625, 451.24066162109375, 977.1217041015625, 695.9229736328125]]","[0.71728515625, 0.53955078125, 0.55517578125, 0.3203125, 0.340576171875, 0.38134765625]","[[778.205810546875, 787.8305053710938], [872.7518615722656, 745.7493286132812], [625.324462890625, 899.0999145507812], [1103.4205932617188, 600.4851684570312], [1213.2831420898438, 545.822998046875], [930.7058715820312, 695.9229736328125]]",425426944,410959872,425426944,576,yolo26n_int8_576_ncnn_model,MOT17-02
155,65.1038220000828,0.0,6,"[2, 38, 68, 24, 101, 122]","[[720.6939697265625, 433.26263427734375, 845.0532836914062, 784.9217529296875], [827.4205322265625, 449.765625, 920.70947265625, 739.9718627929688], [532.4157104492188, 432.2682800292969, 713.2247314453125, 898.6781005859375], [1075.5130615234375, 452.20001220703125, 1128.770263671875, 599.6265869140625], [1192.415283203125, 440.49371337890625, 1228.8536376953125, 546.546142578125], [886.16943359375, 452.0746765136719, 977.1260375976562, 694.7472534179688]]","[0.6845703125, 0.54931640625, 0.65283203125, 0.331787109375, 0.3134765625, 0.3466796875]","[[782.8736267089844, 784.9217529296875], [874.0650024414062, 739.9718627929688], [622.8202209472656, 898.6781005859375], [1102.1416625976562, 599.6265869140625], [1210.6344604492188, 546.546142578125], [931.6477355957031, 694.7472534179688]]",425426944,410959872,425426944,576,yolo26n_int8_576_ncnn_model,MOT17-02
156,65.0526549998176,0.0,5,"[2, 38, 68, 24, 122]","[[722.4783325195312, 432.4064025878906, 847.2427978515625, 783.0784912109375], [830.2671508789062, 444.8365478515625, 924.2406005859375, 737.7050170898438], [525.6953125, 429.41845703125, 707.6599731445312, 901.3295288085938], [1075.98583984375, 451.3180847167969, 1129.5797119140625, 599.3038940429688], [885.9950561523438, 451.611572265625, 977.9196166992188, 700.6949462890625]]","[0.67333984375, 0.5654296875, 0.6552734375, 0.31103515625, 0.2939453125]","[[784.8605651855469, 783.0784912109375], [877.2538757324219, 737.7050170898438], [616.6776428222656, 901.3295288085938], [1102.7827758789062, 599.3038940429688], [931.9573364257812, 700.6949462890625]]",425426944,410959872,425426944,576,yolo26n_int8_576_ncnn_model,MOT17-02
157,64.65119199992841,0.0,5,"[2, 38, 68, 24, 122]","[[725.3872680664062, 429.8578796386719, 851.7626342773438, 782.3516845703125], [833.4288940429688, 445.1601867675781, 926.695556640625, 735.7091674804688], [525.6650390625, 428.35223388671875, 704.714599609375, 895.7221069335938], [1078.4395751953125, 450.9869689941406, 1134.242919921875, 606.8963012695312], [887.89111328125, 455.3249206542969, 977.2996826171875, 700.1084594726562]]","[0.66748046875, 0.5546875, 0.5732421875, 0.30126953125, 0.330322265625]","[[788.574951171875, 782.3516845703125], [880.0622253417969, 735.7091674804688], [615.1898193359375, 895.7221069335938], [1106.3412475585938, 606.8963012695312], [932.5953979492188, 700.1084594726562]]",425426944,410959872,425426944,576,yolo26n_int8_576_ncnn_model,MOT17-02
158,65.0449889999436,0.0,6,"[2, 38, 68, 24, 129, 101]","[[726.496826171875, 428.88665771484375, 853.868896484375, 782.0576782226562], [836.843017578125, 446.96990966796875, 929.7113647460938, 734.3568725585938], [525.7235107421875, 429.2096862792969, 704.16455078125, 895.5626220703125], [1077.3837890625, 450.3249816894531, 1131.4794921875, 601.6240844726562], [666.1455688476562, 441.9166564941406, 748.5210571289062, 806.0833129882812], [1192.40185546875, 450.00946044921875, 1224.9310302734375, 544.725830078125]]","[0.67724609375, 0.5625, 0.6416015625, 0.3251953125, 0.362060546875, 0.277099609375]","[[790.182861328125, 782.0576782226562], [883.2771911621094, 734.3568725585938], [614.9440307617188, 895.5626220703125], [1104.431640625, 601.6240844726562], [707.3333129882812, 806.0833129882812], [1208.6664428710938, 544.725830078125]]",425426944,410959872,425426944,576,yolo26n_int8_576_ncnn_model,MOT17-02
159,64.67898899995816,0.0,6,"[2, 38, 68, 24, 129, 122]","[[727.7938842773438, 427.41595458984375, 855.8383178710938, 781.928955078125], [834.9904174804688, 442.45513916015625, 928.3721313476562, 731.342529296875], [523.9219360351562, 426.9439392089844, 703.665283203125, 896.9815673828125], [1078.51611328125, 451.4490661621094, 1132.1376953125, 601.4217529296875], [667.7693481445312, 441.4058532714844, 749.70654296875, 803.0185546875], [897.0963745117188, 455.83148193359375, 985.6935424804688, 698.3788452148438]]","[0.66943359375, 0.54345703125, 0.6513671875, 0.263671875, 0.37109375, 0.32666015625]","[[791.8161010742188, 781.928955078125], [881.6812744140625, 731.342529296875], [613.7936096191406, 896.9815673828125], [1105.326904296875, 601.4217529296875], [708.7379455566406, 803.0185546875], [941.3949584960938, 698.3788452148438]]",425426944,410959872,425426944,576,yolo26n_int8_576_ncnn_model,MOT17-02
160,64.66461900004106,0.0,6,"[2, 38, 68, 24, 129, 122]","[[729.8818969726562, 426.8617858886719, 858.1384887695312, 782.96533203125], [839.9027099609375, 445.44378662109375, 933.1236572265625, 732.1198120117188], [522.3662109375, 428.98681640625, 702.2353515625, 898.9948120117188], [1078.519287109375, 452.4236755371094, 1131.703369140625, 600.7896118164062], [664.3878173828125, 427.6047668457031, 746.254150390625, 789.6487426757812], [900.2422485351562, 456.2785949707031, 990.7977294921875, 704.373291015625]]","[0.68115234375, 0.583984375, 0.6396484375, 0.317626953125, 0.42529296875, 0.393798828125]","[[794.0101928710938, 782.96533203125], [886.51318359375, 732.1198120117188], [612.30078125, 898.9948120117188], [1105.111328125, 600.7896118164062], [705.3209838867188, 789.6487426757812], [945.5199890136719, 704.373291015625]]",425426944,410959872,425426944,576,yolo26n_int8_576_ncnn_model,MOT17-02
161,64.95758200003365,0.0,6,"[2, 38, 68, 24, 129, 122]","[[733.6580810546875, 430.227294921875, 858.0776977539062, 777.5806274414062], [843.881103515625, 448.2723083496094, 937.1160278320312, 734.066162109375], [524.9561157226562, 425.2591857910156, 703.5383911132812, 894.3699340820312], [1078.570068359375, 453.06536865234375, 1131.4908447265625, 600.272216796875], [664.8624267578125, 424.5810852050781, 746.70166015625, 786.8292236328125], [910.2407836914062, 456.4298400878906, 999.0476684570312, 699.8333129882812]]","[0.6474609375, 0.5458984375, 0.58935546875, 0.317138671875, 0.47412109375, 0.31640625]","[[795.8678894042969, 777.5806274414062], [890.4985656738281, 734.066162109375], [614.2472534179688, 894.3699340820312], [1105.0304565429688, 600.272216796875], [705.7820434570312, 786.8292236328125], [954.6442260742188, 699.8333129882812]]",425426944,410959872,425426944,576,yolo26n_int8_576_ncnn_model,MOT17-02
162,64.72847000009097,0.0,6,"[2, 38, 68, 24, 129, 122]","[[738.0806274414062, 428.32843017578125, 862.107177734375, 777.5900268554688], [846.64990234375, 449.6309814453125, 939.4207763671875, 733.4159545898438], [524.2020263671875, 421.5274353027344, 702.5506591796875, 892.7197875976562], [1077.791748046875, 453.0242614746094, 1131.1033935546875, 600.3546752929688], [663.9879760742188, 421.1565246582031, 746.764404296875, 788.9265747070312], [913.9780883789062, 459.2429504394531, 1002.0720825195312, 701.9572143554688]]","[0.66455078125, 0.57666015625, 0.67626953125, 0.3212890625, 0.51611328125, 0.351318359375]","[[800.0939025878906, 777.5900268554688], [893.0353393554688, 733.4159545898438], [613.3763427734375, 892.7197875976562], [1104.4475708007812, 600.3546752929688], [705.3761901855469, 788.9265747070312], [958.0250854492188, 701.9572143554688]]",425426944,410959872,425426944,576,yolo26n_int8_576_ncnn_model,MOT17-02
163,64.82721099996525,0.0,6,"[2, 38, 68, 24, 129, 122]","[[740.4974975585938, 432.99383544921875, 864.8964233398438, 786.5515747070312], [849.0640869140625, 448.4937438964844, 943.1812133789062, 737.0224609375], [528.49169921875, 420.9725036621094, 705.8942260742188, 892.3589477539062], [1077.493896484375, 453.8306884765625, 1130.9681396484375, 600.6629028320312], [668.9832153320312, 433.6092224121094, 752.6238403320312, 803.2748413085938], [915.2347412109375, 459.99224853515625, 1004.2348022460938, 707.4440307617188]]","[0.666015625, 0.5849609375, 0.65478515625, 0.320068359375, 0.51708984375, 0.3798828125]","[[802.6969604492188, 786.5515747070312], [896.1226501464844, 737.0224609375], [617.1929626464844, 892.3589477539062], [1104.2310180664062, 600.6629028320312], [710.8035278320312, 803.2748413085938], [959.7347717285156, 707.4440307617188]]",425426944,410959872,425426944,576,yolo26n_int8_576_ncnn_model,MOT17-02
164,88.67298699988169,0.0,7,"[2, 38, 68, 24, 129, 122, 131]","[[743.234130859375, 436.66790771484375, 866.7108764648438, 791.2958984375], [852.081787109375, 446.7013854980469, 946.7249755859375, 735.3502197265625], [531.1445922851562, 422.4524841308594, 708.9407958984375, 894.9632568359375], [1077.275146484375, 454.1282043457031, 1132.1361083984375, 605.1995239257812], [673.567626953125, 437.704345703125, 758.2904663085938, 810.2933959960938], [917.2022705078125, 448.1848449707031, 1007.75634765625, 701.794189453125], [665.4244995117188, 437.5833435058594, 741.9088745117188, 797.75]]","[0.6845703125, 0.5859375, 0.72509765625, 0.32080078125, 0.529296875, 0.476806640625, 0.5]","[[804.9725036621094, 791.2958984375], [899.4033813476562, 735.3502197265625], [620.0426940917969, 894.9632568359375], [1104.7056274414062, 605.1995239257812], [715.9290466308594, 810.2933959960938], [962.4793090820312, 701.794189453125], [703.6666870117188, 797.75]]",425426944,410959872,425426944,576,yolo26n_int8_576_ncnn_model,MOT17-02
165,64.84437800008891,0.0,7,"[2, 38, 68, 24, 129, 122, 131]","[[748.17138671875, 430.7663879394531, 870.4703369140625, 783.8643188476562], [856.0100708007812, 446.2972412109375, 951.7186889648438, 736.6104125976562], [533.7999877929688, 418.6551208496094, 712.8527221679688, 895.9423828125], [1077.4085693359375, 453.1419677734375, 1132.361083984375, 604.70361328125], [675.4140625, 442.63153076171875, 760.1033935546875, 812.8289794921875], [917.0775146484375, 442.32427978515625, 1008.6919555664062, 700.9830932617188], [665.6928100585938, 431.7625427246094, 742.3875122070312, 793.3610229492188]]","[0.69970703125, 0.5107421875, 0.69775390625, 0.283447265625, 0.51806640625, 0.462158203125, 0.5205078125]","[[809.3208618164062, 783.8643188476562], [903.8643798828125, 736.6104125976562], [623.3263549804688, 895.9423828125], [1104.8848266601562, 604.70361328125], [717.7587280273438, 812.8289794921875], [962.8847351074219, 700.9830932617188], [704.0401611328125, 793.3610229492188]]",425426944,410959872,425426944,576,yolo26n_int8_576_ncnn_model,MOT17-02
166,70.17997400021159,0.0,7,"[2, 38, 68, 24, 129, 122, 131]","[[749.581298828125, 433.59478759765625, 872.7274780273438, 791.330078125], [860.22705078125, 451.0924072265625, 958.3867797851562, 747.495361328125], [539.260009765625, 421.62872314453125, 717.531005859375, 900.6784057617188], [1076.7244873046875, 451.3819580078125, 1130.99267578125, 601.474609375], [676.4012451171875, 443.0476989746094, 760.8929443359375, 809.4637451171875], [918.8564453125, 440.6485595703125, 1011.3822631835938, 704.4727172851562], [666.9013671875, 433.6412353515625, 742.7244262695312, 791.6136474609375]]","[0.7021484375, 0.55419921875, 0.65478515625, 0.3115234375, 0.54638671875, 0.367431640625, 0.51953125]","[[811.1543884277344, 791.330078125], [909.3069152832031, 747.495361328125], [628.3955078125, 900.6784057617188], [1103.8585815429688, 601.474609375], [718.6470947265625, 809.4637451171875], [965.1193542480469, 704.4727172851562], [704.8128967285156, 791.6136474609375]]",425426944,410959872,425426944,576,yolo26n_int8_576_ncnn_model,MOT17-02
167,66.06200800001716,0.0,7,"[2, 38, 68, 24, 129, 122, 131]","[[751.4715576171875, 429.1748962402344, 874.2454833984375, 788.6393432617188], [864.6714477539062, 447.18939208984375, 963.340576171875, 739.8714599609375], [543.4297485351562, 420.6086120605469, 722.6690063476562, 902.462646484375], [1076.460693359375, 450.4327087402344, 1130.4769287109375, 600.5050048828125], [677.3689575195312, 443.73345947265625, 762.6949462890625, 812.0901489257812], [924.1331787109375, 441.1360168457031, 1014.1636352539062, 702.5452880859375], [667.1961669921875, 429.4469909667969, 743.5274658203125, 791.1823120117188]]","[0.69873046875, 0.59814453125, 0.68017578125, 0.3076171875, 0.52197265625, 0.480224609375, 0.50830078125]","[[812.8585205078125, 788.6393432617188], [914.0060119628906, 739.8714599609375], [633.0493774414062, 902.462646484375], [1103.4688110351562, 600.5050048828125], [720.0319519042969, 812.0901489257812], [969.1484069824219, 702.5452880859375], [705.36181640625, 791.1823120117188]]",425426944,410959872,425426944,576,yolo26n_int8_576_ncnn_model,MOT17-02
168,75.78555199984294,0.0,7,"[2, 38, 68, 24, 129, 122, 131]","[[753.5477294921875, 427.7530822753906, 876.02392578125, 789.4932250976562], [869.5575561523438, 443.194580078125, 970.6280517578125, 739.333984375], [555.427490234375, 415.31597900390625, 735.4935913085938, 903.6533203125], [1076.4822998046875, 451.7320251464844, 1130.1722412109375, 600.6915893554688], [677.7883911132812, 445.076904296875, 764.3021240234375, 816.3677978515625], [927.6926879882812, 439.1887512207031, 1015.6962280273438, 697.3900756835938], [668.5382690429688, 430.5078430175781, 745.49755859375, 795.9019775390625]]","[0.6826171875, 0.57763671875, 0.6513671875, 0.333740234375, 0.50537109375, 0.50537109375, 0.461181640625]","[[814.7858276367188, 789.4932250976562], [920.0928039550781, 739.333984375], [645.4605407714844, 903.6533203125], [1103.3272705078125, 600.6915893554688], [721.0452575683594, 816.3677978515625], [971.6944580078125, 697.3900756835938], [707.0179138183594, 795.9019775390625]]",425426944,410959872,425426944,576,yolo26n_int8_576_ncnn_model,MOT17-02
169,65.05767399994511,0.0,7,"[2, 38, 68, 24, 129, 122, 131]","[[755.3970947265625, 426.945556640625, 877.6583862304688, 791.16162109375], [871.3840942382812, 439.7929382324219, 975.3578491210938, 741.0293579101562], [561.2250366210938, 412.5172119140625, 740.6403198242188, 902.7055053710938], [1075.7098388671875, 450.8501281738281, 1130.85009765625, 604.3536376953125], [678.0458984375, 443.0572814941406, 766.3533325195312, 820.4144287109375], [928.1956176757812, 437.1181945800781, 1018.0174560546875, 704.5150146484375], [669.2218017578125, 428.48712158203125, 747.087890625, 798.9150390625]]","[0.6904296875, 0.64990234375, 0.63916015625, 0.338623046875, 0.5224609375, 0.47802734375, 0.43017578125]","[[816.5277404785156, 791.16162109375], [923.3709716796875, 741.0293579101562], [650.9326782226562, 902.7055053710938], [1103.2799682617188, 604.3536376953125], [722.1996154785156, 820.4144287109375], [973.1065368652344, 704.5150146484375], [708.1548461914062, 798.9150390625]]",425426944,410959872,425426944,576,yolo26n_int8_576_ncnn_model,MOT17-02
170,65.1368779999757,0.0,7,"[2, 38, 68, 24, 129, 122, 131]","[[757.6047973632812, 425.55426025390625, 880.4395751953125, 792.8638305664062], [873.0944213867188, 439.61285400390625, 979.181396484375, 743.836181640625], [555.5408935546875, 419.4280700683594, 734.9912719726562, 900.9356079101562], [1075.6416015625, 451.3401184082031, 1130.8905029296875, 605.98681640625], [678.6263427734375, 441.44818115234375, 767.6409912109375, 820.4991455078125], [932.6646118164062, 435.83343505859375, 1019.9043579101562, 699.0382690429688], [669.8916625976562, 426.2449951171875, 748.8821411132812, 801.5621337890625]]","[0.689453125, 0.6162109375, 0.70263671875, 0.352294921875, 0.487548828125, 0.52099609375, 0.443359375]","[[819.0221862792969, 792.8638305664062], [926.1379089355469, 743.836181640625], [645.2660827636719, 900.9356079101562], [1103.2660522460938, 605.98681640625], [723.1336669921875, 820.4991455078125], [976.2844848632812, 699.0382690429688], [709.3869018554688, 801.5621337890625]]",425426944,410959872,425426944,576,yolo26n_int8_576_ncnn_model,MOT17-02
171,64.94293400010065,0.0,6,"[2, 38, 68, 24, 129, 122]","[[756.9071655273438, 430.370361328125, 881.778076171875, 805.64892578125], [875.2740478515625, 436.8507080078125, 984.3251342773438, 745.4334106445312], [558.9651489257812, 425.16680908203125, 740.237060546875, 900.498779296875], [1075.7081298828125, 449.89385986328125, 1131.9183349609375, 608.2413330078125], [679.059814453125, 441.0957946777344, 768.356689453125, 820.1790161132812], [939.2628784179688, 439.24652099609375, 1024.3388671875, 695.224853515625]]","[0.69287109375, 0.62890625, 0.7265625, 0.312744140625, 0.414306640625, 0.53515625]","[[819.3426208496094, 805.64892578125], [929.7995910644531, 745.4334106445312], [649.6011047363281, 900.498779296875], [1103.813232421875, 608.2413330078125], [723.708251953125, 820.1790161132812], [981.8008728027344, 695.224853515625]]",425426944,410959872,425426944,576,yolo26n_int8_576_ncnn_model,MOT17-02
172,65.96847199989497,0.0,6,"[2, 38, 68, 24, 129, 122]","[[759.3367919921875, 421.33331298828125, 884.888671875, 801.7620239257812], [875.29443359375, 436.64349365234375, 984.6929321289062, 744.1080932617188], [560.160400390625, 424.8441467285156, 746.0130615234375, 901.6973266601562], [1076.4879150390625, 451.7923583984375, 1130.4742431640625, 603.3766479492188], [677.7031860351562, 441.78302001953125, 768.3904418945312, 827.9852294921875], [942.5487060546875, 441.7055969238281, 1027.22265625, 696.0079956054688]]","[0.68994140625, 0.63232421875, 0.7685546875, 0.271240234375, 0.349365234375, 0.55615234375]","[[822.1127319335938, 801.7620239257812], [929.9936828613281, 744.1080932617188], [653.0867309570312, 901.6973266601562], [1103.4810791015625, 603.3766479492188], [723.0468139648438, 827.9852294921875], [984.8856811523438, 696.0079956054688]]",425426944,410959872,425426944,576,yolo26n_int8_576_ncnn_model,MOT17-02
173,65.24024800000916,0.0,5,"[2, 38, 68, 24, 122]","[[757.621826171875, 429.69329833984375, 883.68359375, 813.3840942382812], [876.6717529296875, 427.02325439453125, 989.7608032226562, 742.1914672851562], [562.2857666015625, 428.0208435058594, 751.2945556640625, 903.2302856445312], [1076.8026123046875, 450.877685546875, 1132.132080078125, 607.5551147460938], [943.8248291015625, 440.7057800292969, 1029.1435546875, 698.2501831054688]]","[0.69482421875, 0.60498046875, 0.744140625, 0.315185546875, 0.447509765625]","[[820.6527099609375, 813.3840942382812], [933.2162780761719, 742.1914672851562], [656.7901611328125, 903.2302856445312], [1104.4673461914062, 607.5551147460938], [986.4841918945312, 698.2501831054688]]",425426944,410959872,425426944,576,yolo26n_int8_576_ncnn_model,MOT17-02
174,65.29410100006316,0.0,6,"[2, 38, 68, 24, 122, 81]","[[758.3862915039062, 433.47247314453125, 884.3676147460938, 817.236083984375], [876.9398803710938, 424.78759765625, 991.7540893554688, 742.2659301757812], [570.7486572265625, 420.25238037109375, 764.1974487304688, 909.4417724609375], [1077.83935546875, 450.0018615722656, 1132.9010009765625, 607.4362182617188], [944.957763671875, 438.97479248046875, 1031.2181396484375, 700.4690551757812], [600.1315307617188, 435.060791015625, 769.9060668945312, 916.66748046875]]","[0.71484375, 0.5986328125, 0.7138671875, 0.30029296875, 0.43994140625, 0.445556640625]","[[821.376953125, 817.236083984375], [934.3469848632812, 742.2659301757812], [667.4730529785156, 909.4417724609375], [1105.3701782226562, 607.4362182617188], [988.0879516601562, 700.4690551757812], [685.018798828125, 916.66748046875]]",425426944,410959872,425426944,576,yolo26n_int8_576_ncnn_model,MOT17-02
175,64.77513699996962,0.0,5,"[2, 38, 68, 24, 122]","[[761.9451904296875, 432.7276916503906, 884.5076904296875, 805.4903564453125], [879.256591796875, 426.0405578613281, 994.428466796875, 742.4144287109375], [568.1439819335938, 416.25665283203125, 763.1945190429688, 908.4712524414062], [1077.1151123046875, 449.6678466796875, 1131.037353515625, 602.9920654296875], [948.2464599609375, 439.15716552734375, 1034.422119140625, 702.6793212890625]]","[0.70751953125, 0.62841796875, 0.69189453125, 0.294921875, 0.4169921875]","[[823.2264404296875, 805.4903564453125], [936.842529296875, 742.4144287109375], [665.6692504882812, 908.4712524414062], [1104.0762329101562, 602.9920654296875], [991.3342895507812, 702.6793212890625]]",425426944,410959872,425426944,576,yolo26n_int8_576_ncnn_model,MOT17-02
176,65.38430399996287,0.0,7,"[2, 38, 68, 24, 122, 101, 81]","[[762.6030883789062, 438.2344970703125, 885.6637573242188, 814.98388671875], [881.8306274414062, 435.76434326171875, 993.5408935546875, 739.8563232421875], [574.1437377929688, 415.9674987792969, 770.295166015625, 914.4737548828125], [1077.9066162109375, 449.8251647949219, 1131.4573974609375, 602.0947875976562], [952.5835571289062, 436.7874755859375, 1038.930419921875, 703.7896728515625], [1164.9410400390625, 451.66876220703125, 1201.766357421875, 546.65576171875], [598.5276489257812, 434.9532470703125, 788.9046020507812, 921.3162231445312]]","[0.72119140625, 0.65673828125, 0.71728515625, 0.3115234375, 0.3994140625, 0.350341796875, 0.398193359375]","[[824.1334228515625, 814.98388671875], [937.6857604980469, 739.8563232421875], [672.2194519042969, 914.4737548828125], [1104.6820068359375, 602.0947875976562], [995.7569885253906, 703.7896728515625], [1183.3536987304688, 546.65576171875], [693.7161254882812, 921.3162231445312]]",425426944,410959872,425426944,576,yolo26n_int8_576_ncnn_model,MOT17-02
177,65.02532199988309,0.0,6,"[2, 38, 68, 24, 122, 101]","[[763.1953735351562, 438.6116638183594, 886.2002563476562, 815.712646484375], [882.7927856445312, 441.797607421875, 992.9403686523438, 738.8574829101562], [573.802001953125, 416.0226745605469, 770.5018310546875, 916.5800170898438], [1077.3116455078125, 450.16619873046875, 1131.398193359375, 604.8027954101562], [955.7716064453125, 434.54254150390625, 1041.09619140625, 703.37841796875], [1161.3587646484375, 447.95343017578125, 1202.1531982421875, 546.9924926757812]]","[0.7138671875, 0.65283203125, 0.7109375, 0.3056640625, 0.350830078125, 0.367919921875]","[[824.6978149414062, 815.712646484375], [937.8665771484375, 738.8574829101562], [672.1519165039062, 916.5800170898438], [1104.3549194335938, 604.8027954101562], [998.4338989257812, 703.37841796875], [1181.7559814453125, 546.9924926757812]]",425426944,410959872,425426944,576,yolo26n_int8_576_ncnn_model,MOT17-02
178,65.15793399989889,0.0,6,"[2, 38, 68, 24, 122, 101]","[[768.045166015625, 439.5431823730469, 890.4418334960938, 817.2808227539062], [885.6625366210938, 441.8111877441406, 996.6929931640625, 740.7137451171875], [574.5540771484375, 409.6468811035156, 772.185302734375, 913.9070434570312], [1076.7462158203125, 450.8455505371094, 1130.6217041015625, 605.2669677734375], [964.228271484375, 426.6080627441406, 1053.0509033203125, 703.75048828125], [1160.0533447265625, 447.283447265625, 1202.3583984375, 546.5609741210938]]","[0.68017578125, 0.61962890625, 0.72802734375, 0.258544921875, 0.38330078125, 0.33544921875]","[[829.2434997558594, 817.2808227539062], [941.1777648925781, 740.7137451171875], [673.3696899414062, 913.9070434570312], [1103.6839599609375, 605.2669677734375], [1008.6395874023438, 703.75048828125], [1181.2058715820312, 546.5609741210938]]",425426944,410959872,425426944,576,yolo26n_int8_576_ncnn_model,MOT17-02
179,66.19215700015957,0.0,6,"[2, 38, 68, 24, 122, 101]","[[771.1278076171875, 440.1382751464844, 892.8843383789062, 818.6251220703125], [889.2606201171875, 442.6346740722656, 999.8046264648438, 740.5702514648438], [577.1180419921875, 408.34393310546875, 774.7139892578125, 913.9287109375], [1076.650146484375, 450.83355712890625, 1130.2059326171875, 604.6113891601562], [975.4139404296875, 417.13836669921875, 1067.8275146484375, 701.7152099609375], [1157.993408203125, 450.60516357421875, 1199.73046875, 547.2103881835938]]","[0.66845703125, 0.61962890625, 0.74658203125, 0.28662109375, 0.398681640625, 0.35400390625]","[[832.0060729980469, 818.6251220703125], [944.5326232910156, 740.5702514648438], [675.916015625, 913.9287109375], [1103.4280395507812, 604.6113891601562], [1021.6207275390625, 701.7152099609375], [1178.8619384765625, 547.2103881835938]]",425426944,410959872,425426944,576,yolo26n_int8_576_ncnn_model,MOT17-02
180,66.62411899992549,0.0,5,"[2, 38, 68, 122, 101]","[[772.803466796875, 438.6837463378906, 894.2616577148438, 818.513427734375], [891.4452514648438, 441.2763671875, 1002.1643676757812, 742.167724609375], [577.2793579101562, 408.16961669921875, 775.1942749023438, 914.7144775390625], [980.558837890625, 413.0019836425781, 1074.609619140625, 699.2969360351562], [1157.0748291015625, 452.7309265136719, 1198.9874267578125, 548.8461303710938]]","[0.685546875, 0.583984375, 0.75732421875, 0.381591796875, 0.3876953125]","[[833.5325622558594, 818.513427734375], [946.8048095703125, 742.167724609375], [676.23681640625, 914.7144775390625], [1027.584228515625, 699.2969360351562], [1178.0311279296875, 548.8461303710938]]",425426944,410959872,425426944,576,yolo26n_int8_576_ncnn_model,MOT17-02
181,65.36076700012927,0.0,6,"[2, 38, 68, 122, 101, 145]","[[774.5172119140625, 436.7315979003906, 895.757568359375, 818.67822265625], [893.0003051757812, 440.2073669433594, 1004.3363037109375, 745.5100708007812], [574.3516845703125, 417.8736877441406, 770.4983520507812, 917.302490234375], [977.0948486328125, 421.27691650390625, 1071.46484375, 705.9609375], [1156.822509765625, 452.6826477050781, 1198.7254638671875, 549.1682739257812], [573.6769409179688, 458.1666564941406, 626.1563720703125, 554.8333129882812]]","[0.72216796875, 0.5947265625, 0.75634765625, 0.474853515625, 0.400390625, 0.3193359375]","[[835.1373901367188, 818.67822265625], [948.6683044433594, 745.5100708007812], [672.4250183105469, 917.302490234375], [1024.2798461914062, 705.9609375], [1177.7739868164062, 549.1682739257812], [599.9166564941406, 554.8333129882812]]",425426944,410959872,425426944,576,yolo26n_int8_576_ncnn_model,MOT17-02
182,65.1780079999753,0.0,7,"[2, 38, 68, 122, 101, 145, 24]","[[775.495361328125, 435.69818115234375, 895.8580932617188, 817.8592529296875], [899.3427124023438, 435.5548095703125, 1010.1796875, 744.4337768554688], [577.0903930664062, 417.069091796875, 774.0244140625, 918.3828735351562], [976.7098999023438, 426.47467041015625, 1071.11767578125, 712.0798950195312], [1155.7191162109375, 450.9971923828125, 1197.5260009765625, 548.724853515625], [572.048828125, 458.9374084472656, 627.9129638671875, 562.0271606445312], [1078.128173828125, 457.1863708496094, 1128.482177734375, 600.7471313476562]]","[0.7041015625, 0.60400390625, 0.77734375, 0.4697265625, 0.365234375, 0.341552734375, 0.275390625]","[[835.6767272949219, 817.8592529296875], [954.7611999511719, 744.4337768554688], [675.5574035644531, 918.3828735351562], [1023.9137878417969, 712.0798950195312], [1176.62255859375, 548.724853515625], [599.9808959960938, 562.0271606445312], [1103.30517578125, 600.7471313476562]]",425426944,410959872,425426944,576,yolo26n_int8_576_ncnn_model,MOT17-02
183,99.91612499993607,0.0,7,"[2, 38, 68, 122, 101, 145, 24]","[[778.9191284179688, 436.39239501953125, 897.6443481445312, 816.3936157226562], [907.0667114257812, 442.12847900390625, 1014.5682983398438, 746.599853515625], [582.4336547851562, 417.86749267578125, 779.1436767578125, 918.748046875], [978.4968872070312, 432.864013671875, 1070.970947265625, 713.2862548828125], [1155.983154296875, 452.27777099609375, 1196.48291015625, 547.723388671875], [569.4537353515625, 452.9355773925781, 633.68310546875, 571.9813842773438], [1076.8289794921875, 455.55853271484375, 1127.4329833984375, 599.237548828125]]","[0.73779296875, 0.580078125, 0.73681640625, 0.468017578125, 0.3505859375, 0.33349609375, 0.295166015625]","[[838.28173828125, 816.3936157226562], [960.8175048828125, 746.599853515625], [680.7886657714844, 918.748046875], [1024.7339172363281, 713.2862548828125], [1176.2330322265625, 547.723388671875], [601.5684204101562, 571.9813842773438], [1102.1309814453125, 599.237548828125]]",425426944,410959872,425426944,576,yolo26n_int8_576_ncnn_model,MOT17-02
184,66.69993500008786,0.0,7,"[2, 38, 68, 122, 101, 145, 24]","[[782.216064453125, 436.9241638183594, 901.1425170898438, 818.8189086914062], [911.6268310546875, 441.0811767578125, 1017.7017822265625, 746.5811767578125], [589.3178100585938, 414.04925537109375, 785.4193115234375, 916.3670654296875], [981.419677734375, 433.4178161621094, 1072.777587890625, 711.218505859375], [1157.630859375, 454.9898986816406, 1196.8841552734375, 547.3281860351562], [567.17724609375, 450.5658264160156, 635.912841796875, 579.0288696289062], [1077.3511962890625, 454.4848937988281, 1128.3902587890625, 599.3087768554688]]","[0.72119140625, 0.541015625, 0.77587890625, 0.50341796875, 0.458251953125, 0.289794921875, 0.25537109375]","[[841.6792907714844, 818.8189086914062], [964.664306640625, 746.5811767578125], [687.3685607910156, 916.3670654296875], [1027.0986328125, 711.218505859375], [1177.2575073242188, 547.3281860351562], [601.5450439453125, 579.0288696289062], [1102.8707275390625, 599.3087768554688]]",425426944,410959872,425426944,576,yolo26n_int8_576_ncnn_model,MOT17-02
185,69.33597299985195,0.0,7,"[2, 38, 68, 122, 101, 145, 24]","[[784.8530883789062, 433.54742431640625, 902.5800170898438, 808.990966796875], [914.3515014648438, 440.95672607421875, 1019.8375244140625, 749.5770263671875], [593.817626953125, 425.93145751953125, 785.166015625, 917.4903564453125], [985.7416381835938, 433.3531494140625, 1076.61083984375, 710.6781616210938], [1156.6685791015625, 453.75115966796875, 1196.4715576171875, 547.176513671875], [561.3860473632812, 446.1341857910156, 641.0474853515625, 597.3419799804688], [1077.6177978515625, 454.355224609375, 1128.677978515625, 599.0730590820312]]","[0.7158203125, 0.5263671875, 0.77734375, 0.4951171875, 0.404052734375, 0.376953125, 0.288818359375]","[[843.716552734375, 808.990966796875], [967.0945129394531, 749.5770263671875], [689.4918212890625, 917.4903564453125], [1031.1762390136719, 710.6781616210938], [1176.570068359375, 547.176513671875], [601.2167663574219, 597.3419799804688], [1103.1478881835938, 599.0730590820312]]",425426944,410959872,425426944,576,yolo26n_int8_576_ncnn_model,MOT17-02
186,65.96806400011701,0.0,7,"[2, 38, 68, 122, 101, 145, 24]","[[784.981689453125, 432.66619873046875, 905.4857177734375, 818.07177734375], [917.0075073242188, 439.2624206542969, 1020.981689453125, 750.1383666992188], [597.0674438476562, 422.2917785644531, 788.8248291015625, 918.3014526367188], [991.9720458984375, 436.6331787109375, 1082.0247802734375, 710.4476318359375], [1156.6484375, 454.39453125, 1197.143798828125, 548.2255249023438], [558.2191162109375, 447.3288879394531, 641.8671264648438, 608.7296752929688], [1078.8470458984375, 454.0198059082031, 1127.664306640625, 590.4173583984375]]","[0.73388671875, 0.53125, 0.77001953125, 0.4951171875, 0.482177734375, 0.362060546875, 0.288818359375]","[[845.2337036132812, 818.07177734375], [968.9945983886719, 750.1383666992188], [692.9461364746094, 918.3014526367188], [1036.9984130859375, 710.4476318359375], [1176.8961181640625, 548.2255249023438], [600.0431213378906, 608.7296752929688], [1103.2556762695312, 590.4173583984375]]",425426944,410959872,425426944,576,yolo26n_int8_576_ncnn_model,MOT17-02
187,65.2539519999209,0.0,6,"[2, 38, 68, 122, 101, 145]","[[788.2283325195312, 430.84368896484375, 906.538330078125, 808.7417602539062], [919.338134765625, 423.00579833984375, 1026.432373046875, 749.4993286132812], [600.9263916015625, 418.7205505371094, 793.9595336914062, 922.9780883789062], [994.7474975585938, 436.2148132324219, 1085.59423828125, 710.8868408203125], [1157.193359375, 454.9020690917969, 1198.0150146484375, 548.3434448242188], [558.6044921875, 448.5255126953125, 642.542724609375, 612.5723266601562]]","[0.71875, 0.5166015625, 0.771484375, 0.51904296875, 0.439208984375, 0.426025390625]","[[847.3833312988281, 808.7417602539062], [972.88525390625, 749.4993286132812], [697.4429626464844, 922.9780883789062], [1040.1708679199219, 710.8868408203125], [1177.6041870117188, 548.3434448242188], [600.5736083984375, 612.5723266601562]]",425426944,410959872,425426944,576,yolo26n_int8_576_ncnn_model,MOT17-02
188,64.81945200016526,0.0,6,"[2, 38, 68, 122, 101, 145]","[[788.7762451171875, 431.3951721191406, 909.670654296875, 819.333984375], [924.48193359375, 432.52569580078125, 1026.2322998046875, 746.5511474609375], [598.6427001953125, 422.0115051269531, 794.5241088867188, 936.4757080078125], [994.7890014648438, 430.67742919921875, 1087.6812744140625, 711.99609375], [1157.0572509765625, 453.97393798828125, 1198.744140625, 548.3822631835938], [557.841552734375, 445.9385986328125, 642.6717529296875, 614.7420043945312]]","[0.73583984375, 0.54541015625, 0.7470703125, 0.5615234375, 0.39111328125, 0.47021484375]","[[849.2234497070312, 819.333984375], [975.3571166992188, 746.5511474609375], [696.5834045410156, 936.4757080078125], [1041.2351379394531, 711.99609375], [1177.9006958007812, 548.3822631835938], [600.2566528320312, 614.7420043945312]]",425426944,410959872,425426944,576,yolo26n_int8_576_ncnn_model,MOT17-02
189,64.9228040001617,0.0,6,"[2, 38, 68, 122, 101, 145]","[[790.6509399414062, 431.8808898925781, 912.33447265625, 824.0687866210938], [931.0676879882812, 435.32586669921875, 1033.4052734375, 750.87353515625], [602.3072509765625, 418.22271728515625, 798.17919921875, 936.79638671875], [997.896484375, 432.55206298828125, 1089.532470703125, 710.62255859375], [1156.80615234375, 452.7913818359375, 1199.2532958984375, 548.1171875], [556.4174194335938, 446.55792236328125, 642.7723388671875, 622.2098999023438]]","[0.720703125, 0.5703125, 0.7314453125, 0.49658203125, 0.398193359375, 0.471435546875]","[[851.4927062988281, 824.0687866210938], [982.2364807128906, 750.87353515625], [700.2432250976562, 936.79638671875], [1043.7144775390625, 710.62255859375], [1178.0297241210938, 548.1171875], [599.5948791503906, 622.2098999023438]]",425426944,410959872,425426944,576,yolo26n_int8_576_ncnn_model,MOT17-02
190,65.09165600004962,0.0,7,"[2, 38, 68, 122, 101, 145, 24]","[[793.6596069335938, 431.8053283691406, 916.3768920898438, 827.2106323242188], [940.0056762695312, 430.3409423828125, 1045.83447265625, 754.1055297851562], [605.6295776367188, 416.8929748535156, 800.7430419921875, 937.7764282226562], [1000.131103515625, 446.5278625488281, 1090.009765625, 718.8870239257812], [1157.0787353515625, 453.1614685058594, 1200.209716796875, 548.287109375], [558.0344848632812, 448.17999267578125, 640.6216430664062, 619.4043579101562], [1076.2625732421875, 452.481201171875, 1128.87353515625, 599.3939819335938]]","[0.728515625, 0.619140625, 0.75830078125, 0.390869140625, 0.427490234375, 0.51220703125, 0.25927734375]","[[855.0182495117188, 827.2106323242188], [992.9200744628906, 754.1055297851562], [703.1863098144531, 937.7764282226562], [1045.0704345703125, 718.8870239257812], [1178.6442260742188, 548.287109375], [599.3280639648438, 619.4043579101562], [1102.5680541992188, 599.3939819335938]]",425426944,410959872,425426944,576,yolo26n_int8_576_ncnn_model,MOT17-02
191,65.32763700010946,0.0,6,"[2, 38, 68, 122, 101, 145]","[[794.6814575195312, 431.7842102050781, 917.8975219726562, 830.5423583984375], [945.6079711914062, 428.7489318847656, 1053.500732421875, 756.1152954101562], [609.4898681640625, 418.57781982421875, 803.3021240234375, 940.2515258789062], [1001.2476196289062, 443.7569885253906, 1088.537109375, 711.164794921875], [1156.2813720703125, 452.1989440917969, 1200.4041748046875, 548.348388671875], [560.6608276367188, 454.331787109375, 638.3150634765625, 617.8099975585938]]","[0.74267578125, 0.65380859375, 0.73681640625, 0.321044921875, 0.416015625, 0.46240234375]","[[856.2894897460938, 830.5423583984375], [999.5543518066406, 756.1152954101562], [706.39599609375, 940.2515258789062], [1044.8923645019531, 711.164794921875], [1178.3427734375, 548.348388671875], [599.4879455566406, 617.8099975585938]]",425426944,410959872,425426944,576,yolo26n_int8_576_ncnn_model,MOT17-02
192,64.83504500010895,0.0,6,"[2, 38, 68, 122, 101, 145]","[[797.805419921875, 433.0119323730469, 919.9567260742188, 828.3396606445312], [946.79345703125, 429.2572021484375, 1056.0052490234375, 757.9407958984375], [612.1742553710938, 416.7626037597656, 806.1429443359375, 945.7670288085938], [1005.3319091796875, 449.62347412109375, 1091.8756103515625, 715.751220703125], [1155.664794921875, 451.5612487792969, 1200.813232421875, 548.6424560546875], [560.7167358398438, 454.6114501953125, 636.7399291992188, 616.8473510742188]]","[0.72216796875, 0.6474609375, 0.68505859375, 0.3369140625, 0.3720703125, 0.461181640625]","[[858.8810729980469, 828.3396606445312], [1001.3993530273438, 757.9407958984375], [709.1585998535156, 945.7670288085938], [1048.603759765625, 715.751220703125], [1178.239013671875, 548.6424560546875], [598.7283325195312, 616.8473510742188]]",425426944,410959872,425426944,576,yolo26n_int8_576_ncnn_model,MOT17-02
193,65.42869300005805,0.0,6,"[2, 38, 68, 122, 101, 145]","[[802.123291015625, 429.6413269042969, 920.7469482421875, 813.6806640625], [946.308837890625, 427.30120849609375, 1057.558349609375, 758.5982055664062], [618.7132568359375, 419.0771484375, 809.6941528320312, 946.962158203125], [1008.8179321289062, 450.09765625, 1094.280029296875, 716.8848876953125], [1153.7916259765625, 452.1422424316406, 1199.34326171875, 549.0245361328125], [561.1307983398438, 455.8220520019531, 635.7536010742188, 617.3953857421875]]","[0.71826171875, 0.658203125, 0.69384765625, 0.31201171875, 0.29638671875, 0.501953125]","[[861.4351196289062, 813.6806640625], [1001.93359375, 758.5982055664062], [714.2037048339844, 946.962158203125], [1051.5489807128906, 716.8848876953125], [1176.5674438476562, 549.0245361328125], [598.4421997070312, 617.3953857421875]]",425426944,410959872,425426944,576,yolo26n_int8_576_ncnn_model,MOT17-02
194,64.97252600001957,0.0,6,"[2, 38, 68, 122, 101, 145]","[[805.6168212890625, 427.947021484375, 923.4417114257812, 808.4725952148438], [947.5924072265625, 428.4939880371094, 1059.66064453125, 760.1718139648438], [620.1448364257812, 418.6031188964844, 812.4527587890625, 955.2626342773438], [1012.6337890625, 451.0497741699219, 1095.7808837890625, 714.241943359375], [1153.7445068359375, 452.09295654296875, 1199.237548828125, 548.34130859375], [561.5831298828125, 454.3926696777344, 636.1787719726562, 618.22705078125]]","[0.72021484375, 0.642578125, 0.64013671875, 0.317626953125, 0.268798828125, 0.476806640625]","[[864.5292663574219, 808.4725952148438], [1003.6265258789062, 760.1718139648438], [716.2987976074219, 955.2626342773438], [1054.2073364257812, 714.241943359375], [1176.4910278320312, 548.34130859375], [598.8809509277344, 618.22705078125]]",425426944,410959872,425426944,576,yolo26n_int8_576_ncnn_model,MOT17-02
195,64.58928500001093,0.0,5,"[2, 38, 68, 122, 145]","[[810.5875854492188, 425.25738525390625, 929.4716796875, 807.5293579101562], [947.573974609375, 433.6329650878906, 1059.58447265625, 762.6448974609375], [623.442138671875, 420.6022033691406, 814.9100341796875, 960.4963989257812], [1021.6160278320312, 437.1832580566406, 1110.7843017578125, 716.2665405273438], [560.8160400390625, 447.342041015625, 638.9163208007812, 622.7310180664062]]","[0.7119140625, 0.68359375, 0.6064453125, 0.39208984375, 0.54296875]","[[870.0296325683594, 807.5293579101562], [1003.5792236328125, 762.6448974609375], [719.1760864257812, 960.4963989257812], [1066.2001647949219, 716.2665405273438], [599.8661804199219, 622.7310180664062]]",425426944,410959872,425426944,576,yolo26n_int8_576_ncnn_model,MOT17-02
196,64.8848599998928,0.0,5,"[2, 38, 68, 122, 145]","[[816.3255004882812, 427.5809631347656, 936.4934692382812, 808.3101806640625], [948.6337280273438, 436.4405212402344, 1060.396484375, 762.7153930664062], [628.6061401367188, 422.4605407714844, 817.1887817382812, 963.4776000976562], [1025.9840087890625, 430.2151794433594, 1118.33740234375, 714.5686645507812], [561.8382568359375, 447.5755310058594, 638.116943359375, 621.4578857421875]]","[0.73046875, 0.67919921875, 0.7197265625, 0.55224609375, 0.52685546875]","[[876.4094848632812, 808.3101806640625], [1004.5151062011719, 762.7153930664062], [722.8974609375, 963.4776000976562], [1072.1607055664062, 714.5686645507812], [599.9776000976562, 621.4578857421875]]",425426944,410959872,425426944,576,yolo26n_int8_576_ncnn_model,MOT17-02
197,64.97513699991941,0.0,5,"[2, 38, 68, 122, 145]","[[821.8264770507812, 425.17510986328125, 945.5393676757812, 809.7454223632812], [950.2030639648438, 437.2264099121094, 1061.489501953125, 760.7643432617188], [630.822265625, 421.79388427734375, 820.3273315429688, 972.423828125], [1030.7427978515625, 432.39862060546875, 1123.347900390625, 715.5095825195312], [562.7767333984375, 445.5663146972656, 638.3446655273438, 620.6971435546875]]","[0.7744140625, 0.60400390625, 0.73095703125, 0.5751953125, 0.5263671875]","[[883.6829223632812, 809.7454223632812], [1005.8462829589844, 760.7643432617188], [725.5747985839844, 972.423828125], [1077.0453491210938, 715.5095825195312], [600.5606994628906, 620.6971435546875]]",425426944,410959872,425426944,576,yolo26n_int8_576_ncnn_model,MOT17-02
198,64.78037800002312,0.0,5,"[2, 38, 68, 122, 145]","[[825.6865844726562, 423.4655456542969, 952.4099731445312, 810.0305786132812], [954.6083984375, 430.4768371582031, 1068.8929443359375, 764.8139038085938], [635.4030151367188, 422.61846923828125, 823.02734375, 972.4415283203125], [1035.7237548828125, 435.48358154296875, 1129.45849609375, 718.0501708984375], [561.7531127929688, 438.330810546875, 639.812255859375, 623.525146484375]]","[0.7724609375, 0.5771484375, 0.736328125, 0.576171875, 0.578125]","[[889.0482788085938, 810.0305786132812], [1011.7506713867188, 764.8139038085938], [729.2151794433594, 972.4415283203125], [1082.5911254882812, 718.0501708984375], [600.7826843261719, 623.525146484375]]",425426944,410959872,425426944,576,yolo26n_int8_576_ncnn_model,MOT17-02
199,65.06354499992995,0.0,5,"[2, 38, 68, 122, 145]","[[829.7901000976562, 423.3923034667969, 959.793701171875, 809.6066284179688], [960.4835205078125, 440.0571594238281, 1070.530517578125, 767.24853515625], [641.3687133789062, 421.5567626953125, 824.5437622070312, 963.8079833984375], [1039.0841064453125, 438.0513916015625, 1134.3818359375, 722.0140991210938], [563.23876953125, 436.65472412109375, 639.5537109375, 621.3551025390625]]","[0.79638671875, 0.55810546875, 0.7646484375, 0.472412109375, 0.60107421875]","[[894.7919006347656, 809.6066284179688], [1015.5070190429688, 767.24853515625], [732.9562377929688, 963.8079833984375], [1086.7329711914062, 722.0140991210938], [601.396240234375, 621.3551025390625]]",425426944,410959872,425426944,576,yolo26n_int8_576_ncnn_model,MOT17-02
200,64.9391930001002,0.0,5,"[2, 38, 68, 122, 145]","[[830.7420654296875, 421.7432861328125, 965.10107421875, 811.1121826171875], [966.8978881835938, 444.368408203125, 1074.447998046875, 767.5823974609375], [641.6458129882812, 423.3420715332031, 823.55859375, 962.5775146484375], [1042.699462890625, 437.6646423339844, 1139.073974609375, 723.76220703125], [565.158447265625, 444.9801330566406, 637.0338134765625, 621.1306762695312]]","[0.794921875, 0.564453125, 0.69482421875, 0.467041015625, 0.50146484375]","[[897.9215698242188, 811.1121826171875], [1020.6729431152344, 767.5823974609375], [732.6022033691406, 962.5775146484375], [1090.88671875, 723.76220703125], [601.0961303710938, 621.1306762695312]]",425426944,410959872,425426944,576,yolo26n_int8_576_ncnn_model,MOT17-02
201,64.75904499984608,0.0,6,"[2, 38, 68, 122, 145, 81]","[[832.7682495117188, 421.69561767578125, 970.6435546875, 813.3370361328125], [970.0702514648438, 433.5120544433594, 1079.3218994140625, 764.6155395507812], [646.3197631835938, 417.81060791015625, 830.5108642578125, 964.9287719726562], [1045.156494140625, 435.6065368652344, 1142.74658203125, 725.210693359375], [565.4530639648438, 441.9923400878906, 637.5874633789062, 621.7256469726562], [678.6038818359375, 430.744384765625, 907.6861572265625, 960.95263671875]]","[0.771484375, 0.5810546875, 0.681640625, 0.44091796875, 0.56787109375, 0.3779296875]","[[901.7059020996094, 813.3370361328125], [1024.6960754394531, 764.6155395507812], [738.4153137207031, 964.9287719726562], [1093.9515380859375, 725.210693359375], [601.520263671875, 621.7256469726562], [793.14501953125, 960.95263671875]]",425426944,410959872,425426944,576,yolo26n_int8_576_ncnn_model,MOT17-02
202,64.9843599999258,0.0,6,"[2, 38, 68, 122, 145, 81]","[[832.9366455078125, 423.0779724121094, 974.1539916992188, 817.20263671875], [976.130126953125, 431.6511535644531, 1084.802490234375, 763.4865112304688], [652.3671264648438, 412.17572021484375, 838.4910278320312, 966.0272216796875], [1046.639404296875, 433.8742370605469, 1145.4818115234375, 727.7703857421875], [567.4027099609375, 444.4333190917969, 637.0301513671875, 619.4576416015625], [674.2431030273438, 426.2525634765625, 914.9734497070312, 961.40478515625]]","[0.75, 0.57470703125, 0.73095703125, 0.53369140625, 0.56591796875, 0.427490234375]","[[903.5453186035156, 817.20263671875], [1030.46630859375, 763.4865112304688], [745.4290771484375, 966.0272216796875], [1096.0606079101562, 727.7703857421875], [602.2164306640625, 619.4576416015625], [794.6082763671875, 961.40478515625]]",425426944,410959872,425426944,576,yolo26n_int8_576_ncnn_model,MOT17-02
203,92.30978599998707,0.0,6,"[2, 38, 68, 122, 145, 81]","[[833.5527954101562, 425.81939697265625, 976.8433837890625, 819.7593383789062], [982.1671142578125, 433.418212890625, 1089.4830322265625, 762.7479248046875], [652.1881713867188, 413.7275085449219, 842.6968994140625, 982.3519897460938], [1050.3192138671875, 436.08380126953125, 1148.57080078125, 730.2051391601562], [570.6266479492188, 449.568359375, 637.0880737304688, 617.6345825195312], [670.2341918945312, 427.13897705078125, 916.6416015625, 968.9480590820312]]","[0.74755859375, 0.5869140625, 0.7041015625, 0.5439453125, 0.556640625, 0.423828125]","[[905.1980895996094, 819.7593383789062], [1035.8250732421875, 762.7479248046875], [747.4425354003906, 982.3519897460938], [1099.4450073242188, 730.2051391601562], [603.8573608398438, 617.6345825195312], [793.4378967285156, 968.9480590820312]]",425426944,410959872,425426944,576,yolo26n_int8_576_ncnn_model,MOT17-02
204,65.14599000001908,0.0,7,"[2, 38, 68, 122, 145, 81, 165]","[[833.9778442382812, 422.4854736328125, 979.5883178710938, 819.6126098632812], [986.3596801757812, 428.8752746582031, 1094.56494140625, 763.2714233398438], [654.45458984375, 412.4444274902344, 846.628173828125, 989.3074951171875], [1052.8128662109375, 432.848388671875, 1151.64306640625, 731.9098510742188], [571.8261108398438, 445.40765380859375, 638.782958984375, 617.4207763671875], [666.1318969726562, 424.8954772949219, 918.4732055664062, 982.030029296875], [1872.9903564453125, 394.45831298828125, 1920.0, 648.2083129882812]]","[0.7421875, 0.55419921875, 0.69921875, 0.5029296875, 0.55810546875, 0.494140625, 0.313232421875]","[[906.7830810546875, 819.6126098632812], [1040.4623107910156, 763.2714233398438], [750.5413818359375, 989.3074951171875], [1102.2279663085938, 731.9098510742188], [605.3045349121094, 617.4207763671875], [792.3025512695312, 982.030029296875], [1896.4951782226562, 648.2083129882812]]",425426944,410959872,425426944,576,yolo26n_int8_576_ncnn_model,MOT17-02
205,65.54195300009269,0.0,7,"[2, 38, 68, 122, 145, 81, 165]","[[833.30908203125, 419.8645324707031, 981.2183227539062, 820.9021606445312], [991.5594482421875, 442.49407958984375, 1098.0655517578125, 774.390625], [657.71337890625, 409.79913330078125, 851.4853515625, 996.2114868164062], [1054.9771728515625, 433.53509521484375, 1152.4322509765625, 730.6073608398438], [572.843505859375, 443.89202880859375, 639.8976440429688, 618.4099731445312], [666.4108276367188, 423.10565185546875, 919.2932739257812, 986.7891235351562], [1872.759033203125, 394.8766784667969, 1919.892578125, 648.3048706054688]]","[0.72705078125, 0.56787109375, 0.7421875, 0.529296875, 0.55908203125, 0.54736328125, 0.2841796875]","[[907.2637023925781, 820.9021606445312], [1044.8125, 774.390625], [754.599365234375, 996.2114868164062], [1103.7047119140625, 730.6073608398438], [606.3705749511719, 618.4099731445312], [792.85205078125, 986.7891235351562], [1896.3258056640625, 648.3048706054688]]",425426944,410959872,425426944,576,yolo26n_int8_576_ncnn_model,MOT17-02
206,65.64862000004723,0.0,7,"[2, 38, 68, 122, 145, 81, 165]","[[830.142822265625, 430.644775390625, 979.053466796875, 831.4852294921875], [995.001220703125, 444.9850769042969, 1099.8096923828125, 771.4722900390625], [662.664306640625, 413.42108154296875, 853.7582397460938, 996.2879028320312], [1056.5579833984375, 435.74005126953125, 1153.8597412109375, 734.70556640625], [573.955322265625, 444.6946105957031, 640.65576171875, 620.6567993164062], [666.8744506835938, 410.7046813964844, 925.5760498046875, 993.6716918945312], [1872.2415771484375, 392.58038330078125, 1920.0, 650.7723999023438]]","[0.73388671875, 0.560546875, 0.7236328125, 0.53076171875, 0.5078125, 0.56591796875, 0.256591796875]","[[904.59814453125, 831.4852294921875], [1047.4054565429688, 771.4722900390625], [758.2112731933594, 996.2879028320312], [1105.2088623046875, 734.70556640625], [607.3055419921875, 620.6567993164062], [796.2252502441406, 993.6716918945312], [1896.1207885742188, 650.7723999023438]]",425426944,410959872,425426944,576,yolo26n_int8_576_ncnn_model,MOT17-02
207,64.66221100004077,0.0,6,"[2, 38, 68, 122, 145, 81]","[[835.5258178710938, 428.0628662109375, 982.3779907226562, 821.3663940429688], [999.6268310546875, 442.2924499511719, 1105.661376953125, 770.580810546875], [664.174072265625, 411.576416015625, 855.2973022460938, 997.2388305664062], [1064.69140625, 443.9655456542969, 1158.65625, 735.3935546875], [576.2823486328125, 444.20452880859375, 642.280517578125, 620.1075439453125], [672.3112182617188, 420.07672119140625, 929.044921875, 995.1016845703125]]","[0.71044921875, 0.60498046875, 0.75341796875, 0.4375, 0.5595703125, 0.5810546875]","[[908.951904296875, 821.3663940429688], [1052.6441040039062, 770.580810546875], [759.7356872558594, 997.2388305664062], [1111.673828125, 735.3935546875], [609.2814331054688, 620.1075439453125], [800.6780700683594, 995.1016845703125]]",425426944,410959872,425426944,576,yolo26n_int8_576_ncnn_model,MOT17-02
208,64.79834099991422,0.0,7,"[2, 38, 68, 122, 145, 81, 165]","[[838.2454223632812, 427.7496337890625, 984.9769287109375, 818.961181640625], [1001.1941528320312, 445.1116638183594, 1107.7401123046875, 779.5684204101562], [667.165771484375, 406.52423095703125, 858.6902465820312, 997.4761352539062], [1064.093994140625, 433.5615539550781, 1163.896728515625, 751.36669921875], [577.8180541992188, 444.85614013671875, 643.3037109375, 621.2177734375], [676.69921875, 423.0289001464844, 933.3695068359375, 995.190185546875], [1873.240478515625, 391.87823486328125, 1919.9163818359375, 642.8939208984375]]","[0.72021484375, 0.54345703125, 0.732421875, 0.361083984375, 0.55419921875, 0.56689453125, 0.251953125]","[[911.6111755371094, 818.961181640625], [1054.4671325683594, 779.5684204101562], [762.9280090332031, 997.4761352539062], [1113.995361328125, 751.36669921875], [610.5608825683594, 621.2177734375], [805.0343627929688, 995.190185546875], [1896.5784301757812, 642.8939208984375]]",425426944,410959872,425426944,576,yolo26n_int8_576_ncnn_model,MOT17-02
209,64.9010269999053,0.0,6,"[2, 38, 68, 122, 145, 81]","[[842.8790893554688, 430.93914794921875, 988.7708740234375, 818.0487060546875], [1013.4943237304688, 438.7737731933594, 1122.7886962890625, 773.9004516601562], [669.0247802734375, 399.0347595214844, 861.2178955078125, 998.677734375], [1067.4697265625, 432.0572814941406, 1166.4552001953125, 752.7579956054688], [582.0532836914062, 452.5157470703125, 645.462646484375, 621.874267578125], [675.2284545898438, 420.0576477050781, 936.8279418945312, 1002.5008544921875]]","[0.68505859375, 0.60009765625, 0.71435546875, 0.429443359375, 0.56298828125, 0.5927734375]","[[915.8249816894531, 818.0487060546875], [1068.1415100097656, 773.9004516601562], [765.121337890625, 998.677734375], [1116.9624633789062, 752.7579956054688], [613.7579650878906, 621.874267578125], [806.0281982421875, 1002.5008544921875]]",425426944,410959872,425426944,576,yolo26n_int8_576_ncnn_model,MOT17-02
210,64.86595199999101,0.0,7,"[2, 38, 68, 122, 145, 81, 165]","[[842.4091796875, 435.45343017578125, 993.309326171875, 835.412109375], [1026.64697265625, 433.0219421386719, 1140.6385498046875, 771.659423828125], [672.0592041015625, 401.52008056640625, 863.9898681640625, 1006.7841186523438], [1075.3045654296875, 432.6919250488281, 1173.6337890625, 758.4401245117188], [584.8485717773438, 452.41058349609375, 648.3841552734375, 621.7913208007812], [676.7515869140625, 416.639892578125, 939.1453857421875, 1002.0188598632812], [1872.734375, 391.73797607421875, 1920.0, 649.6090087890625]]","[0.69189453125, 0.6162109375, 0.68798828125, 0.281982421875, 0.55908203125, 0.58203125, 0.26904296875]","[[917.8592529296875, 835.412109375], [1083.6427612304688, 771.659423828125], [768.0245361328125, 1006.7841186523438], [1124.4691772460938, 758.4401245117188], [616.6163635253906, 621.7913208007812], [807.948486328125, 1002.0188598632812], [1896.3671875, 649.6090087890625]]",425426944,410959872,425426944,576,yolo26n_int8_576_ncnn_model,MOT17-02
211,65.26080399999046,0.0,7,"[2, 38, 68, 145, 81, 170, 165]","[[848.3790283203125, 429.48431396484375, 997.4312133789062, 824.3943481445312], [1035.3331298828125, 434.1289978027344, 1153.177490234375, 770.7802124023438], [674.77880859375, 403.89715576171875, 864.9013671875, 1009.5153198242188], [586.8862915039062, 452.0799865722656, 651.138427734375, 622.0081176757812], [678.0716552734375, 414.6733703613281, 939.08203125, 999.0931396484375], [1189.5328369140625, 442.5, 1230.4671630859375, 548.8333129882812], [1872.3509521484375, 391.7210998535156, 1920.0, 650.9779663085938]]","[0.740234375, 0.68798828125, 0.70166015625, 0.556640625, 0.634765625, 0.366455078125, 0.28955078125]","[[922.9051208496094, 824.3943481445312], [1094.2553100585938, 770.7802124023438], [769.840087890625, 1009.5153198242188], [619.0123596191406, 622.0081176757812], [808.5768432617188, 999.0931396484375], [1210.0, 548.8333129882812], [1896.1754760742188, 650.9779663085938]]",425426944,410959872,425426944,576,yolo26n_int8_576_ncnn_model,MOT17-02
212,65.0438039999699,0.0,6,"[2, 38, 68, 145, 81, 170]","[[854.33935546875, 423.8155212402344, 1002.8408813476562, 818.9222412109375], [1037.733154296875, 433.7499694824219, 1160.579345703125, 772.3439331054688], [678.688720703125, 396.38818359375, 868.6997680664062, 1009.0640258789062], [588.2162475585938, 451.6630554199219, 650.9630126953125, 617.9254150390625], [680.9266357421875, 415.0578308105469, 939.7839965820312, 996.7516479492188], [1190.428466796875, 439.6514892578125, 1232.103515625, 548.1370239257812]]","[0.72705078125, 0.6728515625, 0.68359375, 0.53271484375, 0.57470703125, 0.408935546875]","[[928.5901184082031, 818.9222412109375], [1099.15625, 772.3439331054688], [773.6942443847656, 1009.0640258789062], [619.5896301269531, 617.9254150390625], [810.3553161621094, 996.7516479492188], [1211.2659912109375, 548.1370239257812]]",425426944,410959872,425426944,576,yolo26n_int8_576_ncnn_model,MOT17-02
213,64.80550800006313,0.0,5,"[2, 38, 68, 145, 170]","[[858.7218017578125, 422.7876892089844, 1006.914794921875, 820.1554565429688], [1036.15478515625, 430.3305358886719, 1163.209228515625, 771.8197631835938], [681.2117919921875, 397.7922668457031, 868.9053344726562, 1006.7412719726562], [590.0997314453125, 453.7105407714844, 653.8343505859375, 620.7845458984375], [1192.0513916015625, 438.6590576171875, 1233.9111328125, 547.8944091796875]]","[0.75732421875, 0.703125, 0.6982421875, 0.5751953125, 0.38330078125]","[[932.8182983398438, 820.1554565429688], [1099.6820068359375, 771.8197631835938], [775.0585632324219, 1006.7412719726562], [621.967041015625, 620.7845458984375], [1212.9812622070312, 547.8944091796875]]",425426944,410959872,425426944,576,yolo26n_int8_576_ncnn_model,MOT17-02
214,64.88552600012554,0.0,5,"[2, 38, 68, 145, 170]","[[864.8729248046875, 421.0447998046875, 1012.503662109375, 819.7987060546875], [1036.206787109375, 433.4286193847656, 1166.3941650390625, 773.7906494140625], [685.666748046875, 402.7827453613281, 871.2734375, 1007.9197387695312], [591.5025634765625, 452.525634765625, 656.3121948242188, 621.5562744140625], [1192.13720703125, 434.7159118652344, 1234.8663330078125, 546.6011352539062]]","[0.755859375, 0.70263671875, 0.7333984375, 0.56884765625, 0.345947265625]","[[938.6882934570312, 819.7987060546875], [1101.3004760742188, 773.7906494140625], [778.4700927734375, 1007.9197387695312], [623.9073791503906, 621.5562744140625], [1213.5017700195312, 546.6011352539062]]",425426944,410959872,425426944,576,yolo26n_int8_576_ncnn_model,MOT17-02
215,65.11297099996227,0.0,6,"[2, 38, 68, 145, 170, 122]","[[867.786865234375, 428.6420593261719, 1015.9791870117188, 833.3897094726562], [1036.333740234375, 432.43963623046875, 1170.3367919921875, 774.5232543945312], [690.0847778320312, 399.6393737792969, 874.7151489257812, 1005.6653442382812], [589.242919921875, 449.0425720214844, 658.8310546875, 631.439453125], [1194.783447265625, 433.4539794921875, 1238.4000244140625, 548.5510864257812], [1103.885986328125, 440.1469421386719, 1191.904052734375, 733.0716552734375]]","[0.7294921875, 0.66650390625, 0.7138671875, 0.52880859375, 0.3330078125, 0.290283203125]","[[941.8830261230469, 833.3897094726562], [1103.3352661132812, 774.5232543945312], [782.3999633789062, 1005.6653442382812], [624.0369873046875, 631.439453125], [1216.5917358398438, 548.5510864257812], [1147.89501953125, 733.0716552734375]]",425426944,410959872,425426944,576,yolo26n_int8_576_ncnn_model,MOT17-02
216,64.94406299998445,0.0,6,"[2, 38, 68, 145, 170, 165]","[[872.6287231445312, 433.1659851074219, 1019.8671875, 839.0573120117188], [1036.46142578125, 431.80328369140625, 1174.6668701171875, 776.1486206054688], [695.2451782226562, 400.67138671875, 877.79638671875, 1003.6396484375], [591.7514038085938, 451.48211669921875, 660.1195678710938, 631.3683471679688], [1197.12109375, 430.6518859863281, 1241.6187744140625, 548.260009765625], [1873.140380859375, 391.25494384765625, 1920.0, 645.930419921875]]","[0.7734375, 0.71923828125, 0.69580078125, 0.5087890625, 0.352294921875, 0.278076171875]","[[946.2479553222656, 839.0573120117188], [1105.5641479492188, 776.1486206054688], [786.5207824707031, 1003.6396484375], [625.9354858398438, 631.3683471679688], [1219.3699340820312, 548.260009765625], [1896.5701904296875, 645.930419921875]]",425426944,410959872,425426944,576,yolo26n_int8_576_ncnn_model,MOT17-02
217,64.80380400012109,0.0,5,"[2, 38, 68, 145, 170]","[[874.1373291015625, 432.5550842285156, 1021.4103393554688, 843.4918823242188], [1038.0693359375, 436.5052490234375, 1177.6807861328125, 776.1936645507812], [696.9315795898438, 407.6998596191406, 876.795166015625, 1003.90185546875], [593.434326171875, 454.93524169921875, 659.2605590820312, 628.7801513671875], [1198.8433837890625, 430.1268005371094, 1244.072021484375, 549.98681640625]]","[0.76318359375, 0.68115234375, 0.67431640625, 0.53369140625, 0.3154296875]","[[947.7738342285156, 843.4918823242188], [1107.8750610351562, 776.1936645507812], [786.8633728027344, 1003.90185546875], [626.3474426269531, 628.7801513671875], [1221.4577026367188, 549.98681640625]]",425426944,410959872,425426944,576,yolo26n_int8_576_ncnn_model,MOT17-02
218,65.11956400004237,0.0,5,"[2, 38, 68, 145, 170]","[[877.5125122070312, 432.5740966796875, 1024.406494140625, 847.0149536132812], [1035.801025390625, 426.86480712890625, 1179.0989990234375, 772.1771850585938], [702.2415161132812, 406.6549377441406, 881.9816284179688, 1001.0460205078125], [594.9188232421875, 457.912353515625, 659.0668334960938, 628.2755737304688], [1198.9696044921875, 430.29461669921875, 1245.36474609375, 553.7000732421875]]","[0.732421875, 0.58251953125, 0.5869140625, 0.49365234375, 0.347412109375]","[[950.9595031738281, 847.0149536132812], [1107.4500122070312, 772.1771850585938], [792.111572265625, 1001.0460205078125], [626.9928283691406, 628.2755737304688], [1222.1671752929688, 553.7000732421875]]",425426944,410959872,425426944,576,yolo26n_int8_576_ncnn_model,MOT17-02
219,66.13773100002618,0.0,5,"[2, 38, 68, 145, 170]","[[881.7247314453125, 431.19525146484375, 1026.74169921875, 843.0872192382812], [1036.0103759765625, 432.4326477050781, 1176.1392822265625, 769.1605834960938], [707.84521484375, 406.6717529296875, 887.822021484375, 1000.6217041015625], [596.519287109375, 458.7208557128906, 660.0697021484375, 628.328125], [1203.2554931640625, 435.922607421875, 1248.0888671875, 553.98779296875]]","[0.72705078125, 0.54296875, 0.58203125, 0.453857421875, 0.31103515625]","[[954.2332153320312, 843.0872192382812], [1106.0748291015625, 769.1605834960938], [797.8336181640625, 1000.6217041015625], [628.2944946289062, 628.328125], [1225.6721801757812, 553.98779296875]]",425426944,410959872,425426944,576,yolo26n_int8_576_ncnn_model,MOT17-02
220,65.33758199998374,0.0,5,"[2, 38, 68, 145, 165]","[[885.2901611328125, 429.6863708496094, 1030.8902587890625, 846.8447875976562], [1043.5877685546875, 428.66046142578125, 1187.078857421875, 772.8441772460938], [714.222900390625, 406.1259460449219, 895.9847412109375, 999.8817749023438], [596.8092041015625, 459.2713928222656, 660.1087036132812, 629.1471557617188], [1872.8677978515625, 391.1810607910156, 1920.0, 651.3086547851562]]","[0.73193359375, 0.57666015625, 0.59375, 0.4921875, 0.27001953125]","[[958.0902099609375, 846.8447875976562], [1115.3333129882812, 772.8441772460938], [805.1038208007812, 999.8817749023438], [628.4589538574219, 629.1471557617188], [1896.4338989257812, 651.3086547851562]]",425426944,410959872,425426944,576,yolo26n_int8_576_ncnn_model,MOT17-02
221,68.89223300004232,0.0,6,"[2, 38, 68, 145, 165, 122]","[[887.46875, 429.1103210449219, 1033.583740234375, 852.5732421875], [1044.4794921875, 434.7945556640625, 1185.1888427734375, 776.5271606445312], [722.1869506835938, 398.7562561035156, 909.2169799804688, 1000.1295776367188], [597.032470703125, 459.7259521484375, 659.9198608398438, 628.046875], [1872.8934326171875, 390.7419738769531, 1920.0, 651.2567138671875], [1140.613037109375, 431.49468994140625, 1232.637451171875, 743.4069213867188]]","[0.7490234375, 0.50439453125, 0.625, 0.46875, 0.260498046875, 0.4453125]","[[960.5262451171875, 852.5732421875], [1114.8341674804688, 776.5271606445312], [815.7019653320312, 1000.1295776367188], [628.4761657714844, 628.046875], [1896.4467163085938, 651.2567138671875], [1186.625244140625, 743.4069213867188]]",425426944,410959872,425426944,576,yolo26n_int8_576_ncnn_model,MOT17-02
222,65.54204500002925,0.0,7,"[2, 38, 145, 165, 175, 122, 81]","[[890.0164794921875, 429.4324035644531, 1034.83349609375, 851.9627075195312], [1051.741455078125, 434.145263671875, 1190.4117431640625, 776.5520629882812], [597.837158203125, 462.0810852050781, 659.5889282226562, 627.5988159179688], [1872.756591796875, 389.3501892089844, 1920.0, 653.583251953125], [509.9187316894531, 459.99993896484375, 544.9146118164062, 558.3333129882812], [1146.599365234375, 433.5614013671875, 1235.84619140625, 745.9486694335938], [699.2713623046875, 407.8769836425781, 956.9666137695312, 1000.9349975585938]]","[0.74365234375, 0.52392578125, 0.487548828125, 0.253173828125, 0.3125, 0.2900390625, 0.6806640625]","[[962.4249877929688, 851.9627075195312], [1121.0765991210938, 776.5520629882812], [628.7130432128906, 627.5988159179688], [1896.3782958984375, 653.583251953125], [527.4166717529297, 558.3333129882812], [1191.2227783203125, 745.9486694335938], [828.1189880371094, 1000.9349975585938]]",425426944,410959872,425426944,576,yolo26n_int8_576_ncnn_model,MOT17-02
223,99.47581000005812,0.0,6,"[2, 38, 145, 175, 122, 81]","[[891.6407470703125, 427.910888671875, 1037.6788330078125, 857.6593627929688], [1063.5238037109375, 421.80029296875, 1203.9674072265625, 775.4400634765625], [599.62646484375, 462.93475341796875, 660.1177978515625, 625.1828002929688], [510.40643310546875, 458.7153625488281, 545.8399658203125, 558.3333129882812], [1153.13232421875, 434.5739440917969, 1240.1177978515625, 747.6561279296875], [710.9757080078125, 397.0706787109375, 968.5822143554688, 995.3802490234375]]","[0.73681640625, 0.57763671875, 0.467041015625, 0.290771484375, 0.3369140625, 0.724609375]","[[964.6597900390625, 857.6593627929688], [1133.74560546875, 775.4400634765625], [629.8721313476562, 625.1828002929688], [528.1231994628906, 558.3333129882812], [1196.6250610351562, 747.6561279296875], [839.7789611816406, 995.3802490234375]]",425426944,410959872,425426944,576,yolo26n_int8_576_ncnn_model,MOT17-02
224,67.16476899987356,0.0,6,"[2, 38, 145, 175, 122, 81]","[[893.0885009765625, 428.968994140625, 1038.8116455078125, 862.4683837890625], [1073.233642578125, 420.57525634765625, 1211.14453125, 777.0462036132812], [602.2731323242188, 462.6575927734375, 661.6057739257812, 622.59130859375], [510.8701171875, 457.31854248046875, 547.1381225585938, 559.2992553710938], [1157.067138671875, 432.5126647949219, 1244.2750244140625, 756.1952514648438], [719.3619384765625, 401.74755859375, 977.8367309570312, 1002.8975830078125]]","[0.75537109375, 0.541015625, 0.5, 0.3505859375, 0.33056640625, 0.7021484375]","[[965.9500732421875, 862.4683837890625], [1142.1890869140625, 777.0462036132812], [631.939453125, 622.59130859375], [529.0041198730469, 559.2992553710938], [1200.6710815429688, 756.1952514648438], [848.5993347167969, 1002.8975830078125]]",425426944,410959872,425426944,576,yolo26n_int8_576_ncnn_model,MOT17-02
225,66.82530499983841,0.0,6,"[2, 38, 145, 122, 81, 177]","[[896.6505737304688, 429.10540771484375, 1041.46044921875, 864.4935913085938], [1079.0682373046875, 430.660888671875, 1214.7196044921875, 792.249267578125], [602.034912109375, 461.4053649902344, 661.6257934570312, 622.7447509765625], [1163.4302978515625, 428.232666015625, 1248.2593994140625, 746.6637573242188], [730.669921875, 403.1330871582031, 988.3204345703125, 998.4553833007812], [1044.3154296875, 435.58331298828125, 1100.0179443359375, 590.4166259765625]]","[0.748046875, 0.6025390625, 0.50732421875, 0.443603515625, 0.73876953125, 0.347900390625]","[[969.0555114746094, 864.4935913085938], [1146.8939208984375, 792.249267578125], [631.8303527832031, 622.7447509765625], [1205.8448486328125, 746.6637573242188], [859.4951782226562, 998.4553833007812], [1072.1666870117188, 590.4166259765625]]",425426944,410959872,425426944,576,yolo26n_int8_576_ncnn_model,MOT17-02
226,65.01830499996686,0.0,7,"[2, 38, 145, 122, 81, 177, 175]","[[898.560302734375, 428.88360595703125, 1041.706298828125, 863.25634765625], [1088.7877197265625, 430.3247375488281, 1219.1220703125, 785.9049072265625], [601.809326171875, 455.3916320800781, 664.4691162109375, 628.3369750976562], [1170.0142822265625, 427.1376037597656, 1253.9893798828125, 746.6754760742188], [740.2777099609375, 395.1289978027344, 1004.3677368164062, 1000.8800659179688], [1042.6285400390625, 433.83953857421875, 1098.346435546875, 588.8020629882812], [511.6580505371094, 459.4569091796875, 546.9356689453125, 558.48486328125]]","[0.744140625, 0.58203125, 0.544921875, 0.51171875, 0.71875, 0.252685546875, 0.263671875]","[[970.13330078125, 863.25634765625], [1153.9548950195312, 785.9049072265625], [633.1392211914062, 628.3369750976562], [1212.0018310546875, 746.6754760742188], [872.3227233886719, 1000.8800659179688], [1070.4874877929688, 588.8020629882812], [529.2968597412109, 558.48486328125]]",425426944,410959872,425426944,576,yolo26n_int8_576_ncnn_model,MOT17-02
227,64.66597099984028,0.0,5,"[2, 38, 145, 122, 81]","[[901.1016235351562, 428.79779052734375, 1043.0482177734375, 862.6845092773438], [1096.65234375, 430.0628662109375, 1225.040771484375, 786.80517578125], [603.7802734375, 457.7388610839844, 663.9750366210938, 625.8291625976562], [1172.202880859375, 424.8423156738281, 1259.3719482421875, 762.8047485351562], [748.8907470703125, 398.3138732910156, 1012.724609375, 1000.0032958984375]]","[0.74267578125, 0.576171875, 0.486572265625, 0.3837890625, 0.6884765625]","[[972.0749206542969, 862.6845092773438], [1160.8465576171875, 786.80517578125], [633.8776550292969, 625.8291625976562], [1215.7874145507812, 762.8047485351562], [880.8076782226562, 1000.0032958984375]]",425426944,410959872,425426944,576,yolo26n_int8_576_ncnn_model,MOT17-02
228,64.56035999985943,0.0,4,"[2, 38, 145, 81]","[[903.026123046875, 428.76507568359375, 1043.4903564453125, 860.1937255859375], [1099.890869140625, 435.1787414550781, 1225.521728515625, 790.668701171875], [605.405029296875, 458.1423645019531, 664.4762573242188, 625.34423828125], [755.101318359375, 388.7055969238281, 1024.669921875, 999.5156860351562]]","[0.7294921875, 0.62255859375, 0.505859375, 0.74169921875]","[[973.2582397460938, 860.1937255859375], [1162.706298828125, 790.668701171875], [634.9406433105469, 625.34423828125], [889.8856201171875, 999.5156860351562]]",425426944,410959872,425426944,576,yolo26n_int8_576_ncnn_model,MOT17-02
229,65.40687899996556,0.0,6,"[2, 38, 145, 81, 177, 175]","[[902.68212890625, 429.8527526855469, 1044.5257568359375, 866.8756103515625], [1107.6337890625, 437.399169921875, 1231.9576416015625, 792.913818359375], [607.283935546875, 455.8094482421875, 666.6336059570312, 627.6393432617188], [759.3468627929688, 383.3553161621094, 1033.439208984375, 1001.105224609375], [1043.2601318359375, 433.60943603515625, 1101.2061767578125, 595.6536865234375], [510.7999267578125, 460.37139892578125, 546.2976684570312, 559.4188842773438]]","[0.74658203125, 0.580078125, 0.5703125, 0.71240234375, 0.309814453125, 0.2578125]","[[973.6039428710938, 866.8756103515625], [1169.7957153320312, 792.913818359375], [636.9587707519531, 627.6393432617188], [896.3930358886719, 1001.105224609375], [1072.233154296875, 595.6536865234375], [528.5487976074219, 559.4188842773438]]",425426944,410959872,425426944,576,yolo26n_int8_576_ncnn_model,MOT17-02
230,64.64986000014505,0.0,6,"[2, 38, 145, 81, 177, 122]","[[905.255859375, 430.2609558105469, 1047.5230712890625, 869.3377075195312], [1111.4334716796875, 443.44183349609375, 1234.232666015625, 798.3790283203125], [609.690673828125, 460.3866882324219, 666.7679443359375, 627.4002075195312], [762.4232177734375, 387.1215515136719, 1037.0655517578125, 1002.525634765625], [1045.48193359375, 433.3289489746094, 1103.02685546875, 595.5633544921875], [1202.0865478515625, 422.0308532714844, 1261.0902099609375, 637.2645263671875]]","[0.7265625, 0.55712890625, 0.462890625, 0.693359375, 0.27783203125, 0.482177734375]","[[976.3894653320312, 869.3377075195312], [1172.8330688476562, 798.3790283203125], [638.2293090820312, 627.4002075195312], [899.744384765625, 1002.525634765625], [1074.25439453125, 595.5633544921875], [1231.58837890625, 637.2645263671875]]",425426944,410959872,425426944,576,yolo26n_int8_576_ncnn_model,MOT17-02
231,65.04006399995887,0.0,7,"[2, 38, 145, 81, 177, 122, 175]","[[906.285888671875, 427.6748046875, 1048.4443359375, 870.7476196289062], [1124.6502685546875, 434.8382263183594, 1249.3125, 795.8482666015625], [610.5653686523438, 457.4619445800781, 668.9827880859375, 630.8923950195312], [764.09912109375, 382.19439697265625, 1040.7471923828125, 1000.7224731445312], [1046.948974609375, 434.390869140625, 1104.0582275390625, 596.6487426757812], [1206.136962890625, 419.4397277832031, 1263.180908203125, 619.4534912109375], [511.50164794921875, 459.10076904296875, 548.0057983398438, 560.97216796875]]","[0.7158203125, 0.6025390625, 0.4794921875, 0.6982421875, 0.257080078125, 0.484375, 0.26318359375]","[[977.3651123046875, 870.7476196289062], [1186.9813842773438, 795.8482666015625], [639.7740783691406, 630.8923950195312], [902.4231567382812, 1000.7224731445312], [1075.5036010742188, 596.6487426757812], [1234.658935546875, 619.4534912109375], [529.7537231445312, 560.97216796875]]",425426944,410959872,425426944,576,yolo26n_int8_576_ncnn_model,MOT17-02
232,65.68121300006169,0.0,6,"[2, 38, 145, 81, 122, 175]","[[910.070556640625, 427.64569091796875, 1051.79638671875, 873.5335693359375], [1132.217041015625, 434.44146728515625, 1257.5146484375, 796.3411865234375], [612.3025512695312, 454.4861755371094, 671.5956420898438, 632.9791870117188], [766.2335815429688, 386.82989501953125, 1041.3299560546875, 1000.166259765625], [1210.3216552734375, 421.0544738769531, 1266.9951171875, 612.9310302734375], [511.7156066894531, 459.12982177734375, 548.2662963867188, 560.9752197265625]]","[0.6826171875, 0.6943359375, 0.475830078125, 0.66357421875, 0.4794921875, 0.260009765625]","[[980.9334716796875, 873.5335693359375], [1194.8658447265625, 796.3411865234375], [641.9490966796875, 632.9791870117188], [903.7817687988281, 1000.166259765625], [1238.6583862304688, 612.9310302734375], [529.9909515380859, 560.9752197265625]]",425426944,410959872,425426944,576,yolo26n_int8_576_ncnn_model,MOT17-02
233,64.90678599993771,0.0,6,"[2, 38, 145, 81, 122, 175]","[[912.1763916015625, 426.95660400390625, 1054.4346923828125, 878.4856567382812], [1135.631103515625, 430.1739807128906, 1262.9346923828125, 796.197021484375], [614.201904296875, 455.7794189453125, 672.3735961914062, 632.4060668945312], [767.6525268554688, 385.9152526855469, 1042.6993408203125, 1000.498779296875], [1215.0413818359375, 424.71685791015625, 1271.6500244140625, 612.9585571289062], [511.478759765625, 457.4727783203125, 548.661865234375, 561.5252685546875]]","[0.625, 0.66650390625, 0.4931640625, 0.68359375, 0.42529296875, 0.281005859375]","[[983.3055419921875, 878.4856567382812], [1199.2828979492188, 796.197021484375], [643.2877502441406, 632.4060668945312], [905.1759338378906, 1000.498779296875], [1243.345703125, 612.9585571289062], [530.0703125, 561.5252685546875]]",425426944,410959872,425426944,576,yolo26n_int8_576_ncnn_model,MOT17-02
234,64.59413800007496,0.0,6,"[2, 38, 145, 81, 122, 175]","[[919.9879760742188, 428.6085205078125, 1059.1737060546875, 869.6599731445312], [1136.2247314453125, 427.4651184082031, 1266.3521728515625, 799.3751220703125], [617.531982421875, 457.1230773925781, 674.902587890625, 630.2250366210938], [776.6315307617188, 388.6351318359375, 1050.9083251953125, 1004.19287109375], [1219.7855224609375, 427.9941101074219, 1276.7216796875, 614.916259765625], [511.1687316894531, 456.586181640625, 548.4688720703125, 560.897705078125]]","[0.6044921875, 0.7333984375, 0.54052734375, 0.6708984375, 0.3349609375, 0.317626953125]","[[989.5808410644531, 869.6599731445312], [1201.2884521484375, 799.3751220703125], [646.21728515625, 630.2250366210938], [913.7699279785156, 1004.19287109375], [1248.2536010742188, 614.916259765625], [529.8188018798828, 560.897705078125]]",425426944,410959872,425426944,576,yolo26n_int8_576_ncnn_model,MOT17-02
235,65.02276800006257,0.0,7,"[2, 38, 145, 81, 122, 175, 179]","[[920.5216674804688, 429.5311584472656, 1059.9354248046875, 876.9197998046875], [1137.3819580078125, 430.8069152832031, 1268.4903564453125, 802.7215576171875], [618.9305419921875, 457.364501953125, 676.1726684570312, 628.541015625], [778.488037109375, 399.59588623046875, 1047.507568359375, 1003.3853149414062], [1222.3701171875, 429.6585998535156, 1281.7659912109375, 620.0325317382812], [510.95257568359375, 457.908935546875, 547.9252319335938, 561.1956787109375], [729.1732788085938, 417.5832824707031, 884.4933471679688, 867.7499389648438]]","[0.58349609375, 0.69775390625, 0.5361328125, 0.71044921875, 0.416015625, 0.30126953125, 0.368408203125]","[[990.2285461425781, 876.9197998046875], [1202.9361572265625, 802.7215576171875], [647.5516052246094, 628.541015625], [912.997802734375, 1003.3853149414062], [1252.0680541992188, 620.0325317382812], [529.4389038085938, 561.1956787109375], [806.8333129882812, 867.7499389648438]]",425426944,410959872,425426944,576,yolo26n_int8_576_ncnn_model,MOT17-02
236,64.79280400003518,0.0,8,"[2, 38, 145, 81, 122, 175, 179, 165]","[[925.4484252929688, 427.9584655761719, 1062.9998779296875, 874.92724609375], [1138.032958984375, 437.5894775390625, 1269.74169921875, 807.233154296875], [620.7694702148438, 458.0080261230469, 678.540771484375, 629.5567016601562], [780.6580200195312, 397.41943359375, 1049.839599609375, 1002.7786865234375], [1225.2193603515625, 431.47735595703125, 1288.1087646484375, 631.0255126953125], [510.1339111328125, 457.8714904785156, 547.3369140625, 561.8533935546875], [731.88623046875, 415.2754211425781, 887.9346923828125, 868.5192260742188], [1873.1102294921875, 391.2375793457031, 1920.0, 652.1460571289062]]","[0.5419921875, 0.6455078125, 0.56591796875, 0.72900390625, 0.408203125, 0.311767578125, 0.28173828125, 0.25537109375]","[[994.2241516113281, 874.92724609375], [1203.8873291015625, 807.233154296875], [649.6551208496094, 629.5567016601562], [915.2488098144531, 1002.7786865234375], [1256.6640625, 631.0255126953125], [528.7354125976562, 561.8533935546875], [809.9104614257812, 868.5192260742188], [1896.5551147460938, 652.1460571289062]]",425426944,410959872,425426944,576,yolo26n_int8_576_ncnn_model,MOT17-02
237,64.92384099988158,0.0,6,"[2, 38, 145, 81, 175, 179]","[[929.8761596679688, 428.3150634765625, 1065.810302734375, 877.5234375], [1137.7296142578125, 430.5628967285156, 1272.5552978515625, 807.5115966796875], [621.181884765625, 458.7984313964844, 679.6021118164062, 631.5821533203125], [782.7716674804688, 395.6299133300781, 1052.4189453125, 1006.8134765625], [509.3670349121094, 457.58673095703125, 546.4725341796875, 561.267333984375], [725.1302490234375, 417.7257995605469, 879.9802856445312, 865.5508422851562]]","[0.480224609375, 0.66943359375, 0.5185546875, 0.7265625, 0.276123046875, 0.296142578125]","[[997.8432312011719, 877.5234375], [1205.1424560546875, 807.5115966796875], [650.3919982910156, 631.5821533203125], [917.5953063964844, 1006.8134765625], [527.9197845458984, 561.267333984375], [802.5552673339844, 865.5508422851562]]",425426944,410959872,425426944,576,yolo26n_int8_576_ncnn_model,MOT17-02
238,65.15543399996204,0.0,7,"[2, 38, 145, 81, 175, 179, 165]","[[939.2105102539062, 425.3004455566406, 1065.5982666015625, 842.1348266601562], [1141.8211669921875, 424.3749694824219, 1277.85009765625, 804.5658569335938], [623.3994140625, 458.5442810058594, 682.2258911132812, 631.7869262695312], [785.9932861328125, 412.6550598144531, 1046.2822265625, 1003.790283203125], [507.9580078125, 455.2789306640625, 546.1610107421875, 562.1371459960938], [717.2643432617188, 419.5140686035156, 871.0800170898438, 862.3924560546875], [1872.6123046875, 391.6183166503906, 1920.0, 654.4057006835938]]","[0.393310546875, 0.68115234375, 0.52978515625, 0.7431640625, 0.28173828125, 0.306884765625, 0.263427734375]","[[1002.4043884277344, 842.1348266601562], [1209.8356323242188, 804.5658569335938], [652.8126525878906, 631.7869262695312], [916.1377563476562, 1003.790283203125], [527.0595092773438, 562.1371459960938], [794.1721801757812, 862.3924560546875], [1896.30615234375, 654.4057006835938]]",425426944,410959872,425426944,576,yolo26n_int8_576_ncnn_model,MOT17-02
239,64.69600800005537,0.0,6,"[2, 38, 145, 81, 175, 179]","[[938.6618041992188, 409.4173889160156, 1071.5767822265625, 852.0768432617188], [1145.0521240234375, 423.3783264160156, 1280.0655517578125, 802.0062866210938], [625.4749145507812, 458.442138671875, 684.6237182617188, 631.8477783203125], [784.6951904296875, 400.770751953125, 1048.2791748046875, 1006.5008544921875], [507.46630859375, 454.4211120605469, 546.015380859375, 562.4575805664062], [716.51904296875, 422.8083801269531, 869.677734375, 862.3365478515625]]","[0.326416015625, 0.65966796875, 0.462890625, 0.72021484375, 0.3125, 0.28466796875]","[[1005.1192932128906, 852.0768432617188], [1212.558837890625, 802.0062866210938], [655.04931640625, 631.8477783203125], [916.4871826171875, 1006.5008544921875], [526.7408447265625, 562.4575805664062], [793.098388671875, 862.3365478515625]]",425426944,410959872,425426944,576,yolo26n_int8_576_ncnn_model,MOT17-02
240,64.80774900001052,0.0,6,"[2, 38, 145, 81, 175, 179]","[[954.876953125, 412.8389587402344, 1070.276123046875, 791.2562255859375], [1151.1519775390625, 424.40509033203125, 1284.4642333984375, 801.7985229492188], [627.6375732421875, 460.3235778808594, 685.686279296875, 629.9310913085938], [789.21435546875, 399.4200134277344, 1050.44580078125, 1006.6595458984375], [507.7530517578125, 456.0152893066406, 545.4973754882812, 560.6618041992188], [718.8646850585938, 422.3990478515625, 872.90185546875, 863.8739624023438]]","[0.348388671875, 0.61474609375, 0.494140625, 0.8056640625, 0.319091796875, 0.447509765625]","[[1012.5765380859375, 791.2562255859375], [1217.80810546875, 801.7985229492188], [656.6619262695312, 629.9310913085938], [919.830078125, 1006.6595458984375], [526.6252136230469, 560.6618041992188], [795.8832702636719, 863.8739624023438]]",425426944,410959872,425426944,576,yolo26n_int8_576_ncnn_model,MOT17-02
241,64.86911899992265,0.0,8,"[2, 38, 145, 81, 175, 179, 122, 165]","[[953.4943237304688, 419.46148681640625, 1079.453369140625, 835.2294311523438], [1160.476318359375, 431.6924743652344, 1291.975341796875, 808.0035400390625], [627.9932861328125, 461.0345764160156, 686.4087524414062, 631.4054565429688], [795.9002075195312, 398.2029724121094, 1053.7593994140625, 1006.2850341796875], [507.1513977050781, 455.2671813964844, 545.4751586914062, 561.3414916992188], [720.9927368164062, 427.8417053222656, 874.1343383789062, 866.91845703125], [1249.16552734375, 423.367431640625, 1316.9091796875, 639.5076293945312], [1869.2109375, 390.47235107421875, 1918.3197021484375, 657.6582641601562]]","[0.48583984375, 0.6064453125, 0.482177734375, 0.74658203125, 0.2958984375, 0.427001953125, 0.302001953125, 0.27197265625]","[[1016.4738464355469, 835.2294311523438], [1226.225830078125, 808.0035400390625], [657.2010192871094, 631.4054565429688], [924.8298034667969, 1006.2850341796875], [526.3132781982422, 561.3414916992188], [797.5635375976562, 866.91845703125], [1283.037353515625, 639.5076293945312], [1893.7653198242188, 657.6582641601562]]",425426944,410959872,425426944,576,yolo26n_int8_576_ncnn_model,MOT17-02
242,65.14489699998194,0.0,8,"[2, 38, 145, 175, 179, 122, 165, 68]","[[948.803466796875, 407.4383544921875, 1079.2503662109375, 841.4820556640625], [1169.376708984375, 427.0511169433594, 1300.103271484375, 806.7468872070312], [628.1796875, 459.63555908203125, 687.072998046875, 631.3955078125], [507.4715881347656, 456.093505859375, 545.48291015625, 560.49462890625], [723.437744140625, 428.748779296875, 877.668701171875, 870.193115234375], [1253.1265869140625, 427.6423645019531, 1322.18701171875, 650.9187622070312], [1868.526611328125, 390.2931823730469, 1918.232177734375, 656.9795532226562], [832.5294799804688, 413.8075256347656, 1023.8908081054688, 1004.3172607421875]]","[0.38232421875, 0.63330078125, 0.476806640625, 0.3427734375, 0.48388671875, 0.265380859375, 0.2958984375, 0.71337890625]","[[1014.0269165039062, 841.4820556640625], [1234.739990234375, 806.7468872070312], [657.6263427734375, 631.3955078125], [526.4772491455078, 560.49462890625], [800.55322265625, 870.193115234375], [1287.6567993164062, 650.9187622070312], [1893.37939453125, 656.9795532226562], [928.2101440429688, 1004.3172607421875]]",425426944,410959872,425426944,576,yolo26n_int8_576_ncnn_model,MOT17-02
243,65.14680499981296,0.0,7,"[2, 38, 145, 175, 179, 165, 68]","[[951.2166137695312, 400.7259826660156, 1082.221435546875, 847.0869140625], [1177.259521484375, 419.82513427734375, 1307.068603515625, 805.13525390625], [631.694091796875, 461.84515380859375, 690.3668823242188, 633.0303955078125], [506.3263244628906, 453.65716552734375, 545.666015625, 561.8250732421875], [737.8757934570312, 436.0732116699219, 891.5081787109375, 882.4026489257812], [1868.5679931640625, 389.5396423339844, 1917.9290771484375, 651.900146484375], [835.0084228515625, 413.99517822265625, 1029.4755859375, 1005.718017578125]]","[0.29931640625, 0.61376953125, 0.47412109375, 0.264404296875, 0.5283203125, 0.266845703125, 0.68505859375]","[[1016.7190246582031, 847.0869140625], [1242.1640625, 805.13525390625], [661.0304870605469, 633.0303955078125], [525.9961700439453, 561.8250732421875], [814.6919860839844, 882.4026489257812], [1893.24853515625, 651.900146484375], [932.2420043945312, 1005.718017578125]]",425426944,410959872,425426944,576,yolo26n_int8_576_ncnn_model,MOT17-02
244,65.33747200001017,0.0,7,"[2, 38, 145, 175, 179, 165, 68]","[[959.9095458984375, 402.6643371582031, 1088.41455078125, 849.1370849609375], [1188.315673828125, 416.55389404296875, 1317.659912109375, 805.0350341796875], [633.0262451171875, 460.472900390625, 693.1593627929688, 638.05029296875], [507.7646179199219, 455.7489929199219, 546.0523681640625, 560.414794921875], [747.7600708007812, 437.0196228027344, 899.3316040039062, 884.0670776367188], [1870.6573486328125, 389.9516906738281, 1919.6488037109375, 651.5117797851562], [841.1724243164062, 403.217529296875, 1043.8232421875, 1014.7913208007812]]","[0.28564453125, 0.63671875, 0.52197265625, 0.306884765625, 0.5859375, 0.320068359375, 0.62841796875]","[[1024.1620483398438, 849.1370849609375], [1252.98779296875, 805.0350341796875], [663.0928039550781, 638.05029296875], [526.9084930419922, 560.414794921875], [823.5458374023438, 884.0670776367188], [1895.153076171875, 651.5117797851562], [942.4978332519531, 1014.7913208007812]]",425426944,410959872,425426944,576,yolo26n_int8_576_ncnn_model,MOT17-02
245,65.9175650000634,0.0,6,"[38, 145, 175, 179, 165, 68]","[[1195.2943115234375, 416.847900390625, 1322.9150390625, 805.6510620117188], [635.3201904296875, 462.3963928222656, 694.49658203125, 636.3802490234375], [508.523681640625, 457.14666748046875, 546.0303344726562, 559.2989501953125], [752.396484375, 437.8226623535156, 902.2821655273438, 886.2632446289062], [1868.7589111328125, 391.0758972167969, 1918.55712890625, 653.7276000976562], [846.0533447265625, 399.2197265625, 1055.003173828125, 1024.7115478515625]]","[0.58984375, 0.41943359375, 0.328369140625, 0.53466796875, 0.263671875, 0.626953125]","[[1259.1046752929688, 805.6510620117188], [664.9083862304688, 636.3802490234375], [527.2770080566406, 559.2989501953125], [827.3393249511719, 886.2632446289062], [1893.6580200195312, 653.7276000976562], [950.5282592773438, 1024.7115478515625]]",425426944,410959872,425426944,576,yolo26n_int8_576_ncnn_model,MOT17-02
246,65.8652689999144,0.0,7,"[38, 145, 175, 179, 165, 68, 122]","[[1200.0133056640625, 418.79229736328125, 1325.6846923828125, 806.2710571289062], [635.3467407226562, 463.41461181640625, 693.5050048828125, 634.29931640625], [507.2355651855469, 454.3302001953125, 545.927734375, 559.9989624023438], [756.5648193359375, 439.42041015625, 904.6236572265625, 886.7157592773438], [1869.385009765625, 390.5330505371094, 1919.5714111328125, 655.5311889648438], [850.287353515625, 396.4824523925781, 1058.64501953125, 1026.4080810546875], [1271.4539794921875, 418.496826171875, 1343.4873046875, 658.9578247070312]]","[0.591796875, 0.38427734375, 0.33935546875, 0.5615234375, 0.343505859375, 0.6845703125, 0.275634765625]","[[1262.8489990234375, 806.2710571289062], [664.4258728027344, 634.29931640625], [526.5816497802734, 559.9989624023438], [830.59423828125, 886.7157592773438], [1894.4782104492188, 655.5311889648438], [954.4661865234375, 1026.4080810546875], [1307.4706420898438, 658.9578247070312]]",425426944,410959872,425426944,576,yolo26n_int8_576_ncnn_model,MOT17-02
247,64.93073000001459,0.0,7,"[38, 145, 175, 179, 165, 68, 2]","[[1207.73486328125, 417.79119873046875, 1333.5203857421875, 804.9710083007812], [639.1559448242188, 459.62567138671875, 699.176513671875, 632.1085815429688], [507.7596435546875, 458.21319580078125, 545.443359375, 559.7112426757812], [759.228271484375, 441.5986328125, 906.392333984375, 888.4602661132812], [1871.6085205078125, 391.8368835449219, 1920.0, 650.30224609375], [854.9835815429688, 393.4190673828125, 1063.037841796875, 1030.1142578125], [977.5260009765625, 403.40447998046875, 1106.165771484375, 856.0558471679688]]","[0.71875, 0.423095703125, 0.311279296875, 0.544921875, 0.343505859375, 0.60009765625, 0.3154296875]","[[1270.6276245117188, 804.9710083007812], [669.1662292480469, 632.1085815429688], [526.6015014648438, 559.7112426757812], [832.810302734375, 888.4602661132812], [1895.8042602539062, 650.30224609375], [959.0107116699219, 1030.1142578125], [1041.8458862304688, 856.0558471679688]]",425426944,410959872,425426944,576,yolo26n_int8_576_ncnn_model,MOT17-02
248,65.32724900011999,0.0,7,"[38, 145, 175, 179, 165, 68, 191]","[[1215.96533203125, 417.3066711425781, 1343.9217529296875, 806.7900390625], [641.3071899414062, 459.31048583984375, 702.6466064453125, 631.2881469726562], [507.0628662109375, 458.34942626953125, 545.0510864257812, 559.8809814453125], [765.9646606445312, 435.6813049316406, 911.6238403320312, 880.165283203125], [1872.330322265625, 392.0555419921875, 1920.0, 650.7992553710938], [871.4465942382812, 390.113037109375, 1086.84765625, 1047.870849609375], [415.33648681640625, 469.4166564941406, 461.4968566894531, 571.25]]","[0.736328125, 0.43212890625, 0.314208984375, 0.59619140625, 0.323486328125, 0.55859375, 0.351806640625]","[[1279.9435424804688, 806.7900390625], [671.9768981933594, 631.2881469726562], [526.0569763183594, 559.8809814453125], [838.7942504882812, 880.165283203125], [1896.1651611328125, 650.7992553710938], [979.1471252441406, 1047.870849609375], [438.4166717529297, 571.25]]",425426944,410959872,425426944,576,yolo26n_int8_576_ncnn_model,MOT17-02
249,64.82087799986402,0.0,7,"[38, 145, 175, 179, 165, 68, 191]","[[1225.83056640625, 426.1957092285156, 1353.819580078125, 806.0906372070312], [645.198486328125, 460.0192565917969, 706.8031616210938, 630.1480712890625], [506.8908386230469, 457.287353515625, 545.9375610351562, 561.0518798828125], [772.0401000976562, 435.04364013671875, 915.9124755859375, 877.5308227539062], [1869.3289794921875, 390.1968078613281, 1918.96728515625, 654.0348510742188], [877.7289428710938, 391.8880615234375, 1094.37451171875, 1059.11865234375], [415.7779541015625, 467.6335754394531, 462.2016296386719, 569.9763793945312]]","[0.52392578125, 0.418212890625, 0.298828125, 0.64013671875, 0.278564453125, 0.53564453125, 0.276123046875]","[[1289.8250732421875, 806.0906372070312], [676.0008239746094, 630.1480712890625], [526.4141998291016, 561.0518798828125], [843.9762878417969, 877.5308227539062], [1894.1481323242188, 654.0348510742188], [986.0517272949219, 1059.11865234375], [438.9897918701172, 569.9763793945312]]",425426944,410959872,425426944,576,yolo26n_int8_576_ncnn_model,MOT17-02
250,64.99763800002256,0.0,6,"[38, 145, 175, 179, 68, 191]","[[1236.4781494140625, 416.6029357910156, 1371.1961669921875, 806.6263427734375], [646.4537963867188, 460.84259033203125, 708.9794311523438, 631.3794555664062], [507.88385009765625, 455.7921447753906, 547.4095458984375, 561.4885864257812], [773.8968505859375, 432.1294250488281, 918.2390747070312, 881.3670654296875], [895.1366577148438, 386.3916320800781, 1112.177001953125, 1051.07958984375], [415.3059997558594, 467.0231018066406, 461.7778625488281, 569.540283203125]]","[0.71630859375, 0.458740234375, 0.301025390625, 0.59521484375, 0.51806640625, 0.306640625]","[[1303.837158203125, 806.6263427734375], [677.7166137695312, 631.3794555664062], [527.6466979980469, 561.4885864257812], [846.0679626464844, 881.3670654296875], [1003.6568298339844, 1051.07958984375], [438.54193115234375, 569.540283203125]]",425426944,410959872,425426944,576,yolo26n_int8_576_ncnn_model,MOT17-02
251,64.78247099994405,0.0,5,"[38, 145, 175, 179, 68]","[[1241.51904296875, 411.1639709472656, 1383.7916259765625, 809.8141479492188], [652.3120727539062, 457.84149169921875, 717.4829711914062, 632.9462890625], [507.2584533691406, 454.1301574707031, 547.8858642578125, 562.7437744140625], [780.3460083007812, 432.1165771484375, 926.87353515625, 892.6763305664062], [889.0596923828125, 385.2848815917969, 1103.862060546875, 1056.660888671875]]","[0.7578125, 0.426025390625, 0.302978515625, 0.65380859375, 0.52783203125]","[[1312.6553344726562, 809.8141479492188], [684.8975219726562, 632.9462890625], [527.5721588134766, 562.7437744140625], [853.6097717285156, 892.6763305664062], [996.4608764648438, 1056.660888671875]]",425426944,410959872,425426944,576,yolo26n_int8_576_ncnn_model,MOT17-02
252,64.91704600011872,0.0,6,"[38, 145, 175, 179, 68, 191]","[[1244.988525390625, 408.5726013183594, 1393.0625, 809.3833618164062], [654.31982421875, 457.5353698730469, 720.7229614257812, 633.804443359375], [508.79498291015625, 455.6748352050781, 548.4606323242188, 561.0447387695312], [783.7438354492188, 433.3247985839844, 930.0507202148438, 895.69140625], [910.2865600585938, 398.41815185546875, 1120.2635498046875, 1049.523193359375], [415.1052551269531, 468.3276062011719, 461.6121826171875, 570.8587036132812]]","[0.75439453125, 0.51416015625, 0.311767578125, 0.64013671875, 0.56396484375, 0.281982421875]","[[1319.0255126953125, 809.3833618164062], [687.5213928222656, 633.804443359375], [528.6278076171875, 561.0447387695312], [856.8972778320312, 895.69140625], [1015.2750549316406, 1049.523193359375], [438.3587188720703, 570.8587036132812]]",425426944,410959872,425426944,576,yolo26n_int8_576_ncnn_model,MOT17-02
253,64.95637800003351,0.0,7,"[38, 145, 175, 179, 68, 196, 191]","[[1247.162109375, 406.4007568359375, 1401.72705078125, 811.5084228515625], [654.3949584960938, 453.8694152832031, 723.5398559570312, 636.59033203125], [509.44512939453125, 456.5718994140625, 548.6295166015625, 560.0905151367188], [788.2719116210938, 432.5390319824219, 933.21728515625, 893.616455078125], [915.3057861328125, 391.1159362792969, 1126.8797607421875, 1052.3890380859375], [1841.5435791015625, 475.2499694824219, 1920.0, 778.083251953125], [411.4113464355469, 464.1200866699219, 460.42919921875, 572.0303344726562]]","[0.77001953125, 0.51416015625, 0.31787109375, 0.63818359375, 0.68896484375, 0.396240234375, 0.296142578125]","[[1324.444580078125, 811.5084228515625], [688.9674072265625, 636.59033203125], [529.0373229980469, 560.0905151367188], [860.7445983886719, 893.616455078125], [1021.0927734375, 1052.3890380859375], [1880.7717895507812, 778.083251953125], [435.92027282714844, 572.0303344726562]]",425426944,410959872,425426944,576,yolo26n_int8_576_ncnn_model,MOT17-02
254,64.99582299989015,0.0,8,"[38, 145, 175, 179, 68, 196, 191, 197]","[[1244.4974365234375, 410.6717224121094, 1403.6268310546875, 817.0665893554688], [655.245849609375, 451.68359375, 725.8047485351562, 637.3626098632812], [509.0906677246094, 455.2466735839844, 548.722900390625, 559.1793212890625], [791.9298095703125, 433.1829528808594, 935.4901733398438, 892.8831176757812], [918.92822265625, 389.2481384277344, 1131.52490234375, 1059.12158203125], [1824.6671142578125, 406.9759521484375, 1920.0, 782.7282104492188], [409.88623046875, 462.74822998046875, 459.2347106933594, 571.2825317382812], [657.2741088867188, 465.3332824707031, 712.2258911132812, 632.6666259765625]]","[0.794921875, 0.533203125, 0.328125, 0.6259765625, 0.6943359375, 0.480224609375, 0.254638671875, 0.34326171875]","[[1324.0621337890625, 817.0665893554688], [690.5252990722656, 637.3626098632812], [528.9067840576172, 559.1793212890625], [863.7099914550781, 892.8831176757812], [1025.2265625, 1059.12158203125], [1872.3335571289062, 782.7282104492188], [434.5604705810547, 571.2825317382812], [684.75, 632.6666259765625]]",425426944,410959872,425426944,576,yolo26n_int8_576_ncnn_model,MOT17-02
255,64.6553970000241,0.0,6,"[38, 145, 175, 179, 68, 196]","[[1244.7861328125, 410.1767883300781, 1409.048095703125, 821.3470458984375], [656.9960327148438, 451.4024658203125, 728.3215942382812, 638.1846313476562], [509.21331787109375, 456.4087829589844, 548.4922485351562, 559.3946533203125], [794.6492309570312, 435.33843994140625, 938.03173828125, 896.1214599609375], [917.7135009765625, 391.5721740722656, 1127.6920166015625, 1057.4947509765625], [1818.4715576171875, 393.818115234375, 1920.0, 780.0969848632812]]","[0.77685546875, 0.47265625, 0.282470703125, 0.6005859375, 0.73876953125, 0.556640625]","[[1326.9171142578125, 821.3470458984375], [692.6588134765625, 638.1846313476562], [528.852783203125, 559.3946533203125], [866.3404846191406, 896.1214599609375], [1022.7027587890625, 1057.4947509765625], [1869.2357788085938, 780.0969848632812]]",425426944,410959872,425426944,576,yolo26n_int8_576_ncnn_model,MOT17-02
256,64.79802699982429,0.0,6,"[38, 145, 175, 179, 68, 196]","[[1246.455078125, 404.4330749511719, 1415.6514892578125, 820.8829345703125], [658.0538330078125, 457.314208984375, 725.9967041015625, 635.7573852539062], [509.4320983886719, 457.4074401855469, 548.2205200195312, 558.92919921875], [798.9031372070312, 435.8612365722656, 943.1920166015625, 904.1591186523438], [920.5421142578125, 388.5248107910156, 1129.987060546875, 1056.3251953125], [1811.72998046875, 393.5172119140625, 1917.071533203125, 782.0951538085938]]","[0.802734375, 0.427001953125, 0.27587890625, 0.5791015625, 0.71826171875, 0.61474609375]","[[1331.0532836914062, 820.8829345703125], [692.0252685546875, 635.7573852539062], [528.8263092041016, 558.92919921875], [871.0475769042969, 904.1591186523438], [1025.2645874023438, 1056.3251953125], [1864.4007568359375, 782.0951538085938]]",425426944,410959872,425426944,576,yolo26n_int8_576_ncnn_model,MOT17-02
257,64.75713800000449,0.0,5,"[38, 145, 179, 68, 196]","[[1251.114013671875, 410.1682434082031, 1422.4327392578125, 824.733642578125], [658.7080688476562, 454.3607482910156, 729.5932006835938, 641.1824951171875], [800.5645141601562, 436.8589782714844, 947.0348510742188, 919.4241333007812], [925.722412109375, 390.4154968261719, 1131.7799072265625, 1049.485595703125], [1810.4669189453125, 385.4494934082031, 1918.781982421875, 785.40234375]]","[0.814453125, 0.471435546875, 0.5537109375, 0.55224609375, 0.673828125]","[[1336.7733764648438, 824.733642578125], [694.150634765625, 641.1824951171875], [873.7996826171875, 919.4241333007812], [1028.7511596679688, 1049.485595703125], [1864.6244506835938, 785.40234375]]",425426944,410959872,425426944,576,yolo26n_int8_576_ncnn_model,MOT17-02
258,64.97971199996755,0.0,6,"[38, 145, 179, 68, 196, 175]","[[1254.96435546875, 414.4845275878906, 1426.867919921875, 824.1011962890625], [660.0877685546875, 453.5660400390625, 731.8694458007812, 643.9485473632812], [799.7349853515625, 436.4074401855469, 947.5674438476562, 931.380615234375], [931.550048828125, 388.27667236328125, 1138.035400390625, 1050.7904052734375], [1805.0872802734375, 377.20343017578125, 1915.6700439453125, 783.6179809570312], [509.1744079589844, 456.8453369140625, 548.4514770507812, 559.7304077148438]]","[0.81005859375, 0.51220703125, 0.642578125, 0.6015625, 0.6513671875, 0.365966796875]","[[1340.9161376953125, 824.1011962890625], [695.9786071777344, 643.9485473632812], [873.6512145996094, 931.380615234375], [1034.792724609375, 1050.7904052734375], [1860.378662109375, 783.6179809570312], [528.8129425048828, 559.7304077148438]]",425426944,410959872,425426944,576,yolo26n_int8_576_ncnn_model,MOT17-02
259,64.85800800010111,0.0,6,"[38, 145, 179, 68, 196, 175]","[[1258.4697265625, 418.21575927734375, 1430.43603515625, 822.8309936523438], [660.6306762695312, 454.3565673828125, 732.5814819335938, 646.07568359375], [798.534423828125, 436.4825744628906, 946.2442626953125, 936.6726684570312], [931.6129150390625, 381.45611572265625, 1137.72412109375, 1042.9991455078125], [1793.441650390625, 372.3537292480469, 1906.6158447265625, 782.0406494140625], [508.9786376953125, 456.9752502441406, 548.0552368164062, 559.6587524414062]]","[0.7734375, 0.56494140625, 0.52685546875, 0.6064453125, 0.72705078125, 0.339599609375]","[[1344.452880859375, 822.8309936523438], [696.6060791015625, 646.07568359375], [872.3893432617188, 936.6726684570312], [1034.6685180664062, 1042.9991455078125], [1850.0287475585938, 782.0406494140625], [528.5169372558594, 559.6587524414062]]",425426944,410959872,425426944,576,yolo26n_int8_576_ncnn_model,MOT17-02
260,64.88398999999845,0.0,6,"[38, 145, 179, 68, 196, 175]","[[1264.3929443359375, 417.0033874511719, 1436.6680908203125, 821.6083984375], [664.5176391601562, 459.8508605957031, 732.2832641601562, 638.4158935546875], [799.3026733398438, 435.94891357421875, 946.4246826171875, 939.0886840820312], [929.358154296875, 381.1037292480469, 1132.8389892578125, 1038.8994140625], [1782.4488525390625, 376.8684997558594, 1896.7542724609375, 779.0480346679688], [508.1846923828125, 457.5760192871094, 546.9766845703125, 559.0790405273438]]","[0.7744140625, 0.5712890625, 0.53564453125, 0.6162109375, 0.7392578125, 0.3251953125]","[[1350.530517578125, 821.6083984375], [698.4004516601562, 638.4158935546875], [872.8636779785156, 939.0886840820312], [1031.0985717773438, 1038.8994140625], [1839.6015625, 779.0480346679688], [527.5806884765625, 559.0790405273438]]",425426944,410959872,425426944,576,yolo26n_int8_576_ncnn_model,MOT17-02
261,64.68050800003766,0.0,7,"[38, 145, 179, 68, 196, 175, 165]","[[1274.1925048828125, 415.1647644042969, 1445.3485107421875, 820.2872314453125], [665.4395141601562, 459.48809814453125, 733.6367797851562, 637.8760986328125], [797.4423828125, 435.9991455078125, 944.0941162109375, 940.6619873046875], [929.9932861328125, 385.163330078125, 1131.3143310546875, 1040.9254150390625], [1763.7535400390625, 376.952880859375, 1883.42431640625, 778.0115356445312], [507.52838134765625, 455.8672180175781, 547.4808959960938, 559.6890869140625], [1872.1248779296875, 391.839599609375, 1920.0, 656.4094848632812]]","[0.76708984375, 0.56689453125, 0.533203125, 0.6552734375, 0.70751953125, 0.3798828125, 0.340087890625]","[[1359.7705078125, 820.2872314453125], [699.5381469726562, 637.8760986328125], [870.7682495117188, 940.6619873046875], [1030.65380859375, 1040.9254150390625], [1823.5889282226562, 778.0115356445312], [527.504638671875, 559.6890869140625], [1896.0624389648438, 656.4094848632812]]",425426944,410959872,425426944,576,yolo26n_int8_576_ncnn_model,MOT17-02
262,64.9387299999944,0.0,6,"[38, 145, 179, 68, 196, 175]","[[1281.226318359375, 417.9069519042969, 1451.46826171875, 826.222412109375], [665.8447265625, 457.96844482421875, 736.1763916015625, 641.2749633789062], [803.6127319335938, 433.14208984375, 949.2261352539062, 940.693359375], [929.5155029296875, 385.9112854003906, 1131.1514892578125, 1049.139404296875], [1745.5155029296875, 385.99652099609375, 1870.1539306640625, 775.68603515625], [507.1649169921875, 455.5074768066406, 547.79150390625, 560.7350463867188]]","[0.75634765625, 0.55224609375, 0.62109375, 0.7109375, 0.79248046875, 0.347412109375]","[[1366.3472900390625, 826.222412109375], [701.0105590820312, 641.2749633789062], [876.41943359375, 940.693359375], [1030.33349609375, 1049.139404296875], [1807.834716796875, 775.68603515625], [527.4782104492188, 560.7350463867188]]",425426944,410959872,425426944,576,yolo26n_int8_576_ncnn_model,MOT17-02
263,81.8786499999078,0.0,6,"[38, 145, 179, 68, 196, 175]","[[1293.110107421875, 420.17791748046875, 1460.580810546875, 828.2987670898438], [667.1366577148438, 458.49127197265625, 736.9732055664062, 639.254150390625], [806.8412475585938, 435.1779479980469, 950.158935546875, 941.787841796875], [932.077392578125, 382.6507873535156, 1134.696044921875, 1053.58642578125], [1731.9310302734375, 392.1741943359375, 1863.4910888671875, 774.806396484375], [506.7020568847656, 455.3771667480469, 547.69287109375, 561.1318969726562]]","[0.744140625, 0.544921875, 0.64306640625, 0.701171875, 0.7939453125, 0.314208984375]","[[1376.845458984375, 828.2987670898438], [702.054931640625, 639.254150390625], [878.5000915527344, 941.787841796875], [1033.38671875, 1053.58642578125], [1797.7110595703125, 774.806396484375], [527.1974639892578, 561.1318969726562]]",425426944,410959872,425426944,576,yolo26n_int8_576_ncnn_model,MOT17-02
264,65.1156760000049,0.0,7,"[38, 145, 179, 68, 196, 175, 165]","[[1303.4483642578125, 416.0833740234375, 1469.8349609375, 829.5892944335938], [667.2753295898438, 454.82257080078125, 739.6758422851562, 642.3170776367188], [809.2843017578125, 424.19134521484375, 950.2147827148438, 929.7518310546875], [935.5053100585938, 386.0868835449219, 1137.7352294921875, 1058.248779296875], [1720.9942626953125, 395.1883239746094, 1860.8642578125, 774.0784301757812], [507.18426513671875, 456.430419921875, 547.5487060546875, 560.1817016601562], [1860.525390625, 393.8802490234375, 1913.0072021484375, 657.4017944335938]]","[0.75390625, 0.56884765625, 0.5947265625, 0.7099609375, 0.7890625, 0.347412109375, 0.3095703125]","[[1386.6416625976562, 829.5892944335938], [703.4755859375, 642.3170776367188], [879.7495422363281, 929.7518310546875], [1036.6202697753906, 1058.248779296875], [1790.9292602539062, 774.0784301757812], [527.3664855957031, 560.1817016601562], [1886.7662963867188, 657.4017944335938]]",425426944,410959872,425426944,576,yolo26n_int8_576_ncnn_model,MOT17-02
265,64.87797199997658,0.0,6,"[38, 145, 179, 68, 196, 175]","[[1312.437744140625, 412.6147766113281, 1477.63671875, 833.041259765625], [669.8554077148438, 456.45147705078125, 741.3319702148438, 641.54345703125], [811.4939575195312, 423.0272216796875, 949.8736572265625, 926.4254150390625], [939.3566284179688, 390.44805908203125, 1138.2947998046875, 1055.859130859375], [1709.3973388671875, 399.727294921875, 1856.9449462890625, 773.9658203125], [507.1348571777344, 457.3948974609375, 547.7352294921875, 561.4681396484375]]","[0.73583984375, 0.5498046875, 0.61767578125, 0.72607421875, 0.81591796875, 0.3017578125]","[[1395.0372314453125, 833.041259765625], [705.5936889648438, 641.54345703125], [880.6838073730469, 926.4254150390625], [1038.8257141113281, 1055.859130859375], [1783.171142578125, 773.9658203125], [527.4350433349609, 561.4681396484375]]",425426944,410959872,425426944,576,yolo26n_int8_576_ncnn_model,MOT17-02
266,65.01734199991915,0.0,6,"[38, 145, 179, 68, 196, 175]","[[1321.8341064453125, 411.7088928222656, 1486.1444091796875, 840.4422607421875], [672.7451171875, 458.75469970703125, 744.32958984375, 643.967529296875], [813.2147216796875, 422.8968505859375, 949.7882080078125, 925.9193115234375], [942.3763427734375, 391.43194580078125, 1138.8939208984375, 1052.26220703125], [1699.553466796875, 406.6249084472656, 1852.758544921875, 775.6157836914062], [508.177490234375, 459.1304016113281, 547.8472290039062, 560.5693359375]]","[0.69873046875, 0.51708984375, 0.6083984375, 0.73583984375, 0.8017578125, 0.303955078125]","[[1403.9892578125, 840.4422607421875], [708.537353515625, 643.967529296875], [881.50146484375, 925.9193115234375], [1040.6351318359375, 1052.26220703125], [1776.156005859375, 775.6157836914062], [528.0123596191406, 560.5693359375]]",425426944,410959872,425426944,576,yolo26n_int8_576_ncnn_model,MOT17-02
267,64.73052699993787,0.0,6,"[38, 145, 179, 68, 196, 175]","[[1329.766357421875, 412.1933898925781, 1493.2637939453125, 848.9216918945312], [674.5717163085938, 457.9747314453125, 746.791259765625, 645.4124145507812], [811.4846801757812, 425.3545227050781, 949.7847900390625, 939.6862182617188], [940.560546875, 394.14227294921875, 1137.423583984375, 1058.453857421875], [1688.9697265625, 405.718994140625, 1847.636474609375, 774.3017578125], [508.7903137207031, 457.84228515625, 548.7896118164062, 559.9398193359375]]","[0.70654296875, 0.481201171875, 0.62841796875, 0.71728515625, 0.78564453125, 0.330078125]","[[1411.5150756835938, 848.9216918945312], [710.6814880371094, 645.4124145507812], [880.6347351074219, 939.6862182617188], [1038.9920654296875, 1058.453857421875], [1768.3031005859375, 774.3017578125], [528.7899627685547, 559.9398193359375]]",425426944,410959872,425426944,576,yolo26n_int8_576_ncnn_model,MOT17-02
268,64.95335999989038,0.0,6,"[38, 145, 179, 68, 196, 175]","[[1340.6053466796875, 408.1888427734375, 1500.719482421875, 842.1904907226562], [674.6683959960938, 455.76214599609375, 748.187255859375, 647.8500366210938], [807.5087890625, 418.9529113769531, 946.4628295898438, 930.39697265625], [943.1114501953125, 392.8126220703125, 1137.8447265625, 1055.3861083984375], [1676.8330078125, 401.4344177246094, 1834.5582275390625, 762.3126220703125], [508.36383056640625, 459.8410949707031, 548.134033203125, 560.5321655273438]]","[0.7255859375, 0.51708984375, 0.61328125, 0.74169921875, 0.7705078125, 0.27685546875]","[[1420.6624145507812, 842.1904907226562], [711.4278259277344, 647.8500366210938], [876.9858093261719, 930.39697265625], [1040.4780883789062, 1055.3861083984375], [1755.6956176757812, 762.3126220703125], [528.2489318847656, 560.5321655273438]]",425426944,410959872,425426944,576,yolo26n_int8_576_ncnn_model,MOT17-02
269,64.78002600010768,0.0,5,"[38, 145, 179, 68, 196]","[[1352.5018310546875, 409.6683349609375, 1510.5909423828125, 838.6449584960938], [674.8598022460938, 453.02105712890625, 749.5319213867188, 650.6530151367188], [802.7349243164062, 419.1138610839844, 942.7852172851562, 929.58642578125], [945.6981811523438, 394.7692565917969, 1138.3955078125, 1053.8975830078125], [1665.5291748046875, 400.04534912109375, 1821.465087890625, 755.43505859375]]","[0.7744140625, 0.55908203125, 0.68408203125, 0.74072265625, 0.74658203125]","[[1431.54638671875, 838.6449584960938], [712.1958618164062, 650.6530151367188], [872.7600708007812, 929.58642578125], [1042.0468444824219, 1053.8975830078125], [1743.4971313476562, 755.43505859375]]",425426944,410959872,425426944,576,yolo26n_int8_576_ncnn_model,MOT17-02
270,64.90465699994274,0.0,6,"[38, 145, 179, 68, 196, 175]","[[1359.25830078125, 420.5735778808594, 1518.107666015625, 850.0135498046875], [676.50537109375, 449.0023498535156, 751.6069946289062, 652.5091552734375], [804.7800903320312, 418.80523681640625, 946.2515869140625, 927.4505004882812], [947.6121215820312, 391.908447265625, 1139.69091796875, 1054.6839599609375], [1653.3175048828125, 397.2445983886719, 1807.4600830078125, 753.0985717773438], [508.0098876953125, 459.7380065917969, 547.997802734375, 560.4950561523438]]","[0.75537109375, 0.63818359375, 0.6689453125, 0.71240234375, 0.74267578125, 0.261962890625]","[[1438.6829833984375, 850.0135498046875], [714.0561828613281, 652.5091552734375], [875.5158386230469, 927.4505004882812], [1043.6515197753906, 1054.6839599609375], [1730.3887939453125, 753.0985717773438], [528.0038452148438, 560.4950561523438]]",425426944,410959872,425426944,576,yolo26n_int8_576_ncnn_model,MOT17-02
271,65.04565699992781,0.0,6,"[38, 145, 179, 68, 196, 175]","[[1371.149658203125, 417.55047607421875, 1532.993896484375, 844.9088134765625], [679.7325439453125, 450.4336242675781, 751.86328125, 649.1446533203125], [802.0824584960938, 418.45184326171875, 944.3925170898438, 925.7804565429688], [948.93408203125, 400.7185974121094, 1140.517822265625, 1064.8560791015625], [1639.09033203125, 398.77886962890625, 1788.22314453125, 752.0420532226562], [508.1150817871094, 460.7982177734375, 548.3388671875, 561.6165771484375]]","[0.8212890625, 0.55517578125, 0.71484375, 0.7041015625, 0.70751953125, 0.25732421875]","[[1452.07177734375, 844.9088134765625], [715.7979125976562, 649.1446533203125], [873.2374877929688, 925.7804565429688], [1044.7259521484375, 1064.8560791015625], [1713.65673828125, 752.0420532226562], [528.2269744873047, 561.6165771484375]]",425426944,410959872,425426944,576,yolo26n_int8_576_ncnn_model,MOT17-02
272,65.26754599985907,0.0,6,"[38, 145, 179, 68, 196, 175]","[[1378.373291015625, 418.5787353515625, 1544.1126708984375, 848.3842163085938], [681.9505004882812, 448.293212890625, 754.1351928710938, 649.4080200195312], [800.889892578125, 413.951171875, 944.9096069335938, 925.126220703125], [953.4578247070312, 396.4808654785156, 1143.24267578125, 1059.7391357421875], [1622.1783447265625, 400.69390869140625, 1764.482421875, 749.3839721679688], [509.18304443359375, 461.4479675292969, 549.0870361328125, 560.62939453125]]","[0.81396484375, 0.5703125, 0.67724609375, 0.7509765625, 0.62744140625, 0.31884765625]","[[1461.2429809570312, 848.3842163085938], [718.0428466796875, 649.4080200195312], [872.8997497558594, 925.126220703125], [1048.3502502441406, 1059.7391357421875], [1693.3303833007812, 749.3839721679688], [529.1350402832031, 560.62939453125]]",425426944,410959872,425426944,576,yolo26n_int8_576_ncnn_model,MOT17-02
273,65.23241600007168,0.0,6,"[38, 145, 179, 68, 196, 175]","[[1380.1478271484375, 419.91522216796875, 1549.761474609375, 851.9688720703125], [684.1788940429688, 448.32781982421875, 756.2158203125, 650.8486328125], [805.9989013671875, 415.8533935546875, 949.3876953125, 924.5924682617188], [955.39599609375, 393.4626159667969, 1142.7838134765625, 1056.9166259765625], [1612.7327880859375, 406.49334716796875, 1748.4652099609375, 750.1548461914062], [509.451904296875, 461.4052734375, 550.0528564453125, 561.6358032226562]]","[0.8251953125, 0.432373046875, 0.6572265625, 0.70849609375, 0.642578125, 0.31201171875]","[[1464.9546508789062, 851.9688720703125], [720.1973571777344, 650.8486328125], [877.6932983398438, 924.5924682617188], [1049.0899047851562, 1056.9166259765625], [1680.5989990234375, 750.1548461914062], [529.7523803710938, 561.6358032226562]]",425426944,410959872,425426944,576,yolo26n_int8_576_ncnn_model,MOT17-02
274,65.11949099990488,0.0,6,"[38, 145, 179, 68, 196, 175]","[[1380.9881591796875, 420.9560546875, 1554.4039306640625, 854.9068603515625], [686.8721923828125, 453.2757568359375, 755.5875854492188, 646.4671630859375], [811.6256713867188, 420.0693054199219, 956.1859130859375, 935.2507934570312], [959.0589599609375, 397.9510498046875, 1141.7159423828125, 1052.3798828125], [1604.3511962890625, 399.6374206542969, 1738.287841796875, 747.3275756835938], [509.54754638671875, 461.6566467285156, 550.40625, 561.7293701171875]]","[0.8125, 0.3076171875, 0.666015625, 0.69921875, 0.70166015625, 0.350830078125]","[[1467.696044921875, 854.9068603515625], [721.2298889160156, 646.4671630859375], [883.9057922363281, 935.2507934570312], [1050.387451171875, 1052.3798828125], [1671.3195190429688, 747.3275756835938], [529.9768981933594, 561.7293701171875]]",425426944,410959872,425426944,576,yolo26n_int8_576_ncnn_model,MOT17-02
275,64.71617500005777,0.0,6,"[38, 145, 179, 68, 196, 175]","[[1382.6873779296875, 421.3330993652344, 1558.5828857421875, 855.9483642578125], [691.4714965820312, 456.3466796875, 760.5049438476562, 648.0699462890625], [810.305419921875, 424.14251708984375, 956.6384887695312, 941.1568603515625], [959.3082885742188, 394.10906982421875, 1140.05908203125, 1050.642333984375], [1591.3895263671875, 410.5198059082031, 1721.941162109375, 748.416748046875], [509.7078552246094, 461.1909484863281, 550.952880859375, 561.20458984375]]","[0.798828125, 0.4013671875, 0.6865234375, 0.6650390625, 0.71826171875, 0.33056640625]","[[1470.6351318359375, 855.9483642578125], [725.9882202148438, 648.0699462890625], [883.4719543457031, 941.1568603515625], [1049.6836853027344, 1050.642333984375], [1656.6653442382812, 748.416748046875], [530.3303680419922, 561.20458984375]]",425426944,410959872,425426944,576,yolo26n_int8_576_ncnn_model,MOT17-02
276,64.75160200011487,0.0,6,"[38, 145, 179, 68, 196, 175]","[[1384.6077880859375, 419.8095703125, 1562.725341796875, 855.7166748046875], [696.478271484375, 458.5788269042969, 765.5159912109375, 647.54248046875], [815.8012084960938, 424.7480773925781, 959.4741821289062, 936.6373291015625], [960.1489868164062, 393.62506103515625, 1138.564208984375, 1049.033447265625], [1577.7252197265625, 418.3562927246094, 1706.614013671875, 745.2987670898438], [509.358154296875, 461.0069885253906, 551.0031127929688, 560.9996337890625]]","[0.798828125, 0.406982421875, 0.7021484375, 0.6826171875, 0.74951171875, 0.314208984375]","[[1473.6665649414062, 855.7166748046875], [730.9971313476562, 647.54248046875], [887.6376953125, 936.6373291015625], [1049.3565979003906, 1049.033447265625], [1642.1696166992188, 745.2987670898438], [530.1806335449219, 560.9996337890625]]",425426944,410959872,425426944,576,yolo26n_int8_576_ncnn_model,MOT17-02
277,65.47904600006405,0.0,6,"[38, 145, 179, 68, 196, 175]","[[1385.6776123046875, 419.3514709472656, 1565.6397705078125, 856.5176391601562], [698.6265258789062, 459.1275329589844, 769.1749877929688, 648.7169189453125], [822.6474609375, 426.903076171875, 964.5159301757812, 934.0138549804688], [960.41552734375, 389.0270080566406, 1137.921875, 1048.4366455078125], [1564.1129150390625, 413.78228759765625, 1698.1895751953125, 746.050537109375], [509.5461120605469, 460.6563720703125, 551.2384643554688, 560.0911865234375]]","[0.7724609375, 0.37158203125, 0.7236328125, 0.68115234375, 0.7783203125, 0.325927734375]","[[1475.65869140625, 856.5176391601562], [733.9007568359375, 648.7169189453125], [893.5816955566406, 934.0138549804688], [1049.168701171875, 1048.4366455078125], [1631.1512451171875, 746.050537109375], [530.3922882080078, 560.0911865234375]]",425426944,410959872,425426944,576,yolo26n_int8_576_ncnn_model,MOT17-02
278,64.9073419999695,0.0,6,"[38, 145, 179, 68, 196, 175]","[[1395.55126953125, 412.4469299316406, 1578.7406005859375, 857.9918823242188], [707.5491943359375, 463.7315979003906, 777.7049560546875, 650.2473754882812], [822.7818603515625, 423.0112609863281, 965.4158325195312, 934.3643798828125], [961.0933227539062, 386.201904296875, 1138.1019287109375, 1049.326416015625], [1560.75341796875, 439.08624267578125, 1689.77197265625, 744.8440551757812], [508.70623779296875, 461.34814453125, 550.5677490234375, 560.0217895507812]]","[0.6123046875, 0.3427734375, 0.69580078125, 0.73583984375, 0.75146484375, 0.3095703125]","[[1487.1459350585938, 857.9918823242188], [742.6270751953125, 650.2473754882812], [894.0988464355469, 934.3643798828125], [1049.5976257324219, 1049.326416015625], [1625.2626953125, 744.8440551757812], [529.6369934082031, 560.0217895507812]]",425426944,410959872,425426944,576,yolo26n_int8_576_ncnn_model,MOT17-02
279,64.81002699979399,0.0,5,"[38, 145, 179, 68, 196]","[[1418.4007568359375, 407.7945251464844, 1596.8817138671875, 852.9105224609375], [713.2791137695312, 476.8422546386719, 779.46435546875, 648.3080444335938], [820.0965576171875, 412.21099853515625, 962.8656005859375, 925.13525390625], [962.3927612304688, 384.87884521484375, 1138.132080078125, 1048.853515625], [1554.374267578125, 430.1614685058594, 1691.085205078125, 747.0728149414062]]","[0.5400390625, 0.345947265625, 0.71484375, 0.73779296875, 0.69189453125]","[[1507.6412353515625, 852.9105224609375], [746.3717346191406, 648.3080444335938], [891.4810791015625, 925.13525390625], [1050.2624206542969, 1048.853515625], [1622.729736328125, 747.0728149414062]]",425426944,410959872,425426944,576,yolo26n_int8_576_ncnn_model,MOT17-02
280,64.74141599983341,0.0,5,"[38, 145, 179, 68, 196]","[[1431.689697265625, 409.1817321777344, 1605.365234375, 853.2208251953125], [717.3629760742188, 482.3272705078125, 783.5288696289062, 649.2561645507812], [818.9630126953125, 407.84942626953125, 962.9741821289062, 921.888427734375], [962.9725341796875, 380.28277587890625, 1139.0654296875, 1051.7093505859375], [1554.3306884765625, 418.7802429199219, 1698.3922119140625, 751.7190551757812]]","[0.64013671875, 0.35498046875, 0.76513671875, 0.66259765625, 0.63623046875]","[[1518.5274658203125, 853.2208251953125], [750.4459228515625, 649.2561645507812], [890.9685974121094, 921.888427734375], [1051.0189819335938, 1051.7093505859375], [1626.3614501953125, 751.7190551757812]]",425426944,410959872,425426944,576,yolo26n_int8_576_ncnn_model,MOT17-02
281,64.91367499984335,0.0,5,"[38, 145, 179, 68, 196]","[[1438.56201171875, 417.70697021484375, 1605.0364990234375, 854.1280517578125], [717.700927734375, 475.1075134277344, 788.1151123046875, 649.5806274414062], [819.0712280273438, 411.46905517578125, 963.475341796875, 922.0499267578125], [964.3262329101562, 374.1990966796875, 1139.3016357421875, 1050.6029052734375], [1552.943603515625, 422.7784729003906, 1694.3280029296875, 750.6246948242188]]","[0.61767578125, 0.31689453125, 0.763671875, 0.66259765625, 0.515625]","[[1521.7992553710938, 854.1280517578125], [752.9080200195312, 649.5806274414062], [891.2732849121094, 922.0499267578125], [1051.8139343261719, 1050.6029052734375], [1623.6358032226562, 750.6246948242188]]",425426944,410959872,425426944,576,yolo26n_int8_576_ncnn_model,MOT17-02
282,65.02526799999941,0.0,5,"[38, 145, 179, 68, 196]","[[1445.7935791015625, 421.3884582519531, 1607.310546875, 854.0217895507812], [717.3538208007812, 467.27752685546875, 791.7596435546875, 649.4158325195312], [827.3397827148438, 404.3565979003906, 974.0945434570312, 919.6581420898438], [967.2611694335938, 382.06610107421875, 1141.2723388671875, 1060.860595703125], [1543.0045166015625, 404.39031982421875, 1687.5677490234375, 745.7826538085938]]","[0.65478515625, 0.4267578125, 0.759765625, 0.64306640625, 0.5126953125]","[[1526.5520629882812, 854.0217895507812], [754.5567321777344, 649.4158325195312], [900.7171630859375, 919.6581420898438], [1054.2667541503906, 1060.860595703125], [1615.2861328125, 745.7826538085938]]",425426944,410959872,425426944,576,yolo26n_int8_576_ncnn_model,MOT17-02
283,76.4653129999715,0.0,5,"[38, 145, 179, 68, 175]","[[1456.3271484375, 417.64031982421875, 1617.4415283203125, 854.642333984375], [718.1785278320312, 465.353759765625, 794.1543579101562, 649.3430786132812], [832.3561401367188, 403.7868957519531, 981.5611572265625, 920.017822265625], [975.7522583007812, 387.58673095703125, 1148.81884765625, 1064.48486328125], [507.7810974121094, 462.8108825683594, 549.1679077148438, 560.3978271484375]]","[0.69921875, 0.41552734375, 0.80419921875, 0.63623046875, 0.25341796875]","[[1536.8843383789062, 854.642333984375], [756.1664428710938, 649.3430786132812], [906.9586486816406, 920.017822265625], [1062.2855529785156, 1064.48486328125], [528.4745025634766, 560.3978271484375]]",425426944,410959872,425426944,576,yolo26n_int8_576_ncnn_model,MOT17-02
284,65.62750900002357,0.0,4,"[38, 145, 179, 68]","[[1468.73828125, 422.8139953613281, 1627.6336669921875, 854.8502807617188], [719.857666015625, 461.85467529296875, 797.2862548828125, 648.7553100585938], [836.3984985351562, 404.5981140136719, 988.6936645507812, 921.4217529296875], [978.64501953125, 387.2362060546875, 1150.818603515625, 1063.8961181640625]]","[0.703125, 0.38818359375, 0.82177734375, 0.6396484375]","[[1548.1859741210938, 854.8502807617188], [758.5719604492188, 648.7553100585938], [912.5460815429688, 921.4217529296875], [1064.7318115234375, 1063.8961181640625]]",425426944,410959872,425426944,576,yolo26n_int8_576_ncnn_model,MOT17-02
285,65.87765700010095,0.0,5,"[38, 145, 179, 68, 211]","[[1477.7271728515625, 417.5892333984375, 1636.5125732421875, 855.450439453125], [720.1929931640625, 458.61419677734375, 798.5768432617188, 647.1591796875], [839.3125, 407.4371337890625, 995.3154296875, 925.0008544921875], [982.5601806640625, 387.6556396484375, 1154.1033935546875, 1063.0765380859375], [1348.53076171875, 444.83331298828125, 1384.1358642578125, 547.4999389648438]]","[0.740234375, 0.398193359375, 0.8056640625, 0.64501953125, 0.372802734375]","[[1557.119873046875, 855.450439453125], [759.3849182128906, 647.1591796875], [917.31396484375, 925.0008544921875], [1068.331787109375, 1063.0765380859375], [1366.3333129882812, 547.4999389648438]]",425426944,410959872,425426944,576,yolo26n_int8_576_ncnn_model,MOT17-02
286,65.30063800005337,0.0,5,"[38, 145, 179, 68, 211]","[[1490.019775390625, 418.5036926269531, 1649.0211181640625, 857.161865234375], [719.0556030273438, 458.2103271484375, 797.937744140625, 647.9119262695312], [835.9660034179688, 408.28302001953125, 995.4598388671875, 925.5444946289062], [984.821533203125, 392.4936828613281, 1155.510986328125, 1064.651123046875], [1349.5689697265625, 446.89300537109375, 1383.612548828125, 544.9253540039062]]","[0.79052734375, 0.49658203125, 0.79248046875, 0.59423828125, 0.288818359375]","[[1569.5204467773438, 857.161865234375], [758.4966735839844, 647.9119262695312], [915.7129211425781, 925.5444946289062], [1070.166259765625, 1064.651123046875], [1366.5907592773438, 544.9253540039062]]",425426944,410959872,425426944,576,yolo26n_int8_576_ncnn_model,MOT17-02
287,65.00186099992789,0.0,5,"[38, 145, 179, 68, 175]","[[1501.7406005859375, 421.7353820800781, 1662.560546875, 858.198486328125], [718.6642456054688, 459.4473571777344, 797.4623413085938, 649.0204467773438], [834.442138671875, 411.11053466796875, 996.6464233398438, 924.3753662109375], [984.5275268554688, 390.599853515625, 1154.817626953125, 1064.521484375], [505.6005554199219, 457.388427734375, 549.5501708984375, 563.058349609375]]","[0.76611328125, 0.5791015625, 0.81591796875, 0.62353515625, 0.250244140625]","[[1582.1505737304688, 858.198486328125], [758.0632934570312, 649.0204467773438], [915.5442810058594, 924.3753662109375], [1069.6725769042969, 1064.521484375], [527.5753631591797, 563.058349609375]]",425426944,410959872,425426944,576,yolo26n_int8_576_ncnn_model,MOT17-02
288,64.73419400003877,0.0,4,"[38, 145, 179, 68]","[[1516.19970703125, 425.2958068847656, 1682.321044921875, 860.6268920898438], [718.8750610351562, 458.29669189453125, 797.8463745117188, 648.8926391601562], [835.2777099609375, 408.3435363769531, 1001.0006103515625, 925.587158203125], [983.3900756835938, 378.1841125488281, 1154.335205078125, 1061.826171875]]","[0.7919921875, 0.5166015625, 0.794921875, 0.515625]","[[1599.2603759765625, 860.6268920898438], [758.3607177734375, 648.8926391601562], [918.13916015625, 925.587158203125], [1068.8626403808594, 1061.826171875]]",425426944,410959872,425426944,576,yolo26n_int8_576_ncnn_model,MOT17-02
289,64.93252799987204,0.0,4,"[38, 145, 179, 68]","[[1525.7335205078125, 423.9979248046875, 1700.3990478515625, 863.0253295898438], [721.7308349609375, 451.03265380859375, 804.9349365234375, 655.6832275390625], [835.801513671875, 407.86822509765625, 1004.46826171875, 927.6903686523438], [1007.1925048828125, 386.0933837890625, 1179.048828125, 1054.766357421875]]","[0.8134765625, 0.56787109375, 0.7783203125, 0.57958984375]","[[1613.0662841796875, 863.0253295898438], [763.3328857421875, 655.6832275390625], [920.1348876953125, 927.6903686523438], [1093.1206665039062, 1054.766357421875]]",425426944,410959872,425426944,576,yolo26n_int8_576_ncnn_model,MOT17-02
290,65.10817599996699,0.0,4,"[38, 145, 179, 68]","[[1530.4586181640625, 422.66064453125, 1714.1339111328125, 870.2041015625], [726.3306274414062, 450.46844482421875, 809.3261108398438, 656.0758666992188], [837.0960693359375, 412.10137939453125, 1005.6141357421875, 924.0922241210938], [1012.5682983398438, 390.2955627441406, 1185.50439453125, 1052.0325927734375]]","[0.81005859375, 0.53515625, 0.69384765625, 0.5390625]","[[1622.2962646484375, 870.2041015625], [767.828369140625, 656.0758666992188], [921.3551025390625, 924.0922241210938], [1099.0363464355469, 1052.0325927734375]]",425426944,410959872,425426944,576,yolo26n_int8_576_ncnn_model,MOT17-02
291,64.82682400019257,0.0,5,"[38, 145, 179, 68, 222]","[[1532.96923828125, 422.1376037597656, 1724.4647216796875, 875.0582275390625], [730.7901611328125, 449.4911193847656, 813.129638671875, 654.8361206054688], [838.9110717773438, 414.84320068359375, 1008.9558715820312, 928.2427978515625], [1015.2293090820312, 381.2042236328125, 1191.382080078125, 1048.398193359375], [1427.9208984375, 410.83331298828125, 1548.7454833984375, 712.8333129882812]]","[0.81640625, 0.59814453125, 0.716796875, 0.53759765625, 0.474853515625]","[[1628.7169799804688, 875.0582275390625], [771.9598999023438, 654.8361206054688], [923.9334716796875, 928.2427978515625], [1103.3056945800781, 1048.398193359375], [1488.3331909179688, 712.8333129882812]]",425426944,410959872,425426944,576,yolo26n_int8_576_ncnn_model,MOT17-02
292,65.52310200004285,0.0,5,"[38, 145, 179, 68, 222]","[[1534.4718017578125, 432.84210205078125, 1729.284912109375, 880.1216430664062], [734.4435424804688, 452.15582275390625, 815.199951171875, 654.6005859375], [841.004150390625, 411.7345275878906, 1011.9463500976562, 926.2125854492188], [1014.7635498046875, 388.1337890625, 1190.3507080078125, 1045.5546875], [1426.40380859375, 419.22454833984375, 1543.807861328125, 710.638671875]]","[0.8232421875, 0.5751953125, 0.72998046875, 0.5712890625, 0.453125]","[[1631.8783569335938, 880.1216430664062], [774.8217468261719, 654.6005859375], [926.4752502441406, 926.2125854492188], [1102.55712890625, 1045.5546875], [1485.1058349609375, 710.638671875]]",425426944,410959872,425426944,576,yolo26n_int8_576_ncnn_model,MOT17-02
293,65.27758300012465,0.0,6,"[38, 145, 179, 68, 222, 175]","[[1532.1732177734375, 436.938232421875, 1732.023193359375, 883.0712890625], [737.1746215820312, 450.2038879394531, 817.7437133789062, 654.2120361328125], [844.2450561523438, 410.2786560058594, 1015.9628295898438, 926.8117065429688], [1015.6102294921875, 380.40472412109375, 1195.20849609375, 1046.042236328125], [1415.94677734375, 431.5712890625, 1529.6456298828125, 712.236328125], [507.4299621582031, 460.53076171875, 549.0156860351562, 560.9961547851562]]","[0.7841796875, 0.52099609375, 0.751953125, 0.5859375, 0.51318359375, 0.266357421875]","[[1632.0982055664062, 883.0712890625], [777.4591674804688, 654.2120361328125], [930.1039428710938, 926.8117065429688], [1105.4093627929688, 1046.042236328125], [1472.7962036132812, 712.236328125], [528.2228240966797, 560.9961547851562]]",425426944,410959872,425426944,576,yolo26n_int8_576_ncnn_model,MOT17-02
294,65.29467599989403,0.0,6,"[38, 145, 179, 68, 222, 225]","[[1529.13134765625, 418.34429931640625, 1740.083251953125, 881.0655517578125], [742.5303344726562, 451.40533447265625, 820.7633666992188, 652.14013671875], [845.5182495117188, 411.3831481933594, 1017.2628173828125, 927.5845947265625], [1016.5673217773438, 387.5678405761719, 1196.1456298828125, 1045.021240234375], [1409.78173828125, 419.9888610839844, 1528.80712890625, 712.2865600585938], [1153.8758544921875, 428.58331298828125, 1202.457275390625, 553.4166259765625]]","[0.787109375, 0.46923828125, 0.77587890625, 0.5771484375, 0.587890625, 0.35693359375]","[[1634.6072998046875, 881.0655517578125], [781.6468505859375, 652.14013671875], [931.3905334472656, 927.5845947265625], [1106.3564758300781, 1045.021240234375], [1469.29443359375, 712.2865600585938], [1178.1665649414062, 553.4166259765625]]",425426944,410959872,425426944,576,yolo26n_int8_576_ncnn_model,MOT17-02
295,65.08130499992149,0.0,6,"[38, 145, 179, 68, 222, 225]","[[1531.240234375, 425.7394714355469, 1744.8873291015625, 884.3256225585938], [748.4013061523438, 450.25189208984375, 826.1383666992188, 652.9807739257812], [847.8824462890625, 407.6819763183594, 1020.0924682617188, 926.4956665039062], [1016.4281616210938, 390.6049499511719, 1197.7921142578125, 1048.8287353515625], [1408.2105712890625, 413.4513244628906, 1530.91162109375, 712.750244140625], [1154.2335205078125, 428.3909606933594, 1202.3560791015625, 552.0701293945312]]","[0.7783203125, 0.490478515625, 0.7724609375, 0.57763671875, 0.66650390625, 0.333740234375]","[[1638.0637817382812, 884.3256225585938], [787.2698364257812, 652.9807739257812], [933.9874572753906, 926.4956665039062], [1107.1101379394531, 1048.8287353515625], [1469.5610961914062, 712.750244140625], [1178.2947998046875, 552.0701293945312]]",425426944,410959872,425426944,576,yolo26n_int8_576_ncnn_model,MOT17-02
296,65.3762680001364,0.0,7,"[38, 145, 179, 68, 222, 225, 228]","[[1539.1363525390625, 436.33306884765625, 1752.1202392578125, 885.49951171875], [748.8992919921875, 450.935546875, 826.391357421875, 654.3843994140625], [850.7451171875, 408.90264892578125, 1022.3204956054688, 927.8642578125], [1016.2261962890625, 391.18072509765625, 1198.328857421875, 1046.4189453125], [1408.6551513671875, 411.9796142578125, 1533.47412109375, 713.2015380859375], [1154.7301025390625, 428.9774169921875, 1203.24755859375, 553.5714111328125], [680.9878540039062, 490.4166564941406, 731.6787719726562, 606.9166259765625]]","[0.77978515625, 0.423583984375, 0.755859375, 0.5517578125, 0.56396484375, 0.349365234375, 0.319580078125]","[[1645.6282958984375, 885.49951171875], [787.6453247070312, 654.3843994140625], [936.5328063964844, 927.8642578125], [1107.2775268554688, 1046.4189453125], [1471.0646362304688, 713.2015380859375], [1178.9888305664062, 553.5714111328125], [706.3333129882812, 606.9166259765625]]",425426944,410959872,425426944,576,yolo26n_int8_576_ncnn_model,MOT17-02
297,65.59915699995145,0.0,7,"[38, 145, 179, 68, 222, 225, 228]","[[1536.2435302734375, 435.9152526855469, 1751.28271484375, 882.5333251953125], [751.8006591796875, 451.2227478027344, 828.4756469726562, 652.718505859375], [850.8023071289062, 411.44610595703125, 1020.7141723632812, 927.4174194335938], [1017.92919921875, 391.65631103515625, 1202.0418701171875, 1045.2535400390625], [1406.64892578125, 420.9549560546875, 1527.7587890625, 711.9224853515625], [1155.5211181640625, 429.3193359375, 1204.125244140625, 553.914306640625], [680.570556640625, 489.4549865722656, 731.3267211914062, 606.0831909179688]]","[0.681640625, 0.325927734375, 0.7529296875, 0.5517578125, 0.5810546875, 0.340087890625, 0.28662109375]","[[1643.7631225585938, 882.5333251953125], [790.1381530761719, 652.718505859375], [935.7582397460938, 927.4174194335938], [1109.9855346679688, 1045.2535400390625], [1467.203857421875, 711.9224853515625], [1179.8231811523438, 553.914306640625], [705.9486389160156, 606.0831909179688]]",425426944,410959872,425426944,576,yolo26n_int8_576_ncnn_model,MOT17-02
298,77.12820200003989,0.0,7,"[38, 145, 179, 68, 222, 225, 228]","[[1546.6461181640625, 435.7120056152344, 1762.1756591796875, 881.359619140625], [755.3167724609375, 450.2540283203125, 831.0342407226562, 652.0692749023438], [852.2745361328125, 411.31658935546875, 1021.781982421875, 928.3434448242188], [1006.8694458007812, 390.1603088378906, 1192.8348388671875, 1053.12744140625], [1405.22021484375, 432.9620361328125, 1519.74560546875, 707.4000244140625], [1155.7098388671875, 428.2159423828125, 1204.4517822265625, 552.8094482421875], [680.4249877929688, 488.4841613769531, 731.213623046875, 605.155517578125]]","[0.71240234375, 0.404052734375, 0.73876953125, 0.65380859375, 0.63134765625, 0.319091796875, 0.318359375]","[[1654.410888671875, 881.359619140625], [793.1755065917969, 652.0692749023438], [937.0282592773438, 928.3434448242188], [1099.8521423339844, 1053.12744140625], [1462.48291015625, 707.4000244140625], [1180.080810546875, 552.8094482421875], [705.8193054199219, 605.155517578125]]",425426944,410959872,425426944,576,yolo26n_int8_576_ncnn_model,MOT17-02
299,65.4070650000449,0.0,7,"[38, 145, 179, 68, 222, 225, 228]","[[1553.069580078125, 432.0079040527344, 1769.896728515625, 883.3464965820312], [758.7984008789062, 454.02874755859375, 835.1381225585938, 657.5914306640625], [852.3377075195312, 407.96624755859375, 1022.5315551757812, 929.7865600585938], [1002.9029541015625, 390.9590148925781, 1186.87255859375, 1050.328857421875], [1399.597900390625, 438.6811218261719, 1510.666259765625, 705.4878540039062], [1155.7431640625, 426.6523742675781, 1204.55029296875, 551.244140625], [679.4942626953125, 487.58349609375, 730.8366088867188, 605.513671875]]","[0.66650390625, 0.4931640625, 0.74072265625, 0.6650390625, 0.5830078125, 0.265625, 0.3203125]","[[1661.483154296875, 883.3464965820312], [796.96826171875, 657.5914306640625], [937.4346313476562, 929.7865600585938], [1094.8877563476562, 1050.328857421875], [1455.132080078125, 705.4878540039062], [1180.146728515625, 551.244140625], [705.1654357910156, 605.513671875]]",425426944,410959872,425426944,576,yolo26n_int8_576_ncnn_model,MOT17-02
300,65.15461999993022,0.0,6,"[38, 145, 179, 68, 222, 228]","[[1564.7158203125, 414.5519104003906, 1787.235107421875, 883.6405639648438], [761.7030029296875, 456.2914123535156, 838.18994140625, 661.040771484375], [857.4940185546875, 402.8674011230469, 1028.52001953125, 934.1611328125], [1003.9193725585938, 389.598388671875, 1186.38134765625, 1044.2886962890625], [1380.9285888671875, 420.9740905761719, 1497.9696044921875, 706.0061645507812], [682.48779296875, 488.5196533203125, 733.4306640625, 605.6580200195312]]","[0.69482421875, 0.51416015625, 0.73681640625, 0.66650390625, 0.61083984375, 0.298583984375]","[[1675.9754638671875, 883.6405639648438], [799.9464721679688, 661.040771484375], [943.0070190429688, 934.1611328125], [1095.1503601074219, 1044.2886962890625], [1439.4490966796875, 706.0061645507812], [707.959228515625, 605.6580200195312]]",425426944,410959872,425426944,576,yolo26n_int8_576_ncnn_model,MOT17-02
301,65.27671300000293,0.0,6,"[38, 145, 179, 68, 222, 228]","[[1585.0462646484375, 406.8858947753906, 1805.614501953125, 884.8005981445312], [764.240966796875, 457.97454833984375, 839.8912963867188, 661.5045166015625], [861.4696044921875, 399.8619079589844, 1033.00732421875, 941.2600708007812], [1004.23828125, 389.62762451171875, 1186.21630859375, 1043.6790771484375], [1368.1453857421875, 421.81744384765625, 1481.174072265625, 702.4739379882812], [682.5680541992188, 486.5279541015625, 734.14111328125, 605.7240600585938]]","[0.7216796875, 0.486572265625, 0.7216796875, 0.69482421875, 0.61474609375, 0.279052734375]","[[1695.3303833007812, 884.8005981445312], [802.0661315917969, 661.5045166015625], [947.2384643554688, 941.2600708007812], [1095.227294921875, 1043.6790771484375], [1424.6597290039062, 702.4739379882812], [708.3545837402344, 605.7240600585938]]",425426944,410959872,425426944,576,yolo26n_int8_576_ncnn_model,MOT17-02
302,65.10817499997756,0.0,6,"[38, 145, 179, 68, 222, 235]","[[1600.720703125, 405.5981750488281, 1817.3841552734375, 889.0036010742188], [766.1870727539062, 456.6810607910156, 842.0736694335938, 661.3667602539062], [863.5471801757812, 400.3799743652344, 1034.0076904296875, 946.660400390625], [1003.2826538085938, 388.2550964355469, 1184.9847412109375, 1039.340087890625], [1362.3895263671875, 433.7842102050781, 1469.39501953125, 702.9668579101562], [1584.0546875, 419.7916564941406, 1682.9453125, 665.875]]","[0.67041015625, 0.49365234375, 0.7431640625, 0.69287109375, 0.64208984375, 0.45751953125]","[[1709.0524291992188, 889.0036010742188], [804.13037109375, 661.3667602539062], [948.7774353027344, 946.660400390625], [1094.1336975097656, 1039.340087890625], [1415.8922729492188, 702.9668579101562], [1633.5, 665.875]]",425426944,410959872,425426944,576,yolo26n_int8_576_ncnn_model,MOT17-02
303,66.93058399991969,0.0,6,"[38, 145, 179, 68, 222, 235]","[[1614.160400390625, 408.30792236328125, 1831.24658203125, 908.1122436523438], [770.1288452148438, 456.731689453125, 845.5266723632812, 660.7359008789062], [862.19287109375, 400.6214599609375, 1031.998779296875, 953.0394897460938], [1004.898681640625, 388.83978271484375, 1186.928955078125, 1037.737548828125], [1355.0345458984375, 445.62066650390625, 1457.339111328125, 704.9130859375], [1593.8084716796875, 420.258544921875, 1686.63818359375, 651.2144165039062]]","[0.6748046875, 0.55615234375, 0.76318359375, 0.69482421875, 0.68115234375, 0.423828125]","[[1722.7034912109375, 908.1122436523438], [807.8277587890625, 660.7359008789062], [947.0958251953125, 953.0394897460938], [1095.913818359375, 1037.737548828125], [1406.1868286132812, 704.9130859375], [1640.2233276367188, 651.2144165039062]]",425426944,410959872,425426944,576,yolo26n_int8_576_ncnn_model,MOT17-02
304,65.0868420000279,0.0,7,"[38, 145, 179, 68, 222, 235, 237]","[[1628.302734375, 404.2734375, 1842.0733642578125, 910.7587890625], [772.0415649414062, 454.5433349609375, 848.4049072265625, 661.5654907226562], [863.8251342773438, 401.0190124511719, 1031.1044921875, 952.9530029296875], [1006.4700927734375, 387.6800537109375, 1191.0887451171875, 1042.9801025390625], [1346.7159423828125, 448.1218566894531, 1447.8970947265625, 705.0875854492188], [1599.5035400390625, 416.6307067871094, 1697.654296875, 661.6260986328125], [0.47713300585746765, 545.9166870117188, 115.77285766601562, 864.0833129882812]]","[0.69287109375, 0.52685546875, 0.74755859375, 0.708984375, 0.6650390625, 0.343505859375, 0.669921875]","[[1735.1880493164062, 910.7587890625], [810.2232360839844, 661.5654907226562], [947.4648132324219, 952.9530029296875], [1098.7794189453125, 1042.9801025390625], [1397.3065185546875, 705.0875854492188], [1648.5789184570312, 661.6260986328125], [58.124995335936546, 864.0833129882812]]",425426944,410959872,425426944,576,yolo26n_int8_576_ncnn_model,MOT17-02
305,65.1885830000083,0.0,8,"[38, 145, 179, 68, 222, 235, 237, 228]","[[1641.3377685546875, 400.86810302734375, 1850.9906005859375, 910.3081665039062], [772.4788818359375, 450.7103576660156, 849.5883178710938, 661.5836791992188], [864.6337890625, 405.0343017578125, 1028.2410888671875, 951.1854858398438], [1012.1453247070312, 386.97161865234375, 1194.118408203125, 1025.4678955078125], [1338.2938232421875, 441.8740539550781, 1441.4593505859375, 703.1958618164062], [1604.89453125, 415.4034729003906, 1707.9820556640625, 673.4978637695312], [0.0, 500.7696533203125, 123.44420623779297, 864.147705078125], [682.3969116210938, 487.6193542480469, 733.0762939453125, 605.3213500976562]]","[0.72412109375, 0.544921875, 0.73583984375, 0.69482421875, 0.6201171875, 0.3818359375, 0.63525390625, 0.26416015625]","[[1746.1641845703125, 910.3081665039062], [811.0335998535156, 661.5836791992188], [946.4374389648438, 951.1854858398438], [1103.1318664550781, 1025.4678955078125], [1389.8765869140625, 703.1958618164062], [1656.4382934570312, 673.4978637695312], [61.722103118896484, 864.147705078125], [707.7366027832031, 605.3213500976562]]",425426944,410959872,425426944,576,yolo26n_int8_576_ncnn_model,MOT17-02
306,65.19958300009421,0.0,9,"[38, 145, 179, 68, 222, 235, 237, 240, 175]","[[1654.1871337890625, 399.4862976074219, 1863.23681640625, 914.4951782226562], [774.8175659179688, 448.984619140625, 852.0359497070312, 662.9302978515625], [867.7661743164062, 406.5906066894531, 1028.58740234375, 949.3276977539062], [1019.2250366210938, 388.9332275390625, 1199.19287109375, 1009.9029541015625], [1328.23046875, 431.1780090332031, 1436.5850830078125, 703.0778198242188], [1615.0076904296875, 418.2333068847656, 1715.6766357421875, 670.9454956054688], [0.0, 472.67388916015625, 127.21885681152344, 863.56640625], [1185.3594970703125, 436.2499694824219, 1225.9737548828125, 547.7499389648438], [503.93170166015625, 453.0655822753906, 547.8169555664062, 560.426025390625]]","[0.7685546875, 0.52685546875, 0.74462890625, 0.65478515625, 0.64453125, 0.369140625, 0.65673828125, 0.38720703125, 0.316162109375]","[[1758.7119750976562, 914.4951782226562], [813.4267578125, 662.9302978515625], [948.1767883300781, 949.3276977539062], [1109.2089538574219, 1009.9029541015625], [1382.4077758789062, 703.0778198242188], [1665.3421630859375, 670.9454956054688], [63.60942840576172, 863.56640625], [1205.6666259765625, 547.7499389648438], [525.8743286132812, 560.426025390625]]",425426944,410959872,425426944,576,yolo26n_int8_576_ncnn_model,MOT17-02
307,65.02595299980385,0.0,8,"[38, 145, 179, 68, 222, 237, 240, 175]","[[1669.721923828125, 404.04449462890625, 1878.32568359375, 918.5782470703125], [777.570068359375, 447.2530517578125, 854.196533203125, 662.3356323242188], [868.0643920898438, 407.183837890625, 1027.2901611328125, 948.56640625], [1027.2899169921875, 389.94866943359375, 1208.9674072265625, 1006.1845703125], [1319.64990234375, 430.7210388183594, 1430.197265625, 702.77783203125], [0.0, 420.7038269042969, 135.16909790039062, 864.224609375], [1186.1370849609375, 436.5673522949219, 1226.719482421875, 548.1942749023438], [503.5039978027344, 452.8075256347656, 546.9669189453125, 560.4136962890625]]","[0.78564453125, 0.55517578125, 0.7509765625, 0.6318359375, 0.68212890625, 0.63623046875, 0.345703125, 0.3076171875]","[[1774.0238037109375, 918.5782470703125], [815.88330078125, 662.3356323242188], [947.6772766113281, 948.56640625], [1118.128662109375, 1006.1845703125], [1374.923583984375, 702.77783203125], [67.58454895019531, 864.224609375], [1206.4282836914062, 548.1942749023438], [525.2354583740234, 560.4136962890625]]",425426944,410959872,425426944,576,yolo26n_int8_576_ncnn_model,MOT17-02
308,65.39825000004384,0.0,8,"[38, 145, 179, 68, 222, 237, 240, 175]","[[1677.079833984375, 414.87109375, 1881.936279296875, 919.7594604492188], [781.8115234375, 447.4320983886719, 857.1015625, 662.35498046875], [868.2457885742188, 406.3070068359375, 1026.6259765625, 949.3330078125], [1033.3997802734375, 386.9780578613281, 1221.5177001953125, 1012.748291015625], [1312.064453125, 421.43609619140625, 1428.32421875, 702.9649047851562], [0.0, 402.0370178222656, 137.58682250976562, 866.8018798828125], [1186.8192138671875, 434.0993347167969, 1227.8516845703125, 547.0587768554688], [502.9877014160156, 452.4463195800781, 546.4927368164062, 560.6834106445312]]","[0.767578125, 0.60400390625, 0.767578125, 0.6513671875, 0.689453125, 0.654296875, 0.347900390625, 0.314697265625]","[[1779.508056640625, 919.7594604492188], [819.45654296875, 662.35498046875], [947.4358825683594, 949.3330078125], [1127.458740234375, 1012.748291015625], [1370.1943359375, 702.9649047851562], [68.79341125488281, 866.8018798828125], [1207.33544921875, 547.0587768554688], [524.7402191162109, 560.6834106445312]]",425426944,410959872,425426944,576,yolo26n_int8_576_ncnn_model,MOT17-02
309,65.03002799991009,0.0,9,"[38, 145, 179, 68, 222, 237, 240, 175, 235]","[[1686.728271484375, 418.7980041503906, 1895.357177734375, 925.8562622070312], [785.4908447265625, 443.42291259765625, 861.4277954101562, 665.352783203125], [870.6876831054688, 407.62396240234375, 1028.30908203125, 952.3300170898438], [1037.7003173828125, 388.9093322753906, 1228.353271484375, 1012.2520751953125], [1308.6177978515625, 414.5723876953125, 1428.637939453125, 702.0960693359375], [0.0, 390.1248474121094, 138.17129516601562, 866.4837646484375], [1189.04150390625, 433.6192932128906, 1229.87548828125, 546.3782348632812], [501.9110107421875, 448.22406005859375, 546.6619873046875, 560.5122680664062], [1637.9041748046875, 418.3126525878906, 1740.8836669921875, 676.6337890625]]","[0.82470703125, 0.65185546875, 0.76806640625, 0.64404296875, 0.7119140625, 0.67919921875, 0.3330078125, 0.403076171875, 0.251953125]","[[1791.042724609375, 925.8562622070312], [823.4593200683594, 665.352783203125], [949.4983825683594, 952.3300170898438], [1133.0267944335938, 1012.2520751953125], [1368.6278686523438, 702.0960693359375], [69.08564758300781, 866.4837646484375], [1209.45849609375, 546.3782348632812], [524.2864990234375, 560.5122680664062], [1689.3939208984375, 676.6337890625]]",425426944,410959872,425426944,576,yolo26n_int8_576_ncnn_model,MOT17-02
310,65.6764729999395,0.0,10,"[38, 145, 179, 68, 222, 237, 240, 175, 245, 235]","[[1690.067626953125, 415.88616943359375, 1904.3839111328125, 930.236083984375], [787.3096313476562, 441.1212463378906, 862.4848022460938, 666.1965942382812], [871.27392578125, 408.6728820800781, 1027.00341796875, 949.5783081054688], [1038.610107421875, 385.2217102050781, 1233.5882568359375, 1012.1759033203125], [1301.52880859375, 415.64324951171875, 1422.008056640625, 702.4588623046875], [0.0, 371.32232666015625, 142.62496948242188, 867.6925659179688], [1189.532958984375, 434.4075927734375, 1229.5350341796875, 545.266845703125], [500.7869873046875, 453.6710510253906, 544.2122802734375, 562.0690307617188], [1625.0972900390625, 403.9999694824219, 1746.2359619140625, 806.333251953125], [1645.07080078125, 420.85858154296875, 1745.8843994140625, 673.527099609375]]","[0.83740234375, 0.623046875, 0.7646484375, 0.58935546875, 0.6435546875, 0.671875, 0.37353515625, 0.3046875, 0.431640625, 0.3046875]","[[1797.2257690429688, 930.236083984375], [824.897216796875, 666.1965942382812], [949.138671875, 949.5783081054688], [1136.0991821289062, 1012.1759033203125], [1361.7684326171875, 702.4588623046875], [71.31248474121094, 867.6925659179688], [1209.5339965820312, 545.266845703125], [522.4996337890625, 562.0690307617188], [1685.6666259765625, 806.333251953125], [1695.4776000976562, 673.527099609375]]",425426944,410959872,425426944,576,yolo26n_int8_576_ncnn_model,MOT17-02
311,66.19338100017558,0.0,9,"[38, 145, 179, 68, 222, 237, 240, 175, 245]","[[1690.079345703125, 414.4998779296875, 1908.3699951171875, 933.1505126953125], [791.332275390625, 444.06658935546875, 864.7871704101562, 669.2080078125], [870.0067749023438, 406.44757080078125, 1025.694580078125, 949.999755859375], [1039.2591552734375, 390.184814453125, 1236.083984375, 1012.5059204101562], [1294.4306640625, 423.6600646972656, 1411.2413330078125, 699.4697875976562], [0.0, 369.59600830078125, 141.93826293945312, 865.5989379882812], [1191.1846923828125, 439.7435607910156, 1229.0078125, 544.6113891601562], [501.2146301269531, 455.0406188964844, 543.51123046875, 561.2994995117188], [1627.4097900390625, 398.35064697265625, 1750.5997314453125, 806.590087890625]]","[0.8310546875, 0.6162109375, 0.78662109375, 0.64501953125, 0.5966796875, 0.7138671875, 0.361083984375, 0.315185546875, 0.44677734375]","[[1799.2246704101562, 933.1505126953125], [828.0597229003906, 669.2080078125], [947.8506774902344, 949.999755859375], [1137.6715698242188, 1012.5059204101562], [1352.8359985351562, 699.4697875976562], [70.96913146972656, 865.5989379882812], [1210.0962524414062, 544.6113891601562], [522.3629302978516, 561.2994995117188], [1689.0047607421875, 806.590087890625]]",425426944,410959872,425426944,576,yolo26n_int8_576_ncnn_model,MOT17-02
312,65.61176900004284,0.0,10,"[38, 145, 179, 68, 222, 237, 240, 175, 245, 249]","[[1689.79931640625, 415.332763671875, 1911.6138916015625, 937.141357421875], [795.812255859375, 451.5215148925781, 865.8057861328125, 665.1558837890625], [871.7996826171875, 404.37066650390625, 1027.2626953125, 949.1677856445312], [1037.81787109375, 387.9227294921875, 1238.417724609375, 1013.5482788085938], [1292.0047607421875, 430.279541015625, 1403.0567626953125, 694.8653564453125], [0.0, 368.3179626464844, 143.99441528320312, 862.2913818359375], [1192.3385009765625, 439.85980224609375, 1230.5218505859375, 546.1987915039062], [500.406005859375, 456.9439392089844, 542.0303955078125, 561.8394775390625], [1628.9095458984375, 395.4876708984375, 1753.916259765625, 807.6412353515625], [732.0062866210938, 484.74993896484375, 781.3269653320312, 598.5833129882812]]","[0.82568359375, 0.615234375, 0.7783203125, 0.65478515625, 0.5615234375, 0.76708984375, 0.325927734375, 0.292236328125, 0.452392578125, 0.334716796875]","[[1800.7066040039062, 937.141357421875], [830.8090209960938, 665.1558837890625], [949.5311889648438, 949.1677856445312], [1138.1177978515625, 1013.5482788085938], [1347.53076171875, 694.8653564453125], [71.99720764160156, 862.2913818359375], [1211.43017578125, 546.1987915039062], [521.2182006835938, 561.8394775390625], [1691.4129028320312, 807.6412353515625], [756.6666259765625, 598.5833129882812]]",425426944,410959872,425426944,576,yolo26n_int8_576_ncnn_model,MOT17-02
313,67.67108500002905,0.0,10,"[38, 145, 179, 68, 222, 237, 240, 175, 245, 249]","[[1691.1678466796875, 418.1127624511719, 1915.068603515625, 942.6380615234375], [797.3677368164062, 450.5398254394531, 867.7459106445312, 662.9743041992188], [870.4171752929688, 405.92401123046875, 1025.4608154296875, 949.78564453125], [1036.8050537109375, 390.3791198730469, 1239.5379638671875, 1015.1009521484375], [1279.1038818359375, 429.7981262207031, 1390.180908203125, 695.015625], [0.0, 367.9644775390625, 151.90374755859375, 866.1597290039062], [1193.8824462890625, 438.4453430175781, 1233.2799072265625, 548.1826171875], [500.5539245605469, 453.21612548828125, 543.27783203125, 562.0381469726562], [1634.02880859375, 401.562255859375, 1758.8209228515625, 808.589599609375], [730.3799438476562, 481.7425842285156, 781.673583984375, 600.3109741210938]]","[0.81005859375, 0.52392578125, 0.7900390625, 0.6748046875, 0.5537109375, 0.7841796875, 0.3515625, 0.3232421875, 0.421630859375, 0.338134765625]","[[1803.1182250976562, 942.6380615234375], [832.5568237304688, 662.9743041992188], [947.9389953613281, 949.78564453125], [1138.1715087890625, 1015.1009521484375], [1334.6423950195312, 695.015625], [75.95187377929688, 866.1597290039062], [1213.5811767578125, 548.1826171875], [521.9158782958984, 562.0381469726562], [1696.4248657226562, 808.589599609375], [756.0267639160156, 600.3109741210938]]",425426944,410959872,425426944,576,yolo26n_int8_576_ncnn_model,MOT17-02
314,65.439564999906,0.0,10,"[38, 145, 179, 68, 222, 237, 240, 175, 245, 249]","[[1695.9736328125, 416.44012451171875, 1920.0, 942.9685668945312], [802.3740234375, 449.9031677246094, 874.3685302734375, 663.550048828125], [872.5795288085938, 402.94476318359375, 1028.6319580078125, 950.2711181640625], [1036.548095703125, 395.7217712402344, 1240.705322265625, 1016.8485107421875], [1267.6658935546875, 421.5724182128906, 1379.358642578125, 692.04931640625], [3.543174982070923, 373.1559753417969, 162.5683135986328, 863.0531005859375], [1194.6397705078125, 435.9502868652344, 1235.1378173828125, 548.6238403320312], [500.5092468261719, 451.2967834472656, 543.8552856445312, 562.6531982421875], [1639.005859375, 408.2734375, 1764.212646484375, 810.3889770507812], [732.0234985351562, 484.5182189941406, 782.7606811523438, 602.1658325195312]]","[0.77001953125, 0.5419921875, 0.78271484375, 0.69775390625, 0.5966796875, 0.78515625, 0.3759765625, 0.324951171875, 0.320068359375, 0.330322265625]","[[1807.98681640625, 942.9685668945312], [838.3712768554688, 663.550048828125], [950.6057434082031, 950.2711181640625], [1138.626708984375, 1016.8485107421875], [1323.5122680664062, 692.04931640625], [83.05574429035187, 863.0531005859375], [1214.8887939453125, 548.6238403320312], [522.1822662353516, 562.6531982421875], [1701.6092529296875, 810.3889770507812], [757.39208984375, 602.1658325195312]]",425426944,410959872,425426944,576,yolo26n_int8_576_ncnn_model,MOT17-02
315,65.39200900010655,0.0,10,"[38, 145, 179, 68, 222, 237, 240, 175, 245, 249]","[[1699.1446533203125, 413.6058349609375, 1920.0, 945.14892578125], [810.4616088867188, 450.76641845703125, 881.4501953125, 660.457275390625], [872.8998413085938, 401.8276672363281, 1029.1773681640625, 950.4325561523438], [1036.4578857421875, 393.2987976074219, 1243.1395263671875, 1016.4456176757812], [1259.1890869140625, 421.531005859375, 1367.939453125, 691.2520141601562], [18.708215713500977, 375.90106201171875, 178.9573974609375, 864.1513061523438], [1195.006103515625, 434.45013427734375, 1236.773193359375, 551.5555419921875], [500.45794677734375, 451.11187744140625, 543.5924682617188, 562.3416137695312], [1651.9649658203125, 407.0025634765625, 1781.69921875, 814.5172119140625], [730.629150390625, 483.6833801269531, 781.9981689453125, 603.3414306640625]]","[0.419921875, 0.456787109375, 0.771484375, 0.69140625, 0.61474609375, 0.8203125, 0.363525390625, 0.357177734375, 0.328125, 0.278076171875]","[[1809.5723266601562, 945.14892578125], [845.9559020996094, 660.457275390625], [951.0386047363281, 950.4325561523438], [1139.7987060546875, 1016.4456176757812], [1313.5642700195312, 691.2520141601562], [98.83280658721924, 864.1513061523438], [1215.8896484375, 551.5555419921875], [522.0252075195312, 562.3416137695312], [1716.8320922851562, 814.5172119140625], [756.3136596679688, 603.3414306640625]]",425426944,410959872,425426944,576,yolo26n_int8_576_ncnn_model,MOT17-02
316,66.31891799997902,0.0,9,"[38, 145, 179, 68, 222, 237, 240, 175, 249]","[[1732.4373779296875, 410.89031982421875, 1920.0, 960.6005249023438], [810.343994140625, 449.98797607421875, 883.7296752929688, 667.0421752929688], [870.0077514648438, 401.4198913574219, 1026.8416748046875, 950.47119140625], [1038.675537109375, 387.9569091796875, 1248.24267578125, 1016.3243408203125], [1254.0809326171875, 426.3780517578125, 1362.843017578125, 704.9442138671875], [37.23634719848633, 382.8416442871094, 200.28750610351562, 861.4324340820312], [1196.2222900390625, 435.8046569824219, 1237.3314208984375, 551.8301391601562], [499.13092041015625, 450.2382507324219, 542.6305541992188, 563.0352172851562], [730.6947631835938, 483.69952392578125, 781.7935791015625, 603.3778686523438]]","[0.63037109375, 0.50048828125, 0.7939453125, 0.7021484375, 0.67529296875, 0.84326171875, 0.342041015625, 0.354248046875, 0.287353515625]","[[1826.2186889648438, 960.6005249023438], [847.0368347167969, 667.0421752929688], [948.4247131347656, 950.47119140625], [1143.4591064453125, 1016.3243408203125], [1308.4619750976562, 704.9442138671875], [118.76192665100098, 861.4324340820312], [1216.77685546875, 551.8301391601562], [520.8807373046875, 563.0352172851562], [756.2441711425781, 603.3778686523438]]",425426944,410959872,425426944,576,yolo26n_int8_576_ncnn_model,MOT17-02
317,65.3147870000339,0.0,9,"[38, 145, 179, 68, 222, 237, 240, 175, 249]","[[1739.431396484375, 409.19342041015625, 1920.0, 948.670654296875], [809.8825073242188, 449.4290466308594, 884.2938232421875, 670.8253784179688], [868.5137939453125, 405.54327392578125, 1024.1015625, 949.50341796875], [1038.017578125, 381.539794921875, 1250.3914794921875, 1017.4054565429688], [1250.341796875, 426.6985168457031, 1356.6651611328125, 707.2051391601562], [52.332340240478516, 385.980224609375, 221.0997772216797, 861.623779296875], [1198.7078857421875, 437.17626953125, 1237.6334228515625, 547.75537109375], [498.6295471191406, 449.64898681640625, 541.7384033203125, 561.3851928710938], [730.8018798828125, 481.3752746582031, 783.3980102539062, 605.6649780273438]]","[0.3720703125, 0.49853515625, 0.79248046875, 0.74365234375, 0.7001953125, 0.77294921875, 0.294189453125, 0.353515625, 0.26416015625]","[[1829.7156982421875, 948.670654296875], [847.0881652832031, 670.8253784179688], [946.3076782226562, 949.50341796875], [1144.2045288085938, 1017.4054565429688], [1303.5034790039062, 707.2051391601562], [136.7160587310791, 861.623779296875], [1218.170654296875, 547.75537109375], [520.1839752197266, 561.3851928710938], [757.0999450683594, 605.6649780273438]]",425426944,410959872,425426944,576,yolo26n_int8_576_ncnn_model,MOT17-02
318,65.22449099998084,0.0,8,"[38, 145, 179, 68, 222, 237, 175, 249]","[[1762.13037109375, 405.2568359375, 1920.0, 947.0569458007812], [814.2923583984375, 448.3997802734375, 888.3953857421875, 667.6260375976562], [870.8624267578125, 405.0543212890625, 1026.73876953125, 950.0827026367188], [1039.0076904296875, 376.93402099609375, 1253.08203125, 1016.742431640625], [1245.9815673828125, 418.0665283203125, 1351.2908935546875, 700.392578125], [61.8887825012207, 388.66845703125, 238.135009765625, 861.7072143554688], [497.8450622558594, 453.289306640625, 539.8199462890625, 561.2928466796875], [731.5702514648438, 483.0953369140625, 783.2404174804688, 606.1634521484375]]","[0.57861328125, 0.4833984375, 0.802734375, 0.734375, 0.638671875, 0.8408203125, 0.35498046875, 0.296142578125]","[[1841.065185546875, 947.0569458007812], [851.3438720703125, 667.6260375976562], [948.8005981445312, 950.0827026367188], [1146.0448608398438, 1016.742431640625], [1298.63623046875, 700.392578125], [150.01189613342285, 861.7072143554688], [518.8325042724609, 561.2928466796875], [757.4053344726562, 606.1634521484375]]",425426944,410959872,425426944,576,yolo26n_int8_576_ncnn_model,MOT17-02
319,65.00347199994394,0.0,8,"[38, 145, 179, 68, 222, 237, 175, 249]","[[1775.190185546875, 402.84246826171875, 1920.0, 948.4158325195312], [813.2400512695312, 446.63275146484375, 888.0701293945312, 671.0211181640625], [871.7421875, 402.6689758300781, 1027.7144775390625, 948.0863647460938], [1041.9837646484375, 381.7975769042969, 1254.6240234375, 1016.5101318359375], [1242.732177734375, 413.2806701660156, 1347.012451171875, 694.9044189453125], [69.26927947998047, 383.8677978515625, 256.7774353027344, 863.5363159179688], [497.7212219238281, 455.2525329589844, 538.953125, 560.7017822265625], [731.3597412109375, 483.4925231933594, 782.5371704101562, 606.566650390625]]","[0.60693359375, 0.49267578125, 0.7880859375, 0.70703125, 0.71142578125, 0.833984375, 0.378662109375, 0.294921875]","[[1847.5950927734375, 948.4158325195312], [850.6550903320312, 671.0211181640625], [949.7283325195312, 948.0863647460938], [1148.3038940429688, 1016.5101318359375], [1294.872314453125, 694.9044189453125], [163.02335739135742, 863.5363159179688], [518.3371734619141, 560.7017822265625], [756.9484558105469, 606.566650390625]]",425426944,410959872,425426944,576,yolo26n_int8_576_ncnn_model,MOT17-02
320,65.44156500012832,0.0,9,"[38, 145, 179, 68, 222, 237, 175, 249, 245]","[[1783.9375, 398.9552001953125, 1920.0, 952.9483032226562], [814.0433959960938, 447.61090087890625, 888.224609375, 673.9080810546875], [873.0309448242188, 402.8716125488281, 1029.296630859375, 949.5218505859375], [1042.6011962890625, 378.1895751953125, 1256.6435546875, 1018.6485595703125], [1238.29248046875, 417.5356750488281, 1340.3692626953125, 691.1727294921875], [69.15826416015625, 394.4658508300781, 259.9056396484375, 860.819580078125], [496.3220520019531, 454.8649597167969, 538.3514404296875, 561.5988159179688], [731.5504150390625, 482.24169921875, 781.998779296875, 604.706298828125], [1706.90966796875, 394.4564208984375, 1845.4765625, 826.5003662109375]]","[0.626953125, 0.487548828125, 0.7763671875, 0.72509765625, 0.63330078125, 0.80126953125, 0.363525390625, 0.315185546875, 0.53759765625]","[[1851.96875, 952.9483032226562], [851.1340026855469, 673.9080810546875], [951.1637878417969, 949.5218505859375], [1149.6223754882812, 1018.6485595703125], [1289.3308715820312, 691.1727294921875], [164.53195190429688, 860.819580078125], [517.3367462158203, 561.5988159179688], [756.7745971679688, 604.706298828125], [1776.193115234375, 826.5003662109375]]",425426944,410959872,425426944,576,yolo26n_int8_576_ncnn_model,MOT17-02
321,65.1238979999107,0.0,8,"[38, 145, 179, 68, 222, 237, 175, 245]","[[1795.1463623046875, 401.7358093261719, 1920.0, 955.8211059570312], [816.40283203125, 448.00152587890625, 888.7577514648438, 671.7115478515625], [872.7659912109375, 404.0586853027344, 1028.40966796875, 948.958984375], [1044.90185546875, 383.4405822753906, 1256.2845458984375, 1016.1742553710938], [1233.0323486328125, 412.827880859375, 1337.613037109375, 691.728271484375], [69.46468353271484, 391.4852294921875, 270.12060546875, 861.7049560546875], [493.70220947265625, 454.99346923828125, 536.4090576171875, 562.755859375], [1716.4296875, 387.4593505859375, 1860.682373046875, 837.7261352539062]]","[0.5849609375, 0.466796875, 0.7900390625, 0.7119140625, 0.6328125, 0.8203125, 0.39501953125, 0.6240234375]","[[1857.5731811523438, 955.8211059570312], [852.5802917480469, 671.7115478515625], [950.5878295898438, 948.958984375], [1150.5932006835938, 1016.1742553710938], [1285.3226928710938, 691.728271484375], [169.79264450073242, 861.7049560546875], [515.0556335449219, 562.755859375], [1788.5560302734375, 837.7261352539062]]",425426944,410959872,425426944,576,yolo26n_int8_576_ncnn_model,MOT17-02
322,65.39654700009123,0.0,8,"[38, 145, 179, 68, 222, 237, 175, 245]","[[1805.459228515625, 413.93792724609375, 1920.0, 959.9703369140625], [819.072998046875, 451.7363586425781, 890.8388061523438, 674.9478759765625], [872.138916015625, 400.1080017089844, 1028.5572509765625, 948.7366333007812], [1044.6080322265625, 385.4820251464844, 1254.9246826171875, 1016.3458251953125], [1234.494140625, 420.5667724609375, 1335.72021484375, 689.0799560546875], [66.33427429199219, 394.245849609375, 271.7528076171875, 859.43408203125], [492.80560302734375, 455.5873718261719, 535.6251831054688, 562.6414794921875], [1725.7784423828125, 388.0436706542969, 1872.949951171875, 847.296630859375]]","[0.52978515625, 0.467529296875, 0.78271484375, 0.72607421875, 0.5869140625, 0.7890625, 0.426025390625, 0.61962890625]","[[1862.7296142578125, 959.9703369140625], [854.9559020996094, 674.9478759765625], [950.3480834960938, 948.7366333007812], [1149.766357421875, 1016.3458251953125], [1285.107177734375, 689.0799560546875], [169.04354095458984, 859.43408203125], [514.2153930664062, 562.6414794921875], [1799.3641967773438, 847.296630859375]]",425426944,410959872,425426944,576,yolo26n_int8_576_ncnn_model,MOT17-02
323,72.06081100002848,0.0,8,"[145, 179, 68, 222, 237, 175, 245, 262]","[[821.4000244140625, 451.7728576660156, 892.3341064453125, 673.1173706054688], [874.1224365234375, 404.2576599121094, 1031.85546875, 956.198974609375], [1045.2117919921875, 382.9463195800781, 1255.766845703125, 1015.3232421875], [1231.8448486328125, 425.0115051269531, 1332.215576171875, 690.0582885742188], [69.48527526855469, 395.38873291015625, 280.6190185546875, 856.50341796875], [492.16851806640625, 455.255615234375, 535.6876220703125, 563.1435546875], [1730.699951171875, 393.4800109863281, 1879.993408203125, 860.9144897460938], [1438.947021484375, 436.4166259765625, 1487.0528564453125, 546.9166259765625]]","[0.456298828125, 0.77294921875, 0.67041015625, 0.541015625, 0.81591796875, 0.424072265625, 0.65380859375, 0.362060546875]","[[856.8670654296875, 673.1173706054688], [952.9889526367188, 956.198974609375], [1150.4893188476562, 1015.3232421875], [1282.0302124023438, 690.0582885742188], [175.0521469116211, 856.50341796875], [513.9280700683594, 563.1435546875], [1805.3466796875, 860.9144897460938], [1462.9999389648438, 546.9166259765625]]",425426944,410959872,425426944,576,yolo26n_int8_576_ncnn_model,MOT17-02
324,67.37451000003603,0.0,10,"[145, 179, 68, 222, 237, 175, 245, 262, 263, 249]","[[825.5679321289062, 449.84783935546875, 897.146484375, 672.1110229492188], [876.5227661132812, 403.51312255859375, 1033.62060546875, 952.56884765625], [1048.0057373046875, 381.0332336425781, 1257.79931640625, 1013.715087890625], [1225.0762939453125, 425.3953857421875, 1325.992431640625, 690.5909423828125], [70.39039611816406, 399.7171936035156, 285.1028137207031, 853.8955688476562], [493.67547607421875, 455.12591552734375, 537.3150634765625, 562.2273559570312], [1742.291259765625, 389.1114807128906, 1889.6654052734375, 853.0117797851562], [1441.84130859375, 436.60858154296875, 1489.788818359375, 546.7246704101562], [1856.32177734375, 395.79168701171875, 1918.3448486328125, 954.2083129882812], [732.547607421875, 485.8572998046875, 780.82275390625, 603.9629516601562]]","[0.50048828125, 0.78173828125, 0.703125, 0.51513671875, 0.8232421875, 0.458251953125, 0.591796875, 0.32763671875, 0.481201171875, 0.267333984375]","[[861.3572082519531, 672.1110229492188], [955.0716857910156, 952.56884765625], [1152.9025268554688, 1013.715087890625], [1275.5343627929688, 690.5909423828125], [177.7466049194336, 853.8955688476562], [515.4952697753906, 562.2273559570312], [1815.9783325195312, 853.0117797851562], [1465.8150634765625, 546.7246704101562], [1887.3333129882812, 954.2083129882812], [756.6851806640625, 603.9629516601562]]",425426944,410959872,425426944,576,yolo26n_int8_576_ncnn_model,MOT17-02
325,66.67043600009492,0.0,8,"[145, 179, 68, 222, 237, 175, 245, 263]","[[828.7478637695312, 445.5484619140625, 899.37548828125, 662.097412109375], [874.9020385742188, 399.7874450683594, 1033.4677734375, 952.3923950195312], [1049.1873779296875, 380.1860046386719, 1258.3182373046875, 1013.2638549804688], [1221.3514404296875, 441.8600158691406, 1318.6402587890625, 692.1990356445312], [73.79291534423828, 393.45758056640625, 293.0296325683594, 847.6732788085938], [492.1210021972656, 454.5196838378906, 536.2517700195312, 562.4249267578125], [1754.21337890625, 389.3587951660156, 1902.667236328125, 855.4852905273438], [1858.344970703125, 397.88885498046875, 1919.7532958984375, 950.840087890625]]","[0.488525390625, 0.78125, 0.7744140625, 0.430908203125, 0.79150390625, 0.45556640625, 0.6025390625, 0.368408203125]","[[864.0616760253906, 662.097412109375], [954.1849060058594, 952.3923950195312], [1153.7528076171875, 1013.2638549804688], [1269.995849609375, 692.1990356445312], [183.41127395629883, 847.6732788085938], [514.1863861083984, 562.4249267578125], [1828.4403076171875, 855.4852905273438], [1889.0491333007812, 950.840087890625]]",425426944,410959872,425426944,576,yolo26n_int8_576_ncnn_model,MOT17-02
326,65.4074720000608,0.0,8,"[145, 179, 68, 222, 237, 175, 245, 262]","[[832.5150756835938, 444.1881103515625, 902.9868774414062, 657.978759765625], [873.0548706054688, 401.9606628417969, 1032.401611328125, 954.2329711914062], [1049.2686767578125, 382.08734130859375, 1256.5506591796875, 1013.1158447265625], [1217.6412353515625, 455.18243408203125, 1309.74072265625, 688.0341796875], [81.36791229248047, 397.01971435546875, 300.9857482910156, 846.2166137695312], [490.5711364746094, 454.0154724121094, 535.2046508789062, 562.7719116210938], [1761.326416015625, 384.1625671386719, 1913.0859375, 861.6299438476562], [1449.311767578125, 440.7587890625, 1496.2928466796875, 548.52197265625]]","[0.395263671875, 0.771484375, 0.78271484375, 0.403564453125, 0.833984375, 0.474853515625, 0.6259765625, 0.37255859375]","[[867.7509765625, 657.978759765625], [952.7282409667969, 954.2329711914062], [1152.90966796875, 1013.1158447265625], [1263.6909790039062, 688.0341796875], [191.17683029174805, 846.2166137695312], [512.8878936767578, 562.7719116210938], [1837.2061767578125, 861.6299438476562], [1472.8023071289062, 548.52197265625]]",425426944,410959872,425426944,576,yolo26n_int8_576_ncnn_model,MOT17-02
327,64.97069399983957,0.0,7,"[145, 179, 68, 237, 175, 245, 262]","[[836.1256713867188, 442.3139343261719, 907.4765014648438, 657.8656616210938], [872.072509765625, 398.2657165527344, 1032.234130859375, 950.6544799804688], [1050.2960205078125, 381.7218322753906, 1255.8681640625, 1011.9793701171875], [90.2957534790039, 401.96026611328125, 309.0498352050781, 845.5929565429688], [489.63714599609375, 457.1169128417969, 534.0999755859375, 563.9979248046875], [1764.2596435546875, 380.4575500488281, 1920.0, 873.2088012695312], [1451.870849609375, 441.73480224609375, 1498.3182373046875, 548.519775390625]]","[0.281982421875, 0.748046875, 0.775390625, 0.79248046875, 0.325927734375, 0.703125, 0.38427734375]","[[871.8010864257812, 657.8656616210938], [952.1533203125, 950.6544799804688], [1153.0820922851562, 1011.9793701171875], [199.67279434204102, 845.5929565429688], [511.8685607910156, 563.9979248046875], [1842.1298217773438, 873.2088012695312], [1475.0945434570312, 548.519775390625]]",425426944,410959872,425426944,576,yolo26n_int8_576_ncnn_model,MOT17-02
328,65.51432400010526,0.0,7,"[179, 68, 237, 175, 245, 262, 249]","[[869.5906982421875, 400.1790771484375, 1029.8546142578125, 948.1853637695312], [1050.34814453125, 383.5234069824219, 1254.7457275390625, 1014.052490234375], [100.67288208007812, 391.688720703125, 318.9669494628906, 836.5368041992188], [490.5832824707031, 459.9630126953125, 534.6491088867188, 565.0147705078125], [1761.5478515625, 380.15203857421875, 1920.0, 922.8128662109375], [1453.1973876953125, 442.3069152832031, 1498.29345703125, 545.8316040039062], [731.9629516601562, 486.3396911621094, 779.878173828125, 603.8455810546875]]","[0.755859375, 0.779296875, 0.79638671875, 0.25634765625, 0.666015625, 0.422119140625, 0.28515625]","[[949.72265625, 948.1853637695312], [1152.5469360351562, 1014.052490234375], [209.81991577148438, 836.5368041992188], [512.6161956787109, 565.0147705078125], [1840.77392578125, 922.8128662109375], [1475.7454223632812, 545.8316040039062], [755.9205627441406, 603.8455810546875]]",425426944,410959872,425426944,576,yolo26n_int8_576_ncnn_model,MOT17-02
329,65.30845400016005,0.0,7,"[179, 68, 237, 175, 245, 262, 249]","[[868.287841796875, 402.0292053222656, 1029.29833984375, 948.352783203125], [1053.3902587890625, 385.58770751953125, 1255.62109375, 1011.2726440429688], [111.06407165527344, 380.19061279296875, 330.585693359375, 834.3265380859375], [488.7454833984375, 458.7924499511719, 533.7667236328125, 565.3856811523438], [1760.663330078125, 375.5960388183594, 1920.0, 940.8709106445312], [1455.35791015625, 440.97283935546875, 1501.02978515625, 546.3511962890625], [731.1409301757812, 483.7402648925781, 780.5323486328125, 606.4205932617188]]","[0.7802734375, 0.798828125, 0.7998046875, 0.32177734375, 0.705078125, 0.35205078125, 0.3212890625]","[[948.7930908203125, 948.352783203125], [1154.5056762695312, 1011.2726440429688], [220.82488250732422, 834.3265380859375], [511.256103515625, 565.3856811523438], [1840.3316650390625, 940.8709106445312], [1478.19384765625, 546.3511962890625], [755.8366394042969, 606.4205932617188]]",425426944,410959872,425426944,576,yolo26n_int8_576_ncnn_model,MOT17-02
330,65.09343499988063,0.0,6,"[179, 68, 237, 245, 262, 249]","[[869.6012573242188, 402.73358154296875, 1031.7030029296875, 948.4229736328125], [1054.531005859375, 387.6114807128906, 1255.8779296875, 1011.203125], [126.74266052246094, 384.86846923828125, 337.49383544921875, 831.244384765625], [1761.6634521484375, 378.0345764160156, 1920.0, 945.732666015625], [1455.8994140625, 439.3409423828125, 1500.9049072265625, 544.2515869140625], [731.1287231445312, 482.610107421875, 780.48681640625, 605.3662719726562]]","[0.798828125, 0.78955078125, 0.77685546875, 0.6650390625, 0.339111328125, 0.326171875]","[[950.6521301269531, 948.4229736328125], [1155.2044677734375, 1011.203125], [232.11824798583984, 831.244384765625], [1840.8317260742188, 945.732666015625], [1478.4021606445312, 544.2515869140625], [755.8077697753906, 605.3662719726562]]",425426944,410959872,425426944,576,yolo26n_int8_576_ncnn_model,MOT17-02
331,65.05563900009292,0.0,6,"[179, 68, 237, 245, 262, 249]","[[870.90771484375, 406.7218017578125, 1034.0072021484375, 952.4525756835938], [1057.1131591796875, 386.0144348144531, 1259.2601318359375, 1012.4408569335938], [140.58184814453125, 387.396728515625, 343.2470397949219, 827.4024658203125], [1771.4271240234375, 380.6974182128906, 1920.0, 887.6759033203125], [1457.8720703125, 439.0, 1502.2850341796875, 544.3405151367188], [732.3597412109375, 483.82659912109375, 780.8859252929688, 605.4906616210938]]","[0.8125, 0.779296875, 0.71630859375, 0.69140625, 0.35546875, 0.260498046875]","[[952.4574584960938, 952.4525756835938], [1158.1866455078125, 1012.4408569335938], [241.91444396972656, 827.4024658203125], [1845.7135620117188, 887.6759033203125], [1480.0785522460938, 544.3405151367188], [756.6228332519531, 605.4906616210938]]",425426944,410959872,425426944,576,yolo26n_int8_576_ncnn_model,MOT17-02
332,67.0572330000141,0.0,6,"[179, 68, 237, 245, 262, 249]","[[870.4290771484375, 407.3934631347656, 1034.734130859375, 955.9010009765625], [1058.8814697265625, 386.6418762207031, 1260.7510986328125, 1011.6831665039062], [150.8384246826172, 407.734130859375, 341.91107177734375, 825.6453247070312], [1776.2418212890625, 386.9516906738281, 1920.0, 867.5125732421875], [1462.28466796875, 437.460205078125, 1506.8299560546875, 544.6716918945312], [732.77294921875, 483.4722595214844, 781.6497192382812, 606.3536376953125]]","[0.8095703125, 0.7734375, 0.64013671875, 0.642578125, 0.33544921875, 0.253173828125]","[[952.5816040039062, 955.9010009765625], [1159.8162841796875, 1011.6831665039062], [246.37474822998047, 825.6453247070312], [1848.1209106445312, 867.5125732421875], [1484.5573120117188, 544.6716918945312], [757.2113342285156, 606.3536376953125]]",425426944,410959872,425426944,576,yolo26n_int8_576_ncnn_model,MOT17-02
333,66.66982499996266,0.0,5,"[179, 68, 237, 245, 249]","[[872.9811401367188, 403.642822265625, 1036.6539306640625, 951.2740478515625], [1057.07177734375, 385.6309509277344, 1259.27880859375, 1014.8568115234375], [181.56939697265625, 399.8376770019531, 370.1230163574219, 824.97998046875], [1777.439208984375, 386.9568786621094, 1920.0, 860.2407836914062], [733.8492431640625, 484.71246337890625, 781.5602416992188, 605.2984008789062]]","[0.802734375, 0.759765625, 0.62451171875, 0.642578125, 0.2861328125]","[[954.8175354003906, 951.2740478515625], [1158.17529296875, 1014.8568115234375], [275.84620666503906, 824.97998046875], [1848.7196044921875, 860.2407836914062], [757.7047424316406, 605.2984008789062]]",425426944,410959872,425426944,576,yolo26n_int8_576_ncnn_model,MOT17-02
334,65.29341700002078,0.0,6,"[179, 68, 237, 245, 249, 271]","[[875.2239379882812, 404.54644775390625, 1039.3865966796875, 952.6653442382812], [1057.44482421875, 384.1448059082031, 1259.7835693359375, 1016.059326171875], [202.23065185546875, 398.3949890136719, 387.3079833984375, 826.7268676757812], [1778.814208984375, 390.8681335449219, 1920.0, 862.60498046875], [733.9595947265625, 485.1919860839844, 781.265625, 604.8800048828125], [2.747424602508545, 479.0832824707031, 125.00257873535156, 786.9166259765625]]","[0.8095703125, 0.74169921875, 0.6064453125, 0.62646484375, 0.260498046875, 0.63525390625]","[[957.3052673339844, 952.6653442382812], [1158.6141967773438, 1016.059326171875], [294.7693176269531, 826.7268676757812], [1849.4071044921875, 862.60498046875], [757.6126098632812, 604.8800048828125], [63.875001668930054, 786.9166259765625]]",425426944,410959872,425426944,576,yolo26n_int8_576_ncnn_model,MOT17-02
335,66.97064000013597,0.0,6,"[179, 68, 237, 245, 249, 271]","[[875.66845703125, 403.50946044921875, 1040.7781982421875, 953.4606323242188], [1058.70068359375, 387.701904296875, 1259.88525390625, 1016.7874145507812], [216.5541534423828, 405.6004943847656, 396.9173278808594, 828.5746459960938], [1780.268310546875, 392.0455017089844, 1920.0, 864.8655395507812], [734.48193359375, 484.8164978027344, 781.7709350585938, 605.2709350585938], [11.228676795959473, 496.2501525878906, 126.44200897216797, 785.175048828125]]","[0.82958984375, 0.77001953125, 0.56787109375, 0.55224609375, 0.306640625, 0.63623046875]","[[958.2233276367188, 953.4606323242188], [1159.29296875, 1016.7874145507812], [306.7357406616211, 828.5746459960938], [1850.1341552734375, 864.8655395507812], [758.1264343261719, 605.2709350585938], [68.83534288406372, 785.175048828125]]",425426944,410959872,425426944,576,yolo26n_int8_576_ncnn_model,MOT17-02
336,67.4534180000137,0.0,8,"[179, 68, 237, 245, 249, 271, 228, 262]","[[874.517333984375, 406.1390075683594, 1040.3701171875, 956.2260131835938], [1057.488037109375, 387.9496765136719, 1258.23046875, 1018.1593017578125], [225.4279022216797, 398.7712707519531, 406.6382751464844, 827.82568359375], [1786.98486328125, 398.701171875, 1920.0, 862.7915649414062], [734.0399780273438, 485.7740478515625, 781.4888305664062, 606.5137329101562], [9.63223934173584, 475.7071533203125, 134.74359130859375, 788.8369140625], [683.1804809570312, 485.8246765136719, 733.5077514648438, 604.1555786132812], [1475.62158203125, 434.4447021484375, 1519.981689453125, 542.64404296875]]","[0.8125, 0.77685546875, 0.64501953125, 0.310546875, 0.305908203125, 0.62158203125, 0.2587890625, 0.351806640625]","[[957.4437255859375, 956.2260131835938], [1157.8592529296875, 1018.1593017578125], [316.03308868408203, 827.82568359375], [1853.492431640625, 862.7915649414062], [757.764404296875, 606.5137329101562], [72.1879153251648, 788.8369140625], [708.3441162109375, 604.1555786132812], [1497.8016357421875, 542.64404296875]]",425426944,410959872,425426944,576,yolo26n_int8_576_ncnn_model,MOT17-02
337,65.7274170000619,0.0,7,"[179, 68, 237, 245, 249, 271, 262]","[[874.98046875, 405.2066650390625, 1041.4637451171875, 955.8836059570312], [1059.9425048828125, 391.6086120605469, 1260.13916015625, 1019.4918212890625], [236.298828125, 397.3389892578125, 419.01837158203125, 828.6898193359375], [1794.4012451171875, 401.19720458984375, 1920.0, 865.3264770507812], [734.0098266601562, 487.2351989746094, 780.6834716796875, 605.8773803710938], [3.9210779666900635, 442.8138122558594, 143.12240600585938, 791.43359375], [1476.9820556640625, 434.118408203125, 1522.16259765625, 545.8859252929688]]","[0.80517578125, 0.794921875, 0.74560546875, 0.410888671875, 0.291015625, 0.67138671875, 0.338134765625]","[[958.2221069335938, 955.8836059570312], [1160.0408325195312, 1019.4918212890625], [327.6585998535156, 828.6898193359375], [1857.2006225585938, 865.3264770507812], [757.3466491699219, 605.8773803710938], [73.52174198627472, 791.43359375], [1499.5723266601562, 545.8859252929688]]",425426944,410959872,425426944,576,yolo26n_int8_576_ncnn_model,MOT17-02
338,65.21762100010164,0.0,6,"[179, 68, 237, 249, 271, 262]","[[873.9158325195312, 405.9452209472656, 1040.8729248046875, 956.833984375], [1061.9476318359375, 389.66949462890625, 1263.0386962890625, 1018.8786010742188], [242.99874877929688, 399.0194091796875, 426.3057861328125, 829.0662231445312], [732.9341430664062, 485.5651550292969, 780.3245849609375, 605.624267578125], [3.958320379257202, 437.385986328125, 146.12152099609375, 792.8920288085938], [1478.502197265625, 432.2281188964844, 1524.062255859375, 546.560546875]]","[0.80810546875, 0.7744140625, 0.73974609375, 0.330810546875, 0.666015625, 0.29833984375]","[[957.3943786621094, 956.833984375], [1162.4931640625, 1018.8786010742188], [334.6522674560547, 829.0662231445312], [756.6293640136719, 605.624267578125], [75.03992068767548, 792.8920288085938], [1501.2822265625, 546.560546875]]",425426944,410959872,425426944,576,yolo26n_int8_576_ncnn_model,MOT17-02
339,65.22460199994384,0.0,6,"[179, 68, 237, 249, 271, 228]","[[877.274169921875, 402.3664855957031, 1043.449462890625, 950.021484375], [1063.5703125, 387.54168701171875, 1265.400390625, 1017.8067016601562], [247.5682830810547, 422.4396057128906, 428.0574035644531, 830.7673950195312], [733.15185546875, 483.5653381347656, 780.6730346679688, 604.7017211914062], [3.7852652072906494, 427.8971862792969, 149.78147888183594, 792.5217895507812], [680.6195068359375, 485.1003112792969, 731.7652587890625, 603.4378051757812]]","[0.79638671875, 0.7890625, 0.779296875, 0.33349609375, 0.67041015625, 0.260009765625]","[[960.36181640625, 950.021484375], [1164.4853515625, 1017.8067016601562], [337.8128433227539, 830.7673950195312], [756.9124450683594, 604.7017211914062], [76.7833720445633, 792.5217895507812], [706.1923828125, 603.4378051757812]]",425426944,410959872,425426944,576,yolo26n_int8_576_ncnn_model,MOT17-02
340,65.18123199998627,0.0,6,"[179, 68, 237, 249, 271, 228]","[[875.687744140625, 406.7994689941406, 1042.8292236328125, 957.0830688476562], [1063.5318603515625, 385.90020751953125, 1265.7659912109375, 1017.1151733398438], [253.08551025390625, 428.56683349609375, 434.9964599609375, 832.0281372070312], [734.2491455078125, 481.9836120605469, 781.4395141601562, 602.976806640625], [3.932238817214966, 424.77044677734375, 150.9759063720703, 791.2111206054688], [680.5157470703125, 483.56170654296875, 732.3777465820312, 603.6209106445312]]","[0.798828125, 0.802734375, 0.74951171875, 0.35498046875, 0.7509765625, 0.2998046875]","[[959.2584838867188, 957.0830688476562], [1164.64892578125, 1017.1151733398438], [344.0409851074219, 832.0281372070312], [757.8443298339844, 602.976806640625], [77.45407259464264, 791.2111206054688], [706.4467468261719, 603.6209106445312]]",425426944,410959872,425426944,576,yolo26n_int8_576_ncnn_model,MOT17-02
341,65.3138239999862,0.0,6,"[179, 68, 237, 249, 271, 228]","[[875.1709594726562, 406.67901611328125, 1042.471435546875, 957.1246948242188], [1064.6455078125, 376.474365234375, 1270.1956787109375, 1017.9481811523438], [256.6183776855469, 441.3163757324219, 436.4668884277344, 830.8247680664062], [733.9444580078125, 483.0403747558594, 781.3525390625, 605.0731201171875], [3.9727232456207275, 419.6316223144531, 153.3317108154297, 791.7639770507812], [680.1093139648438, 485.81451416015625, 731.8499755859375, 605.3491821289062]]","[0.8095703125, 0.7890625, 0.77685546875, 0.329345703125, 0.73779296875, 0.2548828125]","[[958.8211975097656, 957.1246948242188], [1167.4205932617188, 1017.9481811523438], [346.5426330566406, 830.8247680664062], [757.6484985351562, 605.0731201171875], [78.65221703052521, 791.7639770507812], [705.9796447753906, 605.3491821289062]]",425426944,410959872,425426944,576,yolo26n_int8_576_ncnn_model,MOT17-02
342,65.63278700014052,0.0,5,"[179, 68, 237, 249, 271]","[[876.2041015625, 407.447265625, 1043.270263671875, 956.2947387695312], [1064.8751220703125, 372.9382019042969, 1271.9840087890625, 1019.3519287109375], [260.01177978515625, 442.2579650878906, 442.76348876953125, 830.6775512695312], [735.1229858398438, 485.9164733886719, 781.1171875, 604.496826171875], [5.2662248611450195, 424.6247863769531, 152.39498901367188, 790.8464965820312]]","[0.794921875, 0.8037109375, 0.7880859375, 0.275390625, 0.72412109375]","[[959.7371826171875, 956.2947387695312], [1168.4295654296875, 1019.3519287109375], [351.38763427734375, 830.6775512695312], [758.1200866699219, 604.496826171875], [78.83060693740845, 790.8464965820312]]",425426944,410959872,425426944,576,yolo26n_int8_576_ncnn_model,MOT17-02
343,65.6986029998734,0.0,5,"[179, 68, 237, 249, 271]","[[877.4722290039062, 408.82928466796875, 1044.8665771484375, 958.16796875], [1067.9705810546875, 380.80157470703125, 1275.041015625, 1027.1336669921875], [259.0110778808594, 432.42108154296875, 445.884765625, 826.1707763671875], [736.534423828125, 487.5821533203125, 781.1727294921875, 603.71728515625], [4.479864120483398, 423.9478454589844, 153.90283203125, 796.8242797851562]]","[0.80322265625, 0.78173828125, 0.7802734375, 0.25341796875, 0.671875]","[[961.1694030761719, 958.16796875], [1171.5057983398438, 1027.1336669921875], [352.4479217529297, 826.1707763671875], [758.8535766601562, 603.71728515625], [79.1913480758667, 796.8242797851562]]",425426944,410959872,425426944,576,yolo26n_int8_576_ncnn_model,MOT17-02
344,65.03095300013229,0.0,5,"[179, 68, 237, 249, 271]","[[876.9853515625, 410.85107421875, 1043.0926513671875, 957.3456420898438], [1066.190185546875, 373.4187927246094, 1273.5819091796875, 1021.8499145507812], [259.41900634765625, 428.4103088378906, 449.6069641113281, 824.8031616210938], [737.3411254882812, 489.8641662597656, 780.9012451171875, 603.98583984375], [4.1421308517456055, 424.451416015625, 152.98033142089844, 796.308837890625]]","[0.79248046875, 0.779296875, 0.7734375, 0.26220703125, 0.6845703125]","[[960.0390014648438, 957.3456420898438], [1169.8860473632812, 1021.8499145507812], [354.5129852294922, 824.8031616210938], [759.1211853027344, 603.98583984375], [78.56123113632202, 796.308837890625]]",425426944,410959872,425426944,576,yolo26n_int8_576_ncnn_model,MOT17-02
345,64.8201199999221,0.0,5,"[179, 68, 237, 271, 228]","[[883.4320678710938, 411.5968017578125, 1048.991455078125, 957.015625], [1068.8577880859375, 382.9853515625, 1275.0770263671875, 1026.12255859375], [259.4036560058594, 419.0908508300781, 453.9242248535156, 823.22021484375], [6.707971096038818, 423.27178955078125, 155.36587524414062, 795.5073852539062], [683.099609375, 484.0106201171875, 734.3530883789062, 603.2303466796875]]","[0.75390625, 0.7744140625, 0.7763671875, 0.68017578125, 0.27978515625]","[[966.2117614746094, 957.015625], [1171.9674072265625, 1026.12255859375], [356.6639404296875, 823.22021484375], [81.03692317008972, 795.5073852539062], [708.7263488769531, 603.2303466796875]]",425426944,410959872,425426944,576,yolo26n_int8_576_ncnn_model,MOT17-02
346,64.83650900008797,0.0,5,"[179, 68, 237, 271, 249]","[[884.6615600585938, 410.7508544921875, 1050.1588134765625, 957.9818725585938], [1070.714599609375, 388.8674011230469, 1275.8162841796875, 1027.7275390625], [260.39813232421875, 406.7866516113281, 459.59429931640625, 822.6604614257812], [21.486330032348633, 429.6167907714844, 164.4036865234375, 790.7733154296875], [738.2073974609375, 489.815185546875, 781.5760498046875, 603.8423461914062]]","[0.72998046875, 0.787109375, 0.80078125, 0.6220703125, 0.256591796875]","[[967.4101867675781, 957.9818725585938], [1173.2654418945312, 1027.7275390625], [359.9962158203125, 822.6604614257812], [92.94500827789307, 790.7733154296875], [759.8917236328125, 603.8423461914062]]",425426944,410959872,425426944,576,yolo26n_int8_576_ncnn_model,MOT17-02
347,65.2071199999682,0.0,4,"[179, 68, 237, 271]","[[884.8793334960938, 410.4112854003906, 1049.6663818359375, 957.2335205078125], [1071.382568359375, 389.14703369140625, 1276.0357666015625, 1025.8170166015625], [267.20458984375, 399.1449890136719, 467.1767578125, 821.1202392578125], [37.6262092590332, 431.1871337890625, 177.97470092773438, 790.0279541015625]]","[0.74658203125, 0.779296875, 0.7890625, 0.64794921875]","[[967.2728576660156, 957.2335205078125], [1173.7091674804688, 1025.8170166015625], [367.190673828125, 821.1202392578125], [107.80045509338379, 790.0279541015625]]",425426944,410959872,425426944,576,yolo26n_int8_576_ncnn_model,MOT17-02
348,64.84960199986745,0.0,4,"[179, 68, 237, 271]","[[886.1060791015625, 411.0918273925781, 1050.4595947265625, 958.3148803710938], [1072.0081787109375, 389.090087890625, 1277.8621826171875, 1027.41064453125], [273.0794982910156, 400.3559265136719, 470.7414855957031, 823.0219116210938], [48.05168914794922, 427.33001708984375, 187.79701232910156, 790.9908447265625]]","[0.70703125, 0.78662109375, 0.78173828125, 0.63037109375]","[[968.2828369140625, 958.3148803710938], [1174.9351806640625, 1027.41064453125], [371.9104919433594, 823.0219116210938], [117.92435073852539, 790.9908447265625]]",425426944,410959872,425426944,576,yolo26n_int8_576_ncnn_model,MOT17-02
349,65.39832400017076,0.0,5,"[179, 68, 237, 271, 249]","[[890.2448120117188, 411.88482666015625, 1053.62158203125, 958.1624755859375], [1073.625732421875, 390.423095703125, 1280.388671875, 1027.711669921875], [284.6599426269531, 393.7825927734375, 477.6309814453125, 815.5775756835938], [60.47801208496094, 426.1202697753906, 197.08424377441406, 785.7268676757812], [736.4851684570312, 486.1463928222656, 782.2689208984375, 607.397705078125]]","[0.7060546875, 0.763671875, 0.72412109375, 0.4267578125, 0.300537109375]","[[971.9331970214844, 958.1624755859375], [1177.0072021484375, 1027.711669921875], [381.1454620361328, 815.5775756835938], [128.7811279296875, 785.7268676757812], [759.3770446777344, 607.397705078125]]",425426944,410959872,425426944,576,yolo26n_int8_576_ncnn_model,MOT17-02
350,65.06228700004613,0.0,4,"[179, 68, 237, 271]","[[892.6517333984375, 412.1680908203125, 1056.099853515625, 960.2970581054688], [1072.475830078125, 395.03839111328125, 1279.7098388671875, 1029.17529296875], [294.2240295410156, 386.4146728515625, 483.4114074707031, 811.1355590820312], [72.77203369140625, 425.3836669921875, 211.0458984375, 788.5380859375]]","[0.734375, 0.77880859375, 0.703125, 0.6455078125]","[[974.3757934570312, 960.2970581054688], [1176.0928344726562, 1029.17529296875], [388.8177185058594, 811.1355590820312], [141.90896606445312, 788.5380859375]]",425426944,410959872,425426944,576,yolo26n_int8_576_ncnn_model,MOT17-02
351,67.42567700007385,0.0,4,"[179, 68, 237, 271]","[[894.7573852539062, 409.50775146484375, 1057.942138671875, 959.4385375976562], [1071.0115966796875, 397.304443359375, 1278.1822509765625, 1029.148681640625], [303.78173828125, 385.08282470703125, 486.06024169921875, 805.9525146484375], [86.67371368408203, 425.3384704589844, 225.54702758789062, 782.8817138671875]]","[0.6953125, 0.7939453125, 0.68603515625, 0.708984375]","[[976.3497619628906, 959.4385375976562], [1174.596923828125, 1029.148681640625], [394.9209899902344, 805.9525146484375], [156.11037063598633, 782.8817138671875]]",425426944,410959872,425426944,576,yolo26n_int8_576_ncnn_model,MOT17-02
352,65.46391699998821,0.0,5,"[179, 68, 237, 271, 249]","[[894.9562377929688, 408.7635803222656, 1058.0321044921875, 958.822265625], [1072.481201171875, 398.1145935058594, 1279.932373046875, 1026.9019775390625], [315.8460998535156, 403.6896667480469, 486.37567138671875, 804.8778076171875], [98.00825500488281, 427.65533447265625, 241.36419677734375, 784.0443115234375], [734.4028930664062, 484.4740905761719, 781.2816772460938, 607.59765625]]","[0.73876953125, 0.75830078125, 0.58544921875, 0.6962890625, 0.2900390625]","[[976.4941711425781, 958.822265625], [1176.206787109375, 1026.9019775390625], [401.1108856201172, 804.8778076171875], [169.68622589111328, 784.0443115234375], [757.84228515625, 607.59765625]]",425426944,410959872,425426944,576,yolo26n_int8_576_ncnn_model,MOT17-02
353,66.68764000005467,0.0,5,"[179, 68, 237, 271, 285]","[[896.4281005859375, 409.57952880859375, 1059.8624267578125, 961.87841796875], [1071.8878173828125, 392.5712890625, 1281.68017578125, 1026.3089599609375], [333.29888916015625, 406.7027587890625, 496.22601318359375, 799.8165893554688], [107.02644348144531, 428.8807678222656, 253.702880859375, 780.9165649414062], [0.926257848739624, 494.58331298828125, 73.09457397460938, 859.4166259765625]]","[0.708984375, 0.74365234375, 0.453857421875, 0.76171875, 0.453125]","[[978.145263671875, 961.87841796875], [1176.7839965820312, 1026.3089599609375], [414.762451171875, 799.8165893554688], [180.36466217041016, 780.9165649414062], [37.0104159116745, 859.4166259765625]]",425426944,410959872,425426944,576,yolo26n_int8_576_ncnn_model,MOT17-02
354,66.65532500005611,0.0,5,"[179, 68, 237, 271, 285]","[[898.8929443359375, 410.9857482910156, 1060.74658203125, 958.6250610351562], [1070.73681640625, 395.1364440917969, 1281.008544921875, 1029.1007080078125], [338.31243896484375, 422.6169128417969, 494.0037841796875, 796.6481323242188], [115.05664825439453, 426.6473693847656, 267.0509033203125, 780.3128662109375], [2.8869924545288086, 484.66290283203125, 75.72604370117188, 852.184326171875]]","[0.68017578125, 0.7568359375, 0.51025390625, 0.78955078125, 0.4951171875]","[[979.8197631835938, 958.6250610351562], [1175.8726806640625, 1029.1007080078125], [416.1581115722656, 796.6481323242188], [191.05377578735352, 780.3128662109375], [39.30651807785034, 852.184326171875]]",425426944,410959872,425426944,576,yolo26n_int8_576_ncnn_model,MOT17-02
355,64.99658299981093,0.0,5,"[179, 68, 237, 271, 285]","[[902.5633544921875, 411.7911071777344, 1062.6513671875, 955.9898681640625], [1068.906982421875, 385.3520812988281, 1279.885009765625, 1021.0606689453125], [360.0174560546875, 414.3668212890625, 515.6572875976562, 798.4247436523438], [113.83747863769531, 428.3443908691406, 270.4403381347656, 780.9419555664062], [13.343487739562988, 480.34124755859375, 87.9595718383789, 851.99560546875]]","[0.63623046875, 0.7451171875, 0.568359375, 0.77001953125, 0.5107421875]","[[982.6073608398438, 955.9898681640625], [1174.39599609375, 1021.0606689453125], [437.8373718261719, 798.4247436523438], [192.13890838623047, 780.9419555664062], [50.65152978897095, 851.99560546875]]",425426944,410959872,425426944,576,yolo26n_int8_576_ncnn_model,MOT17-02
356,65.42708400002084,0.0,6,"[179, 68, 237, 271, 285, 249]","[[901.9049072265625, 411.80816650390625, 1060.8787841796875, 954.1683959960938], [1074.82958984375, 389.485595703125, 1284.911376953125, 1018.9779663085938], [368.6094665527344, 399.3952941894531, 527.164306640625, 801.1676635742188], [116.69242858886719, 424.90716552734375, 277.38140869140625, 779.8311767578125], [27.594058990478516, 460.0331115722656, 108.57052612304688, 851.51904296875], [735.294921875, 484.5729675292969, 781.1990356445312, 605.6792602539062]]","[0.650390625, 0.71826171875, 0.5986328125, 0.771484375, 0.65234375, 0.27001953125]","[[981.391845703125, 954.1683959960938], [1179.8704833984375, 1018.9779663085938], [447.8868865966797, 801.1676635742188], [197.03691864013672, 779.8311767578125], [68.0822925567627, 851.51904296875], [758.2469787597656, 605.6792602539062]]",425426944,410959872,425426944,576,yolo26n_int8_576_ncnn_model,MOT17-02
357,65.12608299999556,0.0,6,"[179, 68, 237, 271, 285, 249]","[[904.8522338867188, 409.0428466796875, 1061.324951171875, 945.2107543945312], [1079.9483642578125, 384.3001403808594, 1293.8546142578125, 1016.1348266601562], [380.0389404296875, 395.2805480957031, 537.4931030273438, 799.6588745117188], [122.09786224365234, 431.9084167480469, 281.1628723144531, 777.7865600585938], [44.104156494140625, 453.1639099121094, 131.14588928222656, 851.72509765625], [734.2467651367188, 484.01226806640625, 780.6357421875, 606.0221557617188]]","[0.64208984375, 0.72265625, 0.5625, 0.701171875, 0.70703125, 0.296630859375]","[[983.0885925292969, 945.2107543945312], [1186.9014892578125, 1016.1348266601562], [458.7660217285156, 799.6588745117188], [201.63036727905273, 777.7865600585938], [87.6250228881836, 851.72509765625], [757.4412536621094, 606.0221557617188]]",425426944,410959872,425426944,576,yolo26n_int8_576_ncnn_model,MOT17-02
358,65.0592140000299,0.0,7,"[179, 68, 237, 271, 285, 249, 291]","[[903.3547973632812, 407.9920959472656, 1058.4580078125, 941.8569946289062], [1083.1693115234375, 378.0981750488281, 1301.323486328125, 1014.9569702148438], [391.4824523925781, 392.6438293457031, 550.705322265625, 800.233642578125], [135.41673278808594, 431.0312805175781, 291.49267578125, 769.5279541015625], [51.82652282714844, 435.3506164550781, 148.06716918945312, 851.6008911132812], [733.1810302734375, 483.2751159667969, 779.5128173828125, 604.4789428710938], [1057.3388671875, 429.4166564941406, 1116.6610107421875, 647.25]]","[0.654296875, 0.69384765625, 0.74072265625, 0.66943359375, 0.7421875, 0.303955078125, 0.4443359375]","[[980.9064025878906, 941.8569946289062], [1192.2463989257812, 1014.9569702148438], [471.09388732910156, 800.233642578125], [213.45470428466797, 769.5279541015625], [99.94684600830078, 851.6008911132812], [756.346923828125, 604.4789428710938], [1086.9999389648438, 647.25]]",425426944,410959872,425426944,576,yolo26n_int8_576_ncnn_model,MOT17-02
359,65.04419400016559,0.0,7,"[179, 68, 237, 271, 285, 249, 291]","[[905.4544067382812, 408.7099914550781, 1060.172607421875, 939.5491333007812], [1079.3575439453125, 384.1596374511719, 1296.962890625, 1017.1522827148438], [402.6790466308594, 392.7980651855469, 564.100341796875, 799.4059448242188], [150.23065185546875, 453.03863525390625, 295.76007080078125, 765.3827514648438], [55.242530822753906, 432.2318115234375, 158.85630798339844, 852.99267578125], [733.2689819335938, 483.27655029296875, 779.7164306640625, 604.7337646484375], [1051.490966796875, 429.22406005859375, 1111.7235107421875, 650.0105590820312]]","[0.6943359375, 0.7119140625, 0.685546875, 0.59326171875, 0.77099609375, 0.360595703125, 0.443603515625]","[[982.8135070800781, 939.5491333007812], [1188.1602172851562, 1017.1522827148438], [483.3896942138672, 799.4059448242188], [222.995361328125, 765.3827514648438], [107.04941940307617, 852.99267578125], [756.4927062988281, 604.7337646484375], [1081.6072387695312, 650.0105590820312]]",425426944,410959872,425426944,576,yolo26n_int8_576_ncnn_model,MOT17-02
360,64.86780499994893,0.0,7,"[179, 68, 237, 271, 285, 249, 291]","[[908.3927612304688, 405.3870544433594, 1063.0230712890625, 936.8075561523438], [1073.487548828125, 382.9255065917969, 1290.7371826171875, 1016.0923461914062], [408.44732666015625, 392.37347412109375, 572.9917602539062, 799.6878051757812], [148.75001525878906, 437.142333984375, 301.1589050292969, 766.3658447265625], [49.83367156982422, 429.2004089355469, 160.46237182617188, 854.8279418945312], [732.4197387695312, 481.9038391113281, 779.5867309570312, 605.1138916015625], [1043.567138671875, 433.021240234375, 1104.439208984375, 654.7996215820312]]","[0.6826171875, 0.7294921875, 0.69677734375, 0.63232421875, 0.78759765625, 0.3359375, 0.3720703125]","[[985.7079162597656, 936.8075561523438], [1182.1123657226562, 1016.0923461914062], [490.71954345703125, 799.6878051757812], [224.95446014404297, 766.3658447265625], [105.14802169799805, 854.8279418945312], [756.0032348632812, 605.1138916015625], [1074.003173828125, 654.7996215820312]]",425426944,410959872,425426944,576,yolo26n_int8_576_ncnn_model,MOT17-02
361,64.85787899987372,0.0,6,"[179, 68, 237, 271, 285, 249]","[[909.4929809570312, 405.8068542480469, 1064.0115966796875, 936.3956298828125], [1075.4766845703125, 385.5066223144531, 1292.927978515625, 1018.1934814453125], [411.61175537109375, 394.18963623046875, 578.5094604492188, 799.010498046875], [158.6714630126953, 462.8315124511719, 300.2485046386719, 768.4867553710938], [50.59525680541992, 429.40679931640625, 167.73941040039062, 853.4727783203125], [732.3032836914062, 480.57025146484375, 779.8942260742188, 604.9894409179688]]","[0.73876953125, 0.76416015625, 0.7294921875, 0.51318359375, 0.80517578125, 0.3330078125]","[[986.7522888183594, 936.3956298828125], [1184.2023315429688, 1018.1934814453125], [495.06060791015625, 799.010498046875], [229.4599838256836, 768.4867553710938], [109.16733360290527, 853.4727783203125], [756.0987548828125, 604.9894409179688]]",425426944,410959872,425426944,576,yolo26n_int8_576_ncnn_model,MOT17-02
362,64.67252800007373,0.0,6,"[179, 68, 237, 271, 285, 249]","[[912.4188232421875, 409.29656982421875, 1066.1962890625, 935.203857421875], [1076.7779541015625, 386.4968566894531, 1294.2618408203125, 1019.00732421875], [411.5044250488281, 393.82855224609375, 582.2659301757812, 799.8953857421875], [158.27008056640625, 437.85015869140625, 309.64862060546875, 769.1616821289062], [51.70475387573242, 430.9743957519531, 176.0753173828125, 851.860595703125], [732.2198486328125, 481.4416809082031, 779.5169067382812, 604.6737060546875]]","[0.76513671875, 0.7822265625, 0.69482421875, 0.5751953125, 0.80078125, 0.353759765625]","[[989.3075561523438, 935.203857421875], [1185.5198974609375, 1019.00732421875], [496.8851776123047, 799.8953857421875], [233.9593505859375, 769.1616821289062], [113.89003562927246, 851.860595703125], [755.8683776855469, 604.6737060546875]]",425426944,410959872,425426944,576,yolo26n_int8_576_ncnn_model,MOT17-02
363,72.28538599997592,0.0,6,"[179, 68, 237, 271, 285, 249]","[[914.3287963867188, 407.2984313964844, 1068.326171875, 933.71337890625], [1076.545654296875, 386.87518310546875, 1294.331298828125, 1019.3251342773438], [412.49664306640625, 398.6767883300781, 584.2338256835938, 797.5108642578125], [163.94346618652344, 424.14776611328125, 315.8220520019531, 764.7805786132812], [50.882667541503906, 430.4913635253906, 183.08189392089844, 851.5452880859375], [731.7943725585938, 481.78973388671875, 779.2293090820312, 604.559326171875]]","[0.775390625, 0.78759765625, 0.78759765625, 0.56494140625, 0.8037109375, 0.3427734375]","[[991.3274841308594, 933.71337890625], [1185.4384765625, 1019.3251342773438], [498.365234375, 797.5108642578125], [239.88275909423828, 764.7805786132812], [116.98228073120117, 851.5452880859375], [755.5118408203125, 604.559326171875]]",425426944,410959872,425426944,576,yolo26n_int8_576_ncnn_model,MOT17-02
364,65.77650999997786,0.0,6,"[179, 68, 237, 271, 285, 249]","[[916.0302124023438, 408.7607421875, 1070.2437744140625, 935.4226684570312], [1076.343017578125, 387.0185852050781, 1294.414794921875, 1019.45166015625], [412.791015625, 399.3121643066406, 587.1198120117188, 796.77783203125], [179.68478393554688, 444.6588439941406, 318.5633544921875, 764.4661865234375], [50.023101806640625, 424.4711608886719, 190.91098022460938, 852.0], [732.8843383789062, 483.306640625, 780.0892944335938, 605.3492431640625]]","[0.77099609375, 0.78369140625, 0.78759765625, 0.53466796875, 0.740234375, 0.3642578125]","[[993.1369934082031, 935.4226684570312], [1185.37890625, 1019.45166015625], [499.9554138183594, 796.77783203125], [249.1240692138672, 764.4661865234375], [120.467041015625, 852.0], [756.48681640625, 605.3492431640625]]",425426944,410959872,425426944,576,yolo26n_int8_576_ncnn_model,MOT17-02
365,65.0116760000401,0.0,6,"[179, 68, 237, 271, 285, 249]","[[918.4804077148438, 406.5553283691406, 1073.4600830078125, 934.46630859375], [1074.196533203125, 387.3472900390625, 1292.0592041015625, 1020.330322265625], [414.9192810058594, 403.9804992675781, 591.19384765625, 795.4322509765625], [185.32382202148438, 432.3434143066406, 325.7892761230469, 765.841552734375], [48.64384460449219, 429.2374267578125, 195.65452575683594, 854.1065673828125], [733.0339965820312, 483.331298828125, 780.135498046875, 605.1002197265625]]","[0.779296875, 0.78955078125, 0.802734375, 0.55078125, 0.73681640625, 0.296630859375]","[[995.9702453613281, 934.46630859375], [1183.1278686523438, 1020.330322265625], [503.0565643310547, 795.4322509765625], [255.55654907226562, 765.841552734375], [122.14918518066406, 854.1065673828125], [756.5847473144531, 605.1002197265625]]",425426944,410959872,425426944,576,yolo26n_int8_576_ncnn_model,MOT17-02
366,64.9728989999403,0.0,5,"[179, 68, 237, 271, 285]","[[918.8175659179688, 402.9703063964844, 1075.1414794921875, 934.7022705078125], [1073.6168212890625, 386.78167724609375, 1292.00146484375, 1022.4542236328125], [413.4076232910156, 408.10406494140625, 592.2532958984375, 795.9365234375], [196.24505615234375, 441.3429260253906, 330.7613220214844, 768.246826171875], [48.92313766479492, 430.21258544921875, 200.87457275390625, 851.6278076171875]]","[0.787109375, 0.77587890625, 0.818359375, 0.5078125, 0.771484375]","[[996.9795227050781, 934.7022705078125], [1182.8091430664062, 1022.4542236328125], [502.83045959472656, 795.9365234375], [263.50318908691406, 768.246826171875], [124.89885520935059, 851.6278076171875]]",425426944,410959872,425426944,576,yolo26n_int8_576_ncnn_model,MOT17-02
367,64.91367599983278,0.0,5,"[179, 68, 237, 271, 285]","[[918.58837890625, 405.755126953125, 1078.21337890625, 948.3018798828125], [1074.9913330078125, 386.7039794921875, 1293.665283203125, 1020.916748046875], [408.36297607421875, 396.85638427734375, 593.3272705078125, 795.604736328125], [207.2505340576172, 440.4618225097656, 338.51446533203125, 764.7960205078125], [60.294681549072266, 442.0727844238281, 210.39791870117188, 843.794677734375]]","[0.77099609375, 0.787109375, 0.7783203125, 0.471435546875, 0.74365234375]","[[998.40087890625, 948.3018798828125], [1184.3283081054688, 1020.916748046875], [500.8451232910156, 795.604736328125], [272.8824996948242, 764.7960205078125], [135.34630012512207, 843.794677734375]]",425426944,410959872,425426944,576,yolo26n_int8_576_ncnn_model,MOT17-02
368,69.29742000011174,0.0,5,"[179, 68, 237, 271, 285]","[[920.6672973632812, 407.9137878417969, 1080.3829345703125, 951.2630615234375], [1073.460205078125, 382.5434875488281, 1294.124755859375, 1022.2538452148438], [409.5887145996094, 395.1530456542969, 595.2846069335938, 793.0403442382812], [218.5059051513672, 430.3031921386719, 353.121337890625, 766.7158813476562], [62.5676155090332, 439.2114562988281, 214.182861328125, 834.9351196289062]]","[0.7607421875, 0.77294921875, 0.80810546875, 0.5751953125, 0.66845703125]","[[1000.5251159667969, 951.2630615234375], [1183.79248046875, 1022.2538452148438], [502.43666076660156, 793.0403442382812], [285.8136215209961, 766.7158813476562], [138.3752384185791, 834.9351196289062]]",425426944,410959872,425426944,576,yolo26n_int8_576_ncnn_model,MOT17-02
369,65.03554699997949,0.0,6,"[179, 68, 237, 271, 285, 249]","[[923.94873046875, 402.9887390136719, 1081.893310546875, 941.673095703125], [1073.899658203125, 385.09820556640625, 1293.2591552734375, 1019.7362060546875], [411.4248046875, 395.0777893066406, 597.55908203125, 793.7417602539062], [231.17459106445312, 418.5312194824219, 370.90350341796875, 766.7628173828125], [78.94467163085938, 436.83935546875, 230.4242706298828, 832.034423828125], [732.4188232421875, 481.1111145019531, 780.8548583984375, 607.209228515625]]","[0.76416015625, 0.74853515625, 0.82666015625, 0.62890625, 0.64990234375, 0.284423828125]","[[1002.9210205078125, 941.673095703125], [1183.5794067382812, 1019.7362060546875], [504.491943359375, 793.7417602539062], [301.03904724121094, 766.7628173828125], [154.6844711303711, 832.034423828125], [756.6368408203125, 607.209228515625]]",425426944,410959872,425426944,576,yolo26n_int8_576_ncnn_model,MOT17-02
370,64.77969499997016,0.0,6,"[179, 68, 237, 271, 285, 249]","[[924.6480712890625, 401.5319519042969, 1082.881103515625, 943.0975341796875], [1071.2471923828125, 382.5037536621094, 1291.3145751953125, 1019.046875], [416.5248718261719, 400.9929504394531, 599.7429809570312, 793.6273803710938], [246.70777893066406, 431.91949462890625, 383.3086242675781, 766.2577514648438], [99.08255004882812, 431.5936584472656, 247.86077880859375, 826.5983276367188], [731.4714965820312, 480.84771728515625, 780.1336669921875, 608.596923828125]]","[0.74658203125, 0.78955078125, 0.7998046875, 0.56201171875, 0.491455078125, 0.27001953125]","[[1003.7645874023438, 943.0975341796875], [1181.2808837890625, 1019.046875], [508.13392639160156, 793.6273803710938], [315.0082015991211, 766.2577514648438], [173.47166442871094, 826.5983276367188], [755.8025817871094, 608.596923828125]]",425426944,410959872,425426944,576,yolo26n_int8_576_ncnn_model,MOT17-02
371,65.18206600003396,0.0,5,"[179, 68, 237, 271, 285]","[[928.2608642578125, 400.3169250488281, 1086.377197265625, 941.03076171875], [1073.00341796875, 385.1127624511719, 1292.223388671875, 1018.5174560546875], [424.84002685546875, 399.2449951171875, 607.6825561523438, 794.3095092773438], [254.66021728515625, 433.4545593261719, 391.4390563964844, 763.3113403320312], [114.3812255859375, 428.327880859375, 259.760986328125, 822.7142333984375]]","[0.755859375, 0.76611328125, 0.81005859375, 0.62548828125, 0.580078125]","[[1007.3190307617188, 941.03076171875], [1182.6134033203125, 1018.5174560546875], [516.2612915039062, 794.3095092773438], [323.0496368408203, 763.3113403320312], [187.07110595703125, 822.7142333984375]]",425426944,410959872,425426944,576,yolo26n_int8_576_ncnn_model,MOT17-02
372,64.82099100003325,0.0,5,"[179, 68, 237, 271, 285]","[[928.7762451171875, 401.9434814453125, 1086.228515625, 941.4891967773438], [1072.8763427734375, 382.2542724609375, 1293.3626708984375, 1018.875732421875], [434.565185546875, 412.6338195800781, 608.1376342773438, 789.35400390625], [258.4244689941406, 443.46026611328125, 391.33349609375, 757.2567138671875], [129.1979522705078, 433.29193115234375, 272.45819091796875, 826.3461303710938]]","[0.74951171875, 0.7509765625, 0.7802734375, 0.58984375, 0.6806640625]","[[1007.5023803710938, 941.4891967773438], [1183.1195068359375, 1018.875732421875], [521.3514099121094, 789.35400390625], [324.8789825439453, 757.2567138671875], [200.82807159423828, 826.3461303710938]]",425426944,410959872,425426944,576,yolo26n_int8_576_ncnn_model,MOT17-02
373,64.97469500004627,0.0,6,"[179, 68, 237, 271, 285, 249]","[[932.2586669921875, 400.7923889160156, 1089.355712890625, 940.1587524414062], [1074.7950439453125, 382.2855529785156, 1295.115966796875, 1019.0172119140625], [444.4094543457031, 403.4360656738281, 616.8494262695312, 783.8368530273438], [268.6977233886719, 446.692626953125, 400.0721130371094, 751.0739135742188], [142.83717346191406, 436.6377258300781, 284.4673156738281, 826.4329223632812], [731.6699829101562, 480.1087951660156, 780.588623046875, 608.4361572265625]]","[0.7392578125, 0.74560546875, 0.72216796875, 0.607421875, 0.6728515625, 0.294677734375]","[[1010.8071899414062, 940.1587524414062], [1184.9555053710938, 1019.0172119140625], [530.6294403076172, 783.8368530273438], [334.3849182128906, 751.0739135742188], [213.6522445678711, 826.4329223632812], [756.1293029785156, 608.4361572265625]]",425426944,410959872,425426944,576,yolo26n_int8_576_ncnn_model,MOT17-02
374,65.52804600005402,0.0,6,"[179, 68, 237, 271, 285, 249]","[[931.84423828125, 400.78759765625, 1092.13671875, 954.667236328125], [1076.3084716796875, 382.72491455078125, 1297.1815185546875, 1020.8650512695312], [453.8193359375, 407.97576904296875, 619.9863891601562, 780.6314697265625], [278.7157287597656, 448.401123046875, 410.3932800292969, 748.321044921875], [162.39549255371094, 441.0107116699219, 303.68865966796875, 823.4970092773438], [731.5913696289062, 480.0289611816406, 780.2362670898438, 608.361328125]]","[0.74072265625, 0.76513671875, 0.67919921875, 0.564453125, 0.62353515625, 0.30224609375]","[[1011.990478515625, 954.667236328125], [1186.7449951171875, 1020.8650512695312], [536.9028625488281, 780.6314697265625], [344.55450439453125, 748.321044921875], [233.04207611083984, 823.4970092773438], [755.913818359375, 608.361328125]]",425426944,410959872,425426944,576,yolo26n_int8_576_ncnn_model,MOT17-02
375,65.41697199986629,0.0,7,"[179, 68, 237, 271, 285, 249, 299]","[[935.7957763671875, 408.5605163574219, 1091.149169921875, 947.9808959960938], [1076.1817626953125, 382.90283203125, 1297.5328369140625, 1021.5653686523438], [459.77471923828125, 416.7975158691406, 618.2886352539062, 779.0755004882812], [283.4230651855469, 470.0166931152344, 409.6636962890625, 748.792236328125], [174.38954162597656, 437.1212463378906, 321.2269592285156, 823.5895385742188], [733.3632202148438, 481.9317932128906, 780.5225219726562, 607.508544921875], [4.46093225479126, 489.6666564941406, 57.3515625, 815.6666259765625]]","[0.74462890625, 0.75537109375, 0.66064453125, 0.62744140625, 0.61083984375, 0.358154296875, 0.40478515625]","[[1013.4724731445312, 947.9808959960938], [1186.8572998046875, 1021.5653686523438], [539.0316772460938, 779.0755004882812], [346.5433807373047, 748.792236328125], [247.8082504272461, 823.5895385742188], [756.94287109375, 607.508544921875], [30.90624737739563, 815.6666259765625]]",425426944,410959872,425426944,576,yolo26n_int8_576_ncnn_model,MOT17-02
376,65.4340470000534,0.0,7,"[179, 68, 237, 271, 285, 249, 299]","[[936.0901489257812, 406.3380432128906, 1090.7117919921875, 946.1470947265625], [1075.0574951171875, 382.2917785644531, 1296.5050048828125, 1021.4132690429688], [465.0028381347656, 414.2872314453125, 619.226806640625, 774.2258911132812], [284.892822265625, 471.9896240234375, 410.8911437988281, 748.233642578125], [181.07289123535156, 429.9101257324219, 333.83770751953125, 820.645263671875], [733.3735961914062, 480.705810546875, 780.1805419921875, 605.8024291992188], [7.3733601570129395, 485.16461181640625, 60.98611068725586, 813.5741577148438]]","[0.73779296875, 0.75830078125, 0.52294921875, 0.48388671875, 0.68994140625, 0.381591796875, 0.53759765625]","[[1013.4009704589844, 946.1470947265625], [1185.78125, 1021.4132690429688], [542.1148223876953, 774.2258911132812], [347.89198303222656, 748.233642578125], [257.4552993774414, 820.645263671875], [756.7770690917969, 605.8024291992188], [34.1797354221344, 813.5741577148438]]",425426944,410959872,425426944,576,yolo26n_int8_576_ncnn_model,MOT17-02
377,65.777824999941,0.0,7,"[179, 68, 237, 271, 285, 249, 299]","[[939.4923706054688, 405.50164794921875, 1092.65869140625, 942.1483764648438], [1072.7869873046875, 382.06903076171875, 1294.63037109375, 1021.3497924804688], [479.5434875488281, 403.41412353515625, 637.8493041992188, 774.6097412109375], [290.6403503417969, 461.56005859375, 421.507080078125, 750.061767578125], [183.6180419921875, 428.6048278808594, 341.5615539550781, 820.4237670898438], [733.0755615234375, 481.6278076171875, 779.799560546875, 607.1090087890625], [18.556255340576172, 457.9276428222656, 77.74818420410156, 812.8496704101562]]","[0.734375, 0.78662109375, 0.6669921875, 0.470947265625, 0.6650390625, 0.372802734375, 0.625]","[[1016.0755310058594, 942.1483764648438], [1183.7086791992188, 1021.3497924804688], [558.6963958740234, 774.6097412109375], [356.07371520996094, 750.061767578125], [262.5897979736328, 820.4237670898438], [756.4375610351562, 607.1090087890625], [48.15221977233887, 812.8496704101562]]",425426944,410959872,425426944,576,yolo26n_int8_576_ncnn_model,MOT17-02
378,64.91082499996992,0.0,7,"[179, 68, 237, 271, 285, 249, 299]","[[941.7482299804688, 404.0768127441406, 1094.5068359375, 940.6344604492188], [1075.1302490234375, 381.44415283203125, 1297.306640625, 1021.8712158203125], [487.372314453125, 398.3074645996094, 647.970703125, 778.0951538085938], [293.1712646484375, 445.9093017578125, 429.5281677246094, 751.5738525390625], [185.75831604003906, 432.5783386230469, 347.0924377441406, 820.4119873046875], [732.2915649414062, 481.14459228515625, 779.225341796875, 607.3316040039062], [30.7961368560791, 440.5948181152344, 95.70541381835938, 814.1426391601562]]","[0.72705078125, 0.77734375, 0.68115234375, 0.4453125, 0.77685546875, 0.25244140625, 0.64306640625]","[[1018.1275329589844, 940.6344604492188], [1186.2184448242188, 1021.8712158203125], [567.6715087890625, 778.0951538085938], [361.34971618652344, 751.5738525390625], [266.42537689208984, 820.4119873046875], [755.7584533691406, 607.3316040039062], [63.25077533721924, 814.1426391601562]]",425426944,410959872,425426944,576,yolo26n_int8_576_ncnn_model,MOT17-02
379,65.07306499997867,0.0,7,"[179, 68, 237, 271, 285, 249, 299]","[[945.4054565429688, 403.541748046875, 1097.781005859375, 938.974365234375], [1074.5849609375, 381.7677917480469, 1296.44189453125, 1021.513671875], [495.6585388183594, 408.2759704589844, 651.5318603515625, 775.2454833984375], [298.10382080078125, 448.9186706542969, 430.8968811035156, 751.9017944335938], [186.17410278320312, 442.4465026855469, 348.9535217285156, 818.8171997070312], [733.4634399414062, 482.60906982421875, 779.1942749023438, 606.868896484375], [39.797359466552734, 445.31915283203125, 107.12353515625, 811.1988525390625]]","[0.7373046875, 0.76611328125, 0.68408203125, 0.365966796875, 0.71875, 0.31494140625, 0.6591796875]","[[1021.5932312011719, 938.974365234375], [1185.513427734375, 1021.513671875], [573.5951995849609, 775.2454833984375], [364.50035095214844, 751.9017944335938], [267.5638122558594, 818.8171997070312], [756.328857421875, 606.868896484375], [73.46044731140137, 811.1988525390625]]",425426944,410959872,425426944,576,yolo26n_int8_576_ncnn_model,MOT17-02
380,65.34213899999486,0.0,6,"[179, 68, 237, 271, 285, 299]","[[947.1643676757812, 404.44854736328125, 1099.603759765625, 939.4685668945312], [1073.525146484375, 382.5891418457031, 1295.8460693359375, 1021.7857055664062], [500.2685852050781, 416.0882263183594, 655.2449340820312, 781.4611206054688], [306.2536315917969, 444.6200256347656, 437.4254150390625, 752.0741577148438], [183.26556396484375, 435.58978271484375, 352.6331481933594, 817.7266845703125], [41.287410736083984, 438.7727966308594, 113.08547973632812, 807.7932739257812]]","[0.75244140625, 0.802734375, 0.6904296875, 0.412841796875, 0.7470703125, 0.69287109375]","[[1023.3840637207031, 939.4685668945312], [1184.6856079101562, 1021.7857055664062], [577.7567596435547, 781.4611206054688], [371.8395233154297, 752.0741577148438], [267.94935607910156, 817.7266845703125], [77.18644523620605, 807.7932739257812]]",425426944,410959872,425426944,576,yolo26n_int8_576_ncnn_model,MOT17-02
381,64.93776799993611,0.0,6,"[179, 68, 237, 271, 285, 299]","[[950.8665771484375, 401.7627868652344, 1103.7230224609375, 937.193115234375], [1073.6185302734375, 382.90679931640625, 1296.216796875, 1021.884521484375], [509.9837646484375, 409.5166015625, 665.9159545898438, 778.7925415039062], [311.3062744140625, 433.16241455078125, 443.2101745605469, 751.063720703125], [183.5072479248047, 433.0858459472656, 359.109130859375, 819.5695190429688], [46.43895721435547, 437.91912841796875, 123.86442565917969, 807.7388305664062]]","[0.75390625, 0.79443359375, 0.6767578125, 0.491455078125, 0.7822265625, 0.68017578125]","[[1027.2947998046875, 937.193115234375], [1184.9176635742188, 1021.884521484375], [587.9498596191406, 778.7925415039062], [377.2582244873047, 751.063720703125], [271.30818939208984, 819.5695190429688], [85.15169143676758, 807.7388305664062]]",425426944,410959872,425426944,576,yolo26n_int8_576_ncnn_model,MOT17-02
382,64.70865799997227,0.0,6,"[179, 68, 237, 271, 285, 299]","[[951.5565795898438, 402.6841125488281, 1105.8328857421875, 942.1399536132812], [1074.7398681640625, 383.0303955078125, 1297.46728515625, 1021.9173583984375], [516.7035522460938, 407.7286682128906, 673.5302734375, 780.433837890625], [320.7377624511719, 424.9288330078125, 451.05596923828125, 748.1234741210938], [189.39645385742188, 428.5902404785156, 367.2618713378906, 815.0972290039062], [49.24876022338867, 436.31439208984375, 134.52256774902344, 811.7110595703125]]","[0.7294921875, 0.79296875, 0.7431640625, 0.51220703125, 0.74658203125, 0.71728515625]","[[1028.6947326660156, 942.1399536132812], [1186.1035766601562, 1021.9173583984375], [595.1169128417969, 780.433837890625], [385.89686584472656, 748.1234741210938], [278.32916259765625, 815.0972290039062], [91.88566398620605, 811.7110595703125]]",425426944,410959872,425426944,576,yolo26n_int8_576_ncnn_model,MOT17-02
383,74.51001699996596,0.0,7,"[179, 68, 237, 271, 285, 299, 249]","[[952.5933227539062, 404.9649963378906, 1106.7998046875, 943.196044921875], [1075.58984375, 383.21685791015625, 1298.60498046875, 1021.7877807617188], [522.1748657226562, 404.8463134765625, 680.1268920898438, 779.98095703125], [332.7411804199219, 434.99072265625, 456.1005859375, 746.8754272460938], [195.4145965576172, 425.53851318359375, 373.9589538574219, 812.6168212890625], [48.123924255371094, 433.2275695800781, 140.8761749267578, 811.5651245117188], [732.3591918945312, 483.29254150390625, 777.9285888671875, 608.1723022460938]]","[0.68017578125, 0.798828125, 0.72216796875, 0.53173828125, 0.728515625, 0.69091796875, 0.3046875]","[[1029.6965637207031, 943.196044921875], [1187.097412109375, 1021.7877807617188], [601.15087890625, 779.98095703125], [394.42088317871094, 746.8754272460938], [284.68677520751953, 812.6168212890625], [94.50004959106445, 811.5651245117188], [755.1438903808594, 608.1723022460938]]",425426944,410959872,425426944,576,yolo26n_int8_576_ncnn_model,MOT17-02
384,64.90476899989517,0.0,7,"[179, 68, 237, 271, 285, 299, 249]","[[949.7830810546875, 406.663818359375, 1102.49560546875, 939.465576171875], [1075.6953125, 379.8465576171875, 1300.333984375, 1021.8726196289062], [527.2302856445312, 400.0469055175781, 685.7305297851562, 775.845458984375], [341.9477844238281, 435.712158203125, 461.67333984375, 744.2194213867188], [202.5562744140625, 434.6199951171875, 376.56201171875, 811.4613037109375], [50.542049407958984, 418.92864990234375, 154.01177978515625, 809.4507446289062], [732.5243530273438, 482.2030334472656, 778.0606079101562, 607.19384765625]]","[0.65380859375, 0.796875, 0.7294921875, 0.52783203125, 0.7119140625, 0.77099609375, 0.30908203125]","[[1026.1393432617188, 939.465576171875], [1188.0146484375, 1021.8726196289062], [606.4804077148438, 775.845458984375], [401.81056213378906, 744.2194213867188], [289.55914306640625, 811.4613037109375], [102.27691459655762, 809.4507446289062], [755.29248046875, 607.19384765625]]",425426944,410959872,425426944,576,yolo26n_int8_576_ncnn_model,MOT17-02
385,64.92023100008737,0.0,7,"[179, 68, 237, 271, 285, 299, 249]","[[960.1649780273438, 405.91973876953125, 1112.4957275390625, 942.7537231445312], [1077.2056884765625, 376.38238525390625, 1303.887939453125, 1021.9016723632812], [532.0643920898438, 399.61639404296875, 689.9252319335938, 774.0244750976562], [347.7888488769531, 428.970947265625, 468.5828857421875, 743.6815795898438], [216.1731414794922, 454.0028381347656, 378.7566223144531, 805.2508544921875], [50.73975372314453, 425.8753662109375, 160.31668090820312, 807.4373168945312], [732.0015258789062, 480.45257568359375, 778.1321411132812, 607.1383056640625]]","[0.54736328125, 0.748046875, 0.712890625, 0.53466796875, 0.67724609375, 0.7529296875, 0.316162109375]","[[1036.3303527832031, 942.7537231445312], [1190.5468139648438, 1021.9016723632812], [610.9948120117188, 774.0244750976562], [408.1858673095703, 743.6815795898438], [297.46488189697266, 805.2508544921875], [105.52821731567383, 807.4373168945312], [755.0668334960938, 607.1383056640625]]",425426944,410959872,425426944,576,yolo26n_int8_576_ncnn_model,MOT17-02
386,64.94356500002141,0.0,7,"[179, 68, 237, 271, 285, 299, 249]","[[962.5391235351562, 405.63458251953125, 1116.5284423828125, 952.785888671875], [1077.4150390625, 378.6563415527344, 1304.4669189453125, 1021.63525390625], [535.7350463867188, 399.4838562011719, 693.57080078125, 775.5753784179688], [357.4789123535156, 429.64093017578125, 477.46319580078125, 744.74072265625], [226.45359802246094, 454.4576110839844, 385.2626647949219, 800.731689453125], [51.13959884643555, 437.8658142089844, 166.22108459472656, 807.7896118164062], [731.80908203125, 478.1611328125, 778.7099609375, 606.5685424804688]]","[0.5712890625, 0.77099609375, 0.71875, 0.5048828125, 0.5810546875, 0.76171875, 0.392578125]","[[1039.5337829589844, 952.785888671875], [1190.9409790039062, 1021.63525390625], [614.6529235839844, 775.5753784179688], [417.47105407714844, 744.74072265625], [305.8581314086914, 800.731689453125], [108.68034172058105, 807.7896118164062], [755.259521484375, 606.5685424804688]]",425426944,410959872,425426944,576,yolo26n_int8_576_ncnn_model,MOT17-02
387,65.21421399997962,0.0,7,"[179, 68, 237, 271, 285, 299, 249]","[[967.113037109375, 407.9818115234375, 1120.7750244140625, 959.5621337890625], [1078.118896484375, 383.8157043457031, 1305.115234375, 1021.6688232421875], [539.644287109375, 401.6581726074219, 696.3707885742188, 776.1912231445312], [375.3804626464844, 451.6434631347656, 490.80029296875, 745.4622802734375], [240.7942352294922, 458.7803649902344, 393.0382080078125, 798.3507690429688], [49.21421432495117, 430.63134765625, 173.2439422607422, 805.443603515625], [731.0325927734375, 476.20684814453125, 779.0938720703125, 607.4437255859375]]","[0.5732421875, 0.73095703125, 0.76416015625, 0.60009765625, 0.53662109375, 0.76416015625, 0.39990234375]","[[1043.9440307617188, 959.5621337890625], [1191.6170654296875, 1021.6688232421875], [618.0075378417969, 776.1912231445312], [433.0903778076172, 745.4622802734375], [316.91622161865234, 798.3507690429688], [111.22907829284668, 805.443603515625], [755.063232421875, 607.4437255859375]]",425426944,410959872,425426944,576,yolo26n_int8_576_ncnn_model,MOT17-02
388,65.32669500006705,0.0,7,"[179, 68, 237, 271, 285, 299, 249]","[[967.1591796875, 404.7703552246094, 1115.156005859375, 945.4131469726562], [1076.9315185546875, 382.7389831542969, 1306.7664794921875, 1021.4039306640625], [542.5437622070312, 401.1291809082031, 697.7415771484375, 773.4208374023438], [383.7245788574219, 438.7477722167969, 507.1705322265625, 744.6619262695312], [251.73208618164062, 440.3094177246094, 406.4818115234375, 798.4205932617188], [50.15992736816406, 428.3475341796875, 181.25672912597656, 805.4257202148438], [730.455810546875, 478.4701843261719, 778.9826049804688, 610.2243041992188]]","[0.52587890625, 0.759765625, 0.771484375, 0.65625, 0.57373046875, 0.73681640625, 0.363037109375]","[[1041.1575927734375, 945.4131469726562], [1191.8489990234375, 1021.4039306640625], [620.1426696777344, 773.4208374023438], [445.4475555419922, 744.6619262695312], [329.10694885253906, 798.4205932617188], [115.70832824707031, 805.4257202148438], [754.7192077636719, 610.2243041992188]]",425426944,410959872,425426944,576,yolo26n_int8_576_ncnn_model,MOT17-02
389,65.75945499980662,0.0,7,"[179, 68, 237, 271, 285, 299, 249]","[[965.6797485351562, 401.4504089355469, 1110.9373779296875, 939.7734375], [1078.3701171875, 383.01739501953125, 1309.8665771484375, 1019.513427734375], [545.30517578125, 399.83990478515625, 698.90869140625, 770.1923217773438], [386.28814697265625, 442.68902587890625, 512.6203002929688, 745.7523803710938], [262.406982421875, 426.68768310546875, 417.1701965332031, 799.9820556640625], [51.87222671508789, 427.7708435058594, 187.43202209472656, 802.01416015625], [730.9832153320312, 477.4541931152344, 778.743896484375, 607.7406616210938]]","[0.5419921875, 0.744140625, 0.76416015625, 0.646484375, 0.53173828125, 0.734375, 0.42138671875]","[[1038.3085632324219, 939.7734375], [1194.1183471679688, 1019.513427734375], [622.10693359375, 770.1923217773438], [449.4542236328125, 745.7523803710938], [339.78858947753906, 799.9820556640625], [119.65212440490723, 802.01416015625], [754.8635559082031, 607.7406616210938]]",425426944,410959872,425426944,576,yolo26n_int8_576_ncnn_model,MOT17-02
390,66.91758500005562,0.0,7,"[179, 68, 237, 271, 285, 299, 249]","[[964.2431030273438, 401.1821594238281, 1107.90625, 938.9135131835938], [1074.151123046875, 384.6365661621094, 1306.9278564453125, 1020.5933837890625], [550.5145263671875, 407.2424011230469, 699.7442626953125, 768.8741455078125], [392.9985656738281, 457.5020446777344, 517.5595703125, 746.2053833007812], [273.6676025390625, 430.1730651855469, 421.9348449707031, 800.6505737304688], [55.93136215209961, 422.0511779785156, 196.78805541992188, 803.0933227539062], [729.0438842773438, 475.7038269042969, 778.602783203125, 610.3522338867188]]","[0.54736328125, 0.7431640625, 0.70947265625, 0.60498046875, 0.58642578125, 0.74853515625, 0.434326171875]","[[1036.0746765136719, 938.9135131835938], [1190.5394897460938, 1020.5933837890625], [625.12939453125, 768.8741455078125], [455.27906799316406, 746.2053833007812], [347.8012237548828, 800.6505737304688], [126.35970878601074, 803.0933227539062], [753.8233337402344, 610.3522338867188]]",425426944,410959872,425426944,576,yolo26n_int8_576_ncnn_model,MOT17-02
391,65.28938099995685,0.0,7,"[179, 68, 237, 271, 285, 299, 249]","[[967.6062622070312, 398.3397521972656, 1109.3743896484375, 936.9569091796875], [1073.369140625, 385.2411193847656, 1307.1728515625, 1021.0064697265625], [551.3729858398438, 405.0409851074219, 700.7197875976562, 771.2106323242188], [398.114990234375, 455.2370300292969, 524.9892578125, 743.0241088867188], [284.8675231933594, 441.6803894042969, 425.4755554199219, 801.9569702148438], [59.364898681640625, 421.1080017089844, 201.7292938232422, 801.3395385742188], [728.103271484375, 473.1645202636719, 778.7736206054688, 611.0513305664062]]","[0.5166015625, 0.72705078125, 0.66552734375, 0.56640625, 0.5087890625, 0.6962890625, 0.417724609375]","[[1038.4903259277344, 936.9569091796875], [1190.27099609375, 1021.0064697265625], [626.04638671875, 771.2106323242188], [461.5521240234375, 743.0241088867188], [355.1715393066406, 801.9569702148438], [130.5470962524414, 801.3395385742188], [753.4384460449219, 611.0513305664062]]",425426944,410959872,425426944,576,yolo26n_int8_576_ncnn_model,MOT17-02
392,65.1379360001556,0.0,7,"[179, 68, 237, 271, 285, 299, 249]","[[966.0738525390625, 396.1845703125, 1107.135009765625, 937.34423828125], [1070.806884765625, 385.4586486816406, 1305.1043701171875, 1021.1641235351562], [559.5345458984375, 410.6932373046875, 703.9857177734375, 770.0325317382812], [403.3468017578125, 440.7342834472656, 536.6427001953125, 741.0538940429688], [297.4001159667969, 440.8257141113281, 437.20556640625, 802.2379150390625], [64.22235107421875, 437.1170349121094, 201.79702758789062, 799.8765258789062], [728.8617553710938, 472.74530029296875, 778.8143310546875, 608.6025390625]]","[0.51123046875, 0.736328125, 0.6474609375, 0.619140625, 0.60693359375, 0.64990234375, 0.498046875]","[[1036.6044311523438, 937.34423828125], [1187.9556274414062, 1021.1641235351562], [631.7601318359375, 770.0325317382812], [469.9947509765625, 741.0538940429688], [367.30284118652344, 802.2379150390625], [133.0096893310547, 799.8765258789062], [753.8380432128906, 608.6025390625]]",425426944,410959872,425426944,576,yolo26n_int8_576_ncnn_model,MOT17-02
393,64.61169499993957,0.0,7,"[179, 68, 237, 271, 285, 299, 249]","[[968.386962890625, 398.1463317871094, 1107.71142578125, 936.9664306640625], [1069.1226806640625, 386.4935607910156, 1302.827392578125, 1021.361572265625], [566.5504760742188, 414.6436462402344, 704.8012084960938, 763.363525390625], [408.23394775390625, 429.39764404296875, 546.89697265625, 741.9825439453125], [307.5158386230469, 436.3750915527344, 447.6470031738281, 799.8903198242188], [71.70414733886719, 443.15911865234375, 206.7995147705078, 795.1632690429688], [728.8889770507812, 471.5199890136719, 779.1187133789062, 608.7279663085938]]","[0.5078125, 0.71923828125, 0.65576171875, 0.5966796875, 0.7060546875, 0.6748046875, 0.4990234375]","[[1038.0491943359375, 936.9664306640625], [1185.9750366210938, 1021.361572265625], [635.6758422851562, 763.363525390625], [477.5654602050781, 741.9825439453125], [377.5814208984375, 799.8903198242188], [139.2518310546875, 795.1632690429688], [754.0038452148438, 608.7279663085938]]",425426944,410959872,425426944,576,yolo26n_int8_576_ncnn_model,MOT17-02
394,64.99771400012833,0.0,7,"[179, 68, 237, 271, 285, 299, 249]","[[971.8866577148438, 399.059814453125, 1108.5418701171875, 935.6071166992188], [1069.3095703125, 386.8721008300781, 1303.3604736328125, 1021.4356079101562], [572.8268432617188, 412.8626403808594, 707.20703125, 756.2896728515625], [415.22052001953125, 433.7440490722656, 551.1611328125, 742.3652954101562], [316.7988586425781, 434.9856262207031, 458.3822326660156, 798.7677001953125], [79.78470611572266, 438.4056701660156, 218.16879272460938, 795.9990844726562], [727.707763671875, 470.80853271484375, 778.2509155273438, 609.0452880859375]]","[0.50146484375, 0.71630859375, 0.68896484375, 0.57568359375, 0.68359375, 0.5888671875, 0.491455078125]","[[1040.2142639160156, 935.6071166992188], [1186.3350219726562, 1021.4356079101562], [640.0169372558594, 756.2896728515625], [483.1908264160156, 742.3652954101562], [387.5905456542969, 798.7677001953125], [148.97674942016602, 795.9990844726562], [752.9793395996094, 609.0452880859375]]",425426944,410959872,425426944,576,yolo26n_int8_576_ncnn_model,MOT17-02
395,67.44199300010223,0.0,8,"[179, 68, 237, 271, 285, 299, 249, 303]","[[973.200927734375, 401.63018798828125, 1107.6790771484375, 937.3255004882812], [1064.92431640625, 386.3115234375, 1301.424072265625, 1032.072021484375], [578.465576171875, 412.8695068359375, 710.5728759765625, 753.0556640625], [418.9443054199219, 433.61785888671875, 552.6981201171875, 741.17333984375], [325.3837890625, 431.73040771484375, 469.883544921875, 798.9365844726562], [89.08561706542969, 433.10186767578125, 231.25143432617188, 797.7171020507812], [726.59375, 470.83740234375, 778.0465087890625, 611.0728759765625], [925.1050415039062, 436.2499694824219, 973.5615234375, 610.4166259765625]]","[0.49365234375, 0.73876953125, 0.712890625, 0.55810546875, 0.7099609375, 0.46875, 0.4638671875, 0.471435546875]","[[1040.4400024414062, 937.3255004882812], [1183.1741943359375, 1032.072021484375], [644.5192260742188, 753.0556640625], [485.8212127685547, 741.17333984375], [397.6336669921875, 798.9365844726562], [160.16852569580078, 797.7171020507812], [752.3201293945312, 611.0728759765625], [949.3332824707031, 610.4166259765625]]",425426944,410959872,425426944,576,yolo26n_int8_576_ncnn_model,MOT17-02
396,65.65056599993113,0.0,8,"[179, 68, 237, 271, 285, 299, 249, 303]","[[973.84765625, 407.1579284667969, 1106.01806640625, 940.06298828125], [1067.574462890625, 387.1845703125, 1302.987060546875, 1027.2972412109375], [587.3065185546875, 411.44842529296875, 716.4345703125, 749.9913330078125], [427.0865783691406, 433.3382873535156, 556.9969482421875, 737.71923828125], [330.5128479003906, 444.2527770996094, 473.59796142578125, 800.683837890625], [107.48027038574219, 432.6448669433594, 250.7743682861328, 799.0877685546875], [726.0493774414062, 470.6014404296875, 777.559326171875, 611.024169921875], [923.5090942382812, 443.2713928222656, 971.0723266601562, 613.6082153320312]]","[0.49755859375, 0.76611328125, 0.63623046875, 0.54833984375, 0.69482421875, 0.5322265625, 0.46044921875, 0.52685546875]","[[1039.932861328125, 940.06298828125], [1185.28076171875, 1027.2972412109375], [651.8705444335938, 749.9913330078125], [492.04176330566406, 737.71923828125], [402.05540466308594, 800.683837890625], [179.1273193359375, 799.0877685546875], [751.8043518066406, 611.024169921875], [947.2907104492188, 613.6082153320312]]",425426944,410959872,425426944,576,yolo26n_int8_576_ncnn_model,MOT17-02
397,65.98043600001802,0.0,8,"[179, 68, 237, 271, 285, 299, 249, 303]","[[974.73974609375, 415.4526672363281, 1106.8763427734375, 953.6746826171875], [1065.6224365234375, 388.60955810546875, 1302.1895751953125, 1034.237060546875], [593.4808959960938, 408.1140441894531, 719.8172607421875, 745.0457763671875], [435.5241394042969, 456.45733642578125, 553.806396484375, 737.54345703125], [325.9185485839844, 447.1441650390625, 469.50848388671875, 800.008544921875], [123.46202087402344, 453.8321533203125, 257.1087646484375, 798.1310424804688], [725.9459838867188, 471.357177734375, 777.2869262695312, 611.2662963867188], [920.1715698242188, 446.6299743652344, 967.7945556640625, 616.3238525390625]]","[0.505859375, 0.79736328125, 0.6259765625, 0.490478515625, 0.5869140625, 0.50634765625, 0.431640625, 0.57275390625]","[[1040.8080444335938, 953.6746826171875], [1183.906005859375, 1034.237060546875], [656.6490783691406, 745.0457763671875], [494.66526794433594, 737.54345703125], [397.71351623535156, 800.008544921875], [190.28539276123047, 798.1310424804688], [751.616455078125, 611.2662963867188], [943.9830627441406, 616.3238525390625]]",425426944,410959872,425426944,576,yolo26n_int8_576_ncnn_model,MOT17-02
398,66.27226999989944,0.0,8,"[179, 68, 237, 271, 285, 299, 249, 303]","[[972.0045166015625, 416.1961364746094, 1104.7181396484375, 958.8961791992188], [1069.558349609375, 387.21142578125, 1306.020263671875, 1032.1510009765625], [597.4003295898438, 409.0851135253906, 722.4155883789062, 745.5255126953125], [443.2834167480469, 458.5422058105469, 557.3973999023438, 735.2601318359375], [329.1765441894531, 442.0855712890625, 476.6079406738281, 799.2274169921875], [137.4712677001953, 461.51806640625, 268.7796325683594, 796.1021728515625], [725.6339111328125, 475.78070068359375, 775.8333129882812, 611.6220703125], [917.91162109375, 449.0355529785156, 965.6425170898438, 618.0064697265625]]","[0.4853515625, 0.78759765625, 0.67236328125, 0.4501953125, 0.69677734375, 0.61962890625, 0.349609375, 0.5478515625]","[[1038.361328125, 958.8961791992188], [1187.789306640625, 1032.1510009765625], [659.907958984375, 745.5255126953125], [500.3404083251953, 735.2601318359375], [402.8922424316406, 799.2274169921875], [203.12545013427734, 796.1021728515625], [750.7336120605469, 611.6220703125], [941.7770690917969, 618.0064697265625]]",425426944,410959872,425426944,576,yolo26n_int8_576_ncnn_model,MOT17-02
399,68.6998080000194,0.0,8,"[179, 68, 237, 271, 285, 299, 249, 303]","[[970.1096801757812, 410.114990234375, 1101.409912109375, 949.5693969726562], [1071.7900390625, 386.1130676269531, 1306.764892578125, 1027.460205078125], [602.0731201171875, 419.1617736816406, 724.248291015625, 747.1907348632812], [450.1988830566406, 463.7245178222656, 559.7628173828125, 734.4775390625], [332.1475830078125, 441.56793212890625, 480.3324890136719, 796.4815673828125], [138.99819946289062, 436.104248046875, 281.3988342285156, 796.5184936523438], [722.9483032226562, 474.9946594238281, 773.9878540039062, 612.0224609375], [915.8330078125, 447.2215270996094, 965.2730102539062, 620.8765258789062]]","[0.4990234375, 0.79443359375, 0.666015625, 0.4921875, 0.734375, 0.68115234375, 0.340087890625, 0.486572265625]","[[1035.7597961425781, 949.5693969726562], [1189.2774658203125, 1027.460205078125], [663.1607055664062, 747.1907348632812], [504.98085021972656, 734.4775390625], [406.2400360107422, 796.4815673828125], [210.19851684570312, 796.5184936523438], [748.4680786132812, 612.0224609375], [940.5530090332031, 620.8765258789062]]",425426944,410959872,425426944,576,yolo26n_int8_576_ncnn_model,MOT17-02
400,65.50958500019988,0.0,7,"[179, 68, 237, 271, 285, 299, 303]","[[970.0170288085938, 415.4632263183594, 1101.6903076171875, 958.0717163085938], [1074.285400390625, 386.2396545410156, 1309.797119140625, 1029.5128173828125], [608.9152221679688, 411.7378234863281, 733.9756469726562, 744.5628662109375], [453.4100341796875, 463.306396484375, 561.6776123046875, 734.2322387695312], [332.2878112792969, 440.2613830566406, 482.4117736816406, 796.5756225585938], [145.28086853027344, 433.2884826660156, 291.96551513671875, 796.9391479492188], [914.0712890625, 450.8707580566406, 962.8567504882812, 619.7398681640625]]","[0.50390625, 0.7734375, 0.6865234375, 0.50146484375, 0.7138671875, 0.7470703125, 0.381591796875]","[[1035.8536682128906, 958.0717163085938], [1192.041259765625, 1029.5128173828125], [671.4454345703125, 744.5628662109375], [507.5438232421875, 734.2322387695312], [407.34979248046875, 796.5756225585938], [218.6231918334961, 796.9391479492188], [938.4640197753906, 619.7398681640625]]",425426944,410959872,425426944,576,yolo26n_int8_576_ncnn_model,MOT17-02
401,64.85513899997386,0.0,8,"[179, 68, 237, 271, 285, 299, 303, 249]","[[972.1412353515625, 418.2724304199219, 1102.9232177734375, 960.4111938476562], [1074.016357421875, 386.6958923339844, 1308.822021484375, 1029.85986328125], [615.2924194335938, 404.5841369628906, 744.43896484375, 744.7608642578125], [466.3363037109375, 471.1739196777344, 571.410400390625, 738.3604125976562], [335.1925354003906, 448.31640625, 483.7356262207031, 796.9180297851562], [154.6825714111328, 433.06719970703125, 306.1158752441406, 798.5042724609375], [913.2024536132812, 450.3329162597656, 962.4334716796875, 618.6085815429688], [716.448974609375, 473.71478271484375, 768.1129760742188, 613.1338500976562]]","[0.498046875, 0.77099609375, 0.66943359375, 0.48583984375, 0.72412109375, 0.7138671875, 0.40380859375, 0.27978515625]","[[1037.5322265625, 960.4111938476562], [1191.419189453125, 1029.85986328125], [679.8656921386719, 744.7608642578125], [518.8733520507812, 738.3604125976562], [409.4640808105469, 796.9180297851562], [230.39922332763672, 798.5042724609375], [937.8179626464844, 618.6085815429688], [742.2809753417969, 613.1338500976562]]",425426944,410959872,425426944,576,yolo26n_int8_576_ncnn_model,MOT17-02
402,64.68115799998486,0.0,6,"[179, 68, 237, 271, 285, 299]","[[972.1449584960938, 412.1406555175781, 1100.8785400390625, 948.5819702148438], [1081.030029296875, 383.1489562988281, 1315.6094970703125, 1022.68017578125], [620.9435424804688, 398.6083679199219, 753.550048828125, 743.800048828125], [469.55645751953125, 461.7052307128906, 576.123291015625, 736.5759887695312], [340.3944091796875, 451.6522216796875, 487.37103271484375, 796.806640625], [157.86807250976562, 432.4945373535156, 312.34136962890625, 797.4767456054688]]","[0.5009765625, 0.72265625, 0.728515625, 0.47802734375, 0.66259765625, 0.76318359375]","[[1036.5117492675781, 948.5819702148438], [1198.3197631835938, 1022.68017578125], [687.2467956542969, 743.800048828125], [522.8398742675781, 736.5759887695312], [413.8827209472656, 796.806640625], [235.10472106933594, 797.4767456054688]]",425426944,410959872,425426944,576,yolo26n_int8_576_ncnn_model,MOT17-02
403,69.21673500005454,0.0,6,"[179, 68, 237, 271, 285, 299]","[[970.6270751953125, 415.5734558105469, 1100.495361328125, 958.1366577148438], [1080.75927734375, 377.52862548828125, 1316.6448974609375, 1019.81396484375], [626.8558349609375, 406.0872802734375, 759.4248046875, 743.6342163085938], [483.3757019042969, 459.018310546875, 589.645263671875, 734.0062255859375], [346.69683837890625, 447.0233154296875, 492.8228454589844, 790.4007568359375], [163.01812744140625, 431.5069580078125, 321.6072082519531, 796.8223876953125]]","[0.52978515625, 0.7333984375, 0.67431640625, 0.449951171875, 0.60595703125, 0.751953125]","[[1035.5612182617188, 958.1366577148438], [1198.7020874023438, 1019.81396484375], [693.1403198242188, 743.6342163085938], [536.5104827880859, 734.0062255859375], [419.7598419189453, 790.4007568359375], [242.3126678466797, 796.8223876953125]]",425426944,410959872,425426944,576,yolo26n_int8_576_ncnn_model,MOT17-02
404,66.46317700005966,0.0,6,"[179, 68, 237, 271, 285, 299]","[[971.730224609375, 416.01397705078125, 1100.8699951171875, 959.2194213867188], [1072.738525390625, 386.2958068847656, 1309.4752197265625, 1034.29150390625], [630.5463256835938, 407.90533447265625, 764.702880859375, 743.6489868164062], [490.4881896972656, 455.73626708984375, 598.485595703125, 733.0479736328125], [354.0871887207031, 442.2130432128906, 497.16400146484375, 783.3289794921875], [167.25621032714844, 436.6731872558594, 326.03790283203125, 794.3916015625]]","[0.5517578125, 0.75390625, 0.66064453125, 0.4267578125, 0.6044921875, 0.72509765625]","[[1036.3001098632812, 959.2194213867188], [1191.1068725585938, 1034.29150390625], [697.6246032714844, 743.6489868164062], [544.4868927001953, 733.0479736328125], [425.62559509277344, 783.3289794921875], [246.64705657958984, 794.3916015625]]",425426944,410959872,425426944,576,yolo26n_int8_576_ncnn_model,MOT17-02
405,64.64637999988554,0.0,6,"[179, 68, 237, 271, 285, 299]","[[973.7173461914062, 419.8614501953125, 1101.640380859375, 961.3707275390625], [1076.5205078125, 374.6805725097656, 1314.1612548828125, 1023.99755859375], [635.8185424804688, 407.34307861328125, 772.8837890625, 747.1621704101562], [496.8636474609375, 458.61798095703125, 605.8515625, 734.0914306640625], [362.121337890625, 436.794677734375, 504.18035888671875, 781.0181274414062], [167.0599822998047, 431.7676086425781, 330.9942321777344, 795.978515625]]","[0.53759765625, 0.744140625, 0.6474609375, 0.56201171875, 0.55908203125, 0.7529296875]","[[1037.6788635253906, 961.3707275390625], [1195.3408813476562, 1023.99755859375], [704.3511657714844, 747.1621704101562], [551.3576049804688, 734.0914306640625], [433.1508483886719, 781.0181274414062], [249.02710723876953, 795.978515625]]",425426944,410959872,425426944,576,yolo26n_int8_576_ncnn_model,MOT17-02
406,65.04706500004431,0.0,6,"[179, 68, 237, 271, 285, 299]","[[969.6962890625, 418.3941345214844, 1097.8809814453125, 960.6231079101562], [1068.386474609375, 381.2523498535156, 1306.8245849609375, 1037.6317138671875], [643.4020385742188, 419.7742004394531, 778.2047119140625, 744.6611938476562], [503.9198913574219, 443.3811950683594, 621.652099609375, 734.2398071289062], [375.6924743652344, 428.4477233886719, 514.5835571289062, 774.43359375], [169.5870361328125, 426.82452392578125, 336.9316711425781, 795.3478393554688]]","[0.5517578125, 0.71728515625, 0.6376953125, 0.568359375, 0.587890625, 0.75732421875]","[[1033.7886352539062, 960.6231079101562], [1187.6055297851562, 1037.6317138671875], [710.8033752441406, 744.6611938476562], [562.7859954833984, 734.2398071289062], [445.1380157470703, 774.43359375], [253.2593536376953, 795.3478393554688]]",425426944,410959872,425426944,576,yolo26n_int8_576_ncnn_model,MOT17-02
407,64.68641700007538,0.0,6,"[179, 68, 237, 271, 285, 299]","[[967.0914916992188, 419.1789855957031, 1095.3428955078125, 958.9202270507812], [1065.5, 386.22918701171875, 1301.655029296875, 1040.3138427734375], [645.273193359375, 415.1549987792969, 783.4541015625, 745.2860107421875], [505.1745910644531, 432.5041198730469, 627.4973754882812, 732.007080078125], [389.0247802734375, 427.9524841308594, 522.5183715820312, 771.6163940429688], [178.93206787109375, 427.5815124511719, 345.5872802734375, 794.7110595703125]]","[0.52880859375, 0.701171875, 0.685546875, 0.5986328125, 0.57421875, 0.65478515625]","[[1031.2171936035156, 958.9202270507812], [1183.5775146484375, 1040.3138427734375], [714.3636474609375, 745.2860107421875], [566.3359832763672, 732.007080078125], [455.7715759277344, 771.6163940429688], [262.2596740722656, 794.7110595703125]]",425426944,410959872,425426944,576,yolo26n_int8_576_ncnn_model,MOT17-02
408,65.24360299999898,0.0,7,"[179, 68, 237, 271, 285, 299, 303]","[[965.8187866210938, 416.1348571777344, 1095.7928466796875, 960.4415893554688], [1066.08203125, 389.098388671875, 1300.2320556640625, 1040.321044921875], [649.9678955078125, 413.4639892578125, 791.0008544921875, 745.5311889648438], [507.41546630859375, 427.3724365234375, 629.607177734375, 726.694091796875], [397.88739013671875, 427.1422119140625, 527.2385864257812, 769.1351928710938], [186.6131591796875, 429.0317687988281, 349.4253845214844, 788.9865112304688], [889.3424682617188, 456.8110656738281, 936.8462524414062, 609.157470703125]]","[0.55078125, 0.708984375, 0.75732421875, 0.619140625, 0.59326171875, 0.666015625, 0.4794921875]","[[1030.8058166503906, 960.4415893554688], [1183.1570434570312, 1040.321044921875], [720.484375, 745.5311889648438], [568.5113220214844, 726.694091796875], [462.56298828125, 769.1351928710938], [268.01927185058594, 788.9865112304688], [913.0943603515625, 609.157470703125]]",425426944,410959872,425426944,576,yolo26n_int8_576_ncnn_model,MOT17-02
409,65.06015800005116,0.0,7,"[179, 68, 237, 271, 285, 299, 303]","[[964.1367797851562, 414.96832275390625, 1096.099853515625, 963.18212890625], [1065.199951171875, 388.9300231933594, 1298.6522216796875, 1040.4066162109375], [652.1181030273438, 416.5234375, 793.0487060546875, 745.2391357421875], [507.7697448730469, 438.84906005859375, 625.9487915039062, 726.564697265625], [406.8902893066406, 431.32171630859375, 532.1966552734375, 770.5159301757812], [198.36224365234375, 428.3893127441406, 354.98687744140625, 779.216552734375], [885.3202514648438, 456.6917419433594, 934.801025390625, 607.5496826171875]]","[0.59619140625, 0.73681640625, 0.76123046875, 0.6240234375, 0.57666015625, 0.630859375, 0.47021484375]","[[1030.1183166503906, 963.18212890625], [1181.9260864257812, 1040.4066162109375], [722.5834045410156, 745.2391357421875], [566.8592681884766, 726.564697265625], [469.54347229003906, 770.5159301757812], [276.674560546875, 779.216552734375], [910.0606384277344, 607.5496826171875]]",425426944,410959872,425426944,576,yolo26n_int8_576_ncnn_model,MOT17-02
410,65.04147299983742,0.0,7,"[179, 68, 237, 271, 285, 299, 303]","[[966.8667602539062, 403.2691650390625, 1097.2708740234375, 943.6199951171875], [1069.450439453125, 387.6077575683594, 1300.1304931640625, 1033.928466796875], [652.5821533203125, 408.5240478515625, 797.5753784179688, 744.3251342773438], [515.7206420898438, 433.67645263671875, 635.4879150390625, 726.29443359375], [413.8444519042969, 431.2811584472656, 537.6842041015625, 772.7947998046875], [215.01353454589844, 426.2388610839844, 365.9427185058594, 775.3284912109375], [881.794921875, 454.13519287109375, 934.1227416992188, 608.47705078125]]","[0.6025390625, 0.7451171875, 0.7900390625, 0.6376953125, 0.53759765625, 0.62158203125, 0.35546875]","[[1032.0688171386719, 943.6199951171875], [1184.7904663085938, 1033.928466796875], [725.0787658691406, 744.3251342773438], [575.6042785644531, 726.29443359375], [475.7643280029297, 772.7947998046875], [290.4781265258789, 775.3284912109375], [907.9588317871094, 608.47705078125]]",425426944,410959872,425426944,576,yolo26n_int8_576_ncnn_model,MOT17-02
411,64.95193599994309,0.0,7,"[179, 68, 237, 271, 285, 299, 303]","[[967.6589965820312, 399.9072570800781, 1098.00830078125, 939.4359741210938], [1056.482177734375, 380.46368408203125, 1284.4140625, 1028.1220703125], [652.9972534179688, 412.11962890625, 798.1782836914062, 745.098876953125], [524.1597290039062, 431.8135986328125, 642.4835205078125, 722.9351806640625], [429.382080078125, 427.0216064453125, 555.523193359375, 772.4711303710938], [228.32522583007812, 433.1033935546875, 372.0122375488281, 772.9931640625], [880.9756469726562, 450.1504821777344, 935.78955078125, 610.7615966796875]]","[0.591796875, 0.75537109375, 0.763671875, 0.63134765625, 0.6025390625, 0.5615234375, 0.399169921875]","[[1032.8336486816406, 939.4359741210938], [1170.4481201171875, 1028.1220703125], [725.5877685546875, 745.098876953125], [583.3216247558594, 722.9351806640625], [492.45263671875, 772.4711303710938], [300.1687316894531, 772.9931640625], [908.3825988769531, 610.7615966796875]]",425426944,410959872,425426944,576,yolo26n_int8_576_ncnn_model,MOT17-02
412,65.25912100005371,0.0,7,"[179, 68, 237, 271, 285, 299, 303]","[[968.1116333007812, 398.6908264160156, 1098.1414794921875, 935.7109375], [1050.0655517578125, 384.38641357421875, 1273.5177001953125, 1028.140380859375], [651.3406372070312, 407.1604919433594, 798.6832885742188, 742.9389038085938], [531.5109252929688, 429.6558532714844, 649.3155517578125, 722.1043090820312], [439.1941223144531, 431.0741882324219, 564.3673095703125, 770.0712890625], [241.42544555664062, 427.7589416503906, 383.0651550292969, 773.4766235351562], [878.6255493164062, 446.1866760253906, 933.1544799804688, 607.523681640625]]","[0.599609375, 0.7421875, 0.73779296875, 0.611328125, 0.61083984375, 0.62451171875, 0.354248046875]","[[1033.1265563964844, 935.7109375], [1161.7916259765625, 1028.140380859375], [725.011962890625, 742.9389038085938], [590.4132385253906, 722.1043090820312], [501.7807159423828, 770.0712890625], [312.24530029296875, 773.4766235351562], [905.8900146484375, 607.523681640625]]",425426944,410959872,425426944,576,yolo26n_int8_576_ncnn_model,MOT17-02
413,65.32319500001904,0.0,7,"[179, 68, 237, 271, 285, 299, 303]","[[967.0040283203125, 403.5296325683594, 1097.2696533203125, 939.0615234375], [1051.060302734375, 386.99237060546875, 1271.66064453125, 1028.16162109375], [651.4354858398438, 412.9972839355469, 800.0718994140625, 747.6421508789062], [535.3594970703125, 428.07708740234375, 652.01123046875, 720.4611206054688], [445.35809326171875, 426.570556640625, 574.0020141601562, 768.6697998046875], [248.66159057617188, 435.87750244140625, 385.8589172363281, 774.6738891601562], [876.5977783203125, 445.21124267578125, 930.1770629882812, 605.7228393554688]]","[0.599609375, 0.7451171875, 0.7001953125, 0.5244140625, 0.5517578125, 0.59375, 0.260498046875]","[[1032.1368408203125, 939.0615234375], [1161.3604736328125, 1028.16162109375], [725.7536926269531, 747.6421508789062], [593.6853637695312, 720.4611206054688], [509.6800537109375, 768.6697998046875], [317.26025390625, 774.6738891601562], [903.3874206542969, 605.7228393554688]]",425426944,410959872,425426944,576,yolo26n_int8_576_ncnn_model,MOT17-02
414,65.06932499996765,0.0,7,"[179, 68, 237, 271, 285, 299, 303]","[[967.4468383789062, 397.94183349609375, 1098.29736328125, 935.692138671875], [1051.1099853515625, 392.3880615234375, 1269.2799072265625, 1030.39013671875], [653.3165283203125, 424.87158203125, 796.79296875, 746.4196166992188], [542.4340209960938, 434.8265075683594, 655.1729125976562, 720.29541015625], [441.74810791015625, 437.30377197265625, 569.7600708007812, 772.3256225585938], [254.2816162109375, 434.8245849609375, 391.5657958984375, 773.8290405273438], [874.150390625, 446.5227355957031, 926.5089111328125, 603.3993530273438]]","[0.58935546875, 0.74365234375, 0.68212890625, 0.45556640625, 0.47412109375, 0.66650390625, 0.34130859375]","[[1032.8721008300781, 935.692138671875], [1160.1949462890625, 1030.39013671875], [725.0547485351562, 746.4196166992188], [598.803466796875, 720.29541015625], [505.75408935546875, 772.3256225585938], [322.9237060546875, 773.8290405273438], [900.3296508789062, 603.3993530273438]]",425426944,410959872,425426944,576,yolo26n_int8_576_ncnn_model,MOT17-02
415,64.96539900012976,0.0,7,"[179, 68, 237, 271, 285, 299, 303]","[[966.6465454101562, 403.5785217285156, 1099.6605224609375, 950.9885864257812], [1051.719970703125, 398.1326904296875, 1265.7705078125, 1027.50732421875], [656.7532958984375, 421.534423828125, 800.302490234375, 744.8394775390625], [548.4702758789062, 428.30731201171875, 661.35205078125, 718.3450317382812], [447.1352233886719, 436.98333740234375, 577.8592529296875, 770.452880859375], [262.3992614746094, 442.4619445800781, 399.2638244628906, 775.5082397460938], [869.56396484375, 443.1476135253906, 922.3255004882812, 601.9911499023438]]","[0.546875, 0.71728515625, 0.67578125, 0.5087890625, 0.6376953125, 0.6337890625, 0.408935546875]","[[1033.1535339355469, 950.9885864257812], [1158.7452392578125, 1027.50732421875], [728.5278930664062, 744.8394775390625], [604.9111633300781, 718.3450317382812], [512.4972381591797, 770.452880859375], [330.83154296875, 775.5082397460938], [895.9447326660156, 601.9911499023438]]",425426944,410959872,425426944,576,yolo26n_int8_576_ncnn_model,MOT17-02
416,67.92132700002185,0.0,7,"[179, 68, 237, 271, 285, 299, 303]","[[962.5675048828125, 403.27044677734375, 1095.2032470703125, 948.2972412109375], [1051.2974853515625, 395.95684814453125, 1264.18310546875, 1026.28515625], [660.9476928710938, 416.8277587890625, 805.1049194335938, 743.3038940429688], [555.6564331054688, 424.5574951171875, 668.2234497070312, 716.8334350585938], [449.5851745605469, 439.06988525390625, 582.146240234375, 768.6857299804688], [279.03607177734375, 441.1436462402344, 414.6209716796875, 772.5796508789062], [867.8683471679688, 438.3406677246094, 920.9390869140625, 600.6693115234375]]","[0.5546875, 0.7041015625, 0.68701171875, 0.54248046875, 0.6708984375, 0.625, 0.432373046875]","[[1028.8853759765625, 948.2972412109375], [1157.7402954101562, 1026.28515625], [733.0263061523438, 743.3038940429688], [611.93994140625, 716.8334350585938], [515.8657073974609, 768.6857299804688], [346.8285217285156, 772.5796508789062], [894.4037170410156, 600.6693115234375]]",425426944,410959872,425426944,576,yolo26n_int8_576_ncnn_model,MOT17-02
417,65.33882500002619,0.0,7,"[179, 68, 237, 271, 285, 299, 303]","[[964.2845458984375, 400.69439697265625, 1096.8265380859375, 945.3228149414062], [1052.504638671875, 394.2736511230469, 1265.692626953125, 1026.671142578125], [669.427001953125, 420.6795654296875, 809.1373291015625, 740.4019775390625], [566.099853515625, 424.14691162109375, 676.9279174804688, 716.4418334960938], [449.86322021484375, 443.4510498046875, 584.951904296875, 770.0121459960938], [286.29364013671875, 438.67694091796875, 421.3819580078125, 770.148681640625], [865.2225952148438, 440.65673828125, 917.1322021484375, 600.47216796875]]","[0.57666015625, 0.71826171875, 0.669921875, 0.61474609375, 0.7080078125, 0.63232421875, 0.52197265625]","[[1030.5555419921875, 945.3228149414062], [1159.0986328125, 1026.671142578125], [739.2821655273438, 740.4019775390625], [621.5138854980469, 716.4418334960938], [517.4075622558594, 770.0121459960938], [353.8377990722656, 770.148681640625], [891.1773986816406, 600.47216796875]]",425426944,410959872,425426944,576,yolo26n_int8_576_ncnn_model,MOT17-02
418,65.25880599997436,0.0,7,"[179, 68, 237, 271, 285, 299, 303]","[[963.1077270507812, 402.7664489746094, 1097.095947265625, 955.4807739257812], [1056.2347412109375, 391.6767272949219, 1270.8507080078125, 1025.4530029296875], [676.1273803710938, 419.06939697265625, 814.674560546875, 741.2697143554688], [573.9794311523438, 426.11785888671875, 682.437255859375, 717.5785522460938], [446.7613830566406, 433.950927734375, 587.5991821289062, 770.5496215820312], [291.1201477050781, 434.1321716308594, 429.70672607421875, 770.67822265625], [865.3997192382812, 443.26605224609375, 915.8270874023438, 599.8863525390625]]","[0.56494140625, 0.7373046875, 0.681640625, 0.5859375, 0.7099609375, 0.70263671875, 0.392822265625]","[[1030.1018371582031, 955.4807739257812], [1163.542724609375, 1025.4530029296875], [745.4009704589844, 741.2697143554688], [628.2083435058594, 717.5785522460938], [517.1802825927734, 770.5496215820312], [360.41343688964844, 770.67822265625], [890.6134033203125, 599.8863525390625]]",425426944,410959872,425426944,576,yolo26n_int8_576_ncnn_model,MOT17-02
419,64.79226900000867,0.0,7,"[179, 68, 237, 271, 285, 299, 329]","[[960.9695434570312, 399.7352600097656, 1094.5340576171875, 952.1880493164062], [1056.0982666015625, 390.6738586425781, 1272.2525634765625, 1026.1092529296875], [680.9976806640625, 417.3517761230469, 817.4038696289062, 740.5089111328125], [582.9447631835938, 432.7025451660156, 689.0453491210938, 726.5865478515625], [446.06402587890625, 427.97296142578125, 588.9423828125, 767.7600708007812], [295.3429260253906, 434.0804443359375, 435.5975036621094, 770.3711547851562], [1161.2347412109375, 386.9999694824219, 1310.7652587890625, 907.3333129882812]]","[0.54833984375, 0.736328125, 0.67919921875, 0.5439453125, 0.6826171875, 0.74658203125, 0.451171875]","[[1027.7518005371094, 952.1880493164062], [1164.1754150390625, 1026.1092529296875], [749.2007751464844, 740.5089111328125], [635.9950561523438, 726.5865478515625], [517.5032043457031, 767.7600708007812], [365.47021484375, 770.3711547851562], [1236.0, 907.3333129882812]]",425426944,410959872,425426944,576,yolo26n_int8_576_ncnn_model,MOT17-02
420,65.08738000002268,0.0,8,"[179, 68, 237, 271, 285, 299, 329, 303]","[[964.9503784179688, 395.8470153808594, 1096.469482421875, 941.5599975585938], [1054.2149658203125, 390.28485107421875, 1270.2791748046875, 1024.1695556640625], [685.3849487304688, 414.20733642578125, 818.8907470703125, 737.2116088867188], [592.8446044921875, 434.6634216308594, 694.4291381835938, 719.5751953125], [450.13720703125, 430.63250732421875, 594.5708618164062, 772.7529907226562], [298.3998107910156, 433.51806640625, 440.64678955078125, 770.8564453125], [1159.4259033203125, 382.72509765625, 1311.03125, 910.8367309570312], [863.6359252929688, 448.9710693359375, 911.9302368164062, 600.326904296875]]","[0.55712890625, 0.73681640625, 0.6572265625, 0.5546875, 0.6591796875, 0.74267578125, 0.4638671875, 0.268798828125]","[[1030.7099304199219, 941.5599975585938], [1162.2470703125, 1024.1695556640625], [752.1378479003906, 737.2116088867188], [643.6368713378906, 719.5751953125], [522.3540344238281, 772.7529907226562], [369.52330017089844, 770.8564453125], [1235.2285766601562, 910.8367309570312], [887.7830810546875, 600.326904296875]]",425426944,410959872,425426944,576,yolo26n_int8_576_ncnn_model,MOT17-02
421,64.82760199992299,0.0,7,"[179, 68, 237, 271, 285, 299, 329]","[[963.99267578125, 406.409423828125, 1094.19091796875, 947.5885009765625], [1051.009033203125, 386.82269287109375, 1267.680419921875, 1022.3470458984375], [692.3668823242188, 420.74151611328125, 820.4439086914062, 732.6829223632812], [595.6163940429688, 429.0281677246094, 699.0628662109375, 717.7155151367188], [451.3152160644531, 430.99072265625, 595.634033203125, 772.0767822265625], [300.4288330078125, 436.895751953125, 443.8304443359375, 773.0071411132812], [1159.2890625, 388.6949462890625, 1308.0771484375, 907.1829833984375]]","[0.458740234375, 0.7509765625, 0.59912109375, 0.6064453125, 0.6630859375, 0.73876953125, 0.43310546875]","[[1029.091796875, 947.5885009765625], [1159.3447265625, 1022.3470458984375], [756.4053955078125, 732.6829223632812], [647.3396301269531, 717.7155151367188], [523.4746246337891, 772.0767822265625], [372.129638671875, 773.0071411132812], [1233.68310546875, 907.1829833984375]]",425426944,410959872,425426944,576,yolo26n_int8_576_ncnn_model,MOT17-02
422,65.33982499990998,0.0,9,"[179, 68, 237, 271, 285, 299, 329, 332, 303]","[[964.674072265625, 416.89447021484375, 1092.307373046875, 950.0122680664062], [1049.497802734375, 383.5928039550781, 1267.079833984375, 1023.607666015625], [695.4441528320312, 419.7319641113281, 821.9016723632812, 732.2699584960938], [603.0054931640625, 419.13385009765625, 710.5286254882812, 717.1871337890625], [461.9907531738281, 425.50872802734375, 604.1494140625, 766.4671020507812], [308.6023864746094, 432.10589599609375, 458.00274658203125, 771.093994140625], [1163.0189208984375, 391.0552978515625, 1312.2318115234375, 909.3635864257812], [710.334716796875, 451.2499694824219, 798.1651611328125, 742.083251953125], [860.1331787109375, 456.4045104980469, 906.5574951171875, 601.2774658203125]]","[0.422119140625, 0.76171875, 0.625, 0.62158203125, 0.6162109375, 0.76318359375, 0.43017578125, 0.381591796875, 0.3359375]","[[1028.49072265625, 950.0122680664062], [1158.288818359375, 1023.607666015625], [758.6729125976562, 732.2699584960938], [656.7670593261719, 717.1871337890625], [533.0700836181641, 766.4671020507812], [383.3025665283203, 771.093994140625], [1237.6253662109375, 909.3635864257812], [754.2499389648438, 742.083251953125], [883.3453369140625, 601.2774658203125]]",425426944,410959872,425426944,576,yolo26n_int8_576_ncnn_model,MOT17-02
423,74.91242400010378,0.0,9,"[179, 68, 237, 271, 285, 299, 329, 332, 303]","[[963.2159423828125, 410.8333435058594, 1092.2288818359375, 954.2506103515625], [1050.4244384765625, 384.3104248046875, 1268.7347412109375, 1024.379150390625], [700.5999755859375, 414.49951171875, 827.5955200195312, 732.5731201171875], [613.662109375, 424.2736511230469, 721.8198852539062, 717.9609375], [469.7417907714844, 421.673583984375, 609.91455078125, 761.7545166015625], [310.28857421875, 442.6754150390625, 458.4315185546875, 771.22265625], [1163.8641357421875, 393.1192932128906, 1315.1856689453125, 917.1864624023438], [712.0924072265625, 456.03125, 799.4675903320312, 744.9520874023438], [859.2235717773438, 461.4012756347656, 904.9389038085938, 601.5531005859375]]","[0.3408203125, 0.77001953125, 0.56640625, 0.5048828125, 0.5908203125, 0.68994140625, 0.32275390625, 0.45556640625, 0.32080078125]","[[1027.722412109375, 954.2506103515625], [1159.57958984375, 1024.379150390625], [764.0977478027344, 732.5731201171875], [667.7409973144531, 717.9609375], [539.8281707763672, 761.7545166015625], [384.36004638671875, 771.22265625], [1239.52490234375, 917.1864624023438], [755.7799987792969, 744.9520874023438], [882.0812377929688, 601.5531005859375]]",425426944,410959872,425426944,576,yolo26n_int8_576_ncnn_model,MOT17-02
424,64.84804699994129,0.0,8,"[179, 68, 237, 271, 285, 299, 329, 332]","[[967.19189453125, 460.9122009277344, 1086.6068115234375, 961.5642700195312], [1053.2476806640625, 382.4054260253906, 1274.6798095703125, 1027.989013671875], [702.2118530273438, 416.6636657714844, 827.5927124023438, 734.0968627929688], [620.6787719726562, 423.60003662109375, 731.4782104492188, 716.64306640625], [478.2332458496094, 425.91009521484375, 613.864990234375, 760.9756469726562], [313.6881408691406, 435.3002014160156, 463.7191162109375, 767.1268920898438], [1166.4764404296875, 399.6146240234375, 1316.151123046875, 915.1373291015625], [715.3359985351562, 452.7978820800781, 803.749755859375, 745.6053466796875]]","[0.281494140625, 0.7333984375, 0.62744140625, 0.63330078125, 0.62939453125, 0.68798828125, 0.41015625, 0.303955078125]","[[1026.8993530273438, 961.5642700195312], [1163.9637451171875, 1027.989013671875], [764.9022827148438, 734.0968627929688], [676.0784912109375, 716.64306640625], [546.0491180419922, 760.9756469726562], [388.70362854003906, 767.1268920898438], [1241.3137817382812, 915.1373291015625], [759.5428771972656, 745.6053466796875]]",425426944,410959872,425426944,576,yolo26n_int8_576_ncnn_model,MOT17-02
425,65.08412100015448,0.0,8,"[179, 68, 237, 271, 285, 299, 329, 332]","[[970.1918334960938, 482.4153137207031, 1083.019287109375, 954.407958984375], [1051.9287109375, 380.8824157714844, 1274.96826171875, 1031.2762451171875], [705.4722290039062, 409.08160400390625, 831.2400512695312, 732.0986328125], [623.583251953125, 427.098388671875, 735.4135131835938, 715.7559204101562], [488.5809020996094, 418.28851318359375, 622.1911010742188, 758.9370727539062], [317.46173095703125, 435.33966064453125, 467.16583251953125, 765.0963745117188], [1167.6021728515625, 399.5190124511719, 1317.361572265625, 913.1206665039062], [725.1737670898438, 456.3179931640625, 812.920654296875, 747.2857666015625]]","[0.3349609375, 0.6708984375, 0.640625, 0.55908203125, 0.57763671875, 0.69384765625, 0.53759765625, 0.30029296875]","[[1026.6055603027344, 954.407958984375], [1163.448486328125, 1031.2762451171875], [768.3561401367188, 732.0986328125], [679.4983825683594, 715.7559204101562], [555.3860015869141, 758.9370727539062], [392.31378173828125, 765.0963745117188], [1242.4818725585938, 913.1206665039062], [769.0472106933594, 747.2857666015625]]",425426944,410959872,425426944,576,yolo26n_int8_576_ncnn_model,MOT17-02
426,64.94449199999508,0.0,9,"[179, 68, 237, 271, 285, 299, 329, 332, 303]","[[976.6281127929688, 483.5268249511719, 1087.8447265625, 944.3665161132812], [1048.4459228515625, 382.5203857421875, 1271.5059814453125, 1034.70849609375], [706.4673461914062, 407.20745849609375, 832.609619140625, 733.7030639648438], [626.6006469726562, 435.7947998046875, 739.3468627929688, 718.0771484375], [497.3489074707031, 418.5021057128906, 626.6245727539062, 758.4916381835938], [322.8318176269531, 433.699462890625, 473.3869934082031, 766.0319213867188], [1168.8785400390625, 399.0878601074219, 1321.4010009765625, 919.5084838867188], [734.223388671875, 462.6116943359375, 819.0237426757812, 743.862060546875], [848.4447021484375, 454.8461608886719, 896.0838012695312, 603.26220703125]]","[0.334228515625, 0.62060546875, 0.63232421875, 0.583984375, 0.54150390625, 0.71875, 0.4921875, 0.444091796875, 0.266845703125]","[[1032.2364196777344, 944.3665161132812], [1159.9759521484375, 1034.70849609375], [769.5384826660156, 733.7030639648438], [682.9737548828125, 718.0771484375], [561.9867401123047, 758.4916381835938], [398.1094055175781, 766.0319213867188], [1245.1397705078125, 919.5084838867188], [776.6235656738281, 743.862060546875], [872.2642517089844, 603.26220703125]]",425426944,410959872,425426944,576,yolo26n_int8_576_ncnn_model,MOT17-02
427,64.93086199998288,0.0,8,"[179, 68, 237, 271, 285, 299, 329, 303]","[[967.6700439453125, 431.33001708984375, 1093.992919921875, 959.1061401367188], [1036.1634521484375, 387.8328857421875, 1254.8419189453125, 1040.108154296875], [711.301513671875, 419.25665283203125, 831.699951171875, 732.5661010742188], [629.1948852539062, 450.48114013671875, 740.441162109375, 719.80908203125], [504.47857666015625, 419.3324890136719, 629.5625, 758.7905883789062], [331.2111511230469, 429.5125732421875, 479.92657470703125, 760.0875244140625], [1174.2744140625, 401.24755859375, 1325.7265625, 918.2654418945312], [846.1179809570312, 451.19671630859375, 894.8533325195312, 606.0408935546875]]","[0.3720703125, 0.5791015625, 0.6220703125, 0.5498046875, 0.513671875, 0.69384765625, 0.50146484375, 0.30810546875]","[[1030.8314819335938, 959.1061401367188], [1145.502685546875, 1040.108154296875], [771.500732421875, 732.5661010742188], [684.8180236816406, 719.80908203125], [567.0205383300781, 758.7905883789062], [405.56886291503906, 760.0875244140625], [1250.00048828125, 918.2654418945312], [870.4856567382812, 606.0408935546875]]",425426944,410959872,425426944,576,yolo26n_int8_576_ncnn_model,MOT17-02
428,65.59441800004606,0.0,10,"[179, 68, 237, 271, 285, 299, 329, 303, 334, 332]","[[968.0444946289062, 408.9729309082031, 1096.9013671875, 951.5985717773438], [1031.4205322265625, 386.2916259765625, 1249.7734375, 1052.284423828125], [715.459716796875, 417.10986328125, 836.51318359375, 733.4185791015625], [627.8322143554688, 453.1156311035156, 738.0138549804688, 717.65185546875], [511.99737548828125, 421.48388671875, 633.1163330078125, 759.3633422851562], [341.7598876953125, 426.8352966308594, 486.6695861816406, 753.4569091796875], [1172.990966796875, 400.7027893066406, 1325.9921875, 920.1163940429688], [843.9356079101562, 451.5151672363281, 892.5519409179688, 607.5717163085938], [1708.3145751953125, 327.1249694824219, 1898.351806640625, 945.2083129882812], [740.7591552734375, 462.0867004394531, 824.2444458007812, 737.0608520507812]]","[0.45361328125, 0.5654296875, 0.58642578125, 0.53466796875, 0.6083984375, 0.62060546875, 0.58203125, 0.255859375, 0.64794921875, 0.358154296875]","[[1032.4729309082031, 951.5985717773438], [1140.5969848632812, 1052.284423828125], [775.9864501953125, 733.4185791015625], [682.9230346679688, 717.65185546875], [572.5568542480469, 759.3633422851562], [414.21473693847656, 753.4569091796875], [1249.4915771484375, 920.1163940429688], [868.2437744140625, 607.5717163085938], [1803.3331909179688, 945.2083129882812], [782.5018005371094, 737.0608520507812]]",425426944,410959872,425426944,576,yolo26n_int8_576_ncnn_model,MOT17-02
429,65.34073200009516,0.0,9,"[179, 68, 237, 271, 285, 299, 329, 303, 334]","[[969.3709716796875, 413.24188232421875, 1099.066162109375, 963.188232421875], [1031.5574951171875, 382.9836730957031, 1247.1689453125, 1055.1829833984375], [721.3402709960938, 420.86492919921875, 840.3519897460938, 732.5048828125], [628.6546020507812, 445.2946472167969, 740.468994140625, 714.35205078125], [517.3811645507812, 424.4035339355469, 636.9830932617188, 761.9652709960938], [354.33599853515625, 430.7099609375, 494.2122497558594, 752.8285522460938], [1173.0614013671875, 398.75933837890625, 1327.6361083984375, 920.1925659179688], [841.1302490234375, 458.1937561035156, 887.2882690429688, 603.7806396484375], [1680.1875, 314.26824951171875, 1875.8028564453125, 943.8005981445312]]","[0.408935546875, 0.6162109375, 0.55810546875, 0.51904296875, 0.50732421875, 0.6103515625, 0.6259765625, 0.2578125, 0.3837890625]","[[1034.2185668945312, 963.188232421875], [1139.3632202148438, 1055.1829833984375], [780.8461303710938, 732.5048828125], [684.5617980957031, 714.35205078125], [577.18212890625, 761.9652709960938], [424.2741241455078, 752.8285522460938], [1250.3487548828125, 920.1925659179688], [864.2092590332031, 603.7806396484375], [1777.9951782226562, 943.8005981445312]]",425426944,410959872,425426944,576,yolo26n_int8_576_ncnn_model,MOT17-02
430,65.74926999996933,0.0,9,"[179, 68, 237, 271, 285, 299, 329, 334, 332]","[[970.8985595703125, 413.2699890136719, 1101.04541015625, 965.1126098632812], [1041.77490234375, 382.8094482421875, 1251.478759765625, 1046.3726806640625], [729.2098999023438, 435.7365417480469, 842.53125, 730.9324951171875], [640.7391967773438, 448.47711181640625, 747.0047607421875, 709.2894287109375], [532.54052734375, 418.77142333984375, 653.546142578125, 762.00927734375], [365.73779296875, 432.3313293457031, 500.0740661621094, 749.2025756835938], [1171.9952392578125, 394.91949462890625, 1330.328369140625, 926.5624389648438], [1644.225830078125, 294.759521484375, 1863.17041015625, 988.6395263671875], [745.2313232421875, 461.85833740234375, 828.3265991210938, 735.359130859375]]","[0.54150390625, 0.66162109375, 0.51904296875, 0.361572265625, 0.6328125, 0.5908203125, 0.494140625, 0.67333984375, 0.379638671875]","[[1035.9719848632812, 965.1126098632812], [1146.6268310546875, 1046.3726806640625], [785.8705749511719, 730.9324951171875], [693.8719787597656, 709.2894287109375], [593.0433349609375, 762.00927734375], [432.9059295654297, 749.2025756835938], [1251.1618041992188, 926.5624389648438], [1753.6981201171875, 988.6395263671875], [786.7789611816406, 735.359130859375]]",425426944,410959872,425426944,576,yolo26n_int8_576_ncnn_model,MOT17-02
431,65.25928799987923,0.0,9,"[179, 68, 237, 271, 285, 299, 329, 334, 332]","[[973.2431640625, 408.4681701660156, 1102.194580078125, 955.4417724609375], [1048.2783203125, 382.75933837890625, 1252.95166015625, 1038.47900390625], [733.5538940429688, 443.28839111328125, 846.1170043945312, 734.0443115234375], [645.130615234375, 444.0177917480469, 750.87890625, 708.5257568359375], [543.2218627929688, 424.1993408203125, 663.1478881835938, 761.0836181640625], [372.9610290527344, 440.7498779296875, 500.3808898925781, 745.7018432617188], [1151.55029296875, 392.905029296875, 1338.06640625, 1028.55908203125], [1614.2188720703125, 277.6629943847656, 1847.9862060546875, 1000.2404174804688], [747.6680908203125, 468.08990478515625, 829.692138671875, 736.8133544921875]]","[0.57470703125, 0.685546875, 0.50537109375, 0.399169921875, 0.63671875, 0.51318359375, 0.40087890625, 0.6953125, 0.414306640625]","[[1037.7188720703125, 955.4417724609375], [1150.614990234375, 1038.47900390625], [789.83544921875, 734.0443115234375], [698.0047607421875, 708.5257568359375], [603.1848754882812, 761.0836181640625], [436.67095947265625, 745.7018432617188], [1244.808349609375, 1028.55908203125], [1731.1025390625, 1000.2404174804688], [788.6801147460938, 736.8133544921875]]",425426944,410959872,425426944,576,yolo26n_int8_576_ncnn_model,MOT17-02
432,65.24199199998293,0.0,8,"[179, 68, 237, 271, 285, 299, 329, 334]","[[975.4744873046875, 403.1556701660156, 1104.542236328125, 950.863525390625], [1053.385986328125, 388.2752380371094, 1253.153076171875, 1036.5635986328125], [737.7774047851562, 447.6081848144531, 848.9948120117188, 734.6190795898438], [649.976806640625, 444.58349609375, 754.288330078125, 710.495361328125], [548.7095336914062, 427.15545654296875, 668.1234741210938, 758.8120727539062], [382.2132568359375, 438.2637023925781, 506.7586975097656, 743.371826171875], [1175.17578125, 395.0104675292969, 1324.2855224609375, 891.022705078125], [1588.136474609375, 291.48583984375, 1830.471435546875, 1012.7478637695312]]","[0.625, 0.7001953125, 0.482177734375, 0.406982421875, 0.6650390625, 0.587890625, 0.494140625, 0.79638671875]","[[1040.0083618164062, 950.863525390625], [1153.26953125, 1036.5635986328125], [793.3861083984375, 734.6190795898438], [702.132568359375, 710.495361328125], [608.41650390625, 758.8120727539062], [444.48597717285156, 743.371826171875], [1249.7306518554688, 891.022705078125], [1709.303955078125, 1012.7478637695312]]",425426944,410959872,425426944,576,yolo26n_int8_576_ncnn_model,MOT17-02
433,64.6768990000055,0.0,8,"[179, 68, 237, 271, 285, 299, 329, 332]","[[977.4462890625, 403.29010009765625, 1106.4390869140625, 949.2650146484375], [1055.848388671875, 391.46112060546875, 1252.7376708984375, 1036.9390869140625], [736.7054443359375, 434.2389831542969, 852.3863525390625, 731.75732421875], [652.3643188476562, 444.2209777832031, 754.6076049804688, 707.4098510742188], [549.0804443359375, 432.4292297363281, 667.2199096679688, 758.2611694335938], [388.1140441894531, 443.1906433105469, 510.00244140625, 745.659912109375], [1195.9122314453125, 403.08184814453125, 1328.1260986328125, 826.4583740234375], [750.3314819335938, 466.5760192871094, 833.213623046875, 733.50341796875]]","[0.5869140625, 0.60791015625, 0.58837890625, 0.28564453125, 0.64501953125, 0.541015625, 0.5341796875, 0.4345703125]","[[1041.9426879882812, 949.2650146484375], [1154.2930297851562, 1036.9390869140625], [794.5458984375, 731.75732421875], [703.4859619140625, 707.4098510742188], [608.1501770019531, 758.2611694335938], [449.05824279785156, 745.659912109375], [1262.0191650390625, 826.4583740234375], [791.7725524902344, 733.50341796875]]",425426944,410959872,425426944,576,yolo26n_int8_576_ncnn_model,MOT17-02
434,65.21041699988928,0.0,8,"[179, 68, 237, 271, 285, 299, 329, 334]","[[981.49072265625, 403.0339660644531, 1109.28515625, 942.4918212890625], [1067.00732421875, 387.5288391113281, 1245.684814453125, 976.99462890625], [737.4843139648438, 426.572265625, 855.583740234375, 731.2691650390625], [667.9674682617188, 443.50445556640625, 766.8145751953125, 704.6156616210938], [552.0572509765625, 433.83087158203125, 671.8412475585938, 759.7537841796875], [396.237060546875, 446.12017822265625, 516.4261474609375, 745.4884643554688], [1205.9976806640625, 401.8063049316406, 1337.935302734375, 809.3570556640625], [1536.962646484375, 303.98651123046875, 1790.338623046875, 1014.5010986328125]]","[0.615234375, 0.328857421875, 0.6064453125, 0.31201171875, 0.65234375, 0.60009765625, 0.459716796875, 0.60205078125]","[[1045.387939453125, 942.4918212890625], [1156.3460693359375, 976.99462890625], [796.5340270996094, 731.2691650390625], [717.3910217285156, 704.6156616210938], [611.9492492675781, 759.7537841796875], [456.33160400390625, 745.4884643554688], [1271.9664916992188, 809.3570556640625], [1663.650634765625, 1014.5010986328125]]",425426944,410959872,425426944,576,yolo26n_int8_576_ncnn_model,MOT17-02
435,65.15954799988322,0.0,9,"[179, 68, 237, 271, 285, 299, 329, 339, 334]","[[986.6829223632812, 406.3458251953125, 1111.036865234375, 921.1873779296875], [1088.9810791015625, 392.41357421875, 1233.336669921875, 854.7401733398438], [736.6146850585938, 417.5987854003906, 856.6235961914062, 728.3640747070312], [679.3070678710938, 442.109375, 775.46826171875, 702.5064086914062], [554.1146240234375, 434.3238830566406, 676.0596923828125, 760.3272094726562], [400.6510009765625, 449.39849853515625, 519.6632080078125, 745.4937744140625], [1205.49267578125, 403.2724609375, 1328.4111328125, 776.57861328125], [1083.5738525390625, 383.7499694824219, 1345.0927734375, 825.583251953125], [1474.95263671875, 301.2156066894531, 1739.0181884765625, 1001.6827392578125]]","[0.548828125, 0.533203125, 0.5576171875, 0.37255859375, 0.7001953125, 0.6376953125, 0.431640625, 0.35546875, 0.75537109375]","[[1048.8598937988281, 921.1873779296875], [1161.1588745117188, 854.7401733398438], [796.619140625, 728.3640747070312], [727.3876647949219, 702.5064086914062], [615.087158203125, 760.3272094726562], [460.1571044921875, 745.4937744140625], [1266.951904296875, 776.57861328125], [1214.3333129882812, 825.583251953125], [1606.9854125976562, 1001.6827392578125]]",425426944,410959872,425426944,576,yolo26n_int8_576_ncnn_model,MOT17-02
436,65.23758499997712,0.0,9,"[179, 68, 237, 271, 285, 299, 329, 339, 334]","[[998.3880615234375, 405.7548828125, 1108.56494140625, 841.1077880859375], [1097.2138671875, 400.24615478515625, 1233.6114501953125, 825.2807006835938], [733.6598510742188, 413.3614196777344, 854.4981689453125, 725.9085693359375], [687.927978515625, 439.3617248535156, 784.3956909179688, 706.2044677734375], [555.2962036132812, 434.4780578613281, 679.5553588867188, 760.5578002929688], [408.240234375, 447.2141418457031, 527.2110595703125, 744.4403076171875], [1200.92431640625, 404.4773254394531, 1328.9892578125, 790.98291015625], [1077.028076171875, 388.68115234375, 1345.0213623046875, 842.794677734375], [1402.7197265625, 282.5592041015625, 1690.0240478515625, 1013.9303588867188]]","[0.55224609375, 0.494140625, 0.5615234375, 0.3408203125, 0.7021484375, 0.64990234375, 0.451416015625, 0.424560546875, 0.7841796875]","[[1053.4765014648438, 841.1077880859375], [1165.4126586914062, 825.2807006835938], [794.0790100097656, 725.9085693359375], [736.1618347167969, 706.2044677734375], [617.42578125, 760.5578002929688], [467.72564697265625, 744.4403076171875], [1264.956787109375, 790.98291015625], [1211.0247192382812, 842.794677734375], [1546.3718872070312, 1013.9303588867188]]",425426944,410959872,425426944,576,yolo26n_int8_576_ncnn_model,MOT17-02
437,65.10037999987617,0.0,8,"[179, 68, 237, 285, 299, 329, 334, 332]","[[1001.6224365234375, 409.2436828613281, 1110.9371337890625, 828.8339233398438], [1097.5001220703125, 396.04388427734375, 1245.4434814453125, 853.6348266601562], [726.9992065429688, 420.2693786621094, 847.4884643554688, 725.27197265625], [554.6726684570312, 434.7829895019531, 680.4119873046875, 759.274658203125], [408.789794921875, 446.9151306152344, 529.5846557617188, 747.9818725585938], [1212.531494140625, 402.0265808105469, 1322.8486328125, 726.01806640625], [1319.154052734375, 290.06524658203125, 1616.626708984375, 1010.7034912109375], [758.63623046875, 449.8922119140625, 846.5590209960938, 732.2523803710938]]","[0.591796875, 0.59326171875, 0.4345703125, 0.673828125, 0.6728515625, 0.521484375, 0.78271484375, 0.282470703125]","[[1056.27978515625, 828.8339233398438], [1171.4718017578125, 853.6348266601562], [787.2438354492188, 725.27197265625], [617.5423278808594, 759.274658203125], [469.1872253417969, 747.9818725585938], [1267.6900634765625, 726.01806640625], [1467.890380859375, 1010.7034912109375], [802.5976257324219, 732.2523803710938]]",425426944,410959872,425426944,576,yolo26n_int8_576_ncnn_model,MOT17-02
438,64.68856600008621,0.0,8,"[179, 68, 237, 285, 299, 334, 332, 271]","[[1003.3363647460938, 402.8721923828125, 1117.9044189453125, 832.5820922851562], [1100.947509765625, 395.15753173828125, 1250.34521484375, 851.8140869140625], [731.4895629882812, 419.6505126953125, 852.5204467773438, 726.1805419921875], [553.730224609375, 430.44293212890625, 681.0361328125, 756.589111328125], [411.9026794433594, 442.35736083984375, 535.3934326171875, 749.3436279296875], [1265.7744140625, 297.1999816894531, 1570.5050048828125, 1012.8983154296875], [757.9248657226562, 455.8865661621094, 845.601318359375, 733.2366333007812], [697.8009033203125, 433.54376220703125, 796.5697631835938, 709.847900390625]]","[0.6630859375, 0.69775390625, 0.440185546875, 0.68212890625, 0.6845703125, 0.7431640625, 0.34130859375, 0.3046875]","[[1060.6203918457031, 832.5820922851562], [1175.6463623046875, 851.8140869140625], [792.0050048828125, 726.1805419921875], [617.3831787109375, 756.589111328125], [473.64805603027344, 749.3436279296875], [1418.1397094726562, 1012.8983154296875], [801.7630920410156, 733.2366333007812], [747.1853332519531, 709.847900390625]]",425426944,410959872,425426944,576,yolo26n_int8_576_ncnn_model,MOT17-02
439,64.6544730000187,0.0,8,"[179, 68, 237, 285, 299, 334, 332, 271]","[[1003.303955078125, 406.0285949707031, 1123.1063232421875, 844.5297241210938], [1100.2208251953125, 400.32513427734375, 1251.69970703125, 861.1586303710938], [746.5531005859375, 418.6109924316406, 864.0055541992188, 720.765380859375], [555.9874877929688, 426.044677734375, 683.3065185546875, 751.740966796875], [419.2305908203125, 444.4549560546875, 541.9872436523438, 748.2346801757812], [1206.685791015625, 332.3669128417969, 1513.1102294921875, 1031.254638671875], [766.2547607421875, 457.2166442871094, 852.0818481445312, 732.2023315429688], [705.0704345703125, 434.722412109375, 803.3143920898438, 711.6231689453125]]","[0.68212890625, 0.572265625, 0.3212890625, 0.68212890625, 0.6181640625, 0.78955078125, 0.453857421875, 0.2744140625]","[[1063.2051391601562, 844.5297241210938], [1175.9602661132812, 861.1586303710938], [805.2793273925781, 720.765380859375], [619.6470031738281, 751.740966796875], [480.6089172363281, 748.2346801757812], [1359.8980102539062, 1031.254638671875], [809.1683044433594, 732.2023315429688], [754.1924133300781, 711.6231689453125]]",425426944,410959872,425426944,576,yolo26n_int8_576_ncnn_model,MOT17-02
440,64.60928699993929,0.0,7,"[179, 237, 285, 299, 334, 332, 271]","[[1007.5797119140625, 406.9752502441406, 1133.94287109375, 860.7349853515625], [756.1046142578125, 428.20709228515625, 867.1324462890625, 716.5292358398438], [556.8518676757812, 422.1762390136719, 685.4896240234375, 752.1466064453125], [425.0364074707031, 432.80224609375, 551.485107421875, 747.0039672851562], [1145.718994140625, 340.8716735839844, 1453.3792724609375, 1027.979736328125], [772.066162109375, 458.0147705078125, 856.0123901367188, 729.3330688476562], [715.0565795898438, 438.7437438964844, 816.2561645507812, 718.5796508789062]]","[0.69677734375, 0.26171875, 0.611328125, 0.642578125, 0.68994140625, 0.308349609375, 0.298583984375]","[[1070.7612915039062, 860.7349853515625], [811.6185302734375, 716.5292358398438], [621.1707458496094, 752.1466064453125], [488.26075744628906, 747.0039672851562], [1299.5491333007812, 1027.979736328125], [814.0392761230469, 729.3330688476562], [765.6563720703125, 718.5796508789062]]",425426944,410959872,425426944,576,yolo26n_int8_576_ncnn_model,MOT17-02
441,65.66899199992804,0.0,6,"[179, 237, 285, 299, 334, 271]","[[1002.4251098632812, 420.4312744140625, 1125.8402099609375, 860.4959106445312], [766.6865844726562, 430.7283020019531, 874.525146484375, 714.9952392578125], [558.453125, 419.09710693359375, 688.6214599609375, 753.980224609375], [430.42694091796875, 432.5689392089844, 554.7492065429688, 742.4798583984375], [1084.0135498046875, 346.8043212890625, 1392.1744384765625, 1021.3397216796875], [713.1528930664062, 437.8249206542969, 813.2868041992188, 714.9115600585938]]","[0.482177734375, 0.482177734375, 0.62646484375, 0.60205078125, 0.6875, 0.36474609375]","[[1064.1326599121094, 860.4959106445312], [820.6058654785156, 714.9952392578125], [623.5372924804688, 753.980224609375], [492.58807373046875, 742.4798583984375], [1238.093994140625, 1021.3397216796875], [763.2198486328125, 714.9115600585938]]",425426944,410959872,425426944,576,yolo26n_int8_576_ncnn_model,MOT17-02
442,65.07802800001627,0.0,5,"[285, 299, 334, 342, 332]","[[565.525390625, 421.242431640625, 693.48583984375, 751.424072265625], [438.6423645019531, 428.3855285644531, 563.62939453125, 742.6884155273438], [1027.094970703125, 353.8851318359375, 1334.4730224609375, 1015.8613891601562], [1310.310791015625, 416.5416564941406, 1451.0225830078125, 757.7916259765625], [781.5424194335938, 455.45452880859375, 863.2052001953125, 716.63525390625]]","[0.58837890625, 0.61328125, 0.646484375, 0.63037109375, 0.37255859375]","[[629.505615234375, 751.424072265625], [501.13587951660156, 742.6884155273438], [1180.7839965820312, 1015.8613891601562], [1380.6666870117188, 757.7916259765625], [822.3738098144531, 716.63525390625]]",425426944,410959872,425426944,576,yolo26n_int8_576_ncnn_model,MOT17-02
443,77.07472299989604,0.0,7,"[285, 299, 334, 342, 332, 329, 271]","[[571.7045288085938, 418.2467346191406, 698.7457275390625, 747.7118530273438], [444.8369445800781, 425.7568359375, 569.4788208007812, 743.891357421875], [978.5747680664062, 364.4837341308594, 1283.9757080078125, 1014.50732421875], [1313.7803955078125, 428.1627197265625, 1451.650634765625, 762.0494995117188], [786.5106811523438, 449.21710205078125, 868.5596923828125, 710.3877563476562], [1220.052734375, 413.32952880859375, 1361.9638671875, 836.1389770507812], [726.4815673828125, 424.8587951660156, 833.8812255859375, 712.81640625]]","[0.61669921875, 0.59765625, 0.75830078125, 0.53564453125, 0.34033203125, 0.6474609375, 0.3271484375]","[[635.2251281738281, 747.7118530273438], [507.1578826904297, 743.891357421875], [1131.2752380371094, 1014.50732421875], [1382.7155151367188, 762.0494995117188], [827.5351867675781, 710.3877563476562], [1291.00830078125, 836.1389770507812], [780.181396484375, 712.81640625]]",425426944,410959872,425426944,576,yolo26n_int8_576_ncnn_model,MOT17-02
444,65.02532499985136,0.0,6,"[285, 299, 334, 342, 332, 329]","[[580.1087646484375, 419.9091491699219, 703.7258911132812, 743.5985107421875], [450.8260498046875, 428.489501953125, 572.5439453125, 742.87744140625], [936.5148315429688, 355.725341796875, 1248.6134033203125, 1010.630615234375], [1317.6209716796875, 424.8635559082031, 1457.043701171875, 762.824951171875], [789.7744750976562, 452.38055419921875, 872.094970703125, 710.7757568359375], [1210.81103515625, 420.3629455566406, 1368.2064208984375, 900.8942260742188]]","[0.6044921875, 0.60693359375, 0.62548828125, 0.615234375, 0.390869140625, 0.446044921875]","[[641.9173278808594, 743.5985107421875], [511.68499755859375, 742.87744140625], [1092.5641174316406, 1010.630615234375], [1387.3323364257812, 762.824951171875], [830.9347229003906, 710.7757568359375], [1289.5087280273438, 900.8942260742188]]",425426944,410959872,425426944,576,yolo26n_int8_576_ncnn_model,MOT17-02
445,64.80774999999994,0.0,7,"[285, 299, 334, 342, 339, 237, 271]","[[588.5003051757812, 424.4615173339844, 709.4782104492188, 742.6508178710938], [461.35693359375, 444.6125793457031, 574.855712890625, 737.422119140625], [890.48193359375, 352.3043212890625, 1209.363525390625, 1015.8929443359375], [1321.3466796875, 422.65283203125, 1462.25439453125, 765.14013671875], [1095.1942138671875, 397.865478515625, 1393.779052734375, 922.1609497070312], [782.6211547851562, 428.9310607910156, 887.7144775390625, 711.3684692382812], [718.6661376953125, 429.7258605957031, 824.3375854492188, 710.4085083007812]]","[0.6337890625, 0.61865234375, 0.56298828125, 0.7109375, 0.68896484375, 0.414794921875, 0.378173828125]","[[648.9892578125, 742.6508178710938], [518.1063232421875, 737.422119140625], [1049.9227294921875, 1015.8929443359375], [1391.800537109375, 765.14013671875], [1244.4866333007812, 922.1609497070312], [835.1678161621094, 711.3684692382812], [771.5018615722656, 710.4085083007812]]",425426944,410959872,425426944,576,yolo26n_int8_576_ncnn_model,MOT17-02
446,65.11856599991006,0.0,6,"[285, 299, 334, 342, 339, 237]","[[597.0970458984375, 427.0177917480469, 714.15478515625, 739.2974853515625], [467.7667236328125, 448.2840576171875, 577.7139282226562, 732.2680053710938], [847.1131591796875, 337.71728515625, 1165.670654296875, 997.8282470703125], [1324.52490234375, 420.6335144042969, 1465.380859375, 764.6310424804688], [1069.3841552734375, 404.3147888183594, 1409.037109375, 1029.93798828125], [779.6304931640625, 433.23858642578125, 885.398681640625, 715.7351684570312]]","[0.68701171875, 0.66259765625, 0.701171875, 0.666015625, 0.7294921875, 0.27392578125]","[[655.6259155273438, 739.2974853515625], [522.7403259277344, 732.2680053710938], [1006.3919067382812, 997.8282470703125], [1394.952880859375, 764.6310424804688], [1239.2106323242188, 1029.93798828125], [832.5145874023438, 715.7351684570312]]",425426944,410959872,425426944,576,yolo26n_int8_576_ncnn_model,MOT17-02
447,65.02197300005719,0.0,7,"[285, 299, 334, 342, 339, 332, 271]","[[606.9436645507812, 429.0858459472656, 720.0223388671875, 738.1099243164062], [469.9627990722656, 436.8889465332031, 583.4996337890625, 731.8780517578125], [814.564697265625, 331.1930847167969, 1134.915283203125, 989.61328125], [1326.937744140625, 421.0707702636719, 1467.1976318359375, 765.5391235351562], [1066.7657470703125, 397.42254638671875, 1415.399658203125, 1067.634033203125], [797.4965209960938, 434.2642517089844, 887.2551879882812, 717.9234619140625], [724.1250610351562, 434.1025695800781, 829.3501586914062, 708.156494140625]]","[0.61181640625, 0.61767578125, 0.65283203125, 0.6376953125, 0.72607421875, 0.287109375, 0.297607421875]","[[663.4830017089844, 738.1099243164062], [526.7312164306641, 731.8780517578125], [974.739990234375, 989.61328125], [1397.0676879882812, 765.5391235351562], [1241.0827026367188, 1067.634033203125], [842.3758544921875, 717.9234619140625], [776.7376098632812, 708.156494140625]]",425426944,410959872,425426944,576,yolo26n_int8_576_ncnn_model,MOT17-02
448,64.86834300017108,0.0,6,"[285, 299, 334, 342, 339, 179]","[[614.9343872070312, 435.9674377441406, 725.2700805664062, 743.8594970703125], [482.61590576171875, 429.7784118652344, 591.623779296875, 717.2208862304688], [777.0382080078125, 327.4358215332031, 1094.6422119140625, 975.6770629882812], [1329.326904296875, 417.4842529296875, 1470.6336669921875, 767.2455444335938], [1078.946533203125, 408.9273376464844, 1416.0152587890625, 1079.6632080078125], [1042.5010986328125, 407.07330322265625, 1194.6473388671875, 960.6394653320312]]","[0.58935546875, 0.607421875, 0.65966796875, 0.70166015625, 0.62548828125, 0.55419921875]","[[670.1022338867188, 743.8594970703125], [537.1198425292969, 717.2208862304688], [935.8402099609375, 975.6770629882812], [1399.9802856445312, 767.2455444335938], [1247.4808959960938, 1079.6632080078125], [1118.57421875, 960.6394653320312]]",425426944,410959872,425426944,576,yolo26n_int8_576_ncnn_model,MOT17-02
449,65.07473299984667,0.0,6,"[285, 299, 334, 342, 339, 179]","[[619.4868774414062, 438.7763366699219, 727.461181640625, 745.7682495117188], [487.744140625, 427.8874816894531, 597.7925415039062, 720.8641967773438], [738.0567626953125, 321.9443054199219, 1057.006103515625, 970.1530151367188], [1335.0003662109375, 421.6958923339844, 1473.619384765625, 767.9581909179688], [1079.8814697265625, 398.5882263183594, 1409.507080078125, 1080.0], [1040.4708251953125, 408.9237365722656, 1194.01220703125, 962.5970458984375]]","[0.6162109375, 0.60009765625, 0.7041015625, 0.6923828125, 0.70947265625, 0.6728515625]","[[673.4740295410156, 745.7682495117188], [542.7683410644531, 720.8641967773438], [897.5314331054688, 970.1530151367188], [1404.3098754882812, 767.9581909179688], [1244.6942749023438, 1080.0], [1117.2415161132812, 962.5970458984375]]",425426944,410959872,425426944,576,yolo26n_int8_576_ncnn_model,MOT17-02
450,64.83108399993398,0.0,6,"[285, 299, 334, 342, 339, 179]","[[625.0067138671875, 439.2214050292969, 729.5946655273438, 742.6217041015625], [494.556396484375, 431.63134765625, 605.2467651367188, 726.6793212890625], [703.7223510742188, 329.7389221191406, 1021.6812133789062, 972.82275390625], [1342.3128662109375, 421.8802795410156, 1479.4117431640625, 766.1836547851562], [1083.515869140625, 381.0560607910156, 1412.0601806640625, 1080.0], [1038.4022216796875, 408.67913818359375, 1192.3768310546875, 964.083984375]]","[0.57763671875, 0.63818359375, 0.55712890625, 0.6669921875, 0.7109375, 0.64404296875]","[[677.3006896972656, 742.6217041015625], [549.9015808105469, 726.6793212890625], [862.7017822265625, 972.82275390625], [1410.8623046875, 766.1836547851562], [1247.7880249023438, 1080.0], [1115.3895263671875, 964.083984375]]",425426944,410959872,425426944,576,yolo26n_int8_576_ncnn_model,MOT17-02
451,64.76700999996865,0.0,6,"[285, 299, 334, 342, 339, 179]","[[631.395263671875, 437.3818664550781, 735.6608276367188, 745.6370849609375], [497.9245300292969, 438.8768310546875, 607.896484375, 728.6921997070312], [669.1993408203125, 343.76824951171875, 988.0654296875, 982.874267578125], [1342.9581298828125, 416.60198974609375, 1482.200927734375, 766.3255004882812], [1103.3734130859375, 378.8160095214844, 1422.062255859375, 1076.3311767578125], [1039.89892578125, 409.5743408203125, 1195.5762939453125, 967.7670288085938]]","[0.55908203125, 0.66064453125, 0.71044921875, 0.68115234375, 0.6748046875, 0.64404296875]","[[683.5280456542969, 745.6370849609375], [552.9105072021484, 728.6921997070312], [828.6323852539062, 982.874267578125], [1412.5795288085938, 766.3255004882812], [1262.7178344726562, 1076.3311767578125], [1117.7376098632812, 967.7670288085938]]",425426944,410959872,425426944,576,yolo26n_int8_576_ncnn_model,MOT17-02
452,65.08541799985323,0.0,5,"[299, 334, 342, 339, 179]","[[498.49249267578125, 430.68316650390625, 609.5897827148438, 720.490234375], [634.4364013671875, 352.0125732421875, 951.8201904296875, 983.6883544921875], [1349.7705078125, 414.3769836425781, 1489.7254638671875, 766.6305541992188], [1090.8955078125, 397.605224609375, 1403.160400390625, 1080.0], [1040.9788818359375, 411.8516845703125, 1197.10595703125, 969.2225952148438]]","[0.6328125, 0.69921875, 0.669921875, 0.5517578125, 0.69189453125]","[[554.0411376953125, 720.490234375], [793.1282958984375, 983.6883544921875], [1419.7479858398438, 766.6305541992188], [1247.0279541015625, 1080.0], [1119.0424194335938, 969.2225952148438]]",425426944,410959872,425426944,576,yolo26n_int8_576_ncnn_model,MOT17-02
453,64.92838100007248,0.0,5,"[299, 334, 342, 339, 179]","[[499.900390625, 430.5469055175781, 612.49462890625, 719.0094604492188], [599.4290771484375, 350.9599609375, 923.6080932617188, 992.55078125], [1358.048095703125, 415.9133605957031, 1496.538330078125, 766.5806274414062], [1119.37158203125, 391.1767578125, 1427.4788818359375, 1075.00439453125], [1041.0701904296875, 415.3482360839844, 1196.63916015625, 969.127685546875]]","[0.61181640625, 0.56201171875, 0.69677734375, 0.5478515625, 0.65478515625]","[[556.197509765625, 719.0094604492188], [761.5185852050781, 992.55078125], [1427.293212890625, 766.5806274414062], [1273.4252319335938, 1075.00439453125], [1118.8546752929688, 969.127685546875]]",425426944,410959872,425426944,576,yolo26n_int8_576_ncnn_model,MOT17-02
454,64.91225099989606,0.0,5,"[299, 334, 342, 339, 179]","[[504.92022705078125, 435.5050048828125, 616.9776000976562, 720.1849975585938], [551.6915283203125, 346.7684020996094, 900.295166015625, 1034.822265625], [1364.203369140625, 418.7452087402344, 1501.2977294921875, 768.75341796875], [1135.994140625, 395.7508239746094, 1441.736328125, 1074.994384765625], [1044.2086181640625, 420.3999938964844, 1198.5091552734375, 966.264404296875]]","[0.5751953125, 0.321044921875, 0.69287109375, 0.6640625, 0.65234375]","[[560.9489135742188, 720.1849975585938], [725.9933471679688, 1034.822265625], [1432.7505493164062, 768.75341796875], [1288.865234375, 1074.994384765625], [1121.35888671875, 966.264404296875]]",425426944,410959872,425426944,576,yolo26n_int8_576_ncnn_model,MOT17-02
455,65.01612199986084,0.0,6,"[299, 334, 342, 339, 179, 237]","[[507.9881591796875, 439.056640625, 616.5023193359375, 717.9205932617188], [512.2428588867188, 379.52972412109375, 857.1373901367188, 1052.6561279296875], [1368.859130859375, 422.5926208496094, 1507.0390625, 775.6359252929688], [1139.2587890625, 400.7579040527344, 1443.46337890625, 1080.0], [1054.02001953125, 413.4468994140625, 1211.1553955078125, 963.9791870117188], [805.8042602539062, 436.5489807128906, 911.042724609375, 731.0914306640625]]","[0.480224609375, 0.64501953125, 0.70751953125, 0.5361328125, 0.6953125, 0.3818359375]","[[562.2452392578125, 717.9205932617188], [684.6901245117188, 1052.6561279296875], [1437.9490966796875, 775.6359252929688], [1291.361083984375, 1080.0], [1132.5877075195312, 963.9791870117188], [858.4234924316406, 731.0914306640625]]",425426944,410959872,425426944,576,yolo26n_int8_576_ncnn_model,MOT17-02
456,64.9839359998623,0.0,6,"[334, 342, 339, 179, 237, 332]","[[479.7486877441406, 394.60943603515625, 815.0551147460938, 1035.424560546875], [1374.1427001953125, 420.31829833984375, 1513.0445556640625, 777.4972534179688], [1144.431396484375, 402.4954833984375, 1448.56103515625, 1080.0], [1059.7679443359375, 410.8304443359375, 1218.008056640625, 962.9705810546875], [806.553466796875, 434.15582275390625, 907.5135498046875, 726.4569702148438], [796.3566284179688, 414.77801513671875, 894.469482421875, 711.8350219726562]]","[0.650390625, 0.70703125, 0.7060546875, 0.71142578125, 0.360595703125, 0.413330078125]","[[647.4019012451172, 1035.424560546875], [1443.5936279296875, 777.4972534179688], [1296.4962158203125, 1080.0], [1138.8880004882812, 962.9705810546875], [857.0335083007812, 726.4569702148438], [845.4130554199219, 711.8350219726562]]",425426944,410959872,425426944,576,yolo26n_int8_576_ncnn_model,MOT17-02
457,64.9818619999678,0.0,5,"[334, 342, 339, 179, 332]","[[436.525146484375, 397.41192626953125, 787.5258178710938, 1059.2529296875], [1379.90625, 418.2117614746094, 1519.99609375, 781.5772094726562], [1145.8990478515625, 395.4588928222656, 1452.839111328125, 1080.0], [1063.6483154296875, 408.489501953125, 1222.99755859375, 964.8841552734375], [801.3866577148438, 413.2115173339844, 900.0619506835938, 712.5177612304688]]","[0.6845703125, 0.732421875, 0.74267578125, 0.75927734375, 0.4697265625]","[[612.0254821777344, 1059.2529296875], [1449.951171875, 781.5772094726562], [1299.3690795898438, 1080.0], [1143.3229370117188, 964.8841552734375], [850.7243041992188, 712.5177612304688]]",425426944,410959872,425426944,576,yolo26n_int8_576_ncnn_model,MOT17-02
458,64.9575840000125,0.0,6,"[334, 342, 339, 179, 332, 237]","[[394.1115417480469, 395.3288879394531, 755.405517578125, 1069.6480712890625], [1386.160400390625, 418.2308044433594, 1525.8868408203125, 784.43701171875], [1149.29833984375, 387.9731750488281, 1457.8341064453125, 1078.8690185546875], [1068.54833984375, 409.1291809082031, 1227.7086181640625, 968.3472900390625], [804.4830932617188, 411.57806396484375, 902.7627563476562, 709.4562377929688], [813.8995361328125, 434.5613708496094, 909.6469116210938, 723.25830078125]]","[0.64013671875, 0.73876953125, 0.7841796875, 0.75927734375, 0.465576171875, 0.3369140625]","[[574.7585296630859, 1069.6480712890625], [1456.0236206054688, 784.43701171875], [1303.5662231445312, 1078.8690185546875], [1148.1284790039062, 968.3472900390625], [853.6229248046875, 709.4562377929688], [861.7732238769531, 723.25830078125]]",425426944,410959872,425426944,576,yolo26n_int8_576_ncnn_model,MOT17-02
459,64.91378800001257,0.0,6,"[334, 342, 339, 179, 237, 285]","[[359.6224060058594, 377.27325439453125, 731.5170288085938, 1067.541015625], [1393.7835693359375, 418.24493408203125, 1535.6597900390625, 788.7432861328125], [1158.0340576171875, 384.541015625, 1467.235107421875, 1075.751708984375], [1072.156982421875, 405.86151123046875, 1231.810546875, 971.9974365234375], [816.9175415039062, 421.23858642578125, 914.8922729492188, 716.6256103515625], [677.9695434570312, 438.8257751464844, 781.5211791992188, 738.3431396484375]]","[0.7568359375, 0.7939453125, 0.81591796875, 0.77001953125, 0.442626953125, 0.462890625]","[[545.5697174072266, 1067.541015625], [1464.7216796875, 788.7432861328125], [1312.6345825195312, 1075.751708984375], [1151.9837646484375, 971.9974365234375], [865.9049072265625, 716.6256103515625], [729.745361328125, 738.3431396484375]]",425426944,410959872,425426944,576,yolo26n_int8_576_ncnn_model,MOT17-02
460,64.80956600012178,0.0,6,"[334, 342, 339, 179, 237, 285]","[[321.8897399902344, 369.82391357421875, 700.0997314453125, 1068.02392578125], [1401.8818359375, 417.02752685546875, 1546.9239501953125, 791.5411987304688], [1159.8245849609375, 383.7877197265625, 1469.8436279296875, 1075.9266357421875], [1077.2811279296875, 400.6984558105469, 1235.8525390625, 967.411865234375], [821.8975219726562, 417.9767761230469, 919.3339233398438, 712.9512329101562], [672.5931396484375, 437.953125, 778.9246215820312, 738.7946166992188]]","[0.71337890625, 0.771484375, 0.79736328125, 0.703125, 0.449951171875, 0.58203125]","[[510.99473571777344, 1068.02392578125], [1474.4028930664062, 791.5411987304688], [1314.8341064453125, 1075.9266357421875], [1156.5668334960938, 967.411865234375], [870.61572265625, 712.9512329101562], [725.7588806152344, 738.7946166992188]]",425426944,410959872,425426944,576,yolo26n_int8_576_ncnn_model,MOT17-02
461,65.13577000009718,0.0,7,"[334, 342, 339, 179, 237, 285, 299]","[[289.9424743652344, 365.2340393066406, 671.2719116210938, 1067.459716796875], [1407.8826904296875, 417.38629150390625, 1554.466552734375, 790.6214599609375], [1161.6431884765625, 383.115966796875, 1471.5120849609375, 1076.1839599609375], [1083.793701171875, 410.5146179199219, 1241.254638671875, 973.4411010742188], [821.5960083007812, 417.0570373535156, 921.90283203125, 713.5105590820312], [667.3228759765625, 434.76800537109375, 777.385009765625, 739.6251220703125], [542.6261596679688, 442.11627197265625, 649.7570190429688, 723.4715576171875]]","[0.67431640625, 0.76318359375, 0.78662109375, 0.7265625, 0.52880859375, 0.599609375, 0.33251953125]","[[480.60719299316406, 1067.459716796875], [1481.1746215820312, 790.6214599609375], [1316.57763671875, 1076.1839599609375], [1162.524169921875, 973.4411010742188], [871.7494201660156, 713.5105590820312], [722.3539428710938, 739.6251220703125], [596.1915893554688, 723.4715576171875]]",425426944,410959872,425426944,576,yolo26n_int8_576_ncnn_model,MOT17-02
462,65.2157150000221,0.0,8,"[334, 342, 339, 179, 237, 285, 363, 299]","[[283.5071716308594, 367.7933654785156, 667.0584716796875, 1077.157958984375], [1411.848876953125, 420.0008239746094, 1561.7890625, 797.5779418945312], [1163.3040771484375, 383.0230407714844, 1473.0126953125, 1075.947265625], [1089.4981689453125, 410.8866882324219, 1248.52294921875, 980.1622924804688], [821.4671020507812, 415.7986145019531, 923.7779541015625, 714.7213134765625], [669.5484008789062, 428.91815185546875, 782.8095092773438, 740.2166137695312], [1157.4783935546875, 394.7916259765625, 1676.521240234375, 1075.208251953125], [552.0577392578125, 435.0503845214844, 656.7915649414062, 710.7250366210938]]","[0.54248046875, 0.7763671875, 0.8017578125, 0.71630859375, 0.556640625, 0.55322265625, 0.331298828125, 0.404541015625]","[[475.28282165527344, 1077.157958984375], [1486.8189697265625, 797.5779418945312], [1318.1583862304688, 1075.947265625], [1169.0105590820312, 980.1622924804688], [872.6225280761719, 714.7213134765625], [726.178955078125, 740.2166137695312], [1416.9998168945312, 1075.208251953125], [604.4246520996094, 710.7250366210938]]",425426944,410959872,425426944,576,yolo26n_int8_576_ncnn_model,MOT17-02
463,76.78096299991921,0.0,8,"[334, 342, 339, 179, 237, 285, 363, 299]","[[253.74749755859375, 365.4709777832031, 639.1273193359375, 1080.0], [1414.7401123046875, 426.1779479980469, 1566.0491943359375, 802.5970458984375], [1165.0850830078125, 385.2062683105469, 1472.0972900390625, 1072.387939453125], [1090.7218017578125, 408.8526306152344, 1249.7064208984375, 980.4112548828125], [822.6668701171875, 414.2741394042969, 925.2378540039062, 713.0200805664062], [674.5028686523438, 432.5919189453125, 786.5087280273438, 738.9440307617188], [1145.8828125, 394.7916259765625, 1661.910888671875, 1072.6390380859375], [558.46142578125, 437.8210754394531, 660.8946533203125, 707.9595947265625]]","[0.65283203125, 0.73974609375, 0.76416015625, 0.716796875, 0.53271484375, 0.60107421875, 0.31005859375, 0.5234375]","[[446.4374084472656, 1080.0], [1490.3946533203125, 802.5970458984375], [1318.5911865234375, 1072.387939453125], [1170.214111328125, 980.4112548828125], [873.9523620605469, 713.0200805664062], [730.5057983398438, 738.9440307617188], [1403.8968505859375, 1072.6390380859375], [609.6780395507812, 707.9595947265625]]",425426944,410959872,425426944,576,yolo26n_int8_576_ncnn_model,MOT17-02
464,65.27208400007112,0.0,7,"[334, 342, 339, 179, 237, 285, 299]","[[217.4486846923828, 365.6416931152344, 603.7258911132812, 1080.0], [1420.1964111328125, 419.901611328125, 1576.008544921875, 806.47509765625], [1168.9259033203125, 388.4005432128906, 1473.7535400390625, 1071.826171875], [1095.24853515625, 408.0858459472656, 1256.674072265625, 986.9403076171875], [823.5870971679688, 402.07269287109375, 928.426513671875, 709.7916259765625], [681.7023315429688, 429.490478515625, 793.8946533203125, 737.4911499023438], [566.2752075195312, 446.9424133300781, 666.0191040039062, 711.1537475585938]]","[0.72509765625, 0.7529296875, 0.697265625, 0.5966796875, 0.560546875, 0.6181640625, 0.482177734375]","[[410.58728790283203, 1080.0], [1498.1024780273438, 806.47509765625], [1321.3397216796875, 1071.826171875], [1175.9613037109375, 986.9403076171875], [876.0068054199219, 709.7916259765625], [737.7984924316406, 737.4911499023438], [616.1471557617188, 711.1537475585938]]",425426944,410959872,425426944,576,yolo26n_int8_576_ncnn_model,MOT17-02
465,64.67363900014789,0.0,7,"[334, 342, 339, 179, 237, 285, 299]","[[191.4113311767578, 366.3675231933594, 578.6246337890625, 1080.0], [1427.250732421875, 418.6098937988281, 1583.12353515625, 806.7735595703125], [1179.552001953125, 398.5658874511719, 1478.135009765625, 1077.95751953125], [1105.16748046875, 406.17401123046875, 1266.0870361328125, 982.2243041992188], [824.9706420898438, 411.6598815917969, 927.3702392578125, 709.690185546875], [688.8653564453125, 428.2113342285156, 800.168701171875, 735.9952392578125], [568.2130126953125, 440.2853698730469, 670.1080322265625, 710.1531372070312]]","[0.65673828125, 0.7783203125, 0.63916015625, 0.5869140625, 0.5380859375, 0.591796875, 0.5078125]","[[385.01798248291016, 1080.0], [1505.1871337890625, 806.7735595703125], [1328.843505859375, 1077.95751953125], [1185.6272583007812, 982.2243041992188], [876.1704406738281, 709.690185546875], [744.5170288085938, 735.9952392578125], [619.1605224609375, 710.1531372070312]]",425426944,410959872,425426944,576,yolo26n_int8_576_ncnn_model,MOT17-02
466,65.10714000000917,0.0,6,"[334, 342, 339, 179, 285, 299]","[[162.5125274658203, 367.4449462890625, 551.1320190429688, 1080.0], [1432.771484375, 417.0190124511719, 1588.05078125, 807.863037109375], [1185.8897705078125, 402.3942565917969, 1478.2762451171875, 1073.5372314453125], [1112.0938720703125, 412.5910339355469, 1272.779296875, 984.1102905273438], [703.1063232421875, 427.8929748535156, 814.3623657226562, 734.205322265625], [568.7047729492188, 433.29925537109375, 673.18701171875, 712.143798828125]]","[0.64501953125, 0.763671875, 0.576171875, 0.68798828125, 0.59765625, 0.479736328125]","[[356.82227325439453, 1080.0], [1510.4111328125, 807.863037109375], [1332.0830078125, 1073.5372314453125], [1192.4365844726562, 984.1102905273438], [758.7343444824219, 734.205322265625], [620.9458923339844, 712.143798828125]]",425426944,410959872,425426944,576,yolo26n_int8_576_ncnn_model,MOT17-02
467,65.06708500000968,0.0,7,"[334, 342, 339, 179, 285, 299, 237]","[[151.5176544189453, 364.13018798828125, 532.4458618164062, 1058.32373046875], [1437.20703125, 413.14398193359375, 1591.53173828125, 807.0950927734375], [1199.8876953125, 403.78912353515625, 1488.5220947265625, 1073.9488525390625], [1115.8524169921875, 417.38592529296875, 1279.2855224609375, 994.4900512695312], [713.1673583984375, 422.4240417480469, 825.160400390625, 735.6185302734375], [573.2035522460938, 434.62445068359375, 676.25244140625, 713.3242797851562], [824.0829467773438, 401.059326171875, 928.2867431640625, 707.8507080078125]]","[0.60595703125, 0.7080078125, 0.58251953125, 0.7001953125, 0.5673828125, 0.576171875, 0.55126953125]","[[341.9817581176758, 1058.32373046875], [1514.369384765625, 807.0950927734375], [1344.2048950195312, 1073.9488525390625], [1197.5689697265625, 994.4900512695312], [769.1638793945312, 735.6185302734375], [624.7279968261719, 713.3242797851562], [876.1848449707031, 707.8507080078125]]",425426944,410959872,425426944,576,yolo26n_int8_576_ncnn_model,MOT17-02
468,64.9055659998794,0.0,7,"[334, 342, 339, 179, 285, 299, 237]","[[119.26580810546875, 382.6751403808594, 497.2993469238281, 1070.61669921875], [1444.6922607421875, 407.0415954589844, 1598.64111328125, 806.9894409179688], [1219.224853515625, 387.0097351074219, 1508.85986328125, 1071.3935546875], [1115.46630859375, 413.02325439453125, 1284.2808837890625, 1009.9329223632812], [720.1063232421875, 422.3168029785156, 831.1478881835938, 738.620849609375], [576.9338989257812, 432.983154296875, 677.7495727539062, 709.404541015625], [827.4799194335938, 405.13037109375, 928.8782348632812, 706.8400268554688]]","[0.68896484375, 0.6123046875, 0.62939453125, 0.75244140625, 0.59765625, 0.60009765625, 0.54541015625]","[[308.28257751464844, 1070.61669921875], [1521.6666870117188, 806.9894409179688], [1364.0423583984375, 1071.3935546875], [1199.8735961914062, 1009.9329223632812], [775.6271057128906, 738.620849609375], [627.3417358398438, 709.404541015625], [878.1790771484375, 706.8400268554688]]",425426944,410959872,425426944,576,yolo26n_int8_576_ncnn_model,MOT17-02
469,65.01771399985046,0.0,7,"[334, 342, 339, 179, 285, 299, 237]","[[88.07660675048828, 375.5576477050781, 466.0306701660156, 1054.8040771484375], [1455.849365234375, 410.4508972167969, 1607.8858642578125, 809.8710327148438], [1239.6031494140625, 390.8153076171875, 1522.6922607421875, 1071.19384765625], [1116.8865966796875, 405.405517578125, 1286.482421875, 1006.4656372070312], [724.0881958007812, 419.0431213378906, 833.828125, 736.504150390625], [579.4004516601562, 432.5279846191406, 677.4290771484375, 704.481201171875], [830.5426635742188, 403.073486328125, 930.493408203125, 704.5656127929688]]","[0.58837890625, 0.61181640625, 0.6591796875, 0.76953125, 0.60009765625, 0.63623046875, 0.55517578125]","[[277.05363845825195, 1054.8040771484375], [1531.8676147460938, 809.8710327148438], [1381.147705078125, 1071.19384765625], [1201.6845092773438, 1006.4656372070312], [778.9581604003906, 736.504150390625], [628.4147644042969, 704.481201171875], [880.5180358886719, 704.5656127929688]]",425426944,410959872,425426944,576,yolo26n_int8_576_ncnn_model,MOT17-02
470,66.01591799994821,0.0,7,"[334, 342, 339, 179, 285, 299, 237]","[[62.7520866394043, 379.0466613769531, 445.7289123535156, 1064.7598876953125], [1464.3350830078125, 409.07879638671875, 1614.423828125, 809.2636108398438], [1256.2958984375, 383.35369873046875, 1536.1658935546875, 1066.7740478515625], [1119.4073486328125, 400.94329833984375, 1293.6673583984375, 1020.5821533203125], [721.6010131835938, 427.97283935546875, 830.7152099609375, 735.4251708984375], [582.2669067382812, 434.19140625, 679.4315185546875, 706.3956298828125], [835.27197265625, 408.5472717285156, 931.7952270507812, 704.169189453125]]","[0.75537109375, 0.68212890625, 0.5078125, 0.77001953125, 0.6318359375, 0.6044921875, 0.59765625]","[[254.24049949645996, 1064.7598876953125], [1539.3794555664062, 809.2636108398438], [1396.2308959960938, 1066.7740478515625], [1206.537353515625, 1020.5821533203125], [776.1581115722656, 735.4251708984375], [630.8492126464844, 706.3956298828125], [883.5335998535156, 704.169189453125]]",425426944,410959872,425426944,576,yolo26n_int8_576_ncnn_model,MOT17-02
471,64.86463999999614,0.0,7,"[334, 342, 339, 179, 285, 299, 237]","[[34.66108703613281, 385.3960876464844, 418.3549499511719, 1065.5604248046875], [1472.4727783203125, 407.4906921386719, 1620.28564453125, 810.0560913085938], [1271.392822265625, 381.10284423828125, 1545.0477294921875, 1062.315185546875], [1122.6517333984375, 401.4293518066406, 1298.172607421875, 1027.9964599609375], [720.66650390625, 432.5735778808594, 831.1444091796875, 737.248291015625], [583.357666015625, 439.5240173339844, 679.8740844726562, 711.2808227539062], [837.1575317382812, 409.29278564453125, 932.0343627929688, 704.3494873046875]]","[0.79052734375, 0.6865234375, 0.489990234375, 0.78955078125, 0.69287109375, 0.61083984375, 0.552734375]","[[226.50801849365234, 1065.5604248046875], [1546.3792114257812, 810.0560913085938], [1408.2202758789062, 1062.315185546875], [1210.4121704101562, 1027.9964599609375], [775.9054565429688, 737.248291015625], [631.6158752441406, 711.2808227539062], [884.595947265625, 704.3494873046875]]",425426944,410959872,425426944,576,yolo26n_int8_576_ncnn_model,MOT17-02
472,65.01602899993486,0.0,7,"[334, 342, 339, 179, 285, 299, 237]","[[0.0, 386.91046142578125, 360.563720703125, 1066.6474609375], [1481.2288818359375, 402.5450744628906, 1627.316650390625, 808.1113891601562], [1287.6942138671875, 379.3230895996094, 1559.1778564453125, 1065.96142578125], [1127.3193359375, 401.79730224609375, 1302.65966796875, 1029.464111328125], [726.2132568359375, 434.8330383300781, 840.591064453125, 738.4862670898438], [586.8265380859375, 437.1323547363281, 683.3042602539062, 708.7313842773438], [838.6206665039062, 409.86773681640625, 932.3345336914062, 705.2826538085938]]","[0.347900390625, 0.69921875, 0.6630859375, 0.810546875, 0.6376953125, 0.59765625, 0.552734375]","[[180.2818603515625, 1066.6474609375], [1554.2727661132812, 808.1113891601562], [1423.43603515625, 1065.96142578125], [1214.989501953125, 1029.464111328125], [783.4021606445312, 738.4862670898438], [635.0653991699219, 708.7313842773438], [885.4776000976562, 705.2826538085938]]",425426944,410959872,425426944,576,yolo26n_int8_576_ncnn_model,MOT17-02
473,65.35125100003825,0.0,7,"[334, 342, 339, 179, 285, 299, 237]","[[0.0, 394.0308532714844, 361.62371826171875, 1063.701904296875], [1489.2918701171875, 401.24212646484375, 1633.53125, 808.9530639648438], [1303.150634765625, 393.3637390136719, 1569.90625, 1074.590576171875], [1130.48876953125, 401.70318603515625, 1305.9305419921875, 1032.281494140625], [725.9741821289062, 437.3238830566406, 841.6820678710938, 737.2930908203125], [589.2571411132812, 435.4010314941406, 685.4025268554688, 706.3999633789062], [842.782470703125, 417.4104309082031, 934.2166137695312, 707.1844482421875]]","[0.385498046875, 0.72021484375, 0.6328125, 0.798828125, 0.64599609375, 0.58837890625, 0.51806640625]","[[180.81185913085938, 1063.701904296875], [1561.4115600585938, 808.9530639648438], [1436.5284423828125, 1074.590576171875], [1218.2096557617188, 1032.281494140625], [783.828125, 737.2930908203125], [637.329833984375, 706.3999633789062], [888.4995422363281, 707.1844482421875]]",425426944,410959872,425426944,576,yolo26n_int8_576_ncnn_model,MOT17-02
474,65.37014000014096,0.0,7,"[334, 342, 339, 179, 285, 299, 237]","[[0.0, 382.33355712890625, 324.542236328125, 1066.849365234375], [1495.5635986328125, 404.20965576171875, 1636.58203125, 807.9990234375], [1300.105224609375, 379.7320556640625, 1568.87158203125, 1073.71240234375], [1136.3106689453125, 401.0148010253906, 1309.8719482421875, 1026.2396240234375], [725.0531616210938, 438.5162048339844, 841.4242553710938, 737.6754150390625], [591.1714477539062, 437.5146179199219, 687.1259765625, 707.1947021484375], [840.8843383789062, 414.0255126953125, 931.5736083984375, 705.2969970703125]]","[0.373291015625, 0.763671875, 0.58251953125, 0.79541015625, 0.5830078125, 0.5810546875, 0.456298828125]","[[162.2711181640625, 1066.849365234375], [1566.0728149414062, 807.9990234375], [1434.4884033203125, 1073.71240234375], [1223.09130859375, 1026.2396240234375], [783.2387084960938, 737.6754150390625], [639.1487121582031, 707.1947021484375], [886.2289733886719, 705.2969970703125]]",425426944,410959872,425426944,576,yolo26n_int8_576_ncnn_model,MOT17-02
475,65.76117800000247,0.0,8,"[334, 342, 339, 179, 285, 299, 237, 379]","[[0.0, 395.90423583984375, 328.4671630859375, 1075.8031005859375], [1501.47412109375, 403.8868408203125, 1642.4688720703125, 810.1964721679688], [1306.99267578125, 374.9036560058594, 1572.9984130859375, 1074.1612548828125], [1141.6522216796875, 401.466552734375, 1314.48681640625, 1024.150146484375], [726.727783203125, 437.8262023925781, 843.4363403320312, 738.9282836914062], [593.0986328125, 437.768310546875, 688.5103759765625, 705.8597412109375], [837.8619995117188, 415.9341735839844, 929.49072265625, 718.00048828125], [1143.396484375, 397.25, 1380.603515625, 1012.7499389648438]]","[0.7666015625, 0.72265625, 0.63427734375, 0.8017578125, 0.56396484375, 0.55419921875, 0.462890625, 0.35693359375]","[[164.23358154296875, 1075.8031005859375], [1571.9714965820312, 810.1964721679688], [1439.9955444335938, 1074.1612548828125], [1228.0695190429688, 1024.150146484375], [785.0820617675781, 738.9282836914062], [640.8045043945312, 705.8597412109375], [883.6763610839844, 718.00048828125], [1262.0, 1012.7499389648438]]",425426944,410959872,425426944,576,yolo26n_int8_576_ncnn_model,MOT17-02
476,65.55130700007794,0.0,8,"[334, 342, 339, 179, 285, 299, 237, 379]","[[0.0, 384.2189636230469, 328.2007141113281, 1074.4959716796875], [1513.818115234375, 404.88934326171875, 1656.037841796875, 810.9900512695312], [1309.3436279296875, 376.3829345703125, 1569.8082275390625, 1068.8133544921875], [1145.8944091796875, 397.1375427246094, 1320.2667236328125, 1025.5648193359375], [731.8422241210938, 435.3367614746094, 848.2643432617188, 737.1923217773438], [599.3707275390625, 431.22802734375, 696.5034790039062, 703.1648559570312], [839.9409790039062, 411.74688720703125, 929.794189453125, 710.23193359375], [1153.2066650390625, 410.6007385253906, 1388.2518310546875, 1019.9388427734375]]","[0.70947265625, 0.6845703125, 0.591796875, 0.8056640625, 0.5654296875, 0.5869140625, 0.456787109375, 0.296875]","[[164.10035705566406, 1074.4959716796875], [1584.927978515625, 810.9900512695312], [1439.575927734375, 1068.8133544921875], [1233.08056640625, 1025.5648193359375], [790.0532836914062, 737.1923217773438], [647.9371032714844, 703.1648559570312], [884.8675842285156, 710.23193359375], [1270.729248046875, 1019.9388427734375]]",425426944,410959872,425426944,576,yolo26n_int8_576_ncnn_model,MOT17-02
477,65.08319599993229,0.0,9,"[334, 342, 339, 179, 285, 299, 237, 379, 382]","[[0.0, 384.7176513671875, 280.8792724609375, 1078.6103515625], [1526.92529296875, 400.9110107421875, 1675.3331298828125, 816.7376098632812], [1318.177490234375, 377.4234313964844, 1574.260009765625, 1069.6134033203125], [1149.552001953125, 395.5262451171875, 1324.46240234375, 1027.0960693359375], [735.5116577148438, 436.8555908203125, 851.3849487304688, 736.2584838867188], [603.255126953125, 432.3614501953125, 699.9351806640625, 701.9046630859375], [841.8596801757812, 409.0029602050781, 930.9120483398438, 707.16748046875], [1161.82568359375, 414.4144592285156, 1395.8974609375, 1020.3885498046875], [622.0421142578125, 463.1666564941406, 692.2911987304688, 711.1666259765625]]","[0.453125, 0.69677734375, 0.63916015625, 0.8017578125, 0.59375, 0.56591796875, 0.490478515625, 0.27783203125, 0.352294921875]","[[140.43963623046875, 1078.6103515625], [1601.1292114257812, 816.7376098632812], [1446.21875, 1069.6134033203125], [1237.0072021484375, 1027.0960693359375], [793.4483032226562, 736.2584838867188], [651.5951538085938, 701.9046630859375], [886.3858642578125, 707.16748046875], [1278.861572265625, 1020.3885498046875], [657.1666564941406, 711.1666259765625]]",425426944,410959872,425426944,576,yolo26n_int8_576_ncnn_model,MOT17-02
478,65.21367699997427,0.0,8,"[334, 342, 339, 179, 285, 299, 237, 382]","[[0.0, 386.2496337890625, 291.41802978515625, 1068.0494384765625], [1536.6304931640625, 397.5296630859375, 1690.45263671875, 817.5074462890625], [1318.6669921875, 376.6166076660156, 1573.8359375, 1076.6346435546875], [1154.355712890625, 395.6336364746094, 1328.8726806640625, 1027.987060546875], [739.5792846679688, 436.5884094238281, 856.2197265625, 738.9529418945312], [605.767578125, 433.6545715332031, 701.5580444335938, 699.5260009765625], [838.1471557617188, 409.4961242675781, 926.8843383789062, 706.7088012695312], [623.6876220703125, 453.4779052734375, 695.0973510742188, 705.6676025390625]]","[0.60009765625, 0.75439453125, 0.59619140625, 0.79736328125, 0.54833984375, 0.5283203125, 0.472412109375, 0.308349609375]","[[145.70901489257812, 1068.0494384765625], [1613.5415649414062, 817.5074462890625], [1446.25146484375, 1076.6346435546875], [1241.6141967773438, 1027.987060546875], [797.8995056152344, 738.9529418945312], [653.6628112792969, 699.5260009765625], [882.5157470703125, 706.7088012695312], [659.3924865722656, 705.6676025390625]]",425426944,410959872,425426944,576,yolo26n_int8_576_ncnn_model,MOT17-02
479,65.40964099986013,0.0,10,"[334, 342, 339, 179, 285, 299, 237, 382, 386, 387]","[[0.0, 380.43505859375, 289.64349365234375, 1066.99072265625], [1544.9027099609375, 406.0801696777344, 1700.9119873046875, 821.0137329101562], [1326.6600341796875, 373.8794860839844, 1579.621337890625, 1075.151611328125], [1160.3658447265625, 396.81097412109375, 1333.6966552734375, 1027.130859375], [747.5016479492188, 426.0301208496094, 865.6758422851562, 737.2134399414062], [611.4998168945312, 424.7352294921875, 710.3976440429688, 701.4403076171875], [841.6765747070312, 407.22039794921875, 931.384033203125, 709.0302734375], [627.2273559570312, 446.8197326660156, 702.0572509765625, 711.3712158203125], [0.0, 374.3332824707031, 158.69137573242188, 1080.0], [897.2542724609375, 423.9166564941406, 999.078857421875, 689.4166870117188]]","[0.418212890625, 0.75927734375, 0.6298828125, 0.767578125, 0.5693359375, 0.52783203125, 0.388427734375, 0.443603515625, 0.326416015625, 0.391845703125]","[[144.82174682617188, 1066.99072265625], [1622.9073486328125, 821.0137329101562], [1453.1406860351562, 1075.151611328125], [1247.03125, 1027.130859375], [806.5887451171875, 737.2134399414062], [660.94873046875, 701.4403076171875], [886.5303039550781, 709.0302734375], [664.6423034667969, 711.3712158203125], [79.34568786621094, 1080.0], [948.1665649414062, 689.4166870117188]]",425426944,410959872,425426944,576,yolo26n_int8_576_ncnn_model,MOT17-02
480,65.25245500006349,0.0,8,"[342, 339, 179, 285, 299, 237, 386, 387]","[[1552.103759765625, 407.7710876464844, 1713.350830078125, 826.1449584960938], [1335.910400390625, 375.067138671875, 1586.079833984375, 1074.5400390625], [1164.5045166015625, 391.80279541015625, 1338.813720703125, 1027.8095703125], [755.354248046875, 419.333984375, 872.8469848632812, 732.7454223632812], [617.9693603515625, 424.9997863769531, 716.2137451171875, 702.9784545898438], [840.3685913085938, 405.5599365234375, 931.2864379882812, 717.2990112304688], [0.0, 382.7192687988281, 151.04568481445312, 1080.0], [902.3863525390625, 441.0321350097656, 998.0341186523438, 690.1829833984375]]","[0.775390625, 0.5849609375, 0.76416015625, 0.6123046875, 0.548828125, 0.47802734375, 0.409912109375, 0.438720703125]","[[1632.727294921875, 826.1449584960938], [1460.9951171875, 1074.5400390625], [1251.6591186523438, 1027.8095703125], [814.1006164550781, 732.7454223632812], [667.091552734375, 702.9784545898438], [885.8275146484375, 717.2990112304688], [75.52284240722656, 1080.0], [950.2102355957031, 690.1829833984375]]",425426944,410959872,425426944,576,yolo26n_int8_576_ncnn_model,MOT17-02
481,65.1933439999084,0.0,9,"[342, 339, 179, 285, 299, 237, 387, 392, 334]","[[1559.4781494140625, 407.8644714355469, 1725.9263916015625, 830.7508544921875], [1354.398193359375, 377.4841003417969, 1603.828369140625, 1078.3968505859375], [1167.50341796875, 387.75177001953125, 1342.27734375, 1027.99609375], [763.9642944335938, 418.4324645996094, 878.420654296875, 727.2006225585938], [624.504638671875, 434.4673767089844, 720.1217041015625, 706.3424682617188], [841.980712890625, 407.1182861328125, 931.26171875, 719.3419799804688], [905.309814453125, 439.4293518066406, 1000.48974609375, 687.1007080078125], [1340.9122314453125, 372.2082824707031, 1709.087646484375, 1076.7916259765625], [0.0, 404.97845458984375, 263.54290771484375, 1077.0517578125]]","[0.76318359375, 0.5615234375, 0.7939453125, 0.61669921875, 0.5390625, 0.4970703125, 0.51708984375, 0.414306640625, 0.5244140625]","[[1642.7022705078125, 830.7508544921875], [1479.11328125, 1078.3968505859375], [1254.890380859375, 1027.99609375], [821.1924743652344, 727.2006225585938], [672.3131713867188, 706.3424682617188], [886.6212158203125, 719.3419799804688], [952.8997802734375, 687.1007080078125], [1524.9999389648438, 1076.7916259765625], [131.77145385742188, 1077.0517578125]]",425426944,410959872,425426944,576,yolo26n_int8_576_ncnn_model,MOT17-02
482,66.7176050001217,0.0,8,"[342, 339, 179, 285, 299, 237, 387, 386]","[[1562.6883544921875, 411.5856628417969, 1730.7706298828125, 832.0178833007812], [1362.6011962890625, 383.36871337890625, 1610.9937744140625, 1079.8231201171875], [1171.3221435546875, 390.6314697265625, 1343.8592529296875, 1025.8076171875], [772.4910278320312, 420.49951171875, 883.18603515625, 726.06884765625], [624.5715942382812, 436.2060546875, 719.2376098632812, 704.0517578125], [845.550537109375, 413.76654052734375, 930.431884765625, 716.272705078125], [907.3385620117188, 440.2049865722656, 1002.44189453125, 687.156982421875], [22.71957015991211, 446.171630859375, 170.1224822998047, 1080.0]]","[0.787109375, 0.54833984375, 0.7939453125, 0.5517578125, 0.5869140625, 0.458740234375, 0.5224609375, 0.6650390625]","[[1646.7294921875, 832.0178833007812], [1486.7974853515625, 1079.8231201171875], [1257.5906982421875, 1025.8076171875], [827.8385314941406, 726.06884765625], [671.9046020507812, 704.0517578125], [887.9912109375, 716.272705078125], [954.8902282714844, 687.156982421875], [96.4210262298584, 1080.0]]",425426944,410959872,425426944,576,yolo26n_int8_576_ncnn_model,MOT17-02
483,78.95892799979265,0.0,10,"[342, 339, 179, 285, 299, 237, 387, 394, 396, 386]","[[1569.306396484375, 412.8728942871094, 1740.769775390625, 835.8377075195312], [1371.4302978515625, 387.68389892578125, 1620.57568359375, 1080.0], [1174.9674072265625, 389.17974853515625, 1346.3026123046875, 1024.2115478515625], [780.0245971679688, 425.8856201171875, 887.4487915039062, 728.8616943359375], [625.9325561523438, 438.23956298828125, 721.6914672851562, 705.1406860351562], [847.2431030273438, 420.5024108886719, 929.7201538085938, 718.6527709960938], [908.8043212890625, 439.95062255859375, 1004.5167236328125, 687.5289916992188], [1334.212646484375, 411.4166564941406, 1424.4539794921875, 713.25], [1326.92431640625, 398.74993896484375, 1437.07568359375, 983.25], [13.783426284790039, 505.8860778808594, 148.21363830566406, 1080.0]]","[0.7294921875, 0.55615234375, 0.78515625, 0.5419921875, 0.61376953125, 0.416259765625, 0.49462890625, 0.424072265625, 0.36962890625, 0.56591796875]","[[1655.0380859375, 835.8377075195312], [1496.0029907226562, 1080.0], [1260.635009765625, 1024.2115478515625], [833.7366943359375, 728.8616943359375], [673.81201171875, 705.1406860351562], [888.4816284179688, 718.6527709960938], [956.6605224609375, 687.5289916992188], [1379.3333129882812, 713.25], [1382.0, 983.25], [80.99853229522705, 1080.0]]",425426944,410959872,425426944,576,yolo26n_int8_576_ncnn_model,MOT17-02
484,66.45849300002737,0.0,10,"[342, 339, 179, 285, 299, 237, 387, 394, 396, 386]","[[1571.696533203125, 410.880126953125, 1746.2626953125, 839.665771484375], [1374.7264404296875, 377.990234375, 1628.0147705078125, 1080.0], [1179.87158203125, 396.5009460449219, 1347.780029296875, 1022.327392578125], [784.2985229492188, 426.9743957519531, 888.314697265625, 726.4926147460938], [629.6461791992188, 440.9234313964844, 726.3251342773438, 706.9374389648438], [848.958740234375, 426.8657531738281, 929.4205932617188, 722.2860717773438], [912.1536254882812, 453.6353454589844, 1004.562255859375, 691.5305786132812], [1336.9505615234375, 415.104248046875, 1429.0911865234375, 723.80419921875], [1326.9346923828125, 400.35101318359375, 1436.5528564453125, 982.673583984375], [26.212282180786133, 542.9404296875, 134.34002685546875, 990.6129150390625]]","[0.708984375, 0.4951171875, 0.79833984375, 0.5185546875, 0.5888671875, 0.381591796875, 0.46044921875, 0.254638671875, 0.482177734375, 0.410888671875]","[[1658.9796142578125, 839.665771484375], [1501.37060546875, 1080.0], [1263.8258056640625, 1022.327392578125], [836.3066101074219, 726.4926147460938], [677.9856567382812, 706.9374389648438], [889.1896667480469, 722.2860717773438], [958.3579406738281, 691.5305786132812], [1383.0208740234375, 723.80419921875], [1381.7437744140625, 982.673583984375], [80.27615451812744, 990.6129150390625]]",425426944,410959872,425426944,576,yolo26n_int8_576_ncnn_model,MOT17-02
485,66.32889999991676,0.0,10,"[342, 339, 179, 285, 299, 237, 387, 396, 386, 399]","[[1576.0269775390625, 417.74822998046875, 1750.906005859375, 846.4916381835938], [1381.8837890625, 386.94757080078125, 1635.32568359375, 1080.0], [1186.52587890625, 395.5908203125, 1354.2496337890625, 1024.196044921875], [790.3916625976562, 423.6559143066406, 892.6056518554688, 722.7217407226562], [636.4924926757812, 446.88873291015625, 731.1856689453125, 704.8511352539062], [852.3992309570312, 427.3987121582031, 934.2064208984375, 733.1668090820312], [915.5706787109375, 457.1307067871094, 1005.6724853515625, 688.2298583984375], [1327.6768798828125, 407.0533752441406, 1435.6380615234375, 981.5062866210938], [20.84747314453125, 550.6841430664062, 124.69476318359375, 971.2886962890625], [1089.7235107421875, 433.5832824707031, 1151.609619140625, 595.0833129882812]]","[0.69189453125, 0.59326171875, 0.81591796875, 0.486328125, 0.5439453125, 0.288818359375, 0.422119140625, 0.568359375, 0.45703125, 0.361572265625]","[[1663.4664916992188, 846.4916381835938], [1508.604736328125, 1080.0], [1270.3877563476562, 1024.196044921875], [841.4986572265625, 722.7217407226562], [683.8390808105469, 704.8511352539062], [893.3028259277344, 733.1668090820312], [960.62158203125, 688.2298583984375], [1381.657470703125, 981.5062866210938], [72.7711181640625, 971.2886962890625], [1120.6665649414062, 595.0833129882812]]",425426944,410959872,425426944,576,yolo26n_int8_576_ncnn_model,MOT17-02
486,65.60527000010552,0.0,10,"[342, 339, 179, 285, 299, 237, 387, 396, 386, 399]","[[1577.749755859375, 416.8078308105469, 1755.2686767578125, 854.7554321289062], [1382.91796875, 382.10931396484375, 1641.3311767578125, 1078.655029296875], [1192.5731201171875, 397.86962890625, 1359.428466796875, 1024.4569091796875], [797.5123901367188, 430.4423522949219, 897.848876953125, 725.4938354492188], [641.5596313476562, 442.1209411621094, 739.1389770507812, 703.2205200195312], [858.1915893554688, 429.330078125, 936.8624267578125, 727.76171875], [918.4495239257812, 452.5608215332031, 1008.8705444335938, 685.6088256835938], [1335.0745849609375, 399.9590148925781, 1444.5692138671875, 983.9939575195312], [12.47380256652832, 581.2376708984375, 109.23755645751953, 968.2716674804688], [1088.17822265625, 431.30615234375, 1152.1287841796875, 598.3868408203125]]","[0.71337890625, 0.59765625, 0.7998046875, 0.4951171875, 0.58837890625, 0.2783203125, 0.489013671875, 0.54345703125, 0.487548828125, 0.402587890625]","[[1666.5092163085938, 854.7554321289062], [1512.1245727539062, 1078.655029296875], [1276.0007934570312, 1024.4569091796875], [847.6806335449219, 725.4938354492188], [690.3493041992188, 703.2205200195312], [897.5270080566406, 727.76171875], [963.6600341796875, 685.6088256835938], [1389.8218994140625, 983.9939575195312], [60.855679512023926, 968.2716674804688], [1120.1535034179688, 598.3868408203125]]",425426944,410959872,425426944,576,yolo26n_int8_576_ncnn_model,MOT17-02
487,65.1660290000109,0.0,10,"[342, 339, 179, 285, 299, 237, 387, 396, 399, 402]","[[1582.1190185546875, 417.10577392578125, 1759.274658203125, 858.1895751953125], [1384.669189453125, 381.93609619140625, 1646.096435546875, 1079.7313232421875], [1201.3275146484375, 396.8117370605469, 1371.1126708984375, 1028.65673828125], [806.8386840820312, 436.3489685058594, 906.082763671875, 724.3653564453125], [645.0252075195312, 430.5564270019531, 746.8350219726562, 701.3893432617188], [860.7472534179688, 434.4378662109375, 937.4715576171875, 732.1931762695312], [921.1339111328125, 459.41033935546875, 1009.3148803710938, 687.5657958984375], [1341.4130859375, 402.6721496582031, 1445.8555908203125, 961.7085571289062], [1087.2921142578125, 434.19561767578125, 1150.1224365234375, 598.3897094726562], [338.5927734375, 481.4999694824219, 461.49053955078125, 660.1666259765625]]","[0.69140625, 0.69921875, 0.79443359375, 0.464599609375, 0.58447265625, 0.31494140625, 0.52978515625, 0.3544921875, 0.322509765625, 0.376953125]","[[1670.6968383789062, 858.1895751953125], [1515.3828125, 1079.7313232421875], [1286.2200927734375, 1028.65673828125], [856.4607238769531, 724.3653564453125], [695.9301147460938, 701.3893432617188], [899.1094055175781, 732.1931762695312], [965.2243957519531, 687.5657958984375], [1393.6343383789062, 961.7085571289062], [1118.707275390625, 598.3897094726562], [400.0416564941406, 660.1666259765625]]",425426944,410959872,425426944,576,yolo26n_int8_576_ncnn_model,MOT17-02
488,66.05469700002686,0.0,10,"[342, 339, 179, 285, 299, 387, 396, 399, 402, 394]","[[1585.6705322265625, 417.1917724609375, 1761.66455078125, 861.552978515625], [1385.4013671875, 372.65966796875, 1652.7813720703125, 1077.091552734375], [1207.9681396484375, 400.5306091308594, 1378.424072265625, 1026.08935546875], [815.1166381835938, 430.0243835449219, 918.4456176757812, 724.6741943359375], [644.9071044921875, 425.5461120605469, 748.7216186523438, 700.3065795898438], [927.5112915039062, 464.0523681640625, 1013.0281982421875, 688.3123168945312], [1347.9705810546875, 394.6231689453125, 1450.020263671875, 941.3189697265625], [1088.3826904296875, 431.6247253417969, 1153.134033203125, 600.6180419921875], [333.47406005859375, 485.1023254394531, 458.9621887207031, 667.9401245117188], [1353.64306640625, 419.0865783691406, 1448.6578369140625, 737.9356079101562]]","[0.6416015625, 0.6865234375, 0.82568359375, 0.59716796875, 0.62744140625, 0.42626953125, 0.343994140625, 0.348388671875, 0.3818359375, 0.2802734375]","[[1673.6675415039062, 861.552978515625], [1519.0913696289062, 1077.091552734375], [1293.1961059570312, 1026.08935546875], [866.7811279296875, 724.6741943359375], [696.8143615722656, 700.3065795898438], [970.2697448730469, 688.3123168945312], [1398.9954223632812, 941.3189697265625], [1120.7583618164062, 600.6180419921875], [396.21812438964844, 667.9401245117188], [1401.1504516601562, 737.9356079101562]]",425426944,410959872,425426944,576,yolo26n_int8_576_ncnn_model,MOT17-02
489,65.57786200005467,0.0,9,"[342, 339, 179, 285, 299, 387, 396, 399, 379]","[[1589.4073486328125, 415.2903747558594, 1761.887939453125, 861.3441772460938], [1385.3109130859375, 369.85504150390625, 1656.29345703125, 1076.488037109375], [1212.2508544921875, 400.56842041015625, 1385.6361083984375, 1028.6527099609375], [817.2144775390625, 421.7906799316406, 925.8045654296875, 726.3165283203125], [650.3373413085938, 431.8379821777344, 755.088134765625, 702.639404296875], [928.119873046875, 460.4375, 1013.5911865234375, 686.8792114257812], [1357.5018310546875, 407.7696533203125, 1452.10302734375, 907.0086059570312], [1091.9752197265625, 430.1871643066406, 1158.0396728515625, 603.0846557617188], [1235.4180908203125, 400.0909118652344, 1484.3624267578125, 1020.7753295898438]]","[0.59814453125, 0.67724609375, 0.8076171875, 0.63818359375, 0.6630859375, 0.4658203125, 0.38623046875, 0.39453125, 0.356201171875]","[[1675.6476440429688, 861.3441772460938], [1520.8021850585938, 1076.488037109375], [1298.9434814453125, 1028.6527099609375], [871.509521484375, 726.3165283203125], [702.7127380371094, 702.639404296875], [970.8555297851562, 686.8792114257812], [1404.8024291992188, 907.0086059570312], [1125.0074462890625, 603.0846557617188], [1359.8902587890625, 1020.7753295898438]]",425426944,410959872,425426944,576,yolo26n_int8_576_ncnn_model,MOT17-02
490,65.30504700003803,0.0,9,"[342, 339, 179, 285, 299, 387, 396, 399, 379]","[[1594.0771484375, 412.2197265625, 1766.9970703125, 872.1967163085938], [1387.55712890625, 374.8695068359375, 1659.2420654296875, 1074.602294921875], [1212.058349609375, 398.9207458496094, 1388.664306640625, 1031.2362060546875], [818.8255004882812, 421.95147705078125, 929.5703735351562, 726.9552612304688], [648.1495361328125, 425.2152404785156, 756.481689453125, 701.6320190429688], [931.4404907226562, 455.09075927734375, 1017.2738647460938, 685.8062133789062], [1366.256103515625, 413.7052001953125, 1460.1749267578125, 901.5264892578125], [1090.2640380859375, 428.9792785644531, 1155.8045654296875, 599.9954223632812], [1231.1754150390625, 402.35943603515625, 1487.148681640625, 1024.7086181640625]]","[0.489990234375, 0.7158203125, 0.81787109375, 0.63623046875, 0.66748046875, 0.544921875, 0.393798828125, 0.39501953125, 0.432373046875]","[[1680.537109375, 872.1967163085938], [1523.3995971679688, 1074.602294921875], [1300.361328125, 1031.2362060546875], [874.1979370117188, 726.9552612304688], [702.3156127929688, 701.6320190429688], [974.357177734375, 685.8062133789062], [1413.2155151367188, 901.5264892578125], [1123.0343017578125, 599.9954223632812], [1359.1620483398438, 1024.7086181640625]]",425426944,410959872,425426944,576,yolo26n_int8_576_ncnn_model,MOT17-02
491,65.47440000008464,0.0,9,"[342, 339, 179, 285, 299, 387, 396, 399, 379]","[[1608.288330078125, 405.9130859375, 1777.797119140625, 858.6336059570312], [1381.722412109375, 389.1029357910156, 1648.896728515625, 1075.94873046875], [1214.656982421875, 399.93603515625, 1393.3399658203125, 1030.529296875], [822.1776123046875, 422.87554931640625, 934.351806640625, 726.3966674804688], [648.5293579101562, 427.5418701171875, 756.6802368164062, 700.8553466796875], [938.3359375, 454.98028564453125, 1021.6964111328125, 683.4754028320312], [1371.63330078125, 415.74725341796875, 1467.103759765625, 904.6835327148438], [1097.425537109375, 429.29388427734375, 1160.865966796875, 596.9046020507812], [1230.4232177734375, 400.624755859375, 1489.6961669921875, 1019.670166015625]]","[0.71435546875, 0.68603515625, 0.79638671875, 0.65869140625, 0.67919921875, 0.50927734375, 0.4052734375, 0.2880859375, 0.546875]","[[1693.042724609375, 858.6336059570312], [1515.3095703125, 1075.94873046875], [1303.9984741210938, 1030.529296875], [878.2647094726562, 726.3966674804688], [702.6047973632812, 700.8553466796875], [980.0161743164062, 683.4754028320312], [1419.3685302734375, 904.6835327148438], [1129.145751953125, 596.9046020507812], [1360.0596923828125, 1019.670166015625]]",425426944,410959872,425426944,576,yolo26n_int8_576_ncnn_model,MOT17-02
492,65.79773399994338,0.0,10,"[342, 339, 179, 285, 299, 387, 396, 399, 379, 406]","[[1617.1392822265625, 403.8586730957031, 1784.735595703125, 856.0164184570312], [1392.7591552734375, 388.7980651855469, 1655.7108154296875, 1071.048828125], [1215.3511962890625, 405.8235778808594, 1395.010986328125, 1031.3175048828125], [821.0606079101562, 426.0083923339844, 934.8104858398438, 727.846923828125], [651.4658203125, 430.5545349121094, 759.6930541992188, 700.7098388671875], [945.2313232421875, 447.8806457519531, 1030.019775390625, 682.8945922851562], [1380.3004150390625, 403.44036865234375, 1478.4520263671875, 893.8344116210938], [1095.2032470703125, 426.8721008300781, 1159.463134765625, 597.1790771484375], [1223.437744140625, 408.1376647949219, 1486.9771728515625, 1027.2755126953125], [721.2477416992188, 443.25, 777.0855102539062, 586.0833129882812]]","[0.67578125, 0.3896484375, 0.8154296875, 0.65380859375, 0.671875, 0.5107421875, 0.349365234375, 0.280029296875, 0.57666015625, 0.423095703125]","[[1700.9374389648438, 856.0164184570312], [1524.2349853515625, 1071.048828125], [1305.1810913085938, 1031.3175048828125], [877.935546875, 727.846923828125], [705.5794372558594, 700.7098388671875], [987.6255493164062, 682.8945922851562], [1429.376220703125, 893.8344116210938], [1127.3331909179688, 597.1790771484375], [1355.2074584960938, 1027.2755126953125], [749.1666259765625, 586.0833129882812]]",425426944,410959872,425426944,576,yolo26n_int8_576_ncnn_model,MOT17-02
493,65.46056699994551,0.0,9,"[342, 339, 179, 285, 299, 387, 396, 379, 406]","[[1626.3748779296875, 404.0665283203125, 1794.1552734375, 856.1908569335938], [1388.099365234375, 387.9559020996094, 1651.2034912109375, 1069.9185791015625], [1215.232421875, 405.8287658691406, 1395.64013671875, 1029.369384765625], [821.626220703125, 423.62738037109375, 937.99755859375, 727.5779418945312], [653.132568359375, 430.3375244140625, 761.6639404296875, 699.841552734375], [948.7951049804688, 440.2966613769531, 1036.2833251953125, 685.4481811523438], [1380.4464111328125, 402.63165283203125, 1487.3531494140625, 930.9926147460938], [1224.408447265625, 413.7402648925781, 1490.7874755859375, 1029.5711669921875], [721.3075561523438, 441.42498779296875, 777.655029296875, 585.89453125]]","[0.744140625, 0.391357421875, 0.82177734375, 0.6171875, 0.67626953125, 0.5498046875, 0.4697265625, 0.5458984375, 0.376220703125]","[[1710.2650756835938, 856.1908569335938], [1519.6514282226562, 1069.9185791015625], [1305.436279296875, 1029.369384765625], [879.8118896484375, 727.5779418945312], [707.3982543945312, 699.841552734375], [992.5392150878906, 685.4481811523438], [1433.8997802734375, 930.9926147460938], [1357.5979614257812, 1029.5711669921875], [749.4812927246094, 585.89453125]]",425426944,410959872,425426944,576,yolo26n_int8_576_ncnn_model,MOT17-02
494,65.63351199997669,0.0,9,"[342, 179, 285, 299, 387, 396, 379, 406, 392]","[[1630.4029541015625, 405.2704162597656, 1803.28369140625, 872.6459350585938], [1218.6192626953125, 408.00799560546875, 1400.9512939453125, 1030.813720703125], [821.69775390625, 421.91839599609375, 939.01513671875, 726.108642578125], [656.759765625, 431.37249755859375, 765.783203125, 700.6328735351562], [952.86962890625, 440.6915283203125, 1040.0638427734375, 685.34130859375], [1381.83837890625, 398.51361083984375, 1491.2237548828125, 933.9765014648438], [1225.90869140625, 415.70355224609375, 1497.3828125, 1030.53271484375], [722.2409057617188, 440.7808837890625, 777.5821533203125, 583.2747192382812], [1363.95263671875, 366.27105712890625, 1722.5841064453125, 1060.4744873046875]]","[0.66748046875, 0.81396484375, 0.6708984375, 0.6513671875, 0.580078125, 0.53857421875, 0.53271484375, 0.27392578125, 0.580078125]","[[1716.8433227539062, 872.6459350585938], [1309.7852783203125, 1030.813720703125], [880.3564453125, 726.108642578125], [711.271484375, 700.6328735351562], [996.4667358398438, 685.34130859375], [1436.5310668945312, 933.9765014648438], [1361.645751953125, 1030.53271484375], [749.9115295410156, 583.2747192382812], [1543.2683715820312, 1060.4744873046875]]",425426944,410959872,425426944,576,yolo26n_int8_576_ncnn_model,MOT17-02
495,65.67089999998643,0.0,9,"[342, 179, 285, 299, 387, 396, 379, 237, 339]","[[1632.7930908203125, 405.19744873046875, 1809.8165283203125, 885.8198852539062], [1220.6414794921875, 407.55816650390625, 1404.1080322265625, 1028.162841796875], [823.2122802734375, 424.5854797363281, 939.770263671875, 724.4578857421875], [657.7935180664062, 431.7743225097656, 766.8780517578125, 700.9454345703125], [958.1676025390625, 445.54443359375, 1044.0704345703125, 686.1354370117188], [1386.5340576171875, 398.71051025390625, 1499.035888671875, 944.5120239257812], [1224.2308349609375, 415.5777587890625, 1501.794189453125, 1033.885986328125], [862.649658203125, 477.01617431640625, 931.9627685546875, 740.28759765625], [1396.5263671875, 362.3681335449219, 1667.2906494140625, 1062.065185546875]]","[0.6474609375, 0.814453125, 0.62451171875, 0.69384765625, 0.51904296875, 0.490478515625, 0.6015625, 0.3271484375, 0.4267578125]","[[1721.3048095703125, 885.8198852539062], [1312.374755859375, 1028.162841796875], [881.4912719726562, 724.4578857421875], [712.3357849121094, 700.9454345703125], [1001.1190185546875, 686.1354370117188], [1442.7849731445312, 944.5120239257812], [1363.0125122070312, 1033.885986328125], [897.3062133789062, 740.28759765625], [1531.9085083007812, 1062.065185546875]]",425426944,410959872,425426944,576,yolo26n_int8_576_ncnn_model,MOT17-02
496,66.16786299991873,0.0,9,"[342, 179, 285, 299, 387, 396, 379, 237, 339]","[[1635.3028564453125, 407.6164855957031, 1812.440673828125, 889.447998046875], [1221.575927734375, 407.6307067871094, 1407.0230712890625, 1030.1751708984375], [824.2521362304688, 428.3865661621094, 939.2451782226562, 723.2908935546875], [657.4462890625, 422.2886962890625, 769.4408569335938, 699.69580078125], [962.5081787109375, 438.0059509277344, 1051.80126953125, 684.7874145507812], [1394.4844970703125, 397.71221923828125, 1504.2137451171875, 924.4078979492188], [1229.87353515625, 416.32061767578125, 1512.3056640625, 1032.0738525390625], [866.145263671875, 478.4629821777344, 935.0237426757812, 736.2028198242188], [1408.9202880859375, 365.4456481933594, 1681.8536376953125, 1060.443115234375]]","[0.6630859375, 0.80322265625, 0.53173828125, 0.70849609375, 0.5224609375, 0.48583984375, 0.5234375, 0.363037109375, 0.54345703125]","[[1723.8717651367188, 889.447998046875], [1314.2994995117188, 1030.1751708984375], [881.7486572265625, 723.2908935546875], [713.4435729980469, 699.69580078125], [1007.1547241210938, 684.7874145507812], [1449.34912109375, 924.4078979492188], [1371.089599609375, 1032.0738525390625], [900.5845031738281, 736.2028198242188], [1545.386962890625, 1060.443115234375]]",425426944,410959872,425426944,576,yolo26n_int8_576_ncnn_model,MOT17-02
497,65.57677000000695,0.0,9,"[342, 179, 285, 299, 387, 396, 379, 237, 339]","[[1638.2740478515625, 405.0389709472656, 1813.08056640625, 884.4240112304688], [1224.642822265625, 406.9432678222656, 1411.7353515625, 1030.505126953125], [828.601318359375, 431.2052917480469, 941.4505004882812, 722.5938720703125], [659.0908203125, 417.93756103515625, 772.8228149414062, 702.2291870117188], [972.947998046875, 448.3127746582031, 1060.9150390625, 684.2926635742188], [1399.344970703125, 395.6838073730469, 1514.9952392578125, 945.1874389648438], [1227.4288330078125, 416.841796875, 1511.728759765625, 1032.1588134765625], [864.464599609375, 480.4126281738281, 934.0955810546875, 734.7635498046875], [1409.8402099609375, 362.3559265136719, 1689.406982421875, 1068.5662841796875]]","[0.73046875, 0.78369140625, 0.53369140625, 0.701171875, 0.4697265625, 0.62451171875, 0.564453125, 0.33740234375, 0.61181640625]","[[1725.6773071289062, 884.4240112304688], [1318.1890869140625, 1030.505126953125], [885.0259094238281, 722.5938720703125], [715.9568176269531, 702.2291870117188], [1016.9315185546875, 684.2926635742188], [1457.1701049804688, 945.1874389648438], [1369.5787963867188, 1032.1588134765625], [899.2800903320312, 734.7635498046875], [1549.6235961914062, 1068.5662841796875]]",425426944,410959872,425426944,576,yolo26n_int8_576_ncnn_model,MOT17-02
498,65.51980700010063,0.0,10,"[342, 179, 285, 299, 387, 396, 237, 339, 416, 392]","[[1649.4796142578125, 407.3391418457031, 1826.8333740234375, 894.3707275390625], [1230.6824951171875, 400.4648742675781, 1419.3681640625, 1021.3878784179688], [830.0718994140625, 435.02056884765625, 941.0519409179688, 720.688232421875], [660.9102783203125, 415.7674560546875, 774.910400390625, 703.7549438476562], [980.7444458007812, 455.4428405761719, 1069.1942138671875, 684.3947143554688], [1400.5882568359375, 398.2278137207031, 1519.240966796875, 951.6328735351562], [859.990478515625, 480.4189758300781, 931.949951171875, 732.53271484375], [1413.1981201171875, 362.0868835449219, 1694.381103515625, 1074.0679931640625], [244.1547393798828, 482.83331298828125, 366.34527587890625, 690.8333129882812], [1275.4908447265625, 379.7433166503906, 1648.2076416015625, 1068.611083984375]]","[0.79736328125, 0.7529296875, 0.56689453125, 0.68603515625, 0.55224609375, 0.60791015625, 0.373779296875, 0.51806640625, 0.39990234375, 0.451416015625]","[[1738.156494140625, 894.3707275390625], [1325.0253295898438, 1021.3878784179688], [885.5619201660156, 720.688232421875], [717.9103393554688, 703.7549438476562], [1024.9693298339844, 684.3947143554688], [1459.9146118164062, 951.6328735351562], [895.97021484375, 732.53271484375], [1553.7896118164062, 1074.0679931640625], [305.25000762939453, 690.8333129882812], [1461.8492431640625, 1068.611083984375]]",425426944,410959872,425426944,576,yolo26n_int8_576_ncnn_model,MOT17-02
499,65.36691800010885,0.0,9,"[342, 179, 285, 299, 387, 396, 237, 339, 417]","[[1666.1697998046875, 402.7823181152344, 1843.13720703125, 883.8948364257812], [1235.4207763671875, 398.68939208984375, 1423.91650390625, 1015.03125], [837.0056762695312, 432.7959289550781, 947.6229858398438, 719.1632690429688], [665.9891967773438, 425.734619140625, 774.9375610351562, 703.3915405273438], [979.0743408203125, 443.76531982421875, 1074.1676025390625, 685.2830810546875], [1400.89013671875, 400.34149169921875, 1522.7503662109375, 956.310791015625], [863.0628662109375, 478.59100341796875, 936.54248046875, 728.8856201171875], [1423.395263671875, 361.38470458984375, 1703.39013671875, 1072.46728515625], [1485.0535888671875, 375.3333435058594, 1687.2796630859375, 952.9999389648438]]","[0.74267578125, 0.7685546875, 0.52197265625, 0.65087890625, 0.54638671875, 0.5791015625, 0.4345703125, 0.305908203125, 0.413330078125]","[[1754.6535034179688, 883.8948364257812], [1329.6686401367188, 1015.03125], [892.3143310546875, 719.1632690429688], [720.46337890625, 703.3915405273438], [1026.6209716796875, 685.2830810546875], [1461.8202514648438, 956.310791015625], [899.8026733398438, 728.8856201171875], [1563.3927001953125, 1072.46728515625], [1586.1666259765625, 952.9999389648438]]",425426944,410959872,425426944,576,yolo26n_int8_576_ncnn_model,MOT17-02
500,65.36886300000333,0.0,8,"[342, 179, 285, 299, 387, 396, 417, 416]","[[1677.5894775390625, 405.8316345214844, 1857.0501708984375, 886.9508666992188], [1243.9542236328125, 404.1131896972656, 1431.8277587890625, 1015.428466796875], [843.2696533203125, 422.80865478515625, 957.2084350585938, 720.009765625], [669.7628784179688, 433.7095031738281, 775.0806274414062, 704.768310546875], [979.886474609375, 443.63616943359375, 1077.6949462890625, 685.8758544921875], [1404.8538818359375, 409.3838806152344, 1530.7900390625, 970.6668090820312], [1484.921875, 377.9504699707031, 1695.83740234375, 979.7459106445312], [234.69259643554688, 493.32232666015625, 364.9463806152344, 715.7540893554688]]","[0.7470703125, 0.75, 0.51220703125, 0.64306640625, 0.51904296875, 0.5615234375, 0.52734375, 0.328857421875]","[[1767.31982421875, 886.9508666992188], [1337.8909912109375, 1015.428466796875], [900.2390441894531, 720.009765625], [722.4217529296875, 704.768310546875], [1028.7907104492188, 685.8758544921875], [1467.8219604492188, 970.6668090820312], [1590.379638671875, 979.7459106445312], [299.8194885253906, 715.7540893554688]]",425426944,410959872,425426944,576,yolo26n_int8_576_ncnn_model,MOT17-02
501,64.94412200004263,0.0,7,"[342, 179, 285, 299, 387, 396, 339]","[[1689.9444580078125, 412.7554931640625, 1871.26171875, 888.841552734375], [1251.1767578125, 405.8848571777344, 1441.52001953125, 1025.864990234375], [850.5023193359375, 426.4576110839844, 963.3074951171875, 722.79541015625], [676.3492431640625, 436.9591064453125, 778.085205078125, 702.7742919921875], [983.0719604492188, 455.3973388671875, 1079.051025390625, 686.3864135742188], [1410.6102294921875, 407.0661926269531, 1539.0721435546875, 967.5765380859375], [1459.1663818359375, 373.0085754394531, 1731.967529296875, 1070.173583984375]]","[0.69775390625, 0.75927734375, 0.57763671875, 0.6240234375, 0.55810546875, 0.625, 0.4013671875]","[[1780.6030883789062, 888.841552734375], [1346.348388671875, 1025.864990234375], [906.9049072265625, 722.79541015625], [727.2172241210938, 702.7742919921875], [1031.0614929199219, 686.3864135742188], [1474.8411865234375, 967.5765380859375], [1595.5669555664062, 1070.173583984375]]",425426944,410959872,425426944,576,yolo26n_int8_576_ncnn_model,MOT17-02
502,65.39001100009045,0.0,7,"[342, 179, 285, 299, 387, 396, 339]","[[1697.2576904296875, 414.2922668457031, 1882.1976318359375, 890.5606689453125], [1259.103515625, 406.81072998046875, 1448.386962890625, 1026.205322265625], [859.6022338867188, 433.9554748535156, 969.9970703125, 724.4514770507812], [682.9757690429688, 435.9173889160156, 782.6087646484375, 702.0266723632812], [982.3048706054688, 466.3849182128906, 1075.467041015625, 685.7438354492188], [1411.0318603515625, 405.6010437011719, 1543.5931396484375, 969.0389404296875], [1481.9361572265625, 362.54156494140625, 1751.8814697265625, 1070.4715576171875]]","[0.76318359375, 0.78955078125, 0.57861328125, 0.642578125, 0.548828125, 0.6962890625, 0.334228515625]","[[1789.7276611328125, 890.5606689453125], [1353.7452392578125, 1026.205322265625], [914.7996520996094, 724.4514770507812], [732.7922668457031, 702.0266723632812], [1028.8859558105469, 685.7438354492188], [1477.3125, 969.0389404296875], [1616.9088134765625, 1070.4715576171875]]",425426944,410959872,425426944,576,yolo26n_int8_576_ncnn_model,MOT17-02
503,75.61870399990767,0.0,8,"[342, 179, 285, 299, 387, 396, 339, 417]","[[1699.341796875, 413.06304931640625, 1888.5615234375, 894.007568359375], [1268.1956787109375, 405.0805969238281, 1457.7281494140625, 1033.89794921875], [867.6122436523438, 435.9740905761719, 977.57666015625, 724.8116455078125], [685.115478515625, 436.3370361328125, 783.2896728515625, 703.1351318359375], [983.196044921875, 463.0162048339844, 1079.39013671875, 686.072509765625], [1409.6983642578125, 403.660888671875, 1547.5159912109375, 976.3696899414062], [1518.147216796875, 361.5335693359375, 1794.1241455078125, 1071.2667236328125], [1501.6339111328125, 357.9814758300781, 1747.4984130859375, 1066.7208251953125]]","[0.7763671875, 0.83203125, 0.58251953125, 0.6455078125, 0.471923828125, 0.6298828125, 0.40576171875, 0.421630859375]","[[1793.95166015625, 894.007568359375], [1362.9619140625, 1033.89794921875], [922.5944519042969, 724.8116455078125], [734.2025756835938, 703.1351318359375], [1031.2930908203125, 686.072509765625], [1478.607177734375, 976.3696899414062], [1656.1356811523438, 1071.2667236328125], [1624.566162109375, 1066.7208251953125]]",425426944,410959872,425426944,576,yolo26n_int8_576_ncnn_model,MOT17-02
504,65.3042890000961,0.0,8,"[342, 179, 285, 299, 387, 396, 339, 417]","[[1709.451904296875, 407.6492614746094, 1905.1434326171875, 902.345703125], [1277.9471435546875, 403.04876708984375, 1465.5023193359375, 1035.9521484375], [874.7662353515625, 434.209716796875, 983.6254272460938, 719.68798828125], [689.5181274414062, 436.74835205078125, 786.3382568359375, 704.38232421875], [987.6768798828125, 462.61126708984375, 1084.24072265625, 685.3590698242188], [1411.0906982421875, 405.3727722167969, 1551.1422119140625, 979.8936767578125], [1530.39404296875, 352.37469482421875, 1814.081298828125, 1071.5953369140625], [1502.1741943359375, 361.5891418457031, 1750.585205078125, 1080.0]]","[0.8359375, 0.80615234375, 0.6015625, 0.630859375, 0.39501953125, 0.58984375, 0.39697265625, 0.4931640625]","[[1807.2976684570312, 902.345703125], [1371.7247314453125, 1035.9521484375], [929.1958312988281, 719.68798828125], [737.9281921386719, 704.38232421875], [1035.9588012695312, 685.3590698242188], [1481.116455078125, 979.8936767578125], [1672.2376708984375, 1071.5953369140625], [1626.3796997070312, 1080.0]]",425426944,410959872,425426944,576,yolo26n_int8_576_ncnn_model,MOT17-02
505,65.27334499992321,0.0,8,"[342, 179, 285, 299, 387, 396, 339, 422]","[[1716.5146484375, 405.0476379394531, 1917.45849609375, 912.4813232421875], [1286.8184814453125, 403.36328125, 1473.827392578125, 1042.1728515625], [883.2447509765625, 448.4990234375, 989.6743774414062, 722.7625732421875], [692.4513549804688, 436.60565185546875, 788.1904296875, 704.0221557617188], [994.9601440429688, 464.8946838378906, 1090.18115234375, 687.0331420898438], [1423.8048095703125, 405.7527770996094, 1562.96484375, 978.1336059570312], [1530.815673828125, 358.25054931640625, 1811.8253173828125, 1069.0029296875], [178.71681213378906, 478.9166564941406, 298.2831726074219, 713.75]]","[0.85498046875, 0.81640625, 0.53076171875, 0.62841796875, 0.471435546875, 0.62841796875, 0.47705078125, 0.35009765625]","[[1816.986572265625, 912.4813232421875], [1380.3229370117188, 1042.1728515625], [936.4595642089844, 722.7625732421875], [740.3208923339844, 704.0221557617188], [1042.5706481933594, 687.0331420898438], [1493.3848266601562, 978.1336059570312], [1671.3204956054688, 1069.0029296875], [238.49999237060547, 713.75]]",425426944,410959872,425426944,576,yolo26n_int8_576_ncnn_model,MOT17-02
506,65.27097399998638,0.0,9,"[342, 179, 285, 299, 387, 396, 339, 422, 237]","[[1720.5748291015625, 401.3459167480469, 1920.0, 914.6485595703125], [1290.9033203125, 406.0825500488281, 1480.20751953125, 1061.5863037109375], [892.3553466796875, 438.5226135253906, 1004.6124267578125, 723.523681640625], [694.9669189453125, 439.01397705078125, 790.0016479492188, 703.6038818359375], [1002.1083374023438, 459.3179931640625, 1096.580078125, 682.9457397460938], [1430.8779296875, 404.9277038574219, 1568.176025390625, 975.0269165039062], [1534.9281005859375, 356.9757385253906, 1818.01171875, 1068.310302734375], [167.27874755859375, 484.5111083984375, 284.03765869140625, 713.75], [860.1130981445312, 429.477783203125, 943.363525390625, 724.0872802734375]]","[0.82763671875, 0.82470703125, 0.55126953125, 0.58984375, 0.467041015625, 0.62158203125, 0.40966796875, 0.42041015625, 0.3310546875]","[[1820.2874145507812, 914.6485595703125], [1385.555419921875, 1061.5863037109375], [948.48388671875, 723.523681640625], [742.4842834472656, 703.6038818359375], [1049.3442077636719, 682.9457397460938], [1499.5269775390625, 975.0269165039062], [1676.4699096679688, 1068.310302734375], [225.658203125, 713.75], [901.7383117675781, 724.0872802734375]]",425426944,410959872,425426944,576,yolo26n_int8_576_ncnn_model,MOT17-02
507,65.64604799996232,0.0,10,"[342, 179, 285, 299, 387, 396, 339, 422, 237, 417]","[[1725.6513671875, 400.0660095214844, 1920.0, 917.3753662109375], [1299.7772216796875, 401.1359558105469, 1487.9498291015625, 1059.6392822265625], [895.6565551757812, 430.40936279296875, 1011.943115234375, 721.7450561523438], [697.83203125, 436.3003845214844, 794.6156616210938, 704.82666015625], [1011.0301513671875, 452.5005798339844, 1105.689208984375, 681.6968383789062], [1439.916748046875, 413.54156494140625, 1572.182373046875, 973.6336059570312], [1584.11376953125, 377.85101318359375, 1837.950439453125, 964.1845092773438], [151.7901153564453, 488.3852844238281, 268.52410888671875, 717.0169067382812], [861.5324096679688, 420.98394775390625, 944.2597045898438, 725.6573486328125], [1538.3333740234375, 361.1737976074219, 1788.180908203125, 1076.21337890625]]","[0.79638671875, 0.80615234375, 0.5107421875, 0.6123046875, 0.3623046875, 0.56494140625, 0.38916015625, 0.44091796875, 0.332275390625, 0.345703125]","[[1822.82568359375, 917.3753662109375], [1393.863525390625, 1059.6392822265625], [953.7998352050781, 721.7450561523438], [746.2238464355469, 704.82666015625], [1058.3596801757812, 681.6968383789062], [1506.049560546875, 973.6336059570312], [1711.0321044921875, 964.1845092773438], [210.15711212158203, 717.0169067382812], [902.8960571289062, 725.6573486328125], [1663.2571411132812, 1076.21337890625]]",425426944,410959872,425426944,576,yolo26n_int8_576_ncnn_model,MOT17-02
508,66.24127100008081,0.0,10,"[342, 179, 285, 299, 396, 339, 422, 237, 417, 379]","[[1731.35888671875, 394.5703430175781, 1920.0, 921.1438598632812], [1313.2506103515625, 398.3956604003906, 1503.3109130859375, 1065.017578125], [903.633056640625, 431.931640625, 1021.7674560546875, 722.979736328125], [709.3499145507812, 430.60662841796875, 808.7619018554688, 703.3568115234375], [1448.2406005859375, 404.06719970703125, 1582.732421875, 976.9114379882812], [1601.1937255859375, 383.4259338378906, 1850.7774658203125, 923.2073974609375], [139.3677215576172, 489.4195556640625, 258.7062072753906, 723.02392578125], [864.1381225585938, 422.64569091796875, 942.517822265625, 723.58203125], [1538.8990478515625, 356.5933837890625, 1793.1090087890625, 1075.6605224609375], [1315.56640625, 390.15374755859375, 1617.9495849609375, 1048.9755859375]]","[0.77099609375, 0.77685546875, 0.5517578125, 0.59814453125, 0.55517578125, 0.344482421875, 0.478515625, 0.340087890625, 0.361572265625, 0.537109375]","[[1825.679443359375, 921.1438598632812], [1408.28076171875, 1065.017578125], [962.7002563476562, 722.979736328125], [759.055908203125, 703.3568115234375], [1515.4865112304688, 976.9114379882812], [1725.985595703125, 923.2073974609375], [199.0369644165039, 723.02392578125], [903.3279724121094, 723.58203125], [1666.0040283203125, 1075.6605224609375], [1466.7579956054688, 1048.9755859375]]",425426944,410959872,425426944,576,yolo26n_int8_576_ncnn_model,MOT17-02
509,66.94458699985262,0.0,9,"[342, 179, 285, 299, 396, 422, 237, 417, 379]","[[1738.313232421875, 388.705810546875, 1920.0, 915.4190673828125], [1320.6131591796875, 396.00103759765625, 1514.0994873046875, 1074.857421875], [910.7554321289062, 432.6687316894531, 1030.84130859375, 723.3262329101562], [712.73291015625, 434.1884460449219, 812.6893920898438, 705.8041381835938], [1452.3251953125, 401.9066162109375, 1587.5335693359375, 981.0945434570312], [126.0189208984375, 487.53656005859375, 248.6094970703125, 728.201416015625], [866.7716064453125, 427.2956848144531, 940.1874389648438, 720.0421142578125], [1544.5819091796875, 357.7641296386719, 1800.4351806640625, 1071.7288818359375], [1316.2398681640625, 386.995849609375, 1615.3046875, 1050.3924560546875]]","[0.78662109375, 0.78271484375, 0.57958984375, 0.59033203125, 0.5361328125, 0.4091796875, 0.323974609375, 0.39208984375, 0.60791015625]","[[1829.1566162109375, 915.4190673828125], [1417.3563232421875, 1074.857421875], [970.7983703613281, 723.3262329101562], [762.7111511230469, 705.8041381835938], [1519.9293823242188, 981.0945434570312], [187.314208984375, 728.201416015625], [903.4795227050781, 720.0421142578125], [1672.508544921875, 1071.7288818359375], [1465.7722778320312, 1050.3924560546875]]",425426944,410959872,425426944,576,yolo26n_int8_576_ncnn_model,MOT17-02
510,65.80801100017197,0.0,10,"[342, 179, 285, 299, 396, 422, 237, 417, 379, 387]","[[1745.2508544921875, 388.2653503417969, 1920.0, 916.7432250976562], [1330.578125, 404.06463623046875, 1523.6109619140625, 1073.884521484375], [913.2442626953125, 435.2916564941406, 1035.080078125, 725.5236206054688], [715.9069213867188, 422.5019226074219, 819.668212890625, 703.2998046875], [1456.8009033203125, 406.1416931152344, 1591.470703125, 988.5116577148438], [111.91659545898438, 483.89202880859375, 237.76414489746094, 730.4669799804688], [868.4630737304688, 416.2304382324219, 940.7691650390625, 705.3856811523438], [1539.9288330078125, 372.4404602050781, 1790.3634033203125, 1071.2431640625], [1320.991943359375, 390.0040588378906, 1614.2044677734375, 1048.9674072265625], [1029.99755859375, 471.66796875, 1115.000732421875, 681.1267700195312]]","[0.7744140625, 0.77880859375, 0.623046875, 0.58056640625, 0.5966796875, 0.41552734375, 0.338134765625, 0.52880859375, 0.440673828125, 0.44287109375]","[[1832.6254272460938, 916.7432250976562], [1427.0945434570312, 1073.884521484375], [974.1621704101562, 725.5236206054688], [767.7875671386719, 703.2998046875], [1524.1358032226562, 988.5116577148438], [174.84037017822266, 730.4669799804688], [904.6161193847656, 705.3856811523438], [1665.1461181640625, 1071.2431640625], [1467.5982055664062, 1048.9674072265625], [1072.4991455078125, 681.1267700195312]]",425426944,410959872,425426944,576,yolo26n_int8_576_ncnn_model,MOT17-02
511,65.05954800013569,0.0,9,"[342, 285, 299, 396, 422, 237, 417, 379, 387]","[[1753.396240234375, 393.0704040527344, 1920.0, 924.2456665039062], [915.1387939453125, 429.94940185546875, 1040.7327880859375, 723.8743896484375], [718.1591186523438, 421.1291198730469, 822.63525390625, 700.4598999023438], [1464.1181640625, 402.15899658203125, 1593.4921875, 965.1349487304688], [93.97721099853516, 480.8045959472656, 220.06399536132812, 727.1800537109375], [871.4600830078125, 417.93731689453125, 942.9863891601562, 700.7138671875], [1538.92578125, 378.24188232421875, 1788.504638671875, 1074.85009765625], [1311.547119140625, 394.6412658691406, 1597.0882568359375, 1050.431884765625], [1033.201416015625, 468.89984130859375, 1118.0904541015625, 679.9420776367188]]","[0.74072265625, 0.6123046875, 0.59375, 0.41796875, 0.344970703125, 0.273193359375, 0.5693359375, 0.6826171875, 0.51708984375]","[[1836.6981201171875, 924.2456665039062], [977.935791015625, 723.8743896484375], [770.3971862792969, 700.4598999023438], [1528.80517578125, 965.1349487304688], [157.02060317993164, 727.1800537109375], [907.2232360839844, 700.7138671875], [1663.7152099609375, 1074.85009765625], [1454.3176879882812, 1050.431884765625], [1075.6459350585938, 679.9420776367188]]",425426944,410959872,425426944,576,yolo26n_int8_576_ncnn_model,MOT17-02
512,65.25384399992618,0.0,9,"[342, 285, 299, 396, 422, 237, 417, 379, 387]","[[1758.1575927734375, 391.683837890625, 1920.0, 929.1956176757812], [914.8357543945312, 429.30816650390625, 1043.46484375, 725.1659545898438], [720.7206420898438, 422.708984375, 826.6531372070312, 702.7869262695312], [1468.653564453125, 398.2585144042969, 1596.419921875, 958.3974609375], [80.89921569824219, 484.1477355957031, 205.6976776123047, 726.9237670898438], [873.1915283203125, 416.8116149902344, 945.4003295898438, 698.7383422851562], [1541.5972900390625, 380.1465759277344, 1789.9188232421875, 1076.0888671875], [1310.5396728515625, 393.6930847167969, 1593.0810546875, 1054.7926025390625], [1032.92724609375, 455.2173767089844, 1123.8424072265625, 683.4730224609375]]","[0.7060546875, 0.619140625, 0.60595703125, 0.41162109375, 0.37255859375, 0.285888671875, 0.57470703125, 0.68701171875, 0.5966796875]","[[1839.0787963867188, 929.1956176757812], [979.1502990722656, 725.1659545898438], [773.6868896484375, 702.7869262695312], [1532.5367431640625, 958.3974609375], [143.29844665527344, 726.9237670898438], [909.2959289550781, 698.7383422851562], [1665.758056640625, 1076.0888671875], [1451.8103637695312, 1054.7926025390625], [1078.3848266601562, 683.4730224609375]]",425426944,410959872,425426944,576,yolo26n_int8_576_ncnn_model,MOT17-02
513,65.257696000117,0.0,8,"[342, 285, 299, 396, 422, 417, 379, 387]","[[1766.1143798828125, 386.1529235839844, 1920.0, 926.2127685546875], [915.2518920898438, 429.0783386230469, 1045.7149658203125, 724.5603637695312], [723.3361206054688, 424.0338134765625, 830.62646484375, 702.9923095703125], [1476.328857421875, 395.726318359375, 1602.20458984375, 950.3990478515625], [69.53545379638672, 477.2171936035156, 199.57333374023438, 729.2689208984375], [1545.6895751953125, 379.6419372558594, 1792.5001220703125, 1075.2025146484375], [1311.7037353515625, 398.4255065917969, 1589.75048828125, 1060.0916748046875], [1035.489990234375, 450.28106689453125, 1128.5797119140625, 684.7476196289062]]","[0.6513671875, 0.650390625, 0.54833984375, 0.4345703125, 0.3974609375, 0.59033203125, 0.72216796875, 0.5458984375]","[[1843.0571899414062, 926.2127685546875], [980.4834289550781, 724.5603637695312], [776.9812927246094, 702.9923095703125], [1539.2667236328125, 950.3990478515625], [134.55439376831055, 729.2689208984375], [1669.0948486328125, 1075.2025146484375], [1450.7271118164062, 1060.0916748046875], [1082.0348510742188, 684.7476196289062]]",425426944,410959872,425426944,576,yolo26n_int8_576_ncnn_model,MOT17-02
514,65.54701100003513,0.0,9,"[342, 285, 299, 396, 422, 417, 379, 387, 237]","[[1775.8487548828125, 381.8892822265625, 1920.0, 929.3125], [916.9505615234375, 438.8966064453125, 1045.699462890625, 724.3244018554688], [728.3915405273438, 427.86993408203125, 834.3624877929688, 700.8739624023438], [1479.728759765625, 398.9595947265625, 1603.430908203125, 946.6121215820312], [56.283119201660156, 476.3419189453125, 189.4449462890625, 732.8331298828125], [1551.7723388671875, 380.1998596191406, 1797.4046630859375, 1078.2432861328125], [1310.2493896484375, 397.23211669921875, 1590.108642578125, 1073.850341796875], [1040.221435546875, 450.7966003417969, 1132.8428955078125, 684.97802734375], [875.7574462890625, 415.78857421875, 949.866455078125, 700.9952392578125]]","[0.642578125, 0.5751953125, 0.62353515625, 0.443603515625, 0.54052734375, 0.58447265625, 0.7431640625, 0.52099609375, 0.349609375]","[[1847.9243774414062, 929.3125], [981.3250122070312, 724.3244018554688], [781.3770141601562, 700.8739624023438], [1541.579833984375, 946.6121215820312], [122.86403274536133, 732.8331298828125], [1674.5885009765625, 1078.2432861328125], [1450.1790161132812, 1073.850341796875], [1086.5321655273438, 684.97802734375], [912.8119506835938, 700.9952392578125]]",425426944,410959872,425426944,576,yolo26n_int8_576_ncnn_model,MOT17-02
515,66.09167900001012,0.0,9,"[342, 285, 299, 396, 422, 417, 379, 387, 237]","[[1787.8209228515625, 380.58868408203125, 1920.0, 927.9572143554688], [915.8826293945312, 436.24884033203125, 1048.022216796875, 725.0670166015625], [728.1550903320312, 431.98760986328125, 833.714599609375, 701.8726196289062], [1487.9075927734375, 397.70587158203125, 1610.9808349609375, 948.8793334960938], [44.250614166259766, 478.2334899902344, 181.4328155517578, 740.7156372070312], [1558.0289306640625, 377.4577941894531, 1803.7513427734375, 1079.856689453125], [1310.1339111328125, 400.86993408203125, 1586.3680419921875, 1078.9681396484375], [1044.34765625, 451.8672790527344, 1136.2061767578125, 684.23876953125], [875.90625, 423.85308837890625, 948.8470458984375, 700.5740966796875]]","[0.6494140625, 0.5859375, 0.60107421875, 0.490478515625, 0.52392578125, 0.40185546875, 0.77685546875, 0.46875, 0.3818359375]","[[1853.9104614257812, 927.9572143554688], [981.9524230957031, 725.0670166015625], [780.9348449707031, 701.8726196289062], [1549.4442138671875, 948.8793334960938], [112.84171485900879, 740.7156372070312], [1680.89013671875, 1079.856689453125], [1448.2509765625, 1078.9681396484375], [1090.2769165039062, 684.23876953125], [912.3766479492188, 700.5740966796875]]",425426944,410959872,425426944,576,yolo26n_int8_576_ncnn_model,MOT17-02
516,65.53660400004446,0.0,10,"[342, 285, 299, 396, 422, 417, 379, 387, 237, 431]","[[1794.5438232421875, 378.79315185546875, 1920.0, 933.0692749023438], [916.0645751953125, 437.1900329589844, 1048.069091796875, 722.3114013671875], [729.225341796875, 432.14129638671875, 834.8001098632812, 701.4219970703125], [1494.8590087890625, 402.7728271484375, 1616.1453857421875, 948.6822509765625], [30.482284545898438, 474.8848571777344, 168.41917419433594, 737.9120483398438], [1580.7186279296875, 365.2381591796875, 1829.54296875, 1069.35693359375], [1312.8785400390625, 406.6563415527344, 1584.111083984375, 1080.0], [1049.3798828125, 447.91729736328125, 1142.473388671875, 681.7523193359375], [879.2855834960938, 433.7911682128906, 951.7926025390625, 708.01220703125], [689.1635131835938, 452.9166259765625, 731.5031127929688, 575.75]]","[0.6181640625, 0.56591796875, 0.59912109375, 0.48291015625, 0.5009765625, 0.348388671875, 0.77685546875, 0.464599609375, 0.366943359375, 0.32958984375]","[[1857.2719116210938, 933.0692749023438], [982.0668334960938, 722.3114013671875], [782.0127258300781, 701.4219970703125], [1555.502197265625, 948.6822509765625], [99.45072937011719, 737.9120483398438], [1705.1307983398438, 1069.35693359375], [1448.4948120117188, 1080.0], [1095.9266357421875, 681.7523193359375], [915.5390930175781, 708.01220703125], [710.3333129882812, 575.75]]",425426944,410959872,425426944,576,yolo26n_int8_576_ncnn_model,MOT17-02
517,65.66589999988537,0.0,10,"[342, 285, 299, 396, 422, 417, 379, 387, 237, 431]","[[1800.517578125, 379.5297546386719, 1920.0, 934.662109375], [918.17041015625, 433.1003723144531, 1052.3306884765625, 722.3679809570312], [732.0374145507812, 436.886474609375, 834.7589111328125, 699.87646484375], [1501.77685546875, 413.5768737792969, 1621.1002197265625, 943.1317138671875], [20.454252243041992, 484.0282287597656, 156.58474731445312, 742.7426147460938], [1598.2703857421875, 353.46405029296875, 1858.541748046875, 1072.350341796875], [1317.585205078125, 412.4234313964844, 1583.8135986328125, 1080.0], [1053.3040771484375, 450.8356628417969, 1145.80419921875, 680.81494140625], [880.791748046875, 429.4070739746094, 954.762939453125, 711.0607299804688], [688.3469848632812, 452.2777404785156, 730.5306396484375, 574.8555297851562]]","[0.5439453125, 0.6123046875, 0.615234375, 0.359130859375, 0.427978515625, 0.301513671875, 0.744140625, 0.44140625, 0.441650390625, 0.445556640625]","[[1860.2587890625, 934.662109375], [985.2505493164062, 722.3679809570312], [783.3981628417969, 699.87646484375], [1561.4385375976562, 943.1317138671875], [88.51949977874756, 742.7426147460938], [1728.4060668945312, 1072.350341796875], [1450.6994018554688, 1080.0], [1099.5541381835938, 680.81494140625], [917.77734375, 711.0607299804688], [709.4388122558594, 574.8555297851562]]",425426944,410959872,425426944,576,yolo26n_int8_576_ncnn_model,MOT17-02
518,65.70323299979464,0.0,10,"[342, 285, 299, 396, 422, 417, 379, 387, 237, 431]","[[1809.2589111328125, 379.6063232421875, 1920.0, 927.7968139648438], [917.7346801757812, 432.6703796386719, 1052.7130126953125, 722.3950805664062], [736.0462646484375, 430.3039245605469, 840.4227294921875, 699.8577270507812], [1516.284912109375, 409.93505859375, 1626.2049560546875, 887.2430419921875], [9.289945602416992, 493.083740234375, 144.4356689453125, 747.81005859375], [1606.61572265625, 363.4899597167969, 1867.183349609375, 1067.708740234375], [1322.1683349609375, 415.6730041503906, 1584.0501708984375, 1080.0], [1056.569580078125, 456.6903381347656, 1148.23388671875, 681.29296875], [881.1911010742188, 424.91351318359375, 954.8628540039062, 706.3197631835938], [687.0032958984375, 452.70855712890625, 728.677978515625, 573.90478515625]]","[0.5576171875, 0.58203125, 0.6298828125, 0.38330078125, 0.475830078125, 0.451416015625, 0.7607421875, 0.436767578125, 0.4267578125, 0.38037109375]","[[1864.6294555664062, 927.7968139648438], [985.2238464355469, 722.3950805664062], [788.2344970703125, 699.8577270507812], [1571.2449340820312, 887.2430419921875], [76.86280727386475, 747.81005859375], [1736.8995361328125, 1067.708740234375], [1453.1092529296875, 1080.0], [1102.4017333984375, 681.29296875], [918.0269775390625, 706.3197631835938], [707.8406372070312, 573.90478515625]]",425426944,410959872,425426944,576,yolo26n_int8_576_ncnn_model,MOT17-02
519,65.2679550000812,0.0,9,"[285, 299, 396, 422, 417, 379, 387, 237, 431]","[[920.4437866210938, 429.20941162109375, 1056.296875, 721.311767578125], [740.8035278320312, 431.4454345703125, 843.4481201171875, 698.4872436523438], [1524.7464599609375, 408.4714050292969, 1631.2794189453125, 860.5808715820312], [5.159047603607178, 496.47100830078125, 140.818359375, 749.6171875], [1612.067626953125, 362.8970947265625, 1880.6776123046875, 1071.4169921875], [1325.942138671875, 398.3869323730469, 1589.65576171875, 1071.1895751953125], [1056.9952392578125, 457.5281066894531, 1149.5838623046875, 681.76123046875], [881.4052124023438, 421.4139709472656, 955.8305053710938, 704.09912109375], [684.2686157226562, 452.8624572753906, 726.7005004882812, 576.1474609375]]","[0.51806640625, 0.64013671875, 0.2900390625, 0.4931640625, 0.50244140625, 0.68017578125, 0.426025390625, 0.475830078125, 0.380859375]","[[988.3703308105469, 721.311767578125], [792.1258239746094, 698.4872436523438], [1578.012939453125, 860.5808715820312], [72.98870348930359, 749.6171875], [1746.3726196289062, 1071.4169921875], [1457.7989501953125, 1071.1895751953125], [1103.28955078125, 681.76123046875], [918.6178588867188, 704.09912109375], [705.4845581054688, 576.1474609375]]",425426944,410959872,425426944,576,yolo26n_int8_576_ncnn_model,MOT17-02
520,65.68739999988793,0.0,10,"[285, 299, 396, 422, 417, 379, 387, 237, 431, 437]","[[924.0785522460938, 430.7926940917969, 1059.1961669921875, 720.2233276367188], [743.2661743164062, 430.50384521484375, 845.3292846679688, 698.2516479492188], [1530.4320068359375, 405.4912109375, 1643.6553955078125, 878.3981323242188], [0.0, 486.0760803222656, 137.58712768554688, 749.6396484375], [1613.4217529296875, 369.0993347167969, 1885.79443359375, 1072.91796875], [1330.3519287109375, 396.932861328125, 1594.109619140625, 1077.398193359375], [1054.7884521484375, 453.6905212402344, 1149.96728515625, 681.6635131835938], [882.5814819335938, 421.22235107421875, 956.1158447265625, 698.892578125], [683.5980834960938, 453.5115966796875, 725.928466796875, 576.2930297851562], [1851.235595703125, 386.41668701171875, 1920.0, 892.9166259765625]]","[0.552734375, 0.66259765625, 0.352294921875, 0.4228515625, 0.63720703125, 0.7431640625, 0.361083984375, 0.470703125, 0.38720703125, 0.427490234375]","[[991.6373596191406, 720.2233276367188], [794.2977294921875, 698.2516479492188], [1587.043701171875, 878.3981323242188], [68.79356384277344, 749.6396484375], [1749.6080932617188, 1072.91796875], [1462.2307739257812, 1077.398193359375], [1102.3778686523438, 681.6635131835938], [919.3486633300781, 698.892578125], [704.7632751464844, 576.2930297851562], [1885.6177978515625, 892.9166259765625]]",425426944,410959872,425426944,576,yolo26n_int8_576_ncnn_model,MOT17-02
521,65.7125669999914,0.0,10,"[285, 299, 396, 422, 417, 379, 387, 237, 431, 437]","[[929.400390625, 430.4502868652344, 1064.9168701171875, 721.8902587890625], [748.00732421875, 424.91278076171875, 849.149658203125, 693.4913330078125], [1532.4949951171875, 403.4947814941406, 1658.775390625, 929.9760131835938], [0.0, 490.32965087890625, 131.2448272705078, 752.3048706054688], [1614.72998046875, 366.97686767578125, 1894.486083984375, 1075.666259765625], [1336.1669921875, 394.07611083984375, 1599.148681640625, 1079.708740234375], [1054.455810546875, 456.91552734375, 1149.387939453125, 683.5492553710938], [883.2098999023438, 421.3354797363281, 957.0537109375, 697.9241943359375], [681.8012084960938, 453.14715576171875, 723.8372192382812, 574.5662231445312], [1855.926025390625, 392.412841796875, 1920.0, 849.7501831054688]]","[0.52392578125, 0.6298828125, 0.35400390625, 0.3330078125, 0.7080078125, 0.7109375, 0.402099609375, 0.491943359375, 0.367431640625, 0.320068359375]","[[997.1586303710938, 721.8902587890625], [798.5784912109375, 693.4913330078125], [1595.6351928710938, 929.9760131835938], [65.6224136352539, 752.3048706054688], [1754.6080322265625, 1075.666259765625], [1467.6578369140625, 1079.708740234375], [1101.921875, 683.5492553710938], [920.1318054199219, 697.9241943359375], [702.8192138671875, 574.5662231445312], [1887.9630126953125, 849.7501831054688]]",425426944,410959872,425426944,576,yolo26n_int8_576_ncnn_model,MOT17-02
522,66.98666000011144,0.0,9,"[285, 299, 396, 422, 417, 379, 387, 237, 431]","[[942.4769287109375, 441.0442199707031, 1073.333984375, 723.8976440429688], [755.0523681640625, 424.1895446777344, 853.9042358398438, 690.3386840820312], [1539.3123779296875, 399.0221252441406, 1669.914794921875, 941.016845703125], [0.0, 484.0185546875, 124.6430892944336, 749.113525390625], [1614.7547607421875, 371.0738525390625, 1895.9913330078125, 1071.7181396484375], [1343.73828125, 397.66339111328125, 1603.1795654296875, 1080.0], [1055.131591796875, 460.3663330078125, 1150.2874755859375, 686.4801025390625], [885.5535888671875, 437.02581787109375, 957.4300537109375, 706.3176879882812], [680.22021484375, 453.00927734375, 722.4212646484375, 573.9454345703125]]","[0.48583984375, 0.607421875, 0.38623046875, 0.330810546875, 0.50146484375, 0.70556640625, 0.408203125, 0.50146484375, 0.347412109375]","[[1007.9054565429688, 723.8976440429688], [804.4783020019531, 690.3386840820312], [1604.6135864257812, 941.016845703125], [62.3215446472168, 749.113525390625], [1755.373046875, 1071.7181396484375], [1473.4589233398438, 1080.0], [1102.7095336914062, 686.4801025390625], [921.4918212890625, 706.3176879882812], [701.3207397460938, 573.9454345703125]]",425426944,410959872,425426944,576,yolo26n_int8_576_ncnn_model,MOT17-02
523,73.61749799997597,0.0,9,"[285, 299, 396, 417, 379, 387, 237, 431, 442]","[[946.6714477539062, 440.09039306640625, 1076.9971923828125, 725.2271728515625], [758.896484375, 429.47479248046875, 855.3547973632812, 690.2892456054688], [1548.6312255859375, 402.9127197265625, 1682.2713623046875, 950.55859375], [1611.1431884765625, 359.5706481933594, 1901.7098388671875, 1073.2198486328125], [1348.24658203125, 397.9677429199219, 1605.060546875, 1080.0], [1056.28173828125, 456.9709777832031, 1151.7232666015625, 681.2337646484375], [891.3073120117188, 445.2110290527344, 963.7656860351562, 714.0064086914062], [677.9963989257812, 454.1015625, 720.830810546875, 574.8763427734375], [1353.97119140625, 403.8749694824219, 1720.6953125, 1059.125]]","[0.5439453125, 0.6025390625, 0.40283203125, 0.537109375, 0.71044921875, 0.416259765625, 0.521484375, 0.384765625, 0.369873046875]","[[1011.8343200683594, 725.2271728515625], [807.1256408691406, 690.2892456054688], [1615.4512939453125, 950.55859375], [1756.426513671875, 1073.2198486328125], [1476.653564453125, 1080.0], [1104.0025024414062, 681.2337646484375], [927.5364990234375, 714.0064086914062], [699.4136047363281, 574.8763427734375], [1537.333251953125, 1059.125]]",425426944,410959872,425426944,576,yolo26n_int8_576_ncnn_model,MOT17-02
524,65.9040120001464,0.0,8,"[285, 299, 396, 417, 379, 387, 237, 431]","[[955.3269653320312, 438.0621643066406, 1084.211181640625, 726.262451171875], [763.4769897460938, 431.7671813964844, 859.1322021484375, 690.0409545898438], [1549.8525390625, 400.3764343261719, 1692.1556396484375, 975.6710205078125], [1608.5885009765625, 346.9064025878906, 1907.929443359375, 1075.5438232421875], [1356.5872802734375, 401.3931579589844, 1609.8858642578125, 1080.0], [1059.83154296875, 454.29205322265625, 1155.57421875, 678.4122924804688], [895.5526123046875, 435.29193115234375, 970.5423583984375, 717.5289306640625], [674.9017944335938, 453.92926025390625, 719.2589111328125, 575.7911987304688]]","[0.55419921875, 0.60009765625, 0.38818359375, 0.55615234375, 0.603515625, 0.330078125, 0.48291015625, 0.406005859375]","[[1019.7690734863281, 726.262451171875], [811.3045959472656, 690.0409545898438], [1621.0040893554688, 975.6710205078125], [1758.2589721679688, 1075.5438232421875], [1483.236572265625, 1080.0], [1107.702880859375, 678.4122924804688], [933.0474853515625, 717.5289306640625], [697.0803527832031, 575.7911987304688]]",425426944,410959872,425426944,576,yolo26n_int8_576_ncnn_model,MOT17-02
525,66.15454900020268,0.0,8,"[285, 299, 396, 417, 379, 387, 237, 431]","[[961.4641723632812, 432.0579528808594, 1088.136962890625, 723.0731201171875], [768.8787841796875, 430.8103942871094, 866.5692138671875, 695.124267578125], [1554.3135986328125, 399.15496826171875, 1702.2960205078125, 996.0904541015625], [1606.3511962890625, 343.1885070800781, 1909.2139892578125, 1073.134521484375], [1370.349609375, 398.572021484375, 1620.677734375, 1080.0], [1069.615234375, 460.7398376464844, 1162.7276611328125, 680.9522094726562], [898.032958984375, 411.9419860839844, 978.5654296875, 709.1824951171875], [672.9682006835938, 454.6988525390625, 718.47607421875, 577.529052734375]]","[0.54052734375, 0.60009765625, 0.439453125, 0.374267578125, 0.640625, 0.31591796875, 0.5439453125, 0.37255859375]","[[1024.8005676269531, 723.0731201171875], [817.7239990234375, 695.124267578125], [1628.3048095703125, 996.0904541015625], [1757.7825927734375, 1073.134521484375], [1495.513671875, 1080.0], [1116.1714477539062, 680.9522094726562], [938.2991943359375, 709.1824951171875], [695.7221374511719, 577.529052734375]]",425426944,410959872,425426944,576,yolo26n_int8_576_ncnn_model,MOT17-02
526,66.74495599986585,0.0,10,"[285, 299, 396, 417, 379, 387, 237, 431, 447, 442]","[[965.6439819335938, 428.9492492675781, 1089.6192626953125, 722.6767578125], [770.5377197265625, 424.008056640625, 869.4542236328125, 691.401611328125], [1559.3470458984375, 397.62310791015625, 1708.9117431640625, 1000.69482421875], [1599.7864990234375, 349.75732421875, 1904.7803955078125, 1075.191650390625], [1382.951904296875, 394.763671875, 1629.1351318359375, 1080.0], [1073.4791259765625, 459.5743408203125, 1167.249267578125, 683.3212280273438], [897.03759765625, 400.53106689453125, 981.328369140625, 706.2120971679688], [673.1276245117188, 458.59906005859375, 717.9910888671875, 576.779296875], [902.7011108398438, 426.4166259765625, 973.9655151367188, 726.25], [1363.7703857421875, 399.809326171875, 1731.7374267578125, 1063.50634765625]]","[0.54052734375, 0.58056640625, 0.52587890625, 0.74658203125, 0.55029296875, 0.398193359375, 0.57470703125, 0.442138671875, 0.345947265625, 0.3994140625]","[[1027.6316223144531, 722.6767578125], [819.9959716796875, 691.401611328125], [1634.12939453125, 1000.69482421875], [1752.283447265625, 1075.191650390625], [1506.0435180664062, 1080.0], [1120.3641967773438, 683.3212280273438], [939.1829833984375, 706.2120971679688], [695.5593566894531, 576.779296875], [938.3333129882812, 726.25], [1547.75390625, 1063.50634765625]]",425426944,410959872,425426944,576,yolo26n_int8_576_ncnn_model,MOT17-02
527,65.72041799995532,0.0,10,"[285, 299, 396, 417, 379, 387, 237, 431, 447, 442]","[[972.9008178710938, 437.9170837402344, 1089.645751953125, 723.3502807617188], [776.2850341796875, 424.98040771484375, 875.5568237304688, 691.9132690429688], [1564.14892578125, 397.4481506347656, 1716.732666015625, 1011.5443115234375], [1603.904052734375, 346.12371826171875, 1912.015625, 1075.54345703125], [1397.859619140625, 386.8874206542969, 1640.5118408203125, 1080.0], [1077.3719482421875, 459.9554443359375, 1170.6607666015625, 683.37451171875], [899.8414306640625, 401.79693603515625, 984.418212890625, 704.7779541015625], [671.8200073242188, 454.97491455078125, 718.2223510742188, 574.78125], [905.7459716796875, 434.2393493652344, 973.4646606445312, 718.93603515625], [1373.1851806640625, 390.4508361816406, 1739.3695068359375, 1060.610107421875]]","[0.5419921875, 0.63232421875, 0.6064453125, 0.40576171875, 0.603515625, 0.476806640625, 0.583984375, 0.446044921875, 0.2578125, 0.52880859375]","[[1031.2732849121094, 723.3502807617188], [825.9209289550781, 691.9132690429688], [1640.4407958984375, 1011.5443115234375], [1757.9598388671875, 1075.54345703125], [1519.1857299804688, 1080.0], [1124.016357421875, 683.37451171875], [942.1298217773438, 704.7779541015625], [695.0211791992188, 574.78125], [939.6053161621094, 718.93603515625], [1556.27734375, 1060.610107421875]]",425426944,410959872,425426944,576,yolo26n_int8_576_ncnn_model,MOT17-02
528,66.53877200005809,0.0,10,"[285, 299, 396, 417, 379, 387, 237, 431, 447, 179]","[[977.7490234375, 436.38653564453125, 1092.6962890625, 724.1689453125], [780.8015747070312, 424.0018310546875, 881.3017578125, 690.206787109375], [1571.9403076171875, 396.7278747558594, 1728.43896484375, 1025.8924560546875], [1659.3760986328125, 360.2733154296875, 1920.0, 989.968017578125], [1408.8358154296875, 384.3420104980469, 1645.6807861328125, 1080.0], [1077.2659912109375, 457.3314514160156, 1169.955078125, 682.8379516601562], [902.46435546875, 402.43621826171875, 987.1668090820312, 705.3228759765625], [672.2553100585938, 460.04034423828125, 718.0265502929688, 575.4468994140625], [913.3551025390625, 450.1552429199219, 975.9993286132812, 712.4717407226562], [1465.59521484375, 411.92047119140625, 1670.9979248046875, 1072.061279296875]]","[0.52978515625, 0.61083984375, 0.69677734375, 0.73095703125, 0.59521484375, 0.447265625, 0.5927734375, 0.360595703125, 0.388671875, 0.58642578125]","[[1035.22265625, 724.1689453125], [831.0516662597656, 690.206787109375], [1650.1896362304688, 1025.8924560546875], [1789.6880493164062, 989.968017578125], [1527.25830078125, 1080.0], [1123.6105346679688, 682.8379516601562], [944.8155822753906, 705.3228759765625], [695.1409301757812, 575.4468994140625], [944.6772155761719, 712.4717407226562], [1568.2965698242188, 1072.061279296875]]",425426944,410959872,425426944,576,yolo26n_int8_576_ncnn_model,MOT17-02
529,65.44964099998651,0.0,9,"[285, 299, 396, 417, 379, 387, 237, 431, 179]","[[986.07421875, 439.93902587890625, 1098.033935546875, 723.6448364257812], [788.4845581054688, 425.02923583984375, 889.30859375, 689.3070068359375], [1578.913818359375, 394.99041748046875, 1738.228515625, 1031.6197509765625], [1681.6856689453125, 363.6331787109375, 1920.0, 960.7073974609375], [1418.374755859375, 395.3453674316406, 1646.2122802734375, 1080.0], [1081.5924072265625, 459.35699462890625, 1171.6826171875, 680.7106323242188], [907.13427734375, 404.135498046875, 990.9258422851562, 706.3634033203125], [670.4592895507812, 460.2614440917969, 715.5431518554688, 574.01318359375], [1461.3057861328125, 407.5615234375, 1675.4217529296875, 1069.142578125]]","[0.580078125, 0.587890625, 0.71728515625, 0.76318359375, 0.6640625, 0.363037109375, 0.6044921875, 0.388427734375, 0.6064453125]","[[1042.0540771484375, 723.6448364257812], [838.8965759277344, 689.3070068359375], [1658.5711669921875, 1031.6197509765625], [1800.8428344726562, 960.7073974609375], [1532.2935180664062, 1080.0], [1126.6375122070312, 680.7106323242188], [949.0300598144531, 706.3634033203125], [693.001220703125, 574.01318359375], [1568.36376953125, 1069.142578125]]",425426944,410959872,425426944,576,yolo26n_int8_576_ncnn_model,MOT17-02
530,65.78875199988943,0.0,10,"[285, 299, 396, 417, 379, 387, 237, 431, 179, 458]","[[994.8261108398438, 433.6595458984375, 1107.377685546875, 721.0877685546875], [793.4530639648438, 427.6465148925781, 893.7945556640625, 688.9927368164062], [1586.042724609375, 395.4163818359375, 1746.8011474609375, 1034.64990234375], [1693.427001953125, 367.0419921875, 1920.0, 949.9835205078125], [1424.891845703125, 389.388671875, 1649.61279296875, 1080.0], [1082.8563232421875, 460.6845397949219, 1170.2325439453125, 679.3429565429688], [908.931884765625, 397.4796142578125, 993.25244140625, 705.403076171875], [669.3744506835938, 460.8749694824219, 714.0319213867188, 572.9320068359375], [1463.5421142578125, 400.3405456542969, 1685.6480712890625, 1064.0406494140625], [575.6290893554688, 454.83331298828125, 611.0375366210938, 534.8333129882812]]","[0.6259765625, 0.58984375, 0.7509765625, 0.669921875, 0.7607421875, 0.458251953125, 0.59033203125, 0.339599609375, 0.66259765625, 0.322265625]","[[1051.1018981933594, 721.0877685546875], [843.6238098144531, 688.9927368164062], [1666.4219360351562, 1034.64990234375], [1806.7135009765625, 949.9835205078125], [1537.2523193359375, 1080.0], [1126.54443359375, 679.3429565429688], [951.0921630859375, 705.403076171875], [691.7031860351562, 572.9320068359375], [1574.5950927734375, 1064.0406494140625], [593.3333129882812, 534.8333129882812]]",425426944,410959872,425426944,576,yolo26n_int8_576_ncnn_model,MOT17-02
531,65.11425199983023,0.0,10,"[285, 299, 396, 417, 379, 387, 237, 431, 179, 458]","[[1001.2994384765625, 430.2174987792969, 1115.0250244140625, 722.3367919921875], [795.3377685546875, 436.6731872558594, 893.43994140625, 690.8391723632812], [1591.314208984375, 396.8277282714844, 1753.5560302734375, 1035.411865234375], [1698.2469482421875, 366.06134033203125, 1920.0, 953.3192749023438], [1435.3038330078125, 386.9039001464844, 1657.8809814453125, 1080.0], [1082.1527099609375, 457.01007080078125, 1170.640625, 683.0018920898438], [912.4461669921875, 397.47222900390625, 996.5787353515625, 706.9488525390625], [667.2123413085938, 460.23028564453125, 711.4121704101562, 571.1395874023438], [1470.32666015625, 397.64892578125, 1698.4876708984375, 1062.1551513671875], [575.4661254882812, 454.640625, 611.2005004882812, 535.2828979492188]]","[0.64990234375, 0.6064453125, 0.71484375, 0.63623046875, 0.74853515625, 0.358154296875, 0.5625, 0.3251953125, 0.61328125, 0.382080078125]","[[1058.1622314453125, 722.3367919921875], [844.3888549804688, 690.8391723632812], [1672.4351196289062, 1035.411865234375], [1809.1234741210938, 953.3192749023438], [1546.5924072265625, 1080.0], [1126.3966674804688, 683.0018920898438], [954.512451171875, 706.9488525390625], [689.312255859375, 571.1395874023438], [1584.4071655273438, 1062.1551513671875], [593.3333129882812, 535.2828979492188]]",425426944,410959872,425426944,576,yolo26n_int8_576_ncnn_model,MOT17-02
532,65.74843800012786,0.0,11,"[285, 299, 396, 417, 379, 387, 237, 431, 179, 458, 447]","[[1004.24951171875, 426.73614501953125, 1120.3409423828125, 723.9120483398438], [801.1165771484375, 436.4327392578125, 901.2283325195312, 689.6056518554688], [1594.3154296875, 399.7059326171875, 1761.15087890625, 1048.368408203125], [1659.9295654296875, 367.9205017089844, 1920.0, 1035.841552734375], [1442.2257080078125, 388.18896484375, 1661.978515625, 1080.0], [1082.717041015625, 448.8343200683594, 1172.0321044921875, 682.4459838867188], [916.1058349609375, 398.65411376953125, 999.71728515625, 706.462890625], [666.5611572265625, 465.5660400390625, 708.7236328125, 571.6129760742188], [1474.6700439453125, 402.06878662109375, 1710.9276123046875, 1068.2708740234375], [576.0459594726562, 454.5760498046875, 611.9119262695312, 535.43359375], [922.0081176757812, 425.1459045410156, 992.69384765625, 722.9097900390625]]","[0.62646484375, 0.6474609375, 0.7119140625, 0.7451171875, 0.64306640625, 0.4189453125, 0.5537109375, 0.366943359375, 0.5361328125, 0.38330078125, 0.427978515625]","[[1062.2952270507812, 723.9120483398438], [851.1724548339844, 689.6056518554688], [1677.733154296875, 1048.368408203125], [1789.9647827148438, 1035.841552734375], [1552.1021118164062, 1080.0], [1127.3745727539062, 682.4459838867188], [957.9115600585938, 706.462890625], [687.6423950195312, 571.6129760742188], [1592.798828125, 1068.2708740234375], [593.9789428710938, 535.43359375], [957.3509826660156, 722.9097900390625]]",425426944,410959872,425426944,576,yolo26n_int8_576_ncnn_model,MOT17-02
533,65.52038199993149,0.0,11,"[285, 299, 396, 417, 379, 387, 237, 431, 179, 458, 447]","[[1008.5886840820312, 430.75164794921875, 1123.1370849609375, 721.3775024414062], [805.2114868164062, 439.3659362792969, 905.1697387695312, 687.2216796875], [1591.2935791015625, 400.1355285644531, 1759.089111328125, 1042.9420166015625], [1650.4931640625, 353.30938720703125, 1920.0, 1065.1497802734375], [1444.881591796875, 386.1023254394531, 1663.003173828125, 1080.0], [1084.9097900390625, 448.4269714355469, 1172.6043701171875, 683.855712890625], [919.048583984375, 398.09674072265625, 1003.5504760742188, 707.3766479492188], [663.688232421875, 465.2541198730469, 705.9591674804688, 571.8154907226562], [1476.9005126953125, 403.766357421875, 1721.0599365234375, 1071.7135009765625], [575.6446533203125, 453.3147277832031, 612.7212524414062, 536.7144775390625], [925.499755859375, 422.55755615234375, 996.8977661132812, 724.1101684570312]]","[0.66064453125, 0.63427734375, 0.60107421875, 0.5947265625, 0.57568359375, 0.454345703125, 0.5849609375, 0.360107421875, 0.55810546875, 0.37841796875, 0.4482421875]","[[1065.8628845214844, 721.3775024414062], [855.1906127929688, 687.2216796875], [1675.1913452148438, 1042.9420166015625], [1785.24658203125, 1065.1497802734375], [1553.9423828125, 1080.0], [1128.757080078125, 683.855712890625], [961.2995300292969, 707.3766479492188], [684.8236999511719, 571.8154907226562], [1598.980224609375, 1071.7135009765625], [594.1829528808594, 536.7144775390625], [961.1987609863281, 724.1101684570312]]",425426944,410959872,425426944,576,yolo26n_int8_576_ncnn_model,MOT17-02
534,65.76649300018289,0.0,11,"[285, 299, 396, 417, 379, 387, 237, 431, 179, 458, 447]","[[1011.7060546875, 433.450927734375, 1126.681396484375, 722.6083984375], [806.2860717773438, 435.95721435546875, 908.9447631835938, 686.3493041992188], [1598.612548828125, 400.305908203125, 1766.6810302734375, 1040.5367431640625], [1688.7811279296875, 358.9525451660156, 1920.0, 1010.2129516601562], [1455.0577392578125, 388.3648681640625, 1672.44189453125, 1080.0], [1089.4564208984375, 448.85693359375, 1175.49072265625, 686.0361328125], [921.0982666015625, 405.0592956542969, 1004.970703125, 707.1787719726562], [663.29541015625, 467.0694274902344, 704.4207763671875, 572.1769409179688], [1477.52978515625, 409.52728271484375, 1727.813232421875, 1074.5325927734375], [575.279296875, 452.311767578125, 613.2003784179688, 537.7196655273438], [926.7736206054688, 426.7265625, 998.3217163085938, 728.2659301757812]]","[0.62451171875, 0.689453125, 0.63330078125, 0.6181640625, 0.74951171875, 0.42236328125, 0.5986328125, 0.35595703125, 0.37548828125, 0.437255859375, 0.3662109375]","[[1069.1937255859375, 722.6083984375], [857.6154174804688, 686.3493041992188], [1682.6467895507812, 1040.5367431640625], [1804.3905639648438, 1010.2129516601562], [1563.7498168945312, 1080.0], [1132.4735717773438, 686.0361328125], [963.0344848632812, 707.1787719726562], [683.8580932617188, 572.1769409179688], [1602.6715087890625, 1074.5325927734375], [594.2398376464844, 537.7196655273438], [962.5476684570312, 728.2659301757812]]",425426944,410959872,425426944,576,yolo26n_int8_576_ncnn_model,MOT17-02
535,65.99462300005143,0.0,9,"[285, 299, 396, 417, 379, 387, 237, 431, 458]","[[1012.376708984375, 433.9156494140625, 1128.1451416015625, 721.4177856445312], [806.484619140625, 432.604736328125, 912.4763793945312, 688.1229248046875], [1606.8153076171875, 400.2351379394531, 1773.54296875, 1034.0758056640625], [1681.9298095703125, 355.00885009765625, 1920.0, 1057.3406982421875], [1459.9578857421875, 388.4306945800781, 1677.81689453125, 1080.0], [1092.379150390625, 451.23779296875, 1175.252197265625, 684.67822265625], [922.140380859375, 409.87847900390625, 1006.1057739257812, 706.1355590820312], [662.0938110351562, 462.3747253417969, 703.925048828125, 570.9224243164062], [575.216064453125, 449.66943359375, 614.435791015625, 538.0514526367188]]","[0.52197265625, 0.68408203125, 0.6630859375, 0.6240234375, 0.69287109375, 0.395751953125, 0.591796875, 0.36865234375, 0.42529296875]","[[1070.2609252929688, 721.4177856445312], [859.4804992675781, 688.1229248046875], [1690.1791381835938, 1034.0758056640625], [1800.9649047851562, 1057.3406982421875], [1568.8873901367188, 1080.0], [1133.815673828125, 684.67822265625], [964.1230773925781, 706.1355590820312], [683.0094299316406, 570.9224243164062], [594.825927734375, 538.0514526367188]]",425426944,410959872,425426944,576,yolo26n_int8_576_ncnn_model,MOT17-02
536,65.76530799998181,0.0,9,"[285, 299, 396, 417, 387, 237, 431, 458, 179]","[[1011.8795776367188, 434.9193420410156, 1129.076171875, 721.2488403320312], [805.8508911132812, 434.76324462890625, 912.0427856445312, 688.6712646484375], [1609.57958984375, 397.5977783203125, 1777.10400390625, 1035.13623046875], [1697.6151123046875, 348.94970703125, 1920.0, 1073.716064453125], [1094.930419921875, 448.0558166503906, 1177.9359130859375, 687.1687622070312], [922.9346313476562, 420.58746337890625, 1005.916015625, 704.6375122070312], [659.89208984375, 463.39599609375, 701.1796875, 572.1224975585938], [574.9874877929688, 449.0118408203125, 614.5131225585938, 537.8662109375], [1474.5916748046875, 394.500244140625, 1731.2530517578125, 1067.3194580078125]]","[0.61083984375, 0.650390625, 0.61083984375, 0.703125, 0.4111328125, 0.560546875, 0.4453125, 0.447509765625, 0.56689453125]","[[1070.4778747558594, 721.2488403320312], [858.9468383789062, 688.6712646484375], [1693.341796875, 1035.13623046875], [1808.8075561523438, 1073.716064453125], [1136.4331665039062, 687.1687622070312], [964.4253234863281, 704.6375122070312], [680.535888671875, 572.1224975585938], [594.7503051757812, 537.8662109375], [1602.92236328125, 1067.3194580078125]]",425426944,410959872,425426944,576,yolo26n_int8_576_ncnn_model,MOT17-02
537,65.47258499995223,0.0,10,"[285, 299, 396, 417, 387, 237, 431, 458, 466, 179]","[[1010.2633056640625, 435.29461669921875, 1128.3128662109375, 718.9828491210938], [806.1535034179688, 434.2017517089844, 913.1959838867188, 689.1751708984375], [1615.6485595703125, 392.3640441894531, 1786.133544921875, 1040.750732421875], [1708.59033203125, 342.6763000488281, 1920.0, 1079.97412109375], [1098.74462890625, 450.9644775390625, 1179.2255859375, 689.4488525390625], [923.86328125, 420.2562561035156, 1009.46533203125, 706.189208984375], [659.2030639648438, 460.4527587890625, 701.7698364257812, 573.7010498046875], [575.75634765625, 451.3358459472656, 614.2201538085938, 537.4866333007812], [714.4848022460938, 457.58331298828125, 745.5151977539062, 541.0833129882812], [1468.963134765625, 391.9179992675781, 1728.5906982421875, 1065.9261474609375]]","[0.5, 0.609375, 0.6015625, 0.693359375, 0.458251953125, 0.5517578125, 0.453125, 0.423095703125, 0.337158203125, 0.61083984375]","[[1069.2880859375, 718.9828491210938], [859.6747436523438, 689.1751708984375], [1700.8910522460938, 1040.750732421875], [1814.295166015625, 1079.97412109375], [1138.985107421875, 689.4488525390625], [966.664306640625, 706.189208984375], [680.4864501953125, 573.7010498046875], [594.9882507324219, 537.4866333007812], [730.0, 541.0833129882812], [1598.7769165039062, 1065.9261474609375]]",425426944,410959872,425426944,576,yolo26n_int8_576_ncnn_model,MOT17-02
538,66.10156800002187,0.0,11,"[285, 299, 396, 417, 387, 237, 431, 458, 466, 179, 379]","[[1013.662841796875, 431.5545959472656, 1134.775146484375, 722.0139770507812], [811.2089233398438, 432.3279724121094, 919.4668579101562, 688.8231201171875], [1618.2188720703125, 392.57275390625, 1788.8853759765625, 1042.7637939453125], [1719.01904296875, 358.90118408203125, 1920.0, 1080.0], [1102.1795654296875, 449.1053161621094, 1183.046875, 695.5128173828125], [926.2099609375, 408.75408935546875, 1017.4829711914062, 707.0341796875], [658.2322998046875, 458.26373291015625, 701.1455078125, 573.2026977539062], [576.1796875, 450.0032958984375, 615.0838012695312, 537.3178100585938], [714.0748291015625, 458.1628723144531, 744.63720703125, 540.2461547851562], [1467.0767822265625, 390.1916809082031, 1729.521728515625, 1066.262939453125], [1451.130126953125, 406.3783874511719, 1667.4573974609375, 1080.0]]","[0.5078125, 0.62744140625, 0.56005859375, 0.681640625, 0.38134765625, 0.5517578125, 0.4267578125, 0.489013671875, 0.29638671875, 0.487548828125, 0.40966796875]","[[1074.218994140625, 722.0139770507812], [865.337890625, 688.8231201171875], [1703.5521240234375, 1042.7637939453125], [1819.509521484375, 1080.0], [1142.6132202148438, 695.5128173828125], [971.8464660644531, 707.0341796875], [679.6889038085938, 573.2026977539062], [595.6317443847656, 537.3178100585938], [729.3560180664062, 540.2461547851562], [1598.2992553710938, 1066.262939453125], [1559.2937622070312, 1080.0]]",425426944,410959872,425426944,576,yolo26n_int8_576_ncnn_model,MOT17-02
539,66.20973400004004,0.0,10,"[285, 299, 396, 417, 387, 237, 431, 458, 466, 179]","[[1016.9021606445312, 428.3876037597656, 1139.3829345703125, 722.7372436523438], [814.7643432617188, 428.3160400390625, 924.3495483398438, 687.5985717773438], [1629.623779296875, 395.1475524902344, 1798.7117919921875, 1035.4580078125], [1729.45166015625, 369.82403564453125, 1920.0, 1080.0], [1106.7799072265625, 452.7465515136719, 1183.2235107421875, 690.195556640625], [927.8233032226562, 405.5615539550781, 1022.8687744140625, 708.4373168945312], [658.235107421875, 457.14459228515625, 701.7311401367188, 574.3728637695312], [577.0076293945312, 450.3668212890625, 615.8212280273438, 537.5247802734375], [714.2334594726562, 456.7173767089844, 745.3621215820312, 540.2965087890625], [1459.075439453125, 391.9291687011719, 1718.167236328125, 1065.167236328125]]","[0.498046875, 0.59814453125, 0.62890625, 0.69384765625, 0.441650390625, 0.5986328125, 0.4189453125, 0.431396484375, 0.257568359375, 0.61962890625]","[[1078.1425476074219, 722.7372436523438], [869.5569458007812, 687.5985717773438], [1714.1677856445312, 1035.4580078125], [1824.725830078125, 1080.0], [1145.001708984375, 690.195556640625], [975.3460388183594, 708.4373168945312], [679.9831237792969, 574.3728637695312], [596.4144287109375, 537.5247802734375], [729.7977905273438, 540.2965087890625], [1588.621337890625, 1065.167236328125]]",425426944,410959872,425426944,576,yolo26n_int8_576_ncnn_model,MOT17-02
540,66.12580799992429,0.0,10,"[285, 299, 396, 417, 387, 237, 431, 458, 466, 179]","[[1019.3309936523438, 427.87353515625, 1141.8668212890625, 722.3302001953125], [816.6567993164062, 433.38262939453125, 925.4039916992188, 689.337646484375], [1632.41259765625, 398.7824401855469, 1799.1171875, 1025.4813232421875], [1737.820068359375, 380.26519775390625, 1920.0, 1080.0], [1109.6304931640625, 458.9187316894531, 1181.9735107421875, 686.648681640625], [928.7435302734375, 399.7094421386719, 1027.7147216796875, 709.2516479492188], [658.84765625, 462.165283203125, 699.799072265625, 572.6431274414062], [576.9204711914062, 451.640625, 615.3634643554688, 537.5916137695312], [712.5003051757812, 457.8176574707031, 743.6651000976562, 541.2637939453125], [1461.1024169921875, 384.7862548828125, 1718.4425048828125, 1061.597900390625]]","[0.443603515625, 0.6025390625, 0.54541015625, 0.671875, 0.381591796875, 0.62158203125, 0.35107421875, 0.38037109375, 0.30078125, 0.609375]","[[1080.5989074707031, 722.3302001953125], [871.0303955078125, 689.337646484375], [1715.764892578125, 1025.4813232421875], [1828.9100341796875, 1080.0], [1145.802001953125, 686.648681640625], [978.2291259765625, 709.2516479492188], [679.3233642578125, 572.6431274414062], [596.1419677734375, 537.5916137695312], [728.0827026367188, 541.2637939453125], [1589.7724609375, 1061.597900390625]]",425426944,410959872,425426944,576,yolo26n_int8_576_ncnn_model,MOT17-02
541,65.91473399998904,0.0,10,"[285, 299, 396, 417, 387, 237, 431, 458, 466, 179]","[[1022.9028930664062, 423.85906982421875, 1146.4658203125, 723.8189086914062], [817.030029296875, 428.2897644042969, 928.0573120117188, 689.3253173828125], [1641.627685546875, 397.8105163574219, 1808.31494140625, 1018.4368286132812], [1747.05224609375, 386.4933776855469, 1920.0, 1080.0], [1111.5338134765625, 456.1934814453125, 1182.6915283203125, 683.6209716796875], [927.9407958984375, 411.9216613769531, 1026.1827392578125, 711.459228515625], [658.775390625, 463.0295104980469, 698.9409790039062, 571.9593505859375], [577.0078125, 452.41943359375, 615.0394287109375, 537.3265991210938], [711.7681884765625, 457.9035949707031, 743.2608032226562, 541.8981323242188], [1467.2559814453125, 386.1269836425781, 1722.8828125, 1063.9837646484375]]","[0.4931640625, 0.64892578125, 0.53564453125, 0.650390625, 0.389404296875, 0.59521484375, 0.3359375, 0.3583984375, 0.294189453125, 0.488037109375]","[[1084.6843566894531, 723.8189086914062], [872.5436706542969, 689.3253173828125], [1724.9713134765625, 1018.4368286132812], [1833.526123046875, 1080.0], [1147.1126708984375, 683.6209716796875], [977.061767578125, 711.459228515625], [678.8581848144531, 571.9593505859375], [596.0236206054688, 537.3265991210938], [727.5144958496094, 541.8981323242188], [1595.0693969726562, 1063.9837646484375]]",425426944,410959872,425426944,576,yolo26n_int8_576_ncnn_model,MOT17-02
542,84.11130300009972,0.0,11,"[285, 299, 396, 417, 387, 237, 431, 458, 466, 179, 447]","[[1025.52099609375, 419.91314697265625, 1149.9810791015625, 724.651123046875], [817.870361328125, 429.26629638671875, 928.1642456054688, 688.6402587890625], [1647.01416015625, 398.4161376953125, 1813.77978515625, 1015.9200439453125], [1756.256591796875, 390.1251220703125, 1920.0, 1080.0], [1112.51025390625, 447.15753173828125, 1184.758544921875, 681.6871337890625], [931.943603515625, 400.11724853515625, 1036.5008544921875, 710.0867919921875], [657.9369506835938, 460.8326416015625, 698.3944702148438, 570.8803100585938], [576.230712890625, 452.44024658203125, 614.5917358398438, 537.4971923828125], [712.1932983398438, 457.3444519042969, 744.2537231445312, 542.6940307617188], [1474.9329833984375, 385.04986572265625, 1730.041748046875, 1063.2666015625], [942.1246948242188, 429.4797668457031, 1015.1530151367188, 719.093994140625]]","[0.472412109375, 0.58935546875, 0.5791015625, 0.64697265625, 0.40771484375, 0.6064453125, 0.36474609375, 0.374267578125, 0.27392578125, 0.433837890625, 0.3251953125]","[[1087.7510375976562, 724.651123046875], [873.0173034667969, 688.6402587890625], [1730.39697265625, 1015.9200439453125], [1838.1282958984375, 1080.0], [1148.6343994140625, 681.6871337890625], [984.2222290039062, 710.0867919921875], [678.1657104492188, 570.8803100585938], [595.4112243652344, 537.4971923828125], [728.2235107421875, 542.6940307617188], [1602.4873657226562, 1063.2666015625], [978.6388549804688, 719.093994140625]]",425426944,410959872,425426944,576,yolo26n_int8_576_ncnn_model,MOT17-02
543,66.0289190000185,0.0,10,"[285, 299, 396, 417, 387, 237, 431, 458, 466, 179]","[[1026.0191650390625, 419.529296875, 1148.3079833984375, 721.6956787109375], [831.2626342773438, 433.23785400390625, 939.0955200195312, 694.7144165039062], [1649.420654296875, 396.2933044433594, 1817.17529296875, 1014.00732421875], [1766.19384765625, 396.9073486328125, 1920.0, 1080.0], [1112.248046875, 439.9844055175781, 1186.0401611328125, 682.6148681640625], [928.9133911132812, 401.234130859375, 1033.82177734375, 706.318115234375], [655.8616333007812, 459.4637145996094, 696.7141723632812, 571.0385131835938], [576.0830078125, 452.1744689941406, 614.8236083984375, 537.8316040039062], [711.9453125, 457.7164306640625, 743.903076171875, 542.3925170898438], [1484.96484375, 386.48297119140625, 1743.021728515625, 1074.151123046875]]","[0.382080078125, 0.5498046875, 0.62060546875, 0.5986328125, 0.31201171875, 0.6015625, 0.4501953125, 0.387939453125, 0.311767578125, 0.5712890625]","[[1087.16357421875, 721.6956787109375], [885.1790771484375, 694.7144165039062], [1733.2979736328125, 1014.00732421875], [1843.096923828125, 1080.0], [1149.1441040039062, 682.6148681640625], [981.3675842285156, 706.318115234375], [676.2879028320312, 571.0385131835938], [595.4533081054688, 537.8316040039062], [727.9241943359375, 542.3925170898438], [1613.9932861328125, 1074.151123046875]]",425426944,410959872,425426944,576,yolo26n_int8_576_ncnn_model,MOT17-02
544,65.61047399986819,0.0,10,"[285, 299, 396, 417, 387, 237, 431, 458, 466, 179]","[[1037.42431640625, 421.63360595703125, 1155.911376953125, 720.5474243164062], [833.0338745117188, 432.679443359375, 937.486572265625, 689.1825561523438], [1654.52880859375, 399.2251281738281, 1822.6231689453125, 1015.0924072265625], [1775.037109375, 394.3668518066406, 1920.0, 1080.0], [1114.14453125, 438.0895080566406, 1187.654052734375, 682.16943359375], [929.365966796875, 406.69012451171875, 1033.06884765625, 703.1862182617188], [654.5154418945312, 457.3016357421875, 695.6190795898438, 570.5579833984375], [576.3067016601562, 452.0780029296875, 615.1748046875, 537.9508056640625], [712.6271362304688, 456.716796875, 745.3098754882812, 543.402099609375], [1495.7479248046875, 388.1594543457031, 1753.8182373046875, 1078.2564697265625]]","[0.4609375, 0.57568359375, 0.71142578125, 0.5693359375, 0.296875, 0.615234375, 0.451171875, 0.40576171875, 0.315185546875, 0.69482421875]","[[1096.6678466796875, 720.5474243164062], [885.2602233886719, 689.1825561523438], [1738.5759887695312, 1015.0924072265625], [1847.5185546875, 1080.0], [1150.8992919921875, 682.16943359375], [981.2174072265625, 703.1862182617188], [675.0672607421875, 570.5579833984375], [595.7407531738281, 537.9508056640625], [728.968505859375, 543.402099609375], [1624.7830810546875, 1078.2564697265625]]",425426944,410959872,425426944,576,yolo26n_int8_576_ncnn_model,MOT17-02
545,65.71136299999125,0.0,9,"[285, 299, 396, 417, 237, 431, 458, 466, 179]","[[1046.865234375, 423.57720947265625, 1162.2308349609375, 720.1170043945312], [839.6585693359375, 432.3193359375, 943.8660278320312, 694.9403076171875], [1661.001708984375, 400.3366394042969, 1830.7203369140625, 1021.0400390625], [1785.9083251953125, 439.74212646484375, 1920.0, 1080.0], [932.3131713867188, 423.25201416015625, 1033.14453125, 704.2349243164062], [655.2842407226562, 457.5823669433594, 695.6448974609375, 569.288818359375], [576.9488525390625, 452.3215637207031, 615.8444213867188, 537.7127075195312], [712.8201904296875, 455.5167236328125, 746.450439453125, 544.59716796875], [1505.637939453125, 398.708740234375, 1758.4193115234375, 1079.7908935546875]]","[0.414794921875, 0.587890625, 0.6064453125, 0.560546875, 0.61669921875, 0.41064453125, 0.39013671875, 0.317626953125, 0.5908203125]","[[1104.5480346679688, 720.1170043945312], [891.7622985839844, 694.9403076171875], [1745.8610229492188, 1021.0400390625], [1852.9541625976562, 1080.0], [982.7288513183594, 704.2349243164062], [675.4645690917969, 569.288818359375], [596.3966369628906, 537.7127075195312], [729.6353149414062, 544.59716796875], [1632.0286254882812, 1079.7908935546875]]",425426944,410959872,425426944,576,yolo26n_int8_576_ncnn_model,MOT17-02
546,66.14540100008526,0.0,11,"[285, 299, 396, 417, 237, 431, 458, 466, 179, 442, 387]","[[1053.1092529296875, 428.33721923828125, 1166.0369873046875, 721.4798583984375], [847.1458129882812, 431.3645324707031, 949.75, 698.97900390625], [1664.42822265625, 403.7735290527344, 1834.5546875, 1025.747802734375], [1795.5264892578125, 472.8954162597656, 1920.0, 1080.0], [937.3712768554688, 430.5869445800781, 1038.0455322265625, 704.6516723632812], [654.177001953125, 457.70648193359375, 694.39599609375, 568.8135986328125], [576.3336791992188, 451.3124084472656, 615.8392944335938, 537.6153564453125], [712.9305419921875, 455.07281494140625, 746.844970703125, 545.0308837890625], [1510.60546875, 395.0279846191406, 1758.559326171875, 1080.0], [1496.27880859375, 386.1102600097656, 1848.273681640625, 1063.586181640625], [1116.027587890625, 442.8677978515625, 1191.2225341796875, 694.4119873046875]]","[0.266357421875, 0.5751953125, 0.5673828125, 0.52099609375, 0.5927734375, 0.368896484375, 0.35107421875, 0.343505859375, 0.41162109375, 0.427490234375, 0.265625]","[[1109.5731201171875, 721.4798583984375], [898.4479064941406, 698.97900390625], [1749.491455078125, 1025.747802734375], [1857.7632446289062, 1080.0], [987.7084045410156, 704.6516723632812], [674.2864990234375, 568.8135986328125], [596.0864868164062, 537.6153564453125], [729.8877563476562, 545.0308837890625], [1634.5823974609375, 1080.0], [1672.2762451171875, 1063.586181640625], [1153.6250610351562, 694.4119873046875]]",425426944,410959872,425426944,576,yolo26n_int8_576_ncnn_model,MOT17-02
547,65.65051200004746,0.0,11,"[285, 299, 396, 417, 237, 431, 458, 466, 179, 442, 387]","[[1054.683837890625, 428.349609375, 1165.69482421875, 721.586181640625], [852.4788208007812, 430.86236572265625, 949.25146484375, 687.5571899414062], [1667.16552734375, 397.63232421875, 1840.713623046875, 1030.5362548828125], [1800.70068359375, 479.07257080078125, 1920.0, 1080.0], [941.24658203125, 432.892578125, 1043.245361328125, 706.2183227539062], [654.1387329101562, 457.76336669921875, 693.6220703125, 566.4400634765625], [575.1434936523438, 452.0361328125, 614.587646484375, 537.57470703125], [712.3751831054688, 456.8467102050781, 745.9357299804688, 545.4506225585938], [1523.7012939453125, 384.9906311035156, 1771.21240234375, 1080.0], [1517.455810546875, 382.54876708984375, 1866.868408203125, 1074.947021484375], [1122.26806640625, 440.8815612792969, 1196.8853759765625, 697.15966796875]]","[0.287841796875, 0.4990234375, 0.609375, 0.515625, 0.451171875, 0.423828125, 0.33642578125, 0.33251953125, 0.50048828125, 0.341796875, 0.277099609375]","[[1110.1893310546875, 721.586181640625], [900.8651428222656, 687.5571899414062], [1753.9395751953125, 1030.5362548828125], [1860.350341796875, 1080.0], [992.2459716796875, 706.2183227539062], [673.8804016113281, 566.4400634765625], [594.8655700683594, 537.57470703125], [729.1554565429688, 545.4506225585938], [1647.4568481445312, 1080.0], [1692.162109375, 1074.947021484375], [1159.5767211914062, 697.15966796875]]",425426944,410959872,425426944,576,yolo26n_int8_576_ncnn_model,MOT17-02
548,66.1493079999218,0.0,10,"[299, 396, 417, 237, 431, 458, 466, 179, 442, 387]","[[860.3311767578125, 441.3971862792969, 952.843017578125, 692.3982543945312], [1672.5723876953125, 398.8622741699219, 1847.0400390625, 1030.936279296875], [1805.3807373046875, 487.42401123046875, 1920.0, 1080.0], [942.044189453125, 421.9382629394531, 1048.9437255859375, 707.3533325195312], [652.41845703125, 456.1268615722656, 692.8970947265625, 567.2307739257812], [575.9398193359375, 452.5954895019531, 615.0601806640625, 537.2784423828125], [713.35107421875, 455.59478759765625, 747.172607421875, 545.3096313476562], [1525.2486572265625, 379.9766540527344, 1769.21923828125, 1080.0], [1523.92626953125, 396.9059143066406, 1853.765380859375, 1069.03759765625], [1113.449951171875, 436.90045166015625, 1192.5230712890625, 704.680419921875]]","[0.49609375, 0.69482421875, 0.3798828125, 0.453857421875, 0.489501953125, 0.369873046875, 0.34130859375, 0.6376953125, 0.472412109375, 0.403076171875]","[[906.5870971679688, 692.3982543945312], [1759.8062133789062, 1030.936279296875], [1862.6903686523438, 1080.0], [995.4939575195312, 707.3533325195312], [672.6577758789062, 567.2307739257812], [595.5, 537.2784423828125], [730.2618408203125, 545.3096313476562], [1647.2339477539062, 1080.0], [1688.8458251953125, 1069.03759765625], [1152.9865112304688, 704.680419921875]]",425426944,410959872,425426944,576,yolo26n_int8_576_ncnn_model,MOT17-02
549,64.96306600001844,0.0,9,"[299, 396, 237, 431, 458, 466, 179, 442, 387]","[[866.8396606445312, 448.897705078125, 955.8328857421875, 696.1441040039062], [1679.03271484375, 401.5367431640625, 1853.3990478515625, 1028.8330078125], [944.2804565429688, 413.78363037109375, 1054.4378662109375, 707.4955444335938], [651.8484497070312, 454.984130859375, 692.6148071289062, 565.890380859375], [575.26220703125, 451.9781188964844, 615.1089477539062, 537.9940185546875], [714.2578125, 454.85711669921875, 748.1892700195312, 545.5173950195312], [1528.04296875, 386.5881652832031, 1764.73291015625, 1080.0], [1539.3111572265625, 393.7817687988281, 1870.791259765625, 1074.2520751953125], [1113.128662109375, 434.6008605957031, 1194.2198486328125, 708.3107299804688]]","[0.53369140625, 0.642578125, 0.486328125, 0.464599609375, 0.362060546875, 0.343505859375, 0.50048828125, 0.412841796875, 0.302490234375]","[[911.3362731933594, 696.1441040039062], [1766.2158813476562, 1028.8330078125], [999.3591613769531, 707.4955444335938], [672.2316284179688, 565.890380859375], [595.1855773925781, 537.9940185546875], [731.2235412597656, 545.5173950195312], [1646.387939453125, 1080.0], [1705.0512084960938, 1074.2520751953125], [1153.6742553710938, 708.3107299804688]]",425426944,410959872,425426944,576,yolo26n_int8_576_ncnn_model,MOT17-02
550,65.27421500004493,0.0,10,"[299, 396, 237, 431, 458, 466, 179, 442, 387, 285]","[[871.532958984375, 452.7398681640625, 956.5672607421875, 694.178466796875], [1685.00439453125, 405.3055725097656, 1858.4512939453125, 1027.4342041015625], [949.6815795898438, 417.4447326660156, 1057.2523193359375, 705.0929565429688], [651.0819702148438, 455.1148376464844, 691.48388671875, 564.84619140625], [575.4945678710938, 450.377685546875, 615.7366943359375, 537.4358520507812], [715.2208862304688, 454.5851745605469, 749.0450439453125, 545.5811157226562], [1534.022705078125, 385.3207702636719, 1766.4935302734375, 1079.3333740234375], [1551.0899658203125, 392.60076904296875, 1879.3753662109375, 1068.4234619140625], [1110.370361328125, 435.88702392578125, 1194.182373046875, 716.1488037109375], [1073.797607421875, 439.9744873046875, 1182.2674560546875, 724.1170654296875]]","[0.556640625, 0.56689453125, 0.5419921875, 0.4638671875, 0.37646484375, 0.340087890625, 0.60107421875, 0.5439453125, 0.40771484375, 0.272216796875]","[[914.0501098632812, 694.178466796875], [1771.7278442382812, 1027.4342041015625], [1003.4669494628906, 705.0929565429688], [671.2829284667969, 564.84619140625], [595.6156311035156, 537.4358520507812], [732.1329650878906, 545.5811157226562], [1650.2581176757812, 1079.3333740234375], [1715.232666015625, 1068.4234619140625], [1152.2763671875, 716.1488037109375], [1128.0325317382812, 724.1170654296875]]",425426944,410959872,425426944,576,yolo26n_int8_576_ncnn_model,MOT17-02
551,65.41010399996594,0.0,11,"[299, 396, 237, 431, 458, 466, 179, 442, 387, 285, 447]","[[873.5512084960938, 450.4513854980469, 958.4451904296875, 695.9417724609375], [1692.6995849609375, 400.911376953125, 1865.5107421875, 1019.4168090820312], [953.36767578125, 414.1806945800781, 1060.892333984375, 704.4295043945312], [652.4390869140625, 455.4598083496094, 692.8037109375, 564.1973876953125], [575.6581420898438, 451.1416320800781, 615.8988037109375, 538.0408935546875], [714.5654907226562, 453.1196594238281, 749.2788696289062, 546.962890625], [1537.880126953125, 388.7162780761719, 1765.234375, 1079.9732666015625], [1538.753173828125, 389.9048156738281, 1861.041259765625, 1072.8331298828125], [1111.09521484375, 436.6829833984375, 1195.5269775390625, 717.781005859375], [1081.4351806640625, 427.65997314453125, 1192.818115234375, 723.6550903320312], [970.8367309570312, 473.38323974609375, 1035.5670166015625, 708.5892944335938]]","[0.5966796875, 0.55712890625, 0.5703125, 0.40673828125, 0.41357421875, 0.379150390625, 0.456298828125, 0.5517578125, 0.4482421875, 0.322998046875, 0.34130859375]","[[915.9981994628906, 695.9417724609375], [1779.1051635742188, 1019.4168090820312], [1007.1300048828125, 704.4295043945312], [672.6213989257812, 564.1973876953125], [595.7784729003906, 538.0408935546875], [731.9221801757812, 546.962890625], [1651.5572509765625, 1079.9732666015625], [1699.897216796875, 1072.8331298828125], [1153.3110961914062, 717.781005859375], [1137.1266479492188, 723.6550903320312], [1003.2018737792969, 708.5892944335938]]",425426944,410959872,425426944,576,yolo26n_int8_576_ncnn_model,MOT17-02
552,65.23603000005096,0.0,9,"[299, 396, 237, 431, 458, 466, 179, 387, 447]","[[876.2664184570312, 442.6653747558594, 963.5607299804688, 700.1637573242188], [1703.675537109375, 398.135009765625, 1877.318603515625, 1015.283447265625], [956.5720825195312, 410.90966796875, 1062.4256591796875, 699.6563720703125], [653.274169921875, 454.4961853027344, 694.69921875, 565.0851440429688], [576.2711181640625, 451.443115234375, 616.5047607421875, 538.2698974609375], [714.5368041992188, 453.6612548828125, 749.13330078125, 547.4733276367188], [1551.031494140625, 397.1859436035156, 1775.863037109375, 1080.0], [1107.743408203125, 434.8511657714844, 1194.1805419921875, 718.3302001953125], [974.1567993164062, 475.3907775878906, 1039.991943359375, 700.693115234375]]","[0.5419921875, 0.587890625, 0.5615234375, 0.429443359375, 0.4091796875, 0.404541015625, 0.548828125, 0.5078125, 0.29345703125]","[[919.91357421875, 700.1637573242188], [1790.4970703125, 1015.283447265625], [1009.4988708496094, 699.6563720703125], [673.9866943359375, 565.0851440429688], [596.387939453125, 538.2698974609375], [731.8350524902344, 547.4733276367188], [1663.447265625, 1080.0], [1150.9619750976562, 718.3302001953125], [1007.0743713378906, 700.693115234375]]",425426944,410959872,425426944,576,yolo26n_int8_576_ncnn_model,MOT17-02
553,65.185548999807,0.0,9,"[299, 396, 237, 431, 458, 466, 179, 387, 285]","[[883.4157104492188, 439.18438720703125, 970.0020751953125, 693.5897216796875], [1705.408447265625, 396.2630920410156, 1883.6890869140625, 1025.6146240234375], [965.8588256835938, 412.5762939453125, 1069.0244140625, 699.3709106445312], [651.4796142578125, 455.2450256347656, 693.1549682617188, 565.4315185546875], [576.3150024414062, 451.0119323730469, 616.9158935546875, 538.90234375], [715.6585693359375, 454.4367370605469, 749.5646362304688, 547.103759765625], [1559.402587890625, 390.43768310546875, 1786.092529296875, 1080.0], [1113.8248291015625, 436.8812255859375, 1200.33837890625, 720.0972900390625], [1087.6864013671875, 432.6318664550781, 1198.091796875, 722.7858276367188]]","[0.55419921875, 0.5029296875, 0.5009765625, 0.373779296875, 0.438720703125, 0.447509765625, 0.5419921875, 0.308349609375, 0.51513671875]","[[926.7088928222656, 693.5897216796875], [1794.5487670898438, 1025.6146240234375], [1017.4416198730469, 699.3709106445312], [672.3172912597656, 565.4315185546875], [596.6154479980469, 538.90234375], [732.6116027832031, 547.103759765625], [1672.74755859375, 1080.0], [1157.0816040039062, 720.0972900390625], [1142.8890991210938, 722.7858276367188]]",425426944,410959872,425426944,576,yolo26n_int8_576_ncnn_model,MOT17-02
554,65.25071500004742,0.0,8,"[299, 396, 237, 431, 458, 466, 179, 285]","[[889.6240234375, 432.2843017578125, 977.5375366210938, 689.8634643554688], [1710.5430908203125, 395.5709228515625, 1889.9500732421875, 1029.490966796875], [975.7282104492188, 399.97235107421875, 1080.3646240234375, 699.2907104492188], [650.914794921875, 456.9248962402344, 692.483154296875, 565.3059692382812], [576.848388671875, 449.21087646484375, 617.6397705078125, 538.5889282226562], [715.7415161132812, 454.74566650390625, 748.9573364257812, 545.8418579101562], [1562.618408203125, 387.6317443847656, 1790.5921630859375, 1080.0], [1086.7913818359375, 433.12579345703125, 1197.9617919921875, 722.1136474609375]]","[0.60595703125, 0.5302734375, 0.49951171875, 0.30029296875, 0.442138671875, 0.424560546875, 0.6376953125, 0.490478515625]","[[933.5807800292969, 689.8634643554688], [1800.24658203125, 1029.490966796875], [1028.0464172363281, 699.2907104492188], [671.698974609375, 565.3059692382812], [597.2440795898438, 538.5889282226562], [732.3494262695312, 545.8418579101562], [1676.6052856445312, 1080.0], [1142.3765869140625, 722.1136474609375]]",425426944,410959872,425426944,576,yolo26n_int8_576_ncnn_model,MOT17-02
555,64.74723299993457,0.0,8,"[299, 396, 237, 431, 458, 466, 179, 285]","[[890.45703125, 427.7897033691406, 979.396240234375, 687.0999145507812], [1715.35986328125, 396.6925048828125, 1897.7662353515625, 1036.1561279296875], [983.9058837890625, 403.1780700683594, 1085.30712890625, 697.91943359375], [650.36279296875, 459.7889709472656, 691.5068359375, 565.2733154296875], [577.2218627929688, 449.076904296875, 617.7339477539062, 539.0093383789062], [716.3882446289062, 454.869873046875, 749.1978149414062, 545.3501586914062], [1562.35400390625, 382.3161315917969, 1792.2728271484375, 1080.0], [1085.458984375, 417.0736083984375, 1203.2523193359375, 723.6838989257812]]","[0.59521484375, 0.400390625, 0.54736328125, 0.322509765625, 0.444091796875, 0.425537109375, 0.623046875, 0.54931640625]","[[934.9266357421875, 687.0999145507812], [1806.5630493164062, 1036.1561279296875], [1034.6065063476562, 697.91943359375], [670.934814453125, 565.2733154296875], [597.4779052734375, 539.0093383789062], [732.7930297851562, 545.3501586914062], [1677.3134155273438, 1080.0], [1144.3556518554688, 723.6838989257812]]",425426944,410959872,425426944,576,yolo26n_int8_576_ncnn_model,MOT17-02
556,65.46608500002549,0.0,8,"[299, 396, 237, 431, 458, 466, 179, 285]","[[890.8841552734375, 425.83648681640625, 980.7606811523438, 687.4321899414062], [1719.0377197265625, 391.5220642089844, 1906.6484375, 1039.8826904296875], [988.3662719726562, 397.9139709472656, 1089.940673828125, 697.4136352539062], [648.7550659179688, 457.78948974609375, 691.475830078125, 566.11279296875], [578.0878295898438, 449.03741455078125, 618.1251831054688, 539.1655883789062], [716.6735229492188, 454.9210205078125, 749.2293701171875, 545.159423828125], [1567.1033935546875, 401.5759582519531, 1792.0753173828125, 1074.4571533203125], [1087.79248046875, 413.5035400390625, 1207.6600341796875, 724.12451171875]]","[0.59716796875, 0.2568359375, 0.59228515625, 0.309814453125, 0.443603515625, 0.41162109375, 0.544921875, 0.57666015625]","[[935.8224182128906, 687.4321899414062], [1812.8430786132812, 1039.8826904296875], [1039.1534729003906, 697.4136352539062], [670.1154479980469, 566.11279296875], [598.1065063476562, 539.1655883789062], [732.9514465332031, 545.159423828125], [1679.58935546875, 1074.4571533203125], [1147.7262573242188, 724.12451171875]]",425426944,410959872,425426944,576,yolo26n_int8_576_ncnn_model,MOT17-02
557,65.33256700004131,0.0,8,"[299, 396, 237, 431, 458, 466, 179, 285]","[[892.7698974609375, 436.625, 980.359619140625, 689.2203979492188], [1718.747314453125, 392.4368591308594, 1907.4605712890625, 1038.3782958984375], [988.1202392578125, 408.54595947265625, 1086.7685546875, 696.6979370117188], [649.0233764648438, 457.3310546875, 692.2821655273438, 566.1498413085938], [578.0010375976562, 448.75946044921875, 617.5809936523438, 538.3980102539062], [716.47412109375, 454.39227294921875, 749.53076171875, 546.7386474609375], [1572.7384033203125, 394.51422119140625, 1801.075927734375, 1064.40966796875], [1088.80029296875, 426.7104187011719, 1205.693359375, 724.9781494140625]]","[0.591796875, 0.29248046875, 0.60302734375, 0.2724609375, 0.42138671875, 0.376953125, 0.57421875, 0.63671875]","[[936.5647583007812, 689.2203979492188], [1813.1039428710938, 1038.3782958984375], [1037.4443969726562, 696.6979370117188], [670.6527709960938, 566.1498413085938], [597.791015625, 538.3980102539062], [733.00244140625, 546.7386474609375], [1686.9071655273438, 1064.40966796875], [1147.246826171875, 724.9781494140625]]",425426944,410959872,425426944,576,yolo26n_int8_576_ncnn_model,MOT17-02
558,64.97915899990403,0.0,8,"[299, 396, 237, 431, 458, 466, 179, 285]","[[893.7664794921875, 435.83184814453125, 981.7694091796875, 688.26513671875], [1730.164306640625, 390.62445068359375, 1915.4906005859375, 1022.3612060546875], [989.1093139648438, 411.7718200683594, 1087.302734375, 696.3180541992188], [648.9638671875, 458.53070068359375, 692.2523193359375, 565.8953857421875], [578.61376953125, 448.6640625, 617.80810546875, 538.10009765625], [716.024658203125, 453.1051940917969, 749.459716796875, 547.3257446289062], [1572.9093017578125, 382.19500732421875, 1808.205810546875, 1064.893798828125], [1090.01806640625, 433.0514831542969, 1205.9052734375, 724.1973266601562]]","[0.58056640625, 0.3798828125, 0.60595703125, 0.323486328125, 0.47021484375, 0.393798828125, 0.55908203125, 0.66162109375]","[[937.7679443359375, 688.26513671875], [1822.8274536132812, 1022.3612060546875], [1038.2060241699219, 696.3180541992188], [670.6080932617188, 565.8953857421875], [598.2109375, 538.10009765625], [732.7421875, 547.3257446289062], [1690.5575561523438, 1064.893798828125], [1147.961669921875, 724.1973266601562]]",425426944,410959872,425426944,576,yolo26n_int8_576_ncnn_model,MOT17-02
559,65.66212300003826,0.0,8,"[299, 396, 237, 431, 458, 466, 179, 285]","[[893.8290405273438, 436.0916442871094, 982.3876953125, 687.3699340820312], [1734.5887451171875, 389.6858215332031, 1920.0, 1031.9954833984375], [990.9085693359375, 410.6097412109375, 1090.2447509765625, 696.33935546875], [649.5884399414062, 458.98748779296875, 692.744140625, 564.6968994140625], [578.4965209960938, 450.28656005859375, 617.1294555664062, 538.5352783203125], [715.6997680664062, 452.8908386230469, 749.0269165039062, 547.2685546875], [1575.8099365234375, 382.4163513183594, 1814.318359375, 1066.8958740234375], [1092.091064453125, 423.71148681640625, 1210.7926025390625, 722.2357177734375]]","[0.61328125, 0.260009765625, 0.5634765625, 0.324462890625, 0.449951171875, 0.38720703125, 0.476318359375, 0.60009765625]","[[938.1083679199219, 687.3699340820312], [1827.2943725585938, 1031.9954833984375], [1040.57666015625, 696.33935546875], [671.1662902832031, 564.6968994140625], [597.81298828125, 538.5352783203125], [732.3633422851562, 547.2685546875], [1695.0641479492188, 1066.8958740234375], [1151.4418334960938, 722.2357177734375]]",425426944,410959872,425426944,576,yolo26n_int8_576_ncnn_model,MOT17-02
560,66.13419699988299,0.0,7,"[299, 237, 431, 458, 466, 285, 442]","[[893.8198852539062, 433.7044677734375, 983.5138549804688, 686.2178344726562], [996.3291625976562, 415.0057067871094, 1095.1798095703125, 695.9539184570312], [649.6982421875, 458.5985107421875, 693.0865478515625, 563.699462890625], [579.6243286132812, 449.5297546386719, 618.4453735351562, 538.9754638671875], [715.7017211914062, 451.1771545410156, 749.815673828125, 548.8765258789062], [1095.847412109375, 418.09716796875, 1216.0118408203125, 719.3302612304688], [1561.955322265625, 375.6448974609375, 1886.2601318359375, 1068.61767578125]]","[0.568359375, 0.56005859375, 0.2861328125, 0.465087890625, 0.400634765625, 0.5751953125, 0.59228515625]","[[938.6668701171875, 686.2178344726562], [1045.7544860839844, 695.9539184570312], [671.3923950195312, 563.699462890625], [599.0348510742188, 538.9754638671875], [732.7586975097656, 548.8765258789062], [1155.9296264648438, 719.3302612304688], [1724.1077270507812, 1068.61767578125]]",425426944,410959872,425426944,576,yolo26n_int8_576_ncnn_model,MOT17-02
561,67.05340200005594,0.0,7,"[299, 237, 431, 458, 466, 285, 442]","[[900.2826538085938, 438.5951843261719, 987.183349609375, 685.5254516601562], [1004.7505493164062, 414.0316162109375, 1108.1524658203125, 699.5845336914062], [652.72412109375, 460.1123962402344, 695.240966796875, 562.7848510742188], [579.606689453125, 450.0713806152344, 618.2677612304688, 539.4112548828125], [714.8621826171875, 450.5388488769531, 749.325927734375, 549.47509765625], [1100.4222412109375, 416.24652099609375, 1221.197265625, 719.0507202148438], [1563.34619140625, 373.039794921875, 1883.6312255859375, 1066.7708740234375]]","[0.568359375, 0.53515625, 0.268310546875, 0.439453125, 0.4638671875, 0.5556640625, 0.67822265625]","[[943.7330017089844, 685.5254516601562], [1056.4515075683594, 699.5845336914062], [673.9825439453125, 562.7848510742188], [598.9372253417969, 539.4112548828125], [732.0940551757812, 549.47509765625], [1160.8097534179688, 719.0507202148438], [1723.4887084960938, 1066.7708740234375]]",425426944,410959872,425426944,576,yolo26n_int8_576_ncnn_model,MOT17-02
562,109.37778499987871,0.0,7,"[299, 237, 431, 458, 466, 285, 442]","[[901.9703979492188, 435.7375183105469, 989.0977172851562, 682.2259521484375], [1005.2844848632812, 416.9583435058594, 1108.7059326171875, 698.7391967773438], [652.7174072265625, 458.72198486328125, 695.538330078125, 562.178466796875], [579.7940063476562, 449.4578857421875, 618.5344848632812, 539.2980346679688], [715.514892578125, 451.936279296875, 749.7756958007812, 550.234619140625], [1101.6513671875, 423.2608337402344, 1221.2373046875, 722.2538452148438], [1573.7845458984375, 373.8262023925781, 1894.901123046875, 1068.916748046875]]","[0.52978515625, 0.572265625, 0.25927734375, 0.44287109375, 0.414306640625, 0.55908203125, 0.67626953125]","[[945.5340576171875, 682.2259521484375], [1056.9952087402344, 698.7391967773438], [674.1278686523438, 562.178466796875], [599.1642456054688, 539.2980346679688], [732.6452941894531, 550.234619140625], [1161.4443359375, 722.2538452148438], [1734.3428344726562, 1068.916748046875]]",425426944,410959872,425426944,576,yolo26n_int8_576_ncnn_model,MOT17-02
563,65.84841900007632,0.0,7,"[299, 237, 458, 466, 285, 442, 396]","[[906.3538208007812, 434.6727294921875, 993.6013793945312, 684.3458862304688], [1005.1908569335938, 423.3267517089844, 1108.8067626953125, 697.58837890625], [581.0119018554688, 448.6797180175781, 619.6668701171875, 538.70166015625], [714.5645141601562, 454.4090270996094, 748.412353515625, 549.6892700195312], [1107.43701171875, 426.1190185546875, 1224.473388671875, 718.938720703125], [1581.764404296875, 378.418212890625, 1901.4168701171875, 1066.5672607421875], [1754.97314453125, 401.644775390625, 1920.0, 1050.9166259765625]]","[0.52978515625, 0.6015625, 0.3974609375, 0.403564453125, 0.5419921875, 0.6220703125, 0.34912109375]","[[949.9776000976562, 684.3458862304688], [1056.9988098144531, 697.58837890625], [600.3393859863281, 538.70166015625], [731.4884338378906, 549.6892700195312], [1165.9552001953125, 718.938720703125], [1741.5906372070312, 1066.5672607421875], [1837.486572265625, 1050.9166259765625]]",425426944,410959872,425426944,576,yolo26n_int8_576_ncnn_model,MOT17-02
564,65.36667899990789,0.0,7,"[299, 237, 458, 466, 285, 442, 431]","[[912.8024291992188, 437.30206298828125, 997.9824829101562, 682.1380004882812], [1005.635986328125, 421.7786865234375, 1112.4737548828125, 698.8394775390625], [580.6444091796875, 448.114501953125, 619.2606201171875, 538.7459716796875], [715.2200317382812, 454.8120422363281, 749.0794677734375, 550.0134887695312], [1111.0455322265625, 424.1498107910156, 1227.3245849609375, 716.3076782226562], [1589.7191162109375, 381.439453125, 1907.4718017578125, 1066.649658203125], [651.8856811523438, 457.083984375, 695.1925048828125, 561.6416015625]]","[0.46044921875, 0.56396484375, 0.41259765625, 0.40380859375, 0.583984375, 0.5732421875, 0.253173828125]","[[955.3924560546875, 682.1380004882812], [1059.0548706054688, 698.8394775390625], [599.9525146484375, 538.7459716796875], [732.1497497558594, 550.0134887695312], [1169.18505859375, 716.3076782226562], [1748.595458984375, 1066.649658203125], [673.5390930175781, 561.6416015625]]",425426944,410959872,425426944,576,yolo26n_int8_576_ncnn_model,MOT17-02
565,64.90662200008046,0.0,7,"[299, 237, 458, 466, 285, 442, 396]","[[918.9555053710938, 435.8129577636719, 1002.3431396484375, 677.1525268554688], [1009.3792114257812, 425.1827697753906, 1116.66259765625, 698.6132202148438], [581.5785522460938, 448.7297058105469, 619.6556396484375, 537.9392700195312], [716.762451171875, 454.9600524902344, 750.2296752929688, 549.0217895507812], [1113.944580078125, 420.51605224609375, 1231.020263671875, 714.934326171875], [1595.9000244140625, 399.29681396484375, 1906.218017578125, 1073.1866455078125], [1762.5574951171875, 389.0367736816406, 1920.0, 1061.375244140625]]","[0.406005859375, 0.498046875, 0.387939453125, 0.430908203125, 0.505859375, 0.5859375, 0.481201171875]","[[960.6493225097656, 677.1525268554688], [1063.0209045410156, 698.6132202148438], [600.6170959472656, 537.9392700195312], [733.4960632324219, 549.0217895507812], [1172.482421875, 714.934326171875], [1751.0590209960938, 1073.1866455078125], [1841.2787475585938, 1061.375244140625]]",425426944,410959872,425426944,576,yolo26n_int8_576_ncnn_model,MOT17-02
566,65.59064100019896,0.0,7,"[299, 237, 458, 466, 285, 442, 396]","[[926.176513671875, 443.0412292480469, 1007.6759643554688, 676.439453125], [1013.203125, 413.5101013183594, 1126.64990234375, 699.2261352539062], [580.7946166992188, 451.738037109375, 617.6080322265625, 538.1824951171875], [717.193115234375, 454.4602355957031, 750.8129272460938, 549.185546875], [1123.262451171875, 418.0633850097656, 1240.4560546875, 715.54541015625], [1605.310302734375, 390.4591979980469, 1916.04833984375, 1070.1048583984375], [1769.4825439453125, 386.3139953613281, 1920.0, 1057.83935546875]]","[0.373291015625, 0.56591796875, 0.371337890625, 0.452392578125, 0.55615234375, 0.6240234375, 0.417236328125]","[[966.9262390136719, 676.439453125], [1069.926513671875, 699.2261352539062], [599.2013244628906, 538.1824951171875], [734.0030212402344, 549.185546875], [1181.8592529296875, 715.54541015625], [1760.6793212890625, 1070.1048583984375], [1844.7412719726562, 1057.83935546875]]",425426944,410959872,425426944,576,yolo26n_int8_576_ncnn_model,MOT17-02
567,64.85838200001126,0.0,7,"[299, 237, 458, 466, 285, 442, 396]","[[929.3356323242188, 440.40887451171875, 1011.12451171875, 674.8247680664062], [1015.5410766601562, 409.076904296875, 1132.504150390625, 699.5884399414062], [581.18798828125, 452.59698486328125, 617.2383422851562, 537.4395751953125], [717.7049560546875, 454.2713928222656, 751.2168579101562, 549.2400512695312], [1127.408203125, 427.4502258300781, 1242.0477294921875, 716.4888305664062], [1614.74951171875, 387.1292724609375, 1920.0, 1068.951904296875], [1785.4605712890625, 391.9146423339844, 1920.0, 1047.7200927734375]]","[0.358154296875, 0.60791015625, 0.388427734375, 0.464111328125, 0.58447265625, 0.64404296875, 0.4775390625]","[[970.2300720214844, 674.8247680664062], [1074.0226135253906, 699.5884399414062], [599.2131652832031, 537.4395751953125], [734.4609069824219, 549.2400512695312], [1184.7279663085938, 716.4888305664062], [1767.374755859375, 1068.951904296875], [1852.7302856445312, 1047.7200927734375]]",425426944,410959872,425426944,576,yolo26n_int8_576_ncnn_model,MOT17-02
568,65.39345600003799,0.0,7,"[299, 237, 458, 466, 285, 442, 396]","[[933.9840698242188, 435.8240966796875, 1015.3162231445312, 671.218505859375], [1015.2962036132812, 406.9667053222656, 1134.5108642578125, 700.1383056640625], [581.9730224609375, 451.5109558105469, 618.6849975585938, 538.5612182617188], [718.203125, 452.2747802734375, 752.1480102539062, 548.978271484375], [1130.313232421875, 422.17474365234375, 1246.504150390625, 716.880859375], [1624.7955322265625, 389.1480407714844, 1920.0, 1070.7191162109375], [1779.1884765625, 406.2323913574219, 1920.0, 1062.64404296875]]","[0.439208984375, 0.626953125, 0.369873046875, 0.4775390625, 0.615234375, 0.607421875, 0.461181640625]","[[974.650146484375, 671.218505859375], [1074.9035339355469, 700.1383056640625], [600.3290100097656, 538.5612182617188], [735.1755676269531, 548.978271484375], [1188.40869140625, 716.880859375], [1772.3977661132812, 1070.7191162109375], [1849.59423828125, 1062.64404296875]]",425426944,410959872,425426944,576,yolo26n_int8_576_ncnn_model,MOT17-02
569,64.99034399985248,0.0,6,"[299, 237, 458, 466, 285, 442]","[[938.1773681640625, 436.03814697265625, 1019.677978515625, 674.6226806640625], [1015.8145141601562, 415.33795166015625, 1132.1871337890625, 698.8456420898438], [581.6453247070312, 450.8331298828125, 618.726318359375, 539.2477416992188], [718.7449951171875, 451.52423095703125, 752.6743774414062, 548.8740844726562], [1132.776123046875, 429.70013427734375, 1246.54931640625, 716.3489379882812], [1630.3619384765625, 382.0376892089844, 1920.0, 1073.732177734375]]","[0.572265625, 0.6484375, 0.400390625, 0.45556640625, 0.669921875, 0.6015625]","[[978.9276733398438, 674.6226806640625], [1074.0008239746094, 698.8456420898438], [600.1858215332031, 539.2477416992188], [735.7096862792969, 548.8740844726562], [1189.6627197265625, 716.3489379882812], [1775.1809692382812, 1073.732177734375]]",425426944,410959872,425426944,576,yolo26n_int8_576_ncnn_model,MOT17-02
570,65.17321499995887,0.0,6,"[299, 237, 458, 466, 285, 442]","[[942.1734619140625, 435.57464599609375, 1024.1226806640625, 676.4943237304688], [1016.2635498046875, 417.08172607421875, 1132.89794921875, 698.7601928710938], [581.7227783203125, 450.2967529296875, 619.0715942382812, 539.78125], [718.9447021484375, 450.97259521484375, 752.8596801757812, 549.102783203125], [1134.9072265625, 430.7928466796875, 1249.4388427734375, 717.9722290039062], [1635.0078125, 387.1664123535156, 1920.0, 1078.00732421875]]","[0.5458984375, 0.63134765625, 0.3837890625, 0.456298828125, 0.681640625, 0.57763671875]","[[983.1480712890625, 676.4943237304688], [1074.5807495117188, 698.7601928710938], [600.3971862792969, 539.78125], [735.9021911621094, 549.102783203125], [1192.1730346679688, 717.9722290039062], [1777.50390625, 1078.00732421875]]",425426944,410959872,425426944,576,yolo26n_int8_576_ncnn_model,MOT17-02
571,65.20217800016326,0.0,6,"[299, 237, 458, 466, 285, 442]","[[945.18359375, 435.4054260253906, 1028.409912109375, 681.6316528320312], [1015.2490844726562, 421.3153076171875, 1130.82666015625, 699.5599975585938], [582.5183715820312, 454.1968688964844, 618.423828125, 540.2536010742188], [717.9517822265625, 450.4999084472656, 751.7877197265625, 549.459228515625], [1141.0592041015625, 432.4200439453125, 1255.9696044921875, 717.3366088867188], [1645.5361328125, 400.4111328125, 1920.0, 1079.3427734375]]","[0.640625, 0.55029296875, 0.388671875, 0.52587890625, 0.568359375, 0.67138671875]","[[986.7967529296875, 681.6316528320312], [1073.0378723144531, 699.5599975585938], [600.4710998535156, 540.2536010742188], [734.8697509765625, 549.459228515625], [1198.514404296875, 717.3366088867188], [1782.76806640625, 1079.3427734375]]",425426944,410959872,425426944,576,yolo26n_int8_576_ncnn_model,MOT17-02
572,65.70665999993253,0.0,6,"[299, 237, 458, 466, 285, 442]","[[950.508544921875, 433.9826354980469, 1033.2293701171875, 677.3045654296875], [1017.8316650390625, 415.6853332519531, 1135.7335205078125, 699.3080444335938], [580.8067626953125, 449.5646667480469, 618.4989013671875, 539.868896484375], [717.1431274414062, 448.4187316894531, 751.7893676757812, 550.41015625], [1149.0562744140625, 428.98712158203125, 1267.97607421875, 718.9044189453125], [1651.6712646484375, 385.7471008300781, 1920.0, 1080.0]]","[0.53076171875, 0.62646484375, 0.3671875, 0.5498046875, 0.61572265625, 0.73974609375]","[[991.8689575195312, 677.3045654296875], [1076.7825927734375, 699.3080444335938], [599.65283203125, 539.868896484375], [734.4662475585938, 550.41015625], [1208.5161743164062, 718.9044189453125], [1785.8356323242188, 1080.0]]",425426944,410959872,425426944,576,yolo26n_int8_576_ncnn_model,MOT17-02
573,65.05458500009809,0.0,7,"[299, 237, 458, 466, 285, 442, 505]","[[952.7232666015625, 435.9265441894531, 1036.76220703125, 678.6715087890625], [1022.1180419921875, 422.6290283203125, 1137.3778076171875, 700.036376953125], [581.407958984375, 450.6024475097656, 618.9310913085938, 541.3548583984375], [717.9998168945312, 447.91192626953125, 752.7843017578125, 551.5779418945312], [1153.8912353515625, 422.61431884765625, 1278.022216796875, 721.2754516601562], [1656.1690673828125, 399.8420715332031, 1920.0, 1078.8360595703125], [636.3251342773438, 452.33331298828125, 673.5081787109375, 559.6666259765625]]","[0.501953125, 0.572265625, 0.38671875, 0.50634765625, 0.60888671875, 0.71923828125, 0.364501953125]","[[994.7427368164062, 678.6715087890625], [1079.7479248046875, 700.036376953125], [600.1695251464844, 541.3548583984375], [735.3920593261719, 551.5779418945312], [1215.9567260742188, 721.2754516601562], [1788.0845336914062, 1078.8360595703125], [654.9166564941406, 559.6666259765625]]",425426944,410959872,425426944,576,yolo26n_int8_576_ncnn_model,MOT17-02
574,66.3816419998966,0.0,7,"[299, 237, 458, 466, 285, 442, 505]","[[958.7183227539062, 431.15545654296875, 1046.9605712890625, 682.5042724609375], [1024.635986328125, 422.9339294433594, 1139.1080322265625, 699.3440551757812], [583.096435546875, 454.2955322265625, 618.7335815429688, 540.833740234375], [717.9232177734375, 447.7353515625, 752.48388671875, 552.0208129882812], [1156.5389404296875, 424.2839050292969, 1281.8055419921875, 721.3532104492188], [1657.32568359375, 384.3467712402344, 1920.0, 1077.0606689453125], [636.1702270507812, 452.460205078125, 673.155517578125, 559.2860107421875]]","[0.481201171875, 0.55029296875, 0.324462890625, 0.452392578125, 0.5576171875, 0.77294921875, 0.347900390625]","[[1002.8394470214844, 682.5042724609375], [1081.8720092773438, 699.3440551757812], [600.9150085449219, 540.833740234375], [735.2035522460938, 552.0208129882812], [1219.1722412109375, 721.3532104492188], [1788.662841796875, 1077.0606689453125], [654.6628723144531, 559.2860107421875]]",425426944,410959872,425426944,576,yolo26n_int8_576_ncnn_model,MOT17-02
575,65.38775199987867,0.0,7,"[299, 237, 458, 466, 285, 442, 505]","[[960.5564575195312, 431.1477355957031, 1048.7904052734375, 678.912353515625], [1026.989013671875, 424.5426940917969, 1140.367431640625, 699.7767944335938], [583.4468994140625, 453.2087097167969, 619.5059814453125, 540.896240234375], [718.7214965820312, 447.9593505859375, 752.6143188476562, 550.8179321289062], [1159.4146728515625, 427.83636474609375, 1284.27099609375, 720.6837158203125], [1660.13525390625, 374.08489990234375, 1920.0, 1076.5264892578125], [636.6613159179688, 453.15020751953125, 673.1355590820312, 558.5084228515625]]","[0.5068359375, 0.55224609375, 0.343994140625, 0.470947265625, 0.55126953125, 0.7705078125, 0.40625]","[[1004.6734313964844, 678.912353515625], [1083.67822265625, 699.7767944335938], [601.4764404296875, 540.896240234375], [735.6679077148438, 550.8179321289062], [1221.8428344726562, 720.6837158203125], [1790.067626953125, 1076.5264892578125], [654.8984375, 558.5084228515625]]",425426944,410959872,425426944,576,yolo26n_int8_576_ncnn_model,MOT17-02
576,65.4293449999841,0.0,7,"[299, 237, 458, 466, 285, 442, 505]","[[961.4561767578125, 425.6664123535156, 1053.2890625, 680.8079223632812], [1029.3536376953125, 424.01092529296875, 1142.48486328125, 699.93896484375], [584.0902709960938, 455.0077209472656, 619.26123046875, 540.9146728515625], [720.3906860351562, 450.2626953125, 753.4853515625, 551.4392700195312], [1160.0194091796875, 432.644775390625, 1284.1971435546875, 720.2816772460938], [1661.197509765625, 373.75103759765625, 1920.0, 1076.0357666015625], [636.5987548828125, 455.245849609375, 672.1050415039062, 557.6487426757812]]","[0.5166015625, 0.5185546875, 0.411865234375, 0.49609375, 0.46044921875, 0.78125, 0.453857421875]","[[1007.3726196289062, 680.8079223632812], [1085.9192504882812, 699.93896484375], [601.6757507324219, 540.9146728515625], [736.9380187988281, 551.4392700195312], [1222.1082763671875, 720.2816772460938], [1790.5987548828125, 1076.0357666015625], [654.3518981933594, 557.6487426757812]]",425426944,410959872,425426944,576,yolo26n_int8_576_ncnn_model,MOT17-02
577,65.73630799994135,0.0,7,"[299, 237, 458, 466, 442, 505, 387]","[[965.4600219726562, 426.62994384765625, 1059.791748046875, 683.961181640625], [1038.697998046875, 426.8187255859375, 1147.8868408203125, 696.9627075195312], [585.2018432617188, 453.7386779785156, 620.5032958984375, 540.6355590820312], [720.6483764648438, 451.7008361816406, 753.0692749023438, 552.218505859375], [1664.171630859375, 373.68560791015625, 1920.0, 1073.640869140625], [636.2486572265625, 454.9822692871094, 672.1019287109375, 558.3150634765625], [1152.0726318359375, 438.0119323730469, 1237.82080078125, 712.2464599609375]]","[0.529296875, 0.53369140625, 0.4111328125, 0.544921875, 0.80126953125, 0.424560546875, 0.3583984375]","[[1012.6258850097656, 683.961181640625], [1093.2924194335938, 696.9627075195312], [602.8525695800781, 540.6355590820312], [736.8588256835938, 552.218505859375], [1792.0858154296875, 1073.640869140625], [654.17529296875, 558.3150634765625], [1194.9467163085938, 712.2464599609375]]",425426944,410959872,425426944,576,yolo26n_int8_576_ncnn_model,MOT17-02
578,65.4506409998703,0.0,7,"[299, 237, 458, 466, 442, 505, 285]","[[962.2261962890625, 423.3624572753906, 1056.945556640625, 680.1307373046875], [1041.2845458984375, 430.21624755859375, 1147.31640625, 695.6954345703125], [585.254638671875, 451.0586853027344, 621.3058471679688, 540.5280151367188], [721.5812377929688, 452.7945251464844, 753.1585083007812, 551.9506225585938], [1664.5970458984375, 379.9019775390625, 1920.0, 1077.5386962890625], [635.1419067382812, 453.3918151855469, 671.3348388671875, 557.66845703125], [1156.9959716796875, 426.89215087890625, 1283.4521484375, 716.2514038085938]]","[0.544921875, 0.50927734375, 0.390869140625, 0.5205078125, 0.80126953125, 0.505859375, 0.33740234375]","[[1009.5858764648438, 680.1307373046875], [1094.3004760742188, 695.6954345703125], [603.2802429199219, 540.5280151367188], [737.369873046875, 551.9506225585938], [1792.2985229492188, 1077.5386962890625], [653.2383728027344, 557.66845703125], [1220.2240600585938, 716.2514038085938]]",425426944,410959872,425426944,576,yolo26n_int8_576_ncnn_model,MOT17-02
579,65.44610400010242,0.0,7,"[299, 237, 458, 466, 442, 505, 285]","[[961.3049926757812, 418.17449951171875, 1056.3115234375, 674.9530639648438], [1045.3660888671875, 429.62744140625, 1150.4385986328125, 697.04931640625], [585.0931396484375, 450.0474853515625, 621.224609375, 540.4844360351562], [721.5469970703125, 454.3116760253906, 752.449951171875, 551.8380126953125], [1663.294189453125, 374.86053466796875, 1920.0, 1076.533447265625], [634.7510375976562, 450.7888488769531, 671.6588745117188, 557.1632690429688], [1157.5325927734375, 422.6904296875, 1285.630615234375, 715.9371948242188]]","[0.55078125, 0.546875, 0.36328125, 0.466796875, 0.81005859375, 0.53662109375, 0.4736328125]","[[1008.8082580566406, 674.9530639648438], [1097.90234375, 697.04931640625], [603.1588745117188, 540.4844360351562], [736.9984741210938, 551.8380126953125], [1791.6470947265625, 1076.533447265625], [653.2049560546875, 557.1632690429688], [1221.5816040039062, 715.9371948242188]]",425426944,410959872,425426944,576,yolo26n_int8_576_ncnn_model,MOT17-02
580,65.29862299998968,0.0,7,"[299, 237, 458, 466, 442, 505, 285]","[[961.3324584960938, 422.00592041015625, 1055.4532470703125, 674.9141845703125], [1055.166259765625, 441.2601623535156, 1153.06787109375, 695.6242065429688], [585.39404296875, 449.6640319824219, 621.3496704101562, 540.4642944335938], [721.2935180664062, 453.20751953125, 752.4021606445312, 551.2313232421875], [1665.662353515625, 377.0992431640625, 1920.0, 1078.88818359375], [634.3405151367188, 450.4140319824219, 672.0703735351562, 558.6917724609375], [1160.0325927734375, 436.0330810546875, 1285.1124267578125, 717.474609375]]","[0.55078125, 0.5400390625, 0.328369140625, 0.369384765625, 0.79248046875, 0.494140625, 0.459716796875]","[[1008.3928527832031, 674.9141845703125], [1104.1170654296875, 695.6242065429688], [603.3718566894531, 540.4642944335938], [736.8478393554688, 551.2313232421875], [1792.8311767578125, 1078.88818359375], [653.2054443359375, 558.6917724609375], [1222.572509765625, 717.474609375]]",425426944,410959872,425426944,576,yolo26n_int8_576_ncnn_model,MOT17-02
581,102.20292799999697,0.0,7,"[299, 237, 458, 466, 442, 505, 285]","[[966.3651123046875, 428.21844482421875, 1058.688720703125, 671.3377075195312], [1060.6953125, 440.27239990234375, 1157.5892333984375, 697.0685424804688], [586.3709716796875, 451.44281005859375, 621.6082153320312, 540.7276611328125], [721.5985717773438, 454.9953918457031, 751.9720458984375, 551.0007934570312], [1667.169677734375, 384.16778564453125, 1920.0, 1079.7720947265625], [632.8826293945312, 450.850341796875, 671.3131713867188, 560.9493408203125], [1166.4619140625, 436.4314880371094, 1291.4447021484375, 717.2313842773438]]","[0.57080078125, 0.552734375, 0.357421875, 0.367431640625, 0.8076171875, 0.51416015625, 0.55419921875]","[[1012.5269165039062, 671.3377075195312], [1109.1422729492188, 697.0685424804688], [603.9895935058594, 540.7276611328125], [736.7853088378906, 551.0007934570312], [1793.5848388671875, 1079.7720947265625], [652.097900390625, 560.9493408203125], [1228.9533081054688, 717.2313842773438]]",425426944,410959872,425426944,576,yolo26n_int8_576_ncnn_model,MOT17-02
582,65.63389999996616,0.0,7,"[299, 237, 458, 466, 442, 505, 285]","[[966.201171875, 421.6658935546875, 1061.7274169921875, 670.0133666992188], [1061.685302734375, 439.5903625488281, 1157.8193359375, 697.8699340820312], [586.6168823242188, 451.0281982421875, 621.8091430664062, 540.8255004882812], [723.788818359375, 456.22247314453125, 753.6141357421875, 550.3523559570312], [1668.0582275390625, 386.8674011230469, 1920.0, 1080.0], [631.6027221679688, 451.02850341796875, 670.1185913085938, 561.7957153320312], [1176.513671875, 436.8312683105469, 1300.2978515625, 717.9720458984375]]","[0.6083984375, 0.56201171875, 0.343505859375, 0.333984375, 0.7724609375, 0.51904296875, 0.6337890625]","[[1013.9642944335938, 670.0133666992188], [1109.7523193359375, 697.8699340820312], [604.2130126953125, 540.8255004882812], [738.7014770507812, 550.3523559570312], [1794.0291137695312, 1080.0], [650.8606567382812, 561.7957153320312], [1238.40576171875, 717.9720458984375]]",425426944,410959872,425426944,576,yolo26n_int8_576_ncnn_model,MOT17-02
583,65.09460500001296,0.0,7,"[299, 237, 458, 466, 505, 285, 531]","[[968.552490234375, 432.88250732421875, 1061.4024658203125, 670.2380981445312], [1062.303955078125, 439.2677307128906, 1157.3990478515625, 695.95947265625], [586.5636596679688, 450.6003112792969, 621.4600830078125, 540.0357666015625], [723.5376586914062, 454.7113952636719, 753.6024169921875, 549.8302001953125], [631.3410034179688, 451.9375305175781, 669.4752807617188, 561.2732543945312], [1183.34375, 429.079833984375, 1306.9359130859375, 713.9649658203125], [549.529296875, 442.1666564941406, 588.803955078125, 538.8333129882812]]","[0.5615234375, 0.55810546875, 0.29931640625, 0.383544921875, 0.533203125, 0.64306640625, 0.35498046875]","[[1014.9774780273438, 670.2380981445312], [1109.8515014648438, 695.95947265625], [604.0118713378906, 540.0357666015625], [738.5700378417969, 549.8302001953125], [650.4081420898438, 561.2732543945312], [1245.1398315429688, 713.9649658203125], [569.1666259765625, 538.8333129882812]]",425426944,410959872,425426944,576,yolo26n_int8_576_ncnn_model,MOT17-02
584,65.56227100008982,0.0,8,"[299, 237, 458, 466, 505, 285, 531, 179]","[[969.9739990234375, 436.70263671875, 1063.824462890625, 673.1856689453125], [1067.4473876953125, 440.1927490234375, 1160.95166015625, 695.2420654296875], [586.3571166992188, 451.5423278808594, 620.9393920898438, 540.83447265625], [723.9230346679688, 453.0400085449219, 754.7568359375, 550.7437744140625], [631.093505859375, 453.96044921875, 668.8672485351562, 561.6158447265625], [1188.001708984375, 433.98699951171875, 1308.16552734375, 712.3255615234375], [549.7073364257812, 444.32574462890625, 587.990966796875, 538.4522705078125], [1674.2545166015625, 373.2640075683594, 1920.0, 1079.8179931640625]]","[0.54248046875, 0.5078125, 0.3203125, 0.453857421875, 0.461181640625, 0.6298828125, 0.362060546875, 0.8037109375]","[[1016.8992309570312, 673.1856689453125], [1114.1995239257812, 695.2420654296875], [603.6482543945312, 540.83447265625], [739.3399353027344, 550.7437744140625], [649.9803771972656, 561.6158447265625], [1248.0836181640625, 712.3255615234375], [568.8491516113281, 538.4522705078125], [1797.1272583007812, 1079.8179931640625]]",425426944,410959872,425426944,576,yolo26n_int8_576_ncnn_model,MOT17-02
585,64.93630699992536,0.0,8,"[299, 237, 458, 466, 505, 285, 531, 179]","[[970.8986206054688, 428.3443908691406, 1068.5985107421875, 672.887451171875], [1069.569091796875, 431.6026306152344, 1165.18798828125, 694.9837646484375], [587.25537109375, 451.9009704589844, 620.8502197265625, 538.9327392578125], [724.1117553710938, 452.40875244140625, 754.57958984375, 548.9006958007812], [630.1282348632812, 452.7672119140625, 668.437744140625, 561.4548950195312], [1193.0565185546875, 434.7641906738281, 1311.6307373046875, 712.8292846679688], [548.3991088867188, 442.77764892578125, 587.1197509765625, 537.99462890625], [1676.018798828125, 377.4914245605469, 1920.0, 1080.0]]","[0.5859375, 0.52880859375, 0.28173828125, 0.468017578125, 0.4697265625, 0.65283203125, 0.3798828125, 0.7841796875]","[[1019.7485656738281, 672.887451171875], [1117.3785400390625, 694.9837646484375], [604.0527954101562, 538.9327392578125], [739.3456726074219, 548.9006958007812], [649.2829895019531, 561.4548950195312], [1252.3436279296875, 712.8292846679688], [567.7594299316406, 537.99462890625], [1798.0093994140625, 1080.0]]",425426944,410959872,425426944,576,yolo26n_int8_576_ncnn_model,MOT17-02
586,66.70680899992476,0.0,8,"[299, 237, 458, 466, 505, 285, 531, 179]","[[976.69677734375, 430.1695556640625, 1073.5323486328125, 672.2395629882812], [1069.5294189453125, 426.2220153808594, 1166.3343505859375, 694.8956909179688], [587.4052124023438, 451.7586975097656, 620.9900512695312, 538.4862060546875], [723.8283081054688, 450.2308349609375, 754.8335571289062, 549.0182495117188], [629.3928833007812, 452.59710693359375, 667.583251953125, 561.1113891601562], [1198.5970458984375, 434.7644348144531, 1315.613525390625, 712.2021484375], [547.7291259765625, 441.635986328125, 587.1424560546875, 538.4866333007812], [1679.3756103515625, 378.92169189453125, 1920.0, 1080.0]]","[0.5224609375, 0.52587890625, 0.30615234375, 0.39599609375, 0.442138671875, 0.60009765625, 0.3662109375, 0.771484375]","[[1025.1145629882812, 672.2395629882812], [1117.931884765625, 694.8956909179688], [604.1976318359375, 538.4862060546875], [739.3309326171875, 549.0182495117188], [648.4880676269531, 561.1113891601562], [1257.1052856445312, 712.2021484375], [567.435791015625, 538.4866333007812], [1799.6878051757812, 1080.0]]",425426944,410959872,425426944,576,yolo26n_int8_576_ncnn_model,MOT17-02
587,65.21536300010666,0.0,8,"[299, 237, 458, 466, 505, 285, 531, 179]","[[981.4527587890625, 427.01495361328125, 1079.3150634765625, 671.4539184570312], [1074.4923095703125, 423.20623779296875, 1171.400146484375, 695.8280029296875], [586.7655639648438, 451.7048034667969, 620.6158447265625, 539.4332275390625], [725.2577514648438, 449.42523193359375, 756.654541015625, 550.1591186523438], [629.2194213867188, 451.70263671875, 667.1967163085938, 559.591064453125], [1201.022705078125, 428.1148376464844, 1319.7686767578125, 714.1943359375], [548.8831787109375, 441.55908203125, 588.2133178710938, 538.3629760742188], [1683.63671875, 375.42510986328125, 1920.0, 1074.561767578125]]","[0.57666015625, 0.48486328125, 0.3232421875, 0.382080078125, 0.456298828125, 0.55419921875, 0.40185546875, 0.744140625]","[[1030.3839111328125, 671.4539184570312], [1122.9462280273438, 695.8280029296875], [603.6907043457031, 539.4332275390625], [740.9561462402344, 550.1591186523438], [648.2080688476562, 559.591064453125], [1260.3956909179688, 714.1943359375], [568.5482482910156, 538.3629760742188], [1801.818359375, 1074.561767578125]]",425426944,410959872,425426944,576,yolo26n_int8_576_ncnn_model,MOT17-02
588,65.57523399987986,0.0,9,"[299, 237, 458, 466, 505, 285, 531, 179, 387]","[[987.564697265625, 426.38873291015625, 1084.6494140625, 668.4252319335938], [1079.4520263671875, 422.75469970703125, 1175.529052734375, 696.60302734375], [587.0294189453125, 452.78387451171875, 620.5115356445312, 539.7914428710938], [725.9985961914062, 450.2189025878906, 757.1336059570312, 550.5989379882812], [628.916015625, 451.3663024902344, 666.7784423828125, 559.0136108398438], [1207.7271728515625, 427.2752380371094, 1325.1162109375, 715.4900512695312], [550.288330078125, 440.96453857421875, 589.9757080078125, 538.9082641601562], [1689.48681640625, 370.6259460449219, 1920.0, 1072.546875], [1175.608154296875, 435.8404541015625, 1252.6502685546875, 686.3871459960938]]","[0.58984375, 0.521484375, 0.29833984375, 0.402099609375, 0.49658203125, 0.57421875, 0.3447265625, 0.72900390625, 0.3603515625]","[[1036.1070556640625, 668.4252319335938], [1127.4905395507812, 696.60302734375], [603.7704772949219, 539.7914428710938], [741.5661010742188, 550.5989379882812], [647.8472290039062, 559.0136108398438], [1266.4216918945312, 715.4900512695312], [570.1320190429688, 538.9082641601562], [1804.743408203125, 1072.546875], [1214.1292114257812, 686.3871459960938]]",425426944,410959872,425426944,576,yolo26n_int8_576_ncnn_model,MOT17-02
589,65.38858599992636,0.0,8,"[299, 237, 466, 505, 285, 531, 179, 387]","[[995.4874267578125, 441.0938415527344, 1086.3408203125, 670.0579833984375], [1084.8564453125, 421.7908020019531, 1179.935302734375, 695.53662109375], [726.3729248046875, 451.6374816894531, 757.1922607421875, 550.7682495117188], [627.4661865234375, 450.6914978027344, 665.231201171875, 557.1408081054688], [1212.1822509765625, 434.6402587890625, 1324.9619140625, 714.8986206054688], [551.0201416015625, 443.343994140625, 590.370361328125, 541.1089477539062], [1694.6463623046875, 369.8114318847656, 1920.0, 1071.942626953125], [1181.3648681640625, 437.2713928222656, 1256.2921142578125, 682.7700805664062]]","[0.615234375, 0.52587890625, 0.39208984375, 0.44287109375, 0.55419921875, 0.325927734375, 0.615234375, 0.293701171875]","[[1040.9141235351562, 670.0579833984375], [1132.3958740234375, 695.53662109375], [741.7825927734375, 550.7682495117188], [646.3486938476562, 557.1408081054688], [1268.5720825195312, 714.8986206054688], [570.6952514648438, 541.1089477539062], [1807.3231811523438, 1071.942626953125], [1218.8284912109375, 682.7700805664062]]",425426944,410959872,425426944,576,yolo26n_int8_576_ncnn_model,MOT17-02
590,65.73410500004684,0.0,8,"[299, 237, 466, 505, 285, 531, 179, 387]","[[1001.0315551757812, 447.2598876953125, 1088.5828857421875, 670.1538696289062], [1086.555419921875, 419.6699523925781, 1181.7275390625, 696.9151611328125], [725.9939575195312, 451.90960693359375, 756.5960693359375, 551.1065063476562], [626.6048583984375, 451.2753601074219, 664.450927734375, 557.8281860351562], [1216.2730712890625, 431.241943359375, 1329.8756103515625, 715.365478515625], [551.1466064453125, 445.36724853515625, 589.4945678710938, 540.7744140625], [1703.116943359375, 380.472900390625, 1920.0, 1075.1953125], [1182.572021484375, 436.84796142578125, 1259.110107421875, 687.0208740234375]]","[0.62060546875, 0.55908203125, 0.364501953125, 0.3798828125, 0.54296875, 0.294677734375, 0.426025390625, 0.28125]","[[1044.8072204589844, 670.1538696289062], [1134.1414794921875, 696.9151611328125], [741.2950134277344, 551.1065063476562], [645.5278930664062, 557.8281860351562], [1273.0743408203125, 715.365478515625], [570.3205871582031, 540.7744140625], [1811.5584716796875, 1075.1953125], [1220.841064453125, 687.0208740234375]]",425426944,410959872,425426944,576,yolo26n_int8_576_ncnn_model,MOT17-02
591,65.20456799989915,0.0,9,"[299, 237, 466, 505, 285, 531, 179, 431, 458]","[[1006.1954956054688, 449.154052734375, 1091.6029052734375, 669.360595703125], [1089.3778076171875, 416.71099853515625, 1184.37744140625, 696.3472900390625], [725.6437377929688, 451.7386474609375, 756.5535888671875, 552.6060791015625], [626.3429565429688, 449.8415222167969, 664.6968994140625, 557.5424194335938], [1219.1199951171875, 432.5921936035156, 1332.324951171875, 718.4197387695312], [551.1965942382812, 446.1063232421875, 589.1356811523438, 540.6284790039062], [1721.9622802734375, 430.3536071777344, 1920.0, 1075.051513671875], [661.599853515625, 452.4882507324219, 704.9821166992188, 559.1466674804688], [586.9151000976562, 452.9368591308594, 620.6969604492188, 540.3408203125]]","[0.5947265625, 0.5498046875, 0.392578125, 0.35400390625, 0.56396484375, 0.29736328125, 0.333984375, 0.343505859375, 0.250244140625]","[[1048.8992004394531, 669.360595703125], [1136.8776245117188, 696.3472900390625], [741.0986633300781, 552.6060791015625], [645.5199279785156, 557.5424194335938], [1275.7224731445312, 718.4197387695312], [570.1661376953125, 540.6284790039062], [1820.9811401367188, 1075.051513671875], [683.2909851074219, 559.1466674804688], [603.8060302734375, 540.3408203125]]",425426944,410959872,425426944,576,yolo26n_int8_576_ncnn_model,MOT17-02
592,66.07688200006123,0.0,9,"[299, 237, 466, 505, 285, 531, 179, 431, 387]","[[1009.72265625, 448.0953369140625, 1094.1591796875, 669.6463623046875], [1091.8380126953125, 410.5643615722656, 1188.1431884765625, 695.7208251953125], [725.9815063476562, 451.1290283203125, 757.1415405273438, 553.71240234375], [625.8897094726562, 448.2088928222656, 664.6368408203125, 557.4423828125], [1223.7025146484375, 431.8717956542969, 1337.1300048828125, 719.714111328125], [550.0335693359375, 442.4017028808594, 589.0405883789062, 539.998291015625], [1739.3309326171875, 459.53863525390625, 1920.0, 1074.99951171875], [661.7276611328125, 453.021240234375, 704.0100708007812, 559.7095336914062], [1183.916259765625, 437.8560791015625, 1260.7906494140625, 687.6456298828125]]","[0.55908203125, 0.54736328125, 0.395751953125, 0.339599609375, 0.5419921875, 0.288330078125, 0.347900390625, 0.304443359375, 0.273193359375]","[[1051.94091796875, 669.6463623046875], [1139.9906005859375, 695.7208251953125], [741.5615234375, 553.71240234375], [645.2632751464844, 557.4423828125], [1280.416259765625, 719.714111328125], [569.5370788574219, 539.998291015625], [1829.6654663085938, 1074.99951171875], [682.8688659667969, 559.7095336914062], [1222.3534545898438, 687.6456298828125]]",425426944,410959872,425426944,576,yolo26n_int8_576_ncnn_model,MOT17-02
593,65.36890100005621,0.0,8,"[299, 237, 466, 505, 285, 531, 431, 387]","[[1013.8857421875, 444.8668518066406, 1098.6541748046875, 671.4328002929688], [1093.249267578125, 407.1807556152344, 1191.072021484375, 696.5719604492188], [726.420654296875, 450.6260681152344, 757.5816040039062, 553.3074951171875], [625.7799072265625, 446.50579833984375, 664.5916137695312, 556.3163452148438], [1232.1466064453125, 435.57220458984375, 1344.0185546875, 719.5059204101562], [550.0661010742188, 441.32135009765625, 589.6495971679688, 540.5926513671875], [661.9530029296875, 453.19940185546875, 703.5020751953125, 559.8976440429688], [1186.1165771484375, 440.3040771484375, 1261.02294921875, 685.7290649414062]]","[0.568359375, 0.587890625, 0.398681640625, 0.318603515625, 0.56640625, 0.338134765625, 0.330810546875, 0.29931640625]","[[1056.2699584960938, 671.4328002929688], [1142.16064453125, 696.5719604492188], [742.0011291503906, 553.3074951171875], [645.1857604980469, 556.3163452148438], [1288.0825805664062, 719.5059204101562], [569.8578491210938, 540.5926513671875], [682.7275390625, 559.8976440429688], [1223.5697631835938, 685.7290649414062]]",425426944,410959872,425426944,576,yolo26n_int8_576_ncnn_model,MOT17-02
594,65.64108600014151,0.0,8,"[299, 237, 466, 505, 285, 531, 431, 387]","[[1018.2210693359375, 444.9978332519531, 1099.510498046875, 667.4290771484375], [1094.5045166015625, 398.7393493652344, 1195.6082763671875, 697.5816650390625], [726.9127197265625, 450.7112731933594, 757.9512939453125, 552.86474609375], [625.6950073242188, 447.2449645996094, 664.1094970703125, 555.62109375], [1236.28759765625, 435.8773498535156, 1347.5792236328125, 717.1968383789062], [549.6382446289062, 441.46722412109375, 589.2152709960938, 541.3645629882812], [660.922119140625, 451.8797912597656, 702.1768798828125, 559.1347045898438], [1186.4957275390625, 436.4268493652344, 1263.655029296875, 692.0547485351562]]","[0.513671875, 0.6240234375, 0.3564453125, 0.334716796875, 0.59765625, 0.322998046875, 0.334228515625, 0.279052734375]","[[1058.8657836914062, 667.4290771484375], [1145.056396484375, 697.5816650390625], [742.4320068359375, 552.86474609375], [644.9022521972656, 555.62109375], [1291.9334106445312, 717.1968383789062], [569.4267578125, 541.3645629882812], [681.5494995117188, 559.1347045898438], [1225.0753784179688, 692.0547485351562]]",425426944,410959872,425426944,576,yolo26n_int8_576_ncnn_model,MOT17-02
595,65.35938199999691,0.0,8,"[299, 237, 466, 505, 285, 531, 431, 387]","[[1020.5508422851562, 443.8872375488281, 1102.14013671875, 669.2440185546875], [1097.0784912109375, 411.3546142578125, 1195.070556640625, 697.292236328125], [728.2728271484375, 452.6726379394531, 759.0928344726562, 552.961181640625], [625.2431030273438, 445.34088134765625, 664.3867797851562, 555.3695678710938], [1240.848388671875, 425.74609375, 1354.41748046875, 714.3832397460938], [550.0662231445312, 439.87908935546875, 589.5556030273438, 539.9967041015625], [662.0403442382812, 451.3873291015625, 703.4835205078125, 558.8483276367188], [1190.0504150390625, 438.57281494140625, 1265.500732421875, 694.082275390625]]","[0.5576171875, 0.572265625, 0.35888671875, 0.34814453125, 0.67626953125, 0.279296875, 0.319091796875, 0.29296875]","[[1061.3454895019531, 669.2440185546875], [1146.0745239257812, 697.292236328125], [743.6828308105469, 552.961181640625], [644.81494140625, 555.3695678710938], [1297.6329345703125, 714.3832397460938], [569.8109130859375, 539.9967041015625], [682.7619323730469, 558.8483276367188], [1227.7755737304688, 694.082275390625]]",425426944,410959872,425426944,576,yolo26n_int8_576_ncnn_model,MOT17-02
596,65.4790859998684,0.0,8,"[299, 237, 466, 505, 285, 531, 431, 387]","[[1024.475341796875, 441.80096435546875, 1105.3465576171875, 667.171875], [1098.06298828125, 410.6754150390625, 1196.74609375, 697.44921875], [728.5029907226562, 451.7611389160156, 759.783447265625, 552.4366455078125], [625.9491577148438, 446.8349609375, 664.73681640625, 555.2859497070312], [1242.326416015625, 430.7174377441406, 1354.7584228515625, 715.5225219726562], [549.4265747070312, 440.1127014160156, 589.3825073242188, 541.9490966796875], [661.4969482421875, 451.7656555175781, 702.71484375, 558.18994140625], [1190.14892578125, 443.0075378417969, 1262.932861328125, 690.1746215820312]]","[0.55908203125, 0.5751953125, 0.369384765625, 0.35205078125, 0.63525390625, 0.2734375, 0.28662109375, 0.3056640625]","[[1064.9109497070312, 667.171875], [1147.404541015625, 697.44921875], [744.1432189941406, 552.4366455078125], [645.3429870605469, 555.2859497070312], [1298.5424194335938, 715.5225219726562], [569.404541015625, 541.9490966796875], [682.1058959960938, 558.18994140625], [1226.5408935546875, 690.1746215820312]]",425426944,410959872,425426944,576,yolo26n_int8_576_ncnn_model,MOT17-02
597,64.9413819999154,0.0,6,"[299, 237, 466, 505, 285, 431]","[[1025.763427734375, 442.36865234375, 1107.5828857421875, 671.6454467773438], [1099.8353271484375, 421.0170593261719, 1196.9033203125, 697.9170532226562], [731.8026733398438, 452.2446594238281, 763.4008178710938, 551.4111938476562], [625.5111083984375, 447.7097473144531, 664.51171875, 556.0982055664062], [1244.20068359375, 424.6666259765625, 1359.78076171875, 717.3536376953125], [662.8079223632812, 453.30963134765625, 703.1155395507812, 557.6690063476562]]","[0.58837890625, 0.56591796875, 0.408935546875, 0.334228515625, 0.69677734375, 0.292724609375]","[[1066.6731567382812, 671.6454467773438], [1148.3693237304688, 697.9170532226562], [747.6017456054688, 551.4111938476562], [645.0114135742188, 556.0982055664062], [1301.99072265625, 717.3536376953125], [682.9617309570312, 557.6690063476562]]",425426944,410959872,425426944,576,yolo26n_int8_576_ncnn_model,MOT17-02
598,65.32452999999805,0.0,7,"[299, 237, 466, 505, 285, 431, 387]","[[1029.631591796875, 447.2301940917969, 1110.29931640625, 673.05712890625], [1102.044189453125, 417.3564453125, 1200.7354736328125, 697.9530639648438], [732.947998046875, 453.81304931640625, 764.8412475585938, 551.8489379882812], [625.9740600585938, 449.9773254394531, 664.3736572265625, 555.5853271484375], [1246.82666015625, 426.64776611328125, 1361.6907958984375, 717.0819091796875], [662.5061645507812, 453.89483642578125, 702.9303588867188, 558.5994873046875], [1196.7447509765625, 455.13690185546875, 1265.61328125, 688.7542724609375]]","[0.572265625, 0.55078125, 0.362548828125, 0.37255859375, 0.6787109375, 0.30517578125, 0.327880859375]","[[1069.9654541015625, 673.05712890625], [1151.3898315429688, 697.9530639648438], [748.8946228027344, 551.8489379882812], [645.1738586425781, 555.5853271484375], [1304.2587280273438, 717.0819091796875], [682.71826171875, 558.5994873046875], [1231.1790161132812, 688.7542724609375]]",425426944,410959872,425426944,576,yolo26n_int8_576_ncnn_model,MOT17-02
599,66.0183270001653,0.0,7,"[299, 237, 466, 505, 285, 557, 387]","[[1030.79150390625, 446.85931396484375, 1113.570068359375, 678.0224609375], [1106.8994140625, 419.172119140625, 1204.55908203125, 695.9031372070312], [733.0299682617188, 454.9512634277344, 765.1118774414062, 551.4589233398438], [626.0337524414062, 449.73321533203125, 665.0230102539062, 556.5130615234375], [1247.21533203125, 416.0376281738281, 1364.8839111328125, 716.2840576171875], [1126.0711669921875, 438.62493896484375, 1196.2620849609375, 701.7083129882812], [1198.59619140625, 450.2735595703125, 1270.0576171875, 694.8117065429688]]","[0.55078125, 0.533203125, 0.362060546875, 0.38232421875, 0.58837890625, 0.3779296875, 0.390869140625]","[[1072.1807861328125, 678.0224609375], [1155.729248046875, 695.9031372070312], [749.0709228515625, 551.4589233398438], [645.5283813476562, 556.5130615234375], [1306.0496215820312, 716.2840576171875], [1161.1666259765625, 701.7083129882812], [1234.326904296875, 694.8117065429688]]",425426944,410959872,425426944,576,yolo26n_int8_576_ncnn_model,MOT17-02
600,65.18117900009202,0.0,7,"[299, 237, 466, 505, 285, 557, 387]","[[1038.33447265625, 433.3092956542969, 1129.364013671875, 683.4041748046875], [1114.4927978515625, 422.0874328613281, 1208.90234375, 692.9026489257812], [729.1368408203125, 451.47509765625, 762.9532470703125, 552.9805297851562], [626.2742309570312, 449.36676025390625, 665.0570068359375, 554.9323120117188], [1250.7545166015625, 415.483642578125, 1366.837890625, 714.7646484375], [1128.77978515625, 430.79974365234375, 1202.090087890625, 706.68798828125], [1199.644775390625, 450.3268737792969, 1271.1285400390625, 694.0733642578125]]","[0.583984375, 0.49609375, 0.390869140625, 0.391357421875, 0.62109375, 0.26806640625, 0.51513671875]","[[1083.8492431640625, 683.4041748046875], [1161.6975708007812, 692.9026489257812], [746.0450439453125, 552.9805297851562], [645.6656188964844, 554.9323120117188], [1308.7962036132812, 714.7646484375], [1165.4349365234375, 706.68798828125], [1235.3866577148438, 694.0733642578125]]",425426944,410959872,425426944,576,yolo26n_int8_576_ncnn_model,MOT17-02
