frame_id,inference_ms,postprocess_ms,n_detections,track_ids,bboxes_xyxy,confs,footpoints,mem_total_bytes,mem_delta_bytes,mem_bytes,imgsz,model,seq
1,,,8,"[1, 2, 3, 4, 5, 6, 7, 8]","[[1696.5, 390.375, 1876.5, 734.625], [0.0, 340.125, 144.65625, 898.875], [255.65625, 450.375, 357.09375, 710.625], [1284.0, 462.375, 1363.5, 656.625], [1882.5, 388.5, 1918.5, 579.0], [115.265625, 501.75, 192.984375, 740.25], [1694.25, 391.5, 1803.75, 751.5], [0.0, 340.3125, 103.40625, 925.6875]]","[0.54638671875, 0.52294921875, 0.472412109375, 0.462158203125, 0.38427734375, 0.38134765625, 0.328125, 0.313232421875]","[[1786.5, 734.625], [72.328125, 898.875], [306.375, 710.625], [1323.75, 656.625], [1900.5, 579.0], [154.125, 740.25], [1749.0, 751.5], [51.703125, 925.6875]]",424689664,410255360,424689664,640,yolo26n_int8_640_ncnn_model,MOT17-09
2,,,8,"[1, 2, 3, 4, 5, 6, 7, 8]","[[1694.331787109375, 389.72418212890625, 1870.8583984375, 727.4658813476562], [0.0, 333.6167297363281, 145.11041259765625, 894.9700317382812], [256.4348449707031, 443.2159118652344, 360.2200927734375, 709.9741821289062], [1286.3724365234375, 467.2561950683594, 1365.032470703125, 659.5537109375], [1882.290283203125, 389.4762268066406, 1918.709716796875, 581.9287109375], [116.77507019042969, 512.8140258789062, 190.66139221191406, 739.5991821289062], [1702.51611328125, 393.77789306640625, 1811.103759765625, 749.2221069335938], [0.8910894393920898, 336.7329406738281, 104.22357940673828, 921.4571533203125]]","[0.66943359375, 0.5537109375, 0.5712890625, 0.45068359375, 0.431396484375, 0.446044921875, 0.359619140625, 0.404541015625]","[[1782.5950927734375, 727.4658813476562], [72.55520629882812, 894.9700317382812], [308.3274688720703, 709.9741821289062], [1325.7024536132812, 659.5537109375], [1900.5, 581.9287109375], [153.71823120117188, 739.5991821289062], [1756.8099365234375, 749.2221069335938], [52.557334423065186, 921.4571533203125]]",424689664,410255360,424689664,640,yolo26n_int8_640_ncnn_model,MOT17-09
3,,,6,"[1, 2, 3, 4, 5, 6]","[[1689.0694580078125, 386.3716125488281, 1867.7149658203125, 728.3062744140625], [1.6832562685012817, 321.4142761230469, 154.1999053955078, 910.0557861328125], [260.113037109375, 447.77032470703125, 361.2633972167969, 708.7051391601562], [1286.330322265625, 466.9165344238281, 1365.742431640625, 661.2288208007812], [1882.01025390625, 387.31512451171875, 1918.98974609375, 582.43115234375], [115.93991088867188, 518.2752075195312, 188.0751190185547, 739.4885864257812]]","[0.662109375, 0.599609375, 0.5166015625, 0.4580078125, 0.4072265625, 0.446044921875]","[[1778.3922119140625, 728.3062744140625], [77.94158083200455, 910.0557861328125], [310.68821716308594, 708.7051391601562], [1326.036376953125, 661.2288208007812], [1900.5, 582.43115234375], [152.00751495361328, 739.4885864257812]]",424689664,410255360,424689664,640,yolo26n_int8_640_ncnn_model,MOT17-09
4,,,6,"[1, 2, 3, 4, 5, 6]","[[1688.6339111328125, 389.0604553222656, 1867.9759521484375, 732.9598388671875], [1.6275826692581177, 307.0338439941406, 158.50990295410156, 912.119384765625], [261.5481872558594, 449.68017578125, 362.12921142578125, 710.32861328125], [1288.8289794921875, 473.57208251953125, 1365.666259765625, 662.840087890625], [1880.479736328125, 384.0570373535156, 1918.2508544921875, 582.8226928710938], [114.4236831665039, 512.6697387695312, 188.4550323486328, 739.4674682617188]]","[0.71240234375, 0.6416015625, 0.5205078125, 0.4111328125, 0.398193359375, 0.4462890625]","[[1778.304931640625, 732.9598388671875], [80.06874281167984, 912.119384765625], [311.8386993408203, 710.32861328125], [1327.2476196289062, 662.840087890625], [1899.3652954101562, 582.8226928710938], [151.43935775756836, 739.4674682617188]]",424689664,410255360,424689664,640,yolo26n_int8_640_ncnn_model,MOT17-09
5,,,6,"[1, 2, 3, 4, 5, 6]","[[1687.2615966796875, 384.7806396484375, 1869.563720703125, 735.332275390625], [0.0, 256.18658447265625, 159.2217559814453, 901.5408325195312], [258.8811950683594, 444.967041015625, 361.5067443847656, 711.6995239257812], [1291.7474365234375, 473.165771484375, 1367.9561767578125, 662.4429321289062], [1879.7972412109375, 381.12109375, 1918.18994140625, 582.6439208984375], [116.68829345703125, 520.1867065429688, 190.0457763671875, 745.5361328125]]","[0.78125, 0.7431640625, 0.5810546875, 0.369873046875, 0.46044921875, 0.384033203125]","[[1778.4126586914062, 735.332275390625], [79.61087799072266, 901.5408325195312], [310.1939697265625, 711.6995239257812], [1329.851806640625, 662.4429321289062], [1898.9935913085938, 582.6439208984375], [153.36703491210938, 745.5361328125]]",424689664,410255360,424689664,640,yolo26n_int8_640_ncnn_model,MOT17-09
6,,,6,"[1, 2, 3, 4, 5, 6]","[[1685.291259765625, 384.40594482421875, 1867.4921875, 736.075927734375], [0.0, 235.00038146972656, 160.41708374023438, 896.283935546875], [260.71844482421875, 443.3564453125, 362.2027587890625, 707.8958129882812], [1295.9884033203125, 460.5108337402344, 1375.0513916015625, 657.404052734375], [1879.3214111328125, 378.33856201171875, 1918.4490966796875, 583.3500366210938], [116.65618896484375, 510.0226135253906, 192.14268493652344, 741.9288940429688]]","[0.7734375, 0.7421875, 0.51513671875, 0.423828125, 0.386962890625, 0.353515625]","[[1776.3917236328125, 736.075927734375], [80.20854187011719, 896.283935546875], [311.4606018066406, 707.8958129882812], [1335.5198974609375, 657.404052734375], [1898.88525390625, 583.3500366210938], [154.3994369506836, 741.9288940429688]]",424689664,410255360,424689664,640,yolo26n_int8_640_ncnn_model,MOT17-09
7,,,6,"[1, 2, 3, 4, 5, 6]","[[1682.4918212890625, 379.3773498535156, 1868.965087890625, 742.2625732421875], [0.0, 228.83139038085938, 162.7776336669922, 895.535888671875], [264.9599609375, 444.1215515136719, 364.8575134277344, 706.2518920898438], [1299.078125, 454.0660705566406, 1380.9271240234375, 657.72705078125], [1876.7742919921875, 373.81951904296875, 1916.818359375, 582.0348510742188], [113.87818908691406, 508.2864685058594, 190.29502868652344, 742.9779663085938]]","[0.73046875, 0.779296875, 0.42041015625, 0.4609375, 0.40185546875, 0.423095703125]","[[1775.7284545898438, 742.2625732421875], [81.3888168334961, 895.535888671875], [314.9087371826172, 706.2518920898438], [1340.0026245117188, 657.72705078125], [1896.7963256835938, 582.0348510742188], [152.08660888671875, 742.9779663085938]]",424689664,410255360,424689664,640,yolo26n_int8_640_ncnn_model,MOT17-09
8,,,6,"[1, 2, 3, 4, 5, 6]","[[1683.746337890625, 384.9715881347656, 1869.353759765625, 749.2490844726562], [0.0, 227.87030029296875, 167.0321044921875, 899.946533203125], [270.9873962402344, 444.6861572265625, 368.48760986328125, 704.3927612304688], [1302.4268798828125, 453.03546142578125, 1384.7266845703125, 657.61572265625], [1875.0992431640625, 370.22711181640625, 1916.994384765625, 586.6215209960938], [114.62155151367188, 513.5723876953125, 189.12118530273438, 741.5457763671875]]","[0.705078125, 0.8037109375, 0.436767578125, 0.44921875, 0.350341796875, 0.39404296875]","[[1776.550048828125, 749.2490844726562], [83.51605224609375, 899.946533203125], [319.7375030517578, 704.3927612304688], [1343.5767822265625, 657.61572265625], [1896.0468139648438, 586.6215209960938], [151.87136840820312, 741.5457763671875]]",424689664,410255360,424689664,640,yolo26n_int8_640_ncnn_model,MOT17-09
9,,,6,"[1, 2, 3, 4, 5, 6]","[[1682.0960693359375, 381.34735107421875, 1867.6923828125, 749.4847412109375], [0.0, 223.26870727539062, 170.7561492919922, 901.6356201171875], [275.7566833496094, 447.47833251953125, 370.17230224609375, 703.2413940429688], [1305.21875, 452.5218811035156, 1388.3990478515625, 658.8565063476562], [1874.6234130859375, 369.4828796386719, 1916.9593505859375, 585.8240966796875], [115.75743103027344, 521.2505493164062, 189.01174926757812, 745.6218872070312]]","[0.732421875, 0.81005859375, 0.436767578125, 0.48583984375, 0.414306640625, 0.40966796875]","[[1774.8942260742188, 749.4847412109375], [85.3780746459961, 901.6356201171875], [322.96449279785156, 703.2413940429688], [1346.8088989257812, 658.8565063476562], [1895.7913818359375, 585.8240966796875], [152.38459014892578, 745.6218872070312]]",424689664,410255360,424689664,640,yolo26n_int8_640_ncnn_model,MOT17-09
10,,,7,"[1, 2, 3, 4, 5, 6, 15]","[[1675.61328125, 387.7880554199219, 1856.9788818359375, 752.7073364257812], [1.1036951541900635, 219.4136962890625, 175.3705596923828, 902.0225830078125], [279.64996337890625, 450.2972717285156, 371.020263671875, 703.120361328125], [1306.4813232421875, 451.92181396484375, 1390.3157958984375, 659.8336791992188], [1871.84716796875, 371.83709716796875, 1915.6094970703125, 591.97119140625], [113.27688598632812, 496.1129455566406, 193.03172302246094, 742.2178344726562], [0.0, 233.39999389648438, 249.98423767089844, 914.4000244140625]]","[0.58251953125, 0.79833984375, 0.39990234375, 0.4921875, 0.449951171875, 0.35009765625, 0.40380859375]","[[1766.2960815429688, 752.7073364257812], [88.23712742328644, 902.0225830078125], [325.3351135253906, 703.120361328125], [1348.3985595703125, 659.8336791992188], [1893.7283325195312, 591.97119140625], [153.15430450439453, 742.2178344726562], [124.99211883544922, 914.4000244140625]]",424689664,410255360,424689664,640,yolo26n_int8_640_ncnn_model,MOT17-09
11,,,6,"[1, 2, 4, 5, 6, 15]","[[1674.4481201171875, 389.51629638671875, 1853.747314453125, 753.5493774414062], [2.8846352100372314, 220.49331665039062, 177.5723419189453, 902.1571655273438], [1302.5885009765625, 451.02972412109375, 1387.1927490234375, 661.9500732421875], [1870.3128662109375, 375.2816467285156, 1915.63818359375, 599.7008666992188], [114.29882049560547, 506.18609619140625, 191.58224487304688, 745.3895874023438], [0.0, 235.87864685058594, 253.57028198242188, 919.7608032226562]]","[0.6572265625, 0.794921875, 0.29736328125, 0.45556640625, 0.267578125, 0.47314453125]","[[1764.0977172851562, 753.5493774414062], [90.22848856449127, 902.1571655273438], [1344.890625, 661.9500732421875], [1892.9755249023438, 599.7008666992188], [152.94053268432617, 745.3895874023438], [126.78514099121094, 919.7608032226562]]",424689664,410255360,424689664,640,yolo26n_int8_640_ncnn_model,MOT17-09
12,,,6,"[1, 2, 4, 5, 6, 15]","[[1672.2896728515625, 388.910400390625, 1850.4241943359375, 755.0062255859375], [3.3857622146606445, 233.9537811279297, 176.89608764648438, 908.5162353515625], [1304.787109375, 455.4656982421875, 1388.0970458984375, 661.011962890625], [1867.0491943359375, 371.0015563964844, 1914.451171875, 600.3804931640625], [115.30152130126953, 515.2042236328125, 189.776611328125, 745.905029296875], [0.0, 237.87767028808594, 247.6970977783203, 908.77685546875]]","[0.681640625, 0.802734375, 0.403076171875, 0.475341796875, 0.272705078125, 0.55615234375]","[[1761.35693359375, 755.0062255859375], [90.14092493057251, 908.5162353515625], [1346.4420776367188, 661.011962890625], [1890.7501831054688, 600.3804931640625], [152.53906631469727, 745.905029296875], [123.84854888916016, 908.77685546875]]",424689664,410255360,424689664,640,yolo26n_int8_640_ncnn_model,MOT17-09
13,,,5,"[1, 2, 4, 5, 6]","[[1671.739013671875, 382.4571838378906, 1849.076416015625, 751.7278442382812], [7.163130760192871, 234.07354736328125, 181.29335021972656, 904.4568481445312], [1305.2864990234375, 455.7549743652344, 1389.58935546875, 662.1404418945312], [1865.8408203125, 373.81219482421875, 1915.970947265625, 613.7866821289062], [114.336181640625, 512.3018798828125, 189.8099365234375, 747.3343505859375]]","[0.7333984375, 0.78515625, 0.413330078125, 0.38671875, 0.372802734375]","[[1760.40771484375, 751.7278442382812], [94.22824048995972, 904.4568481445312], [1347.4379272460938, 662.1404418945312], [1890.9058837890625, 613.7866821289062], [152.07305908203125, 747.3343505859375]]",424689664,410255360,424689664,640,yolo26n_int8_640_ncnn_model,MOT17-09
14,,,5,"[1, 2, 4, 5, 6]","[[1673.4232177734375, 376.80108642578125, 1850.8001708984375, 750.6531372070312], [6.454784870147705, 231.94322204589844, 186.0793914794922, 919.2900390625], [1311.531982421875, 465.339111328125, 1393.90234375, 669.0155639648438], [1865.0675048828125, 370.3347473144531, 1918.36669921875, 625.3892211914062], [109.4358901977539, 499.580322265625, 189.03985595703125, 748.5824584960938]]","[0.7431640625, 0.8154296875, 0.299560546875, 0.36279296875, 0.46923828125]","[[1762.1116943359375, 750.6531372070312], [96.26708817481995, 919.2900390625], [1352.7171630859375, 669.0155639648438], [1891.7171020507812, 625.3892211914062], [149.23787307739258, 748.5824584960938]]",424689664,410255360,424689664,640,yolo26n_int8_640_ncnn_model,MOT17-09
15,,,5,"[1, 2, 4, 5, 6]","[[1672.71337890625, 371.2314758300781, 1848.9932861328125, 747.7180786132812], [8.969810485839844, 233.91958618164062, 191.8573760986328, 926.17333984375], [1312.6923828125, 470.2499694824219, 1392.5823974609375, 667.3583374023438], [1859.6463623046875, 368.7705993652344, 1919.206298828125, 654.9058227539062], [110.65165710449219, 501.3890075683594, 189.4755859375, 749.2771606445312]]","[0.75537109375, 0.822265625, 0.373291015625, 0.501953125, 0.35302734375]","[[1760.8533325195312, 747.7180786132812], [100.41359329223633, 926.17333984375], [1352.6373901367188, 667.3583374023438], [1889.4263305664062, 654.9058227539062], [150.0636215209961, 749.2771606445312]]",424689664,410255360,424689664,640,yolo26n_int8_640_ncnn_model,MOT17-09
16,,,6,"[1, 2, 4, 5, 6, 3]","[[1671.9754638671875, 372.8617858886719, 1844.9442138671875, 745.8084716796875], [9.898841857910156, 232.1166229248047, 193.84791564941406, 920.7408447265625], [1313.58642578125, 473.084228515625, 1392.4254150390625, 667.6931762695312], [1857.5025634765625, 357.9369201660156, 1920.0, 669.1718139648438], [116.61671447753906, 524.6364135742188, 188.03402709960938, 747.7857055664062], [292.97802734375, 444.02691650390625, 384.1680908203125, 699.5188598632812]]","[0.72607421875, 0.82568359375, 0.39013671875, 0.57666015625, 0.283935546875, 0.345458984375]","[[1758.4598388671875, 745.8084716796875], [101.87337875366211, 920.7408447265625], [1353.0059204101562, 667.6931762695312], [1888.7512817382812, 669.1718139648438], [152.32537078857422, 747.7857055664062], [338.57305908203125, 699.5188598632812]]",424689664,410255360,424689664,640,yolo26n_int8_640_ncnn_model,MOT17-09
17,,,5,"[1, 2, 4, 5, 3]","[[1669.375, 370.08624267578125, 1841.8780517578125, 744.5463256835938], [10.458929061889648, 235.3631591796875, 196.45216369628906, 923.7373657226562], [1317.0286865234375, 474.0878601074219, 1394.1380615234375, 664.7755126953125], [1855.7701416015625, 355.844482421875, 1920.0, 678.0927734375], [292.7811584472656, 445.0823974609375, 385.76763916015625, 701.908935546875]]","[0.658203125, 0.8251953125, 0.365234375, 0.5703125, 0.3759765625]","[[1755.6265258789062, 744.5463256835938], [103.45554637908936, 923.7373657226562], [1355.5833740234375, 664.7755126953125], [1887.8850708007812, 678.0927734375], [339.27439880371094, 701.908935546875]]",424689664,410255360,424689664,640,yolo26n_int8_640_ncnn_model,MOT17-09
18,,,5,"[1, 2, 4, 5, 3]","[[1666.58447265625, 367.8565979003906, 1838.69775390625, 744.3016357421875], [12.05754566192627, 236.77745056152344, 199.4814453125, 920.8526000976562], [1320.7347412109375, 475.1653137207031, 1396.2279052734375, 664.9224243164062], [1851.4373779296875, 351.2948303222656, 1920.0, 721.1226196289062], [298.256591796875, 448.6642761230469, 392.71075439453125, 706.4344482421875]]","[0.61181640625, 0.84765625, 0.33251953125, 0.57275390625, 0.378662109375]","[[1752.64111328125, 744.3016357421875], [105.76949548721313, 920.8526000976562], [1358.4813232421875, 664.9224243164062], [1885.7186889648438, 721.1226196289062], [345.4836730957031, 706.4344482421875]]",424689664,410255360,424689664,640,yolo26n_int8_640_ncnn_model,MOT17-09
19,,,6,"[1, 4, 5, 3, 26, 15]","[[1662.0023193359375, 368.0573425292969, 1833.24853515625, 744.1967163085938], [1317.3154296875, 474.0147399902344, 1392.6163330078125, 668.478271484375], [1849.9871826171875, 349.5212097167969, 1920.0, 739.6782836914062], [302.789794921875, 442.8377380371094, 400.1045837402344, 708.3710327148438], [1809.7421875, 443.3999938964844, 1867.6578369140625, 627.9000244140625], [0.0, 218.25857543945312, 240.1794891357422, 904.0819702148438]]","[0.650390625, 0.344482421875, 0.63818359375, 0.456298828125, 0.41552734375, 0.86181640625]","[[1747.6254272460938, 744.1967163085938], [1354.9658813476562, 668.478271484375], [1884.9935913085938, 739.6782836914062], [351.4471893310547, 708.3710327148438], [1838.7000122070312, 627.9000244140625], [120.0897445678711, 904.0819702148438]]",424689664,410255360,424689664,640,yolo26n_int8_640_ncnn_model,MOT17-09
20,,,6,"[1, 4, 5, 3, 26, 15]","[[1657.362548828125, 370.4233093261719, 1830.26953125, 751.8139038085938], [1325.8243408203125, 467.3734436035156, 1402.18798828125, 664.0916137695312], [1849.2847900390625, 344.6872253417969, 1920.0, 749.4376220703125], [302.826416015625, 442.12548828125, 401.4632873535156, 709.5733032226562], [1809.9957275390625, 443.2850036621094, 1867.8642578125, 627.7849731445312], [0.0, 221.2454376220703, 244.55006408691406, 902.025634765625]]","[0.56640625, 0.403564453125, 0.630859375, 0.4638671875, 0.361083984375, 0.875]","[[1743.8160400390625, 751.8139038085938], [1364.0061645507812, 664.0916137695312], [1884.6423950195312, 749.4376220703125], [352.1448516845703, 709.5733032226562], [1838.9299926757812, 627.7849731445312], [122.27503204345703, 902.025634765625]]",424689664,410255360,424689664,640,yolo26n_int8_640_ncnn_model,MOT17-09
21,,,5,"[1, 4, 5, 3, 15]","[[1653.5479736328125, 372.34375, 1827.4248046875, 757.6255493164062], [1328.8974609375, 464.0729675292969, 1405.8837890625, 661.1625366210938], [1849.07373046875, 346.0736389160156, 1920.0, 761.0362548828125], [305.2443542480469, 445.3234558105469, 402.7889099121094, 708.53515625], [0.0, 228.90953063964844, 245.2509002685547, 906.7507934570312]]","[0.7099609375, 0.48291015625, 0.6298828125, 0.50244140625, 0.87353515625]","[[1740.4863891601562, 757.6255493164062], [1367.390625, 661.1625366210938], [1884.536865234375, 761.0362548828125], [354.0166320800781, 708.53515625], [122.62545013427734, 906.7507934570312]]",424689664,410255360,424689664,640,yolo26n_int8_640_ncnn_model,MOT17-09
22,,,5,"[1, 4, 5, 3, 15]","[[1641.425537109375, 370.6538391113281, 1811.61474609375, 756.3599853515625], [1331.0875244140625, 463.56402587890625, 1408.067626953125, 659.305419921875], [1847.826416015625, 337.7356872558594, 1920.0, 762.9979858398438], [305.8238525390625, 441.6168518066406, 404.3998107910156, 707.1124267578125], [0.0, 228.04685974121094, 247.29998779296875, 907.2610473632812]]","[0.409912109375, 0.51904296875, 0.62744140625, 0.5390625, 0.87353515625]","[[1726.5201416015625, 756.3599853515625], [1369.5775756835938, 659.305419921875], [1883.9132080078125, 762.9979858398438], [355.11183166503906, 707.1124267578125], [123.64999389648438, 907.2610473632812]]",424689664,410255360,424689664,640,yolo26n_int8_640_ncnn_model,MOT17-09
23,,,7,"[1, 4, 5, 3, 15, 35, 26]","[[1631.333740234375, 370.7749938964844, 1797.42724609375, 759.020263671875], [1331.1790771484375, 462.64166259765625, 1408.4439697265625, 659.3610229492188], [1847.046875, 340.8837890625, 1920.0, 764.640625], [307.0531311035156, 441.4769592285156, 405.8052673339844, 708.2926635742188], [5.973731994628906, 230.742919921875, 257.5229187011719, 908.4464721679688], [1333.19384765625, 480.375, 1391.106201171875, 657.8250122070312], [1809.2431640625, 448.513671875, 1863.1650390625, 619.6593017578125]]","[0.42626953125, 0.474609375, 0.58837890625, 0.5576171875, 0.88330078125, 0.314453125, 0.283203125]","[[1714.3804931640625, 759.020263671875], [1369.8115234375, 659.3610229492188], [1883.5234375, 764.640625], [356.42919921875, 708.2926635742188], [131.7483253479004, 908.4464721679688], [1362.1500244140625, 657.8250122070312], [1836.2041015625, 619.6593017578125]]",424689664,410255360,424689664,640,yolo26n_int8_640_ncnn_model,MOT17-09
24,,,6,"[1, 4, 5, 3, 15, 35]","[[1636.4232177734375, 377.0034484863281, 1799.1619873046875, 759.7372436523438], [1330.86767578125, 463.796142578125, 1407.7816162109375, 659.892822265625], [1845.19189453125, 332.5225830078125, 1920.0, 765.0106811523438], [309.819091796875, 441.6951599121094, 408.3016357421875, 709.4691772460938], [15.413477897644043, 238.638671875, 271.44598388671875, 916.9849853515625], [1333.134765625, 482.98480224609375, 1390.9332275390625, 660.0868530273438]]","[0.60107421875, 0.45361328125, 0.59326171875, 0.55908203125, 0.88037109375, 0.330078125]","[[1717.7926025390625, 759.7372436523438], [1369.3246459960938, 659.892822265625], [1882.595947265625, 765.0106811523438], [359.06036376953125, 709.4691772460938], [143.4297308921814, 916.9849853515625], [1362.0339965820312, 660.0868530273438]]",424689664,410255360,424689664,640,yolo26n_int8_640_ncnn_model,MOT17-09
25,,,6,"[1, 4, 5, 3, 15, 35]","[[1634.1650390625, 371.97052001953125, 1798.481201171875, 761.4381713867188], [1331.40234375, 463.50616455078125, 1408.698486328125, 660.8543090820312], [1842.5526123046875, 332.3300476074219, 1920.0, 766.7008666992188], [313.54296875, 452.9028015136719, 407.6386413574219, 708.6671142578125], [26.232826232910156, 232.9084014892578, 289.17779541015625, 911.970703125], [1331.9951171875, 474.78204345703125, 1394.3360595703125, 666.39453125]]","[0.716796875, 0.478515625, 0.64404296875, 0.5703125, 0.9013671875, 0.338623046875]","[[1716.3231201171875, 761.4381713867188], [1370.0504150390625, 660.8543090820312], [1881.2763061523438, 766.7008666992188], [360.59080505371094, 708.6671142578125], [157.7053108215332, 911.970703125], [1363.1655883789062, 666.39453125]]",424689664,410255360,424689664,640,yolo26n_int8_640_ncnn_model,MOT17-09
26,,,6,"[1, 4, 5, 3, 15, 35]","[[1633.62353515625, 374.5184020996094, 1796.1712646484375, 763.509033203125], [1331.2412109375, 464.39630126953125, 1408.290283203125, 661.2252197265625], [1837.0081787109375, 331.0294189453125, 1917.34130859375, 769.331787109375], [315.44451904296875, 453.9678955078125, 408.9225769042969, 709.590576171875], [32.68181610107422, 229.862548828125, 303.4505615234375, 909.91650390625], [1334.66162109375, 480.2641296386719, 1394.5428466796875, 664.5597534179688]]","[0.6787109375, 0.475830078125, 0.669921875, 0.5302734375, 0.8896484375, 0.268310546875]","[[1714.8973999023438, 763.509033203125], [1369.7657470703125, 661.2252197265625], [1877.1747436523438, 769.331787109375], [362.1835479736328, 709.590576171875], [168.06618881225586, 909.91650390625], [1364.6022338867188, 664.5597534179688]]",424689664,410255360,424689664,640,yolo26n_int8_640_ncnn_model,MOT17-09
27,,,6,"[1, 4, 5, 3, 15, 35]","[[1632.0313720703125, 376.7498779296875, 1793.0128173828125, 764.9859619140625], [1329.4677734375, 464.99237060546875, 1406.739013671875, 664.0993041992188], [1833.349365234375, 323.83984375, 1917.3218994140625, 781.68505859375], [317.277099609375, 446.1159973144531, 411.86102294921875, 707.1771850585938], [35.39122772216797, 227.4810791015625, 314.197509765625, 909.3738403320312], [1335.9385986328125, 483.0218811035156, 1394.2335205078125, 663.0685424804688]]","[0.61376953125, 0.467041015625, 0.67626953125, 0.53955078125, 0.8857421875, 0.266845703125]","[[1712.5220947265625, 764.9859619140625], [1368.1033935546875, 664.0993041992188], [1875.3356323242188, 781.68505859375], [364.5690612792969, 707.1771850585938], [174.79436874389648, 909.3738403320312], [1365.0860595703125, 663.0685424804688]]",424689664,410255360,424689664,640,yolo26n_int8_640_ncnn_model,MOT17-09
28,,,6,"[1, 4, 5, 3, 15, 35]","[[1632.1085205078125, 372.65667724609375, 1793.3653564453125, 764.5010986328125], [1330.66064453125, 464.7274169921875, 1407.1644287109375, 661.7267456054688], [1832.0474853515625, 313.4768371582031, 1917.2628173828125, 777.6664428710938], [325.0497741699219, 486.8070068359375, 406.9692687988281, 708.9797973632812], [40.15013885498047, 235.5245361328125, 326.799072265625, 917.09375], [1334.4447021484375, 478.8888854980469, 1395.984619140625, 669.6898803710938]]","[0.62890625, 0.46044921875, 0.6943359375, 0.50146484375, 0.87353515625, 0.2890625]","[[1712.7369384765625, 764.5010986328125], [1368.9125366210938, 661.7267456054688], [1874.6551513671875, 777.6664428710938], [366.009521484375, 708.9797973632812], [183.47460556030273, 917.09375], [1365.2146606445312, 669.6898803710938]]",424689664,410255360,424689664,640,yolo26n_int8_640_ncnn_model,MOT17-09
29,,,6,"[1, 4, 5, 3, 15, 35]","[[1632.6517333984375, 373.57611083984375, 1795.168212890625, 768.7039184570312], [1331.8004150390625, 465.8713684082031, 1407.537109375, 660.5634155273438], [1830.550048828125, 308.9842529296875, 1918.32373046875, 787.7898559570312], [328.10943603515625, 499.1668395996094, 406.982177734375, 710.4869995117188], [39.76116180419922, 235.8578338623047, 335.0994873046875, 918.7625122070312], [1334.0589599609375, 476.96307373046875, 1396.43603515625, 671.4270629882812]]","[0.66455078125, 0.4482421875, 0.7138671875, 0.423828125, 0.9111328125, 0.260009765625]","[[1713.9099731445312, 768.7039184570312], [1369.6687622070312, 660.5634155273438], [1874.4368896484375, 787.7898559570312], [367.5458068847656, 710.4869995117188], [187.43032455444336, 918.7625122070312], [1365.2474975585938, 671.4270629882812]]",424689664,410255360,424689664,640,yolo26n_int8_640_ncnn_model,MOT17-09
30,,,5,"[1, 4, 5, 3, 15]","[[1632.854736328125, 369.50830078125, 1796.0611572265625, 765.8248901367188], [1332.1517333984375, 466.3043212890625, 1407.66748046875, 660.1290893554688], [1827.69384765625, 306.25872802734375, 1917.2408447265625, 791.6456909179688], [333.3262634277344, 508.07122802734375, 408.66046142578125, 709.1578979492188], [42.73406982421875, 233.74270629882812, 346.8522033691406, 915.63916015625]]","[0.716796875, 0.43994140625, 0.71240234375, 0.408935546875, 0.888671875]","[[1714.4579467773438, 765.8248901367188], [1369.9096069335938, 660.1290893554688], [1872.4673461914062, 791.6456909179688], [370.9933624267578, 709.1578979492188], [194.7931365966797, 915.63916015625]]",424689664,410255360,424689664,640,yolo26n_int8_640_ncnn_model,MOT17-09
31,80.92080699998405,0.0,5,"[1, 4, 5, 3, 15]","[[1630.4205322265625, 369.9403076171875, 1795.1514892578125, 769.5993041992188], [1332.875732421875, 467.4590759277344, 1408.0419921875, 659.9735717773438], [1825.1239013671875, 300.7350158691406, 1916.412841796875, 792.650146484375], [337.8710632324219, 502.8792419433594, 415.7254943847656, 707.3700561523438], [49.234527587890625, 222.0229949951172, 365.5965576171875, 907.477783203125]]","[0.7060546875, 0.439208984375, 0.70849609375, 0.353759765625, 0.8828125]","[[1712.7860107421875, 769.5993041992188], [1370.4588623046875, 659.9735717773438], [1870.7683715820312, 792.650146484375], [376.79827880859375, 707.3700561523438], [207.41554260253906, 907.477783203125]]",424689664,410255360,424689664,640,yolo26n_int8_640_ncnn_model,MOT17-09
32,81.76458499997352,0.0,5,"[1, 4, 5, 3, 15]","[[1629.283935546875, 370.86444091796875, 1795.166748046875, 773.2052612304688], [1331.93505859375, 466.8923645019531, 1408.323486328125, 662.9116821289062], [1822.512939453125, 301.7264099121094, 1915.8487548828125, 800.4190063476562], [339.345947265625, 505.78057861328125, 416.1283264160156, 704.9718017578125], [48.09738540649414, 227.38780212402344, 374.10791015625, 912.4291381835938]]","[0.5244140625, 0.40869140625, 0.7294921875, 0.2880859375, 0.87451171875]","[[1712.225341796875, 773.2052612304688], [1370.1292724609375, 662.9116821289062], [1869.1808471679688, 800.4190063476562], [377.7371368408203, 704.9718017578125], [211.10264778137207, 912.4291381835938]]",424689664,410255360,424689664,640,yolo26n_int8_640_ncnn_model,MOT17-09
33,81.67843699993682,0.0,6,"[1, 4, 5, 3, 15, 48]","[[1627.4388427734375, 368.52862548828125, 1794.765869140625, 774.2807006835938], [1332.3568115234375, 466.67572021484375, 1409.57666015625, 663.0223388671875], [1819.84814453125, 300.4230041503906, 1913.4923095703125, 792.447021484375], [342.7047119140625, 514.056640625, 416.75775146484375, 707.9325561523438], [48.15253448486328, 223.89410400390625, 381.56353759765625, 904.0388793945312], [1372.28125, 483.29998779296875, 1420.1187744140625, 663.5999755859375]]","[0.693359375, 0.349609375, 0.73486328125, 0.262939453125, 0.85986328125, 0.366455078125]","[[1711.1023559570312, 774.2807006835938], [1370.9667358398438, 663.0223388671875], [1866.6702270507812, 792.447021484375], [379.7312316894531, 707.9325561523438], [214.85803604125977, 904.0388793945312], [1396.2000122070312, 663.5999755859375]]",424689664,410255360,424689664,640,yolo26n_int8_640_ncnn_model,MOT17-09
34,80.67367700004979,0.0,6,"[1, 4, 5, 3, 15, 48]","[[1625.534423828125, 366.916748046875, 1793.984130859375, 776.3529052734375], [1334.5419921875, 465.350830078125, 1411.926025390625, 661.3258056640625], [1814.2332763671875, 302.0173645019531, 1909.4195556640625, 790.9971923828125], [342.2410888671875, 501.9786682128906, 419.71966552734375, 704.4005737304688], [47.94459533691406, 237.2523956298828, 383.1404724121094, 901.1107788085938], [1372.81689453125, 484.2117004394531, 1420.0389404296875, 662.0045166015625]]","[0.68994140625, 0.27490234375, 0.74951171875, 0.30517578125, 0.87841796875, 0.385498046875]","[[1709.75927734375, 776.3529052734375], [1373.2340087890625, 661.3258056640625], [1861.826416015625, 790.9971923828125], [380.9803771972656, 704.4005737304688], [215.54253387451172, 901.1107788085938], [1396.4279174804688, 662.0045166015625]]",424689664,410255360,424689664,640,yolo26n_int8_640_ncnn_model,MOT17-09
35,80.66838100012319,0.0,5,"[1, 4, 5, 15, 48]","[[1625.3106689453125, 365.83270263671875, 1793.31396484375, 775.6121215820312], [1334.3612060546875, 464.1033935546875, 1413.759521484375, 664.3970336914062], [1811.04248046875, 296.60150146484375, 1909.014892578125, 788.5413208007812], [52.42908477783203, 237.32058715820312, 398.44635009765625, 900.0401000976562], [1372.5701904296875, 485.40325927734375, 1420.443603515625, 665.2470092773438]]","[0.716796875, 0.286865234375, 0.779296875, 0.87890625, 0.362548828125]","[[1709.3123168945312, 775.6121215820312], [1374.0603637695312, 664.3970336914062], [1860.0286865234375, 788.5413208007812], [225.43771743774414, 900.0401000976562], [1396.5068969726562, 665.2470092773438]]",424689664,410255360,424689664,640,yolo26n_int8_640_ncnn_model,MOT17-09
36,80.84891800012883,0.0,5,"[1, 4, 5, 15, 48]","[[1623.79833984375, 367.9090881347656, 1790.6793212890625, 774.7740478515625], [1334.0157470703125, 463.63909912109375, 1414.66845703125, 666.5291137695312], [1808.3568115234375, 294.13970947265625, 1908.490234375, 785.9902954101562], [58.651344299316406, 246.78643798828125, 411.8846740722656, 898.1835327148438], [1372.484375, 484.6340637207031, 1420.567138671875, 665.1756591796875]]","[0.77001953125, 0.302734375, 0.7841796875, 0.88037109375, 0.36328125]","[[1707.2388305664062, 774.7740478515625], [1374.3421020507812, 666.5291137695312], [1858.4235229492188, 785.9902954101562], [235.26800918579102, 898.1835327148438], [1396.5257568359375, 665.1756591796875]]",424689664,410255360,424689664,640,yolo26n_int8_640_ncnn_model,MOT17-09
37,109.31709500005127,0.0,4,"[1, 5, 15, 48]","[[1621.6668701171875, 369.4701232910156, 1791.3629150390625, 783.5535278320312], [1804.6849365234375, 295.7628173828125, 1907.1361083984375, 786.3389892578125], [58.79256820678711, 236.79168701171875, 428.15362548828125, 899.0321044921875], [1373.50537109375, 484.3423767089844, 1421.7099609375, 665.1104736328125]]","[0.59814453125, 0.77685546875, 0.88134765625, 0.35498046875]","[[1706.514892578125, 783.5535278320312], [1855.9105224609375, 786.3389892578125], [243.47309684753418, 899.0321044921875], [1397.607666015625, 665.1104736328125]]",424689664,410255360,424689664,640,yolo26n_int8_640_ncnn_model,MOT17-09
38,81.23306600009528,0.0,5,"[1, 5, 15, 48, 57]","[[1621.4520263671875, 369.0859375, 1791.1317138671875, 783.8648681640625], [1803.606689453125, 296.61578369140625, 1908.3974609375, 788.1983642578125], [60.09629440307617, 234.3077850341797, 440.71148681640625, 898.1370849609375], [1374.6656494140625, 482.11932373046875, 1423.398193359375, 665.0621337890625], [5.727216720581055, 498.29998779296875, 117.79778289794922, 751.2000122070312]]","[0.61279296875, 0.78759765625, 0.8798828125, 0.380615234375, 0.333984375]","[[1706.2918701171875, 783.8648681640625], [1856.0020751953125, 788.1983642578125], [250.4038906097412, 898.1370849609375], [1399.0319213867188, 665.0621337890625], [61.76249980926514, 751.2000122070312]]",424689664,410255360,424689664,640,yolo26n_int8_640_ncnn_model,MOT17-09
39,80.94362199994976,0.0,6,"[1, 5, 15, 48, 57, 4]","[[1617.568359375, 368.9476013183594, 1787.0869140625, 786.8619995117188], [1801.200927734375, 295.4264831542969, 1909.03515625, 792.3707275390625], [72.39008331298828, 243.89422607421875, 455.9727783203125, 899.197021484375], [1373.2841796875, 482.359375, 1422.6663818359375, 668.1231689453125], [7.636508464813232, 496.6159362792969, 119.61954498291016, 749.3997802734375], [1336.727294921875, 465.42010498046875, 1417.249267578125, 666.833251953125]]","[0.5654296875, 0.78271484375, 0.88720703125, 0.3642578125, 0.359619140625, 0.271240234375]","[[1702.32763671875, 786.8619995117188], [1855.1180419921875, 792.3707275390625], [264.1814308166504, 899.197021484375], [1397.9752807617188, 668.1231689453125], [63.628026723861694, 749.3997802734375], [1376.98828125, 666.833251953125]]",424689664,410255360,424689664,640,yolo26n_int8_640_ncnn_model,MOT17-09
40,80.86736300015218,0.0,6,"[1, 5, 15, 48, 57, 4]","[[1617.727294921875, 369.1495056152344, 1787.9586181640625, 790.6417846679688], [1798.86376953125, 298.7250061035156, 1908.8477783203125, 796.0701904296875], [90.5216064453125, 239.7880859375, 479.3830261230469, 901.3819580078125], [1372.3134765625, 482.4609375, 1421.8079833984375, 669.2252807617188], [7.3284592628479, 495.76690673828125, 120.06393432617188, 750.2671508789062], [1336.0726318359375, 468.050537109375, 1416.4132080078125, 667.5737915039062]]","[0.5146484375, 0.8115234375, 0.86328125, 0.3046875, 0.279296875, 0.313720703125]","[[1702.8429565429688, 790.6417846679688], [1853.8557739257812, 796.0701904296875], [284.9523162841797, 901.3819580078125], [1397.0607299804688, 669.2252807617188], [63.69619679450989, 750.2671508789062], [1376.242919921875, 667.5737915039062]]",424689664,410255360,424689664,640,yolo26n_int8_640_ncnn_model,MOT17-09
41,82.32773300005647,0.0,6,"[1, 5, 15, 48, 4, 65]","[[1615.45458984375, 367.7596435546875, 1786.810791015625, 795.451904296875], [1795.2357177734375, 299.57464599609375, 1907.6915283203125, 797.865966796875], [112.61397552490234, 258.7856750488281, 493.04180908203125, 909.3936767578125], [1372.89306640625, 481.24822998046875, 1422.5428466796875, 668.84326171875], [1336.099365234375, 470.4433898925781, 1415.8663330078125, 668.3250122070312], [546.3032836914062, 398.625, 620.396728515625, 566.1749877929688]]","[0.556640625, 0.8095703125, 0.82666015625, 0.328857421875, 0.299072265625, 0.408203125]","[[1701.1326904296875, 795.451904296875], [1851.463623046875, 797.865966796875], [302.8278923034668, 909.3936767578125], [1397.7179565429688, 668.84326171875], [1375.9828491210938, 668.3250122070312], [583.3500061035156, 566.1749877929688]]",424689664,410255360,424689664,640,yolo26n_int8_640_ncnn_model,MOT17-09
42,84.7614550000344,0.0,9,"[1, 5, 15, 48, 4, 65, 68, 6, 57]","[[1606.661865234375, 359.6397399902344, 1774.79443359375, 789.1213989257812], [1793.404296875, 299.703369140625, 1907.8150634765625, 796.7147216796875], [128.28585815429688, 249.374267578125, 510.12322998046875, 905.0858154296875], [1372.899169921875, 481.0550842285156, 1423.02001953125, 670.4220581054688], [1337.586669921875, 470.06549072265625, 1417.126953125, 667.8507690429688], [546.5924072265625, 398.9147033691406, 620.33935546875, 565.6535034179688], [1320.102294921875, 540.2999877929688, 1363.397705078125, 665.7000122070312], [107.38447570800781, 460.88031005859375, 195.61866760253906, 744.120361328125], [6.258168697357178, 496.5507507324219, 119.7408676147461, 753.5178833007812]]","[0.50634765625, 0.80810546875, 0.8642578125, 0.326904296875, 0.2919921875, 0.343017578125, 0.358154296875, 0.474853515625, 0.347412109375]","[[1690.7281494140625, 789.1213989257812], [1850.6096801757812, 796.7147216796875], [319.2045440673828, 905.0858154296875], [1397.9595947265625, 670.4220581054688], [1377.3568115234375, 667.8507690429688], [583.4658813476562, 565.6535034179688], [1341.75, 665.7000122070312], [151.50157165527344, 744.120361328125], [62.999518156051636, 753.5178833007812]]",424689664,410255360,424689664,640,yolo26n_int8_640_ncnn_model,MOT17-09
43,80.81143799995516,0.0,9,"[1, 5, 15, 48, 4, 65, 68, 6, 57]","[[1610.7772216796875, 364.65032958984375, 1778.5482177734375, 794.2216186523438], [1791.60009765625, 301.1549072265625, 1909.0936279296875, 803.69482421875], [167.5435028076172, 245.81333923339844, 538.894775390625, 897.5240478515625], [1374.77099609375, 481.9925842285156, 1423.310302734375, 666.0022583007812], [1336.98779296875, 471.1406555175781, 1415.7269287109375, 668.4114990234375], [545.428466796875, 400.1822509765625, 621.5802612304688, 572.5081787109375], [1320.69873046875, 540.35791015625, 1363.959228515625, 665.64208984375], [105.83186340332031, 472.7617492675781, 190.47073364257812, 745.1630859375], [7.08179235458374, 497.3271484375, 119.79631805419922, 753.5399780273438]]","[0.5556640625, 0.8203125, 0.82861328125, 0.328857421875, 0.288818359375, 0.301025390625, 0.277099609375, 0.399169921875, 0.355712890625]","[[1694.6627197265625, 794.2216186523438], [1850.3468627929688, 803.69482421875], [353.2191390991211, 897.5240478515625], [1399.0406494140625, 666.0022583007812], [1376.3573608398438, 668.4114990234375], [583.5043640136719, 572.5081787109375], [1342.3289794921875, 665.64208984375], [148.15129852294922, 745.1630859375], [63.43905520439148, 753.5399780273438]]",424689664,410255360,424689664,640,yolo26n_int8_640_ncnn_model,MOT17-09
44,81.6202340001837,0.0,9,"[1, 5, 15, 48, 4, 65, 68, 6, 57]","[[1611.9453125, 364.6317138671875, 1780.562255859375, 796.1090087890625], [1790.54638671875, 301.9819030761719, 1910.0487060546875, 806.0039672851562], [196.96014404296875, 241.68157958984375, 558.6964721679688, 888.4449462890625], [1373.8717041015625, 481.86187744140625, 1422.9970703125, 668.817138671875], [1340.3875732421875, 477.98345947265625, 1415.5013427734375, 666.1309814453125], [546.3463134765625, 398.6316223144531, 620.1273803710938, 565.514404296875], [1320.3319091796875, 540.377197265625, 1363.543212890625, 665.622802734375], [104.59028625488281, 477.71856689453125, 187.78114318847656, 745.5957641601562], [7.984019756317139, 496.02130126953125, 119.76565551757812, 750.9297485351562]]","[0.5791015625, 0.8232421875, 0.763671875, 0.3115234375, 0.28564453125, 0.25634765625, 0.2919921875, 0.5234375, 0.4482421875]","[[1696.2537841796875, 796.1090087890625], [1850.2975463867188, 806.0039672851562], [377.82830810546875, 888.4449462890625], [1398.4343872070312, 668.817138671875], [1377.9444580078125, 666.1309814453125], [583.2368469238281, 565.514404296875], [1341.9375610351562, 665.622802734375], [146.1857147216797, 745.5957641601562], [63.87483763694763, 750.9297485351562]]",424689664,410255360,424689664,640,yolo26n_int8_640_ncnn_model,MOT17-09
45,80.97182599999542,0.0,9,"[1, 5, 15, 48, 4, 65, 68, 6, 57]","[[1612.0814208984375, 360.703125, 1783.725341796875, 798.7278442382812], [1789.40966796875, 302.3270568847656, 1911.2552490234375, 809.7285766601562], [230.20970153808594, 252.68905639648438, 576.2459106445312, 893.42041015625], [1373.9407958984375, 480.5766906738281, 1423.4635009765625, 669.0955200195312], [1339.12451171875, 473.7099304199219, 1415.89013671875, 667.026611328125], [546.622802734375, 397.7873229980469, 620.2107543945312, 564.3211669921875], [1320.369384765625, 538.1292114257812, 1364.3548583984375, 665.6184692382812], [107.62861633300781, 483.85546875, 188.237060546875, 745.5149536132812], [8.200833320617676, 496.5762939453125, 120.35842895507812, 753.0675659179688]]","[0.58935546875, 0.80615234375, 0.7158203125, 0.2666015625, 0.39208984375, 0.271484375, 0.26025390625, 0.5107421875, 0.52685546875]","[[1697.9033813476562, 798.7278442382812], [1850.3324584960938, 809.7285766601562], [403.2278060913086, 893.42041015625], [1398.7021484375, 669.0955200195312], [1377.50732421875, 667.026611328125], [583.4167785644531, 564.3211669921875], [1342.3621215820312, 665.6184692382812], [147.9328384399414, 745.5149536132812], [64.2796311378479, 753.0675659179688]]",424689664,410255360,424689664,640,yolo26n_int8_640_ncnn_model,MOT17-09
46,80.91178900008344,0.0,7,"[1, 5, 15, 4, 68, 6, 57]","[[1612.20263671875, 353.1008605957031, 1782.9830322265625, 788.13720703125], [1788.3026123046875, 299.895751953125, 1912.4776611328125, 811.6560668945312], [253.01190185546875, 256.6752624511719, 583.278076171875, 892.4796752929688], [1339.3873291015625, 471.9124755859375, 1416.2835693359375, 666.6060180664062], [1320.4847412109375, 538.20556640625, 1364.5146484375, 665.8873901367188], [108.41046142578125, 484.9631042480469, 188.18771362304688, 744.738037109375], [11.34123706817627, 490.4371032714844, 124.02780151367188, 751.0574951171875]]","[0.767578125, 0.8154296875, 0.76123046875, 0.385498046875, 0.2841796875, 0.46630859375, 0.39501953125]","[[1697.5928344726562, 788.13720703125], [1850.39013671875, 811.6560668945312], [418.1449890136719, 892.4796752929688], [1377.83544921875, 666.6060180664062], [1342.4996948242188, 665.8873901367188], [148.29908752441406, 744.738037109375], [67.68451929092407, 751.0574951171875]]",424689664,410255360,424689664,640,yolo26n_int8_640_ncnn_model,MOT17-09
47,81.12447400003475,0.0,8,"[1, 5, 15, 4, 6, 57, 48, 65]","[[1606.2584228515625, 355.1510009765625, 1778.9036865234375, 793.8590087890625], [1787.6116943359375, 297.8824462890625, 1913.2913818359375, 812.4071044921875], [265.3244934082031, 258.1095275878906, 584.3786010742188, 891.1683349609375], [1338.9964599609375, 472.93572998046875, 1414.9014892578125, 665.7018432617188], [111.03470611572266, 489.8639221191406, 190.7067108154297, 753.914306640625], [9.468110084533691, 493.69122314453125, 121.3071060180664, 752.8168334960938], [1373.786376953125, 480.6650695800781, 1423.854736328125, 669.7203979492188], [546.6441040039062, 396.5070495605469, 620.3333740234375, 563.5850830078125]]","[0.728515625, 0.814453125, 0.7333984375, 0.382568359375, 0.470947265625, 0.480224609375, 0.256591796875, 0.2841796875]","[[1692.5810546875, 793.8590087890625], [1850.4515380859375, 812.4071044921875], [424.85154724121094, 891.1683349609375], [1376.948974609375, 665.7018432617188], [150.87070846557617, 753.914306640625], [65.38760805130005, 752.8168334960938], [1398.820556640625, 669.7203979492188], [583.4887390136719, 563.5850830078125]]",424689664,410255360,424689664,640,yolo26n_int8_640_ncnn_model,MOT17-09
48,81.0198820001915,0.0,6,"[1, 5, 15, 4, 6, 57]","[[1594.3087158203125, 353.0204772949219, 1763.52734375, 786.1531372070312], [1787.04345703125, 294.0659484863281, 1915.9471435546875, 819.5975341796875], [298.15057373046875, 260.82598876953125, 601.7562255859375, 884.4829711914062], [1336.99267578125, 471.31207275390625, 1413.201416015625, 666.3569946289062], [114.4091567993164, 506.00372314453125, 189.25399780273438, 754.8622436523438], [9.765543937683105, 495.71405029296875, 120.08929443359375, 751.7269897460938]]","[0.62451171875, 0.82373046875, 0.76513671875, 0.353515625, 0.41357421875, 0.368896484375]","[[1678.9180297851562, 786.1531372070312], [1851.4953002929688, 819.5975341796875], [449.9533996582031, 884.4829711914062], [1375.0970458984375, 666.3569946289062], [151.8315773010254, 754.8622436523438], [64.92741918563843, 751.7269897460938]]",424689664,410255360,424689664,640,yolo26n_int8_640_ncnn_model,MOT17-09
49,81.06408499997997,0.0,7,"[1, 5, 15, 4, 6, 57, 65]","[[1587.1446533203125, 353.4946594238281, 1754.4124755859375, 781.9148559570312], [1786.92724609375, 289.2234802246094, 1916.90771484375, 816.864013671875], [334.6267395019531, 251.88449096679688, 629.42431640625, 873.8839111328125], [1336.94384765625, 471.68365478515625, 1411.8548583984375, 665.6146240234375], [116.92571258544922, 514.7655639648438, 188.98500061035156, 754.6627197265625], [11.423299789428711, 498.9983215332031, 120.45011138916016, 752.8236694335938], [545.6786499023438, 395.3096008300781, 621.9404296875, 569.2581176757812]]","[0.66943359375, 0.8291015625, 0.7470703125, 0.330322265625, 0.440673828125, 0.30224609375, 0.329833984375]","[[1670.778564453125, 781.9148559570312], [1851.91748046875, 816.864013671875], [482.02552795410156, 873.8839111328125], [1374.3993530273438, 665.6146240234375], [152.9553565979004, 754.6627197265625], [65.93670558929443, 752.8236694335938], [583.8095397949219, 569.2581176757812]]",424689664,410255360,424689664,640,yolo26n_int8_640_ncnn_model,MOT17-09
50,81.7428820000714,0.0,9,"[1, 5, 15, 4, 6, 57, 65, 68, 48]","[[1582.17724609375, 349.74578857421875, 1751.4805908203125, 782.2998657226562], [1785.2154541015625, 283.9648742675781, 1917.0350341796875, 817.1578979492188], [367.5184020996094, 245.64523315429688, 659.0699462890625, 867.90087890625], [1336.5889892578125, 471.8144226074219, 1410.679931640625, 666.3284912109375], [117.84607696533203, 517.0845336914062, 189.1123046875, 755.3164672851562], [10.668471336364746, 498.9615173339844, 118.98654174804688, 751.4739990234375], [549.174072265625, 397.1560363769531, 624.1755981445312, 570.429931640625], [1321.7513427734375, 540.4483642578125, 1364.715576171875, 665.2525634765625], [1382.135498046875, 490.6744079589844, 1428.28955078125, 663.7255859375]]","[0.7294921875, 0.837890625, 0.79931640625, 0.327392578125, 0.481201171875, 0.4580078125, 0.32958984375, 0.264404296875, 0.302978515625]","[[1666.8289184570312, 782.2998657226562], [1851.125244140625, 817.1578979492188], [513.2941741943359, 867.90087890625], [1373.6344604492188, 666.3284912109375], [153.47919082641602, 755.3164672851562], [64.82750654220581, 751.4739990234375], [586.6748352050781, 570.429931640625], [1343.2334594726562, 665.2525634765625], [1405.2125244140625, 663.7255859375]]",424689664,410255360,424689664,640,yolo26n_int8_640_ncnn_model,MOT17-09
51,81.00127100010468,0.0,7,"[1, 5, 15, 4, 6, 57, 48]","[[1577.504638671875, 351.09600830078125, 1749.4638671875, 787.6349487304688], [1785.566162109375, 281.0352478027344, 1918.0802001953125, 817.1842651367188], [385.8547058105469, 242.55361938476562, 679.177490234375, 865.5211791992188], [1336.9281005859375, 472.1021728515625, 1410.760498046875, 667.3432006835938], [118.60509490966797, 514.0477294921875, 188.70870971679688, 747.218505859375], [9.89503002166748, 498.6820983886719, 118.34849548339844, 752.2206420898438], [1383.851318359375, 491.1298522949219, 1429.5477294921875, 661.7259521484375]]","[0.73974609375, 0.83056640625, 0.837890625, 0.330810546875, 0.468017578125, 0.4345703125, 0.27783203125]","[[1663.4842529296875, 787.6349487304688], [1851.8231811523438, 817.1842651367188], [532.5160980224609, 865.5211791992188], [1373.8442993164062, 667.3432006835938], [153.65690231323242, 747.218505859375], [64.12176275253296, 752.2206420898438], [1406.6995239257812, 661.7259521484375]]",424689664,410255360,424689664,640,yolo26n_int8_640_ncnn_model,MOT17-09
52,85.82649100003437,0.0,8,"[1, 5, 15, 4, 6, 57, 48, 3]","[[1572.189453125, 351.6563415527344, 1746.5731201171875, 792.6202392578125], [1784.541748046875, 277.7764587402344, 1917.718017578125, 816.3737182617188], [397.72064208984375, 245.8837890625, 693.1885986328125, 868.22802734375], [1338.2049560546875, 472.6967468261719, 1411.629150390625, 667.2305908203125], [117.89844512939453, 490.0297546386719, 193.30726623535156, 742.6659545898438], [10.811417579650879, 500.0613708496094, 118.70463562011719, 752.9989624023438], [1384.154296875, 489.25213623046875, 1430.1934814453125, 661.0919799804688], [354.841796875, 445.1086730957031, 453.2510986328125, 704.7769775390625]]","[0.669921875, 0.818359375, 0.83935546875, 0.394775390625, 0.446044921875, 0.47412109375, 0.267333984375, 0.5615234375]","[[1659.3812866210938, 792.6202392578125], [1851.1298828125, 816.3737182617188], [545.4546203613281, 868.22802734375], [1374.9170532226562, 667.2305908203125], [155.60285568237305, 742.6659545898438], [64.75802659988403, 752.9989624023438], [1407.1738891601562, 661.0919799804688], [404.04644775390625, 704.7769775390625]]",424689664,410255360,424689664,640,yolo26n_int8_640_ncnn_model,MOT17-09
53,81.6258080001262,0.0,8,"[1, 5, 15, 4, 6, 57, 48, 3]","[[1574.0247802734375, 351.660888671875, 1749.7413330078125, 795.72802734375], [1784.378173828125, 276.6075744628906, 1917.3853759765625, 814.0245971679688], [406.99871826171875, 254.49266052246094, 703.0845947265625, 866.00048828125], [1342.337646484375, 479.6121520996094, 1412.282470703125, 664.4545288085938], [120.09012603759766, 495.5385437011719, 193.47207641601562, 740.5579223632812], [15.167866706848145, 501.56610107421875, 120.93161010742188, 752.292724609375], [1384.4017333984375, 489.8003845214844, 1430.2413330078125, 660.6328125], [367.63824462890625, 440.9255676269531, 466.7255554199219, 705.442138671875]]","[0.6591796875, 0.8330078125, 0.86328125, 0.3564453125, 0.393798828125, 0.472412109375, 0.274658203125, 0.3486328125]","[[1661.883056640625, 795.72802734375], [1850.8817749023438, 814.0245971679688], [555.0416564941406, 866.00048828125], [1377.31005859375, 664.4545288085938], [156.78110122680664, 740.5579223632812], [68.04973840713501, 752.292724609375], [1407.321533203125, 660.6328125], [417.18190002441406, 705.442138671875]]",424689664,410255360,424689664,640,yolo26n_int8_640_ncnn_model,MOT17-09
54,81.16882600006647,0.0,7,"[1, 5, 15, 4, 6, 57, 48]","[[1571.408203125, 351.9414978027344, 1746.640380859375, 793.6764526367188], [1782.309814453125, 276.7380676269531, 1915.3575439453125, 812.5678100585938], [413.4604797363281, 265.1246032714844, 707.2171020507812, 860.8847045898438], [1337.2222900390625, 474.63446044921875, 1409.0860595703125, 665.9251098632812], [119.21269989013672, 498.8200378417969, 191.96775817871094, 740.7716674804688], [18.482269287109375, 501.6145935058594, 122.57628631591797, 752.5223388671875], [1384.2061767578125, 488.97430419921875, 1430.4796142578125, 661.494140625]]","[0.80322265625, 0.82861328125, 0.8662109375, 0.343017578125, 0.42041015625, 0.439208984375, 0.288818359375]","[[1659.0242919921875, 793.6764526367188], [1848.8336791992188, 812.5678100585938], [560.3387908935547, 860.8847045898438], [1373.1541748046875, 665.9251098632812], [155.59022903442383, 740.7716674804688], [70.52927780151367, 752.5223388671875], [1407.3428955078125, 661.494140625]]",424689664,410255360,424689664,640,yolo26n_int8_640_ncnn_model,MOT17-09
55,80.96349300012662,0.0,8,"[1, 5, 15, 4, 6, 57, 48, 3]","[[1572.0909423828125, 350.1021423339844, 1747.9639892578125, 794.825439453125], [1781.5228271484375, 275.8772888183594, 1916.599853515625, 818.87890625], [419.82977294921875, 265.1410827636719, 715.3511352539062, 858.95703125], [1338.27783203125, 473.0950927734375, 1410.97802734375, 667.19140625], [120.05950164794922, 515.0453491210938, 189.44338989257812, 745.88671875], [21.463651657104492, 498.6263732910156, 126.07327270507812, 755.59423828125], [1384.184814453125, 489.6435852050781, 1430.4683837890625, 661.8351440429688], [363.87542724609375, 447.2928771972656, 458.62603759765625, 707.6471557617188]]","[0.7421875, 0.82470703125, 0.85888671875, 0.3837890625, 0.393798828125, 0.381591796875, 0.2919921875, 0.339599609375]","[[1660.0274658203125, 794.825439453125], [1849.0613403320312, 818.87890625], [567.5904541015625, 858.95703125], [1374.6279296875, 667.19140625], [154.75144577026367, 745.88671875], [73.76846218109131, 755.59423828125], [1407.3265991210938, 661.8351440429688], [411.250732421875, 707.6471557617188]]",424689664,410255360,424689664,640,yolo26n_int8_640_ncnn_model,MOT17-09
56,81.04367900000398,0.0,8,"[1, 5, 15, 4, 6, 57, 48, 3]","[[1571.7186279296875, 353.6234436035156, 1747.3079833984375, 797.942138671875], [1779.0997314453125, 276.10162353515625, 1913.3392333984375, 810.9090576171875], [429.04400634765625, 265.3327941894531, 726.394287109375, 858.0891723632812], [1338.5086669921875, 472.2485046386719, 1410.9014892578125, 666.9367065429688], [121.81695556640625, 521.3861694335938, 189.29689025878906, 743.537841796875], [22.647212982177734, 495.2832336425781, 126.5213851928711, 755.0125732421875], [1382.141845703125, 488.6290588378906, 1428.4559326171875, 661.2347412109375], [367.502685546875, 445.8954772949219, 465.64715576171875, 709.5191650390625]]","[0.69970703125, 0.8232421875, 0.83544921875, 0.348388671875, 0.353759765625, 0.432373046875, 0.297119140625, 0.456787109375]","[[1659.5133056640625, 797.942138671875], [1846.219482421875, 810.9090576171875], [577.7191467285156, 858.0891723632812], [1374.705078125, 666.9367065429688], [155.55692291259766, 743.537841796875], [74.58429908752441, 755.0125732421875], [1405.2988891601562, 661.2347412109375], [416.5749206542969, 709.5191650390625]]",424689664,410255360,424689664,640,yolo26n_int8_640_ncnn_model,MOT17-09
57,80.803011999933,0.0,8,"[1, 5, 15, 4, 6, 57, 48, 3]","[[1570.0244140625, 354.74566650390625, 1746.8221435546875, 801.3173217773438], [1773.212646484375, 277.3828125, 1909.1527099609375, 809.632568359375], [446.5557861328125, 264.0901794433594, 740.7520141601562, 854.1167602539062], [1337.54638671875, 471.6742248535156, 1408.956298828125, 666.09375], [122.40943145751953, 532.0076904296875, 187.3568572998047, 742.4385986328125], [25.369718551635742, 496.9620666503906, 126.7464370727539, 754.7747802734375], [1383.2930908203125, 488.23260498046875, 1429.732177734375, 661.0247802734375], [372.0050964355469, 433.1312561035156, 474.6688232421875, 707.7192993164062]]","[0.666015625, 0.8232421875, 0.81005859375, 0.31005859375, 0.395751953125, 0.42041015625, 0.29541015625, 0.49951171875]","[[1658.4232788085938, 801.3173217773438], [1841.1826782226562, 809.632568359375], [593.6539001464844, 854.1167602539062], [1373.2513427734375, 666.09375], [154.8831443786621, 742.4385986328125], [76.05807781219482, 754.7747802734375], [1406.5126342773438, 661.0247802734375], [423.3369598388672, 707.7192993164062]]",424689664,410255360,424689664,640,yolo26n_int8_640_ncnn_model,MOT17-09
58,81.19878900015465,0.0,9,"[1, 5, 15, 4, 6, 57, 48, 3, 68]","[[1564.1107177734375, 352.2208251953125, 1740.2276611328125, 799.5925903320312], [1768.2103271484375, 277.6696472167969, 1906.467529296875, 808.3899536132812], [461.7949523925781, 258.69415283203125, 752.7525024414062, 851.603515625], [1337.3851318359375, 471.7044982910156, 1408.0177001953125, 665.5247192382812], [122.23345184326172, 532.66064453125, 187.39544677734375, 741.0313110351562], [25.746843338012695, 494.392333984375, 126.41752624511719, 754.9195556640625], [1382.6563720703125, 487.57501220703125, 1429.2703857421875, 661.4588012695312], [375.973388671875, 430.5484313964844, 480.0509948730469, 706.8218383789062], [1321.525146484375, 541.8319091796875, 1363.625244140625, 664.1597290039062]]","[0.6640625, 0.83935546875, 0.79150390625, 0.309814453125, 0.31640625, 0.44140625, 0.30322265625, 0.5625, 0.25927734375]","[[1652.169189453125, 799.5925903320312], [1837.3389282226562, 808.3899536132812], [607.2737274169922, 851.603515625], [1372.701416015625, 665.5247192382812], [154.81444931030273, 741.0313110351562], [76.08218479156494, 754.9195556640625], [1405.96337890625, 661.4588012695312], [428.01219177246094, 706.8218383789062], [1342.5751953125, 664.1597290039062]]",424689664,410255360,424689664,640,yolo26n_int8_640_ncnn_model,MOT17-09
59,81.09854799999994,0.0,10,"[1, 5, 15, 4, 6, 57, 48, 3, 84, 68]","[[1560.4964599609375, 353.9859313964844, 1739.2550048828125, 808.023681640625], [1767.3839111328125, 273.9809875488281, 1908.458740234375, 807.7847290039062], [482.32208251953125, 247.44186401367188, 771.1737060546875, 850.0126953125], [1341.167724609375, 479.4044494628906, 1408.7916259765625, 663.5759887695312], [121.12161254882812, 535.8367919921875, 186.41336059570312, 741.5677490234375], [26.52998924255371, 493.6802673339844, 124.3530502319336, 749.7872924804688], [1383.65185546875, 489.30401611328125, 1429.821044921875, 661.635009765625], [375.09027099609375, 429.6162109375, 480.0019226074219, 706.5133056640625], [35.750083923339844, 573.2999877929688, 112.80616760253906, 752.4000244140625], [1321.1783447265625, 540.5806884765625, 1363.86669921875, 664.37646484375]]","[0.57470703125, 0.8291015625, 0.76025390625, 0.349853515625, 0.346923828125, 0.41162109375, 0.28173828125, 0.63037109375, 0.34033203125, 0.28125]","[[1649.875732421875, 808.023681640625], [1837.9213256835938, 807.7847290039062], [626.7478942871094, 850.0126953125], [1374.9796752929688, 663.5759887695312], [153.76748657226562, 741.5677490234375], [75.44151973724365, 749.7872924804688], [1406.7364501953125, 661.635009765625], [427.5460968017578, 706.5133056640625], [74.27812576293945, 752.4000244140625], [1342.5225219726562, 664.37646484375]]",424689664,410255360,424689664,640,yolo26n_int8_640_ncnn_model,MOT17-09
60,81.36223400015297,0.0,10,"[1, 5, 15, 4, 6, 57, 48, 3, 84, 68]","[[1544.5712890625, 349.1373596191406, 1722.1658935546875, 803.9223022460938], [1763.86865234375, 273.74322509765625, 1908.5634765625, 815.3343505859375], [523.4649047851562, 244.45945739746094, 807.3985595703125, 856.1751708984375], [1340.6728515625, 475.51275634765625, 1410.034423828125, 664.6090087890625], [120.73400115966797, 533.5678100585938, 187.54666137695312, 742.0430297851562], [26.231098175048828, 498.1551208496094, 121.40095520019531, 750.056884765625], [1384.0428466796875, 490.201416015625, 1429.9927978515625, 661.4649047851562], [377.05474853515625, 433.4974365234375, 482.4073181152344, 708.14794921875], [33.66023254394531, 564.984619140625, 115.8632583618164, 756.3267211914062], [1321.2320556640625, 541.1766967773438, 1363.7791748046875, 664.4447631835938]]","[0.595703125, 0.87060546875, 0.76806640625, 0.380615234375, 0.363037109375, 0.456298828125, 0.279541015625, 0.62255859375, 0.268798828125, 0.269775390625]","[[1633.3685913085938, 803.9223022460938], [1836.216064453125, 815.3343505859375], [665.4317321777344, 856.1751708984375], [1375.3536376953125, 664.6090087890625], [154.14033126831055, 742.0430297851562], [73.81602668762207, 750.056884765625], [1407.017822265625, 661.4649047851562], [429.7310333251953, 708.14794921875], [74.76174545288086, 756.3267211914062], [1342.505615234375, 664.4447631835938]]",424689664,410255360,424689664,640,yolo26n_int8_640_ncnn_model,MOT17-09
61,80.62303099995916,0.0,10,"[1, 5, 15, 4, 6, 57, 48, 3, 84, 68]","[[1541.55517578125, 342.7297668457031, 1720.6434326171875, 802.8978271484375], [1762.11572265625, 273.45220947265625, 1909.1153564453125, 818.426025390625], [556.0775146484375, 245.8278045654297, 836.005126953125, 864.0156860351562], [1339.47412109375, 473.1211242675781, 1409.5211181640625, 664.9827880859375], [120.81731414794922, 533.6521606445312, 188.2342529296875, 742.2301635742188], [27.299787521362305, 494.10162353515625, 122.67667388916016, 748.9235229492188], [1383.1392822265625, 490.2759094238281, 1429.0897216796875, 661.6595458984375], [376.16571044921875, 436.0350036621094, 481.34228515625, 708.8076782226562], [33.40939712524414, 563.84619140625, 114.96548461914062, 753.7218017578125], [1321.14453125, 540.9036254882812, 1363.8546142578125, 664.9695434570312]]","[0.6826171875, 0.85986328125, 0.77587890625, 0.31591796875, 0.33251953125, 0.474853515625, 0.294921875, 0.63232421875, 0.260009765625, 0.311767578125]","[[1631.0993041992188, 802.8978271484375], [1835.6155395507812, 818.426025390625], [696.0413208007812, 864.0156860351562], [1374.4976196289062, 664.9827880859375], [154.52578353881836, 742.2301635742188], [74.98823070526123, 748.9235229492188], [1406.114501953125, 661.6595458984375], [428.7539978027344, 708.8076782226562], [74.18744087219238, 753.7218017578125], [1342.4995727539062, 664.9695434570312]]",424689664,410255360,424689664,640,yolo26n_int8_640_ncnn_model,MOT17-09
62,81.4843830000882,0.0,9,"[1, 5, 15, 4, 6, 57, 3, 84, 68]","[[1534.0198974609375, 341.6812744140625, 1714.935302734375, 803.08544921875], [1761.5731201171875, 269.8159484863281, 1911.273193359375, 820.1859741210938], [578.2969360351562, 256.6141052246094, 847.558349609375, 857.8091430664062], [1339.45166015625, 472.2040710449219, 1409.8731689453125, 665.1299438476562], [120.1655502319336, 531.3280029296875, 188.79248046875, 742.5653686523438], [26.985397338867188, 491.6105041503906, 122.15819549560547, 748.5132446289062], [381.6177062988281, 431.1058654785156, 488.34283447265625, 708.0925903320312], [33.55669403076172, 562.3973999023438, 114.87195587158203, 751.830810546875], [1321.1806640625, 540.8004150390625, 1363.8143310546875, 665.1668701171875]]","[0.78466796875, 0.8505859375, 0.77587890625, 0.344970703125, 0.299560546875, 0.46630859375, 0.6435546875, 0.2705078125, 0.310791015625]","[[1624.4776000976562, 803.08544921875], [1836.4231567382812, 820.1859741210938], [712.9276428222656, 857.8091430664062], [1374.6624145507812, 665.1299438476562], [154.4790153503418, 742.5653686523438], [74.57179641723633, 748.5132446289062], [434.9802703857422, 708.0925903320312], [74.21432495117188, 751.830810546875], [1342.4974975585938, 665.1668701171875]]",424689664,410255360,424689664,640,yolo26n_int8_640_ncnn_model,MOT17-09
63,81.95580799997515,0.0,9,"[1, 5, 15, 4, 6, 57, 3, 68, 48]","[[1524.072998046875, 342.4394836425781, 1708.29736328125, 810.8792114257812], [1755.8797607421875, 271.180908203125, 1907.3385009765625, 816.14013671875], [606.9385986328125, 259.7945251464844, 870.94384765625, 853.4520874023438], [1337.1414794921875, 471.8569641113281, 1407.3665771484375, 666.177734375], [117.28516387939453, 522.4309692382812, 189.6400604248047, 746.6820068359375], [26.894100189208984, 497.8476867675781, 120.59518432617188, 753.0675048828125], [387.1649475097656, 436.15911865234375, 493.24273681640625, 710.7863159179688], [1321.3809814453125, 542.2495727539062, 1363.613037109375, 665.7359619140625], [1383.754150390625, 489.9564208984375, 1430.0118408203125, 662.0975952148438]]","[0.669921875, 0.83642578125, 0.7646484375, 0.312744140625, 0.341796875, 0.442138671875, 0.62548828125, 0.302734375, 0.3046875]","[[1616.1851806640625, 810.8792114257812], [1831.609130859375, 816.14013671875], [738.9412231445312, 853.4520874023438], [1372.2540283203125, 666.177734375], [153.4626121520996, 746.6820068359375], [73.74464225769043, 753.0675048828125], [440.20384216308594, 710.7863159179688], [1342.4970092773438, 665.7359619140625], [1406.8829956054688, 662.0975952148438]]",424689664,410255360,424689664,640,yolo26n_int8_640_ncnn_model,MOT17-09
64,81.03632699999253,0.0,9,"[1, 5, 15, 4, 6, 57, 3, 68, 48]","[[1520.730224609375, 337.8626708984375, 1705.6314697265625, 805.9521484375], [1750.989013671875, 267.057373046875, 1906.1572265625, 814.2913818359375], [622.0590209960938, 251.84426879882812, 885.7037353515625, 847.0106811523438], [1338.5264892578125, 471.9776916503906, 1409.09619140625, 667.3162841796875], [118.26716613769531, 511.5714111328125, 193.13406372070312, 743.098876953125], [26.121929168701172, 494.0346374511719, 120.26549530029297, 752.0830688476562], [392.0735778808594, 433.69866943359375, 498.5743713378906, 712.3379516601562], [1321.44189453125, 542.3002319335938, 1363.55224609375, 665.4512329101562], [1383.7049560546875, 488.8045654296875, 1430.3623046875, 662.2447509765625]]","[0.78271484375, 0.83203125, 0.794921875, 0.339599609375, 0.35693359375, 0.50634765625, 0.6611328125, 0.298095703125, 0.2783203125]","[[1613.1808471679688, 805.9521484375], [1828.5731201171875, 814.2913818359375], [753.8813781738281, 847.0106811523438], [1373.8113403320312, 667.3162841796875], [155.70061492919922, 743.098876953125], [73.19371223449707, 752.0830688476562], [445.323974609375, 712.3379516601562], [1342.4970703125, 665.4512329101562], [1407.0336303710938, 662.2447509765625]]",424689664,410255360,424689664,640,yolo26n_int8_640_ncnn_model,MOT17-09
65,81.18225300017912,0.0,9,"[1, 5, 15, 4, 6, 57, 3, 68, 48]","[[1516.6219482421875, 341.20111083984375, 1703.8626708984375, 811.7586669921875], [1746.1302490234375, 265.546875, 1904.884033203125, 813.5755004882812], [634.9075927734375, 259.9300842285156, 894.5514526367188, 844.547119140625], [1343.505126953125, 480.66729736328125, 1410.251708984375, 664.0432739257812], [116.82527923583984, 513.1734008789062, 191.8172607421875, 746.5628051757812], [28.164064407348633, 493.8382263183594, 122.2960433959961, 755.4127197265625], [397.60272216796875, 435.25335693359375, 502.13128662109375, 711.4508666992188], [1320.8974609375, 541.5678100585938, 1363.102783203125, 665.091796875], [1383.7271728515625, 489.1383972167969, 1430.4400634765625, 662.5425415039062]]","[0.79638671875, 0.83935546875, 0.8193359375, 0.31494140625, 0.32421875, 0.425537109375, 0.6220703125, 0.339111328125, 0.275634765625]","[[1610.2423095703125, 811.7586669921875], [1825.5071411132812, 813.5755004882812], [764.7295227050781, 844.547119140625], [1376.87841796875, 664.0432739257812], [154.32126998901367, 746.5628051757812], [75.23005390167236, 755.4127197265625], [449.86700439453125, 711.4508666992188], [1342.0001220703125, 665.091796875], [1407.0836181640625, 662.5425415039062]]",424689664,410255360,424689664,640,yolo26n_int8_640_ncnn_model,MOT17-09
66,81.08302999994521,0.0,10,"[1, 5, 15, 4, 6, 57, 3, 68, 48, 84]","[[1515.1107177734375, 340.1771240234375, 1699.5179443359375, 806.4185791015625], [1741.697998046875, 262.06378173828125, 1904.64404296875, 813.2896728515625], [646.5079956054688, 275.0047912597656, 901.4388427734375, 843.706787109375], [1345.3961181640625, 484.7919616699219, 1410.7362060546875, 663.0218505859375], [119.39875793457031, 524.6148071289062, 190.23947143554688, 743.0108642578125], [29.81423568725586, 495.49591064453125, 122.17138671875, 754.9486694335938], [400.94189453125, 426.4757995605469, 506.4811096191406, 709.6268310546875], [1320.3818359375, 543.0244140625, 1362.2545166015625, 665.2028198242188], [1383.0047607421875, 490.01141357421875, 1429.2039794921875, 661.9069213867188], [36.014678955078125, 562.35888671875, 116.28362274169922, 750.8352661132812]]","[0.75537109375, 0.84765625, 0.8173828125, 0.365234375, 0.378662109375, 0.39208984375, 0.6162109375, 0.307861328125, 0.29150390625, 0.296630859375]","[[1607.3143310546875, 806.4185791015625], [1823.1710205078125, 813.2896728515625], [773.9734191894531, 843.706787109375], [1378.066162109375, 663.0218505859375], [154.8191146850586, 743.0108642578125], [75.99281120300293, 754.9486694335938], [453.7115020751953, 709.6268310546875], [1341.3181762695312, 665.2028198242188], [1406.1043701171875, 661.9069213867188], [76.14915084838867, 750.8352661132812]]",424689664,410255360,424689664,640,yolo26n_int8_640_ncnn_model,MOT17-09
67,80.90699400008816,0.0,11,"[1, 5, 15, 4, 6, 57, 3, 68, 48, 89, 84]","[[1513.4072265625, 342.4241943359375, 1697.3597412109375, 811.6248779296875], [1737.0098876953125, 256.7290344238281, 1904.732666015625, 813.2952880859375], [654.678466796875, 277.5677490234375, 910.6361083984375, 842.47705078125], [1345.9461669921875, 486.5015869140625, 1411.022216796875, 662.407958984375], [119.45555114746094, 529.1150512695312, 189.17657470703125, 741.6103515625], [29.830810546875, 496.38934326171875, 121.52466583251953, 756.4888916015625], [406.5049133300781, 435.2137145996094, 507.05633544921875, 708.7046508789062], [1320.085205078125, 542.3274536132812, 1362.040771484375, 664.4963989257812], [1382.677734375, 490.34442138671875, 1428.775146484375, 661.6604614257812], [247.66539001464844, 472.95001220703125, 313.6346130371094, 703.0499877929688], [34.640323638916016, 558.327880859375, 116.24281311035156, 750.7826538085938]]","[0.7294921875, 0.853515625, 0.798828125, 0.35009765625, 0.338623046875, 0.424560546875, 0.5869140625, 0.302734375, 0.2685546875, 0.359130859375, 0.263916015625]","[[1605.3834838867188, 811.6248779296875], [1820.8712768554688, 813.2952880859375], [782.6572875976562, 842.47705078125], [1378.4841918945312, 662.407958984375], [154.3160629272461, 741.6103515625], [75.67773818969727, 756.4888916015625], [456.78062438964844, 708.7046508789062], [1341.06298828125, 664.4963989257812], [1405.7264404296875, 661.6604614257812], [280.6500015258789, 703.0499877929688], [75.44156837463379, 750.7826538085938]]",424689664,410255360,424689664,640,yolo26n_int8_640_ncnn_model,MOT17-09
68,81.37786399993274,0.0,11,"[1, 5, 15, 4, 6, 57, 3, 68, 48, 89, 84]","[[1514.51904296875, 344.65411376953125, 1700.9849853515625, 824.0342407226562], [1733.1881103515625, 250.0902557373047, 1905.4639892578125, 813.0438232421875], [665.7686767578125, 279.8045959472656, 922.7741088867188, 840.7140502929688], [1344.8270263671875, 486.3262634277344, 1410.404052734375, 662.9500122070312], [119.83043670654297, 532.7324829101562, 188.93658447265625, 741.1094970703125], [30.392087936401367, 495.49005126953125, 120.94252014160156, 754.33642578125], [411.60003662109375, 438.6944274902344, 509.5001525878906, 706.3635864257812], [1320.3431396484375, 541.8121948242188, 1362.595703125, 664.4805908203125], [1382.6329345703125, 490.7164611816406, 1428.5318603515625, 661.3173217773438], [251.55224609375, 469.1540832519531, 319.2950744628906, 704.5453491210938], [34.092411041259766, 555.7734985351562, 116.27857971191406, 751.0106201171875]]","[0.7060546875, 0.8583984375, 0.7431640625, 0.31787109375, 0.338623046875, 0.427734375, 0.59912109375, 0.30517578125, 0.297607421875, 0.452392578125, 0.256591796875]","[[1607.7520141601562, 824.0342407226562], [1819.3260498046875, 813.0438232421875], [794.2713928222656, 840.7140502929688], [1377.6155395507812, 662.9500122070312], [154.3835105895996, 741.1094970703125], [75.66730403900146, 754.33642578125], [460.5500946044922, 706.3635864257812], [1341.4694213867188, 664.4805908203125], [1405.5823974609375, 661.3173217773438], [285.4236602783203, 704.5453491210938], [75.18549537658691, 751.0106201171875]]",424689664,410255360,424689664,640,yolo26n_int8_640_ncnn_model,MOT17-09
69,81.02691899989622,0.0,10,"[1, 5, 15, 4, 6, 57, 3, 68, 48, 89]","[[1514.809814453125, 346.2485656738281, 1700.7587890625, 825.9874877929688], [1729.916748046875, 247.64015197753906, 1905.7275390625, 812.9415893554688], [666.9835205078125, 286.1784362792969, 924.9119262695312, 848.521484375], [1344.5242919921875, 486.7197570800781, 1410.0433349609375, 662.6597900390625], [118.03012084960938, 533.2654418945312, 188.3949737548828, 745.7158813476562], [30.178476333618164, 494.8999938964844, 120.37501525878906, 753.7529907226562], [414.50042724609375, 439.9978332519531, 511.1587219238281, 705.51025390625], [1320.4129638671875, 541.3676147460938, 1362.8409423828125, 664.7244873046875], [1379.9744873046875, 483.6488037109375, 1428.0994873046875, 662.4293823242188], [252.96942138671875, 466.7113952636719, 321.9911193847656, 705.054443359375]]","[0.7158203125, 0.853515625, 0.78759765625, 0.341552734375, 0.33056640625, 0.378662109375, 0.5927734375, 0.333740234375, 0.281982421875, 0.482177734375]","[[1607.7843017578125, 825.9874877929688], [1817.8221435546875, 812.9415893554688], [795.9477233886719, 848.521484375], [1377.2838134765625, 662.6597900390625], [153.2125473022461, 745.7158813476562], [75.27674579620361, 753.7529907226562], [462.82957458496094, 705.51025390625], [1341.626953125, 664.7244873046875], [1404.0369873046875, 662.4293823242188], [287.4802703857422, 705.054443359375]]",424689664,410255360,424689664,640,yolo26n_int8_640_ncnn_model,MOT17-09
70,81.11529000007067,0.0,11,"[1, 5, 15, 4, 6, 57, 3, 68, 48, 89, 84]","[[1507.9449462890625, 341.0872497558594, 1694.12451171875, 826.51611328125], [1723.5098876953125, 256.0345458984375, 1903.248779296875, 825.3301391601562], [684.3809204101562, 288.9551086425781, 936.5782470703125, 842.0003051757812], [1345.1982421875, 486.8226623535156, 1411.1036376953125, 662.5603637695312], [118.75423431396484, 535.9052734375, 188.05551147460938, 742.9395141601562], [30.417316436767578, 499.6340637207031, 119.13748168945312, 754.5189208984375], [416.4604797363281, 436.23504638671875, 514.6527709960938, 706.4632568359375], [1320.10791015625, 541.6941528320312, 1362.28076171875, 664.3231201171875], [1381.666015625, 489.7982482910156, 1428.1864013671875, 661.866943359375], [257.6816101074219, 466.5885314941406, 326.9389343261719, 703.5076904296875], [32.790828704833984, 560.0217895507812, 115.72958374023438, 757.5473022460938]]","[0.60888671875, 0.82861328125, 0.79833984375, 0.35693359375, 0.346435546875, 0.349365234375, 0.62890625, 0.3154296875, 0.301513671875, 0.5029296875, 0.29345703125]","[[1601.0347290039062, 826.51611328125], [1813.3793334960938, 825.3301391601562], [810.4795837402344, 842.0003051757812], [1378.1509399414062, 662.5603637695312], [153.4048728942871, 742.9395141601562], [74.77739906311035, 754.5189208984375], [465.55662536621094, 706.4632568359375], [1341.1943359375, 664.3231201171875], [1404.9262084960938, 661.866943359375], [292.3102722167969, 703.5076904296875], [74.26020622253418, 757.5473022460938]]",424689664,410255360,424689664,640,yolo26n_int8_640_ncnn_model,MOT17-09
71,80.93451199988522,0.0,10,"[1, 5, 15, 4, 6, 57, 3, 68, 48, 89]","[[1502.8311767578125, 340.73199462890625, 1686.462158203125, 827.0064086914062], [1717.5318603515625, 261.64727783203125, 1900.0789794921875, 832.6107788085938], [699.3047485351562, 286.3590393066406, 946.3740844726562, 834.06103515625], [1341.5704345703125, 476.5843505859375, 1412.3670654296875, 665.7785034179688], [118.96588134765625, 535.0883178710938, 188.75697326660156, 741.6140747070312], [30.73185157775879, 500.9319152832031, 119.10863494873047, 755.3041381835938], [417.6828918457031, 437.0602111816406, 516.25830078125, 707.5750122070312], [1319.8863525390625, 541.5704345703125, 1362.1790771484375, 664.4202270507812], [1376.5498046875, 483.52276611328125, 1427.0262451171875, 668.388671875], [258.4649658203125, 469.90875244140625, 328.6070251464844, 706.2021484375]]","[0.67919921875, 0.8134765625, 0.708984375, 0.343505859375, 0.368896484375, 0.402587890625, 0.63427734375, 0.319580078125, 0.27294921875, 0.4951171875]","[[1594.6466674804688, 827.0064086914062], [1808.805419921875, 832.6107788085938], [822.8394165039062, 834.06103515625], [1376.96875, 665.7785034179688], [153.8614273071289, 741.6140747070312], [74.92024326324463, 755.3041381835938], [466.97059631347656, 707.5750122070312], [1341.03271484375, 664.4202270507812], [1401.7880249023438, 668.388671875], [293.53599548339844, 706.2021484375]]",424689664,410255360,424689664,640,yolo26n_int8_640_ncnn_model,MOT17-09
72,81.2495120001131,0.0,10,"[1, 5, 15, 4, 6, 57, 3, 68, 48, 89]","[[1499.818603515625, 343.4519348144531, 1680.9044189453125, 829.2024536132812], [1713.3262939453125, 261.4954528808594, 1898.988037109375, 835.6986694335938], [714.08203125, 282.4111022949219, 955.7068481445312, 829.0493774414062], [1343.9981689453125, 482.75506591796875, 1411.973876953125, 663.8108520507812], [118.74235534667969, 536.4918823242188, 188.57077026367188, 741.3804321289062], [30.826358795166016, 499.90899658203125, 118.36298370361328, 751.1176147460938], [420.0362548828125, 438.6242370605469, 520.1815795898438, 711.7333984375], [1319.9041748046875, 541.7714233398438, 1362.0472412109375, 664.2108154296875], [1374.7601318359375, 481.0201416015625, 1426.554443359375, 670.0153198242188], [256.19268798828125, 471.642578125, 327.74774169921875, 708.7107543945312]]","[0.68798828125, 0.7939453125, 0.701171875, 0.35546875, 0.396240234375, 0.453857421875, 0.66650390625, 0.344970703125, 0.28369140625, 0.498046875]","[[1590.3615112304688, 829.2024536132812], [1806.1571655273438, 835.6986694335938], [834.8944396972656, 829.0493774414062], [1377.9860229492188, 663.8108520507812], [153.65656280517578, 741.3804321289062], [74.59467124938965, 751.1176147460938], [470.1089172363281, 711.7333984375], [1340.9757080078125, 664.2108154296875], [1400.6572875976562, 670.0153198242188], [291.97021484375, 708.7107543945312]]",424689664,410255360,424689664,640,yolo26n_int8_640_ncnn_model,MOT17-09
73,82.1136239999305,0.0,10,"[1, 5, 15, 4, 6, 57, 3, 68, 48, 89]","[[1498.0689697265625, 341.1780700683594, 1679.669189453125, 832.305419921875], [1707.693359375, 260.3529357910156, 1896.8719482421875, 841.8435668945312], [735.4148559570312, 282.1220703125, 970.2748413085938, 826.0240478515625], [1344.0125732421875, 485.7716064453125, 1410.763671875, 662.5037231445312], [118.4144287109375, 533.2159423828125, 189.74830627441406, 741.052001953125], [34.444461822509766, 500.5007629394531, 121.09844207763672, 752.52783203125], [422.140380859375, 437.9822082519531, 523.2029418945312, 709.600830078125], [1320.12255859375, 541.3507690429688, 1362.786865234375, 664.6300048828125], [1378.5013427734375, 487.5926513671875, 1426.8135986328125, 664.064208984375], [259.3375244140625, 471.4914245605469, 332.0800476074219, 708.2745361328125]]","[0.68701171875, 0.837890625, 0.68310546875, 0.32568359375, 0.39111328125, 0.486328125, 0.68212890625, 0.328125, 0.28759765625, 0.4931640625]","[[1588.8690795898438, 832.305419921875], [1802.2826538085938, 841.8435668945312], [852.8448486328125, 826.0240478515625], [1377.3881225585938, 662.5037231445312], [154.08136749267578, 741.052001953125], [77.77145195007324, 752.52783203125], [472.6716613769531, 709.600830078125], [1341.4547119140625, 664.6300048828125], [1402.657470703125, 664.064208984375], [295.7087860107422, 708.2745361328125]]",424689664,410255360,424689664,640,yolo26n_int8_640_ncnn_model,MOT17-09
74,82.6405310001519,0.0,10,"[1, 5, 15, 4, 6, 57, 3, 68, 48, 89]","[[1497.67138671875, 337.1333923339844, 1679.1802978515625, 831.6905517578125], [1702.812255859375, 258.83502197265625, 1895.0482177734375, 849.1327514648438], [745.8814697265625, 279.9580078125, 976.1184692382812, 825.9932861328125], [1344.3709716796875, 486.872802734375, 1410.9537353515625, 662.0233154296875], [118.70756530761719, 530.2339477539062, 191.25936889648438, 740.6895751953125], [36.4376106262207, 498.72216796875, 122.6990737915039, 753.060791015625], [421.7131042480469, 436.49578857421875, 524.8410034179688, 710.0211791992188], [1320.5306396484375, 540.6978149414062, 1363.73388671875, 665.2838134765625], [1375.972412109375, 482.45550537109375, 1426.96728515625, 667.4342651367188], [259.9897766113281, 467.0772705078125, 335.5207824707031, 709.3509521484375]]","[0.71826171875, 0.8271484375, 0.6435546875, 0.325927734375, 0.409912109375, 0.487060546875, 0.669921875, 0.323486328125, 0.292236328125, 0.471435546875]","[[1588.4258422851562, 831.6905517578125], [1798.9302368164062, 849.1327514648438], [860.9999694824219, 825.9932861328125], [1377.662353515625, 662.0233154296875], [154.98346710205078, 740.6895751953125], [79.5683422088623, 753.060791015625], [473.2770538330078, 710.0211791992188], [1342.1322631835938, 665.2838134765625], [1401.4698486328125, 667.4342651367188], [297.7552795410156, 709.3509521484375]]",424689664,410255360,424689664,640,yolo26n_int8_640_ncnn_model,MOT17-09
75,80.8254199998828,0.0,10,"[1, 5, 15, 4, 6, 57, 3, 68, 48, 89]","[[1503.168212890625, 332.90386962890625, 1685.4012451171875, 829.164794921875], [1697.796875, 258.0337219238281, 1891.8037109375, 854.0274047851562], [762.9020385742188, 279.6083068847656, 984.0740356445312, 816.6116333007812], [1342.6116943359375, 486.7575988769531, 1409.9085693359375, 662.352783203125], [118.2957992553711, 530.8184204101562, 190.9894561767578, 740.8088989257812], [33.57859420776367, 499.52679443359375, 119.69827270507812, 753.7584228515625], [421.5126647949219, 435.1985168457031, 525.797119140625, 708.94384765625], [1319.63916015625, 539.2191772460938, 1363.1656494140625, 664.7907104492188], [1373.9422607421875, 481.3624267578125, 1426.2078857421875, 669.8477783203125], [262.2667541503906, 463.2072448730469, 339.8710632324219, 706.9518432617188]]","[0.7333984375, 0.85205078125, 0.6875, 0.369873046875, 0.414794921875, 0.5, 0.69384765625, 0.308837890625, 0.277099609375, 0.451416015625]","[[1594.2847290039062, 829.164794921875], [1794.80029296875, 854.0274047851562], [873.488037109375, 816.6116333007812], [1376.2601318359375, 662.352783203125], [154.64262771606445, 740.8088989257812], [76.6384334564209, 753.7584228515625], [473.65489196777344, 708.94384765625], [1341.4024047851562, 664.7907104492188], [1400.0750732421875, 669.8477783203125], [301.06890869140625, 706.9518432617188]]",424689664,410255360,424689664,640,yolo26n_int8_640_ncnn_model,MOT17-09
76,83.20053100010227,0.0,10,"[1, 5, 15, 4, 6, 57, 3, 68, 48, 89]","[[1503.0035400390625, 328.1235046386719, 1686.3248291015625, 828.3799438476562], [1694.740966796875, 257.9991455078125, 1887.9659423828125, 851.6213989257812], [785.248046875, 274.4262390136719, 1003.0069580078125, 816.187255859375], [1343.0330810546875, 487.1903076171875, 1410.4302978515625, 661.9845581054688], [118.08673858642578, 534.7537841796875, 189.93728637695312, 741.11279296875], [32.17818832397461, 501.0660705566406, 118.3968734741211, 755.7587280273438], [416.9689025878906, 434.46722412109375, 522.0130004882812, 710.76220703125], [1319.450439453125, 538.9083862304688, 1362.79736328125, 664.3546752929688], [1373.1075439453125, 480.7196350097656, 1425.98583984375, 671.0087280273438], [263.72509765625, 457.76910400390625, 343.4804992675781, 704.007080078125]]","[0.6953125, 0.83984375, 0.685546875, 0.3642578125, 0.419677734375, 0.488525390625, 0.6513671875, 0.32177734375, 0.3046875, 0.4453125]","[[1594.6641845703125, 828.3799438476562], [1791.3534545898438, 851.6213989257812], [894.1275024414062, 816.187255859375], [1376.731689453125, 661.9845581054688], [154.01201248168945, 741.11279296875], [75.28753089904785, 755.7587280273438], [469.49095153808594, 710.76220703125], [1341.1239013671875, 664.3546752929688], [1399.5466918945312, 671.0087280273438], [303.60279846191406, 704.007080078125]]",424689664,410255360,424689664,640,yolo26n_int8_640_ncnn_model,MOT17-09
77,80.87445699993623,0.0,10,"[1, 5, 15, 4, 6, 57, 3, 68, 48, 89]","[[1496.2337646484375, 325.2457580566406, 1681.7335205078125, 830.1240234375], [1692.382568359375, 257.76971435546875, 1885.935546875, 852.784912109375], [805.1590576171875, 271.5035705566406, 1020.3298950195312, 806.1848754882812], [1342.481689453125, 485.8348693847656, 1411.3404541015625, 663.3478393554688], [118.15357971191406, 534.4777221679688, 190.38827514648438, 740.9866943359375], [33.35472869873047, 501.6375732421875, 118.54168701171875, 753.5357666015625], [416.0210876464844, 433.95587158203125, 521.1449584960938, 711.696533203125], [1319.4552001953125, 540.2833862304688, 1362.5841064453125, 664.6832275390625], [1378.443359375, 489.0690002441406, 1427.1326904296875, 664.817626953125], [263.9205017089844, 455.0284729003906, 345.25860595703125, 701.6453857421875]]","[0.74365234375, 0.8251953125, 0.75146484375, 0.3544921875, 0.37158203125, 0.454345703125, 0.64111328125, 0.30322265625, 0.3017578125, 0.4794921875]","[[1588.983642578125, 830.1240234375], [1789.1590576171875, 852.784912109375], [912.7444763183594, 806.1848754882812], [1376.9110717773438, 663.3478393554688], [154.27092742919922, 740.9866943359375], [75.94820785522461, 753.5357666015625], [468.58302307128906, 711.696533203125], [1341.0196533203125, 664.6832275390625], [1402.7880249023438, 664.817626953125], [304.5895538330078, 701.6453857421875]]",424689664,410255360,424689664,640,yolo26n_int8_640_ncnn_model,MOT17-09
78,81.42301199995927,0.0,10,"[1, 5, 15, 4, 6, 57, 3, 68, 48, 89]","[[1489.764404296875, 323.5928039550781, 1676.155517578125, 829.3958129882812], [1690.854248046875, 256.35174560546875, 1886.0040283203125, 857.4417724609375], [827.2255249023438, 273.1496276855469, 1045.06982421875, 804.7822265625], [1340.921875, 485.3141174316406, 1411.0552978515625, 663.8599853515625], [117.81979370117188, 536.09375, 191.28736877441406, 745.1721801757812], [34.33707046508789, 499.8472900390625, 119.4867935180664, 753.6793212890625], [419.3255920410156, 432.78826904296875, 526.4037475585938, 713.0338134765625], [1319.8826904296875, 540.5657348632812, 1363.07568359375, 665.057373046875], [1375.9132080078125, 485.03594970703125, 1425.1649169921875, 664.6177978515625], [268.31512451171875, 453.0677490234375, 351.1286315917969, 701.7526245117188]]","[0.75244140625, 0.81787109375, 0.76318359375, 0.359619140625, 0.36669921875, 0.45458984375, 0.71484375, 0.253173828125, 0.2841796875, 0.513671875]","[[1582.9599609375, 829.3958129882812], [1788.4291381835938, 857.4417724609375], [936.1476745605469, 804.7822265625], [1375.9885864257812, 663.8599853515625], [154.55358123779297, 745.1721801757812], [76.91193199157715, 753.6793212890625], [472.8646697998047, 713.0338134765625], [1341.4791870117188, 665.057373046875], [1400.5390625, 664.6177978515625], [309.7218780517578, 701.7526245117188]]",424689664,410255360,424689664,640,yolo26n_int8_640_ncnn_model,MOT17-09
79,80.64290199990864,0.0,9,"[1, 5, 15, 4, 6, 57, 3, 48, 89]","[[1486.2620849609375, 319.5802307128906, 1673.2647705078125, 826.6087036132812], [1689.3603515625, 253.7479705810547, 1887.1322021484375, 865.138671875], [837.3704833984375, 280.1394958496094, 1057.1988525390625, 804.0198364257812], [1342.4903564453125, 485.59881591796875, 1412.7445068359375, 663.559326171875], [116.54063415527344, 532.969970703125, 190.30401611328125, 742.536865234375], [35.766727447509766, 498.6740417480469, 120.37594604492188, 754.2276000976562], [423.2247619628906, 432.8521423339844, 530.0809326171875, 709.0996704101562], [1379.1353759765625, 490.03436279296875, 1426.2874755859375, 662.0762329101562], [277.5208740234375, 457.8501892089844, 358.5124816894531, 701.3112182617188]]","[0.76171875, 0.8173828125, 0.748046875, 0.337646484375, 0.385498046875, 0.453125, 0.72314453125, 0.279052734375, 0.51123046875]","[[1579.763427734375, 826.6087036132812], [1788.2462768554688, 865.138671875], [947.28466796875, 804.0198364257812], [1377.617431640625, 663.559326171875], [153.42232513427734, 742.536865234375], [78.07133674621582, 754.2276000976562], [476.65284729003906, 709.0996704101562], [1402.71142578125, 662.0762329101562], [318.0166778564453, 701.3112182617188]]",424689664,410255360,424689664,640,yolo26n_int8_640_ncnn_model,MOT17-09
80,81.45769799989466,0.0,10,"[1, 5, 15, 4, 6, 57, 3, 48, 89, 68]","[[1483.3033447265625, 319.4744567871094, 1672.022705078125, 827.1151123046875], [1686.574462890625, 255.22927856445312, 1886.0316162109375, 872.3812255859375], [845.0882568359375, 288.5167541503906, 1065.51220703125, 806.1296997070312], [1341.93017578125, 484.7046813964844, 1412.5594482421875, 662.45068359375], [117.06795501708984, 524.5772705078125, 192.8779296875, 740.781982421875], [36.14531707763672, 495.2604064941406, 121.28981018066406, 755.4224853515625], [423.6171875, 429.9163513183594, 531.4402465820312, 710.5621948242188], [1377.434814453125, 485.9202575683594, 1425.6622314453125, 663.1140747070312], [284.6557922363281, 461.2663269042969, 366.7236328125, 705.6629638671875], [1319.6497802734375, 540.9927978515625, 1362.5509033203125, 664.9237060546875]]","[0.77001953125, 0.83447265625, 0.8017578125, 0.347412109375, 0.35595703125, 0.462158203125, 0.68017578125, 0.31396484375, 0.5791015625, 0.279296875]","[[1577.6630249023438, 827.1151123046875], [1786.3030395507812, 872.3812255859375], [955.3002319335938, 806.1296997070312], [1377.2448120117188, 662.45068359375], [154.97294235229492, 740.781982421875], [78.71756362915039, 755.4224853515625], [477.5287170410156, 710.5621948242188], [1401.5485229492188, 663.1140747070312], [325.68971252441406, 705.6629638671875], [1341.100341796875, 664.9237060546875]]",424689664,410255360,424689664,640,yolo26n_int8_640_ncnn_model,MOT17-09
81,81.26438299996153,0.0,10,"[1, 5, 15, 4, 6, 57, 3, 48, 89, 68]","[[1480.6025390625, 318.2737731933594, 1671.3602294921875, 828.5177612304688], [1683.3214111328125, 249.94781494140625, 1886.00537109375, 877.9800415039062], [851.4407348632812, 286.3258972167969, 1072.943115234375, 800.2603759765625], [1342.82470703125, 484.85614013671875, 1413.3616943359375, 661.53759765625], [114.80128479003906, 509.4407653808594, 194.96212768554688, 740.3704833984375], [32.69774627685547, 498.3992614746094, 117.15349578857422, 755.3785400390625], [425.206298828125, 427.6054382324219, 532.3636474609375, 710.3714599609375], [1376.844970703125, 484.4319763183594, 1425.415283203125, 663.4927978515625], [288.987548828125, 457.3481750488281, 372.5848693847656, 705.5452270507812], [1319.3330078125, 539.8283081054688, 1362.6998291015625, 665.1387939453125]]","[0.74072265625, 0.8251953125, 0.75732421875, 0.33154296875, 0.38720703125, 0.414794921875, 0.697265625, 0.339111328125, 0.53173828125, 0.267822265625]","[[1575.9813842773438, 828.5177612304688], [1784.6633911132812, 877.9800415039062], [962.1919250488281, 800.2603759765625], [1378.0932006835938, 661.53759765625], [154.88170623779297, 740.3704833984375], [74.92562103271484, 755.3785400390625], [478.78497314453125, 710.3714599609375], [1401.130126953125, 663.4927978515625], [330.7862091064453, 705.5452270507812], [1341.0164184570312, 665.1387939453125]]",424689664,410255360,424689664,640,yolo26n_int8_640_ncnn_model,MOT17-09
82,81.55014199996913,0.0,10,"[1, 5, 15, 4, 6, 57, 3, 48, 89, 68]","[[1474.158935546875, 317.63519287109375, 1666.8668212890625, 831.2447509765625], [1681.8560791015625, 248.6896514892578, 1886.3701171875, 884.1477661132812], [855.5057983398438, 295.59429931640625, 1076.9061279296875, 806.0673217773438], [1337.3594970703125, 476.95465087890625, 1411.5072021484375, 665.1751708984375], [117.00050354003906, 512.604736328125, 195.69314575195312, 740.9389038085938], [32.64884567260742, 498.6297607421875, 117.29766845703125, 756.34521484375], [427.9306640625, 427.4896545410156, 533.4161987304688, 709.5584106445312], [1377.2578125, 484.61181640625, 1425.6844482421875, 663.888916015625], [293.4820861816406, 455.8961486816406, 378.0848083496094, 705.493896484375], [1319.2979736328125, 540.1611328125, 1362.677001953125, 665.4620361328125]]","[0.81005859375, 0.7900390625, 0.76171875, 0.30615234375, 0.362548828125, 0.429443359375, 0.67529296875, 0.294677734375, 0.427978515625, 0.2822265625]","[[1570.5128784179688, 831.2447509765625], [1784.1130981445312, 884.1477661132812], [966.2059631347656, 806.0673217773438], [1374.433349609375, 665.1751708984375], [156.3468246459961, 740.9389038085938], [74.97325706481934, 756.34521484375], [480.6734313964844, 709.5584106445312], [1401.4711303710938, 663.888916015625], [335.783447265625, 705.493896484375], [1340.9874877929688, 665.4620361328125]]",424689664,410255360,424689664,640,yolo26n_int8_640_ncnn_model,MOT17-09
83,81.35412399997222,0.0,9,"[1, 5, 15, 4, 6, 3, 48, 89, 84]","[[1471.9609375, 319.0538635253906, 1667.06884765625, 837.5475463867188], [1681.83056640625, 249.71522521972656, 1886.1337890625, 886.8655395507812], [863.2555541992188, 298.9897766113281, 1083.1094970703125, 806.330810546875], [1337.148193359375, 474.04888916015625, 1412.8955078125, 666.5146484375], [116.59661102294922, 524.0661010742188, 191.61627197265625, 741.9153442382812], [431.5406799316406, 428.2212219238281, 536.0488891601562, 711.4727172851562], [1377.591796875, 485.18841552734375, 1425.62548828125, 663.546875], [296.38970947265625, 453.40374755859375, 382.63079833984375, 705.46728515625], [26.857454299926758, 534.4730834960938, 117.75313568115234, 753.0728149414062]]","[0.79833984375, 0.78759765625, 0.79541015625, 0.3876953125, 0.39697265625, 0.66748046875, 0.260498046875, 0.55078125, 0.35888671875]","[[1569.514892578125, 837.5475463867188], [1783.982177734375, 886.8655395507812], [973.1825256347656, 806.330810546875], [1375.0218505859375, 666.5146484375], [154.10644149780273, 741.9153442382812], [483.79478454589844, 711.4727172851562], [1401.608642578125, 663.546875], [339.51025390625, 705.46728515625], [72.30529499053955, 753.0728149414062]]",424689664,410255360,424689664,640,yolo26n_int8_640_ncnn_model,MOT17-09
84,82.318530999828,0.0,10,"[1, 5, 15, 4, 6, 3, 89, 84, 57, 68]","[[1469.2452392578125, 321.4917907714844, 1665.2965087890625, 841.01513671875], [1681.4461669921875, 249.04905700683594, 1884.611572265625, 883.9467163085938], [874.2307739257812, 296.41680908203125, 1090.3734130859375, 798.243896484375], [1338.0711669921875, 471.7210388183594, 1415.38134765625, 667.2754516601562], [116.68740844726562, 526.312255859375, 191.65615844726562, 743.549560546875], [437.34014892578125, 429.5113525390625, 540.8703002929688, 712.1968994140625], [299.1519470214844, 451.2632751464844, 386.84112548828125, 705.6982421875], [31.714914321899414, 543.1243286132812, 117.46544647216797, 753.4246215820312], [24.96615219116211, 497.5913391113281, 111.59436798095703, 756.7491455078125], [1319.0670166015625, 539.73583984375, 1362.882568359375, 666.1826171875]]","[0.76513671875, 0.73046875, 0.78173828125, 0.389404296875, 0.349609375, 0.66162109375, 0.5908203125, 0.294677734375, 0.488525390625, 0.2919921875]","[[1567.2708740234375, 841.01513671875], [1783.0288696289062, 883.9467163085938], [982.3020935058594, 798.243896484375], [1376.7262573242188, 667.2754516601562], [154.17178344726562, 743.549560546875], [489.105224609375, 712.1968994140625], [342.9965362548828, 705.6982421875], [74.59018039703369, 753.4246215820312], [68.28026008605957, 756.7491455078125], [1340.9747924804688, 666.1826171875]]",424689664,410255360,424689664,640,yolo26n_int8_640_ncnn_model,MOT17-09
85,80.71219799990104,0.0,11,"[1, 5, 15, 4, 6, 3, 89, 84, 102, 57, 68]","[[1463.621337890625, 320.3765869140625, 1661.5303955078125, 843.3900756835938], [1676.69189453125, 243.28829956054688, 1880.8983154296875, 879.3529663085938], [892.378173828125, 292.6107482910156, 1102.1226806640625, 788.0308227539062], [1337.1251220703125, 470.85797119140625, 1414.7322998046875, 666.581298828125], [116.69184112548828, 528.1351318359375, 190.21287536621094, 741.1708374023438], [442.47589111328125, 430.0243225097656, 546.0450439453125, 712.466064453125], [303.7125244140625, 455.90704345703125, 392.0262756347656, 710.2117309570312], [33.67570114135742, 540.0517578125, 118.6563720703125, 753.8087158203125], [1342.3287353515625, 475.57501220703125, 1402.6712646484375, 680.0250244140625], [27.391477584838867, 495.0908203125, 114.38459014892578, 755.0257568359375], [1319.085205078125, 539.3961181640625, 1362.871337890625, 665.5784301757812]]","[0.78564453125, 0.75634765625, 0.78759765625, 0.392822265625, 0.315185546875, 0.66162109375, 0.55908203125, 0.325439453125, 0.31103515625, 0.474853515625, 0.283447265625]","[[1562.5758666992188, 843.3900756835938], [1778.7951049804688, 879.3529663085938], [997.2504272460938, 788.0308227539062], [1375.9287109375, 666.581298828125], [153.4523582458496, 741.1708374023438], [494.2604675292969, 712.466064453125], [347.86940002441406, 710.2117309570312], [76.16603660583496, 753.8087158203125], [1372.5, 680.0250244140625], [70.88803386688232, 755.0257568359375], [1340.978271484375, 665.5784301757812]]",424689664,410255360,424689664,640,yolo26n_int8_640_ncnn_model,MOT17-09
86,81.57634700000926,0.0,10,"[1, 5, 15, 4, 6, 3, 89, 102, 57, 68]","[[1457.8087158203125, 322.4454040527344, 1658.06396484375, 847.6759033203125], [1671.7698974609375, 236.829345703125, 1878.7977294921875, 878.852294921875], [915.728515625, 285.1080017089844, 1123.073486328125, 786.343994140625], [1336.94970703125, 471.5506286621094, 1414.2921142578125, 666.2980346679688], [116.43203735351562, 527.32958984375, 189.8066864013672, 739.767578125], [443.29034423828125, 426.2742614746094, 547.9627685546875, 712.56005859375], [304.9324035644531, 453.2853088378906, 395.4473876953125, 712.4219360351562], [1342.1514892578125, 476.6712646484375, 1401.6944580078125, 678.4671630859375], [27.0599308013916, 490.9800109863281, 115.0452880859375, 752.6761474609375], [1319.1492919921875, 540.020263671875, 1362.811279296875, 665.6095581054688]]","[0.74951171875, 0.76318359375, 0.7626953125, 0.377685546875, 0.3544921875, 0.66259765625, 0.5810546875, 0.2783203125, 0.54638671875, 0.27978515625]","[[1557.9363403320312, 847.6759033203125], [1775.2838134765625, 878.852294921875], [1019.4010009765625, 786.343994140625], [1375.6209106445312, 666.2980346679688], [153.1193618774414, 739.767578125], [495.6265563964844, 712.56005859375], [350.1898956298828, 712.4219360351562], [1371.9229736328125, 678.4671630859375], [71.05260944366455, 752.6761474609375], [1340.9802856445312, 665.6095581054688]]",424689664,410255360,424689664,640,yolo26n_int8_640_ncnn_model,MOT17-09
87,80.82716100011567,0.0,8,"[1, 5, 15, 4, 6, 3, 89, 57]","[[1454.287109375, 325.72796630859375, 1656.2974853515625, 852.6883544921875], [1670.2249755859375, 233.20204162597656, 1877.8187255859375, 873.9127197265625], [931.7479248046875, 289.2799987792969, 1136.5343017578125, 790.79541015625], [1335.9873046875, 471.857421875, 1413.055908203125, 666.1791381835938], [116.24932098388672, 528.0225219726562, 190.12210083007812, 742.2366943359375], [444.2093505859375, 414.29296875, 550.8583984375, 707.4205932617188], [305.8540954589844, 453.7879943847656, 396.76531982421875, 712.7452392578125], [26.447052001953125, 492.41082763671875, 114.75872802734375, 753.7728271484375]]","[0.7529296875, 0.78759765625, 0.77685546875, 0.394775390625, 0.360595703125, 0.6708984375, 0.5712890625, 0.54833984375]","[[1555.2922973632812, 852.6883544921875], [1774.0218505859375, 873.9127197265625], [1034.14111328125, 790.79541015625], [1374.5216064453125, 666.1791381835938], [153.18571090698242, 742.2366943359375], [497.53387451171875, 707.4205932617188], [351.30970764160156, 712.7452392578125], [70.60289001464844, 753.7728271484375]]",424689664,410255360,424689664,640,yolo26n_int8_640_ncnn_model,MOT17-09
88,81.25447600014013,0.0,9,"[1, 5, 15, 4, 6, 3, 89, 57, 68]","[[1442.0863037109375, 324.77911376953125, 1648.9742431640625, 862.6483154296875], [1670.2880859375, 226.09719848632812, 1878.9371337890625, 864.9102783203125], [947.866943359375, 295.8254699707031, 1148.3843994140625, 789.6069946289062], [1333.76025390625, 471.7604064941406, 1410.5137939453125, 667.3583984375], [115.93537902832031, 529.271728515625, 190.1224365234375, 744.1582641601562], [448.81793212890625, 419.5587158203125, 554.391845703125, 707.42333984375], [309.84857177734375, 448.1009521484375, 401.44622802734375, 709.8790893554688], [17.043354034423828, 457.1075134277344, 116.24066162109375, 750.4896240234375], [1319.2447509765625, 540.00634765625, 1362.7178955078125, 664.746337890625]]","[0.79541015625, 0.76171875, 0.8193359375, 0.32177734375, 0.423583984375, 0.6455078125, 0.572265625, 0.63671875, 0.2587890625]","[[1545.5302734375, 862.6483154296875], [1774.6126098632812, 864.9102783203125], [1048.1256713867188, 789.6069946289062], [1372.1370239257812, 667.3583984375], [153.0289077758789, 744.1582641601562], [501.6048889160156, 707.42333984375], [355.64739990234375, 709.8790893554688], [66.64200782775879, 750.4896240234375], [1340.9813232421875, 664.746337890625]]",424689664,410255360,424689664,640,yolo26n_int8_640_ncnn_model,MOT17-09
89,81.40312399996219,0.0,10,"[1, 5, 15, 6, 3, 89, 57, 68, 48, 102]","[[1432.6224365234375, 320.50994873046875, 1643.4154052734375, 868.2963256835938], [1667.4464111328125, 222.74266052246094, 1878.4312744140625, 864.1620483398438], [959.639404296875, 293.2574462890625, 1159.9930419921875, 788.2553100585938], [117.1076431274414, 532.2176513671875, 189.5823974609375, 742.40625], [452.5719909667969, 419.7107849121094, 560.5054931640625, 709.4273681640625], [310.0475769042969, 449.4125061035156, 401.3446960449219, 710.2444458007812], [13.426067352294922, 448.2345886230469, 117.08065032958984, 754.72705078125], [1319.1673583984375, 539.4943237304688, 1362.80419921875, 665.0596313476562], [1376.39306640625, 485.1953125, 1425.6026611328125, 666.4884033203125], [1340.2418212890625, 472.4173889160156, 1397.544677734375, 665.6395874023438]]","[0.80078125, 0.7880859375, 0.83544921875, 0.446044921875, 0.6923828125, 0.5458984375, 0.5771484375, 0.254638671875, 0.28515625, 0.289306640625]","[[1538.0189208984375, 868.2963256835938], [1772.9388427734375, 864.1620483398438], [1059.8162231445312, 788.2553100585938], [153.34502029418945, 742.40625], [506.5387420654297, 709.4273681640625], [355.6961364746094, 710.2444458007812], [65.25335884094238, 754.72705078125], [1340.9857788085938, 665.0596313476562], [1400.9978637695312, 666.4884033203125], [1368.8932495117188, 665.6395874023438]]",424689664,410255360,424689664,640,yolo26n_int8_640_ncnn_model,MOT17-09
90,81.62227200000416,0.0,10,"[1, 5, 15, 6, 3, 89, 57, 107, 48, 102]","[[1424.5810546875, 309.84075927734375, 1638.13916015625, 862.774658203125], [1665.216552734375, 221.5694580078125, 1877.5504150390625, 863.86962890625], [972.7485961914062, 298.49420166015625, 1168.5753173828125, 780.6049194335938], [115.34568786621094, 528.3251342773438, 190.09396362304688, 744.7299194335938], [456.24407958984375, 414.37652587890625, 565.783447265625, 707.7190551757812], [311.3047790527344, 441.5724182128906, 405.01190185546875, 709.8761596679688], [11.008214950561523, 441.6956481933594, 117.29676818847656, 755.7636108398438], [1426.436767578125, 321.7124938964844, 1736.163330078125, 857.8875122070312], [1376.3248291015625, 484.7029724121094, 1425.608642578125, 668.2733764648438], [1338.873291015625, 475.8012390136719, 1397.1861572265625, 673.8063354492188]]","[0.75634765625, 0.7646484375, 0.8017578125, 0.39990234375, 0.6474609375, 0.5732421875, 0.60302734375, 0.376220703125, 0.33154296875, 0.291259765625]","[[1531.360107421875, 862.774658203125], [1771.3834838867188, 863.86962890625], [1070.6619567871094, 780.6049194335938], [152.7198257446289, 744.7299194335938], [511.0137634277344, 707.7190551757812], [358.15834045410156, 709.8761596679688], [64.15249156951904, 755.7636108398438], [1581.300048828125, 857.8875122070312], [1400.9667358398438, 668.2733764648438], [1368.0297241210938, 673.8063354492188]]",424689664,410255360,424689664,640,yolo26n_int8_640_ncnn_model,MOT17-09
91,81.19458700002724,0.0,11,"[1, 5, 15, 6, 3, 89, 57, 107, 48, 102, 68]","[[1420.6650390625, 320.9464111328125, 1629.40576171875, 860.0315551757812], [1662.421875, 221.720458984375, 1877.3240966796875, 869.1826171875], [978.8391723632812, 308.7327575683594, 1173.430419921875, 782.5960083007812], [115.50382995605469, 526.6420288085938, 189.97193908691406, 742.8767700195312], [458.3592529296875, 420.0145263671875, 566.8623046875, 710.2719116210938], [314.77447509765625, 442.31768798828125, 407.61395263671875, 707.043701171875], [10.75831127166748, 447.458251953125, 114.68976593017578, 753.77099609375], [1437.76806640625, 318.573974609375, 1747.40625, 853.65478515625], [1375.365234375, 484.5380554199219, 1424.569580078125, 670.847900390625], [1337.2884521484375, 475.0081481933594, 1396.1624755859375, 677.061279296875], [1318.7354736328125, 537.527099609375, 1363.2386474609375, 665.7723999023438]]","[0.70947265625, 0.734375, 0.853515625, 0.409912109375, 0.6728515625, 0.5869140625, 0.4990234375, 0.25634765625, 0.300537109375, 0.281494140625, 0.281982421875]","[[1525.035400390625, 860.0315551757812], [1769.8729858398438, 869.1826171875], [1076.1347961425781, 782.5960083007812], [152.73788452148438, 742.8767700195312], [512.6107788085938, 710.2719116210938], [361.1942138671875, 707.043701171875], [62.72403860092163, 753.77099609375], [1592.587158203125, 853.65478515625], [1399.9674072265625, 670.847900390625], [1366.7254638671875, 677.061279296875], [1340.987060546875, 665.7723999023438]]",424689664,410255360,424689664,640,yolo26n_int8_640_ncnn_model,MOT17-09
92,81.90110600003209,0.0,11,"[1, 5, 15, 6, 3, 89, 57, 107, 48, 102, 68]","[[1416.827392578125, 323.9534912109375, 1625.8017578125, 860.2166137695312], [1663.492431640625, 220.01907348632812, 1879.174072265625, 866.1375122070312], [987.1927490234375, 313.7039794921875, 1182.199462890625, 781.1654663085938], [116.63153076171875, 530.6953125, 189.858642578125, 742.3992919921875], [458.2439880371094, 417.28448486328125, 567.4423828125, 711.2617797851562], [317.3314514160156, 444.1728515625, 409.3382873535156, 704.4448852539062], [10.099787712097168, 445.8144836425781, 115.46540832519531, 755.1863403320312], [1449.635498046875, 319.8464050292969, 1759.4906005859375, 852.2252197265625], [1374.79443359375, 485.215576171875, 1422.431884765625, 668.1199340820312], [1335.091552734375, 471.1658630371094, 1393.4083251953125, 670.6129760742188], [1318.6126708984375, 538.3499145507812, 1363.3671875, 666.6906127929688]]","[0.712890625, 0.75927734375, 0.86767578125, 0.382080078125, 0.66259765625, 0.56884765625, 0.47900390625, 0.281982421875, 0.253173828125, 0.278564453125, 0.260498046875]","[[1521.3145751953125, 860.2166137695312], [1771.333251953125, 866.1375122070312], [1084.6961059570312, 781.1654663085938], [153.24508666992188, 742.3992919921875], [512.8431854248047, 711.2617797851562], [363.3348693847656, 704.4448852539062], [62.78259801864624, 755.1863403320312], [1604.5630493164062, 852.2252197265625], [1398.6131591796875, 668.1199340820312], [1364.2499389648438, 670.6129760742188], [1340.9899291992188, 666.6906127929688]]",424689664,410255360,424689664,640,yolo26n_int8_640_ncnn_model,MOT17-09
93,80.72662499989747,0.0,8,"[1, 5, 15, 6, 3, 89, 57, 102]","[[1413.152587890625, 313.1983642578125, 1627.99755859375, 862.2020263671875], [1663.2447509765625, 219.46115112304688, 1880.67236328125, 866.9268188476562], [1001.3704223632812, 317.2040710449219, 1197.5352783203125, 783.9894409179688], [116.30015563964844, 532.4927978515625, 189.58657836914062, 743.963134765625], [460.4229431152344, 425.6368408203125, 567.2337646484375, 714.0917358398438], [321.9138488769531, 457.359130859375, 411.8333740234375, 708.9315795898438], [17.89157485961914, 476.9846496582031, 112.39533996582031, 750.3599243164062], [1336.31640625, 468.9842224121094, 1394.515380859375, 666.924560546875]]","[0.69384765625, 0.79443359375, 0.84326171875, 0.3994140625, 0.62646484375, 0.5849609375, 0.439208984375, 0.316650390625]","[[1520.5750732421875, 862.2020263671875], [1771.9585571289062, 866.9268188476562], [1099.4528503417969, 783.9894409179688], [152.94336700439453, 743.963134765625], [513.8283538818359, 714.0917358398438], [366.8736114501953, 708.9315795898438], [65.14345741271973, 750.3599243164062], [1365.4158935546875, 666.924560546875]]",424689664,410255360,424689664,640,yolo26n_int8_640_ncnn_model,MOT17-09
94,81.11225499987995,0.0,8,"[1, 5, 15, 6, 3, 89, 57, 102]","[[1405.2557373046875, 311.5113525390625, 1622.840576171875, 863.5084228515625], [1654.79638671875, 218.71275329589844, 1873.8895263671875, 868.8196411132812], [1010.1165771484375, 319.8998718261719, 1206.833740234375, 785.6000366210938], [115.65068054199219, 534.1428833007812, 189.39401245117188, 745.536376953125], [461.55621337890625, 429.8793029785156, 567.1126098632812, 717.160888671875], [322.1903381347656, 459.3625183105469, 412.9380798339844, 709.6315307617188], [18.075035095214844, 483.5773010253906, 111.14836120605469, 748.430419921875], [1335.726806640625, 468.2237548828125, 1394.02490234375, 665.6145629882812]]","[0.71630859375, 0.7734375, 0.81396484375, 0.3798828125, 0.63427734375, 0.5537109375, 0.4580078125, 0.29931640625]","[[1514.0481567382812, 863.5084228515625], [1764.3429565429688, 868.8196411132812], [1108.4751586914062, 785.6000366210938], [152.52234649658203, 745.536376953125], [514.3344116210938, 717.160888671875], [367.564208984375, 709.6315307617188], [64.61169815063477, 748.430419921875], [1364.8758544921875, 665.6145629882812]]",424689664,410255360,424689664,640,yolo26n_int8_640_ncnn_model,MOT17-09
95,82.09416099998634,0.0,8,"[1, 5, 15, 6, 3, 89, 57, 102]","[[1397.7877197265625, 306.2373352050781, 1616.7637939453125, 863.6921997070312], [1647.6014404296875, 227.26260375976562, 1867.5128173828125, 872.6075439453125], [1012.165771484375, 321.1713562011719, 1210.570556640625, 787.87939453125], [115.42475891113281, 533.7513427734375, 189.80606079101562, 746.119873046875], [463.095458984375, 429.4727478027344, 568.266357421875, 718.2900390625], [320.8875427246094, 452.5997619628906, 413.05450439453125, 707.3873291015625], [21.099584579467773, 488.90301513671875, 113.97887420654297, 752.8353271484375], [1335.5419921875, 470.2579345703125, 1395.895263671875, 678.052001953125]]","[0.67822265625, 0.7919921875, 0.81640625, 0.408203125, 0.642578125, 0.55078125, 0.427734375, 0.337646484375]","[[1507.2757568359375, 863.6921997070312], [1757.55712890625, 872.6075439453125], [1111.3681640625, 787.87939453125], [152.61540985107422, 746.119873046875], [515.680908203125, 718.2900390625], [366.9710235595703, 707.3873291015625], [67.53922939300537, 752.8353271484375], [1365.7186279296875, 678.052001953125]]",424689664,410255360,424689664,640,yolo26n_int8_640_ncnn_model,MOT17-09
96,81.00716199987801,0.0,9,"[1, 5, 15, 6, 3, 89, 57, 102, 4]","[[1391.014404296875, 305.75030517578125, 1608.8680419921875, 862.2269287109375], [1642.66357421875, 220.18067932128906, 1867.445068359375, 879.4789428710938], [1022.7400512695312, 323.1644287109375, 1219.2479248046875, 785.1511840820312], [115.58916473388672, 533.8310546875, 188.97610473632812, 743.1064453125], [463.0011291503906, 423.3656311035156, 569.219482421875, 716.7093505859375], [320.1133117675781, 453.7766418457031, 413.2212829589844, 711.7335205078125], [19.69455337524414, 492.0711364746094, 112.14263916015625, 752.19189453125], [1334.579833984375, 468.81011962890625, 1393.5723876953125, 670.08837890625], [1337.736083984375, 474.86297607421875, 1412.6263427734375, 664.9342041015625]]","[0.58935546875, 0.80810546875, 0.822265625, 0.391357421875, 0.64990234375, 0.59033203125, 0.464111328125, 0.32177734375, 0.25634765625]","[[1499.9412231445312, 862.2269287109375], [1755.0543212890625, 879.4789428710938], [1120.9939880371094, 785.1511840820312], [152.28263473510742, 743.1064453125], [516.1103057861328, 716.7093505859375], [366.66729736328125, 711.7335205078125], [65.9185962677002, 752.19189453125], [1364.0761108398438, 670.08837890625], [1375.1812133789062, 664.9342041015625]]",424689664,410255360,424689664,640,yolo26n_int8_640_ncnn_model,MOT17-09
97,82.20071699997789,0.0,8,"[1, 5, 15, 6, 3, 89, 57, 4]","[[1381.5545654296875, 309.33038330078125, 1597.30322265625, 864.8096923828125], [1634.740966796875, 218.6614990234375, 1859.889892578125, 881.8982543945312], [1031.2105712890625, 322.8027648925781, 1225.1082763671875, 781.1551513671875], [117.13496398925781, 535.5861206054688, 189.5553741455078, 742.1980590820312], [464.6158752441406, 423.0212707519531, 570.7437133789062, 719.0425415039062], [322.6589660644531, 459.16448974609375, 414.7030944824219, 713.3843994140625], [21.41768455505371, 491.94915771484375, 114.5007095336914, 754.2161254882812], [1334.9505615234375, 468.5350036621094, 1411.6942138671875, 665.063232421875]]","[0.68994140625, 0.78759765625, 0.802734375, 0.363525390625, 0.67236328125, 0.61767578125, 0.427490234375, 0.333740234375]","[[1489.4288940429688, 864.8096923828125], [1747.3154296875, 881.8982543945312], [1128.159423828125, 781.1551513671875], [153.3451690673828, 742.1980590820312], [517.6797943115234, 719.0425415039062], [368.6810302734375, 713.3843994140625], [67.95919704437256, 754.2161254882812], [1373.3223876953125, 665.063232421875]]",424689664,410255360,424689664,640,yolo26n_int8_640_ncnn_model,MOT17-09
98,80.96793999993679,0.0,8,"[1, 5, 15, 6, 3, 89, 57, 4]","[[1376.4222412109375, 304.5713806152344, 1595.822265625, 866.97607421875], [1625.9888916015625, 221.9512939453125, 1851.0850830078125, 883.8731689453125], [1039.6812744140625, 320.44610595703125, 1229.158203125, 772.8276977539062], [116.575927734375, 532.4761962890625, 189.9165802001953, 741.6101684570312], [467.22760009765625, 419.4546813964844, 574.6007080078125, 718.4354248046875], [324.3018798828125, 461.2286071777344, 415.8978271484375, 713.9943237304688], [20.14033317565918, 495.6025390625, 112.55811309814453, 754.2150268554688], [1335.3125, 472.46649169921875, 1410.1656494140625, 667.0680541992188]]","[0.68359375, 0.79638671875, 0.8056640625, 0.393310546875, 0.705078125, 0.57763671875, 0.491455078125, 0.368896484375]","[[1486.1222534179688, 866.97607421875], [1738.5369873046875, 883.8731689453125], [1134.4197387695312, 772.8276977539062], [153.24625396728516, 741.6101684570312], [520.9141540527344, 718.4354248046875], [370.099853515625, 713.9943237304688], [66.34922313690186, 754.2150268554688], [1372.7390747070312, 667.0680541992188]]",424689664,410255360,424689664,640,yolo26n_int8_640_ncnn_model,MOT17-09
99,80.87018000014723,0.0,9,"[1, 5, 15, 6, 3, 89, 57, 4, 68]","[[1372.64794921875, 302.4423522949219, 1596.473876953125, 874.014404296875], [1621.9522705078125, 229.80642700195312, 1846.690673828125, 888.8831787109375], [1046.630859375, 314.34124755859375, 1234.0682373046875, 767.9011840820312], [116.57847595214844, 535.2711181640625, 188.97311401367188, 741.3964233398438], [467.3507080078125, 421.5536193847656, 574.341796875, 718.6714477539062], [323.95758056640625, 454.7676696777344, 418.39080810546875, 715.443603515625], [20.572397232055664, 499.43634033203125, 112.54195404052734, 755.711669921875], [1335.673583984375, 472.7435607910156, 1410.3646240234375, 669.0867919921875], [1318.721435546875, 537.4219970703125, 1363.2652587890625, 665.6917724609375]]","[0.71923828125, 0.75341796875, 0.75732421875, 0.4169921875, 0.69970703125, 0.591796875, 0.52587890625, 0.278076171875, 0.2578125]","[[1484.5609130859375, 874.014404296875], [1734.3214721679688, 888.8831787109375], [1140.3495483398438, 767.9011840820312], [152.77579498291016, 741.3964233398438], [520.8462524414062, 718.6714477539062], [371.1741943359375, 715.443603515625], [66.5571756362915, 755.711669921875], [1373.0191040039062, 669.0867919921875], [1340.9933471679688, 665.6917724609375]]",424689664,410255360,424689664,640,yolo26n_int8_640_ncnn_model,MOT17-09
100,90.07036200000584,0.0,8,"[1, 5, 15, 6, 3, 89, 57, 68]","[[1370.538330078125, 302.04766845703125, 1595.791015625, 876.2742309570312], [1617.1817626953125, 230.46600341796875, 1844.586669921875, 895.0463256835938], [1055.8291015625, 313.0325622558594, 1238.56689453125, 762.165771484375], [116.46977996826172, 535.077880859375, 190.0966339111328, 744.5680541992188], [467.1376037597656, 420.4046936035156, 574.828857421875, 718.7381591796875], [323.5956115722656, 447.9417419433594, 420.6755065917969, 716.4566650390625], [23.2482852935791, 491.2763671875, 116.3632583618164, 751.7484130859375], [1317.742431640625, 536.5910034179688, 1362.1737060546875, 665.3577880859375]]","[0.73876953125, 0.75634765625, 0.73046875, 0.39404296875, 0.69091796875, 0.60888671875, 0.46923828125, 0.30029296875]","[[1483.1646728515625, 876.2742309570312], [1730.8842163085938, 895.0463256835938], [1147.197998046875, 762.165771484375], [153.28320693969727, 744.5680541992188], [520.9832305908203, 718.7381591796875], [372.13555908203125, 716.4566650390625], [69.80577182769775, 751.7484130859375], [1339.9580688476562, 665.3577880859375]]",424689664,410255360,424689664,640,yolo26n_int8_640_ncnn_model,MOT17-09
101,81.19995799984281,0.0,9,"[1, 5, 15, 6, 3, 89, 57, 68, 84]","[[1367.253173828125, 301.954345703125, 1592.4859619140625, 877.060302734375], [1610.39794921875, 230.34461975097656, 1841.1422119140625, 901.6091918945312], [1067.2535400390625, 314.6377868652344, 1244.5120849609375, 755.9905395507812], [117.28809356689453, 536.7228393554688, 189.65626525878906, 742.0394287109375], [468.1229248046875, 419.9848937988281, 577.2778930664062, 720.71923828125], [324.10504150390625, 446.7969970703125, 421.01776123046875, 715.3572387695312], [26.15244483947754, 497.8896789550781, 116.79185485839844, 751.5182495117188], [1317.4605712890625, 537.0631103515625, 1361.7762451171875, 665.495849609375], [32.68763732910156, 563.1760864257812, 110.04374694824219, 753.2614135742188]]","[0.72705078125, 0.74365234375, 0.76123046875, 0.398193359375, 0.7041015625, 0.607421875, 0.46630859375, 0.31982421875, 0.30322265625]","[[1479.8695678710938, 877.060302734375], [1725.7700805664062, 901.6091918945312], [1155.8828125, 755.9905395507812], [153.4721794128418, 742.0394287109375], [522.7004089355469, 720.71923828125], [372.5614013671875, 715.3572387695312], [71.47214984893799, 751.5182495117188], [1339.618408203125, 665.495849609375], [71.36569213867188, 753.2614135742188]]",424689664,410255360,424689664,640,yolo26n_int8_640_ncnn_model,MOT17-09
102,81.43438399997649,0.0,9,"[1, 5, 15, 6, 3, 89, 57, 68, 84]","[[1364.78076171875, 306.15655517578125, 1590.816162109375, 880.9746704101562], [1604.3641357421875, 229.9274139404297, 1835.6810302734375, 899.45947265625], [1078.9111328125, 313.3306884765625, 1255.6468505859375, 754.6884155273438], [116.20231628417969, 537.3328247070312, 188.38612365722656, 741.0631103515625], [468.71160888671875, 420.5807189941406, 578.8598022460938, 721.6979370117188], [324.052490234375, 444.1750183105469, 421.4859619140625, 714.16015625], [24.795856475830078, 493.0952453613281, 117.6324691772461, 753.7027587890625], [1317.614501953125, 538.4843139648438, 1361.376220703125, 665.3032836914062], [32.5999870300293, 558.95751953125, 111.86579132080078, 753.8575439453125]]","[0.7021484375, 0.75732421875, 0.78759765625, 0.39013671875, 0.69921875, 0.6279296875, 0.462890625, 0.322509765625, 0.251708984375]","[[1477.7984619140625, 880.9746704101562], [1720.0225830078125, 899.45947265625], [1167.2789916992188, 754.6884155273438], [152.29421997070312, 741.0631103515625], [523.7857055664062, 721.6979370117188], [372.76922607421875, 714.16015625], [71.21416282653809, 753.7027587890625], [1339.495361328125, 665.3032836914062], [72.23288917541504, 753.8575439453125]]",424689664,410255360,424689664,640,yolo26n_int8_640_ncnn_model,MOT17-09
103,80.71429100004934,0.0,9,"[1, 5, 15, 6, 3, 89, 57, 68, 84]","[[1358.3099365234375, 305.3329162597656, 1586.17626953125, 890.7736206054688], [1597.326416015625, 226.80184936523438, 1830.73291015625, 898.5211791992188], [1096.822021484375, 309.45709228515625, 1275.4866943359375, 754.6920776367188], [115.81122589111328, 537.5400390625, 188.02574157714844, 740.7047119140625], [468.6559753417969, 420.8245544433594, 579.6154174804688, 722.0455932617188], [325.478759765625, 439.76739501953125, 423.5416259765625, 711.2277221679688], [26.748992919921875, 491.57000732421875, 118.61974334716797, 750.3057250976562], [1318.228759765625, 539.5220947265625, 1361.6771240234375, 664.7359008789062], [32.97635269165039, 557.0431518554688, 112.5953598022461, 752.7702026367188]]","[0.69677734375, 0.77587890625, 0.82666015625, 0.40673828125, 0.70263671875, 0.6328125, 0.44287109375, 0.31201171875, 0.32568359375]","[[1472.2431030273438, 890.7736206054688], [1714.0296630859375, 898.5211791992188], [1186.1543579101562, 754.6920776367188], [151.91848373413086, 740.7047119140625], [524.1356964111328, 722.0455932617188], [374.51019287109375, 711.2277221679688], [72.68436813354492, 750.3057250976562], [1339.9529418945312, 664.7359008789062], [72.78585624694824, 752.7702026367188]]",424689664,410255360,424689664,640,yolo26n_int8_640_ncnn_model,MOT17-09
104,93.91612099989288,0.0,9,"[1, 5, 15, 6, 3, 89, 57, 68, 84]","[[1352.0362548828125, 303.3276062011719, 1578.7122802734375, 894.1558837890625], [1585.033203125, 221.79734802246094, 1821.0186767578125, 899.9338989257812], [1110.438720703125, 313.3466796875, 1289.1815185546875, 754.4225463867188], [115.30117797851562, 535.10693359375, 189.259765625, 745.061767578125], [468.7602844238281, 417.7183532714844, 580.646484375, 719.4349365234375], [327.7335510253906, 438.1293029785156, 425.94384765625, 710.1001586914062], [30.57459259033203, 497.9283447265625, 119.55708312988281, 749.9971923828125], [1317.720703125, 540.905517578125, 1361.5386962890625, 666.5260620117188], [36.01935958862305, 561.8142700195312, 113.54719543457031, 752.867431640625]]","[0.73046875, 0.77685546875, 0.8525390625, 0.371826171875, 0.71630859375, 0.6337890625, 0.35400390625, 0.322265625, 0.317138671875]","[[1465.374267578125, 894.1558837890625], [1703.0259399414062, 899.9338989257812], [1199.8101196289062, 754.4225463867188], [152.2804718017578, 745.061767578125], [524.7033843994141, 719.4349365234375], [376.8386993408203, 710.1001586914062], [75.06583786010742, 749.9971923828125], [1339.6296997070312, 666.5260620117188], [74.78327751159668, 752.867431640625]]",424689664,410255360,424689664,640,yolo26n_int8_640_ncnn_model,MOT17-09
105,82.21669899990047,0.0,9,"[1, 5, 15, 6, 3, 89, 57, 84, 107]","[[1342.7562255859375, 296.32763671875, 1569.3074951171875, 895.708740234375], [1577.01611328125, 220.656005859375, 1813.1309814453125, 900.6451416015625], [1120.47216796875, 318.68896484375, 1298.5477294921875, 754.5594482421875], [115.35931396484375, 535.6660766601562, 188.12661743164062, 741.28173828125], [468.5888366699219, 419.27117919921875, 582.12939453125, 723.6115112304688], [329.8293151855469, 441.0058288574219, 427.9679870605469, 713.1183471679688], [28.7166748046875, 495.5398864746094, 119.02268981933594, 752.6573486328125], [37.36528015136719, 559.036376953125, 114.85443115234375, 752.4065551757812], [1552.28125, 223.7334747314453, 1920.0, 901.4072265625]]","[0.568359375, 0.79443359375, 0.8330078125, 0.4052734375, 0.71826171875, 0.64990234375, 0.42529296875, 0.26025390625, 0.62646484375]","[[1456.0318603515625, 895.708740234375], [1695.0735473632812, 900.6451416015625], [1209.5099487304688, 754.5594482421875], [151.7429656982422, 741.28173828125], [525.3591156005859, 723.6115112304688], [378.8986511230469, 713.1183471679688], [73.86968231201172, 752.6573486328125], [76.10985565185547, 752.4065551757812], [1736.140625, 901.4072265625]]",424689664,410255360,424689664,640,yolo26n_int8_640_ncnn_model,MOT17-09
106,81.44377300004635,0.0,8,"[1, 5, 15, 6, 3, 89, 57, 107]","[[1335.8468017578125, 297.2378234863281, 1559.612060546875, 892.6481323242188], [1567.763427734375, 212.61012268066406, 1806.8433837890625, 903.5537109375], [1128.6256103515625, 321.541748046875, 1306.776611328125, 754.8302001953125], [115.68641662597656, 538.118408203125, 188.6373748779297, 743.5394287109375], [468.42242431640625, 418.3990173339844, 582.6981201171875, 722.7144775390625], [332.9063720703125, 444.6164855957031, 429.53961181640625, 712.7885131835938], [28.321401596069336, 500.0856628417969, 116.40973663330078, 752.1513671875], [1551.4852294921875, 213.33682250976562, 1920.0, 900.9230346679688]]","[0.60302734375, 0.8271484375, 0.81396484375, 0.40966796875, 0.7119140625, 0.63623046875, 0.334716796875, 0.68994140625]","[[1447.7294311523438, 892.6481323242188], [1687.3034057617188, 903.5537109375], [1217.7011108398438, 754.8302001953125], [152.16189575195312, 743.5394287109375], [525.5602722167969, 722.7144775390625], [381.2229919433594, 712.7885131835938], [72.36556911468506, 752.1513671875], [1735.7426147460938, 900.9230346679688]]",424689664,410255360,424689664,640,yolo26n_int8_640_ncnn_model,MOT17-09
107,81.71268000000964,0.0,8,"[1, 5, 15, 6, 3, 89, 57, 107]","[[1325.2410888671875, 298.8839111328125, 1550.4444580078125, 899.9797973632812], [1560.931640625, 205.6735382080078, 1802.2540283203125, 906.5571899414062], [1131.1190185546875, 326.81256103515625, 1308.5716552734375, 755.7568969726562], [115.05928039550781, 534.7994995117188, 189.7083282470703, 746.61767578125], [468.0866394042969, 417.5867614746094, 582.59326171875, 720.8633422851562], [334.28692626953125, 448.514404296875, 430.03387451171875, 712.1569213867188], [27.018442153930664, 499.791748046875, 114.89032745361328, 751.95654296875], [1552.012451171875, 205.5063018798828, 1920.0, 900.7257080078125]]","[0.615234375, 0.83544921875, 0.83251953125, 0.4013671875, 0.72607421875, 0.61962890625, 0.314208984375, 0.69384765625]","[[1437.8427734375, 899.9797973632812], [1681.5928344726562, 906.5571899414062], [1219.8453369140625, 755.7568969726562], [152.38380432128906, 746.61767578125], [525.3399505615234, 720.8633422851562], [382.160400390625, 712.1569213867188], [70.95438480377197, 751.95654296875], [1736.0062255859375, 900.7257080078125]]",424689664,410255360,424689664,640,yolo26n_int8_640_ncnn_model,MOT17-09
108,81.58449599977757,0.0,8,"[1, 5, 15, 6, 3, 89, 57, 107]","[[1309.2786865234375, 287.015625, 1537.6805419921875, 892.6002807617188], [1553.5955810546875, 203.57284545898438, 1795.817626953125, 911.0667114257812], [1134.528564453125, 322.4737243652344, 1312.9432373046875, 754.42236328125], [115.2479248046875, 536.7402954101562, 189.32044982910156, 746.5335693359375], [467.31640625, 417.7897644042969, 582.6121826171875, 721.6265869140625], [335.9714660644531, 450.7456970214844, 430.657958984375, 712.1622314453125], [26.776126861572266, 499.3993835449219, 114.38394927978516, 750.14306640625], [1552.79736328125, 205.70892333984375, 1920.0, 909.110595703125]]","[0.56396484375, 0.84619140625, 0.818359375, 0.41259765625, 0.72412109375, 0.58984375, 0.4609375, 0.54248046875]","[[1423.4796142578125, 892.6002807617188], [1674.7066040039062, 911.0667114257812], [1223.7359008789062, 754.42236328125], [152.28418731689453, 746.5335693359375], [524.9642944335938, 721.6265869140625], [383.31471252441406, 712.1622314453125], [70.58003807067871, 750.14306640625], [1736.398681640625, 909.110595703125]]",424689664,410255360,424689664,640,yolo26n_int8_640_ncnn_model,MOT17-09
109,81.00538500002585,0.0,7,"[1, 5, 15, 6, 3, 89, 57]","[[1304.3372802734375, 280.8064270019531, 1534.063720703125, 892.3897094726562], [1546.5963134765625, 202.1139678955078, 1790.10546875, 916.39697265625], [1142.6029052734375, 323.3036804199219, 1318.07275390625, 751.4911499023438], [115.863525390625, 535.5066528320312, 190.36602783203125, 746.4794921875], [466.7087097167969, 419.1181945800781, 582.86474609375, 725.6119384765625], [342.1888427734375, 452.0750427246094, 435.3907775878906, 713.6557006835938], [26.410919189453125, 501.211181640625, 113.96512603759766, 751.4593505859375]]","[0.556640625, 0.83544921875, 0.79833984375, 0.41162109375, 0.72119140625, 0.57080078125, 0.435791015625]","[[1419.2005004882812, 892.3897094726562], [1668.3508911132812, 916.39697265625], [1230.3378295898438, 751.4911499023438], [153.11477661132812, 746.4794921875], [524.7867279052734, 725.6119384765625], [388.78981018066406, 713.6557006835938], [70.18802261352539, 751.4593505859375]]",424689664,410255360,424689664,640,yolo26n_int8_640_ncnn_model,MOT17-09
110,83.17169899987675,0.0,7,"[1, 5, 15, 6, 3, 89, 57]","[[1294.3306884765625, 289.0675048828125, 1527.54345703125, 906.2373657226562], [1544.6444091796875, 202.61599731445312, 1787.6112060546875, 918.3494262695312], [1154.398681640625, 325.94866943359375, 1323.4918212890625, 743.0838012695312], [116.06269836425781, 532.3195190429688, 190.4217987060547, 743.2354736328125], [467.60693359375, 419.1390380859375, 583.2523803710938, 724.63818359375], [345.4903564453125, 452.3140869140625, 438.04815673828125, 716.4454345703125], [26.51895523071289, 501.1129150390625, 114.43497467041016, 752.7069091796875]]","[0.6640625, 0.84716796875, 0.75, 0.34033203125, 0.72021484375, 0.56689453125, 0.46240234375]","[[1410.9370727539062, 906.2373657226562], [1666.1278076171875, 918.3494262695312], [1238.9452514648438, 743.0838012695312], [153.24224853515625, 743.2354736328125], [525.4296569824219, 724.63818359375], [391.7692565917969, 716.4454345703125], [70.47696495056152, 752.7069091796875]]",424689664,410255360,424689664,640,yolo26n_int8_640_ncnn_model,MOT17-09
111,80.95858799993039,0.0,7,"[1, 5, 15, 6, 3, 89, 57]","[[1297.0672607421875, 283.23095703125, 1530.7442626953125, 896.0088500976562], [1543.1685791015625, 202.88894653320312, 1783.892822265625, 915.0618896484375], [1160.3184814453125, 327.02276611328125, 1329.28271484375, 749.953125], [115.77046203613281, 531.8516235351562, 191.54864501953125, 749.1670532226562], [465.6518859863281, 414.7010498046875, 583.162109375, 726.7122192382812], [348.3976745605469, 452.3912048339844, 440.20220947265625, 717.4830932617188], [25.773977279663086, 490.1285400390625, 116.32861328125, 750.1978759765625]]","[0.63623046875, 0.8291015625, 0.74658203125, 0.351318359375, 0.689453125, 0.58447265625, 0.444091796875]","[[1413.90576171875, 896.0088500976562], [1663.5307006835938, 915.0618896484375], [1244.8005981445312, 749.953125], [153.65955352783203, 749.1670532226562], [524.4069976806641, 726.7122192382812], [394.29994201660156, 717.4830932617188], [71.05129528045654, 750.1978759765625]]",424689664,410255360,424689664,640,yolo26n_int8_640_ncnn_model,MOT17-09
112,81.27610600013213,0.0,7,"[1, 5, 15, 6, 3, 89, 57]","[[1294.4149169921875, 281.5447692871094, 1528.3297119140625, 893.4518432617188], [1538.8084716796875, 202.81846618652344, 1778.7987060546875, 913.9561767578125], [1167.0208740234375, 321.0488586425781, 1330.3673095703125, 736.9896240234375], [117.1188735961914, 534.617431640625, 191.2427520751953, 747.4754028320312], [464.46893310546875, 416.7221984863281, 579.6115112304688, 723.7943115234375], [349.3554992675781, 453.149169921875, 440.9961242675781, 719.0932006835938], [27.10027313232422, 496.54473876953125, 115.55325317382812, 750.484619140625]]","[0.67626953125, 0.82763671875, 0.708984375, 0.401611328125, 0.6943359375, 0.60888671875, 0.53125]","[[1411.372314453125, 893.4518432617188], [1658.8035888671875, 913.9561767578125], [1248.694091796875, 736.9896240234375], [154.18081283569336, 747.4754028320312], [522.0402221679688, 723.7943115234375], [395.1758117675781, 719.0932006835938], [71.32676315307617, 750.484619140625]]",424689664,410255360,424689664,640,yolo26n_int8_640_ncnn_model,MOT17-09
113,80.46549599998798,0.0,7,"[1, 5, 15, 6, 3, 89, 57]","[[1286.9600830078125, 278.5052795410156, 1524.403564453125, 896.8784790039062], [1529.3421630859375, 207.1719207763672, 1771.236083984375, 925.9370727539062], [1174.0596923828125, 321.11541748046875, 1333.5277099609375, 734.7748413085938], [117.0285415649414, 535.7088012695312, 190.3623504638672, 745.7924194335938], [462.4861145019531, 416.2915344238281, 577.7293701171875, 725.8606567382812], [349.612548828125, 452.9288024902344, 441.23748779296875, 720.1744384765625], [28.799476623535156, 500.0687255859375, 115.86873626708984, 750.607666015625]]","[0.73974609375, 0.81201171875, 0.6474609375, 0.382568359375, 0.6826171875, 0.576171875, 0.464111328125]","[[1405.6818237304688, 896.8784790039062], [1650.2891235351562, 925.9370727539062], [1253.793701171875, 734.7748413085938], [153.6954460144043, 745.7924194335938], [520.1077423095703, 725.8606567382812], [395.4250183105469, 720.1744384765625], [72.3341064453125, 750.607666015625]]",424689664,410255360,424689664,640,yolo26n_int8_640_ncnn_model,MOT17-09
114,81.36162499999955,0.0,7,"[1, 5, 15, 6, 3, 89, 57]","[[1277.5560302734375, 273.7304382324219, 1518.06298828125, 899.8580932617188], [1524.2650146484375, 208.86053466796875, 1768.2589111328125, 934.334716796875], [1177.6898193359375, 320.1292724609375, 1334.10888671875, 733.052978515625], [115.44020080566406, 529.8958129882812, 190.58135986328125, 747.3882446289062], [461.0775146484375, 414.414794921875, 575.7080078125, 724.401123046875], [351.8052978515625, 450.6084289550781, 445.01458740234375, 722.7811889648438], [27.21485137939453, 500.37493896484375, 115.20246124267578, 752.6553344726562]]","[0.7685546875, 0.7998046875, 0.5810546875, 0.3251953125, 0.68017578125, 0.5732421875, 0.488525390625]","[[1397.8095092773438, 899.8580932617188], [1646.261962890625, 934.334716796875], [1255.8993530273438, 733.052978515625], [153.01078033447266, 747.3882446289062], [518.3927612304688, 724.401123046875], [398.4099426269531, 722.7811889648438], [71.20865631103516, 752.6553344726562]]",424689664,410255360,424689664,640,yolo26n_int8_640_ncnn_model,MOT17-09
115,81.80951400004233,0.0,7,"[1, 5, 15, 6, 3, 89, 57]","[[1278.3348388671875, 278.11907958984375, 1517.562255859375, 898.7376098632812], [1519.6358642578125, 206.21554565429688, 1766.2816162109375, 941.7342529296875], [1180.6905517578125, 320.8755798339844, 1333.1251220703125, 730.3889770507812], [117.16020965576172, 531.905517578125, 190.67613220214844, 744.7948608398438], [461.87359619140625, 417.6689758300781, 575.5865478515625, 725.8040161132812], [352.6138916015625, 449.47918701171875, 445.3554382324219, 722.0205078125], [26.562950134277344, 491.3018798828125, 117.05327606201172, 750.6917724609375]]","[0.75244140625, 0.78466796875, 0.38720703125, 0.38330078125, 0.69921875, 0.5625, 0.4990234375]","[[1397.9485473632812, 898.7376098632812], [1642.958740234375, 941.7342529296875], [1256.9078369140625, 730.3889770507812], [153.91817092895508, 744.7948608398438], [518.7300720214844, 725.8040161132812], [398.9846649169922, 722.0205078125], [71.80811309814453, 750.6917724609375]]",424689664,410255360,424689664,640,yolo26n_int8_640_ncnn_model,MOT17-09
116,81.30438500006676,0.0,7,"[1, 5, 15, 6, 3, 89, 57]","[[1265.0709228515625, 275.2032165527344, 1507.6817626953125, 905.9103393554688], [1516.351318359375, 204.49334716796875, 1763.4920654296875, 946.1513061523438], [1185.9176025390625, 322.5242004394531, 1335.1031494140625, 728.1197509765625], [115.63796997070312, 525.0064086914062, 191.2899627685547, 746.5037231445312], [459.29925537109375, 416.44464111328125, 571.987060546875, 724.8365478515625], [354.1529235839844, 450.2791442871094, 446.06915283203125, 722.4307250976562], [26.73652458190918, 490.343994140625, 117.81659698486328, 751.4254150390625]]","[0.7490234375, 0.77001953125, 0.291015625, 0.359130859375, 0.69189453125, 0.50830078125, 0.480224609375]","[[1386.3763427734375, 905.9103393554688], [1639.9216918945312, 946.1513061523438], [1260.5103759765625, 728.1197509765625], [153.4639663696289, 746.5037231445312], [515.6431579589844, 724.8365478515625], [400.1110382080078, 722.4307250976562], [72.27656078338623, 751.4254150390625]]",424689664,410255360,424689664,640,yolo26n_int8_640_ncnn_model,MOT17-09
117,80.78182899998865,0.0,6,"[1, 5, 6, 3, 89, 57]","[[1257.52197265625, 282.3783264160156, 1500.960205078125, 915.0684204101562], [1514.3431396484375, 203.7410888671875, 1761.58984375, 945.860595703125], [116.32514953613281, 526.3715209960938, 192.45932006835938, 751.0341796875], [457.81121826171875, 413.7612609863281, 569.679931640625, 721.7356567382812], [354.47265625, 449.5980529785156, 445.97039794921875, 722.5573120117188], [25.015623092651367, 490.24456787109375, 116.31721496582031, 749.4952392578125]]","[0.79248046875, 0.75537109375, 0.343505859375, 0.68115234375, 0.583984375, 0.4501953125]","[[1379.2410888671875, 915.0684204101562], [1637.9664916992188, 945.860595703125], [154.3922348022461, 751.0341796875], [513.7455749511719, 721.7356567382812], [400.2215270996094, 722.5573120117188], [70.66641902923584, 749.4952392578125]]",424689664,410255360,424689664,640,yolo26n_int8_640_ncnn_model,MOT17-09
118,81.43425499997647,0.0,6,"[1, 5, 6, 3, 89, 57]","[[1244.9222412109375, 277.560546875, 1494.7607421875, 928.1044921875], [1500.6591796875, 202.2569580078125, 1750.520751953125, 955.6953125], [116.3539047241211, 523.7578735351562, 191.92401123046875, 749.1119384765625], [455.4490051269531, 411.0235290527344, 568.662353515625, 725.2613525390625], [351.8100280761719, 445.39141845703125, 444.14825439453125, 724.554443359375], [25.568370819091797, 488.49749755859375, 117.24933624267578, 748.5128784179688]]","[0.71826171875, 0.7607421875, 0.3212890625, 0.701171875, 0.50732421875, 0.544921875]","[[1369.8414916992188, 928.1044921875], [1625.5899658203125, 955.6953125], [154.13895797729492, 749.1119384765625], [512.0556793212891, 725.2613525390625], [397.97914123535156, 724.554443359375], [71.40885353088379, 748.5128784179688]]",424689664,410255360,424689664,640,yolo26n_int8_640_ncnn_model,MOT17-09
119,80.71203300005436,0.0,7,"[1, 5, 6, 3, 89, 57, 84]","[[1233.251220703125, 275.6419372558594, 1486.0052490234375, 936.9755859375], [1494.2152099609375, 188.61402893066406, 1747.892333984375, 956.7340698242188], [116.24685668945312, 526.2220458984375, 190.3521728515625, 748.8395385742188], [453.033447265625, 408.04779052734375, 565.9176025390625, 722.6544189453125], [351.9177551269531, 434.50360107421875, 446.1797790527344, 723.81689453125], [26.104637145996094, 488.3542785644531, 118.13832092285156, 749.6345825195312], [33.71524429321289, 551.407470703125, 114.26585388183594, 753.7542724609375]]","[0.7900390625, 0.7763671875, 0.3662109375, 0.7109375, 0.52685546875, 0.57666015625, 0.255859375]","[[1359.6282348632812, 936.9755859375], [1621.0537719726562, 956.7340698242188], [153.2995147705078, 748.8395385742188], [509.47552490234375, 722.6544189453125], [399.04876708984375, 723.81689453125], [72.12147903442383, 749.6345825195312], [73.99054908752441, 753.7542724609375]]",424689664,410255360,424689664,640,yolo26n_int8_640_ncnn_model,MOT17-09
120,81.24190299986367,0.0,6,"[1, 5, 6, 3, 89, 57]","[[1220.7784423828125, 279.2190246582031, 1476.4073486328125, 945.7559814453125], [1490.1964111328125, 183.43679809570312, 1746.85009765625, 964.8123168945312], [118.20366668701172, 520.0263671875, 192.57168579101562, 743.0281982421875], [451.0226745605469, 404.9638977050781, 565.0234375, 723.6170043945312], [352.5488586425781, 437.17132568359375, 444.35333251953125, 723.5126342773438], [26.71335220336914, 487.830322265625, 118.99031829833984, 750.5628051757812]]","[0.79541015625, 0.7568359375, 0.368408203125, 0.72509765625, 0.55419921875, 0.60302734375]","[[1348.5928955078125, 945.7559814453125], [1618.5232543945312, 964.8123168945312], [155.38767623901367, 743.0281982421875], [508.02305603027344, 723.6170043945312], [398.4510955810547, 723.5126342773438], [72.85183525085449, 750.5628051757812]]",424689664,410255360,424689664,640,yolo26n_int8_640_ncnn_model,MOT17-09
121,80.85073600000214,0.0,6,"[1, 5, 6, 3, 89, 57]","[[1206.545166015625, 279.7874755859375, 1465.0191650390625, 947.8740844726562], [1480.40234375, 156.38572692871094, 1745.30712890625, 969.4924926757812], [118.18585968017578, 515.4990234375, 193.29354858398438, 741.083984375], [449.898193359375, 403.8322448730469, 564.1292114257812, 723.9808959960938], [351.2395324707031, 438.2962646484375, 442.12457275390625, 725.3331298828125], [27.147693634033203, 488.1475524902344, 118.91537475585938, 750.4261474609375]]","[0.80615234375, 0.775390625, 0.322998046875, 0.705078125, 0.544921875, 0.50732421875]","[[1335.7821655273438, 947.8740844726562], [1612.854736328125, 969.4924926757812], [155.73970413208008, 741.083984375], [507.0137023925781, 723.9808959960938], [396.6820526123047, 725.3331298828125], [73.03153419494629, 750.4261474609375]]",424689664,410255360,424689664,640,yolo26n_int8_640_ncnn_model,MOT17-09
122,111.90721000002668,0.0,7,"[1, 5, 6, 3, 89, 57, 84]","[[1191.34521484375, 271.9326477050781, 1454.246337890625, 944.8252563476562], [1472.021484375, 129.2089385986328, 1741.8890380859375, 962.9506225585938], [117.35842895507812, 516.0419311523438, 192.15988159179688, 740.11572265625], [448.3316345214844, 403.2005310058594, 563.0307006835938, 725.3475341796875], [350.6153564453125, 440.97589111328125, 440.36163330078125, 726.7406616210938], [30.067012786865234, 492.4957580566406, 119.33345794677734, 749.1392211914062], [37.203025817871094, 557.18310546875, 114.47945404052734, 752.7633056640625]]","[0.8212890625, 0.8076171875, 0.393310546875, 0.708984375, 0.54931640625, 0.467041015625, 0.38330078125]","[[1322.7957763671875, 944.8252563476562], [1606.9552612304688, 962.9506225585938], [154.7591552734375, 740.11572265625], [505.68116760253906, 725.3475341796875], [395.4884948730469, 726.7406616210938], [74.70023536682129, 749.1392211914062], [75.84123992919922, 752.7633056640625]]",424689664,410255360,424689664,640,yolo26n_int8_640_ncnn_model,MOT17-09
123,198.8403160000871,0.0,7,"[1, 5, 6, 3, 89, 57, 84]","[[1175.48291015625, 263.44683837890625, 1444.0782470703125, 945.1061401367188], [1468.445556640625, 119.01561737060547, 1739.2867431640625, 959.9981079101562], [116.2664566040039, 522.4981079101562, 190.2560272216797, 744.4668579101562], [446.5532531738281, 402.0195007324219, 561.8992919921875, 727.8310546875], [341.4803771972656, 444.0065002441406, 432.2433166503906, 731.1995239257812], [30.653907775878906, 495.41656494140625, 119.56058502197266, 752.395751953125], [37.07572937011719, 556.8455810546875, 114.03202056884766, 752.8518676757812]]","[0.8271484375, 0.8505859375, 0.41162109375, 0.71826171875, 0.4970703125, 0.472412109375, 0.33642578125]","[[1309.7805786132812, 945.1061401367188], [1603.8661499023438, 959.9981079101562], [153.2612419128418, 744.4668579101562], [504.2262725830078, 727.8310546875], [386.8618469238281, 731.1995239257812], [75.10724639892578, 752.395751953125], [75.55387496948242, 752.8518676757812]]",424689664,410255360,424689664,640,yolo26n_int8_640_ncnn_model,MOT17-09
124,82.16388499999994,0.0,7,"[1, 5, 6, 3, 89, 57, 84]","[[1158.85107421875, 261.2403564453125, 1430.7880859375, 945.0897827148438], [1465.2987060546875, 115.3227310180664, 1736.5330810546875, 962.6168212890625], [115.92192840576172, 522.0101928710938, 189.08905029296875, 741.1696166992188], [445.9070739746094, 402.83856201171875, 560.5293579101562, 727.53662109375], [337.7597961425781, 443.1984558105469, 429.42193603515625, 732.8558959960938], [30.755590438842773, 497.7378234863281, 118.06364440917969, 750.3814086914062], [34.86060333251953, 548.7403564453125, 115.3076400756836, 756.8778686523438]]","[0.82763671875, 0.8505859375, 0.427490234375, 0.7177734375, 0.51318359375, 0.47021484375, 0.357421875]","[[1294.819580078125, 945.0897827148438], [1600.9158935546875, 962.6168212890625], [152.50548934936523, 741.1696166992188], [503.2182159423828, 727.53662109375], [383.5908660888672, 732.8558959960938], [74.40961742401123, 750.3814086914062], [75.08412170410156, 756.8778686523438]]",424689664,410255360,424689664,640,yolo26n_int8_640_ncnn_model,MOT17-09
125,81.04564399991432,0.0,8,"[1, 5, 6, 3, 89, 57, 84, 124]","[[1147.156494140625, 259.4926452636719, 1421.8497314453125, 944.955078125], [1463.1995849609375, 110.99600982666016, 1734.7608642578125, 963.776611328125], [116.56147766113281, 527.5703125, 188.8825225830078, 745.1580810546875], [445.4275817871094, 402.95208740234375, 560.3245849609375, 729.6253051757812], [336.5505065917969, 435.7666931152344, 429.6591796875, 730.73876953125], [31.66910743713379, 498.8495178222656, 117.96630859375, 749.3619384765625], [35.15897750854492, 548.93798828125, 115.27214813232422, 758.1058349609375], [1160.91162109375, 277.38751220703125, 1597.58837890625, 943.0125122070312]]","[0.82470703125, 0.85205078125, 0.474853515625, 0.7041015625, 0.4951171875, 0.453857421875, 0.35693359375, 0.418212890625]","[[1284.5031127929688, 944.955078125], [1598.980224609375, 963.776611328125], [152.7220001220703, 745.1580810546875], [502.87608337402344, 729.6253051757812], [383.10484313964844, 730.73876953125], [74.8177080154419, 749.3619384765625], [75.21556282043457, 758.1058349609375], [1379.25, 943.0125122070312]]",424689664,410255360,424689664,640,yolo26n_int8_640_ncnn_model,MOT17-09
126,81.62973699995746,0.0,7,"[1, 5, 6, 3, 89, 57, 84]","[[1132.4925537109375, 271.56744384765625, 1409.6685791015625, 959.669677734375], [1456.7711181640625, 113.49555969238281, 1726.3609619140625, 962.1754150390625], [116.1876220703125, 520.9552612304688, 190.5489044189453, 746.4136352539062], [445.0585021972656, 402.0419921875, 560.5078735351562, 730.3998413085938], [340.77484130859375, 435.6486511230469, 433.9301452636719, 731.1210327148438], [31.096643447875977, 496.24700927734375, 118.20097351074219, 747.9866943359375], [34.79269027709961, 548.0621948242188, 115.49500274658203, 759.5593872070312]]","[0.62353515625, 0.84326171875, 0.48583984375, 0.712890625, 0.6044921875, 0.46630859375, 0.255859375]","[[1271.08056640625, 959.669677734375], [1591.5660400390625, 962.1754150390625], [153.3682632446289, 746.4136352539062], [502.78318786621094, 730.3998413085938], [387.3524932861328, 731.1210327148438], [74.64880847930908, 747.9866943359375], [75.14384651184082, 759.5593872070312]]",424689664,410255360,424689664,640,yolo26n_int8_640_ncnn_model,MOT17-09
127,80.71582999991733,0.0,7,"[1, 5, 6, 3, 89, 57, 125]","[[1131.42578125, 269.7160949707031, 1409.080078125, 952.9948120117188], [1447.4873046875, 106.3770980834961, 1720.471923828125, 965.8832397460938], [115.45026397705078, 512.3843383789062, 193.72735595703125, 753.973876953125], [444.12921142578125, 400.0028076171875, 559.46826171875, 729.4413452148438], [343.05413818359375, 429.4942932128906, 438.421630859375, 731.479736328125], [29.51773452758789, 492.775634765625, 118.58197784423828, 749.96435546875], [1453.924560546875, 118.05000305175781, 1836.4754638671875, 982.3499755859375]]","[0.6435546875, 0.83251953125, 0.52099609375, 0.685546875, 0.6240234375, 0.50830078125, 0.58837890625]","[[1270.2529296875, 952.9948120117188], [1583.9796142578125, 965.8832397460938], [154.58880996704102, 753.973876953125], [501.7987365722656, 729.4413452148438], [390.7378845214844, 731.479736328125], [74.04985618591309, 749.96435546875], [1645.2000122070312, 982.3499755859375]]",424689664,410255360,424689664,640,yolo26n_int8_640_ncnn_model,MOT17-09
128,81.30390399992393,0.0,7,"[1, 5, 6, 3, 89, 57, 125]","[[1136.1575927734375, 267.6751708984375, 1418.3546142578125, 959.5560302734375], [1432.1409912109375, 113.15778350830078, 1704.9324951171875, 967.712890625], [114.85920715332031, 511.5417175292969, 193.20555114746094, 756.3601684570312], [443.9427490234375, 399.7520751953125, 558.9728393554688, 730.5335083007812], [342.2002868652344, 422.30865478515625, 439.4045715332031, 730.6145629882812], [30.309877395629883, 498.11883544921875, 118.12968444824219, 751.944580078125], [1458.8792724609375, 130.91046142578125, 1829.69970703125, 965.3923950195312]]","[0.71923828125, 0.81982421875, 0.51806640625, 0.6845703125, 0.59423828125, 0.51123046875, 0.625]","[[1277.256103515625, 959.5560302734375], [1568.5367431640625, 967.712890625], [154.03237915039062, 756.3601684570312], [501.4577941894531, 730.5335083007812], [390.80242919921875, 730.6145629882812], [74.21978092193604, 751.944580078125], [1644.2894897460938, 965.3923950195312]]",424689664,410255360,424689664,640,yolo26n_int8_640_ncnn_model,MOT17-09
129,80.48245999998471,0.0,7,"[1, 5, 6, 3, 89, 57, 125]","[[1134.387451171875, 260.54315185546875, 1420.0440673828125, 964.3917236328125], [1421.812744140625, 134.73214721679688, 1691.9698486328125, 967.3399047851562], [113.96825408935547, 510.0580749511719, 192.06027221679688, 756.5347290039062], [444.0035400390625, 397.7206726074219, 558.718994140625, 730.9317626953125], [339.4144592285156, 427.64715576171875, 436.3768310546875, 731.9637451171875], [26.991193771362305, 490.474853515625, 117.0895767211914, 750.467529296875], [1451.2353515625, 152.47152709960938, 1817.837158203125, 971.9053955078125]]","[0.62060546875, 0.82470703125, 0.52978515625, 0.66650390625, 0.619140625, 0.51611328125, 0.56005859375]","[[1277.2157592773438, 964.3917236328125], [1556.8912963867188, 967.3399047851562], [153.01426315307617, 756.5347290039062], [501.36126708984375, 730.9317626953125], [387.89564514160156, 731.9637451171875], [72.04038524627686, 750.467529296875], [1634.5362548828125, 971.9053955078125]]",424689664,410255360,424689664,640,yolo26n_int8_640_ncnn_model,MOT17-09
130,80.76134799989632,0.0,7,"[1, 5, 6, 3, 89, 57, 84]","[[1134.43603515625, 256.2669982910156, 1422.408203125, 972.6134643554688], [1408.7781982421875, 142.44432067871094, 1680.7391357421875, 966.8488159179688], [114.79671478271484, 515.1515502929688, 191.29501342773438, 758.7554931640625], [443.73968505859375, 395.5054626464844, 558.9691772460938, 732.5415649414062], [336.08404541015625, 433.0248718261719, 434.47320556640625, 737.14892578125], [27.788206100463867, 490.088134765625, 117.68143463134766, 749.4238891601562], [38.24284362792969, 556.7522583007812, 113.70610809326172, 753.818603515625]]","[0.65625, 0.796875, 0.53564453125, 0.6826171875, 0.640625, 0.494140625, 0.27734375]","[[1278.422119140625, 972.6134643554688], [1544.7586669921875, 966.8488159179688], [153.0458641052246, 758.7554931640625], [501.35443115234375, 732.5415649414062], [385.27862548828125, 737.14892578125], [72.73482036590576, 749.4238891601562], [75.9744758605957, 753.818603515625]]",424689664,410255360,424689664,640,yolo26n_int8_640_ncnn_model,MOT17-09
131,80.48836700004358,0.0,7,"[1, 5, 6, 3, 89, 57, 84]","[[1126.7154541015625, 253.8278350830078, 1415.856689453125, 975.5216674804688], [1394.7642822265625, 146.1321258544922, 1672.2706298828125, 976.7855834960938], [115.66899871826172, 524.8057861328125, 188.85162353515625, 757.8433837890625], [443.3791198730469, 392.4890441894531, 558.3947143554688, 731.4161987304688], [334.90350341796875, 431.1537170410156, 435.1699523925781, 737.109375], [31.001543045043945, 494.90618896484375, 119.58863830566406, 751.9913330078125], [39.315303802490234, 559.9954223632812, 113.35982513427734, 753.065673828125]]","[0.7646484375, 0.77099609375, 0.533203125, 0.69287109375, 0.63330078125, 0.427001953125, 0.314697265625]","[[1271.2860717773438, 975.5216674804688], [1533.5174560546875, 976.7855834960938], [152.26031112670898, 757.8433837890625], [500.8869171142578, 731.4161987304688], [385.03672790527344, 737.109375], [75.295090675354, 751.9913330078125], [76.33756446838379, 753.065673828125]]",424689664,410255360,424689664,640,yolo26n_int8_640_ncnn_model,MOT17-09
132,81.67390299990984,0.0,7,"[1, 5, 6, 3, 89, 57, 126]","[[1124.7625732421875, 251.7338409423828, 1414.7132568359375, 978.6974487304688], [1389.9886474609375, 148.5280303955078, 1669.1207275390625, 981.4301147460938], [115.08267211914062, 525.2841186523438, 188.3408660888672, 758.686767578125], [441.5542297363281, 397.775146484375, 557.9464111328125, 743.2611083984375], [334.4466247558594, 428.2530517578125, 436.9481506347656, 737.3018188476562], [28.320226669311523, 496.4983215332031, 116.4523696899414, 750.2361450195312], [1354.7537841796875, 356.32501220703125, 1445.4461669921875, 704.4749755859375]]","[0.7470703125, 0.794921875, 0.49609375, 0.70458984375, 0.6474609375, 0.35498046875, 0.39697265625]","[[1269.7379150390625, 978.6974487304688], [1529.5546875, 981.4301147460938], [151.7117691040039, 758.686767578125], [499.7503204345703, 743.2611083984375], [385.6973876953125, 737.3018188476562], [72.38629817962646, 750.2361450195312], [1400.0999755859375, 704.4749755859375]]",424689664,410255360,424689664,640,yolo26n_int8_640_ncnn_model,MOT17-09
133,80.8395329997893,0.0,5,"[1, 5, 6, 3, 89]","[[1110.086181640625, 254.18951416015625, 1402.142333984375, 991.2997436523438], [1381.655517578125, 150.19509887695312, 1664.1639404296875, 991.2496948242188], [115.72029876708984, 522.4784545898438, 189.41441345214844, 757.9788208007812], [440.5254821777344, 398.841064453125, 557.1765747070312, 746.7566528320312], [333.8336486816406, 427.66864013671875, 437.1078186035156, 736.8488159179688]]","[0.73486328125, 0.798828125, 0.5107421875, 0.7158203125, 0.642578125]","[[1256.1142578125, 991.2997436523438], [1522.9097290039062, 991.2496948242188], [152.56735610961914, 757.9788208007812], [498.8510284423828, 746.7566528320312], [385.4707336425781, 736.8488159179688]]",424689664,410255360,424689664,640,yolo26n_int8_640_ncnn_model,MOT17-09
134,81.1348669999461,0.0,5,"[1, 5, 6, 3, 89]","[[1099.3016357421875, 253.59877014160156, 1395.0760498046875, 1005.3954467773438], [1373.037109375, 150.58270263671875, 1660.3861083984375, 1006.9365844726562], [116.0328598022461, 523.6343994140625, 189.38612365722656, 758.4208374023438], [441.2510986328125, 390.197265625, 557.28662109375, 738.4681396484375], [332.1636962890625, 427.9763488769531, 436.6556396484375, 738.1177368164062]]","[0.80712890625, 0.81787109375, 0.50390625, 0.7333984375, 0.6708984375]","[[1247.1888427734375, 1005.3954467773438], [1516.7116088867188, 1006.9365844726562], [152.70949172973633, 758.4208374023438], [499.26885986328125, 738.4681396484375], [384.40966796875, 738.1177368164062]]",424689664,410255360,424689664,640,yolo26n_int8_640_ncnn_model,MOT17-09
135,90.58988299989323,0.0,5,"[1, 5, 6, 3, 89]","[[1085.8387451171875, 255.00575256347656, 1380.659912109375, 1010.0240478515625], [1366.747802734375, 146.3114013671875, 1655.5880126953125, 1008.345458984375], [117.80377960205078, 517.8842163085938, 190.45213317871094, 747.9085083007812], [441.69287109375, 386.665283203125, 557.2201538085938, 735.4764404296875], [331.94915771484375, 429.358642578125, 437.0708312988281, 739.3099365234375]]","[0.80908203125, 0.8671875, 0.53125, 0.73974609375, 0.69873046875]","[[1233.2493286132812, 1010.0240478515625], [1511.1679077148438, 1008.345458984375], [154.12795639038086, 747.9085083007812], [499.4565124511719, 735.4764404296875], [384.50999450683594, 739.3099365234375]]",424689664,410255360,424689664,640,yolo26n_int8_640_ncnn_model,MOT17-09
136,81.67901499996333,0.0,6,"[1, 5, 6, 3, 89, 127]","[[1072.549560546875, 249.47866821289062, 1368.013427734375, 1011.8347778320312], [1356.8760986328125, 134.83401489257812, 1648.97900390625, 1005.7431640625], [117.75634002685547, 516.4483642578125, 190.57968139648438, 748.1337280273438], [441.4051208496094, 394.2361145019531, 556.7101440429688, 743.1762084960938], [330.78228759765625, 429.9143981933594, 436.86053466796875, 741.7057495117188], [0.0, 414.2250061035156, 166.12257385253906, 928.5750122070312]]","[0.8056640625, 0.8642578125, 0.51904296875, 0.7431640625, 0.69384765625, 0.451416015625]","[[1220.281494140625, 1011.8347778320312], [1502.9275512695312, 1005.7431640625], [154.16801071166992, 748.1337280273438], [499.05763244628906, 743.1762084960938], [383.8214111328125, 741.7057495117188], [83.06128692626953, 928.5750122070312]]",424689664,410255360,424689664,640,yolo26n_int8_640_ncnn_model,MOT17-09
137,80.89799699996547,0.0,6,"[1, 5, 6, 3, 89, 127]","[[1065.6812744140625, 243.0009765625, 1360.587646484375, 1006.9513549804688], [1349.386474609375, 131.4641571044922, 1642.8311767578125, 1004.5946044921875], [117.64460754394531, 517.9151611328125, 190.09423828125, 749.2230224609375], [442.5257873535156, 388.2926940917969, 557.7910766601562, 738.1963500976562], [329.97943115234375, 428.91259765625, 436.918212890625, 741.8419189453125], [0.0, 414.05035400390625, 165.56375122070312, 920.3666381835938]]","[0.8125, 0.87451171875, 0.459716796875, 0.73779296875, 0.7001953125, 0.724609375]","[[1213.1344604492188, 1006.9513549804688], [1496.1088256835938, 1004.5946044921875], [153.86942291259766, 749.2230224609375], [500.15843200683594, 738.1963500976562], [383.4488220214844, 741.8419189453125], [82.78187561035156, 920.3666381835938]]",424689664,410255360,424689664,640,yolo26n_int8_640_ncnn_model,MOT17-09
138,81.4452929998879,0.0,6,"[1, 5, 6, 3, 89, 127]","[[1062.5489501953125, 240.8216552734375, 1356.87255859375, 1006.6021728515625], [1338.5048828125, 121.37496185302734, 1636.248046875, 1004.0106201171875], [117.78368377685547, 506.8349609375, 192.2010955810547, 743.4492797851562], [443.2349548339844, 386.06243896484375, 558.93896484375, 738.240234375], [326.8858337402344, 424.85150146484375, 435.31805419921875, 741.6088256835938], [0.0, 314.2374572753906, 196.2119903564453, 918.271484375]]","[0.79052734375, 0.88818359375, 0.30810546875, 0.740234375, 0.708984375, 0.7099609375]","[[1209.7107543945312, 1006.6021728515625], [1487.37646484375, 1004.0106201171875], [154.99238967895508, 743.4492797851562], [501.0869598388672, 738.240234375], [381.10194396972656, 741.6088256835938], [98.10599517822266, 918.271484375]]",424689664,410255360,424689664,640,yolo26n_int8_640_ncnn_model,MOT17-09
139,81.93640400008917,0.0,5,"[1, 5, 3, 89, 127]","[[1055.115234375, 232.69239807128906, 1352.4322509765625, 1005.82763671875], [1326.1065673828125, 115.64503479003906, 1626.7906494140625, 1003.6795654296875], [442.4285888671875, 392.39776611328125, 558.5035400390625, 745.8709716796875], [323.9783935546875, 418.9094543457031, 434.26171875, 740.9978637695312], [0.0, 277.06207275390625, 208.51766967773438, 917.4721069335938]]","[0.7646484375, 0.8857421875, 0.7509765625, 0.708984375, 0.73046875]","[[1203.7737426757812, 1005.82763671875], [1476.4486083984375, 1003.6795654296875], [500.466064453125, 745.8709716796875], [379.12005615234375, 740.9978637695312], [104.25883483886719, 917.4721069335938]]",424689664,410255360,424689664,640,yolo26n_int8_640_ncnn_model,MOT17-09
140,84.25827399992158,0.0,6,"[1, 5, 3, 89, 127, 124]","[[1037.4371337890625, 237.03318786621094, 1340.5870361328125, 1015.7116088867188], [1317.235107421875, 112.57120513916016, 1619.9906005859375, 1003.4471435546875], [443.8102111816406, 386.7231750488281, 560.1146850585938, 741.1174926757812], [322.7505187988281, 416.6780700683594, 434.01934814453125, 741.7177734375], [0.0, 257.0878601074219, 213.08737182617188, 915.4978637695312], [1130.239013671875, 132.3928680419922, 1682.1151123046875, 1000.3446655273438]]","[0.75, 0.86279296875, 0.724609375, 0.7158203125, 0.7236328125, 0.7666015625]","[[1189.0120849609375, 1015.7116088867188], [1468.6128540039062, 1003.4471435546875], [501.9624481201172, 741.1174926757812], [378.3849334716797, 741.7177734375], [106.54368591308594, 915.4978637695312], [1406.1770629882812, 1000.3446655273438]]",424689664,410255360,424689664,640,yolo26n_int8_640_ncnn_model,MOT17-09
141,92.43758599995999,0.0,5,"[1, 5, 3, 89, 127]","[[1017.9750366210938, 228.48159790039062, 1327.697021484375, 1012.0081787109375], [1302.5269775390625, 107.57215881347656, 1606.6558837890625, 1003.2645263671875], [444.1910400390625, 385.325439453125, 560.3956909179688, 738.5279541015625], [320.01165771484375, 415.8759460449219, 432.5688781738281, 744.9125366210938], [0.0, 252.129150390625, 212.67291259765625, 909.3416748046875]]","[0.82568359375, 0.84716796875, 0.75634765625, 0.6982421875, 0.74658203125]","[[1172.8360290527344, 1012.0081787109375], [1454.5914306640625, 1003.2645263671875], [502.2933654785156, 738.5279541015625], [376.29026794433594, 744.9125366210938], [106.33645629882812, 909.3416748046875]]",424689664,410255360,424689664,640,yolo26n_int8_640_ncnn_model,MOT17-09
142,90.69608699996934,0.0,5,"[1, 5, 3, 89, 127]","[[997.0660400390625, 222.3428192138672, 1312.2847900390625, 1011.4354858398438], [1293.566162109375, 105.77912902832031, 1596.6571044921875, 999.1795654296875], [444.1364440917969, 386.0701904296875, 561.201171875, 741.2298583984375], [318.7150573730469, 415.622314453125, 431.3375244140625, 745.128173828125], [0.0, 255.92660522460938, 213.7285919189453, 912.3836059570312]]","[0.83251953125, 0.80419921875, 0.7451171875, 0.70703125, 0.80908203125]","[[1154.6754150390625, 1011.4354858398438], [1445.1116333007812, 999.1795654296875], [502.66880798339844, 741.2298583984375], [375.0262908935547, 745.128173828125], [106.86429595947266, 912.3836059570312]]",424689664,410255360,424689664,640,yolo26n_int8_640_ncnn_model,MOT17-09
143,83.60366300007627,0.0,5,"[1, 5, 3, 89, 127]","[[982.5341186523438, 215.43301391601562, 1308.69580078125, 1023.6279296875], [1283.9244384765625, 117.31249237060547, 1589.8536376953125, 1020.0025634765625], [444.0254211425781, 391.3194580078125, 560.1170654296875, 743.2258911132812], [317.3365173339844, 415.5812683105469, 430.58465576171875, 747.141357421875], [1.5598855018615723, 258.8388671875, 215.6905975341797, 913.5460205078125]]","[0.82177734375, 0.7919921875, 0.73974609375, 0.69384765625, 0.81640625]","[[1145.6149597167969, 1023.6279296875], [1436.8890380859375, 1020.0025634765625], [502.0712432861328, 743.2258911132812], [373.96058654785156, 747.141357421875], [108.62524151802063, 913.5460205078125]]",424689664,410255360,424689664,640,yolo26n_int8_640_ncnn_model,MOT17-09
144,84.29251500001556,0.0,5,"[1, 5, 3, 89, 127]","[[969.4866333007812, 213.1448211669922, 1302.7689208984375, 1031.83154296875], [1274.870361328125, 122.00752258300781, 1587.3572998046875, 1045.2672119140625], [443.243896484375, 393.353759765625, 559.4501342773438, 745.9481201171875], [314.4543151855469, 415.6116943359375, 428.0526123046875, 747.8762817382812], [2.724349021911621, 261.413818359375, 221.10659790039062, 927.6539916992188]]","[0.8203125, 0.80126953125, 0.72900390625, 0.6875, 0.85205078125]","[[1136.1277770996094, 1031.83154296875], [1431.1138305664062, 1045.2672119140625], [501.3470153808594, 745.9481201171875], [371.2534637451172, 747.8762817382812], [111.91547346115112, 927.6539916992188]]",424689664,410255360,424689664,640,yolo26n_int8_640_ncnn_model,MOT17-09
145,83.21197899999788,0.0,5,"[1, 5, 3, 89, 127]","[[957.7996215820312, 217.03268432617188, 1291.2464599609375, 1030.2159423828125], [1266.134521484375, 121.14592742919922, 1582.458251953125, 1059.38818359375], [442.1387939453125, 392.6396484375, 559.02587890625, 746.451171875], [312.3155517578125, 412.9606018066406, 427.45794677734375, 748.858154296875], [5.864881992340088, 255.23928833007812, 227.59225463867188, 931.0714111328125]]","[0.85498046875, 0.84765625, 0.72705078125, 0.68798828125, 0.82470703125]","[[1124.5230407714844, 1030.2159423828125], [1424.29638671875, 1059.38818359375], [500.58233642578125, 746.451171875], [369.8867492675781, 748.858154296875], [116.72856831550598, 931.0714111328125]]",424689664,410255360,424689664,640,yolo26n_int8_640_ncnn_model,MOT17-09
146,89.86858699995537,0.0,5,"[1, 5, 3, 89, 127]","[[945.7990112304688, 219.16600036621094, 1283.29541015625, 1038.771728515625], [1250.7503662109375, 116.93389892578125, 1569.726318359375, 1064.6102294921875], [442.749267578125, 393.8514099121094, 559.8240356445312, 747.102783203125], [310.40228271484375, 420.08990478515625, 427.18206787109375, 759.7515258789062], [19.63109016418457, 260.45684814453125, 241.56341552734375, 939.2470092773438]]","[0.8359375, 0.8603515625, 0.75830078125, 0.705078125, 0.802734375]","[[1114.5472106933594, 1038.771728515625], [1410.2383422851562, 1064.6102294921875], [501.2866516113281, 747.102783203125], [368.79217529296875, 759.7515258789062], [130.59725284576416, 939.2470092773438]]",424689664,410255360,424689664,640,yolo26n_int8_640_ncnn_model,MOT17-09
147,83.61599699992439,0.0,6,"[1, 5, 3, 89, 127, 57]","[[939.5337524414062, 216.37393188476562, 1278.7352294921875, 1040.661865234375], [1244.9052734375, 111.67396545410156, 1563.400390625, 1059.273681640625], [442.14495849609375, 388.3706970214844, 562.4619140625, 750.287109375], [309.2018127441406, 420.400390625, 427.6275634765625, 764.3633422851562], [39.65535354614258, 258.49871826171875, 258.8782958984375, 933.27099609375], [0.0, 390.1283874511719, 121.63618469238281, 804.7069091796875]]","[0.83056640625, 0.861328125, 0.75634765625, 0.68701171875, 0.767578125, 0.482666015625]","[[1109.1344909667969, 1040.661865234375], [1404.15283203125, 1059.273681640625], [502.3034362792969, 750.287109375], [368.41468811035156, 764.3633422851562], [149.26682472229004, 933.27099609375], [60.818092346191406, 804.7069091796875]]",424689664,410255360,424689664,640,yolo26n_int8_640_ncnn_model,MOT17-09
148,85.04732999995213,0.0,6,"[1, 5, 3, 89, 127, 57]","[[933.2739868164062, 221.27902221679688, 1273.7264404296875, 1051.0579833984375], [1234.5166015625, 113.63375854492188, 1556.0299072265625, 1070.7362060546875], [445.3863830566406, 388.27685546875, 566.3604736328125, 749.4951782226562], [306.9290771484375, 414.40789794921875, 426.2619323730469, 761.4008178710938], [74.12397766113281, 257.72833251953125, 294.2773742675781, 928.5523681640625], [0.0, 376.29229736328125, 133.5718231201172, 839.58251953125]]","[0.82861328125, 0.875, 0.77001953125, 0.69287109375, 0.74658203125, 0.56787109375]","[[1103.5002136230469, 1051.0579833984375], [1395.2732543945312, 1070.7362060546875], [505.87342834472656, 749.4951782226562], [366.5955047607422, 761.4008178710938], [184.20067596435547, 928.5523681640625], [66.7859115600586, 839.58251953125]]",424689664,410255360,424689664,640,yolo26n_int8_640_ncnn_model,MOT17-09
149,83.94083000007413,0.0,6,"[1, 5, 3, 89, 127, 57]","[[924.5487670898438, 219.7871856689453, 1267.0472412109375, 1059.30078125], [1228.307861328125, 103.88778686523438, 1553.1136474609375, 1074.6654052734375], [445.64129638671875, 387.27581787109375, 567.3729248046875, 749.1428833007812], [306.7250671386719, 414.0846862792969, 425.1497497558594, 758.222412109375], [108.49627685546875, 259.915771484375, 331.7354736328125, 924.744384765625], [0.0, 379.4430236816406, 142.06707763671875, 873.2460327148438]]","[0.82373046875, 0.87060546875, 0.76953125, 0.69873046875, 0.7451171875, 0.60595703125]","[[1095.7980041503906, 1059.30078125], [1390.7107543945312, 1074.6654052734375], [506.5071105957031, 749.1428833007812], [365.9374084472656, 758.222412109375], [220.11587524414062, 924.744384765625], [71.03353881835938, 873.2460327148438]]",424689664,410255360,424689664,640,yolo26n_int8_640_ncnn_model,MOT17-09
150,93.18992100020296,0.0,6,"[1, 5, 3, 89, 127, 57]","[[911.3462524414062, 215.59130859375, 1257.357177734375, 1065.959228515625], [1223.84814453125, 98.74465942382812, 1550.746826171875, 1080.0], [445.42767333984375, 384.1994323730469, 568.5299682617188, 748.7305297851562], [308.1890869140625, 415.9718017578125, 425.25006103515625, 754.9552001953125], [133.9958953857422, 263.5595703125, 361.9879455566406, 915.9795532226562], [0.0, 384.954345703125, 149.55584716796875, 897.2393188476562]]","[0.8408203125, 0.88427734375, 0.7646484375, 0.658203125, 0.73779296875, 0.56494140625]","[[1084.3517150878906, 1065.959228515625], [1387.2974853515625, 1080.0], [506.97882080078125, 748.7305297851562], [366.7195739746094, 754.9552001953125], [247.9919204711914, 915.9795532226562], [74.77792358398438, 897.2393188476562]]",424689664,410255360,424689664,640,yolo26n_int8_640_ncnn_model,MOT17-09
151,93.06629000002431,0.0,7,"[1, 5, 3, 89, 127, 57, 132]","[[895.4712524414062, 216.4866180419922, 1245.52099609375, 1075.67578125], [1218.0211181640625, 97.58306884765625, 1545.7239990234375, 1080.0], [445.2132568359375, 383.0551452636719, 569.0709838867188, 748.548583984375], [308.0471496582031, 414.48724365234375, 425.5769958496094, 753.9149169921875], [151.95321655273438, 272.4671325683594, 386.2445068359375, 908.5540161132812], [0.0, 385.0865173339844, 163.71115112304688, 914.8167724609375], [5.622406005859375, 366.07501220703125, 232.465087890625, 917.3250122070312]]","[0.84326171875, 0.8447265625, 0.767578125, 0.6640625, 0.69140625, 0.3251953125, 0.32666015625]","[[1070.4961242675781, 1075.67578125], [1381.87255859375, 1080.0], [507.1421203613281, 748.548583984375], [366.81207275390625, 753.9149169921875], [269.09886169433594, 908.5540161132812], [81.85557556152344, 914.8167724609375], [119.04374694824219, 917.3250122070312]]",424689664,410255360,424689664,640,yolo26n_int8_640_ncnn_model,MOT17-09
152,86.5419589999874,0.0,6,"[1, 5, 3, 89, 127, 57]","[[883.5733032226562, 211.01348876953125, 1237.670166015625, 1077.2535400390625], [1210.649658203125, 90.8470458984375, 1537.7269287109375, 1076.6263427734375], [445.4507141113281, 382.65032958984375, 569.9112548828125, 748.4556274414062], [305.82440185546875, 409.7468566894531, 423.9717712402344, 749.7926635742188], [144.06614685058594, 285.31982421875, 391.6895751953125, 912.706787109375], [13.158995628356934, 384.3511047363281, 178.9712371826172, 919.7892456054688]]","[0.85546875, 0.84814453125, 0.7705078125, 0.66943359375, 0.7109375, 0.34912109375]","[[1060.6217346191406, 1077.2535400390625], [1374.1882934570312, 1076.6263427734375], [507.6809844970703, 748.4556274414062], [364.89808654785156, 749.7926635742188], [267.8778610229492, 912.706787109375], [96.06511640548706, 919.7892456054688]]",424689664,410255360,424689664,640,yolo26n_int8_640_ncnn_model,MOT17-09
153,83.5369599999467,0.0,6,"[1, 5, 3, 89, 127, 132]","[[862.2584228515625, 203.82427978515625, 1220.755126953125, 1080.0], [1200.1251220703125, 88.11722564697266, 1527.1961669921875, 1080.0], [445.8375549316406, 376.8502197265625, 573.3587646484375, 752.1030883789062], [313.0433654785156, 412.1813049316406, 428.21624755859375, 747.9681396484375], [154.3670654296875, 285.31915283203125, 410.0895080566406, 905.31591796875], [30.51195526123047, 375.45635986328125, 250.80404663085938, 916.5825805664062]]","[0.8662109375, 0.82373046875, 0.74462890625, 0.55224609375, 0.8037109375, 0.444091796875]","[[1041.5067749023438, 1080.0], [1363.66064453125, 1080.0], [509.59815979003906, 752.1030883789062], [370.6298065185547, 747.9681396484375], [282.22828674316406, 905.31591796875], [140.65800094604492, 916.5825805664062]]",424689664,410255360,424689664,640,yolo26n_int8_640_ncnn_model,MOT17-09
154,92.47825400007059,0.0,7,"[1, 5, 3, 89, 127, 133, 132]","[[844.3265991210938, 205.54940795898438, 1203.2236328125, 1080.0], [1189.8243408203125, 82.50869750976562, 1518.222900390625, 1080.0], [447.0587158203125, 378.11663818359375, 574.0440673828125, 750.03662109375], [325.05987548828125, 405.1965026855469, 434.8006286621094, 733.3512573242188], [160.6407012939453, 276.8412780761719, 428.2127380371094, 907.2394409179688], [1478.15625, 385.5, 1586.043701171875, 679.2000122070312], [55.345802307128906, 378.1641845703125, 271.0267639160156, 916.4591064453125]]","[0.85888671875, 0.8271484375, 0.73681640625, 0.48486328125, 0.82568359375, 0.43994140625, 0.449951171875]","[[1023.7751159667969, 1080.0], [1354.0236206054688, 1080.0], [510.5513916015625, 750.03662109375], [379.9302520751953, 733.3512573242188], [294.42671966552734, 907.2394409179688], [1532.0999755859375, 679.2000122070312], [163.18628311157227, 916.4591064453125]]",424689664,410255360,424689664,640,yolo26n_int8_640_ncnn_model,MOT17-09
155,94.4626610000796,0.0,7,"[1, 5, 3, 89, 127, 133, 132]","[[824.3743286132812, 197.94944763183594, 1188.761474609375, 1080.0], [1182.381103515625, 82.1902847290039, 1511.01708984375, 1080.0], [445.9551086425781, 376.6914978027344, 574.8439331054688, 754.1406860351562], [339.67352294921875, 400.09722900390625, 436.2075500488281, 696.329833984375], [163.59230041503906, 272.197509765625, 438.4335021972656, 904.669921875], [1475.150634765625, 370.8521423339844, 1588.1480712890625, 678.298583984375], [75.44325256347656, 383.52655029296875, 286.8380126953125, 919.43603515625]]","[0.8447265625, 0.8359375, 0.7392578125, 0.45556640625, 0.80810546875, 0.49560546875, 0.55859375]","[[1006.5679016113281, 1080.0], [1346.6990966796875, 1080.0], [510.39952087402344, 754.1406860351562], [387.94053649902344, 696.329833984375], [301.01290130615234, 904.669921875], [1531.6493530273438, 678.298583984375], [181.14063262939453, 919.43603515625]]",424689664,410255360,424689664,640,yolo26n_int8_640_ncnn_model,MOT17-09
156,85.4267740000978,0.0,6,"[1, 5, 3, 127, 133, 132]","[[798.4072265625, 190.226318359375, 1169.072021484375, 1080.0], [1171.906494140625, 72.58219909667969, 1504.6861572265625, 1080.0], [451.4307556152344, 381.0972595214844, 579.5263061523438, 754.6842041015625], [181.08676147460938, 286.9532470703125, 451.1239929199219, 901.2766723632812], [1469.25634765625, 377.6871032714844, 1582.4686279296875, 683.8812255859375], [106.95704650878906, 382.5242004394531, 315.8331604003906, 918.8508911132812]]","[0.8583984375, 0.86279296875, 0.72607421875, 0.75390625, 0.5927734375, 0.6865234375]","[[983.7396240234375, 1080.0], [1338.2963256835938, 1080.0], [515.4785308837891, 754.6842041015625], [316.1053771972656, 901.2766723632812], [1525.8624877929688, 683.8812255859375], [211.39510345458984, 918.8508911132812]]",424689664,410255360,424689664,640,yolo26n_int8_640_ncnn_model,MOT17-09
157,83.74525600015659,0.0,6,"[1, 5, 3, 127, 133, 132]","[[780.2720947265625, 187.61573791503906, 1154.9403076171875, 1080.0], [1163.9169921875, 61.91310119628906, 1500.9442138671875, 1080.0], [454.1782531738281, 388.7767333984375, 583.1073608398438, 761.7828979492188], [196.42324829101562, 278.23321533203125, 466.8641357421875, 894.5445556640625], [1466.0174560546875, 372.2212219238281, 1581.7933349609375, 683.0448608398438], [122.24726104736328, 382.0115051269531, 326.6998596191406, 912.3562622070312]]","[0.869140625, 0.873046875, 0.7333984375, 0.72998046875, 0.65625, 0.72119140625]","[[967.606201171875, 1080.0], [1332.4306030273438, 1080.0], [518.6428070068359, 761.7828979492188], [331.64369201660156, 894.5445556640625], [1523.9053955078125, 683.0448608398438], [224.47356033325195, 912.3562622070312]]",424689664,410255360,424689664,640,yolo26n_int8_640_ncnn_model,MOT17-09
158,83.73649699979069,0.0,8,"[1, 5, 3, 127, 133, 132, 134, 135]","[[756.5676879882812, 186.4892578125, 1134.850341796875, 1080.0], [1153.106689453125, 48.15607833862305, 1496.0650634765625, 1080.0], [456.867919921875, 389.9527893066406, 586.682373046875, 764.1754150390625], [220.3360595703125, 276.830810546875, 485.6694641113281, 890.3871459960938], [1466.7218017578125, 372.0729675292969, 1584.249267578125, 685.354248046875], [136.297119140625, 389.2048645019531, 330.7157897949219, 894.2166748046875], [129.81402587890625, 378.375, 432.68597412109375, 885.2249755859375], [213.5025177001953, 294.29998779296875, 590.7974853515625, 892.2000122070312]]","[0.857421875, 0.89453125, 0.724609375, 0.63720703125, 0.57421875, 0.7021484375, 0.36474609375, 0.387939453125]","[[945.7090148925781, 1080.0], [1324.5858764648438, 1080.0], [521.775146484375, 764.1754150390625], [353.0027618408203, 890.3871459960938], [1525.4855346679688, 685.354248046875], [233.50645446777344, 894.2166748046875], [281.25, 885.2249755859375], [402.1500015258789, 892.2000122070312]]",424689664,410255360,424689664,640,yolo26n_int8_640_ncnn_model,MOT17-09
159,83.70147800019367,0.0,9,"[1, 5, 3, 127, 133, 132, 135, 84, 6]","[[747.5367431640625, 183.21978759765625, 1128.205322265625, 1080.0], [1143.067138671875, 42.321109771728516, 1488.89453125, 1080.0], [457.12420654296875, 389.6426086425781, 588.6994018554688, 766.7518310546875], [240.88954162597656, 277.6578369140625, 498.5571594238281, 893.6517333984375], [1471.4803466796875, 373.1949462890625, 1589.1552734375, 685.075927734375], [148.56439208984375, 387.7731628417969, 346.311279296875, 899.9663696289062], [224.5755615234375, 289.2980041503906, 604.9368896484375, 896.0454711914062], [23.329402923583984, 499.0014343261719, 119.79176330566406, 755.2630004882812], [115.8253173828125, 509.7744140625, 192.87033081054688, 760.1737670898438]]","[0.82861328125, 0.888671875, 0.720703125, 0.75, 0.59765625, 0.68701171875, 0.591796875, 0.451904296875, 0.387939453125]","[[937.8710327148438, 1080.0], [1315.9808349609375, 1080.0], [522.9118041992188, 766.7518310546875], [369.72335052490234, 893.6517333984375], [1530.3178100585938, 685.075927734375], [247.43783569335938, 899.9663696289062], [414.7562255859375, 896.0454711914062], [71.56058311462402, 755.2630004882812], [154.3478240966797, 760.1737670898438]]",424689664,410255360,424689664,640,yolo26n_int8_640_ncnn_model,MOT17-09
160,83.90695999992204,0.0,8,"[1, 5, 3, 127, 133, 132, 84, 6]","[[742.9774780273438, 178.6350555419922, 1124.890380859375, 1080.0], [1133.2974853515625, 36.35507583618164, 1482.8321533203125, 1080.0], [461.1602783203125, 391.72772216796875, 592.8141479492188, 768.4081420898438], [271.2039794921875, 278.0589599609375, 526.152587890625, 904.8937377929688], [1479.7392578125, 370.6117248535156, 1596.901123046875, 681.8145141601562], [158.85543823242188, 384.4039306640625, 357.89642333984375, 895.6954956054688], [24.068214416503906, 497.929443359375, 119.51319122314453, 752.4757080078125], [116.86821746826172, 517.8780517578125, 190.6124267578125, 759.8858032226562]]","[0.85498046875, 0.8935546875, 0.66943359375, 0.71923828125, 0.56396484375, 0.7216796875, 0.398193359375, 0.40380859375]","[[933.9339294433594, 1080.0], [1308.0648193359375, 1080.0], [526.9872131347656, 768.4081420898438], [398.67828369140625, 904.8937377929688], [1538.3201904296875, 681.8145141601562], [258.3759307861328, 895.6954956054688], [71.79070281982422, 752.4757080078125], [153.7403221130371, 759.8858032226562]]",424689664,410255360,424689664,640,yolo26n_int8_640_ncnn_model,MOT17-09
161,83.95270100004382,0.0,8,"[1, 5, 3, 127, 133, 132, 84, 6]","[[749.8008422851562, 177.4904327392578, 1127.871826171875, 1080.0], [1123.856201171875, 29.359895706176758, 1476.9774169921875, 1080.0], [468.09576416015625, 392.0123596191406, 598.25927734375, 767.487548828125], [303.5820007324219, 282.9632568359375, 552.522216796875, 907.4465942382812], [1491.6531982421875, 376.11968994140625, 1607.148193359375, 683.3917236328125], [175.3558807373047, 381.5411682128906, 374.7501220703125, 888.6449584960938], [26.128183364868164, 491.57244873046875, 122.21148681640625, 750.59130859375], [117.3763198852539, 516.1589965820312, 189.18154907226562, 750.219970703125]]","[0.81396484375, 0.9052734375, 0.65234375, 0.7900390625, 0.546875, 0.73193359375, 0.274169921875, 0.44091796875]","[[938.8363342285156, 1080.0], [1300.4168090820312, 1080.0], [533.1775207519531, 767.487548828125], [428.05210876464844, 907.4465942382812], [1549.4006958007812, 683.3917236328125], [275.0530014038086, 888.6449584960938], [74.1698350906372, 750.59130859375], [153.27893447875977, 750.219970703125]]",424689664,410255360,424689664,640,yolo26n_int8_640_ncnn_model,MOT17-09
162,84.06103400011489,0.0,9,"[1, 5, 3, 127, 133, 132, 84, 6, 134]","[[748.603515625, 172.24124145507812, 1124.881103515625, 1080.0], [1113.3248291015625, 24.922847747802734, 1469.470703125, 1080.0], [471.5358581542969, 392.841552734375, 600.8565673828125, 772.2720947265625], [333.23388671875, 281.4493408203125, 575.170654296875, 897.0396728515625], [1497.41259765625, 378.22979736328125, 1611.4710693359375, 678.868896484375], [190.68930053710938, 379.6648864746094, 389.95458984375, 882.866943359375], [28.2274169921875, 493.8075866699219, 121.28883361816406, 749.1414794921875], [118.30572509765625, 518.5215454101562, 188.80450439453125, 745.6104125976562], [207.09107971191406, 389.628173828125, 501.7000427246094, 877.7470703125]]","[0.83544921875, 0.88720703125, 0.50927734375, 0.7919921875, 0.63134765625, 0.64990234375, 0.282958984375, 0.452392578125, 0.443603515625]","[[936.7423095703125, 1080.0], [1291.3977661132812, 1080.0], [536.1962127685547, 772.2720947265625], [454.2022705078125, 897.0396728515625], [1554.4418334960938, 678.868896484375], [290.3219451904297, 882.866943359375], [74.75812530517578, 749.1414794921875], [153.55511474609375, 745.6104125976562], [354.3955612182617, 877.7470703125]]",424689664,410255360,424689664,640,yolo26n_int8_640_ncnn_model,MOT17-09
163,85.97803399993609,0.0,9,"[1, 5, 3, 127, 133, 132, 84, 6, 134]","[[748.5253295898438, 177.24847412109375, 1117.2392578125, 1075.114990234375], [1100.0596923828125, 25.40225601196289, 1457.7476806640625, 1080.0], [483.7934875488281, 383.5266418457031, 612.899169921875, 767.8626708984375], [362.7191162109375, 285.908203125, 599.3483276367188, 887.1300659179688], [1505.3839111328125, 378.01531982421875, 1621.209716796875, 682.2743530273438], [213.55545043945312, 377.42694091796875, 412.4644775390625, 882.3880004882812], [26.848176956176758, 496.279052734375, 118.51117706298828, 750.063720703125], [117.48265075683594, 513.5187377929688, 191.112060546875, 753.8489379882812], [215.51817321777344, 381.0478210449219, 514.8536987304688, 877.7134399414062]]","[0.83251953125, 0.876953125, 0.53955078125, 0.732421875, 0.6064453125, 0.5615234375, 0.37890625, 0.383056640625, 0.471435546875]","[[932.8822937011719, 1075.114990234375], [1278.9036865234375, 1080.0], [548.3463287353516, 767.8626708984375], [481.0337219238281, 887.1300659179688], [1563.2968139648438, 682.2743530273438], [313.0099639892578, 882.3880004882812], [72.67967700958252, 750.063720703125], [154.29735565185547, 753.8489379882812], [365.1859359741211, 877.7134399414062]]",424689664,410255360,424689664,640,yolo26n_int8_640_ncnn_model,MOT17-09
164,84.3365350001477,0.0,7,"[1, 5, 3, 127, 133, 132, 84]","[[742.2205200195312, 183.26217651367188, 1106.5653076171875, 1076.6968994140625], [1091.29931640625, 21.1096248626709, 1451.67724609375, 1080.0], [503.63568115234375, 381.9403076171875, 629.6460571289062, 756.2955932617188], [383.30316162109375, 289.50946044921875, 620.3385620117188, 885.600830078125], [1511.464599609375, 376.18743896484375, 1627.373046875, 681.2593383789062], [232.07786560058594, 382.6070251464844, 422.5908203125, 872.309326171875], [28.098953247070312, 498.2806396484375, 118.38813781738281, 750.4268798828125]]","[0.83935546875, 0.88427734375, 0.5849609375, 0.71923828125, 0.5859375, 0.7041015625, 0.40966796875]","[[924.3929138183594, 1076.6968994140625], [1271.48828125, 1080.0], [566.640869140625, 756.2955932617188], [501.82086181640625, 885.600830078125], [1569.4188232421875, 681.2593383789062], [327.33434295654297, 872.309326171875], [73.24354553222656, 750.4268798828125]]",424689664,410255360,424689664,640,yolo26n_int8_640_ncnn_model,MOT17-09
165,86.25355300000592,0.0,8,"[1, 5, 3, 127, 133, 132, 84, 6]","[[733.0097045898438, 185.60238647460938, 1093.2154541015625, 1077.2547607421875], [1081.911865234375, 15.467597007751465, 1446.1922607421875, 1080.0], [521.9483642578125, 376.1182556152344, 645.5409545898438, 742.0579833984375], [389.78070068359375, 294.8560791015625, 629.8226318359375, 888.1141357421875], [1513.8624267578125, 376.5114440917969, 1629.2320556640625, 679.8668823242188], [255.87979125976562, 377.19476318359375, 440.3727111816406, 860.8280639648438], [28.19500732421875, 498.1172180175781, 117.80110168457031, 749.5860595703125], [121.71426391601562, 523.0906372070312, 190.29014587402344, 746.8290405273438]]","[0.82373046875, 0.8984375, 0.6474609375, 0.771484375, 0.60791015625, 0.68994140625, 0.48388671875, 0.37255859375]","[[913.1125793457031, 1077.2547607421875], [1264.0520629882812, 1080.0], [583.7446594238281, 742.0579833984375], [509.8016662597656, 888.1141357421875], [1571.5472412109375, 679.8668823242188], [348.1262512207031, 860.8280639648438], [72.99805450439453, 749.5860595703125], [156.00220489501953, 746.8290405273438]]",424689664,410255360,424689664,640,yolo26n_int8_640_ncnn_model,MOT17-09
166,84.1569049998725,0.0,7,"[1, 5, 127, 133, 132, 84, 6]","[[718.727783203125, 177.6120147705078, 1078.8697509765625, 1073.4609375], [1066.837646484375, 17.435548782348633, 1432.5870361328125, 1080.0], [399.7955627441406, 290.10797119140625, 647.2388305664062, 886.8823852539062], [1518.7777099609375, 380.4063720703125, 1633.5635986328125, 681.5939331054688], [285.9280090332031, 382.7725524902344, 470.74395751953125, 882.5468139648438], [29.04819107055664, 494.39935302734375, 118.92753601074219, 749.028564453125], [120.81727600097656, 517.7114868164062, 191.57568359375, 751.7117309570312]]","[0.822265625, 0.90869140625, 0.81005859375, 0.583984375, 0.6162109375, 0.391357421875, 0.318115234375]","[[898.7987670898438, 1073.4609375], [1249.7123413085938, 1080.0], [523.5171966552734, 886.8823852539062], [1576.170654296875, 681.5939331054688], [378.3359832763672, 882.5468139648438], [73.98786354064941, 749.028564453125], [156.19647979736328, 751.7117309570312]]",424689664,410255360,424689664,640,yolo26n_int8_640_ncnn_model,MOT17-09
167,91.27062600009594,0.0,7,"[1, 5, 127, 133, 132, 84, 6]","[[705.2894897460938, 179.58517456054688, 1065.3919677734375, 1077.93212890625], [1051.7401123046875, 14.424578666687012, 1420.617919921875, 1080.0], [420.26953125, 287.8244934082031, 669.0007934570312, 878.0322265625], [1523.70654296875, 382.87451171875, 1637.7708740234375, 683.2438354492188], [306.24859619140625, 379.601318359375, 493.8852844238281, 899.7025146484375], [29.026485443115234, 492.54888916015625, 119.45198822021484, 751.2857666015625], [123.92826080322266, 520.9217529296875, 192.43075561523438, 746.3683471679688]]","[0.83740234375, 0.9140625, 0.73486328125, 0.61962890625, 0.64208984375, 0.3369140625, 0.348388671875]","[[885.3407287597656, 1077.93212890625], [1236.1790161132812, 1080.0], [544.6351623535156, 878.0322265625], [1580.7387084960938, 683.2438354492188], [400.0669403076172, 899.7025146484375], [74.23923683166504, 751.2857666015625], [158.17950820922852, 746.3683471679688]]",424689664,410255360,424689664,640,yolo26n_int8_640_ncnn_model,MOT17-09
168,86.39258900007007,0.0,6,"[1, 5, 127, 133, 132, 84]","[[682.7379150390625, 167.78805541992188, 1046.8597412109375, 1079.6058349609375], [1036.586669921875, 14.913982391357422, 1408.413330078125, 1080.0], [440.12103271484375, 299.9487609863281, 683.0350341796875, 878.7530517578125], [1525.1475830078125, 386.0330505371094, 1637.42431640625, 681.6056518554688], [322.4487609863281, 380.587158203125, 504.7507629394531, 896.1913452148438], [30.423383712768555, 497.53546142578125, 118.61045837402344, 751.418701171875]]","[0.85400390625, 0.916015625, 0.7763671875, 0.6298828125, 0.697265625, 0.414306640625]","[[864.798828125, 1079.6058349609375], [1222.5, 1080.0], [561.5780334472656, 878.7530517578125], [1581.2859497070312, 681.6056518554688], [413.5997619628906, 896.1913452148438], [74.516921043396, 751.418701171875]]",424689664,410255360,424689664,640,yolo26n_int8_640_ncnn_model,MOT17-09
169,86.05271900000844,0.0,6,"[1, 5, 127, 133, 132, 84]","[[659.1888427734375, 163.386962890625, 1026.086669921875, 1080.0], [1021.1702880859375, 12.287498474121094, 1397.36669921875, 1080.0], [443.92254638671875, 296.21429443359375, 684.3275146484375, 872.3505859375], [1522.7340087890625, 387.94940185546875, 1633.8665771484375, 679.22119140625], [342.307373046875, 385.6735534667969, 512.4111328125, 874.2039184570312], [30.92881965637207, 499.7840576171875, 118.06417846679688, 752.2156982421875]]","[0.8701171875, 0.90380859375, 0.7607421875, 0.6220703125, 0.6416015625, 0.39990234375]","[[842.6377563476562, 1080.0], [1209.2684936523438, 1080.0], [564.1250305175781, 872.3505859375], [1578.30029296875, 679.22119140625], [427.3592529296875, 874.2039184570312], [74.49649906158447, 752.2156982421875]]",424689664,410255360,424689664,640,yolo26n_int8_640_ncnn_model,MOT17-09
170,84.43644199996925,0.0,7,"[1, 5, 127, 133, 132, 84, 134]","[[630.3015747070312, 150.71527099609375, 1001.48974609375, 1074.4840087890625], [1013.4365234375, 5.991048336029053, 1393.8370361328125, 1080.0], [454.9870910644531, 306.5450744628906, 685.8786010742188, 869.3121948242188], [1525.1990966796875, 388.62786865234375, 1636.92138671875, 678.3331909179688], [360.1031494140625, 381.77032470703125, 530.4354858398438, 872.6531372070312], [31.134294509887695, 498.9202575683594, 118.08465576171875, 752.26611328125], [359.2916259765625, 392.77093505859375, 642.9293212890625, 863.9954833984375]]","[0.876953125, 0.9052734375, 0.82568359375, 0.61376953125, 0.7236328125, 0.3505859375, 0.393798828125]","[[815.8956604003906, 1074.4840087890625], [1203.6367797851562, 1080.0], [570.4328460693359, 869.3121948242188], [1581.0602416992188, 678.3331909179688], [445.2693176269531, 872.6531372070312], [74.60947513580322, 752.26611328125], [501.1104736328125, 863.9954833984375]]",424689664,410255360,424689664,640,yolo26n_int8_640_ncnn_model,MOT17-09
171,83.75838599999952,0.0,7,"[1, 5, 127, 133, 84, 153, 134]","[[591.184814453125, 139.11073303222656, 971.9818115234375, 1078.1865234375], [1003.03076171875, 0.7732371091842651, 1386.902587890625, 1078.3509521484375], [469.45166015625, 301.95477294921875, 690.2699584960938, 859.606689453125], [1527.451171875, 386.5914306640625, 1638.498291015625, 671.25537109375], [38.40192794799805, 540.8895874023438, 112.5648422241211, 753.518310546875], [1373.2734375, 431.3999938964844, 1455.7265625, 679.5], [352.6682434082031, 393.72589111328125, 629.7964477539062, 864.1168212890625]]","[0.84619140625, 0.890625, 0.630859375, 0.7041015625, 0.3349609375, 0.40576171875, 0.7197265625]","[[781.5833129882812, 1078.1865234375], [1194.9666748046875, 1078.3509521484375], [579.8608093261719, 859.606689453125], [1582.9747314453125, 671.25537109375], [75.48338508605957, 753.518310546875], [1414.5, 679.5], [491.2323455810547, 864.1168212890625]]",424689664,410255360,424689664,640,yolo26n_int8_640_ncnn_model,MOT17-09
172,87.36799600001177,0.0,8,"[1, 5, 127, 133, 84, 153, 134, 6]","[[570.9890747070312, 134.83551025390625, 956.3050537109375, 1079.58203125], [992.7653198242188, 0.0, 1381.4443359375, 1079.53857421875], [487.7239990234375, 301.2122802734375, 700.41552734375, 863.1639404296875], [1528.9527587890625, 380.7644348144531, 1642.1976318359375, 669.6304321289062], [41.33344268798828, 557.9319458007812, 110.31101989746094, 752.679443359375], [1373.3104248046875, 428.7066650390625, 1456.835693359375, 679.2135009765625], [354.27130126953125, 389.2416076660156, 627.7206420898438, 863.8776245117188], [128.87152099609375, 534.7110595703125, 194.84422302246094, 745.1856689453125]]","[0.8603515625, 0.8984375, 0.412353515625, 0.69921875, 0.316650390625, 0.470703125, 0.6865234375, 0.28515625]","[[763.6470642089844, 1079.58203125], [1187.1048278808594, 1079.53857421875], [594.0697631835938, 863.1639404296875], [1585.5751953125, 669.6304321289062], [75.82223129272461, 752.679443359375], [1415.0730590820312, 679.2135009765625], [490.9959716796875, 863.8776245117188], [161.85787200927734, 745.1856689453125]]",424689664,410255360,424689664,640,yolo26n_int8_640_ncnn_model,MOT17-09
173,90.8997740000359,0.0,8,"[1, 5, 127, 133, 84, 153, 89, 132]","[[557.2689819335938, 125.0184097290039, 945.2431030273438, 1080.0], [976.46435546875, 0.0, 1368.8057861328125, 1079.9775390625], [497.89984130859375, 301.53021240234375, 704.2551879882812, 872.9324340820312], [1530.320068359375, 380.60028076171875, 1644.5645751953125, 671.0540161132812], [40.478031158447266, 549.3751831054688, 113.02903747558594, 752.6622314453125], [1377.2938232421875, 437.0345153808594, 1457.8707275390625, 676.802490234375], [353.5534973144531, 403.25006103515625, 473.03546142578125, 773.7960205078125], [397.1275634765625, 373.8683166503906, 570.7889404296875, 862.7802124023438]]","[0.85888671875, 0.89990234375, 0.5185546875, 0.70166015625, 0.2646484375, 0.40380859375, 0.59033203125, 0.72607421875]","[[751.2560424804688, 1080.0], [1172.6350708007812, 1079.9775390625], [601.0775146484375, 872.9324340820312], [1587.4423217773438, 671.0540161132812], [76.7535343170166, 752.6622314453125], [1417.582275390625, 676.802490234375], [413.2944793701172, 773.7960205078125], [483.958251953125, 862.7802124023438]]",424689664,410255360,424689664,640,yolo26n_int8_640_ncnn_model,MOT17-09
174,83.98690500007433,0.0,7,"[1, 5, 133, 153, 155, 89, 132]","[[541.295166015625, 121.44271087646484, 930.8453979492188, 1080.0], [965.4236450195312, 0.0, 1360.694580078125, 1080.0], [1535.2742919921875, 380.5467224121094, 1648.74951171875, 669.6502075195312], [1375.9537353515625, 436.3418273925781, 1457.32373046875, 677.1934814453125], [1337.4898681640625, 541.6500244140625, 1387.110107421875, 681.1500244140625], [353.3760070800781, 403.36383056640625, 472.7632751464844, 774.4348754882812], [413.8640441894531, 409.82586669921875, 576.211181640625, 858.2451171875]]","[0.88427734375, 0.89501953125, 0.68505859375, 0.4169921875, 0.41357421875, 0.65576171875, 0.74072265625]","[[736.0702819824219, 1080.0], [1163.0591125488281, 1080.0], [1592.0119018554688, 669.6502075195312], [1416.6387329101562, 677.1934814453125], [1362.2999877929688, 681.1500244140625], [413.06964111328125, 774.4348754882812], [495.03761291503906, 858.2451171875]]",424689664,410255360,424689664,640,yolo26n_int8_640_ncnn_model,MOT17-09
175,83.23794199986878,0.0,9,"[1, 5, 133, 153, 155, 89, 132, 6, 84]","[[525.955810546875, 115.35200500488281, 918.5770874023438, 1080.0], [954.4323120117188, 0.0, 1352.3321533203125, 1080.0], [1538.2958984375, 374.80889892578125, 1652.942626953125, 668.9072265625], [1377.594482421875, 446.3995666503906, 1456.1103515625, 677.8953247070312], [1338.4373779296875, 545.0481567382812, 1386.86572265625, 681.0328369140625], [356.4075927734375, 402.2048034667969, 476.20745849609375, 777.666015625], [423.9568176269531, 388.6938171386719, 590.1866455078125, 848.196533203125], [129.75277709960938, 533.146240234375, 196.7804412841797, 743.034423828125], [37.59696578979492, 547.84033203125, 111.74126434326172, 752.1373291015625]]","[0.88720703125, 0.90478515625, 0.6787109375, 0.39697265625, 0.4990234375, 0.62646484375, 0.5947265625, 0.267822265625, 0.30419921875]","[[722.2664489746094, 1080.0], [1153.3822326660156, 1080.0], [1595.6192626953125, 668.9072265625], [1416.8524169921875, 677.8953247070312], [1362.6515502929688, 681.0328369140625], [416.3075256347656, 777.666015625], [507.0717315673828, 848.196533203125], [163.26660919189453, 743.034423828125], [74.66911506652832, 752.1373291015625]]",424689664,410255360,424689664,640,yolo26n_int8_640_ncnn_model,MOT17-09
176,84.5181090001006,0.0,8,"[1, 5, 133, 153, 155, 89, 132, 6]","[[514.302490234375, 118.37346649169922, 905.628662109375, 1080.0], [940.2630615234375, 0.0, 1338.166748046875, 1078.1951904296875], [1543.9412841796875, 372.679443359375, 1657.7073974609375, 667.6715087890625], [1377.9967041015625, 446.7559509277344, 1456.875732421875, 680.0659790039062], [1339.325439453125, 546.732666015625, 1387.39306640625, 681.5902709960938], [362.5649719238281, 403.9425964355469, 488.9500427246094, 798.9120483398438], [446.47808837890625, 385.9459533691406, 605.1014404296875, 838.2974243164062], [127.8045425415039, 533.01953125, 195.52325439453125, 746.6132202148438]]","[0.86767578125, 0.90625, 0.689453125, 0.34033203125, 0.490966796875, 0.6728515625, 0.407958984375, 0.344482421875]","[[709.965576171875, 1080.0], [1139.2149047851562, 1078.1951904296875], [1600.8243408203125, 667.6715087890625], [1417.4362182617188, 680.0659790039062], [1363.3592529296875, 681.5902709960938], [425.75750732421875, 798.9120483398438], [525.7897644042969, 838.2974243164062], [161.66389846801758, 746.6132202148438]]",424689664,410255360,424689664,640,yolo26n_int8_640_ncnn_model,MOT17-09
177,81.35135100019397,0.0,9,"[1, 5, 133, 153, 155, 89, 6, 158, 84]","[[502.9393615722656, 113.55915832519531, 894.0410766601562, 1077.8052978515625], [925.1102294921875, 0.0, 1321.5789794921875, 1079.4158935546875], [1550.1956787109375, 375.1187744140625, 1663.0938720703125, 666.9904174804688], [1384.304931640625, 444.92449951171875, 1463.4996337890625, 679.490478515625], [1342.2313232421875, 546.8555297851562, 1391.728271484375, 685.4638671875], [368.7882080078125, 400.7803039550781, 497.54296875, 801.204345703125], [129.52577209472656, 537.1922607421875, 196.43170166015625, 744.6049194335938], [1428.1513671875, 435.8999938964844, 1487.8486328125, 688.2000122070312], [16.85477638244629, 510.567138671875, 107.2538070678711, 751.6150512695312]]","[0.89111328125, 0.90771484375, 0.6591796875, 0.3564453125, 0.489990234375, 0.70556640625, 0.33447265625, 0.320556640625, 0.45703125]","[[698.4902191162109, 1077.8052978515625], [1123.3446044921875, 1079.4158935546875], [1606.644775390625, 666.9904174804688], [1423.9022827148438, 679.490478515625], [1366.9797973632812, 685.4638671875], [433.16558837890625, 801.204345703125], [162.9787368774414, 744.6049194335938], [1458.0, 688.2000122070312], [62.05429172515869, 751.6150512695312]]",424689664,410255360,424689664,640,yolo26n_int8_640_ncnn_model,MOT17-09
178,80.96434999993107,0.0,9,"[1, 5, 133, 153, 155, 89, 6, 158, 84]","[[484.46795654296875, 107.94426727294922, 877.3125, 1076.845703125], [909.5352172851562, 0.0, 1304.1787109375, 1079.8726806640625], [1556.6160888671875, 378.3228759765625, 1668.7750244140625, 665.5284423828125], [1387.032470703125, 443.37322998046875, 1466.3663330078125, 679.0161743164062], [1343.6051025390625, 544.9452514648438, 1393.6998291015625, 685.3345947265625], [373.8183288574219, 397.59112548828125, 503.5329284667969, 801.892822265625], [129.79112243652344, 531.9927978515625, 198.64370727539062, 743.5578002929688], [1426.905517578125, 438.3895568847656, 1485.6207275390625, 686.4052124023438], [10.36103630065918, 498.2242736816406, 107.93871307373047, 754.0029296875]]","[0.8857421875, 0.9013671875, 0.669921875, 0.35107421875, 0.46044921875, 0.7509765625, 0.39208984375, 0.3369140625, 0.5263671875]","[[680.8902282714844, 1076.845703125], [1106.8569641113281, 1079.8726806640625], [1612.695556640625, 665.5284423828125], [1426.6994018554688, 679.0161743164062], [1368.6524658203125, 685.3345947265625], [438.6756286621094, 801.892822265625], [164.21741485595703, 743.5578002929688], [1456.2631225585938, 686.4052124023438], [59.149874687194824, 754.0029296875]]",424689664,410255360,424689664,640,yolo26n_int8_640_ncnn_model,MOT17-09
179,80.68222099996092,0.0,7,"[1, 5, 133, 153, 155, 89, 158]","[[461.04840087890625, 114.83943176269531, 856.9321899414062, 1078.939208984375], [895.32568359375, 0.0, 1288.94091796875, 1080.0], [1561.95556640625, 376.5519104003906, 1675.6802978515625, 665.0176391601562], [1387.897216796875, 454.45550537109375, 1464.33447265625, 681.3896484375], [1345.246826171875, 543.9600830078125, 1395.1859130859375, 684.432861328125], [378.97808837890625, 394.6639709472656, 509.2607116699219, 802.708740234375], [1427.386962890625, 428.9054870605469, 1486.3426513671875, 677.2662963867188]]","[0.89208984375, 0.90869140625, 0.67236328125, 0.405029296875, 0.498046875, 0.71923828125, 0.28466796875]","[[658.9902954101562, 1078.939208984375], [1092.13330078125, 1080.0], [1618.8179321289062, 665.0176391601562], [1426.1158447265625, 681.3896484375], [1370.2163696289062, 684.432861328125], [444.11940002441406, 802.708740234375], [1456.8648071289062, 677.2662963867188]]",424689664,410255360,424689664,640,yolo26n_int8_640_ncnn_model,MOT17-09
180,91.24334800003453,0.0,8,"[1, 5, 133, 153, 155, 89, 158, 6]","[[447.70098876953125, 114.17912292480469, 848.3990478515625, 1079.7335205078125], [884.6722412109375, 0.0, 1277.465576171875, 1080.0], [1565.6396484375, 380.6180419921875, 1678.2725830078125, 664.1151123046875], [1388.943115234375, 459.5119323730469, 1463.679931640625, 681.2379150390625], [1346.7061767578125, 544.3658447265625, 1395.737060546875, 682.2466430664062], [381.7782897949219, 392.58099365234375, 510.4625244140625, 803.8369750976562], [1427.628662109375, 437.8073425292969, 1486.5574951171875, 686.3851928710938], [129.9871063232422, 534.4320678710938, 198.50856018066406, 743.0756225585938]]","[0.89208984375, 0.91162109375, 0.66064453125, 0.390869140625, 0.54150390625, 0.5859375, 0.293212890625, 0.25634765625]","[[648.0500183105469, 1079.7335205078125], [1081.0689086914062, 1080.0], [1621.9561157226562, 664.1151123046875], [1426.3115234375, 681.2379150390625], [1371.2216186523438, 682.2466430664062], [446.1204071044922, 803.8369750976562], [1457.0930786132812, 686.3851928710938], [164.24783325195312, 743.0756225585938]]",424689664,410255360,424689664,640,yolo26n_int8_640_ncnn_model,MOT17-09
181,81.11290600004395,0.0,8,"[1, 5, 133, 153, 155, 158, 161, 6]","[[428.5442199707031, 113.30380249023438, 833.2705078125, 1075.8233642578125], [873.7874755859375, 0.0, 1266.0391845703125, 1080.0], [1570.8681640625, 388.9224853515625, 1681.056396484375, 664.0653076171875], [1390.2554931640625, 459.1488037109375, 1465.466552734375, 681.1683349609375], [1348.43798828125, 546.573974609375, 1398.7119140625, 686.5867919921875], [1429.8194580078125, 440.0277404785156, 1487.8048095703125, 684.9191284179688], [0.0, 346.3500061035156, 119.76031494140625, 1024.050048828125], [129.13526916503906, 536.282958984375, 197.32130432128906, 742.6760864257812]]","[0.8818359375, 0.9072265625, 0.69189453125, 0.37548828125, 0.47412109375, 0.365234375, 0.41015625, 0.263916015625]","[[630.9073638916016, 1075.8233642578125], [1069.913330078125, 1080.0], [1625.9622802734375, 664.0653076171875], [1427.8610229492188, 681.1683349609375], [1373.574951171875, 686.5867919921875], [1458.8121337890625, 684.9191284179688], [59.880157470703125, 1024.050048828125], [163.22828674316406, 742.6760864257812]]",424689664,410255360,424689664,640,yolo26n_int8_640_ncnn_model,MOT17-09
182,81.2324250000529,0.0,8,"[1, 5, 133, 153, 155, 158, 161, 127]","[[413.66162109375, 108.38336181640625, 825.4715576171875, 1074.082275390625], [865.1028442382812, 0.0, 1257.289306640625, 1080.0], [1574.322509765625, 388.9916076660156, 1684.2689208984375, 662.0723876953125], [1392.5504150390625, 458.9095153808594, 1468.2508544921875, 681.1333618164062], [1350.0030517578125, 549.1305541992188, 1399.7510986328125, 686.3650512695312], [1431.120361328125, 447.6941833496094, 1487.686767578125, 686.0230712890625], [0.0, 223.24319458007812, 144.2805633544922, 1014.7285766601562], [695.4410400390625, 304.5283203125, 880.5068359375, 838.0404663085938]]","[0.89501953125, 0.90234375, 0.67626953125, 0.32763671875, 0.38232421875, 0.3515625, 0.7197265625, 0.6435546875]","[[619.5665893554688, 1074.082275390625], [1061.1960754394531, 1080.0], [1629.2957153320312, 662.0723876953125], [1430.400634765625, 681.1333618164062], [1374.8770751953125, 686.3650512695312], [1459.403564453125, 686.0230712890625], [72.1402816772461, 1014.7285766601562], [787.9739379882812, 838.0404663085938]]",424689664,410255360,424689664,640,yolo26n_int8_640_ncnn_model,MOT17-09
183,81.37351799996395,0.0,10,"[1, 5, 133, 153, 155, 158, 161, 164, 127, 6]","[[399.7926025390625, 99.70830535888672, 821.0328979492188, 1073.43115234375], [855.8824462890625, 0.0, 1247.937255859375, 1080.0], [1574.763427734375, 388.9806213378906, 1685.998046875, 664.3798217773438], [1395.175537109375, 457.9584045410156, 1471.4229736328125, 680.8588256835938], [1350.9931640625, 547.51708984375, 1402.6236572265625, 688.7844848632812], [1431.38427734375, 453.47564697265625, 1486.7388916015625, 685.3689575195312], [7.984643936157227, 171.53929138183594, 172.76968383789062, 999.1292114257812], [1438.0390625, 464.70001220703125, 1495.0609130859375, 650.4000244140625], [700.88427734375, 304.6647644042969, 880.7841796875, 836.4088134765625], [129.15948486328125, 529.0556640625, 200.58050537109375, 744.6285400390625]]","[0.88134765625, 0.9013671875, 0.67578125, 0.365478515625, 0.41162109375, 0.324951171875, 0.75537109375, 0.372314453125, 0.65576171875, 0.26171875]","[[610.4127502441406, 1073.43115234375], [1051.9098510742188, 1080.0], [1630.3807373046875, 664.3798217773438], [1433.2992553710938, 680.8588256835938], [1376.8084106445312, 688.7844848632812], [1459.0615844726562, 685.3689575195312], [90.37716388702393, 999.1292114257812], [1466.5499877929688, 650.4000244140625], [790.834228515625, 836.4088134765625], [164.8699951171875, 744.6285400390625]]",424689664,410255360,424689664,640,yolo26n_int8_640_ncnn_model,MOT17-09
184,82.17197999988457,0.0,9,"[1, 5, 133, 153, 155, 158, 161, 164, 127]","[[379.4429931640625, 95.30364990234375, 808.4098510742188, 1072.456298828125], [843.800048828125, 0.0, 1235.049072265625, 1078.099365234375], [1580.5125732421875, 389.6917724609375, 1690.7508544921875, 661.530029296875], [1398.14111328125, 461.2820739746094, 1473.49755859375, 685.01513671875], [1355.6859130859375, 548.9047241210938, 1407.2177734375, 687.6512451171875], [1434.5589599609375, 455.11419677734375, 1487.4813232421875, 674.9194946289062], [45.61565399169922, 158.9896240234375, 215.1509246826172, 986.4198608398438], [1439.177978515625, 473.0926208496094, 1496.95263671875, 661.3570556640625], [698.98583984375, 307.8525695800781, 876.198486328125, 833.711669921875]]","[0.85400390625, 0.9072265625, 0.6513671875, 0.304443359375, 0.3720703125, 0.257080078125, 0.8291015625, 0.283935546875, 0.78759765625]","[[593.9264221191406, 1072.456298828125], [1039.424560546875, 1078.099365234375], [1635.6317138671875, 661.530029296875], [1435.8193359375, 685.01513671875], [1381.4518432617188, 687.6512451171875], [1461.0201416015625, 674.9194946289062], [130.3832893371582, 986.4198608398438], [1468.0653076171875, 661.3570556640625], [787.5921630859375, 833.711669921875]]",424689664,410255360,424689664,640,yolo26n_int8_640_ncnn_model,MOT17-09
185,81.08661000005668,0.0,9,"[1, 5, 133, 153, 155, 161, 164, 127, 3]","[[345.96435546875, 94.25970458984375, 781.6008911132812, 1075.553466796875], [833.8955078125, 0.0, 1225.482177734375, 1079.3260498046875], [1583.1673583984375, 391.174072265625, 1693.7430419921875, 662.2332763671875], [1400.1080322265625, 465.6957092285156, 1474.2772216796875, 689.3043212890625], [1355.0150146484375, 548.1526489257812, 1407.244384765625, 688.4281005859375], [67.33683776855469, 159.43197631835938, 243.12696838378906, 983.403076171875], [1439.95849609375, 470.03240966796875, 1497.1673583984375, 656.8124389648438], [715.64599609375, 312.9131774902344, 886.039794921875, 825.9085083007812], [634.6243896484375, 340.9230651855469, 794.0408325195312, 822.2273559570312]]","[0.85595703125, 0.90283203125, 0.701171875, 0.343505859375, 0.4697265625, 0.8525390625, 0.294189453125, 0.7509765625, 0.43310546875]","[[563.7826232910156, 1075.553466796875], [1029.6888427734375, 1079.3260498046875], [1638.4552001953125, 662.2332763671875], [1437.192626953125, 689.3043212890625], [1381.1296997070312, 688.4281005859375], [155.23190307617188, 983.403076171875], [1468.5629272460938, 656.8124389648438], [800.8428955078125, 825.9085083007812], [714.3326110839844, 822.2273559570312]]",424689664,410255360,424689664,640,yolo26n_int8_640_ncnn_model,MOT17-09
186,81.60329500014996,0.0,9,"[1, 5, 133, 153, 155, 161, 127, 166, 132]","[[304.48931884765625, 82.1573486328125, 747.0436401367188, 1076.741455078125], [816.3131713867188, 0.0, 1208.829833984375, 1079.7906494140625], [1586.475341796875, 391.4434814453125, 1696.2508544921875, 659.7777099609375], [1401.9617919921875, 465.0142517089844, 1475.30810546875, 690.131103515625], [1358.001953125, 549.6001586914062, 1409.869140625, 686.9509887695312], [69.96891784667969, 170.09588623046875, 249.57858276367188, 977.3467407226562], [729.6165771484375, 308.0780334472656, 899.8060913085938, 842.9644165039062], [16.826744079589844, 190.64999389648438, 436.1732482910156, 979.9500122070312], [604.9447631835938, 363.8012390136719, 766.5223999023438, 823.9732666015625]]","[0.876953125, 0.90478515625, 0.650390625, 0.3017578125, 0.367919921875, 0.853515625, 0.6640625, 0.392822265625, 0.7685546875]","[[525.7664794921875, 1076.741455078125], [1012.5715026855469, 1079.7906494140625], [1641.3630981445312, 659.7777099609375], [1438.6349487304688, 690.131103515625], [1383.935546875, 686.9509887695312], [159.77375030517578, 977.3467407226562], [814.7113342285156, 842.9644165039062], [226.49999618530273, 979.9500122070312], [685.7335815429688, 823.9732666015625]]",424689664,410255360,424689664,640,yolo26n_int8_640_ncnn_model,MOT17-09
187,80.72044300001835,0.0,9,"[1, 5, 133, 153, 155, 161, 127, 166, 132]","[[270.5885925292969, 80.15380859375, 712.9964599609375, 1072.76806640625], [804.1001586914062, 0.0, 1197.083251953125, 1079.963623046875], [1590.541748046875, 390.50640869140625, 1700.0657958984375, 657.8863525390625], [1402.6314697265625, 465.9208984375, 1475.5906982421875, 694.1309814453125], [1357.51611328125, 548.370361328125, 1410.30712890625, 689.1222534179688], [67.74723052978516, 180.89599609375, 252.15467834472656, 976.5100708007812], [747.4337158203125, 337.87255859375, 900.3504638671875, 834.3801879882812], [9.831693649291992, 194.01266479492188, 425.77520751953125, 977.2830810546875], [624.330810546875, 370.251953125, 781.9955444335938, 819.5636596679688]]","[0.85986328125, 0.9013671875, 0.6728515625, 0.2705078125, 0.399169921875, 0.83642578125, 0.5126953125, 0.465576171875, 0.64501953125]","[[491.7925262451172, 1072.76806640625], [1000.5917053222656, 1079.963623046875], [1645.3037719726562, 657.8863525390625], [1439.111083984375, 694.1309814453125], [1383.91162109375, 689.1222534179688], [159.95095443725586, 976.5100708007812], [823.89208984375, 834.3801879882812], [217.80345058441162, 977.2830810546875], [703.1631774902344, 819.5636596679688]]",424689664,410255360,424689664,640,yolo26n_int8_640_ncnn_model,MOT17-09
188,81.25533300017196,0.0,8,"[1, 5, 133, 153, 155, 166, 132, 134]","[[228.12576293945312, 71.91110229492188, 672.2342529296875, 1073.9593505859375], [791.9064331054688, 0.0, 1185.2772216796875, 1080.0], [1592.53466796875, 390.3778991699219, 1702.7327880859375, 658.964599609375], [1403.3653564453125, 460.0064697265625, 1477.077880859375, 695.8399047851562], [1358.904541015625, 548.4010009765625, 1410.78662109375, 688.4244384765625], [0.0, 200.99392700195312, 363.4382629394531, 972.8790893554688], [638.835693359375, 378.19140625, 789.5952758789062, 817.3367309570312], [505.624267578125, 381.39178466796875, 720.4507446289062, 804.2683715820312]]","[0.857421875, 0.89208984375, 0.65234375, 0.28759765625, 0.40185546875, 0.7841796875, 0.6376953125, 0.59521484375]","[[450.1800079345703, 1073.9593505859375], [988.5918273925781, 1080.0], [1647.6337280273438, 658.964599609375], [1440.2216186523438, 695.8399047851562], [1384.8455810546875, 688.4244384765625], [181.71913146972656, 972.8790893554688], [714.2154846191406, 817.3367309570312], [613.0375061035156, 804.2683715820312]]",424689664,410255360,424689664,640,yolo26n_int8_640_ncnn_model,MOT17-09
189,81.08027700018283,0.0,8,"[1, 5, 133, 153, 155, 166, 132, 134]","[[172.42103576660156, 62.54050064086914, 613.2576293945312, 1067.0380859375], [774.7761840820312, 0.0, 1168.4849853515625, 1080.0], [1595.88037109375, 393.29290771484375, 1704.84716796875, 657.4103393554688], [1410.6492919921875, 445.7351379394531, 1484.25048828125, 682.9766845703125], [1361.5909423828125, 544.6673583984375, 1413.6424560546875, 687.881103515625], [0.0, 208.71865844726562, 325.3330993652344, 980.7003784179688], [665.1082763671875, 383.42840576171875, 808.9013061523438, 819.3427734375], [519.5330200195312, 373.37188720703125, 717.1229858398438, 787.9539184570312]]","[0.75390625, 0.90478515625, 0.65625, 0.322265625, 0.429931640625, 0.478515625, 0.52685546875, 0.677734375]","[[392.8393325805664, 1067.0380859375], [971.6305847167969, 1080.0], [1650.36376953125, 657.4103393554688], [1447.4498901367188, 682.9766845703125], [1387.61669921875, 687.881103515625], [162.6665496826172, 980.7003784179688], [737.0047912597656, 819.3427734375], [618.3280029296875, 787.9539184570312]]",424689664,410255360,424689664,640,yolo26n_int8_640_ncnn_model,MOT17-09
190,81.27562799995758,0.0,9,"[1, 5, 133, 153, 155, 166, 132, 134, 171]","[[138.79042053222656, 67.0326156616211, 575.846923828125, 1075.2547607421875], [761.7722778320312, 0.0, 1156.71142578125, 1080.0], [1599.3095703125, 394.61846923828125, 1709.177978515625, 657.6091918945312], [1416.3946533203125, 444.61541748046875, 1489.8680419921875, 677.4571533203125], [1363.38623046875, 540.56005859375, 1416.77783203125, 690.3724365234375], [0.0, 211.00408935546875, 321.9005432128906, 1008.4014892578125], [681.6795043945312, 391.62921142578125, 826.540771484375, 836.9061889648438], [535.9827270507812, 358.2397766113281, 730.7396240234375, 787.6663208007812], [6.211181640625, 240.4499969482422, 100.429443359375, 938.25]]","[0.52734375, 0.8857421875, 0.658203125, 0.3544921875, 0.4794921875, 0.39501953125, 0.436767578125, 0.6005859375, 0.58935546875]","[[357.3186721801758, 1075.2547607421875], [959.2418518066406, 1080.0], [1654.2437744140625, 657.6091918945312], [1453.13134765625, 677.4571533203125], [1390.08203125, 690.3724365234375], [160.9502716064453, 1008.4014892578125], [754.1101379394531, 836.9061889648438], [633.3611755371094, 787.6663208007812], [53.3203125, 938.25]]",424689664,410255360,424689664,640,yolo26n_int8_640_ncnn_model,MOT17-09
191,81.29720300007648,0.0,10,"[1, 5, 133, 153, 155, 132, 134, 171, 175, 89]","[[89.49732971191406, 63.00291442871094, 527.8992919921875, 1074.457763671875], [746.66943359375, 0.0, 1144.57861328125, 1080.0], [1601.720947265625, 397.0774841308594, 1711.393310546875, 657.7125854492188], [1418.809814453125, 440.98394775390625, 1493.5968017578125, 675.5989379882812], [1365.77783203125, 538.7672729492188, 1419.0797119140625, 691.54931640625], [694.2581787109375, 393.1702575683594, 834.56396484375, 831.0748291015625], [546.7745361328125, 369.31207275390625, 732.8291015625, 795.1278686523438], [29.032058715820312, 230.19775390625, 130.41334533691406, 970.5574951171875], [1476.5528564453125, 421.57501220703125, 1563.047119140625, 652.4249877929688], [463.52899169921875, 390.1358337402344, 599.8297729492188, 819.4880981445312]]","[0.78759765625, 0.8642578125, 0.6484375, 0.3251953125, 0.462890625, 0.5849609375, 0.67919921875, 0.427490234375, 0.4013671875, 0.6123046875]","[[308.6983108520508, 1074.457763671875], [945.6240234375, 1080.0], [1656.55712890625, 657.7125854492188], [1456.2033081054688, 675.5989379882812], [1392.4287719726562, 691.54931640625], [764.4110717773438, 831.0748291015625], [639.8018188476562, 795.1278686523438], [79.72270202636719, 970.5574951171875], [1519.7999877929688, 652.4249877929688], [531.6793823242188, 819.4880981445312]]",424689664,410255360,424689664,640,yolo26n_int8_640_ncnn_model,MOT17-09
192,81.81205500000033,0.0,11,"[1, 5, 133, 153, 155, 134, 171, 175, 177, 89, 158]","[[37.67705154418945, 62.1157112121582, 483.2035827636719, 1078.09765625], [724.9413452148438, 0.0, 1126.2523193359375, 1080.0], [1605.9085693359375, 398.9603271484375, 1716.6607666015625, 658.780029296875], [1417.863037109375, 440.3978271484375, 1494.69970703125, 679.128173828125], [1368.3087158203125, 536.62939453125, 1421.164306640625, 691.4978637695312], [555.8065185546875, 373.720703125, 734.3289184570312, 794.1838989257812], [33.71385192871094, 220.19117736816406, 138.60963439941406, 972.3707885742188], [1479.9356689453125, 425.5603942871094, 1566.1334228515625, 655.3707275390625], [1477.225830078125, 433.79998779296875, 1551.57421875, 666.0], [469.73681640625, 389.1472473144531, 604.5059814453125, 817.5115356445312], [1442.7850341796875, 454.3453674316406, 1498.373046875, 682.6502685546875]]","[0.78955078125, 0.869140625, 0.609375, 0.46044921875, 0.368408203125, 0.705078125, 0.419677734375, 0.40185546875, 0.43359375, 0.63623046875, 0.261474609375]","[[260.44031715393066, 1078.09765625], [925.5968322753906, 1080.0], [1661.28466796875, 658.780029296875], [1456.2813720703125, 679.128173828125], [1394.7365112304688, 691.4978637695312], [645.0677185058594, 794.1838989257812], [86.1617431640625, 972.3707885742188], [1523.0345458984375, 655.3707275390625], [1514.4000244140625, 666.0], [537.1213989257812, 817.5115356445312], [1470.5790405273438, 682.6502685546875]]",424689664,410255360,424689664,640,yolo26n_int8_640_ncnn_model,MOT17-09
193,81.07266599995455,0.0,11,"[1, 5, 133, 153, 155, 134, 175, 177, 89, 178, 158]","[[15.256074905395508, 58.47455978393555, 464.0426025390625, 1079.4774169921875], [713.332763671875, 0.0, 1114.7911376953125, 1080.0], [1613.5885009765625, 400.6189270019531, 1724.22900390625, 658.200927734375], [1420.9873046875, 438.9813537597656, 1499.332763671875, 680.7295532226562], [1371.210693359375, 537.05224609375, 1423.8154296875, 694.1397705078125], [565.2158203125, 372.39471435546875, 739.6815185546875, 791.9323120117188], [1486.163330078125, 424.2642822265625, 1572.596923828125, 654.31103515625], [1479.578369140625, 431.5398864746094, 1554.7850341796875, 666.8692626953125], [481.6965637207031, 381.6262512207031, 617.0635375976562, 813.1304321289062], [0.0, 245.77499389648438, 148.35150146484375, 666.2249755859375], [1443.763427734375, 453.3797607421875, 1500.314453125, 682.8751831054688]]","[0.875, 0.87841796875, 0.60009765625, 0.42626953125, 0.362060546875, 0.70703125, 0.467529296875, 0.46875, 0.64404296875, 0.42236328125, 0.345458984375]","[[239.649338722229, 1079.4774169921875], [914.0619506835938, 1080.0], [1668.9087524414062, 658.200927734375], [1460.1600341796875, 680.7295532226562], [1397.5130615234375, 694.1397705078125], [652.4486694335938, 791.9323120117188], [1529.380126953125, 654.31103515625], [1517.1817016601562, 666.8692626953125], [549.3800506591797, 813.1304321289062], [74.17575073242188, 666.2249755859375], [1472.0389404296875, 682.8751831054688]]",424689664,410255360,424689664,640,yolo26n_int8_640_ncnn_model,MOT17-09
194,81.6307400000369,0.0,9,"[1, 5, 133, 153, 155, 134, 177, 89, 158]","[[0.0, 56.73501205444336, 442.6921691894531, 1079.98681640625], [691.1522827148438, 0.0, 1093.6019287109375, 1080.0], [1618.26611328125, 401.6922302246094, 1728.968017578125, 657.5018310546875], [1420.914794921875, 438.72210693359375, 1501.21630859375, 684.05419921875], [1376.3082275390625, 537.2449340820312, 1428.52880859375, 693.1821899414062], [566.9549560546875, 371.423583984375, 733.2451171875, 785.6729125976562], [1483.1529541015625, 430.78662109375, 1557.70556640625, 664.8385009765625], [490.4855651855469, 376.839111328125, 626.3973999023438, 811.4659423828125], [1444.400390625, 452.0592041015625, 1502.653076171875, 687.893798828125]]","[0.90283203125, 0.88818359375, 0.62841796875, 0.435302734375, 0.29345703125, 0.63818359375, 0.48388671875, 0.65380859375, 0.341796875]","[[221.34608459472656, 1079.98681640625], [892.3771057128906, 1080.0], [1673.6170654296875, 657.5018310546875], [1461.0655517578125, 684.05419921875], [1402.4185180664062, 693.1821899414062], [650.1000366210938, 785.6729125976562], [1520.4292602539062, 664.8385009765625], [558.4414825439453, 811.4659423828125], [1473.5267333984375, 687.893798828125]]",424689664,410255360,424689664,640,yolo26n_int8_640_ncnn_model,MOT17-09
195,90.138775000014,0.0,7,"[1, 5, 133, 153, 134, 89, 175]","[[0.0, 61.88584518432617, 435.5325927734375, 1075.9688720703125], [673.07666015625, 0.0, 1077.4954833984375, 1080.0], [1621.3507080078125, 401.5450439453125, 1733.08154296875, 659.7584838867188], [1418.5355224609375, 435.9622802734375, 1501.1741943359375, 685.0798950195312], [573.6673583984375, 371.8427734375, 722.582275390625, 756.5369873046875], [497.0635070800781, 380.71575927734375, 630.61279296875, 812.0519409179688], [1490.8551025390625, 422.3453063964844, 1577.2978515625, 652.5413818359375]]","[0.88720703125, 0.890625, 0.640625, 0.475830078125, 0.6708984375, 0.71435546875, 0.41943359375]","[[217.76629638671875, 1075.9688720703125], [875.2860717773438, 1080.0], [1677.2161254882812, 659.7584838867188], [1459.8548583984375, 685.0798950195312], [648.1248168945312, 756.5369873046875], [563.8381500244141, 812.0519409179688], [1534.0764770507812, 652.5413818359375]]",424689664,410255360,424689664,640,yolo26n_int8_640_ncnn_model,MOT17-09
196,81.10985200005416,0.0,8,"[1, 5, 133, 153, 89, 175, 155, 177]","[[0.0, 75.63607788085938, 409.56756591796875, 1071.695068359375], [635.460205078125, 0.0, 1045.806640625, 1080.0], [1622.679931640625, 399.96197509765625, 1734.1561279296875, 658.126708984375], [1420.0103759765625, 441.06048583984375, 1502.53271484375, 686.1978149414062], [503.0763244628906, 387.4434509277344, 633.5541381835938, 810.0343627929688], [1491.91748046875, 419.50830078125, 1578.4581298828125, 651.391357421875], [1384.875, 534.2876586914062, 1438.3883056640625, 691.1382446289062], [1489.543701171875, 429.3392333984375, 1566.4022216796875, 673.1458740234375]]","[0.7919921875, 0.83642578125, 0.64404296875, 0.529296875, 0.66748046875, 0.3984375, 0.31005859375, 0.486572265625]","[[204.78378295898438, 1071.695068359375], [840.6334228515625, 1080.0], [1678.4180297851562, 658.126708984375], [1461.2715454101562, 686.1978149414062], [568.3152313232422, 810.0343627929688], [1535.1878051757812, 651.391357421875], [1411.6316528320312, 691.1382446289062], [1527.9729614257812, 673.1458740234375]]",424689664,410255360,424689664,640,yolo26n_int8_640_ncnn_model,MOT17-09
197,81.66725900014171,0.0,10,"[1, 5, 133, 153, 89, 155, 177, 161, 127, 158]","[[0.0, 74.9489517211914, 388.0496826171875, 1077.0616455078125], [604.8098754882812, 0.0, 1021.6994018554688, 1080.0], [1626.27001953125, 398.8271789550781, 1735.1334228515625, 652.0484619140625], [1420.4774169921875, 442.8338317871094, 1503.9713134765625, 686.8624877929688], [509.1446533203125, 379.5145263671875, 640.2421264648438, 809.7611083984375], [1386.0020751953125, 531.9913940429688, 1440.876953125, 690.2792358398438], [1492.9449462890625, 430.7602233886719, 1567.5506591796875, 668.7955932617188], [312.501708984375, 199.05873107910156, 502.9839782714844, 957.915283203125], [916.9338989257812, 360.4895935058594, 1059.9495849609375, 814.5581665039062], [1449.2991943359375, 454.84649658203125, 1508.0068359375, 694.4564208984375]]","[0.79443359375, 0.85498046875, 0.65185546875, 0.5634765625, 0.5830078125, 0.28173828125, 0.439453125, 0.72119140625, 0.430908203125, 0.250244140625]","[[194.02484130859375, 1077.0616455078125], [813.254638671875, 1080.0], [1680.7017211914062, 652.0484619140625], [1462.224365234375, 686.8624877929688], [574.6933898925781, 809.7611083984375], [1413.4395141601562, 690.2792358398438], [1530.247802734375, 668.7955932617188], [407.7428436279297, 957.915283203125], [988.4417419433594, 814.5581665039062], [1478.6530151367188, 694.4564208984375]]",424689664,410255360,424689664,640,yolo26n_int8_640_ncnn_model,MOT17-09
198,81.42705499994918,0.0,10,"[1, 5, 133, 153, 89, 155, 177, 161, 127, 158]","[[0.0, 63.82561111450195, 371.4291687011719, 1079.065673828125], [581.1058959960938, 0.0, 1006.2032470703125, 1080.0], [1626.0350341796875, 397.11370849609375, 1734.7567138671875, 651.0242309570312], [1418.250244140625, 440.5474853515625, 1503.8133544921875, 687.0979614257812], [512.0870971679688, 375.84527587890625, 642.6309204101562, 807.4403076171875], [1387.245849609375, 522.2964477539062, 1446.7718505859375, 691.95361328125], [1495.958984375, 432.8496398925781, 1567.9541015625, 663.5648193359375], [320.4248352050781, 203.6528778076172, 525.2626953125, 961.7822265625], [919.3173217773438, 358.49444580078125, 1064.4608154296875, 813.1661376953125], [1450.84912109375, 456.1133728027344, 1509.7841796875, 699.6156005859375]]","[0.734375, 0.85986328125, 0.63818359375, 0.55908203125, 0.46923828125, 0.2939453125, 0.474853515625, 0.78466796875, 0.32958984375, 0.255859375]","[[185.71458435058594, 1079.065673828125], [793.6545715332031, 1080.0], [1680.3958740234375, 651.0242309570312], [1461.0317993164062, 687.0979614257812], [577.3590087890625, 807.4403076171875], [1417.0088500976562, 691.95361328125], [1531.95654296875, 663.5648193359375], [422.84376525878906, 961.7822265625], [991.8890686035156, 813.1661376953125], [1480.316650390625, 699.6156005859375]]",424689664,410255360,424689664,640,yolo26n_int8_640_ncnn_model,MOT17-09
199,80.54138900001817,0.0,8,"[1, 5, 133, 153, 177, 161, 127, 171]","[[0.0, 62.62255096435547, 369.430908203125, 1078.8277587890625], [549.2283325195312, 0.0, 985.0048828125, 1080.0], [1626.6435546875, 395.4699401855469, 1735.688720703125, 651.673828125], [1416.320556640625, 437.9741516113281, 1504.734619140625, 687.911376953125], [1502.2999267578125, 436.2051086425781, 1572.959716796875, 661.1681518554688], [323.69873046875, 205.90676879882812, 544.3314208984375, 964.9830932617188], [912.5755004882812, 336.5372619628906, 1067.0743408203125, 809.9501953125], [48.64265060424805, 47.703636169433594, 201.4167022705078, 1076.67138671875]]","[0.498046875, 0.88525390625, 0.6328125, 0.52490234375, 0.32080078125, 0.80322265625, 0.42529296875, 0.779296875]","[[184.7154541015625, 1078.8277587890625], [767.1166076660156, 1080.0], [1681.1661376953125, 651.673828125], [1460.527587890625, 687.911376953125], [1537.6298217773438, 661.1681518554688], [434.01507568359375, 964.9830932617188], [989.8249206542969, 809.9501953125], [125.02967643737793, 1076.67138671875]]",424689664,410255360,424689664,640,yolo26n_int8_640_ncnn_model,MOT17-09
200,93.32736700002897,0.0,8,"[1, 5, 133, 153, 177, 161, 127, 171]","[[0.0, 52.847286224365234, 360.814208984375, 1076.2491455078125], [515.5164184570312, 0.0, 961.4208374023438, 1080.0], [1627.5855712890625, 397.8209533691406, 1735.1103515625, 650.9588623046875], [1416.700927734375, 441.1885070800781, 1505.8360595703125, 687.9605712890625], [1505.6041259765625, 431.7078552246094, 1577.595947265625, 659.82568359375], [316.6847839355469, 215.1331787109375, 545.1093139648438, 963.9230346679688], [948.9410400390625, 405.62628173828125, 1084.796630859375, 808.5570678710938], [40.70512390136719, 42.17551040649414, 202.36749267578125, 1080.0]]","[0.5107421875, 0.88525390625, 0.64404296875, 0.4638671875, 0.339599609375, 0.75390625, 0.461669921875, 0.74169921875]","[[180.4071044921875, 1076.2491455078125], [738.4686279296875, 1080.0], [1681.3479614257812, 650.9588623046875], [1461.2684936523438, 687.9605712890625], [1541.6000366210938, 659.82568359375], [430.8970489501953, 963.9230346679688], [1016.8688354492188, 808.5570678710938], [121.53630828857422, 1080.0]]",424689664,410255360,424689664,640,yolo26n_int8_640_ncnn_model,MOT17-09
201,81.47559200006071,0.0,9,"[1, 5, 133, 153, 177, 161, 127, 171, 186]","[[0.0, 85.2426986694336, 357.35491943359375, 1074.771484375], [479.8301086425781, 0.0, 934.3272705078125, 1080.0], [1630.5977783203125, 398.21038818359375, 1737.9754638671875, 653.2179565429688], [1418.771240234375, 443.44635009765625, 1509.1790771484375, 688.9506225585938], [1511.654541015625, 431.3547058105469, 1584.3062744140625, 664.186279296875], [301.9919738769531, 223.76394653320312, 534.0250854492188, 956.5157470703125], [963.8016357421875, 343.9731750488281, 1123.0234375, 807.6072387695312], [27.24195098876953, 71.97505187988281, 188.26681518554688, 1080.0], [176.11256408691406, 246.0, 363.5874328613281, 933.5999755859375]]","[0.337646484375, 0.86181640625, 0.63232421875, 0.440185546875, 0.452392578125, 0.66357421875, 0.66259765625, 0.69189453125, 0.65966796875]","[[178.67745971679688, 1074.771484375], [707.0786895751953, 1080.0], [1684.28662109375, 653.2179565429688], [1463.9751586914062, 688.9506225585938], [1547.9804077148438, 664.186279296875], [418.00852966308594, 956.5157470703125], [1043.4125366210938, 807.6072387695312], [107.7543830871582, 1080.0], [269.8499984741211, 933.5999755859375]]",424689664,410255360,424689664,640,yolo26n_int8_640_ncnn_model,MOT17-09
202,81.93022199998268,0.0,12,"[5, 133, 153, 177, 161, 127, 171, 186, 132, 175, 155, 158]","[[444.4700012207031, 0.0, 908.8868408203125, 1080.0], [1634.8759765625, 399.58465576171875, 1741.6666259765625, 652.8412475585938], [1422.85693359375, 446.28717041015625, 1513.978515625, 690.2989501953125], [1517.2261962890625, 430.7287902832031, 1589.216796875, 665.3314819335938], [291.67303466796875, 238.16751098632812, 527.6633911132812, 974.9745483398438], [973.187744140625, 331.0235290527344, 1141.15771484375, 806.0479125976562], [10.539774894714355, 84.15619659423828, 169.89491271972656, 1080.0], [200.53297424316406, 240.63929748535156, 386.9207763671875, 924.5881958007812], [845.2835083007812, 304.4193420410156, 1007.7828979492188, 794.2669677734375], [1514.86865234375, 423.7104797363281, 1598.4547119140625, 649.7955322265625], [1401.3126220703125, 518.6170043945312, 1462.5479736328125, 695.524658203125], [1455.5435791015625, 451.1840515136719, 1514.5924072265625, 692.9871215820312]]","[0.8447265625, 0.6279296875, 0.467529296875, 0.4990234375, 0.689453125, 0.75390625, 0.6455078125, 0.7236328125, 0.537109375, 0.453857421875, 0.267333984375, 0.282958984375]","[[676.6784210205078, 1080.0], [1688.2713012695312, 652.8412475585938], [1468.417724609375, 690.2989501953125], [1553.2214965820312, 665.3314819335938], [409.668212890625, 974.9745483398438], [1057.1727294921875, 806.0479125976562], [90.21734380722046, 1080.0], [293.7268753051758, 924.5881958007812], [926.533203125, 794.2669677734375], [1556.6616821289062, 649.7955322265625], [1431.9302978515625, 695.524658203125], [1485.0679931640625, 692.9871215820312]]",424689664,410255360,424689664,640,yolo26n_int8_640_ncnn_model,MOT17-09
203,81.88266600018324,0.0,12,"[5, 133, 153, 177, 161, 127, 186, 190, 132, 175, 155, 178]","[[408.25946044921875, 0.0, 883.1533203125, 1080.0], [1640.2877197265625, 400.5882568359375, 1747.017822265625, 652.2195434570312], [1423.5614013671875, 447.10858154296875, 1515.5218505859375, 690.0440063476562], [1523.9346923828125, 432.7475280761719, 1594.1343994140625, 664.5227661132812], [292.1918640136719, 236.12066650390625, 528.1884155273438, 972.0783081054688], [979.2753295898438, 327.3721923828125, 1153.1859130859375, 807.9371948242188], [225.4310302734375, 246.32957458496094, 403.0657653808594, 897.7232055664062], [223.56951904296875, 252.22500610351562, 478.43048095703125, 888.9749755859375], [831.1461791992188, 291.6292419433594, 1000.7841796875, 796.8228149414062], [1516.754638671875, 421.6958312988281, 1601.0377197265625, 651.0581665039062], [1405.060546875, 518.6248779296875, 1465.6146240234375, 695.76318359375], [0.0, 238.7404022216797, 177.88829040527344, 921.8898315429688]]","[0.83935546875, 0.689453125, 0.424560546875, 0.3251953125, 0.61767578125, 0.8408203125, 0.8115234375, 0.4697265625, 0.5654296875, 0.475830078125, 0.436767578125, 0.50732421875]","[[645.7063903808594, 1080.0], [1693.6527709960938, 652.2195434570312], [1469.5416259765625, 690.0440063476562], [1559.0345458984375, 664.5227661132812], [410.1901397705078, 972.0783081054688], [1066.2306213378906, 807.9371948242188], [314.24839782714844, 897.7232055664062], [351.0, 888.9749755859375], [915.9651794433594, 796.8228149414062], [1558.8961791992188, 651.0581665039062], [1435.3375854492188, 695.76318359375], [88.94414520263672, 921.8898315429688]]",424689664,410255360,424689664,640,yolo26n_int8_640_ncnn_model,MOT17-09
204,101.91890200007947,0.0,8,"[5, 133, 153, 127, 186, 175, 155, 158]","[[379.9473571777344, 0.0, 860.0690307617188, 1080.0], [1644.6761474609375, 401.943359375, 1750.432373046875, 651.0072021484375], [1423.701904296875, 447.9023132324219, 1517.091064453125, 693.402587890625], [985.0232543945312, 327.4663391113281, 1160.007568359375, 800.4881591796875], [243.8037567138672, 245.66714477539062, 427.3488464355469, 915.5362548828125], [1529.137451171875, 422.8115234375, 1612.1798095703125, 650.701904296875], [1408.3287353515625, 519.8648681640625, 1467.6441650390625, 694.6158447265625], [1461.066162109375, 439.0407409667969, 1523.08642578125, 688.8775024414062]]","[0.8720703125, 0.63232421875, 0.3076171875, 0.84423828125, 0.77099609375, 0.374267578125, 0.398193359375, 0.2705078125]","[[620.0081939697266, 1080.0], [1697.5542602539062, 651.0072021484375], [1470.396484375, 693.402587890625], [1072.5154113769531, 800.4881591796875], [335.57630157470703, 915.5362548828125], [1570.6586303710938, 650.701904296875], [1437.9864501953125, 694.6158447265625], [1492.0762939453125, 688.8775024414062]]",424689664,410255360,424689664,640,yolo26n_int8_640_ncnn_model,MOT17-09
205,81.33507399998052,0.0,9,"[5, 133, 153, 127, 186, 175, 155, 158, 132]","[[348.3457946777344, 0.0, 837.3792724609375, 1080.0], [1649.7777099609375, 403.1792297363281, 1755.9979248046875, 651.8199462890625], [1421.398193359375, 448.4345397949219, 1515.9776611328125, 696.3720092773438], [984.86767578125, 329.78326416015625, 1163.6103515625, 804.495361328125], [249.29226684570312, 252.0802764892578, 433.23468017578125, 924.3792114257812], [1539.7471923828125, 424.97772216796875, 1622.096435546875, 650.8270874023438], [1410.43017578125, 517.3895263671875, 1470.2803955078125, 695.1802978515625], [1464.17578125, 438.72979736328125, 1525.6875, 686.7788696289062], [859.3226318359375, 364.8228454589844, 1002.6033935546875, 791.3941040039062]]","[0.890625, 0.66259765625, 0.303466796875, 0.8408203125, 0.7529296875, 0.55810546875, 0.314208984375, 0.2734375, 0.751953125]","[[592.8625335693359, 1080.0], [1702.8878173828125, 651.8199462890625], [1468.6879272460938, 696.3720092773438], [1074.239013671875, 804.495361328125], [341.2634735107422, 924.3792114257812], [1580.9218139648438, 650.8270874023438], [1440.3552856445312, 695.1802978515625], [1494.931640625, 686.7788696289062], [930.9630126953125, 791.3941040039062]]",424689664,410255360,424689664,640,yolo26n_int8_640_ncnn_model,MOT17-09
206,82.13031500008583,0.0,9,"[5, 133, 153, 127, 186, 175, 155, 158, 132]","[[308.457763671875, 0.0, 806.046875, 1078.0247802734375], [1651.9271240234375, 404.61334228515625, 1757.5902099609375, 650.1492309570312], [1414.5223388671875, 448.6214294433594, 1508.628662109375, 699.4400634765625], [992.8662719726562, 325.9349670410156, 1171.8094482421875, 799.0016479492188], [249.980224609375, 257.859375, 430.215087890625, 930.3934936523438], [1547.23681640625, 423.2795104980469, 1629.9471435546875, 648.38037109375], [1412.5684814453125, 518.1973876953125, 1471.7069091796875, 695.6436767578125], [1464.98046875, 437.1569519042969, 1526.875732421875, 687.5093383789062], [869.1801147460938, 396.8134765625, 1008.791015625, 798.2047119140625]]","[0.8896484375, 0.6298828125, 0.32763671875, 0.7509765625, 0.51220703125, 0.5087890625, 0.26513671875, 0.28173828125, 0.79052734375]","[[557.2523193359375, 1078.0247802734375], [1704.7586669921875, 650.1492309570312], [1461.5755004882812, 699.4400634765625], [1082.3378601074219, 799.0016479492188], [340.09765625, 930.3934936523438], [1588.5919799804688, 648.38037109375], [1442.1376953125, 695.6436767578125], [1495.9281005859375, 687.5093383789062], [938.9855651855469, 798.2047119140625]]",424689664,410255360,424689664,640,yolo26n_int8_640_ncnn_model,MOT17-09
207,82.09070299994892,0.0,9,"[5, 133, 153, 127, 175, 158, 132, 177, 178]","[[278.5664367675781, 0.0, 785.1348266601562, 1079.2608642578125], [1652.90185546875, 404.62335205078125, 1759.737548828125, 652.03857421875], [1412.8951416015625, 447.6932067871094, 1505.7601318359375, 699.5828857421875], [1005.6865234375, 324.2096252441406, 1179.9862060546875, 788.4169311523438], [1552.4876708984375, 425.630859375, 1638.026123046875, 651.4729614257812], [1471.1087646484375, 442.0184326171875, 1533.20263671875, 684.3482055664062], [875.0401611328125, 399.0395202636719, 1017.2256469726562, 796.3755493164062], [1541.2088623046875, 436.4222717285156, 1614.2606201171875, 661.4718627929688], [0.0, 263.7629699707031, 190.7436981201172, 1018.3340454101562]]","[0.9013671875, 0.63671875, 0.36572265625, 0.7841796875, 0.5732421875, 0.263427734375, 0.8251953125, 0.363525390625, 0.4970703125]","[[531.8506317138672, 1079.2608642578125], [1706.3197021484375, 652.03857421875], [1459.32763671875, 699.5828857421875], [1092.8363647460938, 788.4169311523438], [1595.2568969726562, 651.4729614257812], [1502.1557006835938, 684.3482055664062], [946.1329040527344, 796.3755493164062], [1577.7347412109375, 661.4718627929688], [95.3718490600586, 1018.3340454101562]]",424689664,410255360,424689664,640,yolo26n_int8_640_ncnn_model,MOT17-09
208,81.82738899995456,0.0,7,"[5, 133, 153, 127, 175, 132, 178]","[[239.8423614501953, 0.0, 751.1084594726562, 1072.30029296875], [1656.521240234375, 404.8511962890625, 1763.0272216796875, 651.5128784179688], [1418.0052490234375, 443.38079833984375, 1510.7452392578125, 698.603271484375], [1010.7711791992188, 321.93194580078125, 1183.785400390625, 787.2183227539062], [1551.976318359375, 427.00067138671875, 1639.147216796875, 651.14892578125], [883.81103515625, 404.2422790527344, 1027.11181640625, 791.2237548828125], [0.0, 258.10308837890625, 203.44921875, 1023.999755859375]]","[0.91015625, 0.63232421875, 0.3349609375, 0.79638671875, 0.56591796875, 0.82861328125, 0.740234375]","[[495.4754104614258, 1072.30029296875], [1709.7742309570312, 651.5128784179688], [1464.375244140625, 698.603271484375], [1097.2782897949219, 787.2183227539062], [1595.561767578125, 651.14892578125], [955.46142578125, 791.2237548828125], [101.724609375, 1023.999755859375]]",424689664,410255360,424689664,640,yolo26n_int8_640_ncnn_model,MOT17-09
209,81.16609200010316,0.0,10,"[5, 133, 153, 127, 175, 132, 178, 134, 89, 171]","[[195.74227905273438, 0.0, 714.1116333007812, 1077.1285400390625], [1657.8487548828125, 404.66119384765625, 1764.060302734375, 650.5786743164062], [1421.673095703125, 442.4776611328125, 1512.8607177734375, 696.4754638671875], [1023.7244873046875, 318.3207092285156, 1195.181884765625, 785.7385864257812], [1555.857666015625, 428.2487487792969, 1645.0291748046875, 653.2742309570312], [889.8740234375, 397.13970947265625, 1033.9893798828125, 787.9453125], [0.0, 258.6543273925781, 214.06480407714844, 1018.4727783203125], [666.2767333984375, 363.6011962890625, 835.9974365234375, 801.4813232421875], [547.4522094726562, 341.0760192871094, 717.0739135742188, 903.3643798828125], [69.41903686523438, 237.84054565429688, 218.0974884033203, 1018.8493041992188]]","[0.8857421875, 0.63525390625, 0.261962890625, 0.77587890625, 0.50439453125, 0.75634765625, 0.81787109375, 0.572265625, 0.6044921875, 0.5322265625]","[[454.9269561767578, 1077.1285400390625], [1710.9545288085938, 650.5786743164062], [1467.2669067382812, 696.4754638671875], [1109.4531860351562, 785.7385864257812], [1600.4434204101562, 653.2742309570312], [961.9317016601562, 787.9453125], [107.03240203857422, 1018.4727783203125], [751.1370849609375, 801.4813232421875], [632.2630615234375, 903.3643798828125], [143.75826263427734, 1018.8493041992188]]",424689664,410255360,424689664,640,yolo26n_int8_640_ncnn_model,MOT17-09
210,81.8955739998728,0.0,10,"[5, 133, 153, 127, 175, 132, 178, 134, 89, 171]","[[145.8548126220703, 0.0, 667.6377563476562, 1078.9619140625], [1660.205322265625, 403.5709533691406, 1766.3358154296875, 649.2442626953125], [1431.3773193359375, 449.3057861328125, 1521.136474609375, 701.304443359375], [1042.4775390625, 316.31494140625, 1212.5087890625, 785.0199584960938], [1555.0982666015625, 428.19891357421875, 1647.101806640625, 654.564697265625], [904.260009765625, 403.5239562988281, 1043.7835693359375, 781.8192138671875], [0.0, 267.41229248046875, 205.85260009765625, 1012.8222045898438], [672.0711669921875, 359.61767578125, 842.4652709960938, 803.2567138671875], [536.3795166015625, 334.0134582519531, 717.9547119140625, 914.1029052734375], [70.61591339111328, 254.99388122558594, 235.8615264892578, 1009.1010131835938]]","[0.8662109375, 0.64794921875, 0.285400390625, 0.81396484375, 0.4921875, 0.763671875, 0.7783203125, 0.75439453125, 0.58642578125, 0.54345703125]","[[406.7462844848633, 1078.9619140625], [1713.2705688476562, 649.2442626953125], [1476.2568969726562, 701.304443359375], [1127.4931640625, 785.0199584960938], [1601.1000366210938, 654.564697265625], [974.0217895507812, 781.8192138671875], [102.92630004882812, 1012.8222045898438], [757.2682189941406, 803.2567138671875], [627.1671142578125, 914.1029052734375], [153.23871994018555, 1009.1010131835938]]",424689664,410255360,424689664,640,yolo26n_int8_640_ncnn_model,MOT17-09
211,91.61223799992513,0.0,9,"[5, 133, 153, 127, 175, 132, 178, 134, 89]","[[86.81656646728516, 0.0, 608.4783935546875, 1079.66064453125], [1667.067626953125, 403.39202880859375, 1772.9290771484375, 647.5152587890625], [1439.009765625, 444.71490478515625, 1530.155029296875, 697.4090576171875], [1062.7664794921875, 320.4876403808594, 1232.7222900390625, 785.9478149414062], [1557.41162109375, 420.96954345703125, 1652.8658447265625, 653.3068237304688], [919.6857299804688, 401.07867431640625, 1056.7213134765625, 778.1748046875], [0.0, 265.8614501953125, 183.09402465820312, 972.4551391601562], [683.594482421875, 354.0355529785156, 858.5672607421875, 802.1658935546875], [538.6407470703125, 262.33209228515625, 747.8141479492188, 904.4063110351562]]","[0.8896484375, 0.5966796875, 0.314453125, 0.8251953125, 0.41552734375, 0.76025390625, 0.6748046875, 0.69921875, 0.6337890625]","[[347.6474800109863, 1079.66064453125], [1719.9983520507812, 647.5152587890625], [1484.5823974609375, 697.4090576171875], [1147.744384765625, 785.9478149414062], [1605.1387329101562, 653.3068237304688], [988.2035217285156, 778.1748046875], [91.54701232910156, 972.4551391601562], [771.0808715820312, 802.1658935546875], [643.2274475097656, 904.4063110351562]]",424689664,410255360,424689664,640,yolo26n_int8_640_ncnn_model,MOT17-09
212,81.77836999993815,0.0,8,"[5, 133, 153, 127, 175, 132, 134, 89]","[[57.20893096923828, 0.0, 579.9398193359375, 1079.922607421875], [1671.1787109375, 402.0657653808594, 1777.6331787109375, 646.1375732421875], [1440.6268310546875, 441.9884948730469, 1534.670654296875, 698.8778076171875], [1077.190185546875, 322.17523193359375, 1248.545166015625, 785.390625], [1559.591064453125, 416.03607177734375, 1657.3876953125, 654.053955078125], [930.9098510742188, 397.5278625488281, 1066.1055908203125, 775.468017578125], [694.7879638671875, 360.4654541015625, 867.2578735351562, 798.9826049804688], [547.05517578125, 245.7818145751953, 773.1373291015625, 911.7662963867188]]","[0.8896484375, 0.62939453125, 0.40185546875, 0.8388671875, 0.4990234375, 0.69921875, 0.75634765625, 0.7080078125]","[[318.5743751525879, 1079.922607421875], [1724.4059448242188, 646.1375732421875], [1487.6487426757812, 698.8778076171875], [1162.86767578125, 785.390625], [1608.4893798828125, 654.053955078125], [998.5077209472656, 775.468017578125], [781.0229187011719, 798.9826049804688], [660.0962524414062, 911.7662963867188]]",424689664,410255360,424689664,640,yolo26n_int8_640_ncnn_model,MOT17-09
213,81.4621659999375,0.0,8,"[5, 133, 153, 127, 175, 132, 134, 89]","[[21.347240447998047, 0.0, 548.086181640625, 1080.0], [1671.934326171875, 400.81463623046875, 1779.9337158203125, 646.391357421875], [1439.331787109375, 440.4737854003906, 1538.1229248046875, 705.8031005859375], [1088.484375, 325.36492919921875, 1259.550537109375, 784.7509155273438], [1564.5211181640625, 422.2388610839844, 1660.594970703125, 654.08984375], [940.4603881835938, 399.8775939941406, 1074.367431640625, 778.8867797851562], [703.5496826171875, 360.07659912109375, 878.3407592773438, 802.590576171875], [555.3729248046875, 232.0860595703125, 794.823974609375, 909.4996948242188]]","[0.8701171875, 0.64697265625, 0.265625, 0.84716796875, 0.47412109375, 0.69970703125, 0.75146484375, 0.6513671875]","[[284.7167110443115, 1080.0], [1725.9340209960938, 646.391357421875], [1488.7273559570312, 705.8031005859375], [1174.0174560546875, 784.7509155273438], [1612.5580444335938, 654.08984375], [1007.4139099121094, 778.8867797851562], [790.9452209472656, 802.590576171875], [675.0984497070312, 909.4996948242188]]",424689664,410255360,424689664,640,yolo26n_int8_640_ncnn_model,MOT17-09
214,81.80122299995674,0.0,9,"[5, 133, 153, 127, 175, 132, 134, 89, 161]","[[5.903708457946777, 0.0, 535.5283813476562, 1080.0], [1675.749267578125, 400.34283447265625, 1784.956787109375, 646.5107421875], [1441.3040771484375, 441.3719177246094, 1540.7242431640625, 703.052490234375], [1101.9656982421875, 324.3811950683594, 1275.315185546875, 784.8236083984375], [1572.0848388671875, 424.6970520019531, 1665.7130126953125, 652.1013793945312], [959.3944702148438, 398.13848876953125, 1091.2862548828125, 776.76708984375], [714.5718994140625, 361.18634033203125, 888.0358276367188, 804.6300048828125], [557.7405395507812, 232.04100036621094, 804.9766235351562, 907.0756225585938], [381.0167541503906, 300.10968017578125, 572.77685546875, 896.14501953125]]","[0.875, 0.6689453125, 0.5, 0.84619140625, 0.55078125, 0.7529296875, 0.70361328125, 0.7666015625, 0.392822265625]","[[270.7160449028015, 1080.0], [1730.35302734375, 646.5107421875], [1491.01416015625, 703.052490234375], [1188.6404418945312, 784.8236083984375], [1618.89892578125, 652.1013793945312], [1025.3403625488281, 776.76708984375], [801.3038635253906, 804.6300048828125], [681.3585815429688, 907.0756225585938], [476.8968048095703, 896.14501953125]]",424689664,410255360,424689664,640,yolo26n_int8_640_ncnn_model,MOT17-09
215,82.00198200006525,0.0,9,"[5, 133, 153, 127, 175, 132, 134, 89, 161]","[[0.0, 0.0, 526.4837646484375, 1080.0], [1678.8433837890625, 400.9103088378906, 1788.9205322265625, 647.8173828125], [1439.569580078125, 441.006103515625, 1542.0382080078125, 702.6553955078125], [1112.1326904296875, 328.3905334472656, 1286.078125, 785.523681640625], [1577.688720703125, 425.6185607910156, 1670.5084228515625, 653.3493041992188], [970.2794189453125, 399.396484375, 1098.8936767578125, 772.07373046875], [723.4259643554688, 356.47705078125, 894.3504638671875, 800.6651000976562], [561.9666748046875, 242.1365509033203, 812.4058227539062, 905.803466796875], [393.5477600097656, 278.2433166503906, 586.3499145507812, 893.718994140625]]","[0.892578125, 0.64697265625, 0.486572265625, 0.83642578125, 0.55224609375, 0.7421875, 0.63427734375, 0.78173828125, 0.591796875]","[[263.24188232421875, 1080.0], [1733.8819580078125, 647.8173828125], [1490.8038940429688, 702.6553955078125], [1199.1054077148438, 785.523681640625], [1624.0985717773438, 653.3493041992188], [1034.5865478515625, 772.07373046875], [808.8882141113281, 800.6651000976562], [687.1862487792969, 905.803466796875], [489.94883728027344, 893.718994140625]]",424689664,410255360,424689664,640,yolo26n_int8_640_ncnn_model,MOT17-09
216,82.78205500005242,0.0,9,"[5, 133, 153, 127, 175, 132, 134, 89, 161]","[[0.0, 0.0, 513.1141357421875, 1080.0], [1682.3349609375, 402.3658142089844, 1791.80517578125, 647.0896606445312], [1445.5087890625, 440.6338195800781, 1549.6019287109375, 702.7229614257812], [1120.5955810546875, 331.3108825683594, 1293.397705078125, 782.4820556640625], [1586.63232421875, 423.2241516113281, 1679.03125, 652.571533203125], [979.921630859375, 401.7886962890625, 1107.2230224609375, 773.4554443359375], [734.9088134765625, 354.4664306640625, 900.8265380859375, 796.3805541992188], [564.5941162109375, 241.88462829589844, 819.6292724609375, 901.8447265625], [425.7602233886719, 277.9845275878906, 608.4112548828125, 879.4857177734375]]","[0.87841796875, 0.6181640625, 0.42529296875, 0.84423828125, 0.61474609375, 0.72314453125, 0.6298828125, 0.8095703125, 0.68017578125]","[[256.55706787109375, 1080.0], [1737.070068359375, 647.0896606445312], [1497.5553588867188, 702.7229614257812], [1206.9966430664062, 782.4820556640625], [1632.831787109375, 652.571533203125], [1043.5723266601562, 773.4554443359375], [817.86767578125, 796.3805541992188], [692.1116943359375, 901.8447265625], [517.0857391357422, 879.4857177734375]]",424689664,410255360,424689664,640,yolo26n_int8_640_ncnn_model,MOT17-09
217,81.36516700005814,0.0,9,"[5, 133, 153, 127, 175, 132, 134, 89, 161]","[[0.0, 0.0, 500.5676574707031, 1080.0], [1683.4908447265625, 401.92193603515625, 1792.7847900390625, 645.8324584960938], [1444.817138671875, 441.98614501953125, 1551.303955078125, 703.2153930664062], [1127.123046875, 335.6696472167969, 1298.730712890625, 781.1366577148438], [1593.732666015625, 421.5750732421875, 1686.0870361328125, 651.0393676757812], [989.7689819335938, 407.10772705078125, 1115.212890625, 771.554443359375], [745.4764404296875, 351.5213928222656, 907.3139038085938, 795.9386596679688], [575.7186889648438, 231.02716064453125, 834.2813110351562, 898.4948120117188], [447.7258605957031, 268.62298583984375, 627.2454833984375, 883.6289672851562]]","[0.83544921875, 0.65283203125, 0.398193359375, 0.8583984375, 0.55615234375, 0.7421875, 0.53759765625, 0.796875, 0.69873046875]","[[250.28382873535156, 1080.0], [1738.1378173828125, 645.8324584960938], [1498.060546875, 703.2153930664062], [1212.9268798828125, 781.1366577148438], [1639.9098510742188, 651.0393676757812], [1052.4909362792969, 771.554443359375], [826.3951721191406, 795.9386596679688], [705.0, 898.4948120117188], [537.4856719970703, 883.6289672851562]]",424689664,410255360,424689664,640,yolo26n_int8_640_ncnn_model,MOT17-09
218,81.88359299992953,0.0,10,"[5, 133, 153, 127, 175, 132, 134, 89, 161, 171]","[[0.0, 0.0, 490.8161926269531, 1080.0], [1685.123291015625, 402.7449951171875, 1793.6968994140625, 644.38134765625], [1449.0374755859375, 438.0615234375, 1557.16162109375, 701.8926391601562], [1131.36083984375, 338.7955017089844, 1302.9461669921875, 781.1876831054688], [1600.53564453125, 418.22772216796875, 1694.162841796875, 651.2029418945312], [998.28173828125, 403.7080078125, 1125.4781494140625, 771.2000732421875], [752.15576171875, 356.1227722167969, 906.4927368164062, 795.9967651367188], [589.0648193359375, 231.82278442382812, 843.50146484375, 891.4022216796875], [465.2396240234375, 267.4662780761719, 640.3958740234375, 885.0489501953125], [199.95993041992188, 531.1694946289062, 321.7679443359375, 1000.220458984375]]","[0.728515625, 0.65234375, 0.393798828125, 0.84814453125, 0.52685546875, 0.751953125, 0.55908203125, 0.75439453125, 0.61328125, 0.7470703125]","[[245.40809631347656, 1080.0], [1739.4100952148438, 644.38134765625], [1503.0995483398438, 701.8926391601562], [1217.1535034179688, 781.1876831054688], [1647.3492431640625, 651.2029418945312], [1061.8799438476562, 771.2000732421875], [829.3242492675781, 795.9967651367188], [716.2831420898438, 891.4022216796875], [552.8177490234375, 885.0489501953125], [260.8639373779297, 1000.220458984375]]",424689664,410255360,424689664,640,yolo26n_int8_640_ncnn_model,MOT17-09
219,80.96800099997381,0.0,10,"[5, 133, 153, 127, 175, 132, 134, 89, 161, 190]","[[0.0, 0.0, 478.6808776855469, 1080.0], [1685.865966796875, 405.79205322265625, 1793.6649169921875, 644.1038818359375], [1457.370849609375, 441.7625427246094, 1564.2864990234375, 702.1126098632812], [1141.560546875, 343.31072998046875, 1311.0086669921875, 778.8831787109375], [1607.0623779296875, 422.6436767578125, 1698.7974853515625, 651.51611328125], [1007.7761840820312, 408.1349792480469, 1135.1646728515625, 769.3917846679688], [761.87890625, 364.38214111328125, 910.1983642578125, 801.45166015625], [616.5130004882812, 223.94302368164062, 863.498779296875, 880.3057861328125], [484.2510986328125, 274.064697265625, 653.93505859375, 884.7804565429688], [182.61624145507812, 494.9132995605469, 400.36016845703125, 995.4224853515625]]","[0.5654296875, 0.603515625, 0.349853515625, 0.8076171875, 0.41357421875, 0.74951171875, 0.5458984375, 0.6650390625, 0.72998046875, 0.69580078125]","[[239.34043884277344, 1080.0], [1739.7654418945312, 644.1038818359375], [1510.8286743164062, 702.1126098632812], [1226.2846069335938, 778.8831787109375], [1652.929931640625, 651.51611328125], [1071.4704284667969, 769.3917846679688], [836.0386352539062, 801.45166015625], [740.0058898925781, 880.3057861328125], [569.0930786132812, 884.7804565429688], [291.4882049560547, 995.4224853515625]]",424689664,410255360,424689664,640,yolo26n_int8_640_ncnn_model,MOT17-09
220,81.83150100012426,0.0,11,"[5, 133, 153, 127, 175, 132, 134, 89, 161, 190, 186]","[[0.0, 0.0, 459.4694519042969, 1080.0], [1688.02197265625, 406.17547607421875, 1795.5416259765625, 643.7731323242188], [1453.6627197265625, 433.52117919921875, 1563.7423095703125, 701.9291381835938], [1152.32275390625, 343.0848083496094, 1321.2100830078125, 774.9378051757812], [1610.412109375, 424.3642578125, 1701.2027587890625, 652.6386108398438], [1014.1923828125, 416.5046691894531, 1143.031494140625, 780.1140747070312], [770.8289794921875, 359.57391357421875, 915.637939453125, 797.5282592773438], [641.4880981445312, 238.0190887451172, 876.17626953125, 877.8743896484375], [505.3770751953125, 278.0607604980469, 671.0692138671875, 876.29296875], [192.6963348388672, 484.5816650390625, 437.9969787597656, 1004.5667724609375], [464.7430114746094, 282.032470703125, 636.365966796875, 857.67578125]]","[0.287353515625, 0.60009765625, 0.46044921875, 0.79052734375, 0.421630859375, 0.77587890625, 0.537109375, 0.66064453125, 0.81787109375, 0.7333984375, 0.397705078125]","[[229.73472595214844, 1080.0], [1741.7817993164062, 643.7731323242188], [1508.7025146484375, 701.9291381835938], [1236.7664184570312, 774.9378051757812], [1655.8074340820312, 652.6386108398438], [1078.6119384765625, 780.1140747070312], [843.2334594726562, 797.5282592773438], [758.8321838378906, 877.8743896484375], [588.22314453125, 876.29296875], [315.3466567993164, 1004.5667724609375], [550.5544891357422, 857.67578125]]",424689664,410255360,424689664,640,yolo26n_int8_640_ncnn_model,MOT17-09
221,81.24883400000726,0.0,10,"[5, 133, 153, 127, 175, 132, 134, 89, 161, 190]","[[0.0, 6.437492847442627, 434.3245849609375, 1076.561279296875], [1689.9464111328125, 405.552734375, 1796.923583984375, 642.4232177734375], [1453.4539794921875, 430.9564208984375, 1564.1837158203125, 703.3192138671875], [1158.38671875, 340.4522705078125, 1327.1185302734375, 772.0247192382812], [1618.10986328125, 424.50927734375, 1709.1766357421875, 652.5628662109375], [1024.42236328125, 418.51165771484375, 1151.3443603515625, 777.1263427734375], [794.00634765625, 358.5057678222656, 934.9471435546875, 793.2982177734375], [659.3599243164062, 234.9782257080078, 895.2344970703125, 896.5643920898438], [534.9153442382812, 276.9922790527344, 703.5983276367188, 871.7761840820312], [181.56625366210938, 338.5595703125, 500.7721862792969, 1001.2208251953125]]","[0.564453125, 0.576171875, 0.431396484375, 0.802734375, 0.45068359375, 0.71044921875, 0.55029296875, 0.7177734375, 0.7119140625, 0.8388671875]","[[217.16229248046875, 1076.561279296875], [1743.4349975585938, 642.4232177734375], [1508.81884765625, 703.3192138671875], [1242.7526245117188, 772.0247192382812], [1663.6432495117188, 652.5628662109375], [1087.8833618164062, 777.1263427734375], [864.4767456054688, 793.2982177734375], [777.2972106933594, 896.5643920898438], [619.2568359375, 871.7761840820312], [341.1692199707031, 1001.2208251953125]]",424689664,410255360,424689664,640,yolo26n_int8_640_ncnn_model,MOT17-09
222,81.9044820000272,0.0,9,"[133, 153, 127, 175, 132, 134, 89, 161, 190]","[[1689.6773681640625, 403.0599365234375, 1798.237060546875, 644.1804809570312], [1454.96923828125, 426.3325500488281, 1565.4991455078125, 701.6362915039062], [1160.7852783203125, 343.05767822265625, 1326.40234375, 767.3846435546875], [1621.132568359375, 426.791015625, 1711.6514892578125, 652.2845458984375], [1034.513916015625, 416.8863525390625, 1159.36572265625, 772.2659912109375], [812.7275390625, 360.59893798828125, 953.5377197265625, 795.1561279296875], [695.3458251953125, 249.0648651123047, 921.2705078125, 884.4180297851562], [552.0048217773438, 280.5876159667969, 723.3212280273438, 871.2716674804688], [182.63323974609375, 300.4275207519531, 529.8014526367188, 1002.857177734375]]","[0.57177734375, 0.443359375, 0.79052734375, 0.46875, 0.68310546875, 0.39501953125, 0.66796875, 0.759765625, 0.7919921875]","[[1743.9572143554688, 644.1804809570312], [1510.2341918945312, 701.6362915039062], [1243.5938110351562, 767.3846435546875], [1666.3920288085938, 652.2845458984375], [1096.9398193359375, 772.2659912109375], [883.1326293945312, 795.1561279296875], [808.3081665039062, 884.4180297851562], [637.6630249023438, 871.2716674804688], [356.21734619140625, 1002.857177734375]]",424689664,410255360,424689664,640,yolo26n_int8_640_ncnn_model,MOT17-09
223,81.21675999996114,0.0,9,"[133, 153, 127, 175, 132, 134, 89, 161, 190]","[[1694.9708251953125, 403.110595703125, 1801.0882568359375, 639.9127807617188], [1457.6949462890625, 422.88824462890625, 1567.6087646484375, 700.7295532226562], [1161.298095703125, 343.6315002441406, 1325.639404296875, 768.1063232421875], [1624.8931884765625, 429.63800048828125, 1715.4896240234375, 652.17822265625], [1042.8035888671875, 414.679931640625, 1167.0413818359375, 769.9979858398438], [844.5311279296875, 434.56536865234375, 962.8381958007812, 786.1810913085938], [721.3468017578125, 254.4668731689453, 949.3327026367188, 889.8893432617188], [557.6383666992188, 286.4089050292969, 729.5663452148438, 864.71630859375], [185.3323974609375, 283.4562072753906, 545.842529296875, 995.5774536132812]]","[0.5, 0.423828125, 0.759765625, 0.41552734375, 0.689453125, 0.356689453125, 0.56689453125, 0.80517578125, 0.82763671875]","[[1748.029541015625, 639.9127807617188], [1512.65185546875, 700.7295532226562], [1243.46875, 768.1063232421875], [1670.19140625, 652.17822265625], [1104.9224853515625, 769.9979858398438], [903.6846618652344, 786.1810913085938], [835.3397521972656, 889.8893432617188], [643.6023559570312, 864.71630859375], [365.58746337890625, 995.5774536132812]]",424689664,410255360,424689664,640,yolo26n_int8_640_ncnn_model,MOT17-09
224,86.69399999985217,0.0,11,"[133, 153, 127, 175, 132, 134, 89, 161, 190, 212, 213]","[[1701.3648681640625, 402.1300354003906, 1805.5872802734375, 637.2978515625], [1456.87451171875, 422.11773681640625, 1565.211669921875, 701.8458862304688], [1165.4459228515625, 344.5631408691406, 1326.783935546875, 767.694580078125], [1626.3302001953125, 429.437744140625, 1720.476806640625, 653.3873901367188], [1051.9852294921875, 406.5461120605469, 1177.046142578125, 764.4603881835938], [872.6112060546875, 468.2453918457031, 982.276123046875, 780.6749267578125], [733.3540649414062, 263.08441162109375, 957.437744140625, 892.2559814453125], [559.1343994140625, 290.5447692871094, 733.572265625, 866.4765625], [192.26992797851562, 282.9458312988281, 557.167236328125, 994.394287109375], [660.439453125, 257.25, 960.1605224609375, 868.9500122070312], [126.96504211425781, 303.45001220703125, 346.4349670410156, 973.6500244140625]]","[0.4638671875, 0.326171875, 0.75146484375, 0.4375, 0.70654296875, 0.4306640625, 0.71923828125, 0.8134765625, 0.8291015625, 0.465576171875, 0.59033203125]","[[1753.47607421875, 637.2978515625], [1511.0430908203125, 701.8458862304688], [1246.1149291992188, 767.694580078125], [1673.4035034179688, 653.3873901367188], [1114.5156860351562, 764.4603881835938], [927.4436645507812, 780.6749267578125], [845.3959045410156, 892.2559814453125], [646.3533325195312, 866.4765625], [374.7185821533203, 994.394287109375], [810.2999877929688, 868.9500122070312], [236.70000457763672, 973.6500244140625]]",424689664,410255360,424689664,640,yolo26n_int8_640_ncnn_model,MOT17-09
225,93.88981400002194,0.0,9,"[133, 127, 175, 132, 134, 89, 161, 190, 213]","[[1705.5211181640625, 403.2610778808594, 1807.296142578125, 634.8588256835938], [1175.7354736328125, 347.1257019042969, 1335.8287353515625, 768.3583374023438], [1627.084228515625, 428.1010437011719, 1723.7650146484375, 653.0911254882812], [1062.3768310546875, 406.6968078613281, 1186.046630859375, 762.2013549804688], [881.8162841796875, 461.5959777832031, 996.9966430664062, 779.7745361328125], [752.3248901367188, 269.1241760253906, 975.7012939453125, 888.3756103515625], [561.4331665039062, 288.2342529296875, 738.774169921875, 864.9996948242188], [205.2906494140625, 273.0242614746094, 573.7527465820312, 991.46337890625], [134.39308166503906, 313.80657958984375, 345.54486083984375, 959.3590698242188]]","[0.525390625, 0.7666015625, 0.350830078125, 0.71923828125, 0.3544921875, 0.66064453125, 0.79638671875, 0.82958984375, 0.650390625]","[[1756.4086303710938, 634.8588256835938], [1255.7821044921875, 768.3583374023438], [1675.4246215820312, 653.0911254882812], [1124.2117309570312, 762.2013549804688], [939.4064636230469, 779.7745361328125], [864.0130920410156, 888.3756103515625], [650.1036682128906, 864.9996948242188], [389.5216979980469, 991.46337890625], [239.9689712524414, 959.3590698242188]]",424689664,410255360,424689664,640,yolo26n_int8_640_ncnn_model,MOT17-09
226,133.3474150001166,0.0,11,"[133, 127, 175, 132, 134, 89, 161, 190, 213, 215, 155]","[[1708.1796875, 404.6888732910156, 1808.60546875, 634.9884033203125], [1189.8509521484375, 344.0567932128906, 1350.331298828125, 768.6685180664062], [1642.5050048828125, 432.78228759765625, 1737.269287109375, 648.7610473632812], [1072.576904296875, 400.9925842285156, 1197.312744140625, 760.1813354492188], [894.3446044921875, 474.9000244140625, 1007.405029296875, 780.5264282226562], [770.4479370117188, 271.6485290527344, 994.3589477539062, 880.6194458007812], [573.1940307617188, 301.9346008300781, 748.3161010742188, 861.9468994140625], [232.06626892089844, 278.994384765625, 591.0489501953125, 984.7617797851562], [158.44232177734375, 292.2411193847656, 369.78387451171875, 936.7718505859375], [262.7933349609375, 289.98748779296875, 759.4566650390625, 966.1124877929688], [1473.1163330078125, 539.75048828125, 1529.8475341796875, 704.8613891601562]]","[0.42529296875, 0.76806640625, 0.2900390625, 0.744140625, 0.280517578125, 0.720703125, 0.75390625, 0.72412109375, 0.486572265625, 0.50146484375, 0.411865234375]","[[1758.392578125, 634.9884033203125], [1270.0911254882812, 768.6685180664062], [1689.8871459960938, 648.7610473632812], [1134.94482421875, 760.1813354492188], [950.8748168945312, 780.5264282226562], [882.4034423828125, 880.6194458007812], [660.7550659179688, 861.9468994140625], [411.55760955810547, 984.7617797851562], [264.11309814453125, 936.7718505859375], [511.125, 966.1124877929688], [1501.48193359375, 704.8613891601562]]",424689664,410255360,424689664,640,yolo26n_int8_640_ncnn_model,MOT17-09
227,82.0977230000608,0.0,13,"[133, 127, 175, 132, 134, 89, 161, 190, 213, 215, 155, 158, 212]","[[1712.7755126953125, 405.2156982421875, 1811.2716064453125, 633.0801391601562], [1200.670166015625, 339.9026184082031, 1361.5576171875, 767.8360595703125], [1653.930908203125, 434.0450744628906, 1748.503662109375, 646.5994873046875], [1079.553466796875, 409.5204162597656, 1201.648681640625, 758.7493896484375], [901.4837036132812, 470.0858154296875, 1016.468017578125, 780.623046875], [778.0144653320312, 272.3162841796875, 1002.3197021484375, 872.9403076171875], [580.9090576171875, 299.6813659667969, 757.505615234375, 862.2144775390625], [256.5313720703125, 284.86572265625, 601.8662719726562, 973.1799926757812], [178.693359375, 290.8858947753906, 388.56005859375, 928.6099853515625], [280.5450439453125, 293.1084899902344, 770.2896118164062, 960.19140625], [1474.732177734375, 538.6341552734375, 1533.1695556640625, 704.5531005859375], [1508.2607421875, 434.5967102050781, 1581.76416015625, 687.2595825195312], [628.9752807617188, 299.1655578613281, 905.804443359375, 855.7359619140625]]","[0.37548828125, 0.76513671875, 0.366455078125, 0.74658203125, 0.3603515625, 0.771484375, 0.78515625, 0.68896484375, 0.459716796875, 0.45556640625, 0.35791015625, 0.40869140625, 0.330078125]","[[1762.0235595703125, 633.0801391601562], [1281.1138916015625, 767.8360595703125], [1701.21728515625, 646.5994873046875], [1140.60107421875, 758.7493896484375], [958.9758605957031, 780.623046875], [890.1670837402344, 872.9403076171875], [669.2073364257812, 862.2144775390625], [429.1988220214844, 973.1799926757812], [283.626708984375, 928.6099853515625], [525.4173278808594, 960.19140625], [1503.9508666992188, 704.5531005859375], [1545.012451171875, 687.2595825195312], [767.3898620605469, 855.7359619140625]]",424689664,410255360,424689664,640,yolo26n_int8_640_ncnn_model,MOT17-09
228,87.84440699992047,0.0,14,"[133, 127, 175, 132, 134, 89, 161, 190, 213, 215, 155, 221, 158, 212]","[[1715.972412109375, 406.40460205078125, 1812.5697021484375, 631.40771484375], [1207.93798828125, 346.248779296875, 1365.93310546875, 765.5833740234375], [1660.846923828125, 431.2086181640625, 1757.4989013671875, 647.0830078125], [1083.1556396484375, 408.2527770996094, 1205.3887939453125, 757.798828125], [912.9502563476562, 471.48876953125, 1028.3099365234375, 781.4490356445312], [783.342041015625, 275.9148864746094, 1009.582275390625, 869.7236328125], [592.3273315429688, 287.14752197265625, 770.5150756835938, 859.0255737304688], [294.4772033691406, 276.9329833984375, 627.24755859375, 962.489013671875], [206.88267517089844, 287.46112060546875, 417.3404846191406, 922.2886962890625], [287.169921875, 287.92767333984375, 774.1483764648438, 956.19873046875], [1477.843994140625, 539.5787963867188, 1537.7464599609375, 705.22509765625], [169.48495483398438, 312.5625, 550.2150268554688, 939.9375], [1505.0140380859375, 430.915283203125, 1586.357177734375, 695.0560913085938], [603.6222534179688, 299.8338317871094, 879.3519287109375, 854.5255737304688]]","[0.349609375, 0.7919921875, 0.449462890625, 0.7158203125, 0.392578125, 0.79931640625, 0.75390625, 0.73779296875, 0.46875, 0.43994140625, 0.30224609375, 0.361572265625, 0.40966796875, 0.5029296875]","[[1764.2710571289062, 631.40771484375], [1286.935546875, 765.5833740234375], [1709.1729125976562, 647.0830078125], [1144.272216796875, 757.798828125], [970.6300964355469, 781.4490356445312], [896.462158203125, 869.7236328125], [681.4212036132812, 859.0255737304688], [460.8623809814453, 962.489013671875], [312.11157989501953, 922.2886962890625], [530.6591491699219, 956.19873046875], [1507.7952270507812, 705.22509765625], [359.84999084472656, 939.9375], [1545.6856079101562, 695.0560913085938], [741.4870910644531, 854.5255737304688]]",424689664,410255360,424689664,640,yolo26n_int8_640_ncnn_model,MOT17-09
229,81.35624099986671,0.0,11,"[133, 127, 175, 132, 134, 89, 161, 190, 213, 155, 158]","[[1721.440185546875, 406.5862731933594, 1816.568603515625, 632.0831298828125], [1212.8365478515625, 351.91119384765625, 1367.6492919921875, 762.5285034179688], [1666.5377197265625, 428.656494140625, 1765.2235107421875, 654.7255859375], [1091.7796630859375, 411.75445556640625, 1212.8406982421875, 757.5084838867188], [924.3424072265625, 468.376953125, 1040.6710205078125, 781.0262451171875], [787.2012329101562, 275.5909729003906, 1017.2926635742188, 868.1984252929688], [617.1349487304688, 281.93035888671875, 789.7430419921875, 845.5234985351562], [333.5453186035156, 274.1479187011719, 657.7332763671875, 968.4675903320312], [235.0308074951172, 293.727783203125, 443.2911071777344, 914.5647583007812], [1482.0438232421875, 540.3967895507812, 1541.184814453125, 704.9562377929688], [1506.7821044921875, 433.8232421875, 1592.9085693359375, 698.4054565429688]]","[0.348876953125, 0.75439453125, 0.5595703125, 0.7431640625, 0.353271484375, 0.77685546875, 0.7421875, 0.6083984375, 0.61279296875, 0.3447265625, 0.464599609375]","[[1769.00439453125, 632.0831298828125], [1290.242919921875, 762.5285034179688], [1715.880615234375, 654.7255859375], [1152.3101806640625, 757.5084838867188], [982.5067138671875, 781.0262451171875], [902.2469482421875, 868.1984252929688], [703.4389953613281, 845.5234985351562], [495.63929748535156, 968.4675903320312], [339.1609573364258, 914.5647583007812], [1511.6143188476562, 704.9562377929688], [1549.8453369140625, 698.4054565429688]]",424689664,410255360,424689664,640,yolo26n_int8_640_ncnn_model,MOT17-09
230,82.00118600007045,0.0,10,"[133, 127, 175, 132, 89, 161, 190, 213, 155, 158]","[[1730.550537109375, 408.1370544433594, 1822.7344970703125, 630.8765869140625], [1215.0986328125, 355.9931945800781, 1368.1690673828125, 763.453125], [1672.8858642578125, 422.07757568359375, 1771.38037109375, 652.459228515625], [1096.60107421875, 413.0430908203125, 1217.3232421875, 756.4721069335938], [791.9125366210938, 268.8128967285156, 1027.8848876953125, 872.30322265625], [634.3214111328125, 288.8097839355469, 800.1963500976562, 836.6434936523438], [362.72979736328125, 273.5156555175781, 681.0735473632812, 977.5011596679688], [257.2720947265625, 297.3179626464844, 465.54541015625, 916.509765625], [1487.86962890625, 539.404296875, 1548.01171875, 707.1039428710938], [1508.892578125, 439.4246826171875, 1599.765869140625, 702.13525390625]]","[0.461669921875, 0.771484375, 0.4638671875, 0.7607421875, 0.74560546875, 0.7138671875, 0.658203125, 0.62646484375, 0.297607421875, 0.392333984375]","[[1776.6425170898438, 630.8765869140625], [1291.6338500976562, 763.453125], [1722.1331176757812, 652.459228515625], [1156.962158203125, 756.4721069335938], [909.8987121582031, 872.30322265625], [717.2588806152344, 836.6434936523438], [521.9016723632812, 977.5011596679688], [361.40875244140625, 916.509765625], [1517.940673828125, 707.1039428710938], [1554.3292236328125, 702.13525390625]]",424689664,410255360,424689664,640,yolo26n_int8_640_ncnn_model,MOT17-09
231,81.79775999997219,0.0,12,"[133, 127, 175, 132, 89, 161, 190, 213, 158, 225, 215, 212]","[[1738.8203125, 408.4541931152344, 1829.95703125, 629.7137451171875], [1218.2178955078125, 351.19287109375, 1371.5318603515625, 763.0938720703125], [1679.7476806640625, 418.7867736816406, 1776.673095703125, 651.3163452148438], [1102.142333984375, 411.73858642578125, 1222.58642578125, 753.8978881835938], [808.0730590820312, 265.5261535644531, 1040.3865966796875, 864.71630859375], [654.5106811523438, 299.9568176269531, 819.411865234375, 848.1392822265625], [395.52740478515625, 275.1721496582031, 701.663818359375, 971.5281982421875], [287.3179931640625, 298.3847351074219, 493.0219421386719, 920.9420166015625], [1518.3236083984375, 428.4326477050781, 1613.4072265625, 700.7836303710938], [19.271116256713867, 493.20001220703125, 116.92888641357422, 754.5], [272.6650695800781, 308.24432373046875, 717.6868286132812, 925.9500122070312], [585.6107177734375, 299.76776123046875, 850.8323364257812, 840.7857055664062]]","[0.53466796875, 0.728515625, 0.424560546875, 0.7294921875, 0.75927734375, 0.76123046875, 0.7451171875, 0.732421875, 0.47412109375, 0.431640625, 0.45703125, 0.53076171875]","[[1784.388671875, 629.7137451171875], [1294.8748779296875, 763.0938720703125], [1728.2103881835938, 651.3163452148438], [1162.3643798828125, 753.8978881835938], [924.2298278808594, 864.71630859375], [736.9612731933594, 848.1392822265625], [548.5956115722656, 971.5281982421875], [390.1699676513672, 920.9420166015625], [1565.8654174804688, 700.7836303710938], [68.10000133514404, 754.5], [495.1759490966797, 925.9500122070312], [718.2215270996094, 840.7857055664062]]",424689664,410255360,424689664,640,yolo26n_int8_640_ncnn_model,MOT17-09
232,82.15379700004632,0.0,14,"[133, 127, 175, 132, 89, 161, 190, 213, 158, 225, 226, 228, 215, 212]","[[1744.433837890625, 408.5538635253906, 1835.8253173828125, 631.3202514648438], [1222.2958984375, 349.1203308105469, 1373.3785400390625, 760.2666015625], [1684.669677734375, 421.2314147949219, 1779.844970703125, 655.0459594726562], [1110.9586181640625, 412.71734619140625, 1230.1600341796875, 751.5004272460938], [820.6289672851562, 264.2724914550781, 1047.6434326171875, 859.867919921875], [667.2138671875, 295.1168518066406, 832.2565307617188, 850.3375244140625], [423.592529296875, 279.0027160644531, 718.0415649414062, 960.4057006835938], [314.6555480957031, 300.08001708984375, 514.866455078125, 918.4815673828125], [1524.0810546875, 428.23712158203125, 1620.033447265625, 704.1541748046875], [18.65365982055664, 491.43939208984375, 115.99870300292969, 751.9442749023438], [819.7685546875, 273.2250061035156, 1138.031494140625, 849.9749755859375], [111.90161895751953, 535.2750244140625, 199.12338256835938, 746.9249877929688], [284.02618408203125, 314.15618896484375, 706.5154418945312, 911.4866333007812], [497.5776062011719, 296.0762023925781, 806.0780639648438, 922.9288940429688]]","[0.5615234375, 0.73193359375, 0.490478515625, 0.70068359375, 0.78515625, 0.7919921875, 0.7919921875, 0.77001953125, 0.494140625, 0.445556640625, 0.380126953125, 0.346923828125, 0.4013671875, 0.55908203125]","[[1790.1295776367188, 631.3202514648438], [1297.8372192382812, 760.2666015625], [1732.25732421875, 655.0459594726562], [1170.559326171875, 751.5004272460938], [934.1361999511719, 859.867919921875], [749.7351989746094, 850.3375244140625], [570.8170471191406, 960.4057006835938], [414.76100158691406, 918.4815673828125], [1572.0572509765625, 704.1541748046875], [67.32618141174316, 751.9442749023438], [978.9000244140625, 849.9749755859375], [155.51250076293945, 746.9249877929688], [495.27081298828125, 911.4866333007812], [651.8278350830078, 922.9288940429688]]",424689664,410255360,424689664,640,yolo26n_int8_640_ncnn_model,MOT17-09
233,82.21720500000629,0.0,14,"[133, 127, 175, 132, 89, 161, 190, 213, 158, 225, 226, 228, 215, 212]","[[1749.9832763671875, 409.0727233886719, 1840.22900390625, 631.4517822265625], [1228.36767578125, 347.30810546875, 1376.9696044921875, 758.2488403320312], [1691.018798828125, 431.7857971191406, 1780.04052734375, 654.7464599609375], [1120.4876708984375, 407.3016662597656, 1240.127197265625, 747.4197998046875], [832.5380859375, 262.1972351074219, 1054.1690673828125, 859.7308349609375], [686.08642578125, 291.0263977050781, 848.7684936523438, 838.5751342773438], [445.6412658691406, 280.25177001953125, 733.3350830078125, 958.6624145507812], [342.1050109863281, 305.5664978027344, 536.0888671875, 917.0653076171875], [1528.2457275390625, 432.3653259277344, 1622.341064453125, 706.1507568359375], [22.792245864868164, 494.591064453125, 119.36104583740234, 753.0789184570312], [838.3818969726562, 273.1960144042969, 1153.9578857421875, 846.7586059570312], [113.18551635742188, 535.7379150390625, 199.60423278808594, 745.5363159179688], [274.7184753417969, 316.0350341796875, 684.599853515625, 915.5801391601562], [473.51666259765625, 301.6278381347656, 796.9087524414062, 957.7449951171875]]","[0.583984375, 0.71142578125, 0.37158203125, 0.6806640625, 0.84423828125, 0.76806640625, 0.8291015625, 0.75634765625, 0.322265625, 0.39404296875, 0.43505859375, 0.358154296875, 0.5712890625, 0.56689453125]","[[1795.1061401367188, 631.4517822265625], [1302.6686401367188, 758.2488403320312], [1735.5296630859375, 654.7464599609375], [1180.3074340820312, 747.4197998046875], [943.3535766601562, 859.7308349609375], [767.4274597167969, 838.5751342773438], [589.4881744384766, 958.6624145507812], [439.09693908691406, 917.0653076171875], [1575.2933959960938, 706.1507568359375], [71.07664585113525, 753.0789184570312], [996.1698913574219, 846.7586059570312], [156.3948745727539, 745.5363159179688], [479.65916442871094, 915.5801391601562], [635.2127075195312, 957.7449951171875]]",424689664,410255360,424689664,640,yolo26n_int8_640_ncnn_model,MOT17-09
234,82.18183400003909,0.0,13,"[133, 127, 175, 132, 89, 161, 190, 213, 158, 225, 226, 228, 186]","[[1753.4820556640625, 409.50018310546875, 1842.12890625, 630.2843627929688], [1236.4097900390625, 346.8587646484375, 1382.0311279296875, 754.3082275390625], [1698.5926513671875, 415.7964782714844, 1790.378173828125, 648.579345703125], [1129.9049072265625, 414.2353210449219, 1246.3538818359375, 749.9514770507812], [845.3027954101562, 263.92138671875, 1059.364013671875, 857.263916015625], [705.0318603515625, 290.4271545410156, 869.9951782226562, 835.2157592773438], [464.715087890625, 286.6152038574219, 746.3526611328125, 956.3118896484375], [365.26434326171875, 301.74066162109375, 555.2622680664062, 916.5115356445312], [1526.0673828125, 434.23980712890625, 1620.7525634765625, 707.6022338867188], [18.721338272094727, 490.5771179199219, 117.41069030761719, 754.0736083984375], [851.6040649414062, 277.434326171875, 1162.7471923828125, 846.1304321289062], [111.6293716430664, 527.0950317382812, 201.01516723632812, 744.4873046875], [743.546875, 292.51806640625, 934.1239013671875, 829.2215576171875]]","[0.4931640625, 0.74658203125, 0.43359375, 0.54638671875, 0.84228515625, 0.78515625, 0.8212890625, 0.61376953125, 0.315185546875, 0.453125, 0.490478515625, 0.349853515625, 0.46044921875]","[[1797.8054809570312, 630.2843627929688], [1309.220458984375, 754.3082275390625], [1744.4854125976562, 648.579345703125], [1188.12939453125, 749.9514770507812], [952.3334045410156, 857.263916015625], [787.5135192871094, 835.2157592773438], [605.5338745117188, 956.3118896484375], [460.2633056640625, 916.5115356445312], [1573.4099731445312, 707.6022338867188], [68.06601428985596, 754.0736083984375], [1007.1756286621094, 846.1304321289062], [156.32226943969727, 744.4873046875], [838.8353881835938, 829.2215576171875]]",424689664,410255360,424689664,640,yolo26n_int8_640_ncnn_model,MOT17-09
235,89.3242409999857,0.0,13,"[133, 127, 175, 132, 89, 161, 190, 213, 158, 225, 226, 228, 186]","[[1758.0142822265625, 409.3938293457031, 1845.263427734375, 629.1226806640625], [1246.9395751953125, 347.67724609375, 1389.9014892578125, 752.8839111328125], [1705.7513427734375, 411.0233154296875, 1797.345458984375, 645.3834838867188], [1137.9503173828125, 413.59002685546875, 1252.499755859375, 746.2361450195312], [856.9724731445312, 269.5770568847656, 1065.467041015625, 863.3756713867188], [717.3812255859375, 291.4352722167969, 884.4885864257812, 834.83642578125], [475.1081237792969, 286.4761657714844, 753.6029663085938, 950.2412719726562], [382.6356201171875, 308.5024719238281, 568.347900390625, 918.3561401367188], [1523.3221435546875, 431.7488098144531, 1619.8291015625, 706.3707275390625], [22.01280975341797, 490.3208312988281, 119.99042510986328, 752.2593383789062], [839.3848876953125, 266.56964111328125, 1151.2930908203125, 843.4840087890625], [111.13206481933594, 524.68701171875, 201.98211669921875, 746.1286010742188], [741.6647338867188, 304.1667175292969, 943.8343505859375, 829.0435791015625]]","[0.471923828125, 0.73876953125, 0.382568359375, 0.62158203125, 0.849609375, 0.7890625, 0.78662109375, 0.75732421875, 0.403076171875, 0.461181640625, 0.64892578125, 0.281982421875, 0.34033203125]","[[1801.6388549804688, 629.1226806640625], [1318.4205322265625, 752.8839111328125], [1751.5484008789062, 645.3834838867188], [1195.2250366210938, 746.2361450195312], [961.2197570800781, 863.3756713867188], [800.9349060058594, 834.83642578125], [614.3555450439453, 950.2412719726562], [475.49176025390625, 918.3561401367188], [1571.5756225585938, 706.3707275390625], [71.00161743164062, 752.2593383789062], [995.3389892578125, 843.4840087890625], [156.55709075927734, 746.1286010742188], [842.7495422363281, 829.0435791015625]]",424689664,410255360,424689664,640,yolo26n_int8_640_ncnn_model,MOT17-09
236,81.66977900009442,0.0,12,"[133, 127, 175, 132, 89, 161, 190, 213, 158, 225, 228, 186]","[[1762.9471435546875, 408.09136962890625, 1848.863037109375, 626.969482421875], [1261.613037109375, 347.9756774902344, 1405.5657958984375, 753.4125366210938], [1712.7735595703125, 406.7667236328125, 1807.062744140625, 646.619140625], [1150.650390625, 416.5730285644531, 1265.46630859375, 750.6690063476562], [879.3222045898438, 258.78448486328125, 1084.7154541015625, 852.8043212890625], [730.0590209960938, 292.2950134277344, 900.6519165039062, 835.31298828125], [488.4955139160156, 305.37005615234375, 759.9411010742188, 950.1359252929688], [403.6981506347656, 309.382080078125, 587.4108276367188, 916.8226318359375], [1516.7786865234375, 425.38763427734375, 1616.8790283203125, 707.3352661132812], [23.164297103881836, 486.57196044921875, 123.01290893554688, 755.3164672851562], [96.69244384765625, 465.7439880371094, 210.27352905273438, 745.1256713867188], [682.39892578125, 308.1572570800781, 912.1887817382812, 827.5687255859375]]","[0.405029296875, 0.7568359375, 0.52880859375, 0.64990234375, 0.79638671875, 0.7998046875, 0.73779296875, 0.73974609375, 0.468017578125, 0.27880859375, 0.31103515625, 0.40625]","[[1805.9050903320312, 626.969482421875], [1333.5894165039062, 753.4125366210938], [1759.9181518554688, 646.619140625], [1208.058349609375, 750.6690063476562], [982.0188293457031, 852.8043212890625], [815.35546875, 835.31298828125], [624.2183074951172, 950.1359252929688], [495.5544891357422, 916.8226318359375], [1566.828857421875, 707.3352661132812], [73.08860301971436, 755.3164672851562], [153.4829864501953, 745.1256713867188], [797.2938537597656, 827.5687255859375]]",424689664,410255360,424689664,640,yolo26n_int8_640_ncnn_model,MOT17-09
237,81.55407499998546,0.0,12,"[133, 127, 175, 132, 89, 190, 213, 158, 225, 186, 231, 212]","[[1765.1419677734375, 406.84375, 1849.5440673828125, 623.9502563476562], [1266.6361083984375, 351.8089294433594, 1412.3812255859375, 760.8814086914062], [1715.75146484375, 409.113037109375, 1810.0416259765625, 647.1085205078125], [1165.026611328125, 411.1843566894531, 1277.9716796875, 743.9054565429688], [902.2261962890625, 260.43121337890625, 1106.3948974609375, 849.1174926757812], [507.8452453613281, 314.6456604003906, 774.6505126953125, 946.1591186523438], [414.573974609375, 309.9232177734375, 594.7256469726562, 903.0714721679688], [1511.9976806640625, 421.5328674316406, 1614.0224609375, 709.1326293945312], [25.483074188232422, 493.22137451171875, 122.75430297851562, 756.6578979492188], [698.907958984375, 307.4063720703125, 927.5808715820312, 832.265869140625], [509.8201599121094, 298.125, 926.1298217773438, 937.2750244140625], [428.25592041015625, 324.1329040527344, 726.4865112304688, 914.4223022460938]]","[0.369873046875, 0.74072265625, 0.51513671875, 0.56396484375, 0.81640625, 0.75341796875, 0.7421875, 0.2939453125, 0.3486328125, 0.833984375, 0.358642578125, 0.509765625]","[[1807.343017578125, 623.9502563476562], [1339.5086669921875, 760.8814086914062], [1762.8965454101562, 647.1085205078125], [1221.4991455078125, 743.9054565429688], [1004.310546875, 849.1174926757812], [641.2478790283203, 946.1591186523438], [504.6498107910156, 903.0714721679688], [1563.0100708007812, 709.1326293945312], [74.11868858337402, 756.6578979492188], [813.2444152832031, 832.265869140625], [717.9749908447266, 937.2750244140625], [577.3712158203125, 914.4223022460938]]",424689664,410255360,424689664,640,yolo26n_int8_640_ncnn_model,MOT17-09
238,82.15272300003562,0.0,14,"[133, 127, 175, 132, 89, 190, 213, 158, 225, 186, 231, 212, 226, 228]","[[1768.91064453125, 407.8679504394531, 1850.51953125, 619.3614501953125], [1271.7757568359375, 353.2327880859375, 1417.10302734375, 757.7755737304688], [1720.40625, 410.59967041015625, 1815.00048828125, 646.8258666992188], [1171.0081787109375, 409.3757629394531, 1281.3961181640625, 741.159423828125], [917.8450927734375, 262.5847473144531, 1121.523193359375, 848.3084716796875], [533.3847045898438, 308.4029846191406, 794.65673828125, 932.3035888671875], [428.53253173828125, 312.3578186035156, 611.85986328125, 902.8838500976562], [1511.8564453125, 422.0376892089844, 1615.00048828125, 709.7845458984375], [23.80735969543457, 494.4814758300781, 121.93539428710938, 761.5106201171875], [708.56787109375, 307.0691833496094, 934.9334106445312, 829.041259765625], [516.6785888671875, 298.55902099609375, 922.3963623046875, 923.4153442382812], [422.2047119140625, 330.0237121582031, 718.5478515625, 905.7544555664062], [838.370361328125, 254.21017456054688, 1151.0875244140625, 834.407958984375], [95.85203552246094, 444.7913818359375, 215.21385192871094, 743.1659545898438]]","[0.264892578125, 0.732421875, 0.459716796875, 0.60498046875, 0.7890625, 0.712890625, 0.75439453125, 0.38720703125, 0.323486328125, 0.82861328125, 0.4052734375, 0.4306640625, 0.4345703125, 0.41552734375]","[[1809.715087890625, 619.3614501953125], [1344.4393920898438, 757.7755737304688], [1767.703369140625, 646.8258666992188], [1226.2021484375, 741.159423828125], [1019.6841430664062, 848.3084716796875], [664.0207214355469, 932.3035888671875], [520.1961975097656, 902.8838500976562], [1563.428466796875, 709.7845458984375], [72.87137699127197, 761.5106201171875], [821.7506408691406, 829.041259765625], [719.5374755859375, 923.4153442382812], [570.3762817382812, 905.7544555664062], [994.7289428710938, 834.407958984375], [155.53294372558594, 743.1659545898438]]",424689664,410255360,424689664,640,yolo26n_int8_640_ncnn_model,MOT17-09
239,81.3393900000392,0.0,11,"[127, 175, 132, 89, 190, 213, 158, 225, 186, 231, 226]","[[1280.861572265625, 361.71923828125, 1424.0823974609375, 756.6149291992188], [1727.3953857421875, 417.65045166015625, 1819.0960693359375, 646.2384643554688], [1178.6064453125, 415.42169189453125, 1286.5908203125, 742.4405517578125], [939.978759765625, 267.8952941894531, 1144.7392578125, 847.58984375], [559.47216796875, 304.700927734375, 813.2841796875, 921.6219482421875], [446.5818786621094, 329.7961730957031, 627.9098510742188, 902.4630737304688], [1524.2760009765625, 494.9939880371094, 1606.733154296875, 710.9698486328125], [23.848011016845703, 486.59710693359375, 121.05867767333984, 752.3814086914062], [713.4369506835938, 303.3651123046875, 939.4823608398438, 830.3731079101562], [539.3748779296875, 302.24737548828125, 927.9102783203125, 904.6363525390625], [846.682861328125, 256.14752197265625, 1159.0755615234375, 833.24462890625]]","[0.73095703125, 0.423583984375, 0.67041015625, 0.73486328125, 0.8017578125, 0.7236328125, 0.369384765625, 0.33642578125, 0.7939453125, 0.59765625, 0.45556640625]","[[1352.4719848632812, 756.6149291992188], [1773.2457275390625, 646.2384643554688], [1232.5986328125, 742.4405517578125], [1042.3590087890625, 847.58984375], [686.378173828125, 921.6219482421875], [537.2458648681641, 902.4630737304688], [1565.5045776367188, 710.9698486328125], [72.45334434509277, 752.3814086914062], [826.4596557617188, 830.3731079101562], [733.642578125, 904.6363525390625], [1002.8792114257812, 833.24462890625]]",424689664,410255360,424689664,640,yolo26n_int8_640_ncnn_model,MOT17-09
240,81.79964900000414,0.0,10,"[127, 175, 132, 89, 190, 158, 225, 186, 231, 212]","[[1286.14794921875, 360.0984191894531, 1429.220703125, 753.9511108398438], [1731.7757568359375, 420.8825378417969, 1822.3597412109375, 647.535400390625], [1183.29345703125, 417.9404602050781, 1289.978759765625, 741.7457885742188], [947.7118530273438, 274.51556396484375, 1152.9080810546875, 845.779541015625], [583.8232421875, 303.34014892578125, 828.779296875, 910.76904296875], [1522.15283203125, 469.9189147949219, 1614.6556396484375, 711.56689453125], [24.995037078857422, 492.215087890625, 120.23616027832031, 754.4656372070312], [719.7335205078125, 300.829833984375, 942.9055786132812, 829.0350952148438], [556.4069213867188, 310.68341064453125, 928.4472045898438, 889.7984619140625], [415.6002197265625, 322.7646179199219, 707.4490966796875, 898.2058715820312]]","[0.6708984375, 0.36669921875, 0.65283203125, 0.68212890625, 0.78369140625, 0.41552734375, 0.391357421875, 0.79248046875, 0.438720703125, 0.54833984375]","[[1357.684326171875, 753.9511108398438], [1777.0677490234375, 647.535400390625], [1236.6361083984375, 741.7457885742188], [1050.3099670410156, 845.779541015625], [706.30126953125, 910.76904296875], [1568.4042358398438, 711.56689453125], [72.61559867858887, 754.4656372070312], [831.3195495605469, 829.0350952148438], [742.4270629882812, 889.7984619140625], [561.524658203125, 898.2058715820312]]",424689664,410255360,424689664,640,yolo26n_int8_640_ncnn_model,MOT17-09
241,114.1710869999315,0.0,11,"[127, 175, 132, 89, 190, 158, 225, 186, 231, 133, 213]","[[1294.468017578125, 365.191162109375, 1440.2371826171875, 760.2359619140625], [1745.24072265625, 430.30938720703125, 1833.2569580078125, 648.7736206054688], [1187.1273193359375, 415.34649658203125, 1294.511474609375, 739.0411987304688], [951.8587646484375, 279.4773864746094, 1156.5147705078125, 839.67333984375], [601.9090576171875, 304.8760681152344, 844.158447265625, 916.9830932617188], [1525.437744140625, 446.09881591796875, 1624.952392578125, 711.3154907226562], [25.13475227355957, 491.0628356933594, 119.29157257080078, 751.4676513671875], [739.21923828125, 301.3471984863281, 953.1735229492188, 820.0955810546875], [574.2410888671875, 304.4989013671875, 944.4791870117188, 888.9400634765625], [1777.019287109375, 409.3868103027344, 1859.7608642578125, 628.9346923828125], [481.91217041015625, 321.80743408203125, 664.8768310546875, 901.4073486328125]]","[0.68115234375, 0.314697265625, 0.6904296875, 0.6806640625, 0.8037109375, 0.397216796875, 0.3984375, 0.73828125, 0.55810546875, 0.2744140625, 0.62646484375]","[[1367.3526000976562, 760.2359619140625], [1789.2488403320312, 648.7736206054688], [1240.8193969726562, 739.0411987304688], [1054.186767578125, 839.67333984375], [723.0337524414062, 916.9830932617188], [1575.195068359375, 711.3154907226562], [72.21316242218018, 751.4676513671875], [846.1963806152344, 820.0955810546875], [759.3601379394531, 888.9400634765625], [1818.3900756835938, 628.9346923828125], [573.3945007324219, 901.4073486328125]]",424689664,410255360,424689664,640,yolo26n_int8_640_ncnn_model,MOT17-09
242,82.37431599991396,0.0,8,"[127, 175, 132, 89, 190, 225, 213, 161]","[[1304.1353759765625, 368.0372619628906, 1453.198486328125, 765.594482421875], [1750.665283203125, 427.54156494140625, 1838.4541015625, 644.45458984375], [1189.1358642578125, 398.1464538574219, 1301.032958984375, 736.3424072265625], [956.1336669921875, 283.1634826660156, 1161.0064697265625, 834.5919799804688], [618.8427734375, 303.2194519042969, 855.8385009765625, 910.696044921875], [28.387144088745117, 498.9383544921875, 118.60127258300781, 749.1026000976562], [498.6090087890625, 322.8180847167969, 677.9938354492188, 897.4633178710938], [796.3055419921875, 292.7089538574219, 956.5367431640625, 812.0777587890625]]","[0.6005859375, 0.39697265625, 0.642578125, 0.6650390625, 0.7919921875, 0.291015625, 0.74267578125, 0.705078125]","[[1378.6669311523438, 765.594482421875], [1794.5596923828125, 644.45458984375], [1245.0844116210938, 736.3424072265625], [1058.570068359375, 834.5919799804688], [737.3406372070312, 910.696044921875], [73.49420833587646, 749.1026000976562], [588.3014221191406, 897.4633178710938], [876.421142578125, 812.0777587890625]]",424689664,410255360,424689664,640,yolo26n_int8_640_ncnn_model,MOT17-09
243,82.06394599983469,0.0,10,"[127, 175, 132, 89, 190, 225, 213, 161, 158, 231]","[[1306.6021728515625, 369.04193115234375, 1457.691162109375, 767.6048583984375], [1756.44921875, 416.4698486328125, 1848.14892578125, 642.8839111328125], [1192.7059326171875, 387.8800964355469, 1306.1666259765625, 735.3794555664062], [966.1187133789062, 284.9682312011719, 1170.35498046875, 831.3013916015625], [639.0657348632812, 302.7425231933594, 870.3873901367188, 895.3578491210938], [30.76333999633789, 504.4411926269531, 119.56974029541016, 751.8016357421875], [518.3782348632812, 322.2201232910156, 691.9641723632812, 890.0419921875], [813.1177368164062, 292.6562805175781, 973.8359375, 812.8087768554688], [1552.9273681640625, 512.6558837890625, 1626.8800048828125, 707.4898071289062], [648.1300048828125, 301.5006103515625, 1021.2908935546875, 887.1436157226562]]","[0.70166015625, 0.316162109375, 0.623046875, 0.65234375, 0.734375, 0.33447265625, 0.7001953125, 0.708984375, 0.467041015625, 0.3232421875]","[[1382.1466674804688, 767.6048583984375], [1802.299072265625, 642.8839111328125], [1249.436279296875, 735.3794555664062], [1068.2368469238281, 831.3013916015625], [754.7265625, 895.3578491210938], [75.16654014587402, 751.8016357421875], [605.1712036132812, 890.0419921875], [893.4768371582031, 812.8087768554688], [1589.9036865234375, 707.4898071289062], [834.71044921875, 887.1436157226562]]",424689664,410255360,424689664,640,yolo26n_int8_640_ncnn_model,MOT17-09
244,82.61203899996872,0.0,10,"[127, 175, 132, 89, 190, 225, 213, 161, 240, 158]","[[1312.632080078125, 371.8319091796875, 1461.635498046875, 761.8916625976562], [1761.1002197265625, 416.8216857910156, 1852.831787109375, 643.7924194335938], [1200.16845703125, 386.9159851074219, 1310.333984375, 732.1368408203125], [970.4151000976562, 285.3168640136719, 1176.31884765625, 838.4701538085938], [660.8202514648438, 306.8762512207031, 895.8485717773438, 893.5830688476562], [31.594274520874023, 504.1222839355469, 120.42071533203125, 753.050048828125], [545.2597045898438, 315.5437927246094, 712.22216796875, 876.7939453125], [818.9072875976562, 297.8865966796875, 975.2484130859375, 812.755859375], [928.3635864257812, 375.2250061035156, 1012.6364135742188, 749.1749877929688], [1560.2613525390625, 526.0723876953125, 1630.4149169921875, 711.1817016601562]]","[0.70849609375, 0.481689453125, 0.62548828125, 0.6943359375, 0.82763671875, 0.327880859375, 0.65283203125, 0.623046875, 0.480224609375, 0.308349609375]","[[1387.1337890625, 761.8916625976562], [1806.9660034179688, 643.7924194335938], [1255.251220703125, 732.1368408203125], [1073.3669738769531, 838.4701538085938], [778.3344116210938, 893.5830688476562], [76.00749492645264, 753.050048828125], [628.7409362792969, 876.7939453125], [897.0778503417969, 812.755859375], [970.5, 749.1749877929688], [1595.338134765625, 711.1817016601562]]",424689664,410255360,424689664,640,yolo26n_int8_640_ncnn_model,MOT17-09
245,83.48002000002452,0.0,12,"[127, 175, 132, 89, 190, 225, 213, 161, 240, 158, 242, 226]","[[1314.996337890625, 370.5546569824219, 1459.375732421875, 744.924560546875], [1764.8179931640625, 414.5166015625, 1858.056640625, 644.6700439453125], [1207.0245361328125, 387.64703369140625, 1314.2767333984375, 728.977294921875], [976.5396118164062, 289.369140625, 1180.22119140625, 839.2052001953125], [673.8714599609375, 311.80328369140625, 912.9243774414062, 890.7391357421875], [28.86874008178711, 496.4429016113281, 119.3392333984375, 751.0096435546875], [564.3779907226562, 316.2254638671875, 723.2461547851562, 865.7748413085938], [828.1561889648438, 297.59149169921875, 977.7203369140625, 802.0592651367188], [938.3554077148438, 378.2200622558594, 1023.3796997070312, 753.5524291992188], [1565.6796875, 535.3466186523438, 1632.2646484375, 709.7100219726562], [1559.985107421875, 405.0, 1638.014892578125, 711.0], [888.6771240234375, 294.1920166015625, 1177.779541015625, 829.982666015625]]","[0.72802734375, 0.45068359375, 0.560546875, 0.720703125, 0.84716796875, 0.347412109375, 0.6708984375, 0.57275390625, 0.572265625, 0.315185546875, 0.436767578125, 0.328125]","[[1387.18603515625, 744.924560546875], [1811.4373168945312, 644.6700439453125], [1260.650634765625, 728.977294921875], [1078.3804016113281, 839.2052001953125], [793.3979187011719, 890.7391357421875], [74.1039867401123, 751.0096435546875], [643.8120727539062, 865.7748413085938], [902.9382629394531, 802.0592651367188], [980.8675537109375, 753.5524291992188], [1598.97216796875, 709.7100219726562], [1599.0, 711.0], [1033.2283325195312, 829.982666015625]]",424689664,410255360,424689664,640,yolo26n_int8_640_ncnn_model,MOT17-09
246,82.01729799998247,0.0,10,"[127, 175, 132, 89, 190, 225, 213, 161, 240, 231]","[[1318.8680419921875, 370.4956970214844, 1463.988037109375, 744.1694946289062], [1768.605224609375, 413.4210205078125, 1863.127197265625, 645.2635498046875], [1216.05517578125, 394.9634704589844, 1320.708740234375, 729.8364868164062], [992.0626831054688, 297.6950378417969, 1186.535400390625, 827.6920776367188], [686.8020629882812, 307.5943298339844, 932.8226318359375, 888.8793334960938], [30.88433265686035, 499.4998474121094, 118.84394836425781, 748.2701416015625], [582.8672485351562, 327.11041259765625, 736.498291015625, 872.3271484375], [837.8743896484375, 303.0057678222656, 985.427734375, 812.7247314453125], [947.7096557617188, 377.48809814453125, 1039.6385498046875, 780.0325317382812], [723.287841796875, 306.5912170410156, 1104.2333984375, 885.7289428710938]]","[0.68701171875, 0.45068359375, 0.6259765625, 0.76171875, 0.83056640625, 0.281982421875, 0.650390625, 0.65380859375, 0.458740234375, 0.286376953125]","[[1391.4280395507812, 744.1694946289062], [1815.8662109375, 645.2635498046875], [1268.3819580078125, 729.8364868164062], [1089.2990417480469, 827.6920776367188], [809.8123474121094, 888.8793334960938], [74.86414051055908, 748.2701416015625], [659.6827697753906, 872.3271484375], [911.6510620117188, 812.7247314453125], [993.6741027832031, 780.0325317382812], [913.7606201171875, 885.7289428710938]]",424689664,410255360,424689664,640,yolo26n_int8_640_ncnn_model,MOT17-09
247,81.60074299985354,0.0,11,"[127, 175, 132, 89, 190, 225, 213, 161, 240, 231, 242]","[[1320.8389892578125, 367.9255676269531, 1462.716064453125, 736.4364624023438], [1771.2047119140625, 410.8150939941406, 1867.3824462890625, 645.7485961914062], [1221.1961669921875, 394.05792236328125, 1324.8363037109375, 727.9933471679688], [1010.8557739257812, 292.5141906738281, 1204.2799072265625, 827.5982055664062], [687.8914184570312, 305.90374755859375, 939.6256103515625, 888.4764404296875], [29.539798736572266, 493.8829650878906, 119.92162322998047, 752.0064086914062], [596.58935546875, 325.16217041015625, 748.1690063476562, 876.875732421875], [852.4329833984375, 301.0061340332031, 996.4976806640625, 808.7564697265625], [962.0947875976562, 379.36529541015625, 1049.2415771484375, 758.081298828125], [703.1715698242188, 310.8555908203125, 1086.0908203125, 885.8798828125], [1550.2781982421875, 419.52301025390625, 1623.404296875, 704.5828247070312]]","[0.69384765625, 0.43603515625, 0.63916015625, 0.7431640625, 0.8232421875, 0.33544921875, 0.66015625, 0.62158203125, 0.5, 0.387939453125, 0.309814453125]","[[1391.7775268554688, 736.4364624023438], [1819.2935791015625, 645.7485961914062], [1273.0162353515625, 727.9933471679688], [1107.5678405761719, 827.5982055664062], [813.7585144042969, 888.4764404296875], [74.73071098327637, 752.0064086914062], [672.3791809082031, 876.875732421875], [924.46533203125, 808.7564697265625], [1005.6681823730469, 758.081298828125], [894.6311950683594, 885.8798828125], [1586.8412475585938, 704.5828247070312]]",424689664,410255360,424689664,640,yolo26n_int8_640_ncnn_model,MOT17-09
248,81.8423350001467,0.0,10,"[127, 175, 132, 89, 190, 225, 213, 161, 240, 242]","[[1320.480712890625, 363.14398193359375, 1460.82080078125, 732.3792724609375], [1774.109375, 411.0841064453125, 1870.6038818359375, 645.694580078125], [1224.4635009765625, 403.94708251953125, 1326.5472412109375, 729.1036376953125], [1026.112548828125, 294.0680236816406, 1217.644775390625, 830.1221313476562], [689.453857421875, 304.6501159667969, 945.6683349609375, 888.1159057617188], [30.30489730834961, 496.7441101074219, 118.18455505371094, 748.4618530273438], [611.1908569335938, 324.4418640136719, 761.6748046875, 881.6123657226562], [860.1401977539062, 305.21112060546875, 1004.5271606445312, 824.2747192382812], [975.3980712890625, 378.8873596191406, 1064.0223388671875, 761.177978515625], [1546.2388916015625, 425.3946228027344, 1621.171142578125, 716.4986572265625]]","[0.71484375, 0.475830078125, 0.6240234375, 0.7607421875, 0.82861328125, 0.33056640625, 0.61083984375, 0.60009765625, 0.5634765625, 0.359619140625]","[[1390.6507568359375, 732.3792724609375], [1822.3566284179688, 645.694580078125], [1275.50537109375, 729.1036376953125], [1121.878662109375, 830.1221313476562], [817.5610961914062, 888.1159057617188], [74.24472618103027, 748.4618530273438], [686.4328308105469, 881.6123657226562], [932.3336791992188, 824.2747192382812], [1019.710205078125, 761.177978515625], [1583.7050170898438, 716.4986572265625]]",424689664,410255360,424689664,640,yolo26n_int8_640_ncnn_model,MOT17-09
249,82.10596499998246,0.0,11,"[127, 175, 132, 89, 190, 225, 213, 161, 240, 242, 231]","[[1322.1961669921875, 361.3558654785156, 1460.9130859375, 732.9725341796875], [1779.16162109375, 412.46142578125, 1875.3345947265625, 645.43359375], [1229.9132080078125, 403.96240234375, 1332.415283203125, 727.3402099609375], [1045.0826416015625, 295.58087158203125, 1236.4364013671875, 830.1550903320312], [707.8450927734375, 320.8726501464844, 958.80126953125, 892.360107421875], [27.981815338134766, 493.11480712890625, 118.21977233886719, 752.8427734375], [633.7849731445312, 330.00091552734375, 782.5625610351562, 874.6578369140625], [886.5466918945312, 309.9678955078125, 1025.7633056640625, 801.2066040039062], [978.7864990234375, 376.5939636230469, 1067.144775390625, 755.8025512695312], [1544.3140869140625, 424.5555725097656, 1617.043212890625, 706.000732421875], [700.1390991210938, 309.83056640625, 1080.9571533203125, 886.2002563476562]]","[0.71337890625, 0.44677734375, 0.64208984375, 0.77734375, 0.78271484375, 0.376953125, 0.74951171875, 0.572265625, 0.494140625, 0.453125, 0.28662109375]","[[1391.5546264648438, 732.9725341796875], [1827.2481079101562, 645.43359375], [1281.1642456054688, 727.3402099609375], [1140.759521484375, 830.1550903320312], [833.3231811523438, 892.360107421875], [73.10079383850098, 752.8427734375], [708.1737670898438, 874.6578369140625], [956.1549987792969, 801.2066040039062], [1022.9656372070312, 755.8025512695312], [1580.6786499023438, 706.000732421875], [890.5481262207031, 886.2002563476562]]",424689664,410255360,424689664,640,yolo26n_int8_640_ncnn_model,MOT17-09
250,81.55331700004353,0.0,11,"[127, 175, 132, 89, 190, 225, 213, 161, 240, 242, 231]","[[1325.001708984375, 365.6629943847656, 1463.435302734375, 742.2518310546875], [1785.389404296875, 415.7416687011719, 1882.2974853515625, 647.5693969726562], [1238.2646484375, 391.47198486328125, 1343.8070068359375, 725.2379760742188], [1056.0888671875, 291.2186279296875, 1248.64111328125, 827.1151123046875], [721.9321899414062, 318.7152404785156, 969.3171997070312, 885.33203125], [29.084285736083984, 494.2402648925781, 117.31459045410156, 749.052001953125], [646.4744873046875, 340.274658203125, 795.2959594726562, 870.9205322265625], [901.7904663085938, 310.997802734375, 1039.8038330078125, 788.9381103515625], [988.7013549804688, 372.3628234863281, 1081.4329833984375, 765.5026245117188], [1542.7059326171875, 423.1115417480469, 1614.914306640625, 701.9924926757812], [709.5354614257812, 307.5257568359375, 1086.2562255859375, 886.5635375976562]]","[0.7197265625, 0.53076171875, 0.63916015625, 0.7939453125, 0.79541015625, 0.30908203125, 0.6708984375, 0.461181640625, 0.4443359375, 0.4345703125, 0.33056640625]","[[1394.218505859375, 742.2518310546875], [1833.8434448242188, 647.5693969726562], [1291.0358276367188, 725.2379760742188], [1152.364990234375, 827.1151123046875], [845.6246948242188, 885.33203125], [73.19943809509277, 749.052001953125], [720.8852233886719, 870.9205322265625], [970.7971496582031, 788.9381103515625], [1035.0671691894531, 765.5026245117188], [1578.8101196289062, 701.9924926757812], [897.8958435058594, 886.5635375976562]]",424689664,410255360,424689664,640,yolo26n_int8_640_ncnn_model,MOT17-09
251,81.82652100003907,0.0,10,"[127, 175, 132, 89, 190, 225, 213, 161, 240, 242]","[[1334.407958984375, 368.0184326171875, 1469.6103515625, 736.1414184570312], [1788.108154296875, 416.0079040527344, 1886.1290283203125, 648.3790893554688], [1242.57861328125, 369.8951416015625, 1354.3492431640625, 724.74267578125], [1071.3681640625, 298.86004638671875, 1262.0184326171875, 824.6658935546875], [747.3145141601562, 316.8618469238281, 988.0031127929688, 877.8270263671875], [29.173799514770508, 494.6920166015625, 116.79669952392578, 747.579833984375], [660.64892578125, 342.185546875, 812.2280883789062, 867.4570922851562], [925.3511352539062, 317.64874267578125, 1060.35986328125, 790.4035034179688], [987.7625122070312, 370.8595886230469, 1082.3790283203125, 773.9823608398438], [1541.2894287109375, 423.7926330566406, 1613.26318359375, 701.4829711914062]]","[0.7060546875, 0.4453125, 0.57763671875, 0.8037109375, 0.78271484375, 0.313232421875, 0.76171875, 0.44677734375, 0.3837890625, 0.442138671875]","[[1402.0091552734375, 736.1414184570312], [1837.1185913085938, 648.3790893554688], [1298.4639282226562, 724.74267578125], [1166.6932983398438, 824.6658935546875], [867.6588134765625, 877.8270263671875], [72.98524951934814, 747.579833984375], [736.4385070800781, 867.4570922851562], [992.8554992675781, 790.4035034179688], [1035.0707702636719, 773.9823608398438], [1577.2763061523438, 701.4829711914062]]",424689664,410255360,424689664,640,yolo26n_int8_640_ncnn_model,MOT17-09
252,82.23050099991269,0.0,10,"[127, 175, 132, 89, 190, 225, 213, 161, 240, 242]","[[1340.9725341796875, 362.1270751953125, 1476.6158447265625, 731.6056518554688], [1790.025634765625, 414.87823486328125, 1890.245849609375, 649.9168701171875], [1247.2559814453125, 362.73779296875, 1360.80029296875, 724.5878295898438], [1083.8857421875, 298.5640869140625, 1274.2314453125, 816.92431640625], [773.1567993164062, 312.37127685546875, 1011.466552734375, 883.931396484375], [28.99523162841797, 494.1192321777344, 116.5618667602539, 747.7899780273438], [669.2853393554688, 334.0517272949219, 826.833984375, 862.989013671875], [941.4483032226562, 325.9409484863281, 1073.5340576171875, 792.189208984375], [992.84765625, 374.3254089355469, 1090.5008544921875, 789.0670166015625], [1540.546142578125, 423.918701171875, 1613.2178955078125, 703.4624633789062]]","[0.728515625, 0.53125, 0.62646484375, 0.8212890625, 0.82568359375, 0.3525390625, 0.78173828125, 0.4189453125, 0.465087890625, 0.487548828125]","[[1408.794189453125, 731.6056518554688], [1840.1357421875, 649.9168701171875], [1304.0281372070312, 724.5878295898438], [1179.05859375, 816.92431640625], [892.3116760253906, 883.931396484375], [72.77854919433594, 747.7899780273438], [748.0596618652344, 862.989013671875], [1007.4911804199219, 792.189208984375], [1041.6742553710938, 789.0670166015625], [1576.8820190429688, 703.4624633789062]]",424689664,410255360,424689664,640,yolo26n_int8_640_ncnn_model,MOT17-09
253,81.58924299982573,0.0,10,"[127, 175, 132, 89, 190, 225, 213, 161, 240, 242]","[[1344.262451171875, 361.4329833984375, 1480.034423828125, 730.4838256835938], [1790.6796875, 410.02301025390625, 1891.513671875, 645.0695190429688], [1247.5445556640625, 372.9747619628906, 1358.48583984375, 723.3688354492188], [1089.3648681640625, 300.5195007324219, 1282.954345703125, 823.0292358398438], [793.891357421875, 316.88922119140625, 1028.81298828125, 892.967041015625], [28.630252838134766, 495.3970031738281, 117.26639556884766, 752.3485107421875], [679.8773803710938, 332.49627685546875, 842.636962890625, 860.9082641601562], [942.4022216796875, 329.80364990234375, 1076.218994140625, 797.12060546875], [996.9268798828125, 379.6250915527344, 1094.774658203125, 799.5929565429688], [1542.7147216796875, 423.87628173828125, 1615.098876953125, 701.1533203125]]","[0.71044921875, 0.486572265625, 0.5205078125, 0.8134765625, 0.794921875, 0.391357421875, 0.82666015625, 0.367919921875, 0.32373046875, 0.44091796875]","[[1412.1484375, 730.4838256835938], [1841.0966796875, 645.0695190429688], [1303.0151977539062, 723.3688354492188], [1186.1596069335938, 823.0292358398438], [911.3521728515625, 892.967041015625], [72.94832420349121, 752.3485107421875], [761.2571716308594, 860.9082641601562], [1009.3106079101562, 797.12060546875], [1045.8507690429688, 799.5929565429688], [1578.9067993164062, 701.1533203125]]",424689664,410255360,424689664,640,yolo26n_int8_640_ncnn_model,MOT17-09
254,83.31672500003151,0.0,12,"[127, 175, 132, 89, 190, 225, 213, 161, 240, 242, 257, 258]","[[1351.8499755859375, 362.6691589355469, 1486.5498046875, 728.6429443359375], [1794.510498046875, 407.44287109375, 1895.92626953125, 642.9636840820312], [1253.218505859375, 368.7468566894531, 1364.2447509765625, 721.4674072265625], [1089.8680419921875, 294.35162353515625, 1282.917724609375, 818.2605590820312], [818.77880859375, 313.63739013671875, 1045.7972412109375, 881.6174926757812], [28.406747817993164, 493.1662292480469, 116.6295166015625, 748.8882446289062], [694.1732177734375, 334.26348876953125, 858.8875732421875, 861.8375244140625], [965.4872436523438, 361.17291259765625, 1089.5799560546875, 790.993896484375], [1010.4971923828125, 381.1756896972656, 1103.51708984375, 784.1456909179688], [1543.04931640625, 420.19921875, 1616.4788818359375, 699.8399047851562], [1623.3822021484375, 528.2999877929688, 1695.2178955078125, 714.2999877929688], [665.46484375, 330.29998779296875, 997.1351318359375, 852.9000244140625]]","[0.63623046875, 0.50341796875, 0.391357421875, 0.736328125, 0.8017578125, 0.393798828125, 0.74755859375, 0.291748046875, 0.34814453125, 0.47314453125, 0.487548828125, 0.403076171875]","[[1419.1998901367188, 728.6429443359375], [1845.2183837890625, 642.9636840820312], [1308.7316284179688, 721.4674072265625], [1186.3928833007812, 818.2605590820312], [932.2880249023438, 881.6174926757812], [72.51813220977783, 748.8882446289062], [776.5303955078125, 861.8375244140625], [1027.5335998535156, 790.993896484375], [1057.0071411132812, 784.1456909179688], [1579.7640991210938, 699.8399047851562], [1659.300048828125, 714.2999877929688], [831.2999877929688, 852.9000244140625]]",424689664,410255360,424689664,640,yolo26n_int8_640_ncnn_model,MOT17-09
255,82.69639099989945,0.0,13,"[127, 175, 132, 89, 190, 225, 213, 161, 240, 242, 257, 258, 262]","[[1354.9091796875, 365.1351318359375, 1488.4188232421875, 728.025390625], [1796.4925537109375, 408.96697998046875, 1896.7247314453125, 640.6945190429688], [1261.8895263671875, 388.9258728027344, 1366.3958740234375, 720.7968139648438], [1092.4783935546875, 295.45855712890625, 1282.5589599609375, 814.0391235351562], [835.9219970703125, 315.61846923828125, 1059.0179443359375, 885.1004638671875], [26.681303024291992, 491.075927734375, 115.66877746582031, 748.8032836914062], [703.1303100585938, 342.01751708984375, 864.1275634765625, 851.185546875], [984.8472900390625, 360.7544250488281, 1105.1361083984375, 782.2859497070312], [1017.5780639648438, 380.99395751953125, 1108.242431640625, 772.5489501953125], [1542.4901123046875, 422.3414001464844, 1615.7703857421875, 699.9082641601562], [1631.329345703125, 525.2633056640625, 1704.81591796875, 714.6373901367188], [675.6498413085938, 331.2279968261719, 1001.5659790039062, 845.2440795898438], [1221.305908203125, 446.25, 1303.494140625, 685.0499877929688]]","[0.693359375, 0.52490234375, 0.322021484375, 0.7333984375, 0.8330078125, 0.445556640625, 0.74755859375, 0.3330078125, 0.382080078125, 0.4970703125, 0.533203125, 0.487548828125, 0.37158203125]","[[1421.6640014648438, 728.025390625], [1846.608642578125, 640.6945190429688], [1314.1427001953125, 720.7968139648438], [1187.5186767578125, 814.0391235351562], [947.469970703125, 885.1004638671875], [71.17504024505615, 748.8032836914062], [783.6289367675781, 851.185546875], [1044.99169921875, 782.2859497070312], [1062.9102478027344, 772.5489501953125], [1579.1302490234375, 699.9082641601562], [1668.0726318359375, 714.6373901367188], [838.60791015625, 845.2440795898438], [1262.4000244140625, 685.0499877929688]]",424689664,410255360,424689664,640,yolo26n_int8_640_ncnn_model,MOT17-09
256,83.39218700007223,0.0,11,"[127, 175, 132, 89, 190, 225, 213, 161, 240, 242, 257]","[[1358.854736328125, 370.79888916015625, 1488.9368896484375, 726.1173706054688], [1805.005859375, 407.09857177734375, 1904.8056640625, 638.3582763671875], [1271.53515625, 381.2105407714844, 1376.4249267578125, 720.11083984375], [1108.7939453125, 302.7138977050781, 1299.161865234375, 820.641357421875], [858.109375, 324.9159851074219, 1074.774169921875, 881.8724365234375], [27.240970611572266, 495.73541259765625, 115.27747344970703, 749.2730712890625], [721.4541015625, 333.06134033203125, 880.865966796875, 839.9362182617188], [994.3440551757812, 366.5650939941406, 1111.1175537109375, 769.1128540039062], [1027.479248046875, 384.9390869140625, 1117.187744140625, 770.1702270507812], [1542.1031494140625, 423.1023254394531, 1615.8114013671875, 702.005126953125], [1638.359375, 517.896484375, 1715.5003662109375, 715.3291625976562]]","[0.671875, 0.47314453125, 0.432373046875, 0.83056640625, 0.7900390625, 0.362548828125, 0.7509765625, 0.300537109375, 0.403564453125, 0.467041015625, 0.54541015625]","[[1423.8958129882812, 726.1173706054688], [1854.90576171875, 638.3582763671875], [1323.9800415039062, 720.11083984375], [1203.9779052734375, 820.641357421875], [966.4417724609375, 881.8724365234375], [71.25922203063965, 749.2730712890625], [801.1600341796875, 839.9362182617188], [1052.7308044433594, 769.1128540039062], [1072.33349609375, 770.1702270507812], [1578.957275390625, 702.005126953125], [1676.9298706054688, 715.3291625976562]]",424689664,410255360,424689664,640,yolo26n_int8_640_ncnn_model,MOT17-09
257,110.33018199987055,0.0,10,"[127, 175, 132, 89, 190, 225, 213, 240, 242, 257]","[[1361.80224609375, 371.6481628417969, 1490.2786865234375, 725.7281494140625], [1812.330322265625, 417.09991455078125, 1907.3475341796875, 638.751220703125], [1280.1116943359375, 403.1803283691406, 1377.654296875, 720.87451171875], [1115.966064453125, 305.7581787109375, 1305.539306640625, 820.8031005859375], [870.1964721679688, 317.50543212890625, 1089.4974365234375, 884.6136474609375], [27.05089569091797, 496.2835693359375, 116.16983032226562, 752.7003173828125], [743.8865966796875, 328.8916015625, 900.3088989257812, 834.8116455078125], [1038.251220703125, 389.13714599609375, 1125.844482421875, 764.4664306640625], [1540.6282958984375, 422.0936279296875, 1615.2474365234375, 705.0680541992188], [1646.780029296875, 526.418701171875, 1723.3665771484375, 720.9861450195312]]","[0.65771484375, 0.51416015625, 0.5, 0.82470703125, 0.814453125, 0.410888671875, 0.73779296875, 0.3408203125, 0.5234375, 0.556640625]","[[1426.0404663085938, 725.7281494140625], [1859.8389282226562, 638.751220703125], [1328.8829956054688, 720.87451171875], [1210.752685546875, 820.8031005859375], [979.8469543457031, 884.6136474609375], [71.6103630065918, 752.7003173828125], [822.0977478027344, 834.8116455078125], [1082.0478515625, 764.4664306640625], [1577.9378662109375, 705.0680541992188], [1685.0733032226562, 720.9861450195312]]",424689664,410255360,424689664,640,yolo26n_int8_640_ncnn_model,MOT17-09
258,82.28070600011961,0.0,11,"[127, 175, 132, 89, 190, 225, 213, 240, 242, 257, 270]","[[1365.93115234375, 370.679931640625, 1492.435302734375, 723.8933715820312], [1816.6722412109375, 418.9250793457031, 1910.3038330078125, 638.9443359375], [1283.7637939453125, 414.5658874511719, 1376.98681640625, 721.502685546875], [1118.9461669921875, 307.7133483886719, 1304.8341064453125, 812.055419921875], [879.1727905273438, 313.7660217285156, 1098.3597412109375, 880.7169799804688], [28.140775680541992, 498.70697021484375, 116.76940155029297, 753.7276611328125], [757.7229614257812, 329.09515380859375, 913.86865234375, 842.3033447265625], [1048.0098876953125, 382.06121826171875, 1134.72705078125, 753.7172241210938], [1541.60009765625, 420.44287109375, 1617.5772705078125, 706.4740600585938], [1651.986572265625, 531.8096923828125, 1727.4039306640625, 721.874267578125], [114.40835571289062, 538.9500122070312, 193.84164428710938, 751.0499877929688]]","[0.6748046875, 0.53173828125, 0.5009765625, 0.7890625, 0.8203125, 0.37451171875, 0.7451171875, 0.349853515625, 0.54833984375, 0.50146484375, 0.312744140625]","[[1429.1832275390625, 723.8933715820312], [1863.488037109375, 638.9443359375], [1330.3753051757812, 721.502685546875], [1211.89013671875, 812.055419921875], [988.7662658691406, 880.7169799804688], [72.45508861541748, 753.7276611328125], [835.7958068847656, 842.3033447265625], [1091.3684692382812, 753.7172241210938], [1579.5886840820312, 706.4740600585938], [1689.6952514648438, 721.874267578125], [154.125, 751.0499877929688]]",424689664,410255360,424689664,640,yolo26n_int8_640_ncnn_model,MOT17-09
259,81.67144699996243,0.0,11,"[127, 175, 132, 89, 190, 225, 213, 240, 242, 257, 270]","[[1372.3602294921875, 375.0291442871094, 1500.0242919921875, 735.5006713867188], [1815.9613037109375, 419.8264465332031, 1909.3704833984375, 641.79052734375], [1292.3140869140625, 417.07275390625, 1384.320556640625, 721.2549438476562], [1129.697265625, 302.8528747558594, 1312.1348876953125, 800.2843017578125], [887.0191040039062, 318.41064453125, 1104.8375244140625, 881.1531982421875], [26.190673828125, 496.39410400390625, 115.0872573852539, 751.3770141601562], [769.831298828125, 335.3863220214844, 922.807861328125, 836.0341186523438], [1050.875732421875, 377.6609802246094, 1138.0906982421875, 746.51025390625], [1544.6307373046875, 419.7948913574219, 1621.828125, 707.008056640625], [1654.492431640625, 529.17529296875, 1731.6590576171875, 723.40966796875], [114.20719146728516, 537.4483642578125, 193.89842224121094, 750.241455078125]]","[0.7080078125, 0.56396484375, 0.52587890625, 0.728515625, 0.80322265625, 0.420654296875, 0.70556640625, 0.3349609375, 0.615234375, 0.421630859375, 0.294677734375]","[[1436.1922607421875, 735.5006713867188], [1862.6658935546875, 641.79052734375], [1338.3173217773438, 721.2549438476562], [1220.9160766601562, 800.2843017578125], [995.9283142089844, 881.1531982421875], [70.63896560668945, 751.3770141601562], [846.319580078125, 836.0341186523438], [1094.4832153320312, 746.51025390625], [1583.2294311523438, 707.008056640625], [1693.0757446289062, 723.40966796875], [154.05280685424805, 750.241455078125]]",424689664,410255360,424689664,640,yolo26n_int8_640_ncnn_model,MOT17-09
260,82.1370940000179,0.0,12,"[127, 175, 132, 89, 190, 225, 213, 242, 257, 270, 275, 161]","[[1382.085205078125, 372.4195251464844, 1508.11376953125, 730.2103271484375], [1816.364990234375, 418.65008544921875, 1908.0650634765625, 640.37548828125], [1297.718994140625, 414.8595886230469, 1388.314453125, 719.17236328125], [1134.2550048828125, 299.7415466308594, 1315.5711669921875, 797.2657470703125], [897.92626953125, 317.7973327636719, 1113.975830078125, 877.7721557617188], [24.91118621826172, 493.7754821777344, 114.56871795654297, 750.2344360351562], [786.2815551757812, 336.1697082519531, 937.9166259765625, 835.4137573242188], [1544.535400390625, 420.77392578125, 1622.7525634765625, 706.9593505859375], [1658.982666015625, 527.4581298828125, 1737.35546875, 723.6345825195312], [113.4277572631836, 535.7799072265625, 193.6103973388672, 749.9700927734375], [1542.14794921875, 435.6000061035156, 1607.85205078125, 717.2999877929688], [1056.54296875, 378.9468688964844, 1167.6351318359375, 757.0900268554688]]","[0.728515625, 0.5029296875, 0.5107421875, 0.73876953125, 0.78955078125, 0.41015625, 0.732421875, 0.58349609375, 0.55517578125, 0.28955078125, 0.3369140625, 0.323486328125]","[[1445.0994873046875, 730.2103271484375], [1862.2150268554688, 640.37548828125], [1343.0167236328125, 719.17236328125], [1224.9130859375, 797.2657470703125], [1005.9510498046875, 877.7721557617188], [69.73995208740234, 750.2344360351562], [862.0990905761719, 835.4137573242188], [1583.6439819335938, 706.9593505859375], [1698.1690673828125, 723.6345825195312], [153.5190773010254, 749.9700927734375], [1575.0, 717.2999877929688], [1112.0890502929688, 757.0900268554688]]",424689664,410255360,424689664,640,yolo26n_int8_640_ncnn_model,MOT17-09
261,81.69933500016668,0.0,12,"[127, 175, 132, 89, 190, 225, 213, 242, 257, 270, 275, 226]","[[1389.97412109375, 371.3750305175781, 1514.59765625, 727.2000122070312], [1816.7769775390625, 419.17877197265625, 1906.9976806640625, 640.8457641601562], [1303.6864013671875, 409.43426513671875, 1395.417724609375, 719.9395141601562], [1141.8704833984375, 303.0578308105469, 1320.2799072265625, 795.7565307617188], [913.2056884765625, 317.79949951171875, 1125.982177734375, 872.3280029296875], [24.575138092041016, 495.5083312988281, 115.10813903808594, 754.0079345703125], [801.5352783203125, 335.321044921875, 955.2361450195312, 845.4058837890625], [1544.3895263671875, 422.1258544921875, 1623.2340087890625, 705.942138671875], [1665.6939697265625, 530.873046875, 1742.025634765625, 720.5975952148438], [113.55213165283203, 536.9788208007812, 193.85499572753906, 751.5883178710938], [1542.501708984375, 436.2997741699219, 1607.498291015625, 714.734130859375], [1056.771484375, 309.9114685058594, 1320.0821533203125, 801.9954833984375]]","[0.71240234375, 0.51806640625, 0.6162109375, 0.77685546875, 0.8125, 0.437255859375, 0.7802734375, 0.607421875, 0.53515625, 0.281982421875, 0.325927734375, 0.55078125]","[[1452.285888671875, 727.2000122070312], [1861.8873291015625, 640.8457641601562], [1349.5520629882812, 719.9395141601562], [1231.0751953125, 795.7565307617188], [1019.5939331054688, 872.3280029296875], [69.84163856506348, 754.0079345703125], [878.3857116699219, 845.4058837890625], [1583.811767578125, 705.942138671875], [1703.8598022460938, 720.5975952148438], [153.70356369018555, 751.5883178710938], [1575.0, 714.734130859375], [1188.4268188476562, 801.9954833984375]]",424689664,410255360,424689664,640,yolo26n_int8_640_ncnn_model,MOT17-09
262,82.13442800001758,0.0,12,"[127, 175, 132, 89, 190, 225, 213, 242, 257, 270, 275, 231]","[[1395.4132080078125, 366.9739074707031, 1518.154296875, 722.114013671875], [1817.748779296875, 413.6408386230469, 1909.5020751953125, 639.7906494140625], [1309.2532958984375, 406.1278381347656, 1402.26904296875, 720.498046875], [1147.3665771484375, 305.6560974121094, 1322.708984375, 793.9392700195312], [934.6961669921875, 324.14837646484375, 1140.5146484375, 866.9840698242188], [26.150768280029297, 495.428466796875, 115.78823852539062, 751.2385864257812], [819.415283203125, 336.60125732421875, 974.2337036132812, 850.539306640625], [1545.84423828125, 420.3772888183594, 1625.90673828125, 706.8013916015625], [1672.39404296875, 531.1275024414062, 1749.2164306640625, 722.4562377929688], [113.0310287475586, 536.8869018554688, 193.70855712890625, 752.6795654296875], [1541.5498046875, 431.5170593261719, 1608.4501953125, 717.7296142578125], [797.9827270507812, 341.37469482421875, 1116.709228515625, 843.3589477539062]]","[0.64013671875, 0.5634765625, 0.65380859375, 0.8193359375, 0.7314453125, 0.40966796875, 0.8056640625, 0.62646484375, 0.3994140625, 0.26513671875, 0.427734375, 0.491455078125]","[[1456.7837524414062, 722.114013671875], [1863.6254272460938, 639.7906494140625], [1355.7611694335938, 720.498046875], [1235.0377807617188, 793.9392700195312], [1037.6054077148438, 866.9840698242188], [70.96950340270996, 751.2385864257812], [896.8244934082031, 850.539306640625], [1585.87548828125, 706.8013916015625], [1710.8052368164062, 722.4562377929688], [153.36979293823242, 752.6795654296875], [1575.0, 717.7296142578125], [957.3459777832031, 843.3589477539062]]",424689664,410255360,424689664,640,yolo26n_int8_640_ncnn_model,MOT17-09
263,82.10411400000339,0.0,12,"[127, 175, 132, 89, 190, 225, 213, 242, 257, 270, 231, 161]","[[1398.66162109375, 362.8251953125, 1521.873291015625, 720.7456665039062], [1819.4432373046875, 410.5783996582031, 1912.8687744140625, 640.3906860351562], [1311.4798583984375, 401.6158447265625, 1406.271484375, 719.9908447265625], [1156.2877197265625, 305.5889587402344, 1330.123779296875, 792.3729248046875], [951.6212768554688, 323.3736877441406, 1152.89697265625, 862.1865234375], [28.417217254638672, 498.87518310546875, 117.31890106201172, 752.6542358398438], [829.5370483398438, 343.7560119628906, 982.8561401367188, 843.8834228515625], [1543.948486328125, 418.720947265625, 1625.38818359375, 707.1220703125], [1678.2249755859375, 529.9420166015625, 1756.09912109375, 726.3790283203125], [113.78337097167969, 537.3999633789062, 194.18594360351562, 752.5150146484375], [808.7230834960938, 347.3318786621094, 1114.36376953125, 838.4314575195312], [1086.85693359375, 380.9872131347656, 1201.9215087890625, 770.440185546875]]","[0.6611328125, 0.5419921875, 0.60888671875, 0.7919921875, 0.6943359375, 0.392822265625, 0.8037109375, 0.6533203125, 0.4453125, 0.294189453125, 0.43359375, 0.326416015625]","[[1460.2674560546875, 720.7456665039062], [1866.156005859375, 640.3906860351562], [1358.8756713867188, 719.9908447265625], [1243.2057495117188, 792.3729248046875], [1052.2591247558594, 862.1865234375], [72.8680591583252, 752.6542358398438], [906.1965942382812, 843.8834228515625], [1584.6683349609375, 707.1220703125], [1717.1620483398438, 726.3790283203125], [153.98465728759766, 752.5150146484375], [961.5434265136719, 838.4314575195312], [1144.3892211914062, 770.440185546875]]",424689664,410255360,424689664,640,yolo26n_int8_640_ncnn_model,MOT17-09
264,82.31222399990656,0.0,12,"[127, 175, 132, 89, 190, 225, 213, 242, 257, 270, 231, 186]","[[1403.434326171875, 361.52569580078125, 1527.28955078125, 721.0245361328125], [1821.888671875, 407.7025451660156, 1916.0789794921875, 639.400390625], [1319.18603515625, 416.4533386230469, 1409.3924560546875, 715.1224365234375], [1166.3721923828125, 305.2778015136719, 1341.5247802734375, 791.1423950195312], [968.3292236328125, 323.3032531738281, 1165.957275390625, 857.2520751953125], [26.05388641357422, 495.4414978027344, 115.7645492553711, 750.9465942382812], [841.0498657226562, 344.0852355957031, 995.9907836914062, 839.7445068359375], [1543.607666015625, 412.4002685546875, 1626.7886962890625, 706.9932250976562], [1685.2132568359375, 536.692626953125, 1759.408935546875, 725.5663452148438], [114.8664321899414, 536.8186645507812, 194.85415649414062, 751.1359252929688], [812.5709838867188, 349.3473815917969, 1109.209228515625, 835.6510620117188], [1013.9022827148438, 320.41400146484375, 1253.4166259765625, 843.1285400390625]]","[0.65283203125, 0.59033203125, 0.59521484375, 0.8271484375, 0.818359375, 0.452392578125, 0.8291015625, 0.60986328125, 0.57275390625, 0.345947265625, 0.27734375, 0.39453125]","[[1465.3619384765625, 721.0245361328125], [1868.9838256835938, 639.400390625], [1364.2892456054688, 715.1224365234375], [1253.948486328125, 791.1423950195312], [1067.1432495117188, 857.2520751953125], [70.90921783447266, 750.9465942382812], [918.5203247070312, 839.7445068359375], [1585.1981811523438, 706.9932250976562], [1722.3110961914062, 725.5663452148438], [154.86029434204102, 751.1359252929688], [960.8901062011719, 835.6510620117188], [1133.6594543457031, 843.1285400390625]]",424689664,410255360,424689664,640,yolo26n_int8_640_ncnn_model,MOT17-09
265,82.16194700003143,0.0,12,"[127, 175, 132, 89, 190, 225, 213, 242, 257, 270, 186, 275]","[[1410.0289306640625, 366.25494384765625, 1533.09033203125, 720.93359375], [1825.74560546875, 411.3074645996094, 1918.1060791015625, 639.2777099609375], [1322.1630859375, 427.53204345703125, 1409.88720703125, 714.0375366210938], [1175.0133056640625, 296.021728515625, 1354.2794189453125, 790.90576171875], [983.63232421875, 321.9945983886719, 1175.587646484375, 848.7642211914062], [26.450477600097656, 499.592529296875, 115.19696807861328, 752.7793579101562], [846.3062744140625, 347.79046630859375, 1001.7796020507812, 836.6392822265625], [1544.7423095703125, 407.0738525390625, 1628.0208740234375, 703.9948120117188], [1690.3328857421875, 531.6783447265625, 1765.6622314453125, 724.6666870117188], [115.65393829345703, 532.7645263671875, 195.9817352294922, 748.3131103515625], [1014.996826171875, 320.6905517578125, 1264.7349853515625, 844.807373046875], [1544.82568359375, 436.8616027832031, 1610.6697998046875, 717.3405151367188]]","[0.69091796875, 0.53125, 0.603515625, 0.79541015625, 0.81787109375, 0.3896484375, 0.798828125, 0.59033203125, 0.63525390625, 0.358154296875, 0.27978515625, 0.371826171875]","[[1471.5596313476562, 720.93359375], [1871.9258422851562, 639.2777099609375], [1366.025146484375, 714.0375366210938], [1264.6463623046875, 790.90576171875], [1079.6099853515625, 848.7642211914062], [70.82372283935547, 752.7793579101562], [924.0429382324219, 836.6392822265625], [1586.381591796875, 703.9948120117188], [1727.99755859375, 724.6666870117188], [155.8178367614746, 748.3131103515625], [1139.8659057617188, 844.807373046875], [1577.7477416992188, 717.3405151367188]]",424689664,410255360,424689664,640,yolo26n_int8_640_ncnn_model,MOT17-09
266,82.11139100012588,0.0,10,"[127, 175, 132, 89, 190, 225, 213, 242, 257, 270]","[[1413.869384765625, 366.8269348144531, 1537.5113525390625, 719.2063598632812], [1824.9608154296875, 411.9775085449219, 1916.9105224609375, 638.9961547851562], [1325.13671875, 430.9421081542969, 1412.829833984375, 713.1770629882812], [1184.0384521484375, 299.7369079589844, 1362.5960693359375, 789.6548461914062], [996.7106323242188, 323.7374572753906, 1186.635986328125, 851.497314453125], [27.276281356811523, 509.87249755859375, 113.38162231445312, 753.7249145507812], [852.217041015625, 348.00146484375, 1008.8248901367188, 833.6680908203125], [1546.745361328125, 412.9367980957031, 1628.89208984375, 704.8128051757812], [1694.28955078125, 532.3277587890625, 1769.5201416015625, 725.8089599609375], [115.85557556152344, 534.0889282226562, 195.95687866210938, 748.5535888671875]]","[0.72607421875, 0.4609375, 0.548828125, 0.8173828125, 0.81787109375, 0.3134765625, 0.79150390625, 0.5810546875, 0.59765625, 0.35498046875]","[[1475.6903686523438, 719.2063598632812], [1870.9356689453125, 638.9961547851562], [1368.9832763671875, 713.1770629882812], [1273.3172607421875, 789.6548461914062], [1091.6733093261719, 851.497314453125], [70.32895183563232, 753.7249145507812], [930.5209655761719, 833.6680908203125], [1587.8187255859375, 704.8128051757812], [1731.9048461914062, 725.8089599609375], [155.9062271118164, 748.5535888671875]]",424689664,410255360,424689664,640,yolo26n_int8_640_ncnn_model,MOT17-09
267,81.3226319999103,0.0,10,"[127, 175, 132, 89, 190, 225, 213, 242, 257, 270]","[[1419.2073974609375, 373.5167541503906, 1540.8612060546875, 718.1040649414062], [1829.8079833984375, 416.9552917480469, 1919.068115234375, 637.1640014648438], [1329.5166015625, 431.31353759765625, 1416.3079833984375, 710.6248779296875], [1190.409423828125, 299.55181884765625, 1368.055908203125, 786.9092407226562], [1018.6215209960938, 326.61016845703125, 1208.5675048828125, 852.37744140625], [26.461118698120117, 502.3938293457031, 115.34435272216797, 754.3262329101562], [868.2847900390625, 351.40521240234375, 1024.5548095703125, 837.2584228515625], [1548.3629150390625, 415.2352294921875, 1630.350830078125, 705.1376342773438], [1700.19970703125, 537.5347290039062, 1774.0491943359375, 726.2096557617188], [116.19385528564453, 533.1007080078125, 196.6700439453125, 748.1564331054688]]","[0.69677734375, 0.52294921875, 0.56591796875, 0.7841796875, 0.853515625, 0.39501953125, 0.79541015625, 0.54052734375, 0.56640625, 0.414306640625]","[[1480.0343017578125, 718.1040649414062], [1874.4380493164062, 637.1640014648438], [1372.9122924804688, 710.6248779296875], [1279.232666015625, 786.9092407226562], [1113.5945129394531, 852.37744140625], [70.90273571014404, 754.3262329101562], [946.4197998046875, 837.2584228515625], [1589.3568725585938, 705.1376342773438], [1737.1244506835938, 726.2096557617188], [156.43194961547852, 748.1564331054688]]",424689664,410255360,424689664,640,yolo26n_int8_640_ncnn_model,MOT17-09
268,82.1465580002041,0.0,12,"[127, 175, 132, 89, 190, 225, 213, 242, 257, 270, 226, 275]","[[1423.4730224609375, 380.2893981933594, 1543.43603515625, 718.4932250976562], [1831.4786376953125, 419.3519592285156, 1919.8192138671875, 637.9902954101562], [1332.6993408203125, 428.81524658203125, 1418.6566162109375, 706.1964721679688], [1194.8759765625, 306.5809631347656, 1369.3712158203125, 784.8408813476562], [1033.6180419921875, 321.9180908203125, 1227.8135986328125, 854.56640625], [26.469032287597656, 503.6143493652344, 114.58467102050781, 752.5684814453125], [881.86083984375, 349.3845520019531, 1035.8262939453125, 828.9376220703125], [1548.27880859375, 409.9006652832031, 1631.5643310546875, 705.5123901367188], [1704.2750244140625, 537.98583984375, 1777.414794921875, 725.8190307617188], [115.73779296875, 532.0026245117188, 196.9920654296875, 748.7762451171875], [1100.85302734375, 321.850830078125, 1367.03125, 782.3427124023438], [1546.9075927734375, 430.0647888183594, 1614.7161865234375, 719.6843872070312]]","[0.69775390625, 0.5166015625, 0.5791015625, 0.76513671875, 0.814453125, 0.3935546875, 0.7763671875, 0.5166015625, 0.6044921875, 0.44873046875, 0.34423828125, 0.267822265625]","[[1483.4545288085938, 718.4932250976562], [1875.64892578125, 637.9902954101562], [1375.677978515625, 706.1964721679688], [1282.1235961914062, 784.8408813476562], [1130.7158203125, 854.56640625], [70.52685165405273, 752.5684814453125], [958.8435668945312, 828.9376220703125], [1589.9215698242188, 705.5123901367188], [1740.8449096679688, 725.8190307617188], [156.36492919921875, 748.7762451171875], [1233.942138671875, 782.3427124023438], [1580.8118896484375, 719.6843872070312]]",424689664,410255360,424689664,640,yolo26n_int8_640_ncnn_model,MOT17-09
269,81.74255800008723,0.0,12,"[127, 175, 132, 89, 190, 225, 213, 242, 257, 270, 226, 275]","[[1428.61767578125, 385.27362060546875, 1546.4659423828125, 716.1700439453125], [1833.9583740234375, 416.47454833984375, 1920.0, 636.0609741210938], [1340.9627685546875, 426.2887268066406, 1427.1734619140625, 708.14306640625], [1203.4212646484375, 309.21624755859375, 1373.3209228515625, 778.1442260742188], [1050.7109375, 325.105712890625, 1245.2655029296875, 846.533447265625], [23.60249900817871, 500.0758972167969, 114.2410888671875, 754.8662719726562], [898.432861328125, 343.8068542480469, 1050.488037109375, 822.6154174804688], [1548.6318359375, 405.4591064453125, 1631.608642578125, 701.2274780273438], [1710.7503662109375, 533.12158203125, 1785.2984619140625, 724.6491088867188], [116.95866394042969, 531.6160888671875, 197.69598388671875, 747.0230102539062], [1133.4447021484375, 322.6842346191406, 1392.9532470703125, 774.711669921875], [1553.515625, 452.0152893066406, 1615.0225830078125, 711.5602416992188]]","[0.69580078125, 0.45556640625, 0.5859375, 0.80078125, 0.8251953125, 0.44921875, 0.78564453125, 0.58544921875, 0.5712890625, 0.46630859375, 0.4501953125, 0.267333984375]","[[1487.5418090820312, 716.1700439453125], [1876.9791870117188, 636.0609741210938], [1384.068115234375, 708.14306640625], [1288.37109375, 778.1442260742188], [1147.9882202148438, 846.533447265625], [68.9217939376831, 754.8662719726562], [974.46044921875, 822.6154174804688], [1590.1202392578125, 701.2274780273438], [1748.0244140625, 724.6491088867188], [157.32732391357422, 747.0230102539062], [1263.198974609375, 774.711669921875], [1584.2691040039062, 711.5602416992188]]",424689664,410255360,424689664,640,yolo26n_int8_640_ncnn_model,MOT17-09
270,81.63276200002656,0.0,10,"[127, 175, 132, 89, 190, 225, 213, 242, 257, 270]","[[1430.85693359375, 384.7864074707031, 1549.8829345703125, 720.6431274414062], [1839.8668212890625, 415.6358947753906, 1920.0, 633.1182250976562], [1348.9674072265625, 421.318359375, 1434.0123291015625, 702.9254150390625], [1209.9825439453125, 311.41644287109375, 1377.81640625, 779.517578125], [1059.72265625, 329.5647888183594, 1255.92578125, 844.3207397460938], [27.942209243774414, 507.11651611328125, 115.73030853271484, 754.2398071289062], [910.2900390625, 346.3211669921875, 1057.2503662109375, 815.7332763671875], [1549.191162109375, 413.91748046875, 1631.166015625, 706.2597045898438], [1714.2764892578125, 526.8434448242188, 1790.7369384765625, 724.69140625], [117.07717895507812, 530.49853515625, 198.03121948242188, 746.3716430664062]]","[0.6611328125, 0.367431640625, 0.53662109375, 0.79931640625, 0.82568359375, 0.4111328125, 0.78271484375, 0.5810546875, 0.57275390625, 0.45556640625]","[[1490.3699340820312, 720.6431274414062], [1879.9334106445312, 633.1182250976562], [1391.4898681640625, 702.9254150390625], [1293.8994750976562, 779.517578125], [1157.82421875, 844.3207397460938], [71.83625888824463, 754.2398071289062], [983.7702026367188, 815.7332763671875], [1590.1785888671875, 706.2597045898438], [1752.5067138671875, 724.69140625], [157.55419921875, 746.3716430664062]]",424689664,410255360,424689664,640,yolo26n_int8_640_ncnn_model,MOT17-09
271,81.3908730001458,0.0,10,"[127, 175, 132, 89, 190, 225, 213, 242, 257, 270]","[[1435.3675537109375, 384.3087158203125, 1553.14892578125, 716.58203125], [1845.0413818359375, 420.55450439453125, 1920.0, 635.7745361328125], [1354.888427734375, 421.63897705078125, 1438.2550048828125, 699.7628173828125], [1217.76611328125, 306.9421081542969, 1384.59423828125, 778.3617553710938], [1063.35009765625, 330.0649108886719, 1263.408203125, 846.7315063476562], [26.284343719482422, 516.09130859375, 112.40497589111328, 754.7325439453125], [916.5584106445312, 338.8373107910156, 1062.7998046875, 813.6439819335938], [1549.684326171875, 410.2188720703125, 1630.6832275390625, 701.2347412109375], [1717.7061767578125, 526.6710815429688, 1794.2764892578125, 726.4087524414062], [116.71553802490234, 530.603271484375, 197.04234313964844, 743.6527099609375]]","[0.68798828125, 0.37841796875, 0.5078125, 0.794921875, 0.84912109375, 0.478515625, 0.7890625, 0.54443359375, 0.54052734375, 0.44091796875]","[[1494.2582397460938, 716.58203125], [1882.5206909179688, 635.7745361328125], [1396.5717163085938, 699.7628173828125], [1301.18017578125, 778.3617553710938], [1163.379150390625, 846.7315063476562], [69.34465980529785, 754.7325439453125], [989.6791076660156, 813.6439819335938], [1590.1837768554688, 701.2347412109375], [1755.9913330078125, 726.4087524414062], [156.8789405822754, 743.6527099609375]]",424689664,410255360,424689664,640,yolo26n_int8_640_ncnn_model,MOT17-09
272,115.71695899988299,0.0,10,"[127, 175, 132, 89, 190, 225, 213, 242, 257, 270]","[[1437.691650390625, 385.5570373535156, 1555.3680419921875, 721.5741577148438], [1847.16455078125, 422.3878173828125, 1920.0, 637.7964477539062], [1360.879638671875, 422.7361145019531, 1444.6453857421875, 700.6547241210938], [1226.5911865234375, 311.2095031738281, 1393.615478515625, 787.9555053710938], [1070.013427734375, 327.7257995605469, 1272.81201171875, 850.1947021484375], [27.70234489440918, 508.2850646972656, 115.94075012207031, 753.897216796875], [925.0626831054688, 341.0506286621094, 1068.81298828125, 811.9735717773438], [1551.5638427734375, 408.0926513671875, 1632.7532958984375, 701.08837890625], [1724.7022705078125, 524.660888671875, 1803.292236328125, 725.0897216796875], [117.48260498046875, 534.1759643554688, 197.36436462402344, 745.149658203125]]","[0.703125, 0.45068359375, 0.471435546875, 0.748046875, 0.8447265625, 0.46923828125, 0.73779296875, 0.6259765625, 0.51513671875, 0.404052734375]","[[1496.5298461914062, 721.5741577148438], [1883.582275390625, 637.7964477539062], [1402.7625122070312, 700.6547241210938], [1310.1033325195312, 787.9555053710938], [1171.4127197265625, 850.1947021484375], [71.82154750823975, 753.897216796875], [996.9378356933594, 811.9735717773438], [1592.1585693359375, 701.08837890625], [1763.9972534179688, 725.0897216796875], [157.4234848022461, 745.149658203125]]",424689664,410255360,424689664,640,yolo26n_int8_640_ncnn_model,MOT17-09
273,81.4398729999084,0.0,11,"[127, 175, 132, 89, 190, 225, 213, 242, 257, 270, 186]","[[1438.38232421875, 385.975341796875, 1554.096435546875, 721.46044921875], [1842.6365966796875, 415.0785827636719, 1920.0, 637.5639038085938], [1367.274169921875, 421.87298583984375, 1451.446044921875, 700.2988891601562], [1233.6346435546875, 310.3133239746094, 1396.7169189453125, 778.2446899414062], [1076.75830078125, 325.2094421386719, 1279.0533447265625, 847.2175903320312], [29.121036529541016, 500.9958801269531, 119.02993774414062, 754.0857543945312], [937.3525390625, 344.149658203125, 1078.9383544921875, 808.2247314453125], [1552.7261962890625, 415.7198486328125, 1633.047119140625, 704.5108032226562], [1728.640625, 522.4351806640625, 1810.9810791015625, 728.0150146484375], [118.00623321533203, 536.7796020507812, 196.7297821044922, 743.483154296875], [1090.6268310546875, 331.5456237792969, 1343.9820556640625, 841.7946166992188]]","[0.6953125, 0.453857421875, 0.423583984375, 0.75439453125, 0.84326171875, 0.430908203125, 0.728515625, 0.640625, 0.54248046875, 0.3046875, 0.54296875]","[[1496.2393798828125, 721.46044921875], [1881.3182983398438, 637.5639038085938], [1409.360107421875, 700.2988891601562], [1315.17578125, 778.2446899414062], [1177.9058227539062, 847.2175903320312], [74.07548713684082, 754.0857543945312], [1008.1454467773438, 808.2247314453125], [1592.8866577148438, 704.5108032226562], [1769.8108520507812, 728.0150146484375], [157.3680076599121, 743.483154296875], [1217.304443359375, 841.7946166992188]]",424689664,410255360,424689664,640,yolo26n_int8_640_ncnn_model,MOT17-09
274,82.05107699996006,0.0,11,"[127, 175, 132, 89, 190, 225, 213, 242, 257, 284, 186]","[[1439.366943359375, 387.07342529296875, 1552.5594482421875, 721.42529296875], [1842.011474609375, 408.4190979003906, 1920.0, 634.533935546875], [1371.8133544921875, 422.7742614746094, 1454.41943359375, 696.9830932617188], [1246.1754150390625, 309.9285888671875, 1407.349609375, 774.58642578125], [1093.854248046875, 332.9295959472656, 1287.6640625, 837.4514770507812], [30.726951599121094, 502.13751220703125, 119.61427307128906, 754.1534423828125], [953.1073608398438, 345.18548583984375, 1096.6551513671875, 807.0664672851562], [1556.3804931640625, 410.9263000488281, 1637.8720703125, 702.5924682617188], [1730.95703125, 523.813232421875, 1814.6929931640625, 728.8651123046875], [1861.3604736328125, 433.125, 1918.6395263671875, 627.6749877929688], [1105.84765625, 329.5179748535156, 1348.61767578125, 829.2528686523438]]","[0.70947265625, 0.458740234375, 0.340087890625, 0.72412109375, 0.83447265625, 0.41015625, 0.75537109375, 0.6748046875, 0.455078125, 0.358642578125, 0.51708984375]","[[1495.9631958007812, 721.42529296875], [1881.0057373046875, 634.533935546875], [1413.1163940429688, 696.9830932617188], [1326.7625122070312, 774.58642578125], [1190.7591552734375, 837.4514770507812], [75.17061233520508, 754.1534423828125], [1024.8812561035156, 807.0664672851562], [1597.1262817382812, 702.5924682617188], [1772.8250122070312, 728.8651123046875], [1890.0, 627.6749877929688], [1227.232666015625, 829.2528686523438]]",424689664,410255360,424689664,640,yolo26n_int8_640_ncnn_model,MOT17-09
275,82.75965100006033,0.0,12,"[127, 175, 89, 190, 225, 213, 242, 257, 284, 186, 226, 270]","[[1440.9144287109375, 381.960205078125, 1550.527099609375, 710.9635620117188], [1839.53271484375, 406.8549499511719, 1920.0, 636.3253784179688], [1256.108154296875, 312.5065612792969, 1417.46923828125, 774.5429077148438], [1107.7579345703125, 327.0304870605469, 1298.36865234375, 830.5542602539062], [37.90119171142578, 551.345703125, 111.14990997314453, 753.926513671875], [967.8721313476562, 344.8087463378906, 1113.428466796875, 806.4932861328125], [1559.6072998046875, 410.37506103515625, 1641.7171630859375, 700.64404296875], [1732.7830810546875, 524.38330078125, 1816.6910400390625, 728.1832275390625], [1860.9642333984375, 431.08782958984375, 1919.0357666015625, 628.3152465820312], [1130.710693359375, 330.6427307128906, 1372.6510009765625, 817.4110107421875], [1253.190185546875, 325.4884948730469, 1503.9278564453125, 763.4586791992188], [114.37712860107422, 540.5042724609375, 194.10324096679688, 749.6278076171875]]","[0.63037109375, 0.449462890625, 0.81396484375, 0.83251953125, 0.334228515625, 0.7919921875, 0.65576171875, 0.35888671875, 0.334716796875, 0.345458984375, 0.376708984375, 0.271240234375]","[[1495.7207641601562, 710.9635620117188], [1879.766357421875, 636.3253784179688], [1336.7886962890625, 774.5429077148438], [1203.0632934570312, 830.5542602539062], [74.52555084228516, 753.926513671875], [1040.6502990722656, 806.4932861328125], [1600.6622314453125, 700.64404296875], [1774.737060546875, 728.1832275390625], [1890.0, 628.3152465820312], [1251.6808471679688, 817.4110107421875], [1378.5590209960938, 763.4586791992188], [154.24018478393555, 749.6278076171875]]",424689664,410255360,424689664,640,yolo26n_int8_640_ncnn_model,MOT17-09
276,81.98831800018525,0.0,10,"[127, 175, 89, 190, 225, 213, 242, 257, 284, 186]","[[1444.126953125, 384.2419738769531, 1552.868408203125, 715.8009643554688], [1841.938720703125, 402.11773681640625, 1920.0, 633.342529296875], [1264.5389404296875, 315.689697265625, 1425.9105224609375, 774.3507690429688], [1119.1790771484375, 324.84844970703125, 1307.1458740234375, 828.115478515625], [40.09463119506836, 573.0281372070312, 106.84246826171875, 753.0093994140625], [978.3491821289062, 344.780029296875, 1126.7562255859375, 808.2491455078125], [1562.8250732421875, 411.6680603027344, 1645.075439453125, 699.4174194335938], [1735.7576904296875, 529.8116455078125, 1818.715087890625, 729.6289672851562], [1860.5447998046875, 428.6728515625, 1919.4552001953125, 629.1074829101562], [1132.6044921875, 332.02886962890625, 1371.644287109375, 818.1838989257812]]","[0.62451171875, 0.4697265625, 0.7568359375, 0.8076171875, 0.292236328125, 0.794921875, 0.64501953125, 0.33642578125, 0.374755859375, 0.40625]","[[1498.4976806640625, 715.8009643554688], [1880.9693603515625, 633.342529296875], [1345.2247314453125, 774.3507690429688], [1213.1624755859375, 828.115478515625], [73.46854972839355, 753.0093994140625], [1052.5527038574219, 808.2491455078125], [1603.9502563476562, 699.4174194335938], [1777.2363891601562, 729.6289672851562], [1890.0, 629.1074829101562], [1252.1243896484375, 818.1838989257812]]",424689664,410255360,424689664,640,yolo26n_int8_640_ncnn_model,MOT17-09
277,81.45729900002152,0.0,8,"[127, 89, 190, 225, 213, 242, 257, 284]","[[1446.77490234375, 386.30914306640625, 1554.08349609375, 715.3910522460938], [1272.246826171875, 319.5920715332031, 1437.86669921875, 783.5873413085938], [1130.8394775390625, 325.5228576660156, 1316.0457763671875, 825.8213500976562], [39.818241119384766, 577.2500610351562, 106.29695892333984, 752.9876098632812], [986.0272216796875, 353.71014404296875, 1134.0181884765625, 806.0093994140625], [1569.0230712890625, 413.163330078125, 1653.198486328125, 699.9676513671875], [1737.793701171875, 524.177490234375, 1822.137451171875, 729.9075317382812], [1858.7808837890625, 421.55255126953125, 1920.0, 634.6376953125]]","[0.63623046875, 0.7431640625, 0.796875, 0.306396484375, 0.8095703125, 0.576171875, 0.5068359375, 0.465087890625]","[[1500.42919921875, 715.3910522460938], [1355.0567626953125, 783.5873413085938], [1223.442626953125, 825.8213500976562], [73.0576000213623, 752.9876098632812], [1060.022705078125, 806.0093994140625], [1611.1107788085938, 699.9676513671875], [1779.965576171875, 729.9075317382812], [1889.3904418945312, 634.6376953125]]",424689664,410255360,424689664,640,yolo26n_int8_640_ncnn_model,MOT17-09
278,84.30229800001143,0.0,11,"[127, 89, 190, 225, 213, 242, 257, 284, 286, 132, 226]","[[1451.7274169921875, 377.58642578125, 1558.33251953125, 705.7901000976562], [1274.7625732421875, 324.4739990234375, 1434.201171875, 774.663330078125], [1143.4027099609375, 330.76898193359375, 1326.183349609375, 828.0740966796875], [39.43777847290039, 576.0932006835938, 107.45803833007812, 753.2440795898438], [991.4451293945312, 350.041259765625, 1142.1016845703125, 804.2525024414062], [1572.3455810546875, 415.9653015136719, 1659.098876953125, 702.92626953125], [1739.1927490234375, 525.0343017578125, 1822.5489501953125, 729.9974365234375], [1858.105224609375, 417.3982238769531, 1920.0, 636.1985473632812], [32.53296661376953, 497.32501220703125, 116.86703491210938, 753.6749877929688], [1385.77783203125, 425.5169372558594, 1466.267333984375, 693.0841064453125], [1275.16015625, 324.1314392089844, 1520.4315185546875, 759.087158203125]]","[0.6845703125, 0.5888671875, 0.7802734375, 0.276123046875, 0.77587890625, 0.64306640625, 0.449951171875, 0.478515625, 0.32080078125, 0.371337890625, 0.26123046875]","[[1505.0299682617188, 705.7901000976562], [1354.4818725585938, 774.663330078125], [1234.7930297851562, 828.0740966796875], [73.44790840148926, 753.2440795898438], [1066.7734069824219, 804.2525024414062], [1615.7222290039062, 702.92626953125], [1780.870849609375, 729.9974365234375], [1889.0526123046875, 636.1985473632812], [74.70000076293945, 753.6749877929688], [1426.0225830078125, 693.0841064453125], [1397.7958374023438, 759.087158203125]]",424689664,410255360,424689664,640,yolo26n_int8_640_ncnn_model,MOT17-09
279,81.3352440000017,0.0,9,"[127, 89, 190, 213, 242, 257, 284, 286, 132]","[[1460.266357421875, 385.2569580078125, 1563.983642578125, 704.2232055664062], [1292.2186279296875, 317.0823974609375, 1452.681396484375, 771.4050903320312], [1157.3077392578125, 330.2258605957031, 1337.7965087890625, 823.5302124023438], [994.517578125, 356.879638671875, 1146.2381591796875, 807.4066162109375], [1575.0220947265625, 416.5171813964844, 1663.6951904296875, 702.5588989257812], [1739.865234375, 528.1036987304688, 1822.1783447265625, 730.254150390625], [1856.62548828125, 415.2718200683594, 1920.0, 637.4356689453125], [31.653087615966797, 496.68719482421875, 116.39884185791016, 754.3128051757812], [1388.8057861328125, 434.1210021972656, 1469.762451171875, 707.3975219726562]]","[0.60107421875, 0.7255859375, 0.78564453125, 0.76953125, 0.62890625, 0.296630859375, 0.465576171875, 0.3642578125, 0.2587890625]","[[1512.125, 704.2232055664062], [1372.4500122070312, 771.4050903320312], [1247.5521240234375, 823.5302124023438], [1070.3778686523438, 807.4066162109375], [1619.358642578125, 702.5588989257812], [1781.0217895507812, 730.254150390625], [1888.312744140625, 637.4356689453125], [74.02596473693848, 754.3128051757812], [1429.2841186523438, 707.3975219726562]]",424689664,410255360,424689664,640,yolo26n_int8_640_ncnn_model,MOT17-09
280,81.99480000007497,0.0,12,"[127, 89, 190, 213, 242, 257, 284, 286, 132, 288, 186, 225]","[[1466.7972412109375, 389.16375732421875, 1569.5673828125, 706.72900390625], [1300.2581787109375, 325.4006652832031, 1458.3431396484375, 774.1061401367188], [1168.17236328125, 331.12225341796875, 1346.51025390625, 818.8002319335938], [996.760498046875, 354.17144775390625, 1149.7652587890625, 805.923583984375], [1578.39697265625, 424.1664123535156, 1666.847412109375, 702.91796875], [1737.754638671875, 530.029052734375, 1820.0877685546875, 732.5658569335938], [1857.82958984375, 417.6913146972656, 1920.0, 636.7886352539062], [32.66054916381836, 499.0981140136719, 116.54633331298828, 754.2332763671875], [1392.5211181640625, 435.71014404296875, 1472.2503662109375, 711.3547973632812], [1141.9344482421875, 346.125, 1213.3656005859375, 792.0750122070312], [1179.9638671875, 333.8294982910156, 1417.0869140625, 804.1366577148438], [39.67931365966797, 572.5460205078125, 109.7192611694336, 753.9003295898438]]","[0.57763671875, 0.6220703125, 0.77685546875, 0.720703125, 0.64892578125, 0.43017578125, 0.472412109375, 0.361572265625, 0.2900390625, 0.488525390625, 0.269775390625, 0.251220703125]","[[1518.1823120117188, 706.72900390625], [1379.3006591796875, 774.1061401367188], [1257.34130859375, 818.8002319335938], [1073.2628784179688, 805.923583984375], [1622.6221923828125, 702.91796875], [1778.9212036132812, 732.5658569335938], [1888.914794921875, 636.7886352539062], [74.60344123840332, 754.2332763671875], [1432.3857421875, 711.3547973632812], [1177.6500244140625, 792.0750122070312], [1298.525390625, 804.1366577148438], [74.69928741455078, 753.9003295898438]]",424689664,410255360,424689664,640,yolo26n_int8_640_ncnn_model,MOT17-09
281,81.4693919999172,0.0,9,"[127, 89, 190, 213, 242, 284, 286, 132, 288]","[[1471.2725830078125, 393.0721435546875, 1572.304443359375, 703.19677734375], [1302.055908203125, 326.37969970703125, 1455.9715576171875, 767.3150024414062], [1184.0557861328125, 334.8152160644531, 1361.994873046875, 819.7675170898438], [1003.1820068359375, 354.3621826171875, 1153.71923828125, 801.1907348632812], [1579.0364990234375, 425.78399658203125, 1668.437744140625, 702.3031616210938], [1860.5126953125, 419.0278015136719, 1920.0, 635.178955078125], [30.364696502685547, 501.004150390625, 113.52020263671875, 753.0573120117188], [1393.9647216796875, 429.1188659667969, 1474.8145751953125, 714.0433959960938], [1148.8560791015625, 349.866943359375, 1217.727294921875, 778.2010498046875]]","[0.53515625, 0.61962890625, 0.7666015625, 0.7685546875, 0.6455078125, 0.449951171875, 0.37158203125, 0.3349609375, 0.453125]","[[1521.7885131835938, 703.19677734375], [1379.0137329101562, 767.3150024414062], [1273.0253295898438, 819.7675170898438], [1078.4506225585938, 801.1907348632812], [1623.7371215820312, 702.3031616210938], [1890.25634765625, 635.178955078125], [71.94244956970215, 753.0573120117188], [1434.3896484375, 714.0433959960938], [1183.2916870117188, 778.2010498046875]]",424689664,410255360,424689664,640,yolo26n_int8_640_ncnn_model,MOT17-09
282,82.07922499991582,0.0,11,"[127, 89, 190, 213, 242, 284, 286, 132, 288, 270, 257]","[[1475.2718505859375, 395.2408142089844, 1577.71875, 708.2251586914062], [1305.79736328125, 330.31585693359375, 1458.355712890625, 771.2276611328125], [1195.93798828125, 344.16156005859375, 1370.864990234375, 820.2285766601562], [1010.9503784179688, 355.1452941894531, 1160.0406494140625, 801.7199096679688], [1579.14501953125, 427.3384094238281, 1668.9686279296875, 700.076904296875], [1862.466796875, 421.9035949707031, 1920.0, 633.2546997070312], [30.135610580444336, 501.0293273925781, 113.54109191894531, 753.2192993164062], [1400.608642578125, 441.75994873046875, 1476.2864990234375, 712.5756225585938], [1156.8515625, 347.1091613769531, 1225.41064453125, 770.4232788085938], [112.34122467041016, 536.624755859375, 194.00070190429688, 752.2767333984375], [1730.5533447265625, 525.678466796875, 1813.7122802734375, 731.7913818359375]]","[0.59130859375, 0.6064453125, 0.81591796875, 0.7705078125, 0.63427734375, 0.4482421875, 0.41015625, 0.315185546875, 0.5419921875, 0.30322265625, 0.576171875]","[[1526.4953002929688, 708.2251586914062], [1382.0765380859375, 771.2276611328125], [1283.4014892578125, 820.2285766601562], [1085.4955139160156, 801.7199096679688], [1624.0568237304688, 700.076904296875], [1891.2333984375, 633.2546997070312], [71.83835124969482, 753.2192993164062], [1438.4475708007812, 712.5756225585938], [1191.131103515625, 770.4232788085938], [153.17096328735352, 752.2767333984375], [1772.1328125, 731.7913818359375]]",424689664,410255360,424689664,640,yolo26n_int8_640_ncnn_model,MOT17-09
283,81.19918800002779,0.0,11,"[127, 89, 190, 213, 242, 284, 286, 132, 288, 270, 257]","[[1479.15087890625, 394.4963684082031, 1583.03857421875, 709.6017456054688], [1308.51171875, 329.2166442871094, 1455.4105224609375, 761.2430419921875], [1206.2452392578125, 345.8534240722656, 1380.31494140625, 819.2456665039062], [1021.9041748046875, 355.40673828125, 1170.6162109375, 801.9791870117188], [1583.3621826171875, 431.1249694824219, 1672.8099365234375, 698.999755859375], [1864.6163330078125, 421.27947998046875, 1920.0, 629.2002563476562], [29.47000503540039, 500.98931884765625, 111.94768524169922, 749.0342407226562], [1407.0028076171875, 434.9187927246094, 1484.6480712890625, 714.668212890625], [1163.4029541015625, 346.0624694824219, 1233.446044921875, 774.3157348632812], [112.65727233886719, 536.3281860351562, 194.11282348632812, 752.378662109375], [1727.3023681640625, 523.4354858398438, 1811.160888671875, 731.762939453125]]","[0.59619140625, 0.56787109375, 0.83056640625, 0.78125, 0.630859375, 0.38818359375, 0.352783203125, 0.3212890625, 0.53173828125, 0.25341796875, 0.62158203125]","[[1531.0947265625, 709.6017456054688], [1381.9611206054688, 761.2430419921875], [1293.2800903320312, 819.2456665039062], [1096.2601928710938, 801.9791870117188], [1628.0860595703125, 698.999755859375], [1892.3081665039062, 629.2002563476562], [70.7088451385498, 749.0342407226562], [1445.825439453125, 714.668212890625], [1198.4244995117188, 774.3157348632812], [153.38504791259766, 752.378662109375], [1769.2316284179688, 731.762939453125]]",424689664,410255360,424689664,640,yolo26n_int8_640_ncnn_model,MOT17-09
284,82.06120699992425,0.0,11,"[127, 89, 190, 213, 242, 284, 286, 132, 288, 270, 257]","[[1484.0465087890625, 394.1629638671875, 1587.26953125, 708.1524047851562], [1313.1285400390625, 333.7486267089844, 1459.1419677734375, 771.6199951171875], [1215.4320068359375, 344.9059753417969, 1390.5643310546875, 823.4622802734375], [1040.290771484375, 354.7273864746094, 1188.484375, 796.9067993164062], [1592.7425537109375, 446.8044738769531, 1678.3043212890625, 697.3565063476562], [1866.224609375, 423.8768615722656, 1920.0, 631.9833984375], [28.3856258392334, 495.9398498535156, 112.30286407470703, 747.3087158203125], [1412.3726806640625, 439.5527648925781, 1488.4024658203125, 714.1776733398438], [1171.937255859375, 344.78240966796875, 1243.275390625, 775.6975708007812], [113.05026245117188, 536.2278442382812, 193.9876251220703, 751.4229125976562], [1724.252685546875, 522.8806762695312, 1810.1068115234375, 733.4760131835938]]","[0.56884765625, 0.5166015625, 0.8056640625, 0.77685546875, 0.66064453125, 0.423583984375, 0.46630859375, 0.333251953125, 0.4697265625, 0.274169921875, 0.6591796875]","[[1535.6580200195312, 708.1524047851562], [1386.13525390625, 771.6199951171875], [1302.9981689453125, 823.4622802734375], [1114.3875732421875, 796.9067993164062], [1635.5234375, 697.3565063476562], [1893.1123046875, 631.9833984375], [70.34424495697021, 747.3087158203125], [1450.3875732421875, 714.1776733398438], [1207.6063232421875, 775.6975708007812], [153.5189437866211, 751.4229125976562], [1767.1797485351562, 733.4760131835938]]",424689664,410255360,424689664,640,yolo26n_int8_640_ncnn_model,MOT17-09
285,82.06405900000391,0.0,12,"[127, 89, 190, 213, 242, 284, 286, 132, 288, 270, 257, 292]","[[1490.8468017578125, 393.7386779785156, 1591.559814453125, 702.8899536132812], [1318.62451171875, 334.370361328125, 1460.3367919921875, 769.5108032226562], [1227.559326171875, 341.51324462890625, 1400.7684326171875, 820.1109619140625], [1054.55029296875, 353.4423828125, 1203.0714111328125, 792.0601806640625], [1596.8143310546875, 453.8673095703125, 1681.5714111328125, 696.5086669921875], [1867.030517578125, 424.8693542480469, 1920.0, 633.0104370117188], [27.009124755859375, 492.8614196777344, 112.32022857666016, 746.9946899414062], [1428.3631591796875, 431.11767578125, 1505.369873046875, 704.2162475585938], [1181.0321044921875, 342.90704345703125, 1250.518798828125, 754.5044555664062], [112.58300018310547, 536.9379272460938, 193.4505157470703, 752.290283203125], [1719.6480712890625, 523.6649780273438, 1807.1839599609375, 733.1312866210938], [1517.5167236328125, 377.70001220703125, 1598.88330078125, 690.0]]","[0.57421875, 0.5146484375, 0.75927734375, 0.79052734375, 0.63916015625, 0.43505859375, 0.318115234375, 0.447509765625, 0.52685546875, 0.266357421875, 0.64501953125, 0.36279296875]","[[1541.2033081054688, 702.8899536132812], [1389.4806518554688, 769.5108032226562], [1314.1638793945312, 820.1109619140625], [1128.8108520507812, 792.0601806640625], [1639.19287109375, 696.5086669921875], [1893.5152587890625, 633.0104370117188], [69.66467666625977, 746.9946899414062], [1466.8665161132812, 704.2162475585938], [1215.7754516601562, 754.5044555664062], [153.0167579650879, 752.290283203125], [1763.416015625, 733.1312866210938], [1558.2000122070312, 690.0]]",424689664,410255360,424689664,640,yolo26n_int8_640_ncnn_model,MOT17-09
286,82.00474399995983,0.0,11,"[127, 89, 190, 213, 242, 284, 286, 132, 288, 257, 292]","[[1495.8470458984375, 393.53509521484375, 1594.3863525390625, 698.9356079101562], [1325.879150390625, 328.912353515625, 1462.1002197265625, 758.3864135742188], [1239.1053466796875, 344.2797546386719, 1410.64453125, 821.7577514648438], [1064.1646728515625, 356.437744140625, 1212.417236328125, 790.82177734375], [1598.885498046875, 458.8062744140625, 1683.927978515625, 695.71728515625], [1867.58544921875, 423.51129150390625, 1920.0, 631.1318969726562], [26.296072006225586, 497.3307189941406, 111.0702896118164, 747.4344482421875], [1434.1881103515625, 430.17431640625, 1511.52734375, 699.2179565429688], [1192.5218505859375, 343.6075134277344, 1265.2825927734375, 760.6634521484375], [1716.946533203125, 523.9782104492188, 1806.94091796875, 732.9838256835938], [1518.349365234375, 379.9642028808594, 1598.5150146484375, 687.968017578125]]","[0.59423828125, 0.537109375, 0.7080078125, 0.7919921875, 0.63427734375, 0.3818359375, 0.27294921875, 0.43310546875, 0.552734375, 0.615234375, 0.369873046875]","[[1545.11669921875, 698.9356079101562], [1393.9896850585938, 758.3864135742188], [1324.8749389648438, 821.7577514648438], [1138.2909545898438, 790.82177734375], [1641.40673828125, 695.71728515625], [1893.792724609375, 631.1318969726562], [68.683180809021, 747.4344482421875], [1472.8577270507812, 699.2179565429688], [1228.9022216796875, 760.6634521484375], [1761.9437255859375, 732.9838256835938], [1558.4321899414062, 687.968017578125]]",424689664,410255360,424689664,640,yolo26n_int8_640_ncnn_model,MOT17-09
287,82.831798999905,0.0,11,"[127, 89, 190, 213, 242, 284, 286, 132, 288, 257, 270]","[[1500.21923828125, 391.1716613769531, 1598.6064453125, 696.759765625], [1334.4609375, 324.2976989746094, 1468.45166015625, 753.7588500976562], [1250.5948486328125, 346.648193359375, 1416.2562255859375, 808.1148681640625], [1071.9093017578125, 357.78875732421875, 1219.9075927734375, 788.1923217773438], [1601.1578369140625, 463.7501525878906, 1687.0841064453125, 696.2222290039062], [1869.26220703125, 423.26568603515625, 1920.0, 622.1691284179688], [25.7020263671875, 491.40924072265625, 112.78081512451172, 747.1408081054688], [1434.235107421875, 422.8341979980469, 1510.51611328125, 690.3551025390625], [1197.2838134765625, 343.48394775390625, 1273.2100830078125, 764.3548583984375], [1715.589599609375, 527.072265625, 1807.161376953125, 733.9064331054688], [112.97607421875, 533.790283203125, 194.21414184570312, 751.4730224609375]]","[0.6455078125, 0.5625, 0.7568359375, 0.80517578125, 0.6220703125, 0.3427734375, 0.37109375, 0.3134765625, 0.5625, 0.658203125, 0.319580078125]","[[1549.412841796875, 696.759765625], [1401.456298828125, 753.7588500976562], [1333.425537109375, 808.1148681640625], [1145.908447265625, 788.1923217773438], [1644.1209716796875, 696.2222290039062], [1894.631103515625, 622.1691284179688], [69.24142074584961, 747.1408081054688], [1472.3756103515625, 690.3551025390625], [1235.2469482421875, 764.3548583984375], [1761.37548828125, 733.9064331054688], [153.59510803222656, 751.4730224609375]]",424689664,410255360,424689664,640,yolo26n_int8_640_ncnn_model,MOT17-09
288,82.36296699988088,0.0,10,"[127, 89, 190, 213, 242, 284, 286, 288, 257, 270]","[[1503.9996337890625, 389.524658203125, 1603.70166015625, 698.7471923828125], [1341.8834228515625, 324.555419921875, 1474.1573486328125, 755.107666015625], [1258.9298095703125, 344.9617919921875, 1423.328369140625, 802.5137329101562], [1076.6854248046875, 357.0140075683594, 1224.98828125, 785.5411987304688], [1601.955810546875, 469.70941162109375, 1688.005859375, 696.1749267578125], [1871.43212890625, 419.90032958984375, 1920.0, 623.0810546875], [25.794147491455078, 495.0065002441406, 112.13606262207031, 746.3077392578125], [1201.534423828125, 346.3909912109375, 1279.0064697265625, 760.8929443359375], [1714.3575439453125, 528.2484741210938, 1807.950927734375, 734.244873046875], [112.82599639892578, 534.870361328125, 193.52589416503906, 751.4885864257812]]","[0.634765625, 0.5361328125, 0.72509765625, 0.78369140625, 0.5498046875, 0.30712890625, 0.271728515625, 0.56689453125, 0.66748046875, 0.318115234375]","[[1553.8506469726562, 698.7471923828125], [1408.0203857421875, 755.107666015625], [1341.1290893554688, 802.5137329101562], [1150.8368530273438, 785.5411987304688], [1644.9808349609375, 696.1749267578125], [1895.716064453125, 623.0810546875], [68.9651050567627, 746.3077392578125], [1240.2704467773438, 760.8929443359375], [1761.1542358398438, 734.244873046875], [153.17594528198242, 751.4885864257812]]",424689664,410255360,424689664,640,yolo26n_int8_640_ncnn_model,MOT17-09
289,81.23761499996363,0.0,9,"[127, 89, 190, 213, 242, 284, 288, 257, 270]","[[1511.228515625, 389.890380859375, 1611.3995361328125, 698.544921875], [1352.8778076171875, 327.75201416015625, 1485.56201171875, 759.5496826171875], [1267.8240966796875, 340.7931823730469, 1433.360107421875, 802.0599365234375], [1081.3062744140625, 360.1949462890625, 1228.2694091796875, 781.1375122070312], [1602.70068359375, 482.9346923828125, 1683.5374755859375, 691.0701904296875], [1874.7366943359375, 424.16680908203125, 1920.0, 607.0343627929688], [1204.262451171875, 345.9617004394531, 1283.302001953125, 758.2135009765625], [1710.619140625, 525.95166015625, 1807.54638671875, 735.1043090820312], [112.47463989257812, 534.5154418945312, 193.3312530517578, 752.2398681640625]]","[0.66845703125, 0.4599609375, 0.71240234375, 0.7783203125, 0.5048828125, 0.296875, 0.60498046875, 0.64501953125, 0.294189453125]","[[1561.3140258789062, 698.544921875], [1419.2199096679688, 759.5496826171875], [1350.5921020507812, 802.0599365234375], [1154.787841796875, 781.1375122070312], [1643.1190795898438, 691.0701904296875], [1897.3683471679688, 607.0343627929688], [1243.7822265625, 758.2135009765625], [1759.082763671875, 735.1043090820312], [152.90294647216797, 752.2398681640625]]",424689664,410255360,424689664,640,yolo26n_int8_640_ncnn_model,MOT17-09
290,81.91692900004455,0.0,10,"[127, 89, 190, 213, 242, 284, 288, 257, 270, 286]","[[1517.2060546875, 390.02239990234375, 1618.6781005859375, 700.5018310546875], [1357.19970703125, 333.0393371582031, 1492.1884765625, 776.0634765625], [1275.531494140625, 338.7281494140625, 1441.895263671875, 803.478515625], [1089.147705078125, 365.6270751953125, 1240.63232421875, 792.3863525390625], [1601.294189453125, 491.9604187011719, 1679.0345458984375, 688.9630126953125], [1876.984375, 427.4625549316406, 1920.0, 597.18798828125], [1209.995849609375, 344.53765869140625, 1291.707275390625, 762.6685180664062], [1707.1739501953125, 524.3452758789062, 1805.49853515625, 733.1976318359375], [111.87687683105469, 532.6552734375, 193.4844970703125, 753.261474609375], [22.965328216552734, 495.12841796875, 112.45296478271484, 753.4037475585938]]","[0.669921875, 0.410888671875, 0.73974609375, 0.78955078125, 0.487548828125, 0.295166015625, 0.66845703125, 0.615234375, 0.284423828125, 0.318115234375]","[[1567.9420776367188, 700.5018310546875], [1424.694091796875, 776.0634765625], [1358.71337890625, 803.478515625], [1164.8900146484375, 792.3863525390625], [1640.1643676757812, 688.9630126953125], [1898.4921875, 597.18798828125], [1250.8515625, 762.6685180664062], [1756.3362426757812, 733.1976318359375], [152.6806869506836, 753.261474609375], [67.70914649963379, 753.4037475585938]]",424689664,410255360,424689664,640,yolo26n_int8_640_ncnn_model,MOT17-09
291,81.6741149999416,0.0,10,"[127, 89, 190, 213, 242, 284, 288, 257, 270, 286]","[[1522.1656494140625, 390.3134765625, 1624.3076171875, 701.0208129882812], [1369.5570068359375, 333.2732849121094, 1497.3204345703125, 749.5527954101562], [1287.5347900390625, 338.4380798339844, 1455.068359375, 803.6077880859375], [1095.889892578125, 367.8409729003906, 1250.7193603515625, 801.2944946289062], [1600.56494140625, 496.4026794433594, 1677.56982421875, 687.75927734375], [1879.496337890625, 429.66094970703125, 1920.0, 589.70263671875], [1213.8441162109375, 341.8902893066406, 1297.58642578125, 762.5122680664062], [1704.7000732421875, 523.73193359375, 1803.9129638671875, 732.4542846679688], [112.88499450683594, 528.7578735351562, 194.6552734375, 751.92041015625], [25.198829650878906, 498.44390869140625, 113.6927490234375, 752.783935546875]]","[0.666015625, 0.37548828125, 0.76513671875, 0.78173828125, 0.49609375, 0.25732421875, 0.6357421875, 0.5966796875, 0.360107421875, 0.423828125]","[[1573.2366333007812, 701.0208129882812], [1433.438720703125, 749.5527954101562], [1371.3015747070312, 803.6077880859375], [1173.3046264648438, 801.2944946289062], [1639.0673828125, 687.75927734375], [1899.7481689453125, 589.70263671875], [1255.7152709960938, 762.5122680664062], [1754.3065185546875, 732.4542846679688], [153.77013397216797, 751.92041015625], [69.4457893371582, 752.783935546875]]",424689664,410255360,424689664,640,yolo26n_int8_640_ncnn_model,MOT17-09
292,81.72726299994792,0.0,9,"[127, 89, 190, 213, 242, 288, 257, 270, 286]","[[1527.1544189453125, 389.9206237792969, 1628.8963623046875, 697.76953125], [1382.1275634765625, 331.3875427246094, 1503.9339599609375, 725.8247680664062], [1303.7838134765625, 343.4201965332031, 1471.3525390625, 802.6207885742188], [1100.1015625, 368.37628173828125, 1255.1690673828125, 799.9717407226562], [1599.06787109375, 495.89520263671875, 1678.2100830078125, 690.244873046875], [1219.0406494140625, 342.2813415527344, 1304.4722900390625, 761.1517944335938], [1701.6573486328125, 528.457763671875, 1799.517333984375, 733.1588134765625], [112.45612335205078, 527.0411987304688, 194.56893920898438, 752.6337890625], [26.407384872436523, 494.15185546875, 114.83902740478516, 748.0397338867188]]","[0.7060546875, 0.38818359375, 0.80517578125, 0.78955078125, 0.51904296875, 0.67333984375, 0.5927734375, 0.298828125, 0.45068359375]","[[1578.025390625, 697.76953125], [1443.03076171875, 725.8247680664062], [1387.5681762695312, 802.6207885742188], [1177.6353149414062, 799.9717407226562], [1638.6389770507812, 690.244873046875], [1261.7564697265625, 761.1517944335938], [1750.5873413085938, 733.1588134765625], [153.51253128051758, 752.6337890625], [70.62320613861084, 748.0397338867188]]",424689664,410255360,424689664,640,yolo26n_int8_640_ncnn_model,MOT17-09
293,81.54911499991613,0.0,9,"[127, 89, 190, 213, 242, 288, 257, 270, 286]","[[1532.60498046875, 389.01800537109375, 1634.6275634765625, 696.3162231445312], [1388.8843994140625, 330.2755126953125, 1511.7359619140625, 726.90087890625], [1314.8634033203125, 353.162841796875, 1481.6195068359375, 801.4540405273438], [1102.6632080078125, 368.0184631347656, 1258.1160888671875, 799.9520263671875], [1598.0728759765625, 495.56829833984375, 1678.85400390625, 693.1755981445312], [1223.015869140625, 343.7012023925781, 1309.481201171875, 755.456298828125], [1698.9874267578125, 528.262451171875, 1797.427978515625, 733.4240112304688], [113.14697265625, 526.4124755859375, 194.91033935546875, 752.9047241210938], [27.909822463989258, 494.05792236328125, 115.90477752685547, 746.7722778320312]]","[0.677734375, 0.344970703125, 0.82568359375, 0.76513671875, 0.439208984375, 0.6474609375, 0.6015625, 0.328857421875, 0.425537109375]","[[1583.6162719726562, 696.3162231445312], [1450.3101806640625, 726.90087890625], [1398.241455078125, 801.4540405273438], [1180.3896484375, 799.9520263671875], [1638.4634399414062, 693.1755981445312], [1266.24853515625, 755.456298828125], [1748.2077026367188, 733.4240112304688], [154.02865600585938, 752.9047241210938], [71.90729999542236, 746.7722778320312]]",424689664,410255360,424689664,640,yolo26n_int8_640_ncnn_model,MOT17-09
294,81.45242999989932,0.0,9,"[127, 89, 190, 213, 242, 288, 257, 270, 286]","[[1547.70263671875, 393.15087890625, 1655.1693115234375, 707.2371826171875], [1392.1329345703125, 336.26837158203125, 1511.3106689453125, 726.0055541992188], [1320.5728759765625, 353.2562255859375, 1488.9398193359375, 798.5817260742188], [1108.5556640625, 364.1116943359375, 1259.630615234375, 783.8110961914062], [1599.669677734375, 503.0849914550781, 1679.0869140625, 694.5184936523438], [1229.59423828125, 348.5215759277344, 1316.7437744140625, 749.1213989257812], [1696.2764892578125, 527.931396484375, 1796.4532470703125, 734.75927734375], [114.49908447265625, 529.8958129882812, 194.44622802734375, 752.2660522460938], [27.97225570678711, 498.02398681640625, 115.88016510009766, 750.2889404296875]]","[0.69580078125, 0.3798828125, 0.81396484375, 0.75341796875, 0.48291015625, 0.6552734375, 0.642578125, 0.315185546875, 0.449951171875]","[[1601.4359741210938, 707.2371826171875], [1451.7218017578125, 726.0055541992188], [1404.75634765625, 798.5817260742188], [1184.0931396484375, 783.8110961914062], [1639.3782958984375, 694.5184936523438], [1273.1690063476562, 749.1213989257812], [1746.3648681640625, 734.75927734375], [154.47265625, 752.2660522460938], [71.92621040344238, 750.2889404296875]]",424689664,410255360,424689664,640,yolo26n_int8_640_ncnn_model,MOT17-09
295,81.39137400007712,0.0,9,"[127, 89, 190, 213, 242, 288, 257, 270, 286]","[[1551.8875732421875, 395.42767333984375, 1662.0015869140625, 709.6055908203125], [1401.0809326171875, 339.74224853515625, 1514.8973388671875, 717.5220947265625], [1324.42236328125, 342.8469543457031, 1497.11669921875, 798.9624633789062], [1111.2799072265625, 361.5697021484375, 1258.9605712890625, 774.6786499023438], [1596.802001953125, 507.45819091796875, 1678.4794921875, 703.45703125], [1235.4012451171875, 351.83624267578125, 1325.61865234375, 750.396728515625], [1692.10986328125, 529.0343627929688, 1793.380126953125, 735.9976806640625], [114.34606170654297, 527.78271484375, 194.43856811523438, 751.5201416015625], [30.134355545043945, 498.28240966796875, 118.01732635498047, 751.8682250976562]]","[0.7099609375, 0.2666015625, 0.80517578125, 0.73974609375, 0.3271484375, 0.68408203125, 0.65380859375, 0.362548828125, 0.379150390625]","[[1606.944580078125, 709.6055908203125], [1457.9891357421875, 717.5220947265625], [1410.76953125, 798.9624633789062], [1185.1202392578125, 774.6786499023438], [1637.6407470703125, 703.45703125], [1280.5099487304688, 750.396728515625], [1742.7449951171875, 735.9976806640625], [154.39231491088867, 751.5201416015625], [74.0758409500122, 751.8682250976562]]",424689664,410255360,424689664,640,yolo26n_int8_640_ncnn_model,MOT17-09
296,83.33037400007015,0.0,8,"[127, 190, 213, 242, 288, 257, 270, 286]","[[1552.0377197265625, 397.2681884765625, 1663.5517578125, 713.4618530273438], [1328.3663330078125, 340.0881652832031, 1502.9599609375, 801.9930419921875], [1111.773193359375, 361.6139831542969, 1256.6748046875, 771.3797607421875], [1595.957275390625, 504.406982421875, 1680.06005859375, 707.131591796875], [1238.5972900390625, 358.8034973144531, 1331.3629150390625, 754.2105712890625], [1689.857666015625, 528.7011108398438, 1792.9852294921875, 737.1992797851562], [114.50894165039062, 525.5247802734375, 195.1991424560547, 752.7235717773438], [31.07120704650879, 500.6073303222656, 117.81966400146484, 752.2088012695312]]","[0.5791015625, 0.80322265625, 0.76025390625, 0.265869140625, 0.70361328125, 0.59423828125, 0.352294921875, 0.44140625]","[[1607.7947387695312, 713.4618530273438], [1415.6631469726562, 801.9930419921875], [1184.2239990234375, 771.3797607421875], [1638.0086669921875, 707.131591796875], [1284.9801025390625, 754.2105712890625], [1741.4214477539062, 737.1992797851562], [154.85404205322266, 752.7235717773438], [74.44543552398682, 752.2088012695312]]",424689664,410255360,424689664,640,yolo26n_int8_640_ncnn_model,MOT17-09
297,80.86722699999882,0.0,8,"[127, 190, 213, 288, 257, 270, 286, 132]","[[1558.585693359375, 395.4694519042969, 1673.00439453125, 713.4113159179688], [1334.7174072265625, 337.8033142089844, 1507.4599609375, 797.523681640625], [1110.9163818359375, 364.1236572265625, 1252.3782958984375, 770.7556762695312], [1244.977294921875, 356.84149169921875, 1338.8226318359375, 744.1672973632812], [1689.4476318359375, 532.0234985351562, 1790.5264892578125, 734.1800537109375], [116.38145446777344, 523.215576171875, 196.0060272216797, 746.788330078125], [31.741729736328125, 499.9898986816406, 118.27515411376953, 752.824462890625], [1490.29541015625, 437.5061340332031, 1557.627197265625, 671.7869262695312]]","[0.724609375, 0.8388671875, 0.76513671875, 0.708984375, 0.5986328125, 0.39697265625, 0.47314453125, 0.305419921875]","[[1615.7950439453125, 713.4113159179688], [1421.0886840820312, 797.523681640625], [1181.6473388671875, 770.7556762695312], [1291.8999633789062, 744.1672973632812], [1739.987060546875, 734.1800537109375], [156.19374084472656, 746.788330078125], [75.00844192504883, 752.824462890625], [1523.9613037109375, 671.7869262695312]]",424689664,410255360,424689664,640,yolo26n_int8_640_ncnn_model,MOT17-09
298,82.11380000011559,0.0,9,"[127, 190, 213, 288, 257, 270, 286, 132, 284]","[[1562.893798828125, 397.96826171875, 1678.284912109375, 713.109619140625], [1342.9212646484375, 336.9446716308594, 1512.5115966796875, 791.8959350585938], [1112.155517578125, 365.296142578125, 1250.7825927734375, 770.3751220703125], [1249.6920166015625, 352.2625427246094, 1347.781982421875, 742.2554321289062], [1687.94384765625, 538.2943115234375, 1787.0716552734375, 734.0040893554688], [117.22686767578125, 527.8269653320312, 195.18699645996094, 745.0001831054688], [32.249610900878906, 500.9865417480469, 118.04308319091797, 752.7972412109375], [1492.999267578125, 438.3201599121094, 1557.761474609375, 666.8406982421875], [1879.9998779296875, 428.9471130371094, 1920.0, 589.9437255859375]]","[0.67529296875, 0.822265625, 0.77734375, 0.71923828125, 0.5625, 0.413818359375, 0.47314453125, 0.379638671875, 0.2998046875]","[[1620.58935546875, 713.109619140625], [1427.7164306640625, 791.8959350585938], [1181.4690551757812, 770.3751220703125], [1298.7369995117188, 742.2554321289062], [1737.5077514648438, 734.0040893554688], [156.2069320678711, 745.0001831054688], [75.14634704589844, 752.7972412109375], [1525.38037109375, 666.8406982421875], [1899.9999389648438, 589.9437255859375]]",424689664,410255360,424689664,640,yolo26n_int8_640_ncnn_model,MOT17-09
299,83.13159600015751,0.0,8,"[127, 190, 213, 288, 257, 270, 286, 132]","[[1566.34716796875, 396.4154968261719, 1683.93603515625, 714.447265625], [1354.6156005859375, 335.644775390625, 1521.016845703125, 783.8594970703125], [1114.7176513671875, 365.4621276855469, 1249.728759765625, 767.5745849609375], [1254.095947265625, 350.3072814941406, 1355.970947265625, 745.876953125], [1684.26318359375, 537.8211059570312, 1785.0059814453125, 735.6998901367188], [116.4452133178711, 534.6149291992188, 193.5767059326172, 749.3642578125], [34.27162170410156, 505.5763244628906, 117.03011322021484, 748.5516967773438], [1495.7706298828125, 430.1197814941406, 1561.2236328125, 665.6224365234375]]","[0.70654296875, 0.80908203125, 0.69775390625, 0.732421875, 0.488525390625, 0.37646484375, 0.39208984375, 0.37548828125]","[[1625.1416015625, 714.447265625], [1437.8162231445312, 783.8594970703125], [1182.2232055664062, 767.5745849609375], [1305.033447265625, 745.876953125], [1734.6345825195312, 735.6998901367188], [155.01095962524414, 749.3642578125], [75.6508674621582, 748.5516967773438], [1528.4971313476562, 665.6224365234375]]",424689664,410255360,424689664,640,yolo26n_int8_640_ncnn_model,MOT17-09
300,81.39648599990323,0.0,10,"[127, 190, 213, 288, 257, 270, 286, 298, 186, 242]","[[1566.886962890625, 389.39593505859375, 1684.4554443359375, 707.52001953125], [1366.7188720703125, 334.92962646484375, 1532.754150390625, 781.1795654296875], [1114.6641845703125, 372.7538146972656, 1251.0115966796875, 788.3757934570312], [1258.114501953125, 350.80609130859375, 1363.1558837890625, 745.0726318359375], [1684.569091796875, 539.3587646484375, 1784.68603515625, 735.567626953125], [115.98303985595703, 535.6261596679688, 193.1428985595703, 750.4964599609375], [33.647701263427734, 504.78179931640625, 116.116943359375, 746.4254150390625], [36.382877349853516, 555.0750122070312, 114.46086883544922, 760.7249755859375], [1369.068603515625, 347.1905517578125, 1595.5054931640625, 782.082275390625], [1594.0689697265625, 519.9481811523438, 1674.3021240234375, 708.936279296875]]","[0.650390625, 0.77392578125, 0.634765625, 0.71923828125, 0.54345703125, 0.3818359375, 0.423828125, 0.334716796875, 0.6474609375, 0.26318359375]","[[1625.6712036132812, 707.52001953125], [1449.7365112304688, 781.1795654296875], [1182.837890625, 788.3757934570312], [1310.6351928710938, 745.0726318359375], [1734.6275634765625, 735.567626953125], [154.56296920776367, 750.4964599609375], [74.88232231140137, 746.4254150390625], [75.42187309265137, 760.7249755859375], [1482.2870483398438, 782.082275390625], [1634.185546875, 708.936279296875]]",424689664,410255360,424689664,640,yolo26n_int8_640_ncnn_model,MOT17-09
301,81.0628930000803,0.0,8,"[127, 190, 213, 288, 257, 270, 286, 242]","[[1568.2325439453125, 385.477294921875, 1687.0272216796875, 708.0748901367188], [1373.80908203125, 340.5439453125, 1539.8541259765625, 781.3989868164062], [1129.6695556640625, 372.961669921875, 1262.8492431640625, 774.9182739257812], [1265.60595703125, 350.9897766113281, 1372.3138427734375, 738.8609008789062], [1685.615478515625, 537.3973999023438, 1785.7816162109375, 734.008544921875], [116.03889465332031, 536.2322387695312, 192.75111389160156, 749.6760864257812], [33.37514114379883, 505.7165222167969, 116.3075180053711, 749.4074096679688], [1595.03857421875, 522.5330810546875, 1674.3995361328125, 706.4409790039062]]","[0.64306640625, 0.79541015625, 0.5693359375, 0.69287109375, 0.58544921875, 0.36474609375, 0.404541015625, 0.3369140625]","[[1627.6298828125, 708.0748901367188], [1456.8316040039062, 781.3989868164062], [1196.2593994140625, 774.9182739257812], [1318.9598999023438, 738.8609008789062], [1735.6985473632812, 734.008544921875], [154.39500427246094, 749.6760864257812], [74.84132957458496, 749.4074096679688], [1634.7190551757812, 706.4409790039062]]",424689664,410255360,424689664,640,yolo26n_int8_640_ncnn_model,MOT17-09
302,86.4847440000176,0.0,9,"[127, 190, 213, 288, 257, 270, 286, 242, 298]","[[1572.104736328125, 388.443359375, 1688.23583984375, 705.8238525390625], [1379.0557861328125, 339.04473876953125, 1546.16162109375, 779.2115478515625], [1126.98046875, 376.7330017089844, 1259.483642578125, 785.995849609375], [1271.891845703125, 351.0516662597656, 1379.7510986328125, 736.5945434570312], [1691.3033447265625, 537.6253662109375, 1788.9630126953125, 730.4348754882812], [116.58636474609375, 530.2021484375, 194.072998046875, 744.6290283203125], [32.835594177246094, 501.32269287109375, 116.55477905273438, 747.2981567382812], [1594.7325439453125, 520.319580078125, 1675.0458984375, 704.6322631835938], [36.763404846191406, 550.9716186523438, 113.74400329589844, 753.79638671875]]","[0.64990234375, 0.78662109375, 0.55224609375, 0.69970703125, 0.59619140625, 0.40966796875, 0.498046875, 0.33544921875, 0.347412109375]","[[1630.1702880859375, 705.8238525390625], [1462.6087036132812, 779.2115478515625], [1193.2320556640625, 785.995849609375], [1325.8214721679688, 736.5945434570312], [1740.1331787109375, 730.4348754882812], [155.32968139648438, 744.6290283203125], [74.69518661499023, 747.2981567382812], [1634.8892211914062, 704.6322631835938], [75.25370407104492, 753.79638671875]]",424689664,410255360,424689664,640,yolo26n_int8_640_ncnn_model,MOT17-09
303,122.66179299990654,0.0,9,"[127, 190, 213, 288, 257, 270, 286, 242, 298]","[[1572.1685791015625, 390.8570556640625, 1685.7000732421875, 704.7103881835938], [1381.45849609375, 338.61029052734375, 1549.398681640625, 778.356201171875], [1136.1131591796875, 367.9343566894531, 1267.7220458984375, 774.4691162109375], [1273.95166015625, 342.0747375488281, 1384.2965087890625, 734.8318481445312], [1693.3131103515625, 538.4306030273438, 1790.4080810546875, 731.3447875976562], [116.72171783447266, 529.4263916015625, 194.38720703125, 743.24853515625], [32.35789108276367, 498.65692138671875, 116.78602600097656, 746.5073852539062], [1594.963134765625, 517.6965942382812, 1676.9447021484375, 704.7007446289062], [35.8682746887207, 554.27734375, 111.5111083984375, 753.1961059570312]]","[0.57470703125, 0.755859375, 0.52587890625, 0.669921875, 0.58447265625, 0.36962890625, 0.453125, 0.435791015625, 0.32666015625]","[[1628.934326171875, 704.7103881835938], [1465.4285888671875, 778.356201171875], [1201.9176025390625, 774.4691162109375], [1329.1240844726562, 734.8318481445312], [1741.860595703125, 731.3447875976562], [155.55446243286133, 743.24853515625], [74.57195854187012, 746.5073852539062], [1635.9539184570312, 704.7007446289062], [73.6896915435791, 753.1961059570312]]",424689664,410255360,424689664,640,yolo26n_int8_640_ncnn_model,MOT17-09
304,81.2498370000867,0.0,9,"[127, 190, 213, 288, 257, 270, 286, 242, 298]","[[1574.174072265625, 392.76806640625, 1686.408935546875, 708.2843627929688], [1382.1766357421875, 346.7933044433594, 1554.1236572265625, 793.6845703125], [1149.4339599609375, 364.7753601074219, 1280.58642578125, 768.8331298828125], [1275.9603271484375, 342.58428955078125, 1386.3272705078125, 734.3648681640625], [1695.7545166015625, 532.970458984375, 1793.2666015625, 728.452392578125], [115.61170959472656, 531.8775634765625, 194.16726684570312, 748.9725952148438], [31.37924575805664, 497.8953552246094, 117.4139404296875, 750.9203491210938], [1595.85400390625, 512.6714477539062, 1678.83349609375, 699.721923828125], [36.363948822021484, 558.9195556640625, 111.84276580810547, 757.224609375]]","[0.5107421875, 0.75537109375, 0.685546875, 0.69677734375, 0.5947265625, 0.344970703125, 0.43310546875, 0.53857421875, 0.322265625]","[[1630.29150390625, 708.2843627929688], [1468.150146484375, 793.6845703125], [1215.0101928710938, 768.8331298828125], [1331.143798828125, 734.3648681640625], [1744.5105590820312, 728.452392578125], [154.88948822021484, 748.9725952148438], [74.39659309387207, 750.9203491210938], [1637.34375, 699.721923828125], [74.10335731506348, 757.224609375]]",424689664,410255360,424689664,640,yolo26n_int8_640_ncnn_model,MOT17-09
305,98.5600940000495,0.0,9,"[127, 190, 213, 288, 257, 270, 286, 242, 298]","[[1580.0203857421875, 392.48956298828125, 1691.2242431640625, 710.614990234375], [1385.5277099609375, 349.8446044921875, 1559.21923828125, 798.4697875976562], [1157.0548095703125, 360.0929260253906, 1288.4200439453125, 767.2609252929688], [1277.938232421875, 342.6921691894531, 1389.3336181640625, 737.3802490234375], [1697.115234375, 530.420654296875, 1793.8985595703125, 725.8982543945312], [115.2661361694336, 532.7997436523438, 193.76344299316406, 750.1429443359375], [31.551542282104492, 499.58245849609375, 116.36546325683594, 748.6596069335938], [1598.532470703125, 512.4461059570312, 1685.167724609375, 702.0402221679688], [36.51935958862305, 556.1979370117188, 112.0047836303711, 754.3773803710938]]","[0.501953125, 0.7314453125, 0.6640625, 0.69140625, 0.60986328125, 0.3662109375, 0.43994140625, 0.52001953125, 0.32373046875]","[[1635.622314453125, 710.614990234375], [1472.3734741210938, 798.4697875976562], [1222.7374267578125, 767.2609252929688], [1333.6359252929688, 737.3802490234375], [1745.5068969726562, 725.8982543945312], [154.51478958129883, 750.1429443359375], [73.95850276947021, 748.6596069335938], [1641.85009765625, 702.0402221679688], [74.26207160949707, 754.3773803710938]]",424689664,410255360,424689664,640,yolo26n_int8_640_ncnn_model,MOT17-09
306,83.3716340000592,0.0,9,"[127, 190, 213, 288, 257, 270, 286, 242, 298]","[[1580.869873046875, 394.6014404296875, 1690.1807861328125, 711.2412719726562], [1387.6759033203125, 353.4457702636719, 1561.673095703125, 800.7850341796875], [1160.5010986328125, 362.0676574707031, 1290.3822021484375, 764.9923706054688], [1280.6226806640625, 344.7383117675781, 1391.0927734375, 734.6133422851562], [1697.14453125, 527.7183837890625, 1794.6207275390625, 726.6920776367188], [115.2197265625, 535.1290283203125, 193.27609252929688, 751.5783081054688], [31.471736907958984, 499.99755859375, 116.34912109375, 749.0234985351562], [1598.63525390625, 510.3511657714844, 1688.411865234375, 702.8997192382812], [36.35865020751953, 561.732421875, 111.51658630371094, 758.3690795898438]]","[0.6025390625, 0.7333984375, 0.69775390625, 0.69775390625, 0.60009765625, 0.340087890625, 0.439453125, 0.287109375, 0.316650390625]","[[1635.5253295898438, 711.2412719726562], [1474.6744995117188, 800.7850341796875], [1225.441650390625, 764.9923706054688], [1335.8577270507812, 734.6133422851562], [1745.8826293945312, 726.6920776367188], [154.24790954589844, 751.5783081054688], [73.91042900085449, 749.0234985351562], [1643.5235595703125, 702.8997192382812], [73.93761825561523, 758.3690795898438]]",424689664,410255360,424689664,640,yolo26n_int8_640_ncnn_model,MOT17-09
307,82.05024600010802,0.0,10,"[127, 190, 213, 288, 257, 270, 286, 242, 298, 305]","[[1587.0177001953125, 399.36627197265625, 1693.566650390625, 711.4639892578125], [1394.615966796875, 355.012451171875, 1566.835205078125, 794.4466552734375], [1164.41162109375, 363.58721923828125, 1293.028564453125, 766.4427490234375], [1284.941650390625, 352.0197448730469, 1394.96923828125, 741.0961303710938], [1697.6370849609375, 527.7037963867188, 1794.39990234375, 727.013427734375], [114.9690170288086, 536.7472534179688, 192.70703125, 752.3634643554688], [31.799863815307617, 496.4372253417969, 118.33837127685547, 751.8884887695312], [1591.6434326171875, 499.1750183105469, 1684.7757568359375, 699.7564086914062], [37.71044158935547, 560.8501586914062, 112.21376037597656, 755.4411010742188], [1598.18603515625, 397.7250061035156, 1681.4139404296875, 573.6749877929688]]","[0.3896484375, 0.77001953125, 0.75146484375, 0.72216796875, 0.58056640625, 0.368896484375, 0.38134765625, 0.53076171875, 0.282470703125, 0.382568359375]","[[1640.2921752929688, 711.4639892578125], [1480.7255859375, 794.4466552734375], [1228.7200927734375, 766.4427490234375], [1339.9554443359375, 741.0961303710938], [1746.0184936523438, 727.013427734375], [153.8380241394043, 752.3634643554688], [75.06911754608154, 751.8884887695312], [1638.2095947265625, 699.7564086914062], [74.96210098266602, 755.4411010742188], [1639.7999877929688, 573.6749877929688]]",424689664,410255360,424689664,640,yolo26n_int8_640_ncnn_model,MOT17-09
308,82.9689669999425,0.0,9,"[127, 190, 213, 288, 257, 270, 286, 242, 298]","[[1586.1014404296875, 396.1632080078125, 1689.8184814453125, 702.5575561523438], [1399.4114990234375, 355.5451965332031, 1570.0391845703125, 790.0289916992188], [1168.0128173828125, 364.4119567871094, 1294.4857177734375, 763.8098754882812], [1287.8170166015625, 350.26947021484375, 1396.78125, 736.1056518554688], [1697.738037109375, 527.474609375, 1794.388671875, 728.3972778320312], [115.10684204101562, 537.5887451171875, 192.1411895751953, 751.4066162109375], [31.686843872070312, 500.01348876953125, 116.49559783935547, 750.0162963867188], [1588.709228515625, 491.05816650390625, 1683.6629638671875, 696.6123046875], [37.34545135498047, 561.244140625, 112.75828552246094, 757.7247924804688]]","[0.40185546875, 0.7802734375, 0.76806640625, 0.6982421875, 0.59765625, 0.364013671875, 0.4345703125, 0.458740234375, 0.308349609375]","[[1637.9599609375, 702.5575561523438], [1484.725341796875, 790.0289916992188], [1231.249267578125, 763.8098754882812], [1342.2991333007812, 736.1056518554688], [1746.0633544921875, 728.3972778320312], [153.62401580810547, 751.4066162109375], [74.09122085571289, 750.0162963867188], [1636.1860961914062, 696.6123046875], [75.0518684387207, 757.7247924804688]]",424689664,410255360,424689664,640,yolo26n_int8_640_ncnn_model,MOT17-09
309,81.06852399987474,0.0,7,"[190, 213, 288, 257, 270, 286, 242]","[[1409.1954345703125, 356.4410095214844, 1576.7310791015625, 780.6494750976562], [1173.572265625, 360.7377014160156, 1300.393310546875, 760.8785400390625], [1294.474365234375, 354.8253479003906, 1402.4569091796875, 739.9876098632812], [1696.4010009765625, 525.4325561523438, 1793.7740478515625, 728.9365234375], [115.3224105834961, 537.6354370117188, 192.64317321777344, 752.2782592773438], [30.189729690551758, 496.93841552734375, 116.22537231445312, 749.774658203125], [1591.8411865234375, 490.8676452636719, 1686.7470703125, 694.4164428710938]]","[0.7744140625, 0.79736328125, 0.69384765625, 0.5595703125, 0.318115234375, 0.3779296875, 0.62109375]","[[1492.9632568359375, 780.6494750976562], [1236.9827880859375, 760.8785400390625], [1348.4656372070312, 739.9876098632812], [1745.0875244140625, 728.9365234375], [153.98279190063477, 752.2782592773438], [73.20755100250244, 749.774658203125], [1639.2941284179688, 694.4164428710938]]",424689664,410255360,424689664,640,yolo26n_int8_640_ncnn_model,MOT17-09
310,81.2130229999184,0.0,7,"[190, 213, 288, 257, 270, 286, 242]","[[1415.5159912109375, 354.20635986328125, 1582.0567626953125, 774.6591186523438], [1183.3916015625, 364.0889587402344, 1309.42138671875, 760.0855102539062], [1297.4578857421875, 357.7587890625, 1403.73779296875, 741.2258911132812], [1694.2989501953125, 521.233154296875, 1793.1597900390625, 728.6588134765625], [115.0469741821289, 537.3858032226562, 192.6976318359375, 752.8448486328125], [31.169828414916992, 497.27935791015625, 116.56349182128906, 748.2030029296875], [1593.9283447265625, 487.6627502441406, 1691.0277099609375, 693.8209838867188]]","[0.7900390625, 0.79248046875, 0.63525390625, 0.5693359375, 0.334716796875, 0.419677734375, 0.650390625]","[[1498.786376953125, 774.6591186523438], [1246.406494140625, 760.0855102539062], [1350.5978393554688, 741.2258911132812], [1743.7293701171875, 728.6588134765625], [153.8723030090332, 752.8448486328125], [73.86666011810303, 748.2030029296875], [1642.47802734375, 693.8209838867188]]",424689664,410255360,424689664,640,yolo26n_int8_640_ncnn_model,MOT17-09
311,80.77061600010893,0.0,8,"[190, 213, 288, 257, 270, 286, 242, 127]","[[1419.7733154296875, 355.09527587890625, 1584.6295166015625, 770.7611694335938], [1192.409912109375, 363.8709716796875, 1318.0728759765625, 758.3572998046875], [1301.149658203125, 358.33203125, 1406.253173828125, 742.20849609375], [1693.979736328125, 521.8662719726562, 1792.4459228515625, 729.2954711914062], [114.30107879638672, 536.28271484375, 192.24993896484375, 752.0577392578125], [30.421716690063477, 501.3927001953125, 116.20713806152344, 753.5587768554688], [1593.2535400390625, 486.5006408691406, 1692.120849609375, 693.6107177734375], [1619.1710205078125, 398.26947021484375, 1700.1678466796875, 633.5205688476562]]","[0.79541015625, 0.7802734375, 0.62255859375, 0.53515625, 0.346435546875, 0.39697265625, 0.64306640625, 0.38427734375]","[[1502.201416015625, 770.7611694335938], [1255.2413940429688, 758.3572998046875], [1353.701416015625, 742.20849609375], [1743.2128295898438, 729.2954711914062], [153.27550888061523, 752.0577392578125], [73.31442737579346, 753.5587768554688], [1642.6871948242188, 693.6107177734375], [1659.66943359375, 633.5205688476562]]",424689664,410255360,424689664,640,yolo26n_int8_640_ncnn_model,MOT17-09
312,81.14067099995736,0.0,8,"[190, 213, 288, 257, 270, 286, 242, 127]","[[1425.38330078125, 352.8841552734375, 1591.0802001953125, 769.9004516601562], [1200.4893798828125, 367.5254211425781, 1326.1458740234375, 758.0183715820312], [1305.75732421875, 360.2498474121094, 1407.6151123046875, 731.9044189453125], [1695.1729736328125, 522.1522827148438, 1792.836181640625, 729.5492553710938], [112.84550476074219, 535.8507690429688, 191.52578735351562, 752.7404174804688], [29.893007278442383, 500.9635009765625, 114.96206665039062, 749.635009765625], [1590.5830078125, 482.4326477050781, 1692.944091796875, 696.250244140625], [1626.5098876953125, 397.41632080078125, 1716.64208984375, 657.9071044921875]]","[0.75537109375, 0.78173828125, 0.623046875, 0.488525390625, 0.32958984375, 0.376220703125, 0.650390625, 0.480712890625]","[[1508.2317504882812, 769.9004516601562], [1263.317626953125, 758.0183715820312], [1356.6862182617188, 731.9044189453125], [1744.0045776367188, 729.5492553710938], [152.1856460571289, 752.7404174804688], [72.4275369644165, 749.635009765625], [1641.7635498046875, 696.250244140625], [1671.5759887695312, 657.9071044921875]]",424689664,410255360,424689664,640,yolo26n_int8_640_ncnn_model,MOT17-09
313,80.67750400005025,0.0,8,"[190, 213, 288, 257, 270, 286, 242, 127]","[[1425.612060546875, 357.7762756347656, 1595.890625, 785.8741455078125], [1208.7176513671875, 373.1392822265625, 1333.4915771484375, 755.7061767578125], [1307.9820556640625, 362.1880187988281, 1410.239013671875, 733.798583984375], [1695.372314453125, 523.5260620117188, 1791.2755126953125, 729.4036254882812], [113.3250961303711, 534.6900024414062, 192.46014404296875, 752.9910278320312], [31.267492294311523, 499.7948303222656, 116.90272521972656, 751.1131591796875], [1588.092529296875, 478.7491149902344, 1692.763916015625, 697.501953125], [1632.681884765625, 398.1990966796875, 1725.18017578125, 666.4943237304688]]","[0.77587890625, 0.77099609375, 0.60107421875, 0.51708984375, 0.3076171875, 0.382080078125, 0.64404296875, 0.51513671875]","[[1510.7513427734375, 785.8741455078125], [1271.1046142578125, 755.7061767578125], [1359.1105346679688, 733.798583984375], [1743.3239135742188, 729.4036254882812], [152.89262008666992, 752.9910278320312], [74.08510875701904, 751.1131591796875], [1640.42822265625, 697.501953125], [1678.9310302734375, 666.4943237304688]]",424689664,410255360,424689664,640,yolo26n_int8_640_ncnn_model,MOT17-09
314,80.89954199999738,0.0,8,"[190, 213, 288, 257, 270, 286, 242, 127]","[[1429.541748046875, 352.6739501953125, 1598.418701171875, 776.0828247070312], [1214.898681640625, 374.2150573730469, 1340.645751953125, 755.9067993164062], [1312.618896484375, 362.61370849609375, 1415.1038818359375, 731.7843017578125], [1695.727783203125, 524.076171875, 1790.4083251953125, 729.3519897460938], [113.68017578125, 535.2333984375, 192.90213012695312, 754.0650634765625], [30.665775299072266, 501.8271179199219, 115.4089584350586, 749.1919555664062], [1585.1654052734375, 471.31005859375, 1692.685791015625, 698.2339477539062], [1638.5855712890625, 397.5076599121094, 1734.3701171875, 674.887939453125]]","[0.80419921875, 0.76953125, 0.63037109375, 0.51611328125, 0.2802734375, 0.423095703125, 0.61181640625, 0.50927734375]","[[1513.980224609375, 776.0828247070312], [1277.772216796875, 755.9067993164062], [1363.8613891601562, 731.7843017578125], [1743.0680541992188, 729.3519897460938], [153.29115295410156, 754.0650634765625], [73.03736686706543, 749.1919555664062], [1638.9255981445312, 698.2339477539062], [1686.4778442382812, 674.887939453125]]",424689664,410255360,424689664,640,yolo26n_int8_640_ncnn_model,MOT17-09
315,82.07161599989377,0.0,8,"[190, 213, 288, 257, 270, 286, 242, 127]","[[1429.8072509765625, 350.9179382324219, 1597.10693359375, 771.0823974609375], [1216.8701171875, 370.83013916015625, 1345.156982421875, 755.7817993164062], [1314.8463134765625, 366.2248840332031, 1416.1090087890625, 730.570068359375], [1693.7200927734375, 512.1690673828125, 1792.2325439453125, 729.5836791992188], [114.70297241210938, 535.9324340820312, 193.17935180664062, 752.9799194335938], [28.497421264648438, 496.12078857421875, 115.40361785888672, 748.9522094726562], [1583.9893798828125, 466.3340148925781, 1692.6947021484375, 698.7566528320312], [1648.5394287109375, 398.9698791503906, 1747.48583984375, 680.3372802734375]]","[0.80712890625, 0.767578125, 0.62060546875, 0.5712890625, 0.309326171875, 0.50634765625, 0.5986328125, 0.5234375]","[[1513.4570922851562, 771.0823974609375], [1281.0135498046875, 755.7817993164062], [1365.4776611328125, 730.570068359375], [1742.976318359375, 729.5836791992188], [153.941162109375, 752.9799194335938], [71.95051956176758, 748.9522094726562], [1638.342041015625, 698.7566528320312], [1698.0126342773438, 680.3372802734375]]",424689664,410255360,424689664,640,yolo26n_int8_640_ncnn_model,MOT17-09
316,90.19130000001496,0.0,8,"[190, 213, 288, 257, 270, 286, 242, 127]","[[1430.8701171875, 350.25006103515625, 1597.2392578125, 769.2572631835938], [1218.3961181640625, 374.5066223144531, 1347.6025390625, 756.7731323242188], [1315.5877685546875, 366.5262451171875, 1418.2418212890625, 734.1704711914062], [1692.351806640625, 512.603271484375, 1789.667236328125, 729.6708984375], [117.6412353515625, 536.19384765625, 194.4627227783203, 747.5908203125], [29.235977172851562, 495.482666015625, 116.01908111572266, 747.3889770507812], [1584.362060546875, 462.5464782714844, 1693.7994384765625, 698.9578247070312], [1652.81591796875, 399.5319519042969, 1755.5191650390625, 685.395751953125]]","[0.81787109375, 0.77001953125, 0.6328125, 0.52392578125, 0.373779296875, 0.498046875, 0.61083984375, 0.56640625]","[[1514.0546875, 769.2572631835938], [1282.9993286132812, 756.7731323242188], [1366.914794921875, 734.1704711914062], [1741.009521484375, 729.6708984375], [156.0519790649414, 747.5908203125], [72.62752914428711, 747.3889770507812], [1639.0807495117188, 698.9578247070312], [1704.1675415039062, 685.395751953125]]",424689664,410255360,424689664,640,yolo26n_int8_640_ncnn_model,MOT17-09
317,81.90752399991652,0.0,8,"[190, 213, 288, 257, 270, 286, 242, 127]","[[1435.386474609375, 354.4784240722656, 1597.8056640625, 766.14501953125], [1217.59521484375, 379.36395263671875, 1347.4066162109375, 755.7005004882812], [1316.5966796875, 369.5774230957031, 1418.0545654296875, 729.5659790039062], [1690.690185546875, 511.6307373046875, 1787.821533203125, 729.9537353515625], [118.25878143310547, 536.28564453125, 195.18722534179688, 746.55078125], [28.197601318359375, 494.5140380859375, 116.29158020019531, 749.5194091796875], [1583.5941162109375, 458.9903564453125, 1693.2037353515625, 699.274169921875], [1654.46337890625, 400.47869873046875, 1758.07666015625, 687.5423583984375]]","[0.82666015625, 0.7529296875, 0.658203125, 0.57373046875, 0.385498046875, 0.39599609375, 0.59130859375, 0.548828125]","[[1516.5960693359375, 766.14501953125], [1282.5009155273438, 755.7005004882812], [1367.3256225585938, 729.5659790039062], [1739.255859375, 729.9537353515625], [156.72300338745117, 746.55078125], [72.24459075927734, 749.5194091796875], [1638.39892578125, 699.274169921875], [1706.27001953125, 687.5423583984375]]",424689664,410255360,424689664,640,yolo26n_int8_640_ncnn_model,MOT17-09
318,100.3114640000149,0.0,8,"[190, 213, 288, 257, 270, 286, 242, 127]","[[1437.4990234375, 356.8187255859375, 1598.239013671875, 766.2964477539062], [1224.290771484375, 382.8987731933594, 1352.9005126953125, 754.5865478515625], [1316.1461181640625, 367.6617431640625, 1418.4818115234375, 728.8531494140625], [1691.4921875, 517.44775390625, 1785.707275390625, 729.8173828125], [118.46597290039062, 536.3140258789062, 195.45846557617188, 746.18212890625], [27.966890335083008, 495.64373779296875, 116.61031341552734, 751.8057861328125], [1584.126220703125, 460.62457275390625, 1692.1407470703125, 700.3626708984375], [1658.1431884765625, 400.8325500488281, 1763.386474609375, 690.294677734375]]","[0.8173828125, 0.64794921875, 0.62939453125, 0.60791015625, 0.3583984375, 0.43310546875, 0.60791015625, 0.468505859375]","[[1517.8690185546875, 766.2964477539062], [1288.5956420898438, 754.5865478515625], [1367.31396484375, 728.8531494140625], [1738.5997314453125, 729.8173828125], [156.96221923828125, 746.18212890625], [72.28860187530518, 751.8057861328125], [1638.1334838867188, 700.3626708984375], [1710.7648315429688, 690.294677734375]]",424689664,410255360,424689664,640,yolo26n_int8_640_ncnn_model,MOT17-09
319,81.065967999848,0.0,9,"[190, 213, 288, 257, 270, 286, 242, 127, 315]","[[1440.8978271484375, 360.9131774902344, 1597.4927978515625, 763.1693115234375], [1230.145751953125, 385.1597595214844, 1358.2078857421875, 756.2144775390625], [1318.924072265625, 363.174072265625, 1422.4708251953125, 726.3809204101562], [1691.1429443359375, 521.7425537109375, 1783.6060791015625, 729.765380859375], [116.4110336303711, 537.8126220703125, 194.1851806640625, 750.54443359375], [27.10746192932129, 494.119140625, 116.03221130371094, 750.7015991210938], [1583.5701904296875, 454.5336608886719, 1692.4920654296875, 699.8016967773438], [1661.0960693359375, 403.4198913574219, 1769.3262939453125, 700.6550903320312], [1193.919921875, 402.67498779296875, 1260.380126953125, 707.9249877929688]]","[0.80712890625, 0.6455078125, 0.6201171875, 0.5556640625, 0.32177734375, 0.474609375, 0.54736328125, 0.40576171875, 0.505859375]","[[1519.1953125, 763.1693115234375], [1294.1768188476562, 756.2144775390625], [1370.6974487304688, 726.3809204101562], [1737.37451171875, 729.765380859375], [155.2981071472168, 750.54443359375], [71.56983661651611, 750.7015991210938], [1638.0311279296875, 699.8016967773438], [1715.211181640625, 700.6550903320312], [1227.1500244140625, 707.9249877929688]]",424689664,410255360,424689664,640,yolo26n_int8_640_ncnn_model,MOT17-09
320,81.43767199999274,0.0,9,"[190, 213, 288, 257, 270, 286, 242, 127, 315]","[[1442.7508544921875, 365.6763610839844, 1596.3131103515625, 762.819091796875], [1233.951416015625, 388.18658447265625, 1360.1768798828125, 752.606201171875], [1323.2423095703125, 363.44732666015625, 1426.442138671875, 721.5175170898438], [1689.346923828125, 528.8589477539062, 1780.5333251953125, 732.2418823242188], [115.51463317871094, 537.3775634765625, 193.57537841796875, 751.1971435546875], [30.73880958557129, 496.5174255371094, 119.39645385742188, 754.2254028320312], [1581.9599609375, 435.53472900390625, 1695.969482421875, 697.8823852539062], [1670.4617919921875, 407.5649108886719, 1784.479248046875, 723.82958984375], [1193.97509765625, 401.27044677734375, 1260.0908203125, 704.1795043945312]]","[0.8125, 0.64013671875, 0.61376953125, 0.5390625, 0.315673828125, 0.365966796875, 0.56982421875, 0.292236328125, 0.537109375]","[[1519.531982421875, 762.819091796875], [1297.0641479492188, 752.606201171875], [1374.8422241210938, 721.5175170898438], [1734.9401245117188, 732.2418823242188], [154.54500579833984, 751.1971435546875], [75.06763172149658, 754.2254028320312], [1638.9647216796875, 697.8823852539062], [1727.4705200195312, 723.82958984375], [1227.032958984375, 704.1795043945312]]",424689664,410255360,424689664,640,yolo26n_int8_640_ncnn_model,MOT17-09
321,81.13041199999316,0.0,10,"[190, 213, 288, 257, 270, 286, 242, 127, 315, 298]","[[1445.8048095703125, 363.6318054199219, 1599.264404296875, 762.50537109375], [1234.5950927734375, 373.93194580078125, 1363.26318359375, 753.5432739257812], [1326.7490234375, 364.03216552734375, 1429.81298828125, 719.2320556640625], [1691.220947265625, 531.015380859375, 1780.8983154296875, 729.6591186523438], [114.54810333251953, 536.9537353515625, 193.22413635253906, 752.67919921875], [33.091835021972656, 498.67401123046875, 120.43913269042969, 754.3193359375], [1581.3653564453125, 429.7660827636719, 1695.3714599609375, 697.6241455078125], [1663.524658203125, 407.20843505859375, 1781.294921875, 736.43115234375], [1192.899658203125, 400.2274475097656, 1263.44775390625, 722.416015625], [41.26797866821289, 569.9465942382812, 112.51922607421875, 753.1552734375]]","[0.7939453125, 0.6640625, 0.59765625, 0.56689453125, 0.278076171875, 0.39208984375, 0.56005859375, 0.28857421875, 0.53466796875, 0.29248046875]","[[1522.5346069335938, 762.50537109375], [1298.9291381835938, 753.5432739257812], [1378.281005859375, 719.2320556640625], [1736.0596313476562, 729.6591186523438], [153.8861198425293, 752.67919921875], [76.76548385620117, 754.3193359375], [1638.368408203125, 697.6241455078125], [1722.4097900390625, 736.43115234375], [1228.1737060546875, 722.416015625], [76.89360237121582, 753.1552734375]]",424689664,410255360,424689664,640,yolo26n_int8_640_ncnn_model,MOT17-09
322,81.6996900000504,0.0,10,"[190, 213, 288, 257, 270, 286, 242, 127, 315, 298]","[[1450.0526123046875, 363.8259582519531, 1603.0079345703125, 761.4445190429688], [1241.447021484375, 365.521240234375, 1371.343017578125, 754.1482543945312], [1334.052001953125, 362.4850769042969, 1436.8319091796875, 720.19189453125], [1689.60546875, 531.5359497070312, 1779.38623046875, 728.9419555664062], [117.64207458496094, 536.29248046875, 194.5735321044922, 745.8262329101562], [35.45987319946289, 498.50799560546875, 120.83045959472656, 749.3770141601562], [1580.9500732421875, 426.92193603515625, 1693.376953125, 697.2814331054688], [1670.0638427734375, 397.42083740234375, 1789.5283203125, 736.4415893554688], [1192.4796142578125, 401.8454284667969, 1262.387451171875, 718.5327758789062], [40.93444061279297, 568.2904052734375, 113.29641723632812, 752.7189331054688]]","[0.78662109375, 0.7265625, 0.59716796875, 0.454345703125, 0.360595703125, 0.442138671875, 0.53125, 0.344970703125, 0.5791015625, 0.285888671875]","[[1526.5302734375, 761.4445190429688], [1306.39501953125, 754.1482543945312], [1385.4419555664062, 720.19189453125], [1734.495849609375, 728.9419555664062], [156.10780334472656, 745.8262329101562], [78.14516639709473, 749.3770141601562], [1637.1635131835938, 697.2814331054688], [1729.7960815429688, 736.4415893554688], [1227.4335327148438, 718.5327758789062], [77.11542892456055, 752.7189331054688]]",424689664,410255360,424689664,640,yolo26n_int8_640_ncnn_model,MOT17-09
323,81.47961600002418,0.0,9,"[190, 213, 288, 270, 286, 242, 127, 315, 298]","[[1454.4942626953125, 367.84735107421875, 1605.3070068359375, 757.1116943359375], [1244.958251953125, 358.3731384277344, 1374.2060546875, 752.4468383789062], [1339.8941650390625, 362.1464538574219, 1442.056884765625, 722.3406982421875], [119.4219741821289, 536.2826538085938, 195.63087463378906, 742.9392700195312], [33.267215728759766, 494.4497985839844, 120.72607421875, 753.4816284179688], [1581.740478515625, 430.3420104980469, 1691.6431884765625, 698.6033325195312], [1670.66650390625, 392.8238525390625, 1790.5106201171875, 736.9829711914062], [1192.3056640625, 392.9772033691406, 1264.1473388671875, 714.2481079101562], [41.170501708984375, 572.8154907226562, 112.0737533569336, 751.577392578125]]","[0.771484375, 0.728515625, 0.59765625, 0.319091796875, 0.423095703125, 0.55517578125, 0.54052734375, 0.6064453125, 0.2646484375]","[[1529.900634765625, 757.1116943359375], [1309.5821533203125, 752.4468383789062], [1390.9755249023438, 722.3406982421875], [157.52642440795898, 742.9392700195312], [76.99664497375488, 753.4816284179688], [1636.6918334960938, 698.6033325195312], [1730.5885620117188, 736.9829711914062], [1228.2265014648438, 714.2481079101562], [76.62212753295898, 751.577392578125]]",424689664,410255360,424689664,640,yolo26n_int8_640_ncnn_model,MOT17-09
324,81.49824500014802,0.0,9,"[190, 213, 288, 270, 286, 242, 127, 315, 298]","[[1455.16845703125, 365.54229736328125, 1605.869384765625, 755.2971801757812], [1250.9327392578125, 364.0210876464844, 1375.2232666015625, 747.3984985351562], [1344.81298828125, 362.75592041015625, 1445.002197265625, 718.4868774414062], [119.23631286621094, 536.2769775390625, 195.47744750976562, 741.891357421875], [35.40823745727539, 496.1439208984375, 120.53925323486328, 748.8649291992188], [1581.357421875, 425.2528991699219, 1691.669189453125, 699.854248046875], [1674.3260498046875, 383.5292663574219, 1794.810791015625, 734.8403930664062], [1192.4002685546875, 389.9669189453125, 1266.6817626953125, 716.8593139648438], [42.05451583862305, 570.9417724609375, 113.53092193603516, 750.6558227539062]]","[0.767578125, 0.68896484375, 0.58984375, 0.3427734375, 0.43212890625, 0.5869140625, 0.62841796875, 0.625, 0.27734375]","[[1530.5189208984375, 755.2971801757812], [1313.0780029296875, 747.3984985351562], [1394.9075927734375, 718.4868774414062], [157.35688018798828, 741.891357421875], [77.97374534606934, 748.8649291992188], [1636.5133056640625, 699.854248046875], [1734.5684204101562, 734.8403930664062], [1229.541015625, 716.8593139648438], [77.7927188873291, 750.6558227539062]]",424689664,410255360,424689664,640,yolo26n_int8_640_ncnn_model,MOT17-09
325,81.20704199995998,0.0,9,"[190, 213, 288, 270, 286, 242, 127, 315, 298]","[[1455.0921630859375, 367.8981628417969, 1607.1903076171875, 759.4297485351562], [1254.51220703125, 364.5381774902344, 1375.8699951171875, 743.2443237304688], [1349.198974609375, 357.9913024902344, 1450.249755859375, 716.0717163085938], [117.36016082763672, 535.524658203125, 195.58502197265625, 748.2670288085938], [35.08774948120117, 496.8233947753906, 119.27933502197266, 747.0536499023438], [1583.0841064453125, 426.3262939453125, 1691.754150390625, 700.3275756835938], [1676.315185546875, 380.91778564453125, 1795.5849609375, 733.8722534179688], [1192.095703125, 391.0311584472656, 1267.9083251953125, 717.7362670898438], [41.04219055175781, 569.4813232421875, 113.82408905029297, 752.0859985351562]]","[0.7666015625, 0.6748046875, 0.62353515625, 0.28271484375, 0.417724609375, 0.58544921875, 0.66015625, 0.640625, 0.28173828125]","[[1531.1412353515625, 759.4297485351562], [1315.1911010742188, 743.2443237304688], [1399.724365234375, 716.0717163085938], [156.47259140014648, 748.2670288085938], [77.18354225158691, 747.0536499023438], [1637.4191284179688, 700.3275756835938], [1735.9500732421875, 733.8722534179688], [1230.0020141601562, 717.7362670898438], [77.43313980102539, 752.0859985351562]]",424689664,410255360,424689664,640,yolo26n_int8_640_ncnn_model,MOT17-09
326,82.2341159998814,0.0,9,"[190, 213, 288, 270, 286, 242, 127, 315, 298]","[[1453.1531982421875, 368.24542236328125, 1607.3939208984375, 763.5195922851562], [1258.3316650390625, 366.25665283203125, 1377.2880859375, 743.2403564453125], [1353.677978515625, 366.63421630859375, 1453.0687255859375, 715.713134765625], [119.20537567138672, 537.9465942382812, 195.65345764160156, 744.01025390625], [34.47734451293945, 495.3380126953125, 119.8353500366211, 751.1218872070312], [1583.54833984375, 423.2381591796875, 1692.0098876953125, 701.239013671875], [1677.735595703125, 383.6016540527344, 1794.8629150390625, 732.6190185546875], [1189.926513671875, 393.06976318359375, 1267.317138671875, 720.52587890625], [41.751033782958984, 569.16943359375, 114.32640075683594, 751.3882446289062]]","[0.76708984375, 0.69189453125, 0.654296875, 0.32568359375, 0.43994140625, 0.59765625, 0.6630859375, 0.6708984375, 0.283203125]","[[1530.2735595703125, 763.5195922851562], [1317.8098754882812, 743.2403564453125], [1403.3733520507812, 715.713134765625], [157.42941665649414, 744.01025390625], [77.15634727478027, 751.1218872070312], [1637.7791137695312, 701.239013671875], [1736.2992553710938, 732.6190185546875], [1228.621826171875, 720.52587890625], [78.03871726989746, 751.3882446289062]]",424689664,410255360,424689664,640,yolo26n_int8_640_ncnn_model,MOT17-09
327,81.12565400006133,0.0,8,"[190, 213, 288, 270, 286, 242, 127, 315]","[[1453.8408203125, 369.82470703125, 1605.8720703125, 755.6671752929688], [1262.1463623046875, 367.6690673828125, 1379.1025390625, 743.541259765625], [1356.123779296875, 370.68463134765625, 1455.02294921875, 713.889404296875], [117.43733978271484, 536.8871459960938, 195.27145385742188, 748.3663940429688], [35.37036895751953, 493.805419921875, 119.5857925415039, 747.7146606445312], [1583.52734375, 415.34283447265625, 1692.30859375, 700.606201171875], [1677.972900390625, 385.683837890625, 1794.517822265625, 732.9773559570312], [1187.5072021484375, 393.645263671875, 1266.658203125, 721.7433471679688]]","[0.77685546875, 0.6708984375, 0.67041015625, 0.296630859375, 0.390869140625, 0.60498046875, 0.611328125, 0.65625]","[[1529.8564453125, 755.6671752929688], [1320.6244506835938, 743.541259765625], [1405.5733642578125, 713.889404296875], [156.35439682006836, 748.3663940429688], [77.47808074951172, 747.7146606445312], [1637.91796875, 700.606201171875], [1736.245361328125, 732.9773559570312], [1227.0827026367188, 721.7433471679688]]",424689664,410255360,424689664,640,yolo26n_int8_640_ncnn_model,MOT17-09
328,83.36961600002724,0.0,9,"[190, 213, 288, 270, 286, 242, 127, 315, 257]","[[1454.044921875, 368.1195983886719, 1607.138671875, 752.9547119140625], [1268.929443359375, 375.4262390136719, 1382.0810546875, 739.4768676757812], [1358.0045166015625, 368.3913269042969, 1457.4818115234375, 712.0109252929688], [118.6852035522461, 537.7271728515625, 195.0774383544922, 744.7938232421875], [36.33433151245117, 494.9650573730469, 119.03479766845703, 745.6589965820312], [1584.058349609375, 409.9891357421875, 1691.8851318359375, 698.9008178710938], [1687.416748046875, 395.3608703613281, 1792.5986328125, 706.4727783203125], [1185.6690673828125, 394.1601257324219, 1266.331298828125, 721.8736572265625], [1654.1336669921875, 397.7214050292969, 1799.385986328125, 730.8466796875]]","[0.771484375, 0.66162109375, 0.64306640625, 0.36083984375, 0.390625, 0.58935546875, 0.552734375, 0.65234375, 0.556640625]","[[1530.591796875, 752.9547119140625], [1325.5052490234375, 739.4768676757812], [1407.7431640625, 712.0109252929688], [156.88132095336914, 744.7938232421875], [77.6845645904541, 745.6589965820312], [1637.9717407226562, 698.9008178710938], [1740.0076904296875, 706.4727783203125], [1226.0001831054688, 721.8736572265625], [1726.7598266601562, 730.8466796875]]",424689664,410255360,424689664,640,yolo26n_int8_640_ncnn_model,MOT17-09
329,81.43600500011416,0.0,10,"[190, 213, 288, 270, 286, 242, 127, 315, 257, 298]","[[1455.1781005859375, 368.7046813964844, 1608.4144287109375, 750.7522583007812], [1275.6572265625, 374.344482421875, 1389.732177734375, 739.0040283203125], [1360.2862548828125, 373.9992370605469, 1456.553955078125, 707.8724365234375], [119.13899230957031, 531.8057250976562, 196.6458282470703, 742.6644897460938], [35.229339599609375, 496.4136657714844, 117.53620910644531, 745.8925170898438], [1584.811767578125, 415.347412109375, 1689.22705078125, 698.71728515625], [1695.9366455078125, 402.0455322265625, 1792.61181640625, 684.8213500976562], [1184.2086181640625, 392.8898010253906, 1266.987060546875, 721.3524169921875], [1654.8291015625, 395.3308410644531, 1795.819580078125, 729.7334594726562], [40.62748336791992, 570.5346069335938, 113.24394989013672, 752.07666015625]]","[0.77392578125, 0.67724609375, 0.61474609375, 0.309814453125, 0.39013671875, 0.5146484375, 0.57666015625, 0.6689453125, 0.470947265625, 0.2880859375]","[[1531.7962646484375, 750.7522583007812], [1332.6947021484375, 739.0040283203125], [1408.4201049804688, 707.8724365234375], [157.8924102783203, 742.6644897460938], [76.38277435302734, 745.8925170898438], [1637.0194091796875, 698.71728515625], [1744.2742309570312, 684.8213500976562], [1225.5978393554688, 721.3524169921875], [1725.3243408203125, 729.7334594726562], [76.93571662902832, 752.07666015625]]",424689664,410255360,424689664,640,yolo26n_int8_640_ncnn_model,MOT17-09
330,92.2579109999333,0.0,9,"[190, 213, 288, 270, 286, 242, 127, 315, 298]","[[1452.91650390625, 365.6470947265625, 1607.4383544921875, 752.2349243164062], [1281.0472412109375, 380.4148254394531, 1393.338134765625, 736.3819580078125], [1362.8212890625, 377.08782958984375, 1457.2125244140625, 705.374755859375], [119.30233764648438, 526.16552734375, 198.3319091796875, 742.381103515625], [36.52650451660156, 498.9515075683594, 117.9883041381836, 745.9967651367188], [1585.1619873046875, 417.6190490722656, 1688.13427734375, 700.6187744140625], [1702.3275146484375, 405.4442443847656, 1795.1263427734375, 671.9519653320312], [1181.6336669921875, 392.6928405761719, 1267.2818603515625, 723.8441772460938], [41.17017364501953, 573.2863159179688, 113.01063537597656, 751.70654296875]]","[0.76806640625, 0.638671875, 0.63427734375, 0.37646484375, 0.354736328125, 0.53369140625, 0.634765625, 0.67041015625, 0.278076171875]","[[1530.1774291992188, 752.2349243164062], [1337.1926879882812, 736.3819580078125], [1410.0169067382812, 705.374755859375], [158.81712341308594, 742.381103515625], [77.25740432739258, 745.9967651367188], [1636.6481323242188, 700.6187744140625], [1748.7269287109375, 671.9519653320312], [1224.457763671875, 723.8441772460938], [77.09040451049805, 751.70654296875]]",424689664,410255360,424689664,640,yolo26n_int8_640_ncnn_model,MOT17-09
331,81.39404299981834,0.0,8,"[190, 213, 288, 270, 286, 242, 127, 315]","[[1449.7066650390625, 365.97882080078125, 1603.3902587890625, 753.3285522460938], [1283.520751953125, 380.4129638671875, 1397.861572265625, 737.72412109375], [1365.7744140625, 380.1878356933594, 1460.22607421875, 710.5704345703125], [119.9709701538086, 525.7645263671875, 198.96188354492188, 742.5352172851562], [35.73200607299805, 497.161376953125, 117.87583923339844, 745.80224609375], [1585.559326171875, 415.8679504394531, 1687.4627685546875, 701.0902099609375], [1706.477783203125, 406.5795593261719, 1797.915283203125, 663.4540405273438], [1179.9498291015625, 391.4079284667969, 1268.127197265625, 722.9977416992188]]","[0.75146484375, 0.7099609375, 0.5771484375, 0.404052734375, 0.38818359375, 0.55615234375, 0.6142578125, 0.64013671875]","[[1526.5484619140625, 753.3285522460938], [1340.691162109375, 737.72412109375], [1413.000244140625, 710.5704345703125], [159.46642684936523, 742.5352172851562], [76.80392265319824, 745.80224609375], [1636.5110473632812, 701.0902099609375], [1752.196533203125, 663.4540405273438], [1224.0385131835938, 722.9977416992188]]",424689664,410255360,424689664,640,yolo26n_int8_640_ncnn_model,MOT17-09
332,81.83322700006102,0.0,7,"[190, 213, 288, 270, 242, 127, 315]","[[1448.41650390625, 368.0780944824219, 1599.848876953125, 751.8028564453125], [1287.1038818359375, 386.614990234375, 1401.553955078125, 738.0130004882812], [1368.8125, 381.52581787109375, 1463.1767578125, 714.2749633789062], [121.1864013671875, 523.6841430664062, 200.56309509277344, 742.6151123046875], [1587.376708984375, 414.06011962890625, 1689.47607421875, 703.4720458984375], [1705.2763671875, 406.4060363769531, 1797.0869140625, 660.1292114257812], [1178.6453857421875, 390.70281982421875, 1269.14208984375, 723.8634643554688]]","[0.7841796875, 0.703125, 0.5830078125, 0.41552734375, 0.51513671875, 0.560546875, 0.6630859375]","[[1524.1326904296875, 751.8028564453125], [1344.3289184570312, 738.0130004882812], [1415.99462890625, 714.2749633789062], [160.87474822998047, 742.6151123046875], [1638.4263916015625, 703.4720458984375], [1751.181640625, 660.1292114257812], [1223.8937377929688, 723.8634643554688]]",424689664,410255360,424689664,640,yolo26n_int8_640_ncnn_model,MOT17-09
333,81.61826399987149,0.0,9,"[190, 213, 288, 270, 242, 127, 315, 323, 286]","[[1448.0015869140625, 367.8605651855469, 1598.3770751953125, 751.2664184570312], [1292.9912109375, 389.1517333984375, 1408.053466796875, 737.9232177734375], [1372.10498046875, 380.471923828125, 1465.8814697265625, 713.2040405273438], [122.87930297851562, 530.0625610351562, 199.421875, 742.4137573242188], [1588.8018798828125, 404.886962890625, 1691.4759521484375, 702.17041015625], [1705.1182861328125, 406.8107604980469, 1796.2489013671875, 659.6412353515625], [1176.1124267578125, 385.26611328125, 1269.6109619140625, 724.3967895507812], [1681.772216796875, 415.79998779296875, 1762.227783203125, 728.4000244140625], [34.04484558105469, 491.6457214355469, 117.9161605834961, 745.7564086914062]]","[0.7900390625, 0.69189453125, 0.580078125, 0.3388671875, 0.456298828125, 0.4990234375, 0.69677734375, 0.3251953125, 0.31884765625]","[[1523.1893310546875, 751.2664184570312], [1350.5223388671875, 737.9232177734375], [1418.9932250976562, 713.2040405273438], [161.1505889892578, 742.4137573242188], [1640.138916015625, 702.17041015625], [1750.68359375, 659.6412353515625], [1222.8616943359375, 724.3967895507812], [1722.0, 728.4000244140625], [75.98050308227539, 745.7564086914062]]",424689664,410255360,424689664,640,yolo26n_int8_640_ncnn_model,MOT17-09
334,81.5674120001404,0.0,6,"[190, 213, 288, 242, 127, 315]","[[1446.6842041015625, 367.7618408203125, 1595.9776611328125, 751.1021728515625], [1301.7662353515625, 381.5128173828125, 1418.5677490234375, 734.4204711914062], [1373.5977783203125, 381.257568359375, 1464.412353515625, 706.59326171875], [1597.0858154296875, 408.51031494140625, 1700.0643310546875, 713.0943603515625], [1710.081298828125, 406.6602783203125, 1800.867431640625, 659.8939208984375], [1174.669189453125, 388.4098205566406, 1269.31396484375, 726.2849731445312]]","[0.7626953125, 0.76318359375, 0.5126953125, 0.4951171875, 0.517578125, 0.69580078125]","[[1521.3309326171875, 751.1021728515625], [1360.1669921875, 734.4204711914062], [1419.0050659179688, 706.59326171875], [1648.5750732421875, 713.0943603515625], [1755.474365234375, 659.8939208984375], [1221.9915771484375, 726.2849731445312]]",424689664,410255360,424689664,640,yolo26n_int8_640_ncnn_model,MOT17-09
335,80.70765399997981,0.0,6,"[190, 213, 288, 242, 127, 315]","[[1447.2332763671875, 366.46710205078125, 1595.010498046875, 748.3427124023438], [1305.4940185546875, 380.3790283203125, 1422.6722412109375, 734.3981323242188], [1376.948486328125, 381.24237060546875, 1467.8258056640625, 711.409423828125], [1601.7379150390625, 408.5582580566406, 1701.9163818359375, 709.0499267578125], [1713.5799560546875, 409.09710693359375, 1802.677490234375, 659.6307983398438], [1173.8580322265625, 388.4367370605469, 1270.482666015625, 729.1928100585938]]","[0.7529296875, 0.7470703125, 0.4990234375, 0.49609375, 0.51171875, 0.68115234375]","[[1521.1218872070312, 748.3427124023438], [1364.0831298828125, 734.3981323242188], [1422.3871459960938, 711.409423828125], [1651.8271484375, 709.0499267578125], [1758.1287231445312, 659.6307983398438], [1222.1703491210938, 729.1928100585938]]",424689664,410255360,424689664,640,yolo26n_int8_640_ncnn_model,MOT17-09
336,81.80385799983014,0.0,8,"[190, 213, 288, 242, 127, 315, 270, 286]","[[1447.6640625, 368.20556640625, 1592.430419921875, 744.1063232421875], [1308.3857421875, 384.8987731933594, 1424.321044921875, 735.4308471679688], [1379.143310546875, 379.715087890625, 1470.9371337890625, 718.659423828125], [1606.4442138671875, 414.8441467285156, 1701.6195068359375, 706.17333984375], [1718.2919921875, 409.7061767578125, 1807.76806640625, 660.9462890625], [1171.9090576171875, 386.99603271484375, 1270.6258544921875, 731.7299194335938], [120.6768569946289, 525.6214599609375, 198.5347137451172, 741.0588989257812], [34.760032653808594, 495.5196228027344, 117.89946746826172, 750.4791259765625]]","[0.7685546875, 0.7021484375, 0.443603515625, 0.5087890625, 0.60107421875, 0.69873046875, 0.3115234375, 0.305419921875]","[[1520.0472412109375, 744.1063232421875], [1366.3533935546875, 735.4308471679688], [1425.0402221679688, 718.659423828125], [1654.0318603515625, 706.17333984375], [1763.030029296875, 660.9462890625], [1221.2674560546875, 731.7299194335938], [159.60578536987305, 741.0588989257812], [76.32975006103516, 750.4791259765625]]",424689664,410255360,424689664,640,yolo26n_int8_640_ncnn_model,MOT17-09
337,81.26965399992514,0.0,7,"[190, 213, 288, 242, 127, 315, 323]","[[1447.5765380859375, 366.85137939453125, 1590.7098388671875, 738.5595703125], [1312.7413330078125, 384.5886535644531, 1429.245361328125, 736.8634033203125], [1381.1402587890625, 381.8144836425781, 1472.72900390625, 728.5247192382812], [1607.9805908203125, 416.09576416015625, 1699.6551513671875, 703.2962646484375], [1725.13330078125, 405.6182861328125, 1816.3665771484375, 660.7762451171875], [1171.9649658203125, 387.95013427734375, 1271.8790283203125, 733.1387939453125], [1681.227783203125, 410.43841552734375, 1762.772216796875, 728.2550659179688]]","[0.79248046875, 0.63623046875, 0.459716796875, 0.401611328125, 0.61376953125, 0.7109375, 0.266357421875]","[[1519.1431884765625, 738.5595703125], [1370.9933471679688, 736.8634033203125], [1426.9346313476562, 728.5247192382812], [1653.81787109375, 703.2962646484375], [1770.7499389648438, 660.7762451171875], [1221.9219970703125, 733.1387939453125], [1722.0, 728.2550659179688]]",424689664,410255360,424689664,640,yolo26n_int8_640_ncnn_model,MOT17-09
338,81.38233900012892,0.0,6,"[190, 213, 288, 242, 127, 315]","[[1447.65185546875, 373.0875244140625, 1587.9715576171875, 734.80419921875], [1319.548095703125, 383.9480285644531, 1437.494140625, 735.9329833984375], [1381.9666748046875, 383.0772705078125, 1472.1749267578125, 733.742431640625], [1612.6922607421875, 414.3673400878906, 1702.6453857421875, 699.4755249023438], [1729.343017578125, 403.5814208984375, 1821.6253662109375, 661.2911987304688], [1171.7823486328125, 390.8125915527344, 1272.5975341796875, 737.072265625]]","[0.80126953125, 0.64794921875, 0.32861328125, 0.400634765625, 0.6142578125, 0.712890625]","[[1517.8117065429688, 734.80419921875], [1378.5211181640625, 735.9329833984375], [1427.07080078125, 733.742431640625], [1657.6688232421875, 699.4755249023438], [1775.4841918945312, 661.2911987304688], [1222.18994140625, 737.072265625]]",424689664,410255360,424689664,640,yolo26n_int8_640_ncnn_model,MOT17-09
339,82.95589399995151,0.0,7,"[190, 213, 242, 127, 315, 327, 286]","[[1446.37451171875, 372.8892517089844, 1586.2578125, 731.9761352539062], [1323.4681396484375, 385.1700439453125, 1440.8648681640625, 733.1201171875], [1612.7576904296875, 414.7522277832031, 1701.39208984375, 697.0505981445312], [1733.3828125, 403.0531921386719, 1824.831787109375, 659.3271484375], [1172.12841796875, 389.4554748535156, 1274.4510498046875, 737.0322265625], [1583.515625, 419.70001220703125, 1648.684326171875, 703.5], [31.618356704711914, 492.90185546875, 115.6068344116211, 749.81201171875]]","[0.81396484375, 0.6953125, 0.44140625, 0.59375, 0.71484375, 0.369873046875, 0.34814453125]","[[1516.316162109375, 731.9761352539062], [1382.16650390625, 733.1201171875], [1657.0748901367188, 697.0505981445312], [1779.1072998046875, 659.3271484375], [1223.2897338867188, 737.0322265625], [1616.0999755859375, 703.5], [73.6125955581665, 749.81201171875]]",424689664,410255360,424689664,640,yolo26n_int8_640_ncnn_model,MOT17-09
340,81.2759499999629,0.0,9,"[190, 213, 242, 127, 315, 327, 329, 286, 298]","[[1446.3973388671875, 370.53070068359375, 1588.1734619140625, 734.274169921875], [1329.0836181640625, 387.60223388671875, 1446.5631103515625, 732.08740234375], [1618.510986328125, 410.95526123046875, 1707.02587890625, 699.1424560546875], [1734.435546875, 402.85125732421875, 1826.1859130859375, 660.6597290039062], [1172.8138427734375, 386.731201171875, 1276.5911865234375, 736.21533203125], [1585.8162841796875, 421.0939636230469, 1652.424072265625, 710.4697265625], [1583.3712158203125, 403.125, 1684.828857421875, 690.0750122070312], [30.166641235351562, 488.6605224609375, 115.27666473388672, 748.4156494140625], [38.59236145019531, 577.4424438476562, 110.27779388427734, 751.5653076171875]]","[0.80517578125, 0.72998046875, 0.416259765625, 0.59375, 0.7294921875, 0.34130859375, 0.375, 0.250732421875, 0.251220703125]","[[1517.285400390625, 734.274169921875], [1387.8233642578125, 732.08740234375], [1662.7684326171875, 699.1424560546875], [1780.3107299804688, 660.6597290039062], [1224.7025146484375, 736.21533203125], [1619.1201782226562, 710.4697265625], [1634.1000366210938, 690.0750122070312], [72.72165298461914, 748.4156494140625], [74.43507766723633, 751.5653076171875]]",424689664,410255360,424689664,640,yolo26n_int8_640_ncnn_model,MOT17-09
341,80.92763500008004,0.0,5,"[190, 213, 127, 315, 329]","[[1446.6754150390625, 376.1002502441406, 1590.626953125, 745.626220703125], [1332.7652587890625, 388.73321533203125, 1449.7225341796875, 728.4888305664062], [1737.6573486328125, 402.52783203125, 1829.56103515625, 661.465576171875], [1171.7584228515625, 386.6963195800781, 1276.7562255859375, 736.8359985351562], [1584.1607666015625, 404.84503173828125, 1685.415283203125, 692.0243530273438]]","[0.796875, 0.7080078125, 0.56884765625, 0.70263671875, 0.442626953125]","[[1518.6511840820312, 745.626220703125], [1391.243896484375, 728.4888305664062], [1783.6091918945312, 661.465576171875], [1224.25732421875, 736.8359985351562], [1634.7880249023438, 692.0243530273438]]",424689664,410255360,424689664,640,yolo26n_int8_640_ncnn_model,MOT17-09
342,81.23232000002645,0.0,6,"[190, 213, 127, 315, 329, 242]","[[1448.057861328125, 373.7255859375, 1589.3011474609375, 735.5986328125], [1336.960205078125, 390.1219787597656, 1454.6917724609375, 730.1875], [1739.5546875, 402.4073486328125, 1831.864990234375, 663.8070068359375], [1170.6170654296875, 385.4732360839844, 1277.555419921875, 739.2437133789062], [1585.68359375, 418.7967834472656, 1682.03857421875, 693.2716674804688], [1614.883056640625, 407.6260681152344, 1701.71435546875, 695.8814086914062]]","[0.802734375, 0.72705078125, 0.6005859375, 0.69873046875, 0.478515625, 0.27294921875]","[[1518.6795043945312, 735.5986328125], [1395.8259887695312, 730.1875], [1785.7098388671875, 663.8070068359375], [1224.0862426757812, 739.2437133789062], [1633.861083984375, 693.2716674804688], [1658.2987060546875, 695.8814086914062]]",424689664,410255360,424689664,640,yolo26n_int8_640_ncnn_model,MOT17-09
343,80.68058000003475,0.0,7,"[190, 213, 127, 315, 329, 242, 286]","[[1449.6905517578125, 377.5261535644531, 1590.704345703125, 738.032958984375], [1338.9566650390625, 389.6084289550781, 1458.749755859375, 733.8460693359375], [1742.5540771484375, 404.3427429199219, 1834.1568603515625, 662.7489013671875], [1168.8759765625, 383.06231689453125, 1277.2003173828125, 738.146728515625], [1586.833251953125, 422.24127197265625, 1682.556640625, 696.7512817382812], [1614.30224609375, 405.55633544921875, 1699.7886962890625, 695.6380615234375], [30.18036460876465, 493.48785400390625, 115.32882690429688, 752.4677124023438]]","[0.7783203125, 0.7421875, 0.58154296875, 0.73486328125, 0.51025390625, 0.296875, 0.40380859375]","[[1520.1974487304688, 738.032958984375], [1398.8532104492188, 733.8460693359375], [1788.35546875, 662.7489013671875], [1223.0381469726562, 738.146728515625], [1634.6949462890625, 696.7512817382812], [1657.0454711914062, 695.6380615234375], [72.75459575653076, 752.4677124023438]]",424689664,410255360,424689664,640,yolo26n_int8_640_ncnn_model,MOT17-09
344,81.02289399994334,0.0,7,"[190, 213, 127, 315, 329, 286, 323]","[[1450.3389892578125, 377.912353515625, 1593.178955078125, 743.96337890625], [1343.4610595703125, 381.45904541015625, 1464.115234375, 729.292236328125], [1745.9520263671875, 405.5782775878906, 1836.460693359375, 661.8849487304688], [1167.6422119140625, 379.4574279785156, 1277.6363525390625, 737.431396484375], [1587.8702392578125, 423.3569641113281, 1684.232666015625, 701.8862915039062], [28.41628074645996, 496.13665771484375, 113.42215728759766, 751.3326416015625], [1682.0118408203125, 426.3716735839844, 1761.9881591796875, 730.6585083007812]]","[0.7724609375, 0.759765625, 0.5185546875, 0.748046875, 0.53662109375, 0.413818359375, 0.412841796875]","[[1521.7589721679688, 743.96337890625], [1403.7881469726562, 729.292236328125], [1791.2063598632812, 661.8849487304688], [1222.6392822265625, 737.431396484375], [1636.0514526367188, 701.8862915039062], [70.91921901702881, 751.3326416015625], [1722.0, 730.6585083007812]]",424689664,410255360,424689664,640,yolo26n_int8_640_ncnn_model,MOT17-09
345,80.87633900004221,0.0,8,"[190, 213, 127, 315, 329, 286, 323, 270]","[[1452.249267578125, 379.75762939453125, 1594.4002685546875, 743.4690551757812], [1348.9674072265625, 380.58203125, 1467.9354248046875, 726.3506469726562], [1754.7799072265625, 412.5121154785156, 1843.468994140625, 661.095947265625], [1165.4788818359375, 378.11865234375, 1277.538818359375, 741.0574951171875], [1592.3748779296875, 425.63916015625, 1689.0828857421875, 707.765625], [28.5084171295166, 497.0435485839844, 113.26227569580078, 749.9412231445312], [1678.4329833984375, 417.7149658203125, 1761.295654296875, 727.610595703125], [124.9332275390625, 543.2496337890625, 197.90174865722656, 742.6351318359375]]","[0.77099609375, 0.76416015625, 0.50830078125, 0.73681640625, 0.50146484375, 0.391357421875, 0.3681640625, 0.26611328125]","[[1523.3247680664062, 743.4690551757812], [1408.451416015625, 726.3506469726562], [1799.1244506835938, 661.095947265625], [1221.5088500976562, 741.0574951171875], [1640.7288818359375, 707.765625], [70.88534641265869, 749.9412231445312], [1719.8643188476562, 727.610595703125], [161.41748809814453, 742.6351318359375]]",424689664,410255360,424689664,640,yolo26n_int8_640_ncnn_model,MOT17-09
346,81.89833899996302,0.0,8,"[190, 213, 127, 315, 329, 286, 323, 270]","[[1455.3990478515625, 383.9023132324219, 1596.3978271484375, 744.7764892578125], [1352.444091796875, 379.0167541503906, 1471.58935546875, 727.50390625], [1757.856201171875, 409.8186950683594, 1848.0540771484375, 662.0975952148438], [1163.2529296875, 375.685791015625, 1276.954833984375, 742.4052734375], [1601.1763916015625, 423.93731689453125, 1693.9044189453125, 695.49951171875], [27.892744064331055, 499.35565185546875, 112.69483947753906, 749.4285278320312], [1673.7091064453125, 411.069580078125, 1760.6939697265625, 734.6834106445312], [124.79034423828125, 540.1836547851562, 199.1141815185547, 741.4470825195312]]","[0.77294921875, 0.7890625, 0.55029296875, 0.71337890625, 0.49462890625, 0.416259765625, 0.474609375, 0.3037109375]","[[1525.8984375, 744.7764892578125], [1412.0167236328125, 727.50390625], [1802.9551391601562, 662.0975952148438], [1220.1038818359375, 742.4052734375], [1647.5404052734375, 695.49951171875], [70.29379177093506, 749.4285278320312], [1717.2015380859375, 734.6834106445312], [161.95226287841797, 741.4470825195312]]",424689664,410255360,424689664,640,yolo26n_int8_640_ncnn_model,MOT17-09
347,81.63898800012248,0.0,7,"[190, 213, 127, 315, 329, 286, 323]","[[1459.7723388671875, 386.1640625, 1597.9083251953125, 738.5445556640625], [1356.26513671875, 378.68939208984375, 1475.0753173828125, 727.72216796875], [1760.4010009765625, 409.8074035644531, 1850.0908203125, 661.4898681640625], [1159.644775390625, 378.2309875488281, 1274.6021728515625, 747.2930908203125], [1604.732421875, 426.2096252441406, 1693.0941162109375, 685.5721435546875], [24.185279846191406, 498.9492492675781, 110.8067626953125, 749.4930419921875], [1674.4056396484375, 405.4314270019531, 1763.9395751953125, 737.535888671875]]","[0.75439453125, 0.7666015625, 0.5712890625, 0.7021484375, 0.5419921875, 0.414306640625, 0.4931640625]","[[1528.84033203125, 738.5445556640625], [1415.6702270507812, 727.72216796875], [1805.2459106445312, 661.4898681640625], [1217.1234741210938, 747.2930908203125], [1648.9132690429688, 685.5721435546875], [67.49602127075195, 749.4930419921875], [1719.172607421875, 737.535888671875]]",424689664,410255360,424689664,640,yolo26n_int8_640_ncnn_model,MOT17-09
348,81.10180199992101,0.0,7,"[190, 213, 127, 315, 329, 286, 323]","[[1463.421630859375, 388.96051025390625, 1600.4249267578125, 736.2040405273438], [1359.1605224609375, 376.8496398925781, 1477.571533203125, 725.6073608398438], [1762.494873046875, 410.2764892578125, 1851.408203125, 660.7885131835938], [1155.9937744140625, 375.0763854980469, 1272.0738525390625, 746.4160766601562], [1607.179443359375, 425.827880859375, 1693.4716796875, 678.8829345703125], [23.60898208618164, 491.31243896484375, 113.31066131591797, 749.0264892578125], [1675.8720703125, 402.78900146484375, 1765.9969482421875, 739.1043701171875]]","[0.736328125, 0.77099609375, 0.490966796875, 0.71337890625, 0.53515625, 0.489501953125, 0.533203125]","[[1531.9232788085938, 736.2040405273438], [1418.3660278320312, 725.6073608398438], [1806.9515380859375, 660.7885131835938], [1214.0338134765625, 746.4160766601562], [1650.3255615234375, 678.8829345703125], [68.4598217010498, 749.0264892578125], [1720.9345092773438, 739.1043701171875]]",424689664,410255360,424689664,640,yolo26n_int8_640_ncnn_model,MOT17-09
349,109.49020599991854,0.0,8,"[190, 213, 127, 315, 329, 286, 323, 270]","[[1466.67138671875, 392.4454040527344, 1601.3870849609375, 730.8507690429688], [1361.5780029296875, 375.42877197265625, 1479.8287353515625, 725.579345703125], [1763.5968017578125, 410.1827392578125, 1851.3043212890625, 658.8062133789062], [1153.806884765625, 374.15142822265625, 1270.9703369140625, 747.7445068359375], [1612.9072265625, 429.47088623046875, 1696.843994140625, 674.7793579101562], [25.487424850463867, 491.89422607421875, 115.81044006347656, 751.3150024414062], [1678.936767578125, 403.7823181152344, 1768.2396240234375, 737.7106323242188], [125.14157104492188, 550.0996704101562, 197.44407653808594, 741.4341430664062]]","[0.73681640625, 0.76318359375, 0.456787109375, 0.72509765625, 0.479736328125, 0.465087890625, 0.47900390625, 0.288330078125]","[[1534.0292358398438, 730.8507690429688], [1420.703369140625, 725.579345703125], [1807.4505615234375, 658.8062133789062], [1212.3886108398438, 747.7445068359375], [1654.8756103515625, 674.7793579101562], [70.64893245697021, 751.3150024414062], [1723.5881958007812, 737.7106323242188], [161.2928237915039, 741.4341430664062]]",424689664,410255360,424689664,640,yolo26n_int8_640_ncnn_model,MOT17-09
350,81.11111700009133,0.0,8,"[190, 213, 127, 315, 329, 286, 323, 270]","[[1470.9453125, 395.1820068359375, 1604.629638671875, 729.4058227539062], [1366.505126953125, 377.6366271972656, 1483.287109375, 724.8567504882812], [1767.9725341796875, 403.6410827636719, 1855.020263671875, 654.5970458984375], [1150.9097900390625, 371.6279602050781, 1268.7484130859375, 748.4486083984375], [1617.212890625, 426.5274658203125, 1701.8065185546875, 673.41259765625], [26.348909378051758, 487.93743896484375, 116.72914123535156, 748.5009765625], [1681.701416015625, 398.2859191894531, 1771.472412109375, 735.1575927734375], [124.45148468017578, 549.689208984375, 197.59547424316406, 740.14697265625]]","[0.724609375, 0.73876953125, 0.46044921875, 0.69873046875, 0.53564453125, 0.45556640625, 0.5224609375, 0.295654296875]","[[1537.7874755859375, 729.4058227539062], [1424.8961181640625, 724.8567504882812], [1811.4963989257812, 654.5970458984375], [1209.8291015625, 748.4486083984375], [1659.5097045898438, 673.41259765625], [71.53902530670166, 748.5009765625], [1726.5869140625, 735.1575927734375], [161.02347946166992, 740.14697265625]]",424689664,410255360,424689664,640,yolo26n_int8_640_ncnn_model,MOT17-09
351,81.3985990000674,0.0,8,"[190, 213, 127, 315, 329, 286, 323, 270]","[[1471.9813232421875, 396.3675537109375, 1606.25, 731.6957397460938], [1370.9632568359375, 381.7305603027344, 1485.650634765625, 724.365966796875], [1769.458984375, 408.38775634765625, 1852.37451171875, 651.8206176757812], [1149.7474365234375, 370.46063232421875, 1268.031982421875, 749.8975830078125], [1619.322265625, 424.1423034667969, 1704.850830078125, 673.2593383789062], [27.840347290039062, 491.1351623535156, 117.83924102783203, 752.6144409179688], [1683.1417236328125, 395.5151672363281, 1772.2703857421875, 729.9905395507812], [123.2994384765625, 551.5721435546875, 197.1850128173828, 741.742431640625]]","[0.7451171875, 0.7314453125, 0.388671875, 0.70263671875, 0.52880859375, 0.4375, 0.4384765625, 0.257568359375]","[[1539.1156616210938, 731.6957397460938], [1428.3069458007812, 724.365966796875], [1810.916748046875, 651.8206176757812], [1208.8897094726562, 749.8975830078125], [1662.0865478515625, 673.2593383789062], [72.83979415893555, 752.6144409179688], [1727.7060546875, 729.9905395507812], [160.24222564697266, 741.742431640625]]",424689664,410255360,424689664,640,yolo26n_int8_640_ncnn_model,MOT17-09
352,81.31289500011007,0.0,7,"[190, 213, 127, 315, 329, 286, 323]","[[1475.75, 395.73760986328125, 1611.3502197265625, 731.5833740234375], [1376.3658447265625, 387.2720031738281, 1487.471923828125, 723.2147216796875], [1772.983154296875, 406.6933288574219, 1858.1416015625, 660.3760375976562], [1144.0294189453125, 369.8149108886719, 1263.2933349609375, 751.6326293945312], [1621.869140625, 421.19189453125, 1708.012939453125, 671.2708740234375], [28.434349060058594, 490.64080810546875, 117.30868530273438, 748.99609375], [1692.3292236328125, 396.7496337890625, 1779.7314453125, 717.857177734375]]","[0.6943359375, 0.701171875, 0.312744140625, 0.7333984375, 0.5732421875, 0.461669921875, 0.45263671875]","[[1543.5501098632812, 731.5833740234375], [1431.9188842773438, 723.2147216796875], [1815.5623779296875, 660.3760375976562], [1203.661376953125, 751.6326293945312], [1664.9410400390625, 671.2708740234375], [72.87151718139648, 748.99609375], [1736.0303344726562, 717.857177734375]]",424689664,410255360,424689664,640,yolo26n_int8_640_ncnn_model,MOT17-09
353,81.54259899993122,0.0,8,"[190, 213, 127, 315, 329, 286, 323, 270]","[[1475.4183349609375, 395.4325256347656, 1610.8770751953125, 731.5775756835938], [1381.95654296875, 392.8444519042969, 1489.26171875, 719.3080444335938], [1778.1441650390625, 416.1343994140625, 1862.1407470703125, 667.1690063476562], [1137.12939453125, 373.5443420410156, 1256.46240234375, 752.2476806640625], [1622.9129638671875, 421.81640625, 1708.8619384765625, 669.8593139648438], [28.245683670043945, 491.20758056640625, 117.76262664794922, 751.8341064453125], [1698.758056640625, 396.5519714355469, 1787.6259765625, 716.0137329101562], [120.28469848632812, 546.3924560546875, 198.04380798339844, 746.0700073242188]]","[0.71923828125, 0.7421875, 0.28515625, 0.67724609375, 0.5087890625, 0.4501953125, 0.478515625, 0.28662109375]","[[1543.147705078125, 731.5775756835938], [1435.609130859375, 719.3080444335938], [1820.1424560546875, 667.1690063476562], [1196.7958984375, 752.2476806640625], [1665.887451171875, 669.8593139648438], [73.00415515899658, 751.8341064453125], [1743.1920166015625, 716.0137329101562], [159.16425323486328, 746.0700073242188]]",424689664,410255360,424689664,640,yolo26n_int8_640_ncnn_model,MOT17-09
354,81.6798389998894,0.0,9,"[190, 213, 127, 315, 329, 286, 323, 270, 242]","[[1480.437255859375, 395.2596435546875, 1615.38427734375, 731.6076049804688], [1384.9891357421875, 395.8916931152344, 1489.6376953125, 714.865234375], [1781.056884765625, 420.2908020019531, 1864.469482421875, 669.3160400390625], [1136.6966552734375, 369.3356018066406, 1257.703125, 754.157958984375], [1627.5369873046875, 420.5169982910156, 1714.77099609375, 670.9284057617188], [27.9907169342041, 486.9825744628906, 118.0498046875, 749.4412841796875], [1710.3131103515625, 399.2646789550781, 1801.166748046875, 715.6373291015625], [120.05660247802734, 543.34423828125, 197.9370880126953, 743.8036499023438], [1618.2745361328125, 423.33575439453125, 1694.1947021484375, 685.8506469726562]]","[0.7109375, 0.75439453125, 0.306396484375, 0.734375, 0.443603515625, 0.465087890625, 0.53759765625, 0.302978515625, 0.32080078125]","[[1547.9107666015625, 731.6076049804688], [1437.3134155273438, 714.865234375], [1822.76318359375, 669.3160400390625], [1197.1998901367188, 754.157958984375], [1671.1539916992188, 670.9284057617188], [73.02026081085205, 749.4412841796875], [1755.7399291992188, 715.6373291015625], [158.99684524536133, 743.8036499023438], [1656.234619140625, 685.8506469726562]]",424689664,410255360,424689664,640,yolo26n_int8_640_ncnn_model,MOT17-09
355,81.127024999887,0.0,8,"[190, 213, 315, 329, 286, 323, 270, 338]","[[1484.0894775390625, 393.1528625488281, 1615.171142578125, 726.6674194335938], [1388.921142578125, 397.71551513671875, 1495.732177734375, 724.6380004882812], [1133.01953125, 369.9838562011719, 1253.9571533203125, 752.630126953125], [1634.044677734375, 423.5160217285156, 1721.951416015625, 675.876220703125], [31.110261917114258, 488.5964660644531, 119.80851745605469, 748.2837524414062], [1715.6116943359375, 401.82635498046875, 1809.07861328125, 718.0576171875], [119.53810119628906, 539.010009765625, 198.71234130859375, 743.183349609375], [1559.349853515625, 400.125, 1635.0501708984375, 697.2750244140625]]","[0.66748046875, 0.73974609375, 0.72998046875, 0.325927734375, 0.409912109375, 0.513671875, 0.33642578125, 0.4794921875]","[[1549.6303100585938, 726.6674194335938], [1442.32666015625, 724.6380004882812], [1193.4883422851562, 752.630126953125], [1677.998046875, 675.876220703125], [75.45938968658447, 748.2837524414062], [1762.3451538085938, 718.0576171875], [159.1252212524414, 743.183349609375], [1597.2000122070312, 697.2750244140625]]",424689664,410255360,424689664,640,yolo26n_int8_640_ncnn_model,MOT17-09
356,81.55282200004876,0.0,7,"[190, 213, 315, 286, 323, 270, 338]","[[1484.9678955078125, 396.5595397949219, 1613.423583984375, 726.5888061523438], [1394.9268798828125, 394.1262512207031, 1500.130615234375, 717.5513916015625], [1131.5067138671875, 365.8319396972656, 1254.7513427734375, 756.43212890625], [30.657859802246094, 490.9750061035156, 119.19456481933594, 751.0762939453125], [1717.5213623046875, 405.795654296875, 1811.8453369140625, 717.0184936523438], [117.19717407226562, 530.52734375, 198.7081298828125, 741.9481811523438], [1565.8076171875, 399.2658996582031, 1640.505126953125, 691.7195434570312]]","[0.67529296875, 0.7265625, 0.7431640625, 0.4697265625, 0.5302734375, 0.3720703125, 0.44677734375]","[[1549.1957397460938, 726.5888061523438], [1447.5287475585938, 717.5513916015625], [1193.1290283203125, 756.43212890625], [74.92621231079102, 751.0762939453125], [1764.683349609375, 717.0184936523438], [157.95265197753906, 741.9481811523438], [1603.1563720703125, 691.7195434570312]]",424689664,410255360,424689664,640,yolo26n_int8_640_ncnn_model,MOT17-09
357,81.81743299996924,0.0,7,"[190, 213, 315, 286, 323, 270, 338]","[[1491.380615234375, 396.2980041503906, 1618.535400390625, 724.1043701171875], [1396.6427001953125, 390.9364318847656, 1502.015869140625, 713.6102905273438], [1130.0733642578125, 358.1754150390625, 1255.0516357421875, 755.1370849609375], [30.193592071533203, 491.13446044921875, 118.74188232421875, 752.8720703125], [1719.7779541015625, 404.3016662597656, 1815.0301513671875, 714.6685180664062], [115.41045379638672, 527.3255615234375, 197.90994262695312, 742.4345092773438], [1570.61279296875, 400.4369201660156, 1644.4576416015625, 688.3564453125]]","[0.7236328125, 0.71728515625, 0.71337890625, 0.41064453125, 0.424560546875, 0.39111328125, 0.297607421875]","[[1554.9580078125, 724.1043701171875], [1449.3292846679688, 713.6102905273438], [1192.5625, 755.1370849609375], [74.46773719787598, 752.8720703125], [1767.404052734375, 714.6685180664062], [156.66019821166992, 742.4345092773438], [1607.5352172851562, 688.3564453125]]",424689664,410255360,424689664,640,yolo26n_int8_640_ncnn_model,MOT17-09
358,81.74917300016205,0.0,7,"[190, 213, 315, 286, 323, 270, 338]","[[1496.760986328125, 400.40789794921875, 1621.3057861328125, 722.9705810546875], [1400.6392822265625, 392.2118835449219, 1505.05322265625, 711.682861328125], [1129.1578369140625, 359.4438781738281, 1254.686767578125, 759.2425537109375], [29.967729568481445, 490.94970703125, 118.482421875, 753.791748046875], [1722.6502685546875, 404.7424621582031, 1821.9051513671875, 725.810302734375], [114.425537109375, 524.6834106445312, 197.78709411621094, 744.0714111328125], [1577.2855224609375, 400.2535705566406, 1651.4737548828125, 685.783203125]]","[0.673828125, 0.6552734375, 0.72509765625, 0.442138671875, 0.452392578125, 0.393310546875, 0.380615234375]","[[1559.0333862304688, 722.9705810546875], [1452.8462524414062, 711.682861328125], [1191.9223022460938, 759.2425537109375], [74.22507572174072, 753.791748046875], [1772.2777099609375, 725.810302734375], [156.10631561279297, 744.0714111328125], [1614.379638671875, 685.783203125]]",424689664,410255360,424689664,640,yolo26n_int8_640_ncnn_model,MOT17-09
359,81.51339599999119,0.0,7,"[190, 213, 315, 286, 323, 270, 338]","[[1499.7073974609375, 400.3972473144531, 1623.22705078125, 721.0926513671875], [1402.724609375, 396.1714782714844, 1506.2957763671875, 711.5159301757812], [1127.1436767578125, 361.22979736328125, 1252.4168701171875, 760.534912109375], [29.730758666992188, 496.069091796875, 116.67092895507812, 753.8824462890625], [1724.69091796875, 404.9071044921875, 1825.263427734375, 729.9567260742188], [114.49321746826172, 521.53857421875, 198.04696655273438, 744.9321899414062], [1578.6243896484375, 397.9951171875, 1656.3570556640625, 693.8607177734375]]","[0.69140625, 0.6630859375, 0.70654296875, 0.478515625, 0.447265625, 0.429443359375, 0.3564453125]","[[1561.4672241210938, 721.0926513671875], [1454.5101928710938, 711.5159301757812], [1189.7802734375, 760.534912109375], [73.20084381103516, 753.8824462890625], [1774.9771728515625, 729.9567260742188], [156.27009201049805, 744.9321899414062], [1617.49072265625, 693.8607177734375]]",424689664,410255360,424689664,640,yolo26n_int8_640_ncnn_model,MOT17-09
360,81.69343300005494,0.0,8,"[190, 213, 315, 286, 323, 270, 338, 329]","[[1502.8367919921875, 403.84906005859375, 1623.7239990234375, 717.9406127929688], [1411.3704833984375, 393.8643493652344, 1515.629638671875, 708.2523193359375], [1121.854248046875, 362.2204895019531, 1248.3155517578125, 763.6842041015625], [30.515371322631836, 489.0455017089844, 119.14701843261719, 750.9093627929688], [1729.8990478515625, 400.53936767578125, 1831.6837158203125, 729.0769653320312], [114.27922821044922, 523.5531005859375, 195.8594512939453, 745.0037231445312], [1583.1441650390625, 396.7158203125, 1659.9136962890625, 684.6238403320312], [1659.2152099609375, 435.42242431640625, 1736.2191162109375, 648.926513671875]]","[0.70947265625, 0.6142578125, 0.7138671875, 0.339599609375, 0.459716796875, 0.462158203125, 0.333740234375, 0.28125]","[[1563.2803955078125, 717.9406127929688], [1463.5000610351562, 708.2523193359375], [1185.0848999023438, 763.6842041015625], [74.83119487762451, 750.9093627929688], [1780.7913818359375, 729.0769653320312], [155.06933975219727, 745.0037231445312], [1621.5289306640625, 684.6238403320312], [1697.7171630859375, 648.926513671875]]",424689664,410255360,424689664,640,yolo26n_int8_640_ncnn_model,MOT17-09
361,80.98921000009796,0.0,7,"[190, 213, 315, 286, 323, 270, 338]","[[1505.348388671875, 404.0800476074219, 1624.368896484375, 713.8009033203125], [1416.11279296875, 401.9703063964844, 1520.2847900390625, 710.0879516601562], [1117.593017578125, 365.0968017578125, 1245.1993408203125, 766.30615234375], [27.267902374267578, 494.8229064941406, 116.07659149169922, 757.201904296875], [1726.8304443359375, 400.10711669921875, 1829.0777587890625, 732.4073486328125], [112.87225341796875, 516.5647583007812, 198.0806884765625, 753.8516235351562], [1588.0238037109375, 397.853759765625, 1663.747802734375, 677.5757446289062]]","[0.677734375, 0.6474609375, 0.77978515625, 0.29345703125, 0.4697265625, 0.4287109375, 0.395751953125]","[[1564.858642578125, 713.8009033203125], [1468.1987915039062, 710.0879516601562], [1181.3961791992188, 766.30615234375], [71.6722469329834, 757.201904296875], [1777.9541015625, 732.4073486328125], [155.47647094726562, 753.8516235351562], [1625.8858032226562, 677.5757446289062]]",424689664,410255360,424689664,640,yolo26n_int8_640_ncnn_model,MOT17-09
362,81.82789500006038,0.0,8,"[190, 213, 315, 323, 270, 338, 346, 329]","[[1510.8729248046875, 405.36810302734375, 1627.875244140625, 709.0661010742188], [1420.0806884765625, 400.4548034667969, 1525.50146484375, 708.3275146484375], [1117.002685546875, 368.6954345703125, 1245.1021728515625, 768.7251586914062], [1732.044921875, 395.7818908691406, 1833.2357177734375, 724.0709838867188], [113.52912139892578, 519.2413330078125, 194.2674102783203, 746.13916015625], [1592.4239501953125, 398.810791015625, 1668.286865234375, 674.6542358398438], [9.053193092346191, 483.8999938964844, 162.62181091308594, 981.5999755859375], [1660.6025390625, 429.563720703125, 1745.2633056640625, 660.5724487304688]]","[0.60009765625, 0.55908203125, 0.74951171875, 0.3935546875, 0.3779296875, 0.4052734375, 0.4580078125, 0.30908203125]","[[1569.3740844726562, 709.0661010742188], [1472.7910766601562, 708.3275146484375], [1181.0524291992188, 768.7251586914062], [1782.6403198242188, 724.0709838867188], [153.89826583862305, 746.13916015625], [1630.3554077148438, 674.6542358398438], [85.83750200271606, 981.5999755859375], [1702.9329223632812, 660.5724487304688]]",424689664,410255360,424689664,640,yolo26n_int8_640_ncnn_model,MOT17-09
363,81.32680300013817,0.0,7,"[190, 213, 315, 323, 270, 346, 329]","[[1514.24951171875, 407.8081359863281, 1633.7012939453125, 719.49853515625], [1421.3807373046875, 401.84942626953125, 1527.2933349609375, 709.7173461914062], [1117.5123291015625, 368.84832763671875, 1246.47216796875, 770.8150634765625], [1737.49853515625, 393.648681640625, 1841.0177001953125, 728.2730102539062], [114.97501373291016, 520.7294311523438, 195.296142578125, 750.5847778320312], [5.103229999542236, 456.13525390625, 167.6486053466797, 982.5895385742188], [1657.22705078125, 427.45770263671875, 1748.3707275390625, 673.6868896484375]]","[0.6015625, 0.55615234375, 0.72509765625, 0.548828125, 0.319580078125, 0.459716796875, 0.41943359375]","[[1573.9754028320312, 719.49853515625], [1474.3370361328125, 709.7173461914062], [1181.9922485351562, 770.8150634765625], [1789.2581176757812, 728.2730102539062], [155.13557815551758, 750.5847778320312], [86.37591767311096, 982.5895385742188], [1702.7988891601562, 673.6868896484375]]",424689664,410255360,424689664,640,yolo26n_int8_640_ncnn_model,MOT17-09
364,81.82745099998101,0.0,9,"[190, 213, 315, 323, 270, 346, 329, 349, 338]","[[1521.485107421875, 405.44091796875, 1639.5997314453125, 713.6675415039062], [1423.5137939453125, 398.5856628417969, 1529.9869384765625, 708.0333251953125], [1117.648193359375, 368.9108581542969, 1247.18212890625, 771.5435791015625], [1737.3704833984375, 392.8770446777344, 1841.977783203125, 734.7518310546875], [115.80433654785156, 519.360595703125, 193.07699584960938, 742.4269409179688], [10.358769416809082, 470.4752197265625, 170.13658142089844, 986.611328125], [1659.2374267578125, 423.5587463378906, 1750.0205078125, 668.1591186523438], [0.9454101324081421, 207.3000030517578, 179.91708374023438, 977.0999755859375], [1594.801025390625, 397.4423828125, 1671.8262939453125, 674.0841064453125]]","[0.6337890625, 0.57763671875, 0.73876953125, 0.51708984375, 0.266845703125, 0.453857421875, 0.423583984375, 0.5224609375, 0.343017578125]","[[1580.5424194335938, 713.6675415039062], [1476.7503662109375, 708.0333251953125], [1182.4151611328125, 771.5435791015625], [1789.6741333007812, 734.7518310546875], [154.44066619873047, 742.4269409179688], [90.24767541885376, 986.611328125], [1704.6289672851562, 668.1591186523438], [90.43124693632126, 977.0999755859375], [1633.3136596679688, 674.0841064453125]]",424689664,410255360,424689664,640,yolo26n_int8_640_ncnn_model,MOT17-09
365,93.33832000015718,0.0,8,"[190, 213, 315, 323, 329, 349, 352, 338]","[[1527.3797607421875, 403.47125244140625, 1644.4468994140625, 710.4761962890625], [1431.6534423828125, 406.0314025878906, 1535.302001953125, 706.6908569335938], [1116.413330078125, 367.9516906738281, 1246.8890380859375, 771.7534790039062], [1740.0516357421875, 392.1272277832031, 1845.24462890625, 733.7867431640625], [1661.3118896484375, 427.73883056640625, 1753.013916015625, 675.8921508789062], [2.163496971130371, 225.9156951904297, 176.1670379638672, 973.90625], [1729.057373046875, 387.75, 1820.5426025390625, 740.25], [1598.41357421875, 395.99542236328125, 1676.7935791015625, 673.3839721679688]]","[0.64794921875, 0.6455078125, 0.76513671875, 0.339599609375, 0.47314453125, 0.63037109375, 0.364501953125, 0.46875]","[[1585.913330078125, 710.4761962890625], [1483.4777221679688, 706.6908569335938], [1181.6511840820312, 771.7534790039062], [1792.6481323242188, 733.7867431640625], [1707.1629028320312, 675.8921508789062], [89.16526746749878, 973.90625], [1774.7999877929688, 740.25], [1637.6035766601562, 673.3839721679688]]",424689664,410255360,424689664,640,yolo26n_int8_640_ncnn_model,MOT17-09
366,82.23978399996668,0.0,9,"[190, 213, 315, 329, 349, 352, 338, 353, 354]","[[1532.80810546875, 402.7036437988281, 1650.7598876953125, 712.3336181640625], [1438.9127197265625, 397.99658203125, 1542.8330078125, 700.945068359375], [1114.9898681640625, 364.8777770996094, 1246.85205078125, 771.5254516601562], [1663.837158203125, 421.3120422363281, 1756.14453125, 670.2173461914062], [0.07509318739175797, 224.79605102539062, 174.6694793701172, 975.490478515625], [1729.63134765625, 386.5938415527344, 1821.818603515625, 741.4061889648438], [1602.4500732421875, 396.5243835449219, 1679.645263671875, 665.1136474609375], [5.515421390533447, 225.1875, 111.91582489013672, 907.9124755859375], [1800.5772705078125, 400.20001220703125, 1883.4227294921875, 719.4000244140625]]","[0.68310546875, 0.69140625, 0.75927734375, 0.32958984375, 0.705078125, 0.403564453125, 0.481689453125, 0.404541015625, 0.3642578125]","[[1591.7839965820312, 712.3336181640625], [1490.8728637695312, 700.945068359375], [1180.9209594726562, 771.5254516601562], [1709.9908447265625, 670.2173461914062], [87.37228627875447, 975.490478515625], [1775.7249755859375, 741.4061889648438], [1641.0476684570312, 665.1136474609375], [58.71562314033508, 907.9124755859375], [1842.0, 719.4000244140625]]",424689664,410255360,424689664,640,yolo26n_int8_640_ncnn_model,MOT17-09
367,84.41515499998786,0.0,7,"[190, 213, 315, 329, 349, 338, 323]","[[1542.6744384765625, 398.9215087890625, 1660.9127197265625, 707.6093139648438], [1443.8841552734375, 394.0328063964844, 1548.0, 697.8839111328125], [1112.6314697265625, 361.5039367675781, 1246.7835693359375, 771.63232421875], [1669.7330322265625, 420.5997009277344, 1760.0572509765625, 665.2437744140625], [2.128978729248047, 223.7315216064453, 177.65872192382812, 977.4522705078125], [1607.1103515625, 396.7965393066406, 1683.291748046875, 658.0050048828125], [1766.81005859375, 393.4414978027344, 1876.982666015625, 736.3356323242188]]","[0.7421875, 0.65625, 0.78271484375, 0.417236328125, 0.79736328125, 0.398681640625, 0.65966796875]","[[1601.7935791015625, 707.6093139648438], [1495.9420776367188, 697.8839111328125], [1179.70751953125, 771.63232421875], [1714.8951416015625, 665.2437744140625], [89.89385032653809, 977.4522705078125], [1645.2010498046875, 658.0050048828125], [1821.8963623046875, 736.3356323242188]]",424689664,410255360,424689664,640,yolo26n_int8_640_ncnn_model,MOT17-09
368,81.60319199987498,0.0,7,"[190, 213, 315, 329, 349, 338, 323]","[[1547.6639404296875, 396.2328186035156, 1667.1470947265625, 706.121826171875], [1445.7000732421875, 391.7906494140625, 1550.6390380859375, 696.547607421875], [1110.55078125, 355.8121032714844, 1247.05126953125, 771.1337280273438], [1677.010498046875, 419.6594543457031, 1768.1845703125, 665.0015869140625], [11.523229598999023, 222.47483825683594, 188.13638305664062, 976.6079711914062], [1611.341796875, 394.9158935546875, 1687.89013671875, 655.4856567382812], [1773.86376953125, 392.4328918457031, 1888.4840087890625, 736.2249145507812]]","[0.73095703125, 0.62646484375, 0.72314453125, 0.4658203125, 0.81591796875, 0.34228515625, 0.53466796875]","[[1607.405517578125, 706.121826171875], [1498.1695556640625, 696.547607421875], [1178.801025390625, 771.1337280273438], [1722.5975341796875, 665.0015869140625], [99.82980632781982, 976.6079711914062], [1649.615966796875, 655.4856567382812], [1831.1738891601562, 736.2249145507812]]",424689664,410255360,424689664,640,yolo26n_int8_640_ncnn_model,MOT17-09
369,81.1657849999392,0.0,7,"[190, 213, 315, 329, 349, 338, 323]","[[1549.191162109375, 398.2073974609375, 1669.4976806640625, 706.6119384765625], [1450.1192626953125, 393.69012451171875, 1555.501220703125, 696.3599243164062], [1108.0677490234375, 353.1866149902344, 1245.9884033203125, 771.394287109375], [1678.9979248046875, 421.3313903808594, 1767.833740234375, 660.9420166015625], [31.447511672973633, 214.2230682373047, 214.06446838378906, 989.2778930664062], [1611.445556640625, 392.50634765625, 1694.771484375, 678.563720703125], [1778.203125, 392.5688171386719, 1896.49951171875, 735.6890869140625]]","[0.6650390625, 0.599609375, 0.7578125, 0.427734375, 0.7724609375, 0.306640625, 0.548828125]","[[1609.3444213867188, 706.6119384765625], [1502.8102416992188, 696.3599243164062], [1177.028076171875, 771.394287109375], [1723.4158325195312, 660.9420166015625], [122.75599002838135, 989.2778930664062], [1653.1085205078125, 678.563720703125], [1837.351318359375, 735.6890869140625]]",424689664,410255360,424689664,640,yolo26n_int8_640_ncnn_model,MOT17-09
370,80.94056300001284,0.0,6,"[190, 213, 315, 329, 349, 323]","[[1553.2955322265625, 402.1976318359375, 1672.4591064453125, 705.6121826171875], [1452.746337890625, 393.176513671875, 1560.0057373046875, 696.607421875], [1104.1861572265625, 349.03802490234375, 1244.67626953125, 773.6680908203125], [1684.0396728515625, 423.7868957519531, 1771.05859375, 658.6119995117188], [68.16712951660156, 207.41482543945312, 256.9149169921875, 984.2084350585938], [1776.7845458984375, 392.3714294433594, 1900.16015625, 742.6621704101562]]","[0.7001953125, 0.638671875, 0.75537109375, 0.458251953125, 0.8173828125, 0.6337890625]","[[1612.8773193359375, 705.6121826171875], [1506.3760375976562, 696.607421875], [1174.4312133789062, 773.6680908203125], [1727.5491333007812, 658.6119995117188], [162.54102325439453, 984.2084350585938], [1838.4723510742188, 742.6621704101562]]",424689664,410255360,424689664,640,yolo26n_int8_640_ncnn_model,MOT17-09
371,80.6156920000376,0.0,6,"[190, 213, 315, 329, 349, 323]","[[1557.319580078125, 405.6991882324219, 1676.727783203125, 706.2910766601562], [1457.5926513671875, 394.4812927246094, 1565.463623046875, 695.2623901367188], [1099.633544921875, 346.2856750488281, 1242.44287109375, 774.7459716796875], [1682.812744140625, 433.4984436035156, 1767.1192626953125, 663.983154296875], [101.72687530517578, 215.75479125976562, 296.4808044433594, 978.499755859375], [1774.006103515625, 391.8056945800781, 1899.513427734375, 740.853759765625]]","[0.6640625, 0.576171875, 0.7431640625, 0.427734375, 0.6865234375, 0.43310546875]","[[1617.023681640625, 706.2910766601562], [1511.5281372070312, 695.2623901367188], [1171.0382080078125, 774.7459716796875], [1724.9660034179688, 663.983154296875], [199.10383987426758, 978.499755859375], [1836.759765625, 740.853759765625]]",424689664,410255360,424689664,640,yolo26n_int8_640_ncnn_model,MOT17-09
372,80.9633589999521,0.0,6,"[190, 213, 315, 329, 349, 323]","[[1563.7398681640625, 406.48260498046875, 1683.06689453125, 705.0892944335938], [1461.451904296875, 397.72283935546875, 1570.12060546875, 695.0597534179688], [1093.0220947265625, 345.0506286621094, 1238.71337890625, 778.307373046875], [1683.53466796875, 430.3858642578125, 1768.2105712890625, 667.7430419921875], [134.6690673828125, 230.14776611328125, 339.8785705566406, 976.319580078125], [1767.893798828125, 387.140625, 1893.964599609375, 742.5977172851562]]","[0.6298828125, 0.58740234375, 0.79541015625, 0.369873046875, 0.83203125, 0.33251953125]","[[1623.4033813476562, 705.0892944335938], [1515.7862548828125, 695.0597534179688], [1165.8677368164062, 778.307373046875], [1725.8726196289062, 667.7430419921875], [237.27381896972656, 976.319580078125], [1830.92919921875, 742.5977172851562]]",424689664,410255360,424689664,640,yolo26n_int8_640_ncnn_model,MOT17-09
373,80.64537700010987,0.0,6,"[190, 213, 315, 329, 349, 323]","[[1571.533447265625, 406.2459411621094, 1689.6903076171875, 702.1834716796875], [1465.0150146484375, 406.67999267578125, 1574.39111328125, 698.2844848632812], [1089.6689453125, 348.5643310546875, 1236.2752685546875, 779.6288452148438], [1690.485107421875, 427.2659606933594, 1775.582763671875, 667.1425170898438], [145.32652282714844, 244.9716033935547, 362.2592468261719, 976.1495971679688], [1771.8018798828125, 388.3346862792969, 1895.2158203125, 741.275390625]]","[0.61669921875, 0.5625, 0.78466796875, 0.3349609375, 0.84326171875, 0.288330078125]","[[1630.6118774414062, 702.1834716796875], [1519.7030639648438, 698.2844848632812], [1162.9721069335938, 779.6288452148438], [1733.033935546875, 667.1425170898438], [253.79288482666016, 976.1495971679688], [1833.5088500976562, 741.275390625]]",424689664,410255360,424689664,640,yolo26n_int8_640_ncnn_model,MOT17-09
374,81.25076600003922,0.0,7,"[190, 213, 315, 329, 349, 323, 286]","[[1578.13037109375, 401.3771057128906, 1698.1175537109375, 703.892333984375], [1466.3951416015625, 411.7630615234375, 1576.572021484375, 698.7847900390625], [1086.0155029296875, 354.91717529296875, 1233.9268798828125, 785.0112915039062], [1693.1829833984375, 424.5904541015625, 1778.17578125, 664.4121704101562], [149.4647979736328, 246.8361358642578, 379.4089660644531, 969.3433227539062], [1784.598388671875, 390.30029296875, 1907.8291015625, 742.2239990234375], [29.786165237426758, 497.3267517089844, 117.40995025634766, 756.8901977539062]]","[0.65234375, 0.64208984375, 0.79638671875, 0.36279296875, 0.8388671875, 0.29248046875, 0.37548828125]","[[1638.1239624023438, 703.892333984375], [1521.4835815429688, 698.7847900390625], [1159.97119140625, 785.0112915039062], [1735.6793823242188, 664.4121704101562], [264.43688201904297, 969.3433227539062], [1846.2137451171875, 742.2239990234375], [73.5980577468872, 756.8901977539062]]",424689664,410255360,424689664,640,yolo26n_int8_640_ncnn_model,MOT17-09
375,80.66797000014958,0.0,7,"[190, 213, 315, 329, 349, 323, 286]","[[1585.07275390625, 401.541015625, 1704.3577880859375, 704.5567626953125], [1468.247802734375, 416.35174560546875, 1578.714111328125, 698.2432861328125], [1082.2781982421875, 355.641357421875, 1231.5970458984375, 789.7151489257812], [1693.427734375, 429.2715148925781, 1777.7264404296875, 667.5458984375], [153.3084716796875, 256.226806640625, 393.4424133300781, 964.081298828125], [1789.1719970703125, 387.34332275390625, 1912.5806884765625, 742.3189697265625], [29.394392013549805, 499.9610900878906, 115.23897552490234, 753.157470703125]]","[0.677734375, 0.62841796875, 0.78759765625, 0.348876953125, 0.85888671875, 0.341552734375, 0.313720703125]","[[1644.7152709960938, 704.5567626953125], [1523.48095703125, 698.2432861328125], [1156.9376220703125, 789.7151489257812], [1735.5770874023438, 667.5458984375], [273.3754425048828, 964.081298828125], [1850.8763427734375, 742.3189697265625], [72.31668376922607, 753.157470703125]]",424689664,410255360,424689664,640,yolo26n_int8_640_ncnn_model,MOT17-09
376,81.02521100022386,0.0,6,"[190, 213, 315, 329, 349, 323]","[[1591.089599609375, 402.0992126464844, 1708.8848876953125, 704.3519897460938], [1472.0203857421875, 417.97662353515625, 1584.146484375, 699.0724487304688], [1077.9576416015625, 357.40460205078125, 1227.8719482421875, 791.923828125], [1693.8204345703125, 435.2851257324219, 1777.0191650390625, 670.4562377929688], [161.2437286376953, 260.9097900390625, 411.7982482910156, 962.8276977539062], [1793.2354736328125, 378.5957336425781, 1919.6162109375, 746.0360107421875]]","[0.669921875, 0.63818359375, 0.7919921875, 0.390869140625, 0.8388671875, 0.478515625]","[[1649.9872436523438, 704.3519897460938], [1528.0834350585938, 699.0724487304688], [1152.914794921875, 791.923828125], [1735.4197998046875, 670.4562377929688], [286.52098846435547, 962.8276977539062], [1856.4258422851562, 746.0360107421875]]",424689664,410255360,424689664,640,yolo26n_int8_640_ncnn_model,MOT17-09
377,84.24922899985177,0.0,9,"[190, 213, 315, 329, 349, 323, 354, 338, 286]","[[1597.027099609375, 400.8188171386719, 1714.45751953125, 701.8203735351562], [1477.8648681640625, 418.75067138671875, 1590.4345703125, 696.1400756835938], [1068.346435546875, 353.1596984863281, 1220.7872314453125, 793.6722412109375], [1699.259033203125, 437.80224609375, 1779.215087890625, 667.2950439453125], [180.0288848876953, 256.2537841796875, 437.95367431640625, 957.5053100585938], [1816.1224365234375, 477.90032958984375, 1912.3699951171875, 748.15478515625], [1816.2762451171875, 382.2095947265625, 1879.6676025390625, 620.3408813476562], [1646.3719482421875, 400.6897277832031, 1725.3096923828125, 672.9642944335938], [25.20309066772461, 500.901123046875, 111.95901489257812, 754.1693115234375]]","[0.65087890625, 0.6376953125, 0.80078125, 0.263671875, 0.74951171875, 0.52294921875, 0.372314453125, 0.269775390625, 0.295654296875]","[[1655.7423095703125, 701.8203735351562], [1534.1497192382812, 696.1400756835938], [1144.5668334960938, 793.6722412109375], [1739.237060546875, 667.2950439453125], [308.9912796020508, 957.5053100585938], [1864.2462158203125, 748.15478515625], [1847.971923828125, 620.3408813476562], [1685.8408203125, 672.9642944335938], [68.58105278015137, 754.1693115234375]]",424689664,410255360,424689664,640,yolo26n_int8_640_ncnn_model,MOT17-09
378,82.7323589999196,0.0,8,"[190, 213, 315, 329, 349, 323, 354, 338]","[[1596.8463134765625, 401.0807189941406, 1716.569580078125, 709.09814453125], [1483.6910400390625, 414.9340515136719, 1595.834228515625, 691.0454711914062], [1057.2801513671875, 347.9997863769531, 1213.9222412109375, 797.8245239257812], [1701.21630859375, 425.936279296875, 1783.931884765625, 664.8165283203125], [199.31179809570312, 257.39019775390625, 456.0748291015625, 942.5377197265625], [1825.9981689453125, 513.2622680664062, 1912.0789794921875, 749.4834594726562], [1816.6778564453125, 380.0404968261719, 1884.2357177734375, 629.2628784179688], [1649.9447021484375, 400.467529296875, 1728.510986328125, 677.66943359375]]","[0.6806640625, 0.68505859375, 0.8125, 0.38720703125, 0.8154296875, 0.5439453125, 0.408935546875, 0.322265625]","[[1656.7079467773438, 709.09814453125], [1539.7626342773438, 691.0454711914062], [1135.6011962890625, 797.8245239257812], [1742.5740966796875, 664.8165283203125], [327.6933135986328, 942.5377197265625], [1869.03857421875, 749.4834594726562], [1850.456787109375, 629.2628784179688], [1689.2278442382812, 677.66943359375]]",424689664,410255360,424689664,640,yolo26n_int8_640_ncnn_model,MOT17-09
379,81.38921099998697,0.0,10,"[190, 213, 315, 329, 349, 323, 354, 338, 366, 270]","[[1598.100341796875, 396.0154724121094, 1717.7073974609375, 706.1724853515625], [1484.2059326171875, 411.7038879394531, 1597.1524658203125, 689.943603515625], [1051.761474609375, 345.4418640136719, 1210.859375, 798.9725341796875], [1708.1983642578125, 419.8871154785156, 1791.052490234375, 660.7222290039062], [228.19244384765625, 255.12449645996094, 477.4725646972656, 921.364501953125], [1845.31298828125, 522.7872314453125, 1920.0, 750.3978271484375], [1820.341796875, 383.5212097167969, 1885.924072265625, 620.3363037109375], [1654.329345703125, 401.9086608886719, 1730.41650390625, 673.6311645507812], [1773.7862548828125, 443.7749938964844, 1834.61376953125, 644.625], [112.52177429199219, 528.8021240234375, 186.3593292236328, 742.7140502929688]]","[0.62646484375, 0.59765625, 0.81005859375, 0.288818359375, 0.67333984375, 0.360107421875, 0.306884765625, 0.365966796875, 0.3515625, 0.310302734375]","[[1657.9038696289062, 706.1724853515625], [1540.67919921875, 689.943603515625], [1131.3104248046875, 798.9725341796875], [1749.6254272460938, 660.7222290039062], [352.83250427246094, 921.364501953125], [1882.656494140625, 750.3978271484375], [1853.1329345703125, 620.3363037109375], [1692.3729248046875, 673.6311645507812], [1804.2000122070312, 644.625], [149.4405517578125, 742.7140502929688]]",424689664,410255360,424689664,640,yolo26n_int8_640_ncnn_model,MOT17-09
380,114.87720699983583,0.0,9,"[190, 213, 315, 329, 349, 323, 338, 366, 270]","[[1601.0809326171875, 396.05340576171875, 1719.2030029296875, 705.0533447265625], [1483.63134765625, 405.48870849609375, 1598.1146240234375, 690.5731201171875], [1046.3319091796875, 338.9814758300781, 1205.427734375, 792.0958862304688], [1716.6519775390625, 425.7025451660156, 1797.6788330078125, 665.78515625], [257.8077087402344, 259.87298583984375, 498.0519714355469, 911.0908813476562], [1847.479248046875, 509.7433166503906, 1920.0, 747.195068359375], [1662.0845947265625, 401.1737976074219, 1738.719970703125, 674.3727416992188], [1776.6473388671875, 443.658935546875, 1839.180419921875, 649.8475952148438], [113.7281494140625, 521.2418212890625, 188.92117309570312, 742.2656860351562]]","[0.6025390625, 0.615234375, 0.8203125, 0.361328125, 0.69873046875, 0.291748046875, 0.50537109375, 0.424072265625, 0.28466796875]","[[1660.1419677734375, 705.0533447265625], [1540.8729858398438, 690.5731201171875], [1125.8798217773438, 792.0958862304688], [1757.1654052734375, 665.78515625], [377.9298400878906, 911.0908813476562], [1883.7396240234375, 747.195068359375], [1700.4022827148438, 674.3727416992188], [1807.9138793945312, 649.8475952148438], [151.3246612548828, 742.2656860351562]]",424689664,410255360,424689664,640,yolo26n_int8_640_ncnn_model,MOT17-09
381,81.11200799999096,0.0,9,"[190, 213, 315, 329, 349, 338, 366, 270, 286]","[[1606.4603271484375, 403.7649841308594, 1723.08935546875, 709.838134765625], [1484.0052490234375, 405.1253662109375, 1597.648681640625, 690.8441772460938], [1041.8275146484375, 335.19964599609375, 1202.13037109375, 791.7144775390625], [1723.4898681640625, 429.70318603515625, 1802.27880859375, 665.0115966796875], [290.56121826171875, 273.31134033203125, 519.8978881835938, 906.9609375], [1665.7501220703125, 401.6294860839844, 1742.7188720703125, 674.912109375], [1778.0570068359375, 445.0616149902344, 1840.2445068359375, 650.1456298828125], [113.58963012695312, 527.5852661132812, 186.49044799804688, 742.3712158203125], [21.659536361694336, 488.6903076171875, 113.01461791992188, 749.5318603515625]]","[0.6376953125, 0.60791015625, 0.8291015625, 0.310302734375, 0.7119140625, 0.44091796875, 0.38330078125, 0.27001953125, 0.317138671875]","[[1664.7748413085938, 709.838134765625], [1540.8269653320312, 690.8441772460938], [1121.9789428710938, 791.7144775390625], [1762.8843383789062, 665.0115966796875], [405.22955322265625, 906.9609375], [1704.2344970703125, 674.912109375], [1809.1507568359375, 650.1456298828125], [150.0400390625, 742.3712158203125], [67.3370771408081, 749.5318603515625]]",424689664,410255360,424689664,640,yolo26n_int8_640_ncnn_model,MOT17-09
382,81.43663800001377,0.0,10,"[190, 213, 315, 349, 338, 366, 270, 370, 286, 323]","[[1609.28662109375, 403.7147521972656, 1723.4259033203125, 704.703857421875], [1480.7071533203125, 401.27606201171875, 1594.67333984375, 689.7509155273438], [1037.2044677734375, 331.8602600097656, 1198.1695556640625, 791.5284423828125], [312.9505310058594, 276.6937255859375, 540.7015380859375, 924.4533081054688], [1672.3555908203125, 399.79058837890625, 1750.60302734375, 673.1377563476562], [1777.2264404296875, 448.89166259765625, 1837.124755859375, 646.6915283203125], [113.81139373779297, 525.7546997070312, 186.8060760498047, 741.6646728515625], [1829.3524169921875, 389.92498779296875, 1920.0, 654.0750122070312], [23.762357711791992, 495.193359375, 113.94556427001953, 753.3135986328125], [1823.9793701171875, 399.5151672363281, 1920.0, 752.0806274414062]]","[0.63427734375, 0.63134765625, 0.802734375, 0.75537109375, 0.445556640625, 0.365966796875, 0.30859375, 0.39501953125, 0.336181640625, 0.556640625]","[[1666.3562622070312, 704.703857421875], [1537.6902465820312, 689.7509155273438], [1117.68701171875, 791.5284423828125], [426.82603454589844, 924.4533081054688], [1711.4793090820312, 673.1377563476562], [1807.1755981445312, 646.6915283203125], [150.30873489379883, 741.6646728515625], [1874.6762084960938, 654.0750122070312], [68.85396099090576, 753.3135986328125], [1871.9896850585938, 752.0806274414062]]",424689664,410255360,424689664,640,yolo26n_int8_640_ncnn_model,MOT17-09
383,81.46637799995915,0.0,9,"[190, 213, 315, 349, 338, 366, 370, 286, 323]","[[1613.186279296875, 406.4257507324219, 1724.358154296875, 701.0211181640625], [1481.969970703125, 402.3037109375, 1594.791259765625, 688.875244140625], [1033.027099609375, 329.4298400878906, 1195.429931640625, 793.6302490234375], [339.9233703613281, 270.4379577636719, 561.6908569335938, 916.2474975585938], [1676.008056640625, 398.3370056152344, 1756.038330078125, 673.2291259765625], [1781.9766845703125, 447.34661865234375, 1841.9407958984375, 644.9119873046875], [1831.3133544921875, 389.1399841308594, 1920.0, 657.1029052734375], [23.250486373901367, 486.73748779296875, 115.5160140991211, 749.3917236328125], [1821.094482421875, 375.1471862792969, 1920.0, 752.5796508789062]]","[0.60498046875, 0.66064453125, 0.779296875, 0.71728515625, 0.449951171875, 0.282470703125, 0.3505859375, 0.35546875, 0.654296875]","[[1668.772216796875, 701.0211181640625], [1538.380615234375, 688.875244140625], [1114.228515625, 793.6302490234375], [450.80711364746094, 916.2474975585938], [1716.023193359375, 673.2291259765625], [1811.958740234375, 644.9119873046875], [1875.6566772460938, 657.1029052734375], [69.38325023651123, 749.3917236328125], [1870.5472412109375, 752.5796508789062]]",424689664,410255360,424689664,640,yolo26n_int8_640_ncnn_model,MOT17-09
384,81.85698900001626,0.0,9,"[190, 213, 315, 349, 338, 366, 286, 323, 270]","[[1616.635986328125, 405.9194641113281, 1726.3935546875, 697.1575317382812], [1483.395263671875, 404.2064208984375, 1595.6768798828125, 689.0755004882812], [1028.7921142578125, 325.3880920410156, 1193.3839111328125, 796.606201171875], [369.7200012207031, 266.1549072265625, 590.7297973632812, 913.048583984375], [1674.75244140625, 397.78564453125, 1756.3984375, 678.240234375], [1782.1268310546875, 447.0506286621094, 1842.7513427734375, 647.2586669921875], [25.53896141052246, 494.7056884765625, 115.78096008300781, 748.683349609375], [1822.1219482421875, 363.1480407714844, 1920.0, 754.9804077148438], [116.70267486572266, 544.0430908203125, 185.7725372314453, 746.9901733398438]]","[0.623046875, 0.6474609375, 0.78955078125, 0.72998046875, 0.33203125, 0.3408203125, 0.254638671875, 0.64990234375, 0.271728515625]","[[1671.5147705078125, 697.1575317382812], [1539.5360717773438, 689.0755004882812], [1111.0880126953125, 796.606201171875], [480.2248992919922, 913.048583984375], [1715.575439453125, 678.240234375], [1812.4390869140625, 647.2586669921875], [70.65996074676514, 748.683349609375], [1871.0609741210938, 754.9804077148438], [151.23760604858398, 746.9901733398438]]",424689664,410255360,424689664,640,yolo26n_int8_640_ncnn_model,MOT17-09
385,82.10034100011399,0.0,8,"[190, 213, 315, 349, 338, 366, 286, 270]","[[1623.1998291015625, 402.7064514160156, 1733.5936279296875, 694.758056640625], [1489.3780517578125, 400.7109375, 1602.3211669921875, 686.4505615234375], [1025.00390625, 330.8946838378906, 1195.0428466796875, 817.1616821289062], [392.8467712402344, 267.4638366699219, 614.863525390625, 906.0037841796875], [1676.691650390625, 397.5787353515625, 1757.7740478515625, 679.1460571289062], [1784.07861328125, 446.1397705078125, 1845.1624755859375, 647.8298950195312], [24.938547134399414, 490.0780029296875, 116.87800598144531, 748.1788940429688], [116.02922058105469, 542.9025268554688, 186.13645935058594, 750.3241577148438]]","[0.68017578125, 0.7021484375, 0.77001953125, 0.78173828125, 0.28759765625, 0.451416015625, 0.4169921875, 0.294677734375]","[[1678.396728515625, 694.758056640625], [1545.849609375, 686.4505615234375], [1110.0233764648438, 817.1616821289062], [503.8551483154297, 906.0037841796875], [1717.2328491210938, 679.1460571289062], [1814.6205444335938, 647.8298950195312], [70.90827655792236, 748.1788940429688], [151.0828399658203, 750.3241577148438]]",424689664,410255360,424689664,640,yolo26n_int8_640_ncnn_model,MOT17-09
386,82.50502600003529,0.0,9,"[190, 213, 315, 349, 338, 366, 286, 270, 323]","[[1627.4859619140625, 402.0007629394531, 1738.13330078125, 693.4109497070312], [1491.5009765625, 401.1435852050781, 1604.7735595703125, 686.7345581054688], [1022.55859375, 335.3676452636719, 1193.0115966796875, 823.6233520507812], [406.0700988769531, 270.75872802734375, 629.9776000976562, 901.6450805664062], [1678.2257080078125, 398.48992919921875, 1759.156005859375, 684.4225463867188], [1787.005126953125, 445.78656005859375, 1847.793212890625, 647.00390625], [23.759014129638672, 494.8117370605469, 116.32350158691406, 753.4375610351562], [115.55060577392578, 539.5369262695312, 186.38760375976562, 750.4306640625], [1830.6622314453125, 365.59539794921875, 1920.0, 752.20703125]]","[0.6259765625, 0.6845703125, 0.78759765625, 0.767578125, 0.29150390625, 0.50048828125, 0.458251953125, 0.361083984375, 0.611328125]","[[1682.8096313476562, 693.4109497070312], [1548.1372680664062, 686.7345581054688], [1107.7850952148438, 823.6233520507812], [518.0238494873047, 901.6450805664062], [1718.6908569335938, 684.4225463867188], [1817.399169921875, 647.00390625], [70.04125785827637, 753.4375610351562], [150.9691047668457, 750.4306640625], [1875.3311157226562, 752.20703125]]",424689664,410255360,424689664,640,yolo26n_int8_640_ncnn_model,MOT17-09
387,81.23235899984138,0.0,10,"[190, 213, 315, 349, 338, 366, 286, 270, 376, 323]","[[1631.95361328125, 407.21636962890625, 1740.6434326171875, 693.4544677734375], [1497.0587158203125, 402.06964111328125, 1608.68017578125, 685.1423950195312], [1018.1705322265625, 335.7074279785156, 1188.1248779296875, 821.5997314453125], [417.4029235839844, 282.9532470703125, 640.946044921875, 897.18017578125], [1694.7852783203125, 399.08184814453125, 1774.9176025390625, 668.45654296875], [1790.52783203125, 446.408203125, 1850.2471923828125, 643.888916015625], [23.242298126220703, 496.14312744140625, 115.68181610107422, 753.967041015625], [116.00688934326172, 535.2498779296875, 187.21310424804688, 749.4462280273438], [1862.1092529296875, 385.6499938964844, 1920.0, 666.1500244140625], [1837.890869140625, 371.7178039550781, 1920.0, 745.8892822265625]]","[0.67138671875, 0.64404296875, 0.79638671875, 0.76416015625, 0.45556640625, 0.46875, 0.4951171875, 0.435302734375, 0.40185546875, 0.560546875]","[[1686.2985229492188, 693.4544677734375], [1552.8694458007812, 685.1423950195312], [1103.147705078125, 821.5997314453125], [529.1744842529297, 897.18017578125], [1734.8514404296875, 668.45654296875], [1820.3875122070312, 643.888916015625], [69.46205711364746, 753.967041015625], [151.6099967956543, 749.4462280273438], [1891.0546264648438, 666.1500244140625], [1878.9454345703125, 745.8892822265625]]",424689664,410255360,424689664,640,yolo26n_int8_640_ncnn_model,MOT17-09
388,82.30776699997477,0.0,9,"[190, 213, 315, 349, 338, 366, 286, 270, 376]","[[1638.6553955078125, 410.6822204589844, 1746.22998046875, 692.0234985351562], [1500.803955078125, 396.7120361328125, 1612.2794189453125, 683.33154296875], [1014.301513671875, 335.1361999511719, 1184.7705078125, 823.3873291015625], [425.09271240234375, 287.3908386230469, 651.7608032226562, 895.70751953125], [1701.552001953125, 401.5858154296875, 1782.303466796875, 662.950439453125], [1797.4443359375, 447.9039001464844, 1857.603759765625, 644.5182495117188], [24.428390502929688, 497.14617919921875, 116.54144287109375, 753.6624145507812], [116.40421295166016, 533.0960693359375, 187.92210388183594, 750.524658203125], [1855.770263671875, 375.4534606933594, 1920.0, 721.050048828125]]","[0.64990234375, 0.62939453125, 0.79638671875, 0.8173828125, 0.51708984375, 0.5078125, 0.49609375, 0.38330078125, 0.486572265625]","[[1692.4426879882812, 692.0234985351562], [1556.5416870117188, 683.33154296875], [1099.5360107421875, 823.3873291015625], [538.4267578125, 895.70751953125], [1741.927734375, 662.950439453125], [1827.5240478515625, 644.5182495117188], [70.48491668701172, 753.6624145507812], [152.16315841674805, 750.524658203125], [1887.8851318359375, 721.050048828125]]",424689664,410255360,424689664,640,yolo26n_int8_640_ncnn_model,MOT17-09
389,81.22243399998297,0.0,9,"[190, 213, 315, 349, 338, 366, 286, 377, 378]","[[1645.01806640625, 407.9253234863281, 1754.1435546875, 693.5481567382812], [1506.006103515625, 403.61993408203125, 1613.591552734375, 683.6740112304688], [1003.4973754882812, 333.4727478027344, 1177.358642578125, 829.3665771484375], [428.0473327636719, 288.01458740234375, 660.6806030273438, 897.20458984375], [1704.4228515625, 402.48931884765625, 1786.233642578125, 659.9801635742188], [1800.57568359375, 451.7266540527344, 1859.5245361328125, 640.4639892578125], [24.52483367919922, 498.762939453125, 116.04365539550781, 753.2894287109375], [1869.466796875, 369.9750061035156, 1920.0, 638.625], [1163.29296875, 426.07501220703125, 1219.007080078125, 647.9249877929688]]","[0.66162109375, 0.62646484375, 0.7841796875, 0.83251953125, 0.449951171875, 0.5048828125, 0.515625, 0.42529296875, 0.356201171875]","[[1699.580810546875, 693.5481567382812], [1559.798828125, 683.6740112304688], [1090.4280090332031, 829.3665771484375], [544.3639678955078, 897.20458984375], [1745.3282470703125, 659.9801635742188], [1830.0501098632812, 640.4639892578125], [70.28424453735352, 753.2894287109375], [1894.7333984375, 638.625], [1191.1500244140625, 647.9249877929688]]",424689664,410255360,424689664,640,yolo26n_int8_640_ncnn_model,MOT17-09
390,82.36245199987025,0.0,9,"[190, 213, 315, 349, 338, 366, 286, 377, 378]","[[1650.4617919921875, 402.91949462890625, 1761.6307373046875, 692.1535034179688], [1508.5015869140625, 405.299072265625, 1615.3052978515625, 684.8541870117188], [997.3615112304688, 331.39788818359375, 1173.87060546875, 832.0336303710938], [438.9306945800781, 284.8736572265625, 674.8845825195312, 898.13818359375], [1702.53466796875, 405.57403564453125, 1784.1962890625, 660.2078247070312], [1801.7503662109375, 448.5229797363281, 1864.037353515625, 643.5724487304688], [25.097152709960938, 498.1197509765625, 116.50079345703125, 753.3904418945312], [1875.8394775390625, 393.47576904296875, 1920.0, 642.7171630859375], [1165.58935546875, 430.75201416015625, 1220.0260009765625, 646.8001708984375]]","[0.7109375, 0.6748046875, 0.78271484375, 0.78466796875, 0.301025390625, 0.482177734375, 0.4833984375, 0.383544921875, 0.396240234375]","[[1706.0462646484375, 692.1535034179688], [1561.9034423828125, 684.8541870117188], [1085.6160583496094, 832.0336303710938], [556.9076385498047, 898.13818359375], [1743.365478515625, 660.2078247070312], [1832.8938598632812, 643.5724487304688], [70.7989730834961, 753.3904418945312], [1897.9197387695312, 642.7171630859375], [1192.8076782226562, 646.8001708984375]]",424689664,410255360,424689664,640,yolo26n_int8_640_ncnn_model,MOT17-09
391,80.93215600001713,0.0,9,"[190, 213, 315, 349, 338, 366, 286, 378, 329]","[[1654.560302734375, 404.7306823730469, 1766.02490234375, 691.9068603515625], [1513.685302734375, 404.1766357421875, 1619.4471435546875, 683.0791015625], [994.82080078125, 326.5919189453125, 1174.00244140625, 834.0411987304688], [455.3858337402344, 281.4825744628906, 686.9533081054688, 884.7660522460938], [1702.09521484375, 407.6993713378906, 1782.808837890625, 661.3611450195312], [1803.9290771484375, 447.3713073730469, 1867.7618408203125, 644.6883544921875], [24.6073055267334, 499.10791015625, 115.45360565185547, 753.1755981445312], [1172.0987548828125, 446.5632019042969, 1222.92236328125, 646.4503784179688], [1753.912353515625, 439.21612548828125, 1822.8837890625, 648.5526123046875]]","[0.72021484375, 0.68701171875, 0.79443359375, 0.66015625, 0.32763671875, 0.421630859375, 0.51171875, 0.4375, 0.343994140625]","[[1710.2926025390625, 691.9068603515625], [1566.5662231445312, 683.0791015625], [1084.41162109375, 834.0411987304688], [571.1695709228516, 884.7660522460938], [1742.4520263671875, 661.3611450195312], [1835.845458984375, 644.6883544921875], [70.03045558929443, 753.1755981445312], [1197.5105590820312, 646.4503784179688], [1788.3980712890625, 648.5526123046875]]",424689664,410255360,424689664,640,yolo26n_int8_640_ncnn_model,MOT17-09
392,81.64145299997472,0.0,9,"[190, 213, 315, 349, 338, 366, 286, 378, 329]","[[1656.70556640625, 412.1450500488281, 1766.68701171875, 691.1062622070312], [1522.8597412109375, 404.49481201171875, 1627.48095703125, 681.6922607421875], [989.7623901367188, 322.2214660644531, 1169.623291015625, 831.39892578125], [479.67755126953125, 280.102783203125, 702.0012817382812, 873.8328247070312], [1704.01806640625, 406.199462890625, 1783.919189453125, 660.0847778320312], [1806.7647705078125, 450.154541015625, 1868.9296875, 640.893310546875], [25.47864532470703, 499.4717712402344, 115.92418670654297, 753.0894775390625], [1174.035400390625, 449.45819091796875, 1224.7548828125, 646.6887817382812], [1756.65234375, 451.5734558105469, 1821.1656494140625, 645.6585693359375]]","[0.71240234375, 0.72119140625, 0.79638671875, 0.6904296875, 0.325927734375, 0.309814453125, 0.4853515625, 0.399658203125, 0.345947265625]","[[1711.6962890625, 691.1062622070312], [1575.1703491210938, 681.6922607421875], [1079.6928405761719, 831.39892578125], [590.8394165039062, 873.8328247070312], [1743.9686279296875, 660.0847778320312], [1837.8472290039062, 640.893310546875], [70.701416015625, 753.0894775390625], [1199.3951416015625, 646.6887817382812], [1788.9089965820312, 645.6585693359375]]",424689664,410255360,424689664,640,yolo26n_int8_640_ncnn_model,MOT17-09
393,81.06082299991613,0.0,9,"[190, 213, 315, 349, 338, 366, 286, 378, 329]","[[1659.2314453125, 415.1869812011719, 1768.793701171875, 690.5927124023438], [1529.7447509765625, 401.373291015625, 1634.7833251953125, 680.4547729492188], [984.650390625, 319.3681335449219, 1164.538330078125, 829.5299682617188], [496.92572021484375, 268.71820068359375, 713.5765991210938, 866.6798706054688], [1707.1761474609375, 405.6094055175781, 1785.62646484375, 658.653076171875], [1806.22705078125, 449.69366455078125, 1868.6776123046875, 638.9434814453125], [25.9242000579834, 498.3548583984375, 116.48136901855469, 753.30224609375], [1176.871826171875, 457.3179626464844, 1227.3199462890625, 650.6917114257812], [1757.644287109375, 437.2332458496094, 1824.6962890625, 646.0968017578125]]","[0.68310546875, 0.72021484375, 0.76806640625, 0.6591796875, 0.33935546875, 0.2919921875, 0.52001953125, 0.453125, 0.365966796875]","[[1714.0125732421875, 690.5927124023438], [1582.2640380859375, 680.4547729492188], [1074.5943603515625, 829.5299682617188], [605.2511596679688, 866.6798706054688], [1746.4013061523438, 658.653076171875], [1837.4523315429688, 638.9434814453125], [71.20278453826904, 753.30224609375], [1202.0958862304688, 650.6917114257812], [1791.1702880859375, 646.0968017578125]]",424689664,410255360,424689664,640,yolo26n_int8_640_ncnn_model,MOT17-09
394,81.2990079998599,0.0,8,"[190, 213, 315, 349, 366, 286, 378, 329]","[[1662.592041015625, 417.5257263183594, 1770.8331298828125, 689.18017578125], [1533.344970703125, 395.99267578125, 1640.1885986328125, 680.2697143554688], [983.8117065429688, 315.88372802734375, 1163.74658203125, 830.200927734375], [520.4031982421875, 284.200439453125, 726.043212890625, 866.4505615234375], [1806.134033203125, 451.76953125, 1868.3052978515625, 639.0032958984375], [25.9002742767334, 497.92523193359375, 116.38289642333984, 753.3794555664062], [1181.0377197265625, 457.0874328613281, 1232.308349609375, 652.263916015625], [1760.27001953125, 443.3262939453125, 1823.62451171875, 645.2442016601562]]","[0.646484375, 0.7314453125, 0.75390625, 0.73828125, 0.349609375, 0.48583984375, 0.3037109375, 0.291259765625]","[[1716.7125854492188, 689.18017578125], [1586.7667846679688, 680.2697143554688], [1073.7791442871094, 830.200927734375], [623.2232055664062, 866.4505615234375], [1837.2196655273438, 639.0032958984375], [71.14158535003662, 753.3794555664062], [1206.6730346679688, 652.263916015625], [1791.947265625, 645.2442016601562]]",424689664,410255360,424689664,640,yolo26n_int8_640_ncnn_model,MOT17-09
395,81.40350799999396,0.0,9,"[190, 213, 315, 349, 366, 286, 378, 270, 338]","[[1664.83251953125, 412.82513427734375, 1774.2802734375, 688.1867065429688], [1540.760498046875, 395.9534912109375, 1647.7161865234375, 680.2284545898438], [979.5877685546875, 314.25384521484375, 1158.7967529296875, 827.81005859375], [544.6004638671875, 286.5220642089844, 742.011962890625, 862.0753173828125], [1808.16162109375, 452.0231628417969, 1869.9422607421875, 639.5554809570312], [25.953292846679688, 498.7480163574219, 116.27664947509766, 754.3961791992188], [1187.7635498046875, 449.115478515625, 1241.1220703125, 647.7388916015625], [119.4009017944336, 539.76318359375, 186.74795532226562, 743.1300659179688], [1721.88916015625, 401.92718505859375, 1801.2259521484375, 657.9148559570312]]","[0.61474609375, 0.72314453125, 0.79736328125, 0.72314453125, 0.35009765625, 0.52880859375, 0.36474609375, 0.256103515625, 0.304443359375]","[[1719.556396484375, 688.1867065429688], [1594.2383422851562, 680.2284545898438], [1069.1922607421875, 827.81005859375], [643.3062133789062, 862.0753173828125], [1839.0519409179688, 639.5554809570312], [71.11497116088867, 754.3961791992188], [1214.4428100585938, 647.7388916015625], [153.0744285583496, 743.1300659179688], [1761.5575561523438, 657.9148559570312]]",424689664,410255360,424689664,640,yolo26n_int8_640_ncnn_model,MOT17-09
396,91.66339600005813,0.0,9,"[190, 213, 315, 349, 366, 286, 378, 338, 329]","[[1668.212646484375, 409.57122802734375, 1778.71533203125, 689.3380737304688], [1543.725830078125, 400.4273681640625, 1650.115478515625, 681.7305908203125], [976.0111694335938, 305.8261413574219, 1156.2034912109375, 824.8516845703125], [559.088134765625, 275.6251525878906, 754.0895385742188, 855.232177734375], [1810.401123046875, 450.8482666015625, 1872.91552734375, 642.02880859375], [27.50522804260254, 497.8161926269531, 116.86669158935547, 752.0511474609375], [1193.69091796875, 451.2747497558594, 1247.65087890625, 647.1381225585938], [1733.5618896484375, 402.9888610839844, 1811.69970703125, 651.9125366210938], [1757.6788330078125, 414.7875061035156, 1826.6689453125, 641.8038940429688]]","[0.61279296875, 0.732421875, 0.8076171875, 0.6025390625, 0.4267578125, 0.498046875, 0.4013671875, 0.32177734375, 0.2841796875]","[[1723.4639892578125, 689.3380737304688], [1596.920654296875, 681.7305908203125], [1066.1073303222656, 824.8516845703125], [656.5888366699219, 855.232177734375], [1841.6583251953125, 642.02880859375], [72.185959815979, 752.0511474609375], [1220.6708984375, 647.1381225585938], [1772.6307983398438, 651.9125366210938], [1792.1738891601562, 641.8038940429688]]",424689664,410255360,424689664,640,yolo26n_int8_640_ncnn_model,MOT17-09
397,81.02506399995946,0.0,9,"[190, 213, 315, 349, 366, 286, 378, 338, 270]","[[1676.5467529296875, 412.2859802246094, 1786.894775390625, 689.8010864257812], [1547.5836181640625, 391.7104187011719, 1655.873291015625, 678.8482666015625], [959.4285888671875, 304.7885437011719, 1141.2470703125, 825.52685546875], [597.39208984375, 302.6260070800781, 786.2994384765625, 854.7350463867188], [1811.01806640625, 448.910888671875, 1874.11376953125, 643.4566040039062], [27.237470626831055, 498.94781494140625, 116.26142883300781, 752.6487426757812], [1198.48779296875, 450.3853454589844, 1254.2169189453125, 646.4041137695312], [1741.026123046875, 402.8944091796875, 1820.0228271484375, 652.2631225585938], [117.8912124633789, 541.0347900390625, 185.95748901367188, 745.2852783203125]]","[0.71630859375, 0.720703125, 0.8271484375, 0.5302734375, 0.427978515625, 0.54833984375, 0.4990234375, 0.332763671875, 0.329833984375]","[[1731.7207641601562, 689.8010864257812], [1601.7284545898438, 678.8482666015625], [1050.3378295898438, 825.52685546875], [691.8457641601562, 854.7350463867188], [1842.56591796875, 643.4566040039062], [71.74944972991943, 752.6487426757812], [1226.3523559570312, 646.4041137695312], [1780.5244750976562, 652.2631225585938], [151.9243507385254, 745.2852783203125]]",424689664,410255360,424689664,640,yolo26n_int8_640_ncnn_model,MOT17-09
398,82.63265599998704,0.0,9,"[190, 213, 315, 349, 366, 286, 378, 338, 386]","[[1679.806640625, 412.8162841796875, 1789.5797119140625, 688.5126953125], [1551.4415283203125, 392.4146423339844, 1659.28857421875, 677.7911376953125], [947.0308227539062, 309.5350036621094, 1129.085693359375, 827.5930786132812], [614.2880859375, 295.4237060546875, 807.970947265625, 851.8949584960938], [1813.3619384765625, 447.4269714355469, 1876.25830078125, 642.7676391601562], [27.359291076660156, 498.625732421875, 116.4198226928711, 752.6279907226562], [1200.662353515625, 450.48199462890625, 1257.8326416015625, 645.6356201171875], [1745.428466796875, 402.3783874511719, 1825.0855712890625, 652.9141845703125], [942.0800170898438, 320.32501220703125, 1217.3199462890625, 820.875]]","[0.6826171875, 0.73974609375, 0.80078125, 0.73681640625, 0.44091796875, 0.51318359375, 0.462890625, 0.465576171875, 0.56494140625]","[[1734.6931762695312, 688.5126953125], [1605.3650512695312, 677.7911376953125], [1038.0582580566406, 827.5930786132812], [711.1295166015625, 851.8949584960938], [1844.8101196289062, 642.7676391601562], [71.88955688476562, 752.6279907226562], [1229.2474975585938, 645.6356201171875], [1785.2570190429688, 652.9141845703125], [1079.6999816894531, 820.875]]",424689664,410255360,424689664,640,yolo26n_int8_640_ncnn_model,MOT17-09
399,84.4789899999796,0.0,10,"[190, 213, 315, 349, 366, 286, 378, 338, 386, 270]","[[1683.8214111328125, 411.7532653808594, 1795.4271240234375, 691.2890625], [1555.9766845703125, 394.4682312011719, 1663.1064453125, 676.6752319335938], [935.0335693359375, 307.9852600097656, 1120.263916015625, 833.7772827148438], [625.8642578125, 297.0323791503906, 824.2593994140625, 854.7408447265625], [1816.2740478515625, 448.5897216796875, 1878.860595703125, 641.7607421875], [27.949796676635742, 497.75494384765625, 117.22821807861328, 753.364501953125], [1201.6741943359375, 453.4801025390625, 1260.5887451171875, 648.4075317382812], [1744.3837890625, 403.4438171386719, 1825.32861328125, 659.8826293945312], [952.7692260742188, 327.7297668457031, 1225.4583740234375, 821.7360229492188], [116.48944091796875, 540.3207397460938, 184.5865478515625, 743.234375]]","[0.697265625, 0.74560546875, 0.81787109375, 0.65576171875, 0.392822265625, 0.5244140625, 0.546875, 0.324462890625, 0.560546875, 0.2578125]","[[1739.624267578125, 691.2890625], [1609.5415649414062, 676.6752319335938], [1027.6487426757812, 833.7772827148438], [725.0618286132812, 854.7408447265625], [1847.5673217773438, 641.7607421875], [72.58900737762451, 753.364501953125], [1231.1314697265625, 648.4075317382812], [1784.856201171875, 659.8826293945312], [1089.1138000488281, 821.7360229492188], [150.53799438476562, 743.234375]]",424689664,410255360,424689664,640,yolo26n_int8_640_ncnn_model,MOT17-09
400,81.56943400013006,0.0,9,"[190, 213, 315, 349, 366, 286, 378, 338, 386]","[[1691.1019287109375, 399.2344970703125, 1803.4178466796875, 682.69970703125], [1558.636962890625, 396.27490234375, 1665.24267578125, 675.2908935546875], [929.0489501953125, 309.5404968261719, 1116.8092041015625, 842.8201293945312], [633.1244506835938, 299.9261779785156, 836.4171142578125, 855.579833984375], [1810.4278564453125, 448.5386657714844, 1876.6893310546875, 650.8287963867188], [28.332483291625977, 497.67095947265625, 117.36344146728516, 753.39453125], [1202.001953125, 455.271240234375, 1261.306396484375, 646.6602172851562], [1744.73681640625, 405.08782958984375, 1824.3612060546875, 659.3145141601562], [937.4351196289062, 321.1697692871094, 1219.0828857421875, 831.1056518554688]]","[0.66650390625, 0.728515625, 0.8017578125, 0.78515625, 0.374755859375, 0.50634765625, 0.5185546875, 0.368408203125, 0.53125]","[[1747.2598876953125, 682.69970703125], [1611.9398193359375, 675.2908935546875], [1022.9290771484375, 842.8201293945312], [734.7707824707031, 855.579833984375], [1843.55859375, 650.8287963867188], [72.84796237945557, 753.39453125], [1231.6541748046875, 646.6602172851562], [1784.5490112304688, 659.3145141601562], [1078.2590026855469, 831.1056518554688]]",424689664,410255360,424689664,640,yolo26n_int8_640_ncnn_model,MOT17-09
401,81.4715819999492,0.0,9,"[190, 213, 315, 349, 366, 286, 378, 338, 386]","[[1697.47021484375, 395.9736022949219, 1810.406982421875, 679.9549560546875], [1559.4298095703125, 396.974853515625, 1665.9154052734375, 674.8040771484375], [925.1519775390625, 309.9481506347656, 1113.6236572265625, 844.4996948242188], [638.4688720703125, 323.4311218261719, 837.8597412109375, 853.5223999023438], [1815.93701171875, 446.5716857910156, 1881.7882080078125, 645.4078979492188], [29.124902725219727, 498.6295166015625, 117.24858093261719, 752.4127197265625], [1203.8077392578125, 451.7987060546875, 1264.59033203125, 643.9802856445312], [1747.76318359375, 403.2545166015625, 1828.616943359375, 661.5645751953125], [933.1979370117188, 322.43792724609375, 1216.195556640625, 833.847900390625]]","[0.65625, 0.70458984375, 0.8095703125, 0.7509765625, 0.348388671875, 0.4697265625, 0.41015625, 0.349365234375, 0.57763671875]","[[1753.9385986328125, 679.9549560546875], [1612.672607421875, 674.8040771484375], [1019.3878173828125, 844.4996948242188], [738.164306640625, 853.5223999023438], [1848.8626098632812, 645.4078979492188], [73.18674182891846, 752.4127197265625], [1234.1990356445312, 643.9802856445312], [1788.1900634765625, 661.5645751953125], [1074.6967468261719, 833.847900390625]]",424689664,410255360,424689664,640,yolo26n_int8_640_ncnn_model,MOT17-09
402,81.23548999992636,0.0,10,"[190, 213, 315, 349, 366, 286, 378, 338, 386, 391]","[[1700.6376953125, 395.76678466796875, 1813.932373046875, 677.9671630859375], [1563.4217529296875, 401.9757995605469, 1668.148193359375, 674.9031982421875], [918.3955078125, 308.067138671875, 1109.292236328125, 849.10791015625], [641.0604858398438, 312.8304748535156, 849.1565551757812, 855.952880859375], [1818.2041015625, 448.5245361328125, 1883.5430908203125, 643.4788208007812], [28.63477897644043, 498.99188232421875, 117.5448989868164, 756.0147094726562], [1205.42578125, 448.2144470214844, 1267.60498046875, 643.2590942382812], [1751.994384765625, 405.28082275390625, 1830.8040771484375, 659.6920776367188], [935.475830078125, 320.3368225097656, 1223.5426025390625, 837.1124267578125], [596.12109375, 327.63751220703125, 982.7788696289062, 847.1624755859375]]","[0.66796875, 0.64892578125, 0.845703125, 0.7216796875, 0.42041015625, 0.50390625, 0.3583984375, 0.362060546875, 0.424072265625, 0.44140625]","[[1757.2850341796875, 677.9671630859375], [1615.7849731445312, 674.9031982421875], [1013.8438720703125, 849.10791015625], [745.1085205078125, 855.952880859375], [1850.8735961914062, 643.4788208007812], [73.08983898162842, 756.0147094726562], [1236.515380859375, 643.2590942382812], [1791.3992309570312, 659.6920776367188], [1079.5092163085938, 837.1124267578125], [789.4499816894531, 847.1624755859375]]",424689664,410255360,424689664,640,yolo26n_int8_640_ncnn_model,MOT17-09
403,80.49202699999114,0.0,10,"[190, 213, 315, 349, 366, 286, 378, 338, 391, 270]","[[1700.6981201171875, 396.4880065917969, 1814.0316162109375, 676.5236206054688], [1566.0362548828125, 404.3656005859375, 1669.5579833984375, 674.4758911132812], [914.0100708007812, 311.9287109375, 1104.955810546875, 850.166015625], [653.471435546875, 306.99468994140625, 861.9981689453125, 846.9183959960938], [1825.3427734375, 451.76025390625, 1887.7427978515625, 640.2507934570312], [28.116886138916016, 499.8641357421875, 116.62091064453125, 755.6322021484375], [1209.9776611328125, 448.34222412109375, 1272.5047607421875, 643.505126953125], [1757.5428466796875, 407.31500244140625, 1835.3033447265625, 659.700927734375], [605.6542358398438, 319.2557678222656, 993.5721435546875, 842.4605712890625], [116.31063079833984, 537.7404174804688, 185.99085998535156, 743.6094970703125]]","[0.61767578125, 0.65283203125, 0.8310546875, 0.6162109375, 0.41015625, 0.48291015625, 0.451416015625, 0.43603515625, 0.347412109375, 0.304931640625]","[[1757.3648681640625, 676.5236206054688], [1617.797119140625, 674.4758911132812], [1009.4829406738281, 850.166015625], [757.7348022460938, 846.9183959960938], [1856.5427856445312, 640.2507934570312], [72.36889839172363, 755.6322021484375], [1241.2412109375, 643.505126953125], [1796.423095703125, 659.700927734375], [799.6131896972656, 842.4605712890625], [151.1507453918457, 743.6094970703125]]",424689664,410255360,424689664,640,yolo26n_int8_640_ncnn_model,MOT17-09
404,94.23950699988382,0.0,10,"[190, 213, 315, 349, 366, 286, 378, 338, 391, 270]","[[1698.798828125, 396.5589294433594, 1811.652587890625, 676.283447265625], [1567.1087646484375, 404.23736572265625, 1669.705810546875, 673.3444213867188], [904.9611206054688, 304.087890625, 1098.3133544921875, 849.9724731445312], [660.8201904296875, 307.6640625, 867.8919677734375, 842.5944213867188], [1829.2823486328125, 450.2041931152344, 1889.8995361328125, 634.7673950195312], [28.69442367553711, 500.1907653808594, 116.84395599365234, 755.4718017578125], [1214.4713134765625, 447.1210021972656, 1277.2872314453125, 644.8642578125], [1762.656982421875, 406.3372497558594, 1841.61572265625, 660.4443359375], [612.2544555664062, 317.4003601074219, 993.5967407226562, 835.3778686523438], [116.00064086914062, 540.7613525390625, 185.20782470703125, 743.3935546875]]","[0.5830078125, 0.666015625, 0.8408203125, 0.810546875, 0.425537109375, 0.482177734375, 0.38720703125, 0.498046875, 0.413818359375, 0.27294921875]","[[1755.2257080078125, 676.283447265625], [1618.4072875976562, 673.3444213867188], [1001.6372375488281, 849.9724731445312], [764.3560791015625, 842.5944213867188], [1859.5909423828125, 634.7673950195312], [72.76918983459473, 755.4718017578125], [1245.8792724609375, 644.8642578125], [1802.1363525390625, 660.4443359375], [802.9255981445312, 835.3778686523438], [150.60423278808594, 743.3935546875]]",424689664,410255360,424689664,640,yolo26n_int8_640_ncnn_model,MOT17-09
405,81.58219400002054,0.0,10,"[190, 213, 315, 349, 366, 286, 378, 338, 391, 270]","[[1697.90087890625, 400.8411865234375, 1810.650146484375, 679.9658813476562], [1571.1483154296875, 401.9218444824219, 1673.85400390625, 674.1976318359375], [885.5565185546875, 296.8634338378906, 1080.75830078125, 851.1748657226562], [675.9503784179688, 317.86041259765625, 873.5665283203125, 831.0823364257812], [1831.555908203125, 449.1156311035156, 1891.7088623046875, 635.2822875976562], [28.548595428466797, 499.3139343261719, 116.66556549072266, 755.4013671875], [1218.5631103515625, 445.9055480957031, 1280.389892578125, 644.1458740234375], [1764.01220703125, 404.7296142578125, 1844.260009765625, 662.9436645507812], [645.8755493164062, 314.8229064941406, 1016.930419921875, 821.9844360351562], [116.12837219238281, 541.547119140625, 185.95802307128906, 744.5698852539062]]","[0.6005859375, 0.67919921875, 0.8193359375, 0.8310546875, 0.43994140625, 0.51806640625, 0.45458984375, 0.5439453125, 0.3564453125, 0.31640625]","[[1754.2755126953125, 679.9658813476562], [1622.5011596679688, 674.1976318359375], [983.1574096679688, 851.1748657226562], [774.7584533691406, 831.0823364257812], [1861.6323852539062, 635.2822875976562], [72.60708045959473, 755.4013671875], [1249.4765014648438, 644.1458740234375], [1804.1361083984375, 662.9436645507812], [831.4029846191406, 821.9844360351562], [151.04319763183594, 744.5698852539062]]",424689664,410255360,424689664,640,yolo26n_int8_640_ncnn_model,MOT17-09
406,81.58632399999988,0.0,10,"[190, 213, 315, 349, 366, 286, 378, 338, 391, 270]","[[1700.4271240234375, 404.4709777832031, 1813.10302734375, 681.3978881835938], [1574.892578125, 401.0448913574219, 1676.9158935546875, 674.5387573242188], [878.15771484375, 292.0758361816406, 1072.5001220703125, 850.7037963867188], [692.1594848632812, 322.86334228515625, 883.0604858398438, 827.6912841796875], [1834.5068359375, 447.9659423828125, 1894.09716796875, 635.2496948242188], [29.020326614379883, 499.7191467285156, 116.62125396728516, 754.6243896484375], [1222.094970703125, 449.1539611816406, 1283.26611328125, 648.0980224609375], [1766.481201171875, 404.61492919921875, 1846.95849609375, 663.3856201171875], [660.7100830078125, 320.5046691894531, 1019.8768310546875, 818.1984252929688], [116.30952453613281, 540.3428955078125, 186.35348510742188, 744.5037841796875]]","[0.61669921875, 0.6982421875, 0.81640625, 0.77587890625, 0.475830078125, 0.52294921875, 0.35400390625, 0.4775390625, 0.37255859375, 0.28515625]","[[1756.7650756835938, 681.3978881835938], [1625.9042358398438, 674.5387573242188], [975.3289184570312, 850.7037963867188], [787.6099853515625, 827.6912841796875], [1864.302001953125, 635.2496948242188], [72.82079029083252, 754.6243896484375], [1252.6805419921875, 648.0980224609375], [1806.7198486328125, 663.3856201171875], [840.29345703125, 818.1984252929688], [151.33150482177734, 744.5037841796875]]",424689664,410255360,424689664,640,yolo26n_int8_640_ncnn_model,MOT17-09
407,82.07084200012105,0.0,9,"[190, 213, 315, 349, 366, 286, 378, 338, 270]","[[1706.5909423828125, 407.84124755859375, 1818.52734375, 683.95654296875], [1585.085693359375, 392.2776184082031, 1688.8768310546875, 672.2100830078125], [870.4143676757812, 293.2595520019531, 1066.9315185546875, 865.1620483398438], [714.0098876953125, 320.2823486328125, 898.888427734375, 824.8387451171875], [1837.6939697265625, 447.7824401855469, 1896.71630859375, 637.0052490234375], [28.518203735351562, 499.123779296875, 116.28614044189453, 755.0675048828125], [1227.3905029296875, 445.9113464355469, 1288.04736328125, 645.1342163085938], [1769.43212890625, 403.0949401855469, 1849.6124267578125, 661.06640625], [116.22388458251953, 539.8837280273438, 186.4109649658203, 744.4723510742188]]","[0.5576171875, 0.6474609375, 0.80419921875, 0.74755859375, 0.5205078125, 0.513671875, 0.398193359375, 0.48388671875, 0.268310546875]","[[1762.5591430664062, 683.95654296875], [1636.9812622070312, 672.2100830078125], [968.6729431152344, 865.1620483398438], [806.4491577148438, 824.8387451171875], [1867.2051391601562, 637.0052490234375], [72.40217208862305, 755.0675048828125], [1257.7189331054688, 645.1342163085938], [1809.5222778320312, 661.06640625], [151.31742477416992, 744.4723510742188]]",424689664,410255360,424689664,640,yolo26n_int8_640_ncnn_model,MOT17-09
408,108.06715400008216,0.0,9,"[190, 213, 315, 349, 366, 286, 378, 338, 270]","[[1708.18115234375, 406.1135559082031, 1819.0618896484375, 681.947021484375], [1592.5177001953125, 403.4936828613281, 1693.4818115234375, 674.546875], [863.248779296875, 297.1932373046875, 1059.7252197265625, 873.0419311523438], [737.8942260742188, 313.4696350097656, 918.9795532226562, 822.6781005859375], [1838.4993896484375, 443.2618103027344, 1899.9058837890625, 644.1253662109375], [28.706466674804688, 499.1433410644531, 116.21064758300781, 754.9830932617188], [1227.3057861328125, 436.4942932128906, 1289.6826171875, 643.2657470703125], [1774.915771484375, 401.0387268066406, 1857.8369140625, 663.6348266601562], [115.41737365722656, 538.4702758789062, 185.7212371826172, 743.7114868164062]]","[0.6181640625, 0.6455078125, 0.8056640625, 0.5, 0.38720703125, 0.52294921875, 0.434326171875, 0.46630859375, 0.2958984375]","[[1763.6215209960938, 681.947021484375], [1642.999755859375, 674.546875], [961.4869995117188, 873.0419311523438], [828.4368896484375, 822.6781005859375], [1869.20263671875, 644.1253662109375], [72.45855712890625, 754.9830932617188], [1258.4942016601562, 643.2657470703125], [1816.3763427734375, 663.6348266601562], [150.56930541992188, 743.7114868164062]]",424689664,410255360,424689664,640,yolo26n_int8_640_ncnn_model,MOT17-09
409,81.14710099994227,0.0,8,"[190, 213, 315, 349, 366, 286, 378, 338]","[[1712.3966064453125, 404.4554138183594, 1821.3624267578125, 677.2245483398438], [1597.63134765625, 408.63714599609375, 1696.582763671875, 671.7316284179688], [857.9362182617188, 295.4873962402344, 1054.1749267578125, 877.3136596679688], [747.515869140625, 316.3656005859375, 924.646728515625, 831.4906005859375], [1838.9390869140625, 441.0968933105469, 1900.8670654296875, 649.2048950195312], [28.165754318237305, 497.6621398925781, 116.04789733886719, 754.450927734375], [1232.901123046875, 446.1684265136719, 1292.302978515625, 643.0608520507812], [1777.335693359375, 401.750732421875, 1860.33251953125, 663.1184692382812]]","[0.60888671875, 0.6396484375, 0.81982421875, 0.53564453125, 0.4345703125, 0.48583984375, 0.436767578125, 0.4375]","[[1766.8795166015625, 677.2245483398438], [1647.1070556640625, 671.7316284179688], [956.0555725097656, 877.3136596679688], [836.081298828125, 831.4906005859375], [1869.903076171875, 649.2048950195312], [72.10682582855225, 754.450927734375], [1262.60205078125, 643.0608520507812], [1818.8341064453125, 663.1184692382812]]",424689664,410255360,424689664,640,yolo26n_int8_640_ncnn_model,MOT17-09
410,81.65671200003999,0.0,9,"[190, 213, 315, 349, 286, 378, 338, 386, 270]","[[1718.5028076171875, 410.5566101074219, 1825.439208984375, 677.7066650390625], [1603.65380859375, 407.7581481933594, 1703.310546875, 670.4510498046875], [849.3885498046875, 292.55859375, 1047.325927734375, 884.0834350585938], [758.0576782226562, 315.04632568359375, 926.707275390625, 820.3787231445312], [28.720081329345703, 498.092529296875, 116.40118408203125, 755.236572265625], [1237.6343994140625, 452.8066711425781, 1296.4063720703125, 643.2523193359375], [1784.234375, 399.3240966796875, 1866.84130859375, 656.720703125], [831.7059326171875, 290.72198486328125, 1143.2138671875, 860.7047119140625], [116.37177276611328, 538.7339477539062, 186.28524780273438, 742.46923828125]]","[0.62841796875, 0.6416015625, 0.7880859375, 0.64404296875, 0.54443359375, 0.487060546875, 0.393798828125, 0.4658203125, 0.304443359375]","[[1771.9710083007812, 677.7066650390625], [1653.482177734375, 670.4510498046875], [948.3572387695312, 884.0834350585938], [842.3824768066406, 820.3787231445312], [72.56063270568848, 755.236572265625], [1267.0203857421875, 643.2523193359375], [1825.537841796875, 656.720703125], [987.4598999023438, 860.7047119140625], [151.32851028442383, 742.46923828125]]",424689664,410255360,424689664,640,yolo26n_int8_640_ncnn_model,MOT17-09
411,94.57091500007664,0.0,9,"[190, 213, 315, 349, 286, 378, 338, 386, 270]","[[1721.1669921875, 408.0746154785156, 1828.330078125, 675.6663818359375], [1606.6400146484375, 409.90594482421875, 1706.7103271484375, 671.5009155273438], [844.3638305664062, 292.5844421386719, 1042.0496826171875, 888.3805541992188], [763.0880126953125, 320.376220703125, 926.12646484375, 825.4257202148438], [29.867219924926758, 498.5069580078125, 116.89641571044922, 753.3047485351562], [1240.7940673828125, 456.24542236328125, 1300.2529296875, 643.3347778320312], [1792.2684326171875, 398.1708068847656, 1875.4993896484375, 651.547607421875], [832.8129272460938, 295.5129699707031, 1142.9564208984375, 868.4940795898438], [116.99717712402344, 537.80810546875, 186.9163818359375, 741.1563720703125]]","[0.62353515625, 0.671875, 0.7939453125, 0.63134765625, 0.546875, 0.481689453125, 0.5439453125, 0.400634765625, 0.279296875]","[[1774.74853515625, 675.6663818359375], [1656.6751708984375, 671.5009155273438], [943.2067565917969, 888.3805541992188], [844.6072387695312, 825.4257202148438], [73.38181781768799, 753.3047485351562], [1270.5234985351562, 643.3347778320312], [1833.8839111328125, 651.547607421875], [987.8846740722656, 868.4940795898438], [151.95677947998047, 741.1563720703125]]",424689664,410255360,424689664,640,yolo26n_int8_640_ncnn_model,MOT17-09
412,81.52136100011376,0.0,9,"[190, 213, 315, 349, 286, 378, 338, 386, 270]","[[1726.86181640625, 407.8865661621094, 1832.439697265625, 673.1943359375], [1608.6812744140625, 405.9360046386719, 1710.69384765625, 671.6695556640625], [828.5762939453125, 295.9577331542969, 1026.0152587890625, 885.6027221679688], [763.7188720703125, 323.5509033203125, 923.2635498046875, 830.13525390625], [30.325145721435547, 498.6661376953125, 116.37268829345703, 750.580810546875], [1245.777587890625, 457.4702453613281, 1306.6275634765625, 643.3741455078125], [1792.906982421875, 399.7574768066406, 1876.7869873046875, 651.622802734375], [825.0175170898438, 300.7947082519531, 1136.443115234375, 875.52978515625], [116.66900634765625, 538.7276000976562, 187.43692016601562, 744.4319458007812]]","[0.6162109375, 0.70263671875, 0.8095703125, 0.5009765625, 0.4990234375, 0.45703125, 0.498046875, 0.380859375, 0.3525390625]","[[1779.6507568359375, 673.1943359375], [1659.6875610351562, 671.6695556640625], [927.2957763671875, 885.6027221679688], [843.4912109375, 830.13525390625], [73.34891700744629, 750.580810546875], [1276.2025756835938, 643.3741455078125], [1834.8469848632812, 651.622802734375], [980.7303161621094, 875.52978515625], [152.05296325683594, 744.4319458007812]]",424689664,410255360,424689664,640,yolo26n_int8_640_ncnn_model,MOT17-09
413,81.05626800011123,0.0,7,"[190, 213, 315, 286, 378, 338, 270]","[[1731.9267578125, 411.0496826171875, 1836.781494140625, 674.0507202148438], [1612.923828125, 411.8625183105469, 1712.37451171875, 670.2620239257812], [817.1927490234375, 292.1353454589844, 1016.8637084960938, 882.6386108398438], [30.09296226501465, 498.72607421875, 116.13381958007812, 750.559814453125], [1249.673583984375, 461.38751220703125, 1311.66455078125, 643.8976440429688], [1793.9500732421875, 402.61163330078125, 1878.119384765625, 651.4348754882812], [116.23831939697266, 539.813232421875, 187.06997680664062, 745.9042358398438]]","[0.646484375, 0.60791015625, 0.7568359375, 0.53125, 0.40185546875, 0.451904296875, 0.269287109375]","[[1784.3541259765625, 674.0507202148438], [1662.649169921875, 670.2620239257812], [917.0282287597656, 882.6386108398438], [73.11339092254639, 750.559814453125], [1280.6690673828125, 643.8976440429688], [1836.0347290039062, 651.4348754882812], [151.65414810180664, 745.9042358398438]]",424689664,410255360,424689664,640,yolo26n_int8_640_ncnn_model,MOT17-09
414,81.23991599995861,0.0,7,"[190, 213, 315, 286, 378, 338, 270]","[[1737.9925537109375, 418.9671325683594, 1839.9525146484375, 672.6607666015625], [1619.0357666015625, 414.6136779785156, 1716.1243896484375, 668.2385864257812], [808.7660522460938, 293.4330749511719, 1011.1780395507812, 887.5640258789062], [30.22625160217285, 498.7479553222656, 116.56249237060547, 751.5595092773438], [1251.6959228515625, 449.2013244628906, 1319.6851806640625, 642.59033203125], [1798.392333984375, 404.9455261230469, 1884.21337890625, 654.1447143554688], [116.6886215209961, 536.7614135742188, 187.79530334472656, 743.9855346679688]]","[0.5966796875, 0.64892578125, 0.77294921875, 0.54931640625, 0.36474609375, 0.440673828125, 0.276123046875]","[[1788.9725341796875, 672.6607666015625], [1667.580078125, 668.2385864257812], [909.9720458984375, 887.5640258789062], [73.39437198638916, 751.5595092773438], [1285.6905517578125, 642.59033203125], [1841.3028564453125, 654.1447143554688], [152.24196243286133, 743.9855346679688]]",424689664,410255360,424689664,640,yolo26n_int8_640_ncnn_model,MOT17-09
415,80.48208299987891,0.0,6,"[190, 213, 315, 286, 378, 338]","[[1746.0435791015625, 418.87164306640625, 1849.1761474609375, 673.1915893554688], [1622.7672119140625, 414.5855712890625, 1719.73291015625, 666.5079956054688], [796.4996948242188, 291.63128662109375, 1002.9181518554688, 892.6583862304688], [30.050228118896484, 499.74700927734375, 116.2002944946289, 751.947021484375], [1251.5545654296875, 433.7884826660156, 1327.2640380859375, 644.318603515625], [1803.984375, 405.5638732910156, 1890.2242431640625, 649.4559326171875]]","[0.64208984375, 0.669921875, 0.68017578125, 0.56005859375, 0.3662109375, 0.369384765625]","[[1797.60986328125, 673.1915893554688], [1671.2500610351562, 666.5079956054688], [899.7089233398438, 892.6583862304688], [73.1252613067627, 751.947021484375], [1289.4093017578125, 644.318603515625], [1847.1043090820312, 649.4559326171875]]",424689664,410255360,424689664,640,yolo26n_int8_640_ncnn_model,MOT17-09
416,81.50256400017497,0.0,6,"[190, 213, 315, 286, 378, 338]","[[1746.29248046875, 415.0433349609375, 1850.9619140625, 672.158447265625], [1629.8846435546875, 412.7805480957031, 1727.0386962890625, 665.6459350585938], [779.1825561523438, 289.9980163574219, 991.389404296875, 898.4205932617188], [30.970474243164062, 499.6266784667969, 117.30382537841797, 753.5909423828125], [1256.2374267578125, 434.1249694824219, 1333.8726806640625, 646.4176025390625], [1805.849609375, 406.5379638671875, 1894.3717041015625, 654.9746704101562]]","[0.6748046875, 0.64404296875, 0.65966796875, 0.4921875, 0.323974609375, 0.4697265625]","[[1798.627197265625, 672.158447265625], [1678.461669921875, 665.6459350585938], [885.2859802246094, 898.4205932617188], [74.13714981079102, 753.5909423828125], [1295.0550537109375, 646.4176025390625], [1850.1106567382812, 654.9746704101562]]",424689664,410255360,424689664,640,yolo26n_int8_640_ncnn_model,MOT17-09
417,81.17902800017873,0.0,7,"[190, 213, 315, 286, 378, 338, 270]","[[1746.977294921875, 411.093994140625, 1852.7305908203125, 671.3021850585938], [1639.9268798828125, 409.833740234375, 1738.00048828125, 664.607666015625], [763.425048828125, 286.34771728515625, 981.0294189453125, 900.6321411132812], [30.31351089477539, 500.31939697265625, 116.30301666259766, 753.4693603515625], [1259.522216796875, 439.7200622558594, 1336.672607421875, 645.8060913085938], [1805.4407958984375, 406.14483642578125, 1894.78173828125, 657.7606811523438], [116.93805694580078, 534.3604736328125, 187.8003692626953, 740.1649169921875]]","[0.6689453125, 0.625, 0.6728515625, 0.52490234375, 0.392333984375, 0.459228515625, 0.28466796875]","[[1799.8539428710938, 671.3021850585938], [1688.9636840820312, 664.607666015625], [872.2272338867188, 900.6321411132812], [73.30826377868652, 753.4693603515625], [1298.097412109375, 645.8060913085938], [1850.1112670898438, 657.7606811523438], [152.36921310424805, 740.1649169921875]]",424689664,410255360,424689664,640,yolo26n_int8_640_ncnn_model,MOT17-09
418,82.44717599995965,0.0,7,"[190, 213, 315, 286, 378, 338, 270]","[[1748.15185546875, 412.0650634765625, 1854.1785888671875, 672.494384765625], [1642.916015625, 408.70843505859375, 1742.53466796875, 666.236572265625], [759.2811279296875, 281.06854248046875, 981.7105102539062, 902.3350219726562], [29.92395782470703, 500.32952880859375, 115.80378723144531, 753.6689453125], [1255.6995849609375, 401.5840759277344, 1346.412109375, 645.310546875], [1806.0535888671875, 404.99456787109375, 1895.84326171875, 658.8184814453125], [117.29889678955078, 537.86962890625, 188.60745239257812, 747.010009765625]]","[0.6572265625, 0.6123046875, 0.70751953125, 0.498046875, 0.339599609375, 0.451416015625, 0.25537109375]","[[1801.1652221679688, 672.494384765625], [1692.725341796875, 666.236572265625], [870.4958190917969, 902.3350219726562], [72.86387252807617, 753.6689453125], [1301.0558471679688, 645.310546875], [1850.9484252929688, 658.8184814453125], [152.95317459106445, 747.010009765625]]",424689664,410255360,424689664,640,yolo26n_int8_640_ncnn_model,MOT17-09
419,80.8420829998795,0.0,5,"[190, 213, 315, 286, 338]","[[1751.2022705078125, 411.43450927734375, 1857.7896728515625, 672.9761962890625], [1644.3790283203125, 411.9898986816406, 1743.527587890625, 666.1354370117188], [758.93896484375, 269.66949462890625, 983.3425903320312, 891.7239379882812], [31.268550872802734, 499.3359069824219, 117.2815933227539, 754.7338256835938], [1808.094482421875, 405.7818298339844, 1896.139892578125, 658.96435546875]]","[0.6640625, 0.61328125, 0.677734375, 0.5263671875, 0.38134765625]","[[1804.4959716796875, 672.9761962890625], [1693.9533081054688, 666.1354370117188], [871.1407775878906, 891.7239379882812], [74.27507209777832, 754.7338256835938], [1852.1171875, 658.96435546875]]",424689664,410255360,424689664,640,yolo26n_int8_640_ncnn_model,MOT17-09
420,81.17410199997721,0.0,7,"[190, 213, 315, 286, 338, 349, 270]","[[1756.76171875, 414.41131591796875, 1862.420166015625, 672.9288940429688], [1649.536376953125, 409.49029541015625, 1750.8236083984375, 665.8731079101562], [750.0632934570312, 253.0753936767578, 978.6279296875, 889.9909057617188], [32.91111373901367, 500.4398498535156, 117.37875366210938, 752.6613159179688], [1812.4183349609375, 405.8281555175781, 1900.3614501953125, 664.208251953125], [892.9888916015625, 334.4949645996094, 1029.7349853515625, 789.0098876953125], [115.48369598388672, 532.5904541015625, 189.15077209472656, 750.6131591796875]]","[0.64892578125, 0.63427734375, 0.72998046875, 0.5166015625, 0.328857421875, 0.61083984375, 0.289306640625]","[[1809.5909423828125, 672.9288940429688], [1700.1799926757812, 665.8731079101562], [864.3456115722656, 889.9909057617188], [75.14493370056152, 752.6613159179688], [1856.389892578125, 664.208251953125], [961.3619384765625, 789.0098876953125], [152.31723403930664, 750.6131591796875]]",424689664,410255360,424689664,640,yolo26n_int8_640_ncnn_model,MOT17-09
421,80.76221299984354,0.0,5,"[190, 213, 315, 338, 349]","[[1759.6201171875, 412.29254150390625, 1865.1253662109375, 670.1884765625], [1651.388671875, 407.3106994628906, 1755.28173828125, 667.0305786132812], [730.8866577148438, 252.1256103515625, 960.8978271484375, 891.8485107421875], [1813.441162109375, 405.5941162109375, 1898.4271240234375, 659.5308837890625], [907.2616577148438, 333.0985107421875, 1040.2774658203125, 788.6865234375]]","[0.6728515625, 0.6748046875, 0.810546875, 0.27587890625, 0.681640625]","[[1812.3727416992188, 670.1884765625], [1703.335205078125, 667.0305786132812], [845.8922424316406, 891.8485107421875], [1855.9341430664062, 659.5308837890625], [973.7695617675781, 788.6865234375]]",424689664,410255360,424689664,640,yolo26n_int8_640_ncnn_model,MOT17-09
422,81.46765700007563,0.0,9,"[190, 213, 315, 338, 349, 386, 378, 286, 270]","[[1762.5469970703125, 412.48236083984375, 1867.998779296875, 669.1815185546875], [1657.6290283203125, 406.4864196777344, 1760.958740234375, 665.5084228515625], [704.9378051757812, 242.2438507080078, 939.8370361328125, 892.3898315429688], [1820.43701171875, 404.2523193359375, 1904.690673828125, 659.9257202148438], [916.0397338867188, 336.11712646484375, 1045.7144775390625, 782.0597534179688], [700.4776000976562, 275.3526306152344, 1028.726806640625, 884.0902099609375], [1272.47265625, 387.0612487792969, 1364.068359375, 644.4380493164062], [22.878768920898438, 497.9864196777344, 109.59529113769531, 751.1591186523438], [112.06085205078125, 525.1498413085938, 185.49057006835938, 742.3785400390625]]","[0.64990234375, 0.59912109375, 0.83203125, 0.280029296875, 0.76318359375, 0.40283203125, 0.34033203125, 0.38427734375, 0.314453125]","[[1815.2728881835938, 669.1815185546875], [1709.2938842773438, 665.5084228515625], [822.3874206542969, 892.3898315429688], [1862.5638427734375, 659.9257202148438], [980.8771057128906, 782.0597534179688], [864.6022033691406, 884.0902099609375], [1318.2705078125, 644.4380493164062], [66.23703002929688, 751.1591186523438], [148.7757110595703, 742.3785400390625]]",424689664,410255360,424689664,640,yolo26n_int8_640_ncnn_model,MOT17-09
423,81.13813900013156,0.0,9,"[190, 213, 315, 338, 349, 386, 378, 286, 270]","[[1763.99755859375, 412.54754638671875, 1870.448974609375, 669.8245239257812], [1662.337646484375, 405.9303283691406, 1764.3692626953125, 663.20703125], [683.2214965820312, 242.51612854003906, 922.7124633789062, 896.4601440429688], [1826.694091796875, 406.466552734375, 1909.1226806640625, 660.31201171875], [926.043212890625, 337.8355407714844, 1058.0516357421875, 783.1569213867188], [682.8726806640625, 275.6396179199219, 1016.41015625, 888.7965087890625], [1273.525634765625, 369.8385009765625, 1368.0028076171875, 644.4545288085938], [23.038400650024414, 497.1562805175781, 111.15373992919922, 751.0964965820312], [108.41182708740234, 512.6815185546875, 186.28054809570312, 745.2444458007812]]","[0.65283203125, 0.5732421875, 0.86181640625, 0.327880859375, 0.763671875, 0.525390625, 0.344482421875, 0.379150390625, 0.328369140625]","[[1817.2232666015625, 669.8245239257812], [1713.3534545898438, 663.20703125], [802.9669799804688, 896.4601440429688], [1867.9083862304688, 660.31201171875], [992.0474243164062, 783.1569213867188], [849.6414184570312, 888.7965087890625], [1320.7642211914062, 644.4545288085938], [67.09607028961182, 751.0964965820312], [147.34618759155273, 745.2444458007812]]",424689664,410255360,424689664,640,yolo26n_int8_640_ncnn_model,MOT17-09
424,81.00695399980395,0.0,7,"[190, 213, 315, 338, 349, 286, 270]","[[1766.8084716796875, 417.2829895019531, 1872.8271484375, 671.3304443359375], [1662.6060791015625, 403.2444763183594, 1764.7994384765625, 661.8601684570312], [667.1766357421875, 249.1637420654297, 910.864501953125, 904.3474731445312], [1835.0240478515625, 410.53338623046875, 1914.507568359375, 654.2439575195312], [927.32861328125, 338.4324951171875, 1060.021484375, 784.6797485351562], [23.266448974609375, 497.3619384765625, 112.61470031738281, 752.5648193359375], [108.16967010498047, 498.47613525390625, 188.66595458984375, 742.6047973632812]]","[0.642578125, 0.580078125, 0.84765625, 0.277099609375, 0.69873046875, 0.50390625, 0.4287109375]","[[1819.8178100585938, 671.3304443359375], [1713.7027587890625, 661.8601684570312], [789.0205688476562, 904.3474731445312], [1874.7658081054688, 654.2439575195312], [993.675048828125, 784.6797485351562], [67.9405746459961, 752.5648193359375], [148.4178123474121, 742.6047973632812]]",424689664,410255360,424689664,640,yolo26n_int8_640_ncnn_model,MOT17-09
425,81.00419500010503,0.0,7,"[190, 213, 315, 338, 349, 286, 270]","[[1773.2962646484375, 418.5638427734375, 1878.0040283203125, 666.4315185546875], [1668.0687255859375, 413.8818054199219, 1767.2034912109375, 662.615966796875], [660.7291870117188, 256.7698974609375, 907.473388671875, 912.2177734375], [1838.57861328125, 409.54571533203125, 1917.8170166015625, 652.431396484375], [946.4940795898438, 344.8797607421875, 1083.2191162109375, 785.0961303710938], [20.05313491821289, 496.95489501953125, 111.24662780761719, 753.61279296875], [112.55830383300781, 515.3359375, 188.02268981933594, 745.1919555664062]]","[0.57763671875, 0.62744140625, 0.8720703125, 0.282958984375, 0.82177734375, 0.468017578125, 0.38330078125]","[[1825.650146484375, 666.4315185546875], [1717.6361083984375, 662.615966796875], [784.1012878417969, 912.2177734375], [1878.1978149414062, 652.431396484375], [1014.8565979003906, 785.0961303710938], [65.64988136291504, 753.61279296875], [150.29049682617188, 745.1919555664062]]",424689664,410255360,424689664,640,yolo26n_int8_640_ncnn_model,MOT17-09
426,81.74773199993979,0.0,7,"[190, 213, 315, 338, 349, 286, 270]","[[1775.0169677734375, 420.26995849609375, 1880.369873046875, 666.3711547851562], [1670.495361328125, 417.9708557128906, 1767.3349609375, 660.928955078125], [652.8928833007812, 253.6253204345703, 906.5005493164062, 921.2847290039062], [1836.5545654296875, 404.6723937988281, 1918.114013671875, 652.2841796875], [952.6702270507812, 345.3626403808594, 1093.9268798828125, 784.2164306640625], [21.63775634765625, 498.78570556640625, 112.90135955810547, 754.0065307617188], [104.68868255615234, 467.6963195800781, 193.45285034179688, 744.0364379882812]]","[0.53662109375, 0.60107421875, 0.8603515625, 0.28125, 0.787109375, 0.50244140625, 0.410888671875]","[[1827.6934204101562, 666.3711547851562], [1718.9151611328125, 660.928955078125], [779.6967163085938, 921.2847290039062], [1877.3342895507812, 652.2841796875], [1023.2985534667969, 784.2164306640625], [67.26955795288086, 754.0065307617188], [149.0707664489746, 744.0364379882812]]",424689664,410255360,424689664,640,yolo26n_int8_640_ncnn_model,MOT17-09
427,90.95012000011593,0.0,7,"[190, 213, 315, 338, 349, 286, 270]","[[1774.5771484375, 421.87225341796875, 1884.07373046875, 679.3900146484375], [1669.235595703125, 416.4207458496094, 1767.203857421875, 661.3389282226562], [644.0745849609375, 250.9022216796875, 902.8530883789062, 929.1517944335938], [1837.9464111328125, 404.0910339355469, 1919.8157958984375, 651.9993896484375], [956.5411376953125, 351.6214294433594, 1100.3990478515625, 783.8345947265625], [24.138174057006836, 497.7564392089844, 115.46289825439453, 753.9013671875], [104.18021392822266, 460.5644226074219, 193.4540252685547, 743.392333984375]]","[0.60400390625, 0.6044921875, 0.8447265625, 0.43994140625, 0.79150390625, 0.47265625, 0.43603515625]","[[1829.325439453125, 679.3900146484375], [1718.2197265625, 661.3389282226562], [773.4638366699219, 929.1517944335938], [1878.881103515625, 651.9993896484375], [1028.4700927734375, 783.8345947265625], [69.80053615570068, 753.9013671875], [148.81711959838867, 743.392333984375]]",424689664,410255360,424689664,640,yolo26n_int8_640_ncnn_model,MOT17-09
428,82.09108300002299,0.0,7,"[190, 213, 315, 338, 349, 286, 270]","[[1776.107666015625, 419.74951171875, 1883.6134033203125, 672.1724853515625], [1665.263427734375, 411.0913391113281, 1766.4617919921875, 660.2628784179688], [632.7305908203125, 248.9495391845703, 894.4844970703125, 934.0026245117188], [1840.4808349609375, 401.644775390625, 1920.0, 650.1771850585938], [962.3370971679688, 356.9080810546875, 1108.5137939453125, 782.7609252929688], [23.141929626464844, 491.6836853027344, 116.03640747070312, 751.6295776367188], [101.64210510253906, 448.11248779296875, 193.29901123046875, 743.3804931640625]]","[0.58984375, 0.705078125, 0.8525390625, 0.53466796875, 0.794921875, 0.462890625, 0.4990234375]","[[1829.8605346679688, 672.1724853515625], [1715.8626098632812, 660.2628784179688], [763.6075439453125, 934.0026245117188], [1880.2404174804688, 650.1771850585938], [1035.4254455566406, 782.7609252929688], [69.58916854858398, 751.6295776367188], [147.4705581665039, 743.3804931640625]]",424689664,410255360,424689664,640,yolo26n_int8_640_ncnn_model,MOT17-09
429,81.21678700013035,0.0,7,"[190, 213, 315, 338, 349, 286, 270]","[[1780.0950927734375, 421.3619079589844, 1885.6845703125, 664.8179321289062], [1667.560546875, 411.05499267578125, 1770.1029052734375, 661.858642578125], [620.5379028320312, 243.62510681152344, 885.1307983398438, 935.4776611328125], [1841.5653076171875, 402.7144470214844, 1920.0, 650.501220703125], [964.6043701171875, 355.75738525390625, 1112.5177001953125, 780.4140625], [23.881322860717773, 494.57025146484375, 116.18814086914062, 752.4918823242188], [99.96823120117188, 442.894287109375, 191.78431701660156, 741.9624633789062]]","[0.4931640625, 0.63623046875, 0.8447265625, 0.37548828125, 0.80078125, 0.466796875, 0.4990234375]","[[1832.8898315429688, 664.8179321289062], [1718.8317260742188, 661.858642578125], [752.8343505859375, 935.4776611328125], [1880.7826538085938, 650.501220703125], [1038.56103515625, 780.4140625], [70.0347318649292, 752.4918823242188], [145.87627410888672, 741.9624633789062]]",424689664,410255360,424689664,640,yolo26n_int8_640_ncnn_model,MOT17-09
430,81.45449100015867,0.0,9,"[190, 213, 315, 338, 349, 286, 270, 386, 378]","[[1785.486572265625, 420.67864990234375, 1892.382080078125, 666.343994140625], [1671.6153564453125, 412.2764587402344, 1774.03369140625, 661.2500610351562], [605.9066162109375, 229.7884063720703, 871.6411743164062, 934.06396484375], [1843.9970703125, 402.8877258300781, 1920.0, 649.9041137695312], [970.8992919921875, 357.0015869140625, 1116.805419921875, 773.842041015625], [23.821067810058594, 494.7186584472656, 116.47296142578125, 752.8265991210938], [111.1818618774414, 497.70947265625, 187.12123107910156, 744.292236328125], [607.412353515625, 246.23431396484375, 971.6627197265625, 931.9548950195312], [1316.6727294921875, 442.8746032714844, 1385.90185546875, 640.291748046875]]","[0.474853515625, 0.5146484375, 0.80517578125, 0.389404296875, 0.76025390625, 0.282958984375, 0.435302734375, 0.487548828125, 0.476318359375]","[[1838.934326171875, 666.343994140625], [1722.8245239257812, 661.2500610351562], [738.7738952636719, 934.06396484375], [1881.99853515625, 649.9041137695312], [1043.8523559570312, 773.842041015625], [70.14701461791992, 752.8265991210938], [149.15154647827148, 744.292236328125], [789.5375366210938, 931.9548950195312], [1351.2872924804688, 640.291748046875]]",424689664,410255360,424689664,640,yolo26n_int8_640_ncnn_model,MOT17-09
431,81.57726900003581,0.0,9,"[190, 213, 315, 338, 349, 286, 270, 386, 378]","[[1786.8006591796875, 418.6719970703125, 1895.3038330078125, 667.6647338867188], [1672.3477783203125, 409.2545471191406, 1776.1007080078125, 660.5374755859375], [588.9425659179688, 243.4908905029297, 850.2003784179688, 942.7955932617188], [1846.704345703125, 402.9638671875, 1920.0, 647.7135009765625], [975.953857421875, 355.86553955078125, 1121.902099609375, 770.9593505859375], [23.57714080810547, 495.0359802246094, 116.6794662475586, 752.7050170898438], [116.69461822509766, 530.8946533203125, 183.64321899414062, 746.0987548828125], [602.3697509765625, 247.05947875976562, 966.54736328125, 930.0604248046875], [1319.47607421875, 450.8221130371094, 1387.5849609375, 642.1348876953125]]","[0.498046875, 0.537109375, 0.75830078125, 0.444091796875, 0.779296875, 0.40673828125, 0.399169921875, 0.3369140625, 0.476806640625]","[[1841.05224609375, 667.6647338867188], [1724.2242431640625, 660.5374755859375], [719.5714721679688, 942.7955932617188], [1883.3521728515625, 647.7135009765625], [1048.927978515625, 770.9593505859375], [70.12830352783203, 752.7050170898438], [150.16891860961914, 746.0987548828125], [784.4585571289062, 930.0604248046875], [1353.530517578125, 642.1348876953125]]",424689664,410255360,424689664,640,yolo26n_int8_640_ncnn_model,MOT17-09
432,81.5666019998389,0.0,8,"[190, 213, 315, 338, 349, 286, 270, 378]","[[1795.0009765625, 417.90240478515625, 1902.3275146484375, 666.1988525390625], [1673.8624267578125, 411.5846252441406, 1777.425537109375, 660.7791748046875], [565.5656127929688, 246.24253845214844, 828.0947875976562, 945.7896728515625], [1848.79638671875, 401.2588806152344, 1920.0, 646.6626586914062], [984.749267578125, 357.13604736328125, 1130.2318115234375, 774.2423095703125], [19.627737045288086, 486.0051574707031, 115.7862777709961, 749.9335327148438], [118.3455810546875, 535.3518676757812, 183.6143798828125, 743.0287475585938], [1322.89111328125, 453.9874572753906, 1389.9686279296875, 641.394775390625]]","[0.48291015625, 0.481201171875, 0.79248046875, 0.439453125, 0.72607421875, 0.424560546875, 0.421142578125, 0.443603515625]","[[1848.6642456054688, 666.1988525390625], [1725.6439819335938, 660.7791748046875], [696.8302001953125, 945.7896728515625], [1884.398193359375, 646.6626586914062], [1057.4905395507812, 774.2423095703125], [67.70700740814209, 749.9335327148438], [150.97998046875, 743.0287475585938], [1356.4298706054688, 641.394775390625]]",424689664,410255360,424689664,640,yolo26n_int8_640_ncnn_model,MOT17-09
433,81.01406500009034,0.0,9,"[190, 213, 315, 338, 349, 286, 270, 378, 414]","[[1802.2652587890625, 424.3074035644531, 1906.544189453125, 668.886962890625], [1674.1302490234375, 413.2216796875, 1778.0087890625, 662.1322021484375], [550.81884765625, 241.6885528564453, 815.5598754882812, 949.4979858398438], [1853.93017578125, 400.63055419921875, 1920.0, 647.2886352539062], [1002.179443359375, 354.55804443359375, 1144.4805908203125, 770.5465698242188], [22.78131675720215, 483.6156005859375, 118.9759292602539, 748.8964233398438], [119.18660736083984, 537.29833984375, 184.59947204589844, 744.5944213867188], [1324.21923828125, 454.63592529296875, 1390.3294677734375, 641.45068359375], [1770.3031005859375, 430.6499938964844, 1823.6968994140625, 650.25]]","[0.5732421875, 0.6376953125, 0.7431640625, 0.427734375, 0.666015625, 0.28564453125, 0.266845703125, 0.462890625, 0.461181640625]","[[1854.4047241210938, 668.886962890625], [1726.0695190429688, 662.1322021484375], [683.1893615722656, 949.4979858398438], [1886.965087890625, 647.2886352539062], [1073.3300170898438, 770.5465698242188], [70.87862300872803, 748.8964233398438], [151.89303970336914, 744.5944213867188], [1357.2743530273438, 641.45068359375], [1797.0, 650.25]]",424689664,410255360,424689664,640,yolo26n_int8_640_ncnn_model,MOT17-09
434,81.45447199990485,0.0,8,"[190, 213, 315, 338, 349, 286, 378, 414]","[[1804.614501953125, 412.2264709472656, 1910.210693359375, 661.42724609375], [1675.0498046875, 409.8576965332031, 1781.19775390625, 663.6439819335938], [541.8046875, 241.60159301757812, 809.1612548828125, 962.9195556640625], [1855.431640625, 396.9407958984375, 1920.0, 651.0185546875], [1016.9598999023438, 346.5422668457031, 1157.8489990234375, 768.2294311523438], [21.787090301513672, 482.9937744140625, 118.4900131225586, 749.2483520507812], [1330.178955078125, 454.6851501464844, 1396.0172119140625, 641.5194091796875], [1773.490234375, 430.24749755859375, 1827.4097900390625, 652.2625122070312]]","[0.55224609375, 0.62158203125, 0.736328125, 0.439453125, 0.68017578125, 0.27197265625, 0.4384765625, 0.461181640625]","[[1857.41259765625, 661.42724609375], [1728.123779296875, 663.6439819335938], [675.4829711914062, 962.9195556640625], [1887.7158203125, 651.0185546875], [1087.4044494628906, 768.2294311523438], [70.13855171203613, 749.2483520507812], [1363.0980834960938, 641.5194091796875], [1800.4500122070312, 652.2625122070312]]",424689664,410255360,424689664,640,yolo26n_int8_640_ncnn_model,MOT17-09
435,81.16617599989695,0.0,8,"[190, 213, 315, 338, 349, 378, 414, 270]","[[1806.908203125, 421.08172607421875, 1913.8779296875, 676.9497680664062], [1672.998779296875, 406.8707580566406, 1778.7376708984375, 662.9822387695312], [519.353515625, 236.37022399902344, 792.3482666015625, 972.1898193359375], [1856.6134033203125, 397.77520751953125, 1920.0, 664.9251708984375], [1031.912841796875, 347.49945068359375, 1169.5943603515625, 765.4462890625], [1335.3798828125, 449.1676025390625, 1402.91748046875, 640.8174438476562], [1777.2177734375, 429.2425842285156, 1830.6573486328125, 649.1848754882812], [117.91070556640625, 541.9945678710938, 182.7517547607422, 744.928466796875]]","[0.53759765625, 0.4111328125, 0.83935546875, 0.498046875, 0.66796875, 0.370361328125, 0.45068359375, 0.25537109375]","[[1860.39306640625, 676.9497680664062], [1725.8682250976562, 662.9822387695312], [655.8508911132812, 972.1898193359375], [1888.3067016601562, 664.9251708984375], [1100.7536010742188, 765.4462890625], [1369.148681640625, 640.8174438476562], [1803.9375610351562, 649.1848754882812], [150.33123016357422, 744.928466796875]]",424689664,410255360,424689664,640,yolo26n_int8_640_ncnn_model,MOT17-09
436,81.59513900000093,0.0,8,"[190, 213, 315, 338, 349, 378, 414, 416]","[[1810.9493408203125, 422.2394104003906, 1915.775390625, 676.2230224609375], [1674.142822265625, 403.5196533203125, 1777.671875, 660.0189208984375], [506.52728271484375, 240.9965057373047, 783.1155395507812, 988.5100708007812], [1858.9271240234375, 399.3215026855469, 1920.0, 669.009765625], [1043.5498046875, 355.34332275390625, 1177.1766357421875, 767.9661865234375], [1341.1556396484375, 449.595947265625, 1408.317138671875, 642.1002197265625], [1778.85205078125, 426.6822509765625, 1833.2767333984375, 651.5205688476562], [1719.5108642578125, 410.4750061035156, 1795.2891845703125, 659.3250122070312]]","[0.4951171875, 0.317138671875, 0.8203125, 0.47314453125, 0.71484375, 0.359619140625, 0.488525390625, 0.4384765625]","[[1863.3623657226562, 676.2230224609375], [1725.9073486328125, 660.0189208984375], [644.8214111328125, 988.5100708007812], [1889.4635620117188, 669.009765625], [1110.3632202148438, 767.9661865234375], [1374.7363891601562, 642.1002197265625], [1806.0643920898438, 651.5205688476562], [1757.4000244140625, 659.3250122070312]]",424689664,410255360,424689664,640,yolo26n_int8_640_ncnn_model,MOT17-09
437,81.63858399984747,0.0,7,"[190, 315, 338, 349, 378, 414, 416]","[[1814.4422607421875, 422.41888427734375, 1918.198486328125, 676.1495971679688], [497.2713623046875, 243.57830810546875, 775.0267333984375, 997.7844848632812], [1859.971923828125, 400.9338684082031, 1920.0, 678.3710327148438], [1052.89013671875, 357.52069091796875, 1182.18359375, 760.7378540039062], [1346.3402099609375, 448.66632080078125, 1412.986572265625, 641.6090698242188], [1781.5850830078125, 424.5318908691406, 1836.031982421875, 650.421142578125], [1727.452392578125, 412.9104309082031, 1802.192138671875, 657.8173217773438]]","[0.51708984375, 0.8154296875, 0.383544921875, 0.73681640625, 0.42529296875, 0.476806640625, 0.476806640625]","[[1866.3203735351562, 676.1495971679688], [636.1490478515625, 997.7844848632812], [1889.9859619140625, 678.3710327148438], [1117.536865234375, 760.7378540039062], [1379.6633911132812, 641.6090698242188], [1808.8085327148438, 650.421142578125], [1764.822265625, 657.8173217773438]]",424689664,410255360,424689664,640,yolo26n_int8_640_ncnn_model,MOT17-09
438,81.9630099999813,0.0,6,"[190, 315, 349, 378, 414, 416]","[[1815.415283203125, 423.70550537109375, 1919.1920166015625, 680.7990112304688], [492.0580139160156, 226.5312957763672, 772.0469360351562, 993.791015625], [1058.7677001953125, 360.8046569824219, 1186.802734375, 757.6060180664062], [1351.2646484375, 447.0003356933594, 1419.4053955078125, 646.7137451171875], [1787.1201171875, 426.9886779785156, 1840.5966796875, 651.0728149414062], [1726.9375, 422.5545959472656, 1802.90185546875, 672.0501098632812]]","[0.5615234375, 0.69775390625, 0.734375, 0.45751953125, 0.45458984375, 0.57666015625]","[[1867.3036499023438, 680.7990112304688], [632.0524749755859, 993.791015625], [1122.7852172851562, 757.6060180664062], [1385.3350219726562, 646.7137451171875], [1813.8583984375, 651.0728149414062], [1764.919677734375, 672.0501098632812]]",424689664,410255360,424689664,640,yolo26n_int8_640_ncnn_model,MOT17-09
439,82.19071300004543,0.0,8,"[190, 315, 349, 378, 414, 416, 419, 386]","[[1813.97509765625, 422.9425048828125, 1919.177978515625, 688.67822265625], [485.86029052734375, 221.74588012695312, 762.7393798828125, 992.2929077148438], [1064.7930908203125, 359.70782470703125, 1193.9368896484375, 757.7933349609375], [1354.3720703125, 448.57232666015625, 1422.2216796875, 648.3592529296875], [1791.2845458984375, 428.19659423828125, 1843.9617919921875, 652.087890625], [1730.5457763671875, 427.114501953125, 1805.7137451171875, 674.746337890625], [1691.3497314453125, 419.4750061035156, 1751.4501953125, 665.3250122070312], [492.2987060546875, 245.2239227294922, 884.0530395507812, 1002.5233764648438]]","[0.56298828125, 0.74072265625, 0.75830078125, 0.462158203125, 0.38330078125, 0.615234375, 0.369140625, 0.305419921875]","[[1866.5765380859375, 688.67822265625], [624.2998352050781, 992.2929077148438], [1129.364990234375, 757.7933349609375], [1388.296875, 648.3592529296875], [1817.6231689453125, 652.087890625], [1768.1297607421875, 674.746337890625], [1721.3999633789062, 665.3250122070312], [688.1758728027344, 1002.5233764648438]]",424689664,410255360,424689664,640,yolo26n_int8_640_ncnn_model,MOT17-09
440,83.1209170000875,0.0,7,"[190, 315, 349, 378, 416, 419, 421]","[[1814.4957275390625, 424.1015319824219, 1914.0283203125, 683.3361206054688], [478.2045593261719, 214.6088409423828, 754.5224609375, 997.863037109375], [1073.110595703125, 363.25567626953125, 1202.8189697265625, 758.9347534179688], [1358.651123046875, 452.3583068847656, 1425.7637939453125, 653.7007446289062], [1739.2183837890625, 432.1773986816406, 1809.818603515625, 664.9866943359375], [1697.516845703125, 418.7240905761719, 1757.7598876953125, 664.6896362304688], [0.0, 261.375, 138.59605407714844, 929.625]]","[0.58837890625, 0.7890625, 0.79833984375, 0.46044921875, 0.61083984375, 0.429931640625, 0.5439453125]","[[1864.2620239257812, 683.3361206054688], [616.3635101318359, 997.863037109375], [1137.9647827148438, 758.9347534179688], [1392.2074584960938, 653.7007446289062], [1774.5184936523438, 664.9866943359375], [1727.6383666992188, 664.6896362304688], [69.29802703857422, 929.625]]",424689664,410255360,424689664,640,yolo26n_int8_640_ncnn_model,MOT17-09
441,81.3708250000218,0.0,8,"[190, 315, 349, 378, 416, 419, 421, 425]","[[1818.011474609375, 428.0101013183594, 1910.38427734375, 676.6778564453125], [459.2139892578125, 215.87692260742188, 734.4966430664062, 999.832763671875], [1078.7293701171875, 363.53826904296875, 1209.897216796875, 758.4417114257812], [1362.91259765625, 453.98834228515625, 1428.092529296875, 653.46337890625], [1746.5496826171875, 434.956298828125, 1815.2462158203125, 659.975830078125], [1700.34375, 418.1807556152344, 1761.448486328125, 667.1008911132812], [6.86678409576416, 250.87892150878906, 148.5347137451172, 926.3179931640625], [1876.5333251953125, 382.875, 1920.0, 676.7249755859375]]","[0.51904296875, 0.75830078125, 0.7900390625, 0.42041015625, 0.5986328125, 0.4775390625, 0.666015625, 0.343994140625]","[[1864.1978759765625, 676.6778564453125], [596.8553161621094, 999.832763671875], [1144.3132934570312, 758.4417114257812], [1395.5025634765625, 653.46337890625], [1780.89794921875, 659.975830078125], [1730.8961181640625, 667.1008911132812], [77.70074892044067, 926.3179931640625], [1898.2666625976562, 676.7249755859375]]",424689664,410255360,424689664,640,yolo26n_int8_640_ncnn_model,MOT17-09
442,81.8006399999831,0.0,8,"[190, 315, 349, 378, 416, 419, 421, 425]","[[1817.5614013671875, 423.1715087890625, 1908.55712890625, 675.3771362304688], [432.1065979003906, 215.02110290527344, 710.6143188476562, 1007.7532348632812], [1081.0830078125, 361.3457946777344, 1213.5889892578125, 758.5682373046875], [1368.488525390625, 453.3033752441406, 1433.60986328125, 649.6017456054688], [1750.640869140625, 428.711181640625, 1823.6263427734375, 666.3147583007812], [1703.453369140625, 418.3103942871094, 1764.5125732421875, 666.4757080078125], [27.661413192749023, 256.7198181152344, 169.31048583984375, 922.7344360351562], [1874.2926025390625, 382.591064453125, 1919.0186767578125, 678.826171875]]","[0.49462890625, 0.83935546875, 0.76123046875, 0.41259765625, 0.61669921875, 0.464599609375, 0.7451171875, 0.472412109375]","[[1863.0592651367188, 675.3771362304688], [571.3604583740234, 1007.7532348632812], [1147.3359985351562, 758.5682373046875], [1401.0491943359375, 649.6017456054688], [1787.1336059570312, 666.3147583007812], [1733.9829711914062, 666.4757080078125], [98.48594951629639, 922.7344360351562], [1896.6556396484375, 678.826171875]]",424689664,410255360,424689664,640,yolo26n_int8_640_ncnn_model,MOT17-09
443,82.14878800004044,0.0,7,"[315, 349, 378, 416, 419, 421, 425]","[[423.7283020019531, 211.35951232910156, 700.84033203125, 1007.1900024414062], [1092.8236083984375, 368.19439697265625, 1223.380615234375, 761.8992309570312], [1376.1290283203125, 453.739013671875, 1442.7799072265625, 648.3723754882812], [1752.231689453125, 430.3710632324219, 1826.107177734375, 669.719482421875], [1707.7615966796875, 424.0739440917969, 1766.2576904296875, 661.6145629882812], [51.900901794433594, 267.533447265625, 194.13070678710938, 915.3493041992188], [1866.044921875, 381.91534423828125, 1912.0042724609375, 682.4436645507812]]","[0.83984375, 0.68310546875, 0.430908203125, 0.6474609375, 0.32958984375, 0.8232421875, 0.58837890625]","[[562.2843170166016, 1007.1900024414062], [1158.1021118164062, 761.8992309570312], [1409.4544677734375, 648.3723754882812], [1789.16943359375, 669.719482421875], [1737.0096435546875, 661.6145629882812], [123.01580429077148, 915.3493041992188], [1889.0245971679688, 682.4436645507812]]",424689664,410255360,424689664,640,yolo26n_int8_640_ncnn_model,MOT17-09
444,81.30647300004057,0.0,7,"[315, 349, 378, 416, 419, 421, 425]","[[409.88177490234375, 196.06878662109375, 686.6290893554688, 997.2208251953125], [1105.0400390625, 371.48675537109375, 1230.5772705078125, 751.4746704101562], [1378.65966796875, 454.35723876953125, 1446.166748046875, 647.4072875976562], [1755.70849609375, 430.37078857421875, 1829.779052734375, 669.422607421875], [1711.97265625, 427.1509094238281, 1768.0584716796875, 654.5220947265625], [60.58986282348633, 260.7177429199219, 208.98348999023438, 911.3135375976562], [1863.3773193359375, 385.30975341796875, 1909.8790283203125, 684.3804931640625]]","[0.80078125, 0.6982421875, 0.39990234375, 0.69775390625, 0.381591796875, 0.83642578125, 0.662109375]","[[548.2554321289062, 997.2208251953125], [1167.8086547851562, 751.4746704101562], [1412.4132080078125, 647.4072875976562], [1792.7437744140625, 669.422607421875], [1740.0155639648438, 654.5220947265625], [134.78667640686035, 911.3135375976562], [1886.628173828125, 684.3804931640625]]",424689664,410255360,424689664,640,yolo26n_int8_640_ncnn_model,MOT17-09
445,80.92164000004232,0.0,8,"[315, 349, 378, 416, 419, 421, 386, 190]","[[389.7679443359375, 188.36813354492188, 666.0322875976562, 995.2250366210938], [1115.234375, 371.6376647949219, 1238.9794921875, 750.6295166015625], [1382.65673828125, 455.5450134277344, 1450.9996337890625, 646.045166015625], [1759.6396484375, 430.2759094238281, 1834.1998291015625, 671.2752075195312], [1714.1900634765625, 421.4434509277344, 1771.8402099609375, 656.7162475585938], [67.20568084716797, 275.1134338378906, 220.5577392578125, 915.7118530273438], [369.3408203125, 214.7293701171875, 768.1085205078125, 1010.7818603515625], [1827.250732421875, 390.448486328125, 1920.0, 687.47509765625]]","[0.78564453125, 0.66259765625, 0.48291015625, 0.677734375, 0.39697265625, 0.8583984375, 0.546875, 0.64208984375]","[[527.9001159667969, 995.2250366210938], [1177.10693359375, 750.6295166015625], [1416.8281860351562, 646.045166015625], [1796.9197387695312, 671.2752075195312], [1743.01513671875, 656.7162475585938], [143.88171005249023, 915.7118530273438], [568.7246704101562, 1010.7818603515625], [1873.6253662109375, 687.47509765625]]",424689664,410255360,424689664,640,yolo26n_int8_640_ncnn_model,MOT17-09
446,81.35508399982427,0.0,8,"[315, 349, 378, 416, 419, 421, 386, 190]","[[372.1192932128906, 188.2674560546875, 648.449951171875, 997.5473022460938], [1125.673828125, 371.13885498046875, 1248.791259765625, 752.884521484375], [1384.70654296875, 454.9443664550781, 1454.8756103515625, 646.5399169921875], [1763.3408203125, 430.42510986328125, 1837.289306640625, 668.6533203125], [1717.130615234375, 415.1346740722656, 1774.89794921875, 651.6038208007812], [67.44288635253906, 265.4344482421875, 229.58168029785156, 913.2559814453125], [380.93243408203125, 204.4458770751953, 782.9714965820312, 996.0718383789062], [1825.3892822265625, 383.9571838378906, 1920.0, 688.850341796875]]","[0.8388671875, 0.6630859375, 0.472412109375, 0.572265625, 0.369384765625, 0.8603515625, 0.2861328125, 0.60498046875]","[[510.2846221923828, 997.5473022460938], [1187.2325439453125, 752.884521484375], [1419.7910766601562, 646.5399169921875], [1800.3150634765625, 668.6533203125], [1746.0142822265625, 651.6038208007812], [148.5122833251953, 913.2559814453125], [581.9519653320312, 996.0718383789062], [1872.6946411132812, 688.850341796875]]",424689664,410255360,424689664,640,yolo26n_int8_640_ncnn_model,MOT17-09
447,80.89236199998595,0.0,7,"[315, 349, 378, 416, 419, 421, 190]","[[339.2936706542969, 183.47653198242188, 621.1527709960938, 1000.310302734375], [1134.826171875, 373.1431579589844, 1256.5078125, 754.525146484375], [1386.041259765625, 454.4399108886719, 1459.4124755859375, 650.9576416015625], [1765.519287109375, 431.9212646484375, 1837.2841796875, 664.089111328125], [1719.7757568359375, 410.7572326660156, 1778.249267578125, 649.7838745117188], [63.55665969848633, 267.5673522949219, 232.69412231445312, 915.0408935546875], [1819.1751708984375, 378.87371826171875, 1920.0, 682.3729248046875]]","[0.869140625, 0.67578125, 0.51806640625, 0.5546875, 0.4111328125, 0.85595703125, 0.53466796875]","[[480.2232208251953, 1000.310302734375], [1195.6669921875, 754.525146484375], [1422.7268676757812, 650.9576416015625], [1801.4017333984375, 664.089111328125], [1749.0125122070312, 649.7838745117188], [148.12539100646973, 915.0408935546875], [1869.5875854492188, 682.3729248046875]]",424689664,410255360,424689664,640,yolo26n_int8_640_ncnn_model,MOT17-09
448,81.3759539998955,0.0,7,"[315, 349, 378, 416, 419, 421, 190]","[[290.107421875, 178.3542022705078, 588.0941162109375, 1017.4688110351562], [1144.603271484375, 371.60040283203125, 1264.3251953125, 750.4561157226562], [1385.940673828125, 452.50299072265625, 1461.4447021484375, 648.4201049804688], [1766.7227783203125, 431.149658203125, 1840.56884765625, 672.7348022460938], [1726.7052001953125, 409.1867980957031, 1785.39013671875, 647.1776733398438], [57.15116882324219, 269.962890625, 233.56202697753906, 916.1765747070312], [1805.59912109375, 375.3187561035156, 1913.5277099609375, 683.41455078125]]","[0.88037109375, 0.70068359375, 0.537109375, 0.43603515625, 0.46630859375, 0.84228515625, 0.35498046875]","[[439.10076904296875, 1017.4688110351562], [1204.4642333984375, 750.4561157226562], [1423.6926879882812, 648.4201049804688], [1803.6458129882812, 672.7348022460938], [1756.0476684570312, 647.1776733398438], [145.35659790039062, 916.1765747070312], [1859.5634155273438, 683.41455078125]]",424689664,410255360,424689664,640,yolo26n_int8_640_ncnn_model,MOT17-09
449,81.4747519998491,0.0,7,"[315, 349, 378, 416, 419, 421, 190]","[[249.43336486816406, 177.01187133789062, 564.350341796875, 1030.2462158203125], [1154.371826171875, 371.9660339355469, 1273.4254150390625, 749.968994140625], [1383.265625, 451.7295837402344, 1460.5181884765625, 649.412841796875], [1763.1370849609375, 426.6525573730469, 1837.7454833984375, 672.1477661132812], [1732.075439453125, 410.17926025390625, 1791.044921875, 644.7827758789062], [53.14762496948242, 277.2585754394531, 236.49755859375, 920.33544921875], [1794.268798828125, 380.1210632324219, 1904.419189453125, 681.613525390625]]","[0.869140625, 0.73779296875, 0.5048828125, 0.277587890625, 0.442138671875, 0.8447265625, 0.481201171875]","[[406.89185333251953, 1030.2462158203125], [1213.8986206054688, 749.968994140625], [1421.8919067382812, 649.412841796875], [1800.4412841796875, 672.1477661132812], [1761.5601806640625, 644.7827758789062], [144.8225917816162, 920.33544921875], [1849.343994140625, 681.613525390625]]",424689664,410255360,424689664,640,yolo26n_int8_640_ncnn_model,MOT17-09
450,81.63128800015329,0.0,7,"[315, 349, 378, 419, 421, 190, 434]","[[228.0117950439453, 182.4954071044922, 555.3818969726562, 1039.9173583984375], [1168.4462890625, 373.5592346191406, 1288.662353515625, 746.3455810546875], [1385.6197509765625, 442.7804870605469, 1466.435546875, 651.5111083984375], [1734.3623046875, 414.1484069824219, 1794.552490234375, 648.5308227539062], [44.801979064941406, 273.8302001953125, 236.6016845703125, 923.9384155273438], [1782.618408203125, 392.4925537109375, 1890.34033203125, 678.4193115234375], [1871.63720703125, 375.1499938964844, 1913.162841796875, 679.9500122070312]]","[0.87841796875, 0.72119140625, 0.328369140625, 0.453857421875, 0.83251953125, 0.4375, 0.394775390625]","[[391.6968460083008, 1039.9173583984375], [1228.5543212890625, 746.3455810546875], [1426.0276489257812, 651.5111083984375], [1764.4573974609375, 648.5308227539062], [140.70183181762695, 923.9384155273438], [1836.4793701171875, 678.4193115234375], [1892.4000244140625, 679.9500122070312]]",424689664,410255360,424689664,640,yolo26n_int8_640_ncnn_model,MOT17-09
451,81.1120480000227,0.0,7,"[315, 349, 378, 419, 421, 190, 434]","[[213.7653045654297, 182.8040313720703, 553.0657958984375, 1043.4622802734375], [1178.4608154296875, 371.1112976074219, 1302.9036865234375, 746.0402221679688], [1396.9599609375, 437.982666015625, 1479.37255859375, 655.6812133789062], [1734.1778564453125, 410.3785705566406, 1792.5699462890625, 635.179931640625], [40.03727722167969, 267.86590576171875, 237.881591796875, 916.8972778320312], [1776.8292236328125, 396.12506103515625, 1884.3250732421875, 676.4210815429688], [1869.174560546875, 380.8401184082031, 1909.5869140625, 674.9566040039062]]","[0.85595703125, 0.7490234375, 0.408203125, 0.455078125, 0.81591796875, 0.54345703125, 0.3798828125]","[[383.4155502319336, 1043.4622802734375], [1240.6822509765625, 746.0402221679688], [1438.166259765625, 655.6812133789062], [1763.3739013671875, 635.179931640625], [138.95943450927734, 916.8972778320312], [1830.5771484375, 676.4210815429688], [1889.3807373046875, 674.9566040039062]]",424689664,410255360,424689664,640,yolo26n_int8_640_ncnn_model,MOT17-09
452,82.15215899986106,0.0,8,"[315, 349, 378, 419, 421, 190, 434, 441]","[[202.80886840820312, 180.08499145507812, 555.168701171875, 1052.4697265625], [1184.75390625, 369.9256896972656, 1312.9090576171875, 745.2291259765625], [1399.724365234375, 434.9304504394531, 1481.9796142578125, 659.4658203125], [1736.138427734375, 409.241943359375, 1791.4234619140625, 619.796875], [41.1845703125, 265.9423828125, 242.87623596191406, 910.8701782226562], [1772.0225830078125, 394.75469970703125, 1880.9244384765625, 676.4345092773438], [1865.09814453125, 389.8538818359375, 1904.5352783203125, 669.744873046875], [548.2850341796875, 396.6000061035156, 618.5650024414062, 566.4000244140625]]","[0.86865234375, 0.763671875, 0.482177734375, 0.452392578125, 0.79931640625, 0.5458984375, 0.57080078125, 0.350830078125]","[[378.98878479003906, 1052.4697265625], [1248.8314819335938, 745.2291259765625], [1440.8519897460938, 659.4658203125], [1763.7809448242188, 619.796875], [142.03040313720703, 910.8701782226562], [1826.4735107421875, 676.4345092773438], [1884.8167114257812, 669.744873046875], [583.4250183105469, 566.4000244140625]]",424689664,410255360,424689664,640,yolo26n_int8_640_ncnn_model,MOT17-09
453,81.03099199979624,0.0,8,"[315, 349, 378, 419, 421, 190, 441, 425]","[[190.67239379882812, 170.57632446289062, 553.3818359375, 1055.4849853515625], [1187.9088134765625, 366.9698791503906, 1319.0986328125, 740.50048828125], [1407.3043212890625, 440.301513671875, 1483.9337158203125, 652.460693359375], [1733.7020263671875, 408.3582458496094, 1791.7479248046875, 629.3212280273438], [51.41999053955078, 273.7143859863281, 253.23779296875, 919.161865234375], [1763.1690673828125, 397.98974609375, 1873.0023193359375, 678.67236328125], [549.537353515625, 397.88177490234375, 617.42919921875, 561.6224975585938], [1850.9051513671875, 387.1988525390625, 1901.3648681640625, 684.2644653320312]]","[0.85400390625, 0.74560546875, 0.4931640625, 0.38720703125, 0.703125, 0.422119140625, 0.293701171875, 0.60302734375]","[[372.02711486816406, 1055.4849853515625], [1253.5037231445312, 740.50048828125], [1445.6190185546875, 652.460693359375], [1762.7249755859375, 629.3212280273438], [152.3288917541504, 919.161865234375], [1818.085693359375, 678.67236328125], [583.4832763671875, 561.6224975585938], [1876.135009765625, 684.2644653320312]]",424689664,410255360,424689664,640,yolo26n_int8_640_ncnn_model,MOT17-09
454,81.50902900001711,0.0,8,"[315, 349, 378, 419, 421, 190, 441, 425]","[[174.87159729003906, 159.93812561035156, 546.441162109375, 1060.6004638671875], [1189.8675537109375, 371.3226318359375, 1322.8760986328125, 739.2741088867188], [1414.3433837890625, 437.5378112792969, 1490.1566162109375, 649.5960083007812], [1733.466064453125, 406.5701599121094, 1787.25341796875, 612.261962890625], [63.89075469970703, 268.3670654296875, 264.4619445800781, 915.56298828125], [1758.3046875, 388.57611083984375, 1871.71240234375, 678.2819213867188], [548.5672607421875, 397.10479736328125, 617.2437133789062, 562.4570922851562], [1851.499267578125, 378.2688903808594, 1904.5526123046875, 669.946044921875]]","[0.84716796875, 0.73828125, 0.440185546875, 0.294189453125, 0.62353515625, 0.544921875, 0.377685546875, 0.533203125]","[[360.65637969970703, 1060.6004638671875], [1256.371826171875, 739.2741088867188], [1452.25, 649.5960083007812], [1760.3597412109375, 612.261962890625], [164.17634963989258, 915.56298828125], [1815.008544921875, 678.2819213867188], [582.9054870605469, 562.4570922851562], [1878.0259399414062, 669.946044921875]]",424689664,410255360,424689664,640,yolo26n_int8_640_ncnn_model,MOT17-09
455,80.97628799987433,0.0,7,"[315, 349, 378, 190, 441, 425, 286]","[[138.23971557617188, 157.91903686523438, 513.9736938476562, 1062.3839111328125], [1195.8013916015625, 373.2027893066406, 1331.341552734375, 742.6375732421875], [1416.6988525390625, 435.8040466308594, 1494.423828125, 658.17333984375], [1746.78857421875, 387.5283508300781, 1859.5430908203125, 677.6424560546875], [547.8550415039062, 397.1304626464844, 617.6136474609375, 564.7843627929688], [1839.315673828125, 383.21875, 1897.750244140625, 671.6453857421875], [12.150909423828125, 492.9158935546875, 113.40258026123047, 757.6851196289062]]","[0.8642578125, 0.72119140625, 0.42529296875, 0.58203125, 0.4345703125, 0.4345703125, 0.395751953125]","[[326.10670471191406, 1062.3839111328125], [1263.5714721679688, 742.6375732421875], [1455.5613403320312, 658.17333984375], [1803.1658325195312, 677.6424560546875], [582.7343444824219, 564.7843627929688], [1868.532958984375, 671.6453857421875], [62.7767448425293, 757.6851196289062]]",424689664,410255360,424689664,640,yolo26n_int8_640_ncnn_model,MOT17-09
456,81.85013999991497,0.0,7,"[315, 349, 378, 190, 441, 425, 443]","[[105.87240600585938, 148.72691345214844, 483.63006591796875, 1058.7025146484375], [1204.445068359375, 377.61029052734375, 1337.4210205078125, 738.2125244140625], [1424.400146484375, 433.2373352050781, 1500.6556396484375, 651.67529296875], [1741.019287109375, 380.5302734375, 1854.4500732421875, 676.1578369140625], [547.5074462890625, 396.865966796875, 618.4124145507812, 566.94091796875], [1824.361572265625, 391.06719970703125, 1883.76806640625, 670.3020629882812], [1880.5076904296875, 410.54998779296875, 1917.4923095703125, 659.5499877929688]]","[0.875, 0.75732421875, 0.54345703125, 0.5966796875, 0.372802734375, 0.439208984375, 0.404541015625]","[[294.75123596191406, 1058.7025146484375], [1270.9330444335938, 738.2125244140625], [1462.5278930664062, 651.67529296875], [1797.7346801757812, 676.1578369140625], [582.9599304199219, 566.94091796875], [1854.0648193359375, 670.3020629882812], [1899.0, 659.5499877929688]]",424689664,410255360,424689664,640,yolo26n_int8_640_ncnn_model,MOT17-09
457,81.19221400011156,0.0,8,"[315, 349, 378, 190, 441, 425, 443, 444]","[[95.16844177246094, 151.96434020996094, 468.4042663574219, 1074.0247802734375], [1209.3006591796875, 371.2054748535156, 1343.374755859375, 734.58203125], [1430.5174560546875, 440.92010498046875, 1503.537841796875, 650.2911987304688], [1733.8797607421875, 390.9210205078125, 1842.052490234375, 678.2924194335938], [546.9596557617188, 394.9326477050781, 618.6080932617188, 566.3662719726562], [1816.3533935546875, 393.4818420410156, 1879.166748046875, 674.4102783203125], [1878.4932861328125, 420.1300964355469, 1914.746337890625, 662.584716796875], [1806.6982421875, 385.57501220703125, 1919.3017578125, 672.2249755859375]]","[0.82177734375, 0.7734375, 0.486328125, 0.56787109375, 0.427490234375, 0.382568359375, 0.377685546875, 0.37646484375]","[[281.7863540649414, 1074.0247802734375], [1276.3377075195312, 734.58203125], [1467.0276489257812, 650.2911987304688], [1787.9661254882812, 678.2924194335938], [582.7838745117188, 566.3662719726562], [1847.7600708007812, 674.4102783203125], [1896.6198120117188, 662.584716796875], [1863.0, 672.2249755859375]]",424689664,410255360,424689664,640,yolo26n_int8_640_ncnn_model,MOT17-09
458,99.92367600011676,0.0,7,"[315, 349, 378, 190, 425, 443, 444]","[[76.55909729003906, 152.36627197265625, 443.8978576660156, 1079.7330322265625], [1220.380615234375, 376.29058837890625, 1351.6942138671875, 732.7977294921875], [1435.1497802734375, 448.9187927246094, 1505.89404296875, 648.7538452148438], [1723.4752197265625, 391.0680236816406, 1829.37109375, 678.1307983398438], [1808.157958984375, 402.83587646484375, 1870.998779296875, 677.4299926757812], [1876.4827880859375, 420.0658874511719, 1914.6993408203125, 673.7083740234375], [1802.78564453125, 381.45416259765625, 1918.571044921875, 676.1137084960938]]","[0.7841796875, 0.72509765625, 0.498046875, 0.63134765625, 0.260009765625, 0.434326171875, 0.50048828125]","[[260.22847747802734, 1079.7330322265625], [1286.0374145507812, 732.7977294921875], [1470.5219116210938, 648.7538452148438], [1776.4231567382812, 678.1307983398438], [1839.578369140625, 677.4299926757812], [1895.591064453125, 673.7083740234375], [1860.6783447265625, 676.1137084960938]]",424689664,410255360,424689664,640,yolo26n_int8_640_ncnn_model,MOT17-09
459,81.38719600015065,0.0,7,"[315, 349, 378, 190, 443, 444, 441]","[[54.61658477783203, 134.5231170654297, 423.9272766113281, 1080.0], [1229.3609619140625, 377.4466247558594, 1359.3465576171875, 733.9580078125], [1440.12158203125, 450.87713623046875, 1510.185791015625, 647.1735229492188], [1717.1812744140625, 396.59722900390625, 1819.4781494140625, 677.5721435546875], [1879.0341796875, 421.82196044921875, 1916.6368408203125, 670.5316772460938], [1791.0711669921875, 382.0986328125, 1905.6922607421875, 674.2395629882812], [546.7346801757812, 396.6187744140625, 618.6924438476562, 568.4547729492188]]","[0.6259765625, 0.72998046875, 0.57861328125, 0.54833984375, 0.369873046875, 0.5966796875, 0.279541015625]","[[239.27193069458008, 1080.0], [1294.353759765625, 733.9580078125], [1475.1536865234375, 647.1735229492188], [1768.3297119140625, 677.5721435546875], [1897.8355102539062, 670.5316772460938], [1848.3817138671875, 674.2395629882812], [582.7135620117188, 568.4547729492188]]",424689664,410255360,424689664,640,yolo26n_int8_640_ncnn_model,MOT17-09
460,86.03708400005416,0.0,8,"[315, 349, 378, 190, 443, 444, 441, 434]","[[51.234336853027344, 129.2928009033203, 418.1086120605469, 1078.833740234375], [1242.1929931640625, 366.1202392578125, 1372.0599365234375, 729.2034301757812], [1443.8790283203125, 452.3191833496094, 1514.5213623046875, 647.8662109375], [1702.253173828125, 386.72662353515625, 1808.78466796875, 676.3582153320312], [1883.3956298828125, 432.6537780761719, 1916.14990234375, 646.5621337890625], [1778.381591796875, 393.1471252441406, 1888.0655517578125, 674.0609130859375], [547.1661987304688, 397.3186950683594, 618.2570190429688, 566.4760131835938], [1846.143310546875, 428.21405029296875, 1879.8663330078125, 657.5982055664062]]","[0.72216796875, 0.693359375, 0.5517578125, 0.61669921875, 0.363037109375, 0.388427734375, 0.315673828125, 0.452392578125]","[[234.6714744567871, 1078.833740234375], [1307.12646484375, 729.2034301757812], [1479.2001953125, 647.8662109375], [1755.5189208984375, 676.3582153320312], [1899.7727661132812, 646.5621337890625], [1833.2235717773438, 674.0609130859375], [582.7116088867188, 566.4760131835938], [1863.0048217773438, 657.5982055664062]]",424689664,410255360,424689664,640,yolo26n_int8_640_ncnn_model,MOT17-09
461,81.07393699992826,0.0,7,"[315, 349, 378, 190, 443, 444, 434]","[[22.579431533813477, 127.45817565917969, 387.8516540527344, 1080.0], [1251.9637451171875, 364.8580322265625, 1380.18017578125, 728.4696655273438], [1447.2628173828125, 451.066162109375, 1519.8076171875, 649.886474609375], [1692.945556640625, 390.22137451171875, 1801.0838623046875, 675.667236328125], [1886.154541015625, 440.6637268066406, 1916.431396484375, 635.8446044921875], [1765.2305908203125, 390.7052917480469, 1874.342041015625, 673.4254150390625], [1842.0157470703125, 427.47149658203125, 1878.125732421875, 659.2345581054688]]","[0.62646484375, 0.65966796875, 0.5546875, 0.62646484375, 0.305419921875, 0.379638671875, 0.501953125]","[[205.21554279327393, 1080.0], [1316.0719604492188, 728.4696655273438], [1483.5352172851562, 649.886474609375], [1747.0147094726562, 675.667236328125], [1901.29296875, 635.8446044921875], [1819.7863159179688, 673.4254150390625], [1860.0707397460938, 659.2345581054688]]",424689664,410255360,424689664,640,yolo26n_int8_640_ncnn_model,MOT17-09
462,81.9428259999313,0.0,7,"[315, 349, 378, 190, 444, 434, 441]","[[0.0, 120.05974578857422, 359.5919189453125, 1080.0], [1257.172607421875, 364.650146484375, 1384.03369140625, 729.007568359375], [1450.133544921875, 447.5975341796875, 1523.8359375, 646.670166015625], [1682.263916015625, 391.87457275390625, 1793.9085693359375, 676.1524658203125], [1753.8546142578125, 392.74285888671875, 1860.5401611328125, 673.4774169921875], [1839.55224609375, 428.213623046875, 1878.762451171875, 662.9839477539062], [547.0789794921875, 396.3660583496094, 618.3432006835938, 565.7081298828125]]","[0.85693359375, 0.74462890625, 0.51611328125, 0.6767578125, 0.459716796875, 0.48486328125, 0.31298828125]","[[179.79595947265625, 1080.0], [1320.6031494140625, 729.007568359375], [1486.9847412109375, 646.670166015625], [1738.0862426757812, 676.1524658203125], [1807.1973876953125, 673.4774169921875], [1859.1573486328125, 662.9839477539062], [582.7110900878906, 565.7081298828125]]",424689664,410255360,424689664,640,yolo26n_int8_640_ncnn_model,MOT17-09
463,81.11134399996445,0.0,9,"[315, 349, 378, 190, 444, 434, 445, 441, 386]","[[0.0, 124.2566909790039, 339.44818115234375, 1080.0], [1264.7974853515625, 368.8107604980469, 1389.0908203125, 727.0398559570312], [1456.15087890625, 447.25262451171875, 1531.0047607421875, 646.445068359375], [1672.3507080078125, 393.5068359375, 1787.701416015625, 674.3546752929688], [1746.08984375, 397.5775146484375, 1847.8511962890625, 670.354248046875], [1837.103271484375, 430.6554870605469, 1878.712890625, 660.0333862304688], [242.16493225097656, 283.125, 461.7850646972656, 886.2750244140625], [547.2742309570312, 396.6123046875, 617.6524047851562, 563.011474609375], [0.0, 138.6790313720703, 460.7476806640625, 1078.8646240234375]]","[0.8984375, 0.7138671875, 0.369873046875, 0.71630859375, 0.424560546875, 0.5712890625, 0.49609375, 0.352294921875, 0.7509765625]","[[169.72409057617188, 1080.0], [1326.9441528320312, 727.0398559570312], [1493.5778198242188, 646.445068359375], [1730.0260620117188, 674.3546752929688], [1796.9705200195312, 670.354248046875], [1857.9080810546875, 660.0333862304688], [351.9749984741211, 886.2750244140625], [582.4633178710938, 563.011474609375], [230.37384033203125, 1078.8646240234375]]",424689664,410255360,424689664,640,yolo26n_int8_640_ncnn_model,MOT17-09
464,81.83764000000338,0.0,8,"[315, 349, 378, 190, 444, 445, 441, 416]","[[0.0, 133.69418334960938, 330.6556091308594, 1080.0], [1273.106689453125, 372.1587219238281, 1395.8433837890625, 726.6072387695312], [1462.88720703125, 451.5910949707031, 1537.8397216796875, 650.84716796875], [1662.9312744140625, 394.38330078125, 1781.6605224609375, 675.427490234375], [1740.3375244140625, 401.5735778808594, 1839.04638671875, 671.0657958984375], [235.8973846435547, 283.2694396972656, 453.83868408203125, 878.5035400390625], [548.2372436523438, 397.2054138183594, 617.0226440429688, 558.5252685546875], [1821.4757080078125, 429.85113525390625, 1892.011962890625, 659.5970458984375]]","[0.88671875, 0.732421875, 0.3125, 0.73193359375, 0.403076171875, 0.5732421875, 0.31689453125, 0.58349609375]","[[165.3278045654297, 1080.0], [1334.4750366210938, 726.6072387695312], [1500.3634643554688, 650.84716796875], [1722.2958984375, 675.427490234375], [1789.6919555664062, 671.0657958984375], [344.86803436279297, 878.5035400390625], [582.6299438476562, 558.5252685546875], [1856.7438354492188, 659.5970458984375]]",424689664,410255360,424689664,640,yolo26n_int8_640_ncnn_model,MOT17-09
465,81.1211769998863,0.0,8,"[315, 349, 378, 190, 444, 445, 441, 416]","[[0.0, 126.551025390625, 322.9216003417969, 1078.85009765625], [1282.52734375, 374.154541015625, 1404.406494140625, 724.7532958984375], [1465.5224609375, 451.7256774902344, 1540.948486328125, 652.0149536132812], [1656.8428955078125, 393.2230224609375, 1778.5128173828125, 675.3410034179688], [1742.006103515625, 395.4107971191406, 1841.343994140625, 667.4691772460938], [229.35977172851562, 282.1428527832031, 453.5719909667969, 888.8309936523438], [549.8013916015625, 397.6781311035156, 614.5743408203125, 546.4913940429688], [1823.2728271484375, 427.9952392578125, 1894.802734375, 656.7576904296875]]","[0.8603515625, 0.72265625, 0.28662109375, 0.71630859375, 0.488525390625, 0.625, 0.3203125, 0.5625]","[[161.46080017089844, 1078.85009765625], [1343.4669189453125, 724.7532958984375], [1503.2354736328125, 652.0149536132812], [1717.6778564453125, 675.3410034179688], [1791.675048828125, 667.4691772460938], [341.46588134765625, 888.8309936523438], [582.1878662109375, 546.4913940429688], [1859.0377807617188, 656.7576904296875]]",424689664,410255360,424689664,640,yolo26n_int8_640_ncnn_model,MOT17-09
466,81.73302900013368,0.0,8,"[315, 349, 378, 190, 444, 445, 441, 416]","[[0.0, 120.00335693359375, 309.5025939941406, 1080.0], [1292.47314453125, 372.63555908203125, 1414.5379638671875, 723.3656616210938], [1469.223388671875, 446.0566711425781, 1545.995849609375, 648.2329711914062], [1652.4605712890625, 393.7784423828125, 1775.98583984375, 676.3054809570312], [1743.11181640625, 398.9591369628906, 1842.3475341796875, 671.5277709960938], [233.2425994873047, 277.74652099609375, 462.4516906738281, 892.8849487304688], [549.5101318359375, 397.8494567871094, 615.0634155273438, 546.2374267578125], [1827.4207763671875, 432.9765319824219, 1896.250244140625, 650.3314819335938]]","[0.82470703125, 0.7470703125, 0.43310546875, 0.71923828125, 0.54931640625, 0.55712890625, 0.3720703125, 0.5244140625]","[[154.7512969970703, 1080.0], [1353.5055541992188, 723.3656616210938], [1507.609619140625, 648.2329711914062], [1714.2232055664062, 676.3054809570312], [1792.7296752929688, 671.5277709960938], [347.8471450805664, 892.8849487304688], [582.2867736816406, 546.2374267578125], [1861.8355102539062, 650.3314819335938]]",424689664,410255360,424689664,640,yolo26n_int8_640_ncnn_model,MOT17-09
467,81.50636199979999,0.0,8,"[315, 349, 378, 190, 444, 445, 441, 416]","[[0.0, 109.997802734375, 292.199951171875, 1074.99169921875], [1297.7545166015625, 374.29656982421875, 1420.1226806640625, 724.6437377929688], [1472.0107421875, 443.90472412109375, 1550.131103515625, 648.7747802734375], [1648.547607421875, 389.0353698730469, 1773.8538818359375, 675.6832275390625], [1738.636962890625, 397.9462585449219, 1840.1885986328125, 675.3359985351562], [245.7125244140625, 289.7582702636719, 478.50921630859375, 910.8206787109375], [550.2512817382812, 396.63604736328125, 614.394775390625, 539.3414916992188], [1828.416015625, 432.2663879394531, 1899.002197265625, 652.5972900390625]]","[0.8125, 0.78173828125, 0.41552734375, 0.705078125, 0.595703125, 0.5703125, 0.306884765625, 0.61962890625]","[[146.0999755859375, 1074.99169921875], [1358.9385986328125, 724.6437377929688], [1511.0709228515625, 648.7747802734375], [1711.2007446289062, 675.6832275390625], [1789.4127807617188, 675.3359985351562], [362.1108703613281, 910.8206787109375], [582.3230285644531, 539.3414916992188], [1863.7091064453125, 652.5972900390625]]",424689664,410255360,424689664,640,yolo26n_int8_640_ncnn_model,MOT17-09
468,81.74345499992342,0.0,9,"[315, 349, 378, 190, 444, 445, 441, 416, 386]","[[0.0, 100.40180206298828, 259.7423095703125, 1068.9110107421875], [1304.1444091796875, 377.14837646484375, 1425.13525390625, 724.9264526367188], [1475.2711181640625, 442.604736328125, 1553.111083984375, 647.5064086914062], [1642.16015625, 388.98193359375, 1766.5672607421875, 675.6968994140625], [1745.2032470703125, 405.0185241699219, 1843.6265869140625, 675.2440185546875], [277.5687561035156, 287.0659484863281, 504.8773193359375, 892.4195556640625], [549.9191284179688, 397.4657897949219, 614.7614135742188, 539.7283935546875], [1831.0792236328125, 434.25823974609375, 1901.5191650390625, 651.1800537109375], [0.0, 101.31350708007812, 361.0652770996094, 1080.0]]","[0.81005859375, 0.78515625, 0.47900390625, 0.548828125, 0.5595703125, 0.609375, 0.30810546875, 0.6474609375, 0.55908203125]","[[129.87115478515625, 1068.9110107421875], [1364.6398315429688, 724.9264526367188], [1514.1911010742188, 647.5064086914062], [1704.3637084960938, 675.6968994140625], [1794.4149169921875, 675.2440185546875], [391.22303771972656, 892.4195556640625], [582.3402709960938, 539.7283935546875], [1866.2991943359375, 651.1800537109375], [180.5326385498047, 1080.0]]",424689664,410255360,424689664,640,yolo26n_int8_640_ncnn_model,MOT17-09
469,82.56188099994688,0.0,8,"[315, 349, 378, 190, 444, 445, 416, 443]","[[0.0, 96.90448760986328, 235.00814819335938, 1076.4031982421875], [1309.2294921875, 377.7015075683594, 1428.6754150390625, 723.5797729492188], [1476.595703125, 443.8545227050781, 1554.7962646484375, 650.2381591796875], [1631.42236328125, 402.0916748046875, 1746.8726806640625, 674.4691772460938], [1755.03125, 412.9525146484375, 1848.3719482421875, 671.900634765625], [282.8295593261719, 287.1741943359375, 506.6424865722656, 890.5176391601562], [1831.3851318359375, 434.98138427734375, 1902.8416748046875, 651.7113037109375], [1891.7694091796875, 435.2251281738281, 1920.0, 629.9855346679688]]","[0.80078125, 0.7724609375, 0.52001953125, 0.5380859375, 0.53515625, 0.82666015625, 0.64990234375, 0.25439453125]","[[117.50407409667969, 1076.4031982421875], [1368.9524536132812, 723.5797729492188], [1515.6959838867188, 650.2381591796875], [1689.1475219726562, 674.4691772460938], [1801.7015991210938, 671.900634765625], [394.73602294921875, 890.5176391601562], [1867.1134033203125, 651.7113037109375], [1905.8847045898438, 629.9855346679688]]",424689664,410255360,424689664,640,yolo26n_int8_640_ncnn_model,MOT17-09
470,86.34495499995865,0.0,7,"[315, 349, 378, 190, 444, 445, 416]","[[0.0, 96.96552276611328, 219.61485290527344, 1079.2208251953125], [1315.4859619140625, 377.8809814453125, 1433.0316162109375, 721.1179809570312], [1479.37451171875, 444.0958251953125, 1556.7999267578125, 648.562255859375], [1622.3642578125, 402.3465576171875, 1734.8675537109375, 673.750244140625], [1733.8173828125, 410.42681884765625, 1832.55126953125, 671.9261474609375], [294.2133483886719, 289.1103515625, 513.5440063476562, 886.834716796875], [1831.9730224609375, 434.71856689453125, 1904.631103515625, 654.4603881835938]]","[0.69873046875, 0.71240234375, 0.52099609375, 0.54443359375, 0.5625, 0.8447265625, 0.689453125]","[[109.80742645263672, 1079.2208251953125], [1374.2587890625, 721.1179809570312], [1518.0872192382812, 648.562255859375], [1678.6159057617188, 673.750244140625], [1783.184326171875, 671.9261474609375], [403.87867736816406, 886.834716796875], [1868.3020629882812, 654.4603881835938]]",424689664,410255360,424689664,640,yolo26n_int8_640_ncnn_model,MOT17-09
471,81.44319600000927,0.0,9,"[315, 349, 378, 190, 444, 445, 416, 451, 452]","[[0.0, 108.73754119873047, 203.12474060058594, 1070.3953857421875], [1322.6085205078125, 378.919677734375, 1438.287109375, 719.2387084960938], [1480.8944091796875, 444.6961975097656, 1559.740234375, 651.3916015625], [1615.0867919921875, 405.4106750488281, 1722.9407958984375, 673.4962768554688], [1713.4552001953125, 401.9355773925781, 1819.8114013671875, 675.449951171875], [304.7249755859375, 288.63348388671875, 520.760498046875, 883.5437622070312], [1834.4703369140625, 437.08978271484375, 1906.808349609375, 656.0034790039062], [1774.7200927734375, 426.0, 1843.2799072265625, 644.0999755859375], [115.09336853027344, 530.8499755859375, 187.60662841796875, 747.4500122070312]]","[0.5966796875, 0.685546875, 0.5546875, 0.5791015625, 0.642578125, 0.8447265625, 0.66943359375, 0.470703125, 0.42041015625]","[[101.56237030029297, 1070.3953857421875], [1380.4478149414062, 719.2387084960938], [1520.3173217773438, 651.3916015625], [1669.0137939453125, 673.4962768554688], [1766.63330078125, 675.449951171875], [412.74273681640625, 883.5437622070312], [1870.6393432617188, 656.0034790039062], [1809.0, 644.0999755859375], [151.3499984741211, 747.4500122070312]]",424689664,410255360,424689664,640,yolo26n_int8_640_ncnn_model,MOT17-09
472,81.7842709998331,0.0,8,"[349, 378, 190, 444, 445, 416, 451, 452]","[[1327.0499267578125, 376.5337829589844, 1441.9044189453125, 718.3334350585938], [1483.8905029296875, 448.13287353515625, 1563.103515625, 652.204345703125], [1608.5721435546875, 404.51385498046875, 1714.8970947265625, 676.4176025390625], [1699.962158203125, 397.53497314453125, 1809.5667724609375, 676.0115966796875], [316.3666687011719, 289.9458312988281, 530.168212890625, 882.85009765625], [1838.1715087890625, 439.95794677734375, 1906.6422119140625, 645.6106567382812], [1776.454345703125, 422.5501403808594, 1846.1455078125, 644.7899780273438], [115.78791046142578, 533.5645751953125, 186.27676391601562, 744.5044555664062]]","[0.68310546875, 0.52587890625, 0.56201171875, 0.625, 0.845703125, 0.63623046875, 0.465087890625, 0.408203125]","[[1384.4771728515625, 718.3334350585938], [1523.4970092773438, 652.204345703125], [1661.734619140625, 676.4176025390625], [1754.7644653320312, 676.0115966796875], [423.26744079589844, 882.85009765625], [1872.4068603515625, 645.6106567382812], [1811.2999267578125, 644.7899780273438], [151.0323371887207, 744.5044555664062]]",424689664,410255360,424689664,640,yolo26n_int8_640_ncnn_model,MOT17-09
473,81.64232600006471,0.0,8,"[349, 378, 190, 444, 445, 416, 451, 452]","[[1337.2982177734375, 375.6258850097656, 1451.0797119140625, 716.0504150390625], [1492.740966796875, 448.4570617675781, 1573.252685546875, 650.5159301757812], [1599.2261962890625, 400.67694091796875, 1703.47265625, 674.0304565429688], [1690.08251953125, 393.84136962890625, 1801.005615234375, 674.24267578125], [332.035400390625, 291.1584167480469, 544.3167724609375, 883.8777465820312], [1838.8841552734375, 437.1595458984375, 1908.9990234375, 648.5870971679688], [1779.618896484375, 419.0704345703125, 1849.1573486328125, 641.5670776367188], [114.45809173583984, 520.869140625, 190.6470489501953, 750.0266723632812]]","[0.720703125, 0.458251953125, 0.5107421875, 0.60302734375, 0.83203125, 0.60107421875, 0.53466796875, 0.264892578125]","[[1394.18896484375, 716.0504150390625], [1532.996826171875, 650.5159301757812], [1651.3494262695312, 674.0304565429688], [1745.5440673828125, 674.24267578125], [438.17608642578125, 883.8777465820312], [1873.9415893554688, 648.5870971679688], [1814.3881225585938, 641.5670776367188], [152.55257034301758, 750.0266723632812]]",424689664,410255360,424689664,640,yolo26n_int8_640_ncnn_model,MOT17-09
474,91.51836199998797,0.0,8,"[349, 378, 190, 444, 445, 416, 451, 286]","[[1346.512939453125, 373.27899169921875, 1460.589111328125, 715.2406005859375], [1499.8250732421875, 451.5553894042969, 1578.984375, 648.876220703125], [1594.1513671875, 408.864990234375, 1695.3558349609375, 675.3565673828125], [1677.3309326171875, 399.58587646484375, 1787.548095703125, 676.267333984375], [354.5599365234375, 297.3570251464844, 564.825439453125, 877.49169921875], [1840.5045166015625, 435.6667785644531, 1910.3758544921875, 646.16796875], [1779.244873046875, 416.09893798828125, 1849.14111328125, 640.2264404296875], [22.51105499267578, 497.2856750488281, 119.73135375976562, 755.3421020507812]]","[0.7294921875, 0.288330078125, 0.56103515625, 0.546875, 0.7998046875, 0.57177734375, 0.55224609375, 0.349365234375]","[[1403.551025390625, 715.2406005859375], [1539.4047241210938, 648.876220703125], [1644.7536010742188, 675.3565673828125], [1732.4395141601562, 676.267333984375], [459.69268798828125, 877.49169921875], [1875.440185546875, 646.16796875], [1814.1929931640625, 640.2264404296875], [71.1212043762207, 755.3421020507812]]",424689664,410255360,424689664,640,yolo26n_int8_640_ncnn_model,MOT17-09
475,81.13682599991989,0.0,9,"[349, 378, 190, 444, 445, 416, 451, 286, 452]","[[1357.09521484375, 372.3970642089844, 1471.3970947265625, 713.9918212890625], [1501.5240478515625, 448.94964599609375, 1581.72705078125, 648.0056762695312], [1581.9852294921875, 405.43658447265625, 1685.2359619140625, 672.3571166992188], [1661.5927734375, 399.30364990234375, 1768.0955810546875, 668.5784912109375], [381.40924072265625, 286.7428283691406, 595.1476440429688, 870.8207397460938], [1845.423095703125, 438.0758972167969, 1913.87744140625, 640.2909545898438], [1785.6461181640625, 418.197265625, 1853.2177734375, 634.71337890625], [25.74251937866211, 489.9847106933594, 121.06331634521484, 752.0978393554688], [116.6324234008789, 519.3677368164062, 190.34017944335938, 741.397216796875]]","[0.779296875, 0.35546875, 0.580078125, 0.55810546875, 0.7724609375, 0.5830078125, 0.54833984375, 0.349365234375, 0.26025390625]","[[1414.2461547851562, 713.9918212890625], [1541.6255493164062, 648.0056762695312], [1633.610595703125, 672.3571166992188], [1714.8441772460938, 668.5784912109375], [488.2784423828125, 870.8207397460938], [1879.6502685546875, 640.2909545898438], [1819.4319458007812, 634.71337890625], [73.40291786193848, 752.0978393554688], [153.48630142211914, 741.397216796875]]",424689664,410255360,424689664,640,yolo26n_int8_640_ncnn_model,MOT17-09
476,81.95569600002273,0.0,9,"[349, 378, 190, 444, 445, 416, 451, 286, 459]","[[1366.19287109375, 376.5419921875, 1479.7222900390625, 712.0802612304688], [1501.4268798828125, 445.74334716796875, 1583.196044921875, 648.9297485351562], [1571.84375, 409.86627197265625, 1675.7333984375, 673.4969482421875], [1646.0335693359375, 401.1888427734375, 1751.085205078125, 668.6800537109375], [394.9434814453125, 285.5703430175781, 613.798095703125, 874.6732788085938], [1846.5338134765625, 437.9520568847656, 1915.6978759765625, 639.1475830078125], [1785.829345703125, 416.1375732421875, 1854.3843994140625, 635.8126220703125], [27.512325286865234, 494.3901062011719, 120.38581848144531, 753.3053588867188], [1168.6217041015625, 468.375, 1239.17822265625, 645.2249755859375]]","[0.74658203125, 0.32373046875, 0.51904296875, 0.5966796875, 0.7734375, 0.63330078125, 0.552734375, 0.489501953125, 0.45556640625]","[[1422.9575805664062, 712.0802612304688], [1542.3114624023438, 648.9297485351562], [1623.78857421875, 673.4969482421875], [1698.5593872070312, 668.6800537109375], [504.37078857421875, 874.6732788085938], [1881.1158447265625, 639.1475830078125], [1820.1068725585938, 635.8126220703125], [73.94907188415527, 753.3053588867188], [1203.8999633789062, 645.2249755859375]]",424689664,410255360,424689664,640,yolo26n_int8_640_ncnn_model,MOT17-09
477,81.50967799997488,0.0,10,"[349, 378, 190, 444, 445, 416, 451, 286, 459, 452]","[[1372.098876953125, 379.3636474609375, 1486.71484375, 713.1663818359375], [1502.28759765625, 446.75189208984375, 1584.5521240234375, 651.9916381835938], [1567.247314453125, 408.2488708496094, 1673.6534423828125, 673.1895141601562], [1636.0477294921875, 394.88580322265625, 1743.70654296875, 671.730712890625], [403.59881591796875, 283.76470947265625, 626.6405029296875, 878.5430908203125], [1846.5687255859375, 436.8845520019531, 1916.5657958984375, 637.7799072265625], [1787.6097412109375, 413.1483154296875, 1857.071533203125, 636.5146484375], [28.072599411010742, 496.57861328125, 118.92938995361328, 753.279052734375], [1170.941162109375, 468.375, 1242.37158203125, 647.0625610351562], [118.9124984741211, 525.283447265625, 189.76405334472656, 738.6311645507812]]","[0.7490234375, 0.32958984375, 0.548828125, 0.5732421875, 0.8193359375, 0.61181640625, 0.53466796875, 0.4921875, 0.385498046875, 0.28173828125]","[[1429.4068603515625, 713.1663818359375], [1543.4198608398438, 651.9916381835938], [1620.4503784179688, 673.1895141601562], [1689.8771362304688, 671.730712890625], [515.1196594238281, 878.5430908203125], [1881.5672607421875, 637.7799072265625], [1822.3406372070312, 636.5146484375], [73.50099468231201, 753.279052734375], [1206.6563720703125, 647.0625610351562], [154.33827590942383, 738.6311645507812]]",424689664,410255360,424689664,640,yolo26n_int8_640_ncnn_model,MOT17-09
478,81.5359369998987,0.0,8,"[349, 190, 444, 445, 416, 451, 286, 459]","[[1379.763916015625, 380.6468811035156, 1495.249267578125, 711.3701782226562], [1558.5623779296875, 405.62353515625, 1668.4927978515625, 675.0707397460938], [1630.4560546875, 396.2343444824219, 1737.465087890625, 673.1112060546875], [410.38330078125, 283.7131652832031, 634.8690795898438, 877.4326171875], [1846.3759765625, 434.9698791503906, 1917.4173583984375, 636.83203125], [1792.46435546875, 419.76922607421875, 1859.7913818359375, 636.3204345703125], [26.34078598022461, 497.8935241699219, 116.70096588134766, 752.7766723632812], [1171.9305419921875, 470.11065673828125, 1243.26220703125, 648.2677612304688]]","[0.732421875, 0.60595703125, 0.5712890625, 0.8271484375, 0.59619140625, 0.5458984375, 0.533203125, 0.385009765625]","[[1437.506591796875, 711.3701782226562], [1613.527587890625, 675.0707397460938], [1683.9605712890625, 673.1112060546875], [522.6261901855469, 877.4326171875], [1881.8966674804688, 636.83203125], [1826.1278686523438, 636.3204345703125], [71.52087593078613, 752.7766723632812], [1207.5963745117188, 648.2677612304688]]",424689664,410255360,424689664,640,yolo26n_int8_640_ncnn_model,MOT17-09
479,82.20304800011036,0.0,9,"[349, 190, 444, 445, 416, 451, 286, 459, 452]","[[1384.6346435546875, 381.8525085449219, 1500.8199462890625, 709.9920043945312], [1554.2359619140625, 408.5672912597656, 1664.20068359375, 675.7800903320312], [1628.327880859375, 399.7375793457031, 1733.93505859375, 674.6360473632812], [413.83978271484375, 288.5570068359375, 637.9968872070312, 875.1688842773438], [1847.0250244140625, 434.7485656738281, 1918.8546142578125, 638.0328369140625], [1795.204345703125, 423.3818054199219, 1861.7100830078125, 637.3416748046875], [27.25208282470703, 500.37530517578125, 116.66126251220703, 752.5977783203125], [1175.4586181640625, 465.6125183105469, 1249.1436767578125, 649.1566162109375], [117.62811279296875, 520.784912109375, 190.1165771484375, 739.1988525390625]]","[0.7421875, 0.5400390625, 0.5947265625, 0.81640625, 0.5859375, 0.548828125, 0.4970703125, 0.373291015625, 0.258544921875]","[[1442.727294921875, 709.9920043945312], [1609.2183227539062, 675.7800903320312], [1681.1314697265625, 674.6360473632812], [525.9183349609375, 875.1688842773438], [1882.9398193359375, 638.0328369140625], [1828.4572143554688, 637.3416748046875], [71.95667266845703, 752.5977783203125], [1212.3011474609375, 649.1566162109375], [153.87234497070312, 739.1988525390625]]",424689664,410255360,424689664,640,yolo26n_int8_640_ncnn_model,MOT17-09
480,82.73993799980417,0.0,8,"[349, 190, 444, 445, 416, 451, 286, 459]","[[1391.23046875, 384.2748107910156, 1507.5145263671875, 709.5232543945312], [1548.535888671875, 406.1893615722656, 1659.3460693359375, 675.55126953125], [1625.9781494140625, 395.60931396484375, 1732.917724609375, 674.7132568359375], [412.6278076171875, 286.27655029296875, 637.6385498046875, 870.4716796875], [1848.775634765625, 436.1571350097656, 1919.7325439453125, 637.0425415039062], [1797.6729736328125, 423.9361572265625, 1862.7801513671875, 633.4144287109375], [24.111343383789062, 499.27178955078125, 114.15135955810547, 750.53271484375], [1184.099853515625, 465.45452880859375, 1256.2984619140625, 645.9388427734375]]","[0.73583984375, 0.54296875, 0.6357421875, 0.79296875, 0.6025390625, 0.51806640625, 0.33544921875, 0.29052734375]","[[1449.3724975585938, 709.5232543945312], [1603.9409790039062, 675.55126953125], [1679.4479370117188, 674.7132568359375], [525.1331787109375, 870.4716796875], [1884.2540893554688, 637.0425415039062], [1830.2265625, 633.4144287109375], [69.13135147094727, 750.53271484375], [1220.1991577148438, 645.9388427734375]]",424689664,410255360,424689664,640,yolo26n_int8_640_ncnn_model,MOT17-09
481,81.32851200002733,0.0,10,"[349, 190, 444, 445, 416, 451, 286, 459, 462, 452]","[[1395.0677490234375, 381.1471862792969, 1512.0478515625, 707.39404296875], [1542.4923095703125, 408.49615478515625, 1652.0386962890625, 674.224853515625], [1622.6649169921875, 400.4661865234375, 1727.60986328125, 672.2713012695312], [413.0810241699219, 296.50543212890625, 636.7601928710938, 872.6134033203125], [1850.4267578125, 436.6885070800781, 1920.0, 636.7197265625], [1798.3157958984375, 424.3870849609375, 1863.2259521484375, 633.791015625], [28.235733032226562, 500.8385314941406, 116.74304962158203, 751.7789306640625], [1190.8990478515625, 460.1582336425781, 1265.434814453125, 646.853271484375], [395.5706481933594, 316.42498779296875, 764.829345703125, 863.7750244140625], [116.99868774414062, 530.5570068359375, 187.31466674804688, 743.0257568359375]]","[0.73681640625, 0.5107421875, 0.66259765625, 0.80712890625, 0.5966796875, 0.55126953125, 0.320068359375, 0.395751953125, 0.419677734375, 0.315673828125]","[[1453.5578002929688, 707.39404296875], [1597.2655029296875, 674.224853515625], [1675.1373901367188, 672.2713012695312], [524.9206085205078, 872.6134033203125], [1885.21337890625, 636.7197265625], [1830.7708740234375, 633.791015625], [72.4893913269043, 751.7789306640625], [1228.1669311523438, 646.853271484375], [580.1999969482422, 863.7750244140625], [152.15667724609375, 743.0257568359375]]",424689664,410255360,424689664,640,yolo26n_int8_640_ncnn_model,MOT17-09
482,81.80860400011625,0.0,9,"[349, 190, 444, 445, 416, 451, 459, 462, 452]","[[1397.39990234375, 383.9396057128906, 1514.3055419921875, 708.6341552734375], [1536.1314697265625, 408.60833740234375, 1643.9927978515625, 674.4654541015625], [1619.32080078125, 402.5939025878906, 1724.4398193359375, 671.071533203125], [413.2007141113281, 300.34326171875, 637.1397705078125, 873.468017578125], [1848.349365234375, 434.38372802734375, 1920.0, 645.1282958984375], [1798.3173828125, 423.5330810546875, 1863.462890625, 633.968017578125], [1194.1488037109375, 457.3140869140625, 1268.547607421875, 646.1515502929688], [390.6630859375, 314.60791015625, 760.9688110351562, 864.6691284179688], [115.19926452636719, 527.9117431640625, 186.3690643310547, 743.60498046875]]","[0.73974609375, 0.55029296875, 0.64453125, 0.82177734375, 0.59765625, 0.544921875, 0.34228515625, 0.50732421875, 0.32421875]","[[1455.8527221679688, 708.6341552734375], [1590.0621337890625, 674.4654541015625], [1671.8803100585938, 671.071533203125], [525.1702423095703, 873.468017578125], [1884.1746826171875, 645.1282958984375], [1830.89013671875, 633.968017578125], [1231.3482055664062, 646.1515502929688], [575.8159484863281, 864.6691284179688], [150.78416442871094, 743.60498046875]]",424689664,410255360,424689664,640,yolo26n_int8_640_ncnn_model,MOT17-09
483,85.0329380000403,0.0,9,"[349, 444, 445, 416, 451, 459, 462, 452, 378]","[[1402.8751220703125, 384.7197265625, 1517.9749755859375, 706.405029296875], [1607.2828369140625, 405.6175231933594, 1714.6351318359375, 672.376708984375], [419.1405029296875, 292.2411804199219, 644.214111328125, 867.3265991210938], [1847.677734375, 434.0225524902344, 1920.0, 649.6934204101562], [1800.39208984375, 422.205322265625, 1865.3419189453125, 633.0646362304688], [1199.0758056640625, 460.3830261230469, 1272.65478515625, 648.9205932617188], [391.31494140625, 310.0713195800781, 759.6902465820312, 859.5918579101562], [114.87199401855469, 530.0211791992188, 185.14495849609375, 742.8004760742188], [1529.0015869140625, 433.06927490234375, 1619.538330078125, 669.263916015625]]","[0.72119140625, 0.61181640625, 0.8251953125, 0.62646484375, 0.5029296875, 0.41015625, 0.53955078125, 0.29638671875, 0.55517578125]","[[1460.425048828125, 706.405029296875], [1660.958984375, 672.376708984375], [531.6773071289062, 867.3265991210938], [1883.8388671875, 649.6934204101562], [1832.8670043945312, 633.0646362304688], [1235.8652954101562, 648.9205932617188], [575.5025939941406, 859.5918579101562], [150.00847625732422, 742.8004760742188], [1574.2699584960938, 669.263916015625]]",424689664,410255360,424689664,640,yolo26n_int8_640_ncnn_model,MOT17-09
484,81.7253080001592,0.0,9,"[349, 444, 445, 416, 451, 459, 462, 465, 378]","[[1408.3157958984375, 384.4827880859375, 1521.43505859375, 704.1098022460938], [1599.6357421875, 405.4759826660156, 1708.6922607421875, 672.1207275390625], [427.037841796875, 305.7088623046875, 647.5687866210938, 872.398193359375], [1850.1134033203125, 435.84173583984375, 1920.0, 651.4642333984375], [1802.578369140625, 418.9541931152344, 1868.49609375, 634.51025390625], [1203.6824951171875, 458.5886535644531, 1277.08544921875, 648.946044921875], [396.3575134277344, 315.15985107421875, 758.0835571289062, 858.2470703125], [8.778498649597168, 216.52499389648438, 214.1215057373047, 983.4749755859375], [1528.12158203125, 438.3683776855469, 1616.5357666015625, 675.989013671875]]","[0.6923828125, 0.55126953125, 0.81640625, 0.62744140625, 0.498046875, 0.481689453125, 0.521484375, 0.80517578125, 0.548828125]","[[1464.8754272460938, 704.1098022460938], [1654.1640014648438, 672.1207275390625], [537.3033142089844, 872.398193359375], [1885.0567016601562, 651.4642333984375], [1835.5372314453125, 634.51025390625], [1240.3839721679688, 648.946044921875], [577.2205352783203, 858.2470703125], [111.45000219345093, 983.4749755859375], [1572.3286743164062, 675.989013671875]]",424689664,410255360,424689664,640,yolo26n_int8_640_ncnn_model,MOT17-09
485,81.34464099998695,0.0,9,"[349, 444, 445, 416, 451, 459, 462, 465, 190]","[[1412.3536376953125, 372.13043212890625, 1526.2315673828125, 700.5499267578125], [1593.31005859375, 405.3940734863281, 1702.53125, 672.0259399414062], [440.18756103515625, 307.8963623046875, 654.9915161132812, 864.2373046875], [1852.8121337890625, 438.02703857421875, 1920.0, 650.6476440429688], [1803.737548828125, 420.47265625, 1869.21044921875, 634.3290405273438], [1207.8106689453125, 459.21453857421875, 1279.987548828125, 647.6890869140625], [407.09259033203125, 316.5341796875, 757.353271484375, 847.3911743164062], [19.12495994567871, 217.56370544433594, 223.56809997558594, 977.81982421875], [1509.0880126953125, 426.96673583984375, 1608.539794921875, 676.5720825195312]]","[0.673828125, 0.61572265625, 0.8203125, 0.6171875, 0.45068359375, 0.45703125, 0.49365234375, 0.83935546875, 0.44677734375]","[[1469.2926025390625, 700.5499267578125], [1647.920654296875, 672.0259399414062], [547.5895385742188, 864.2373046875], [1886.4060668945312, 650.6476440429688], [1836.4739990234375, 634.3290405273438], [1243.8991088867188, 647.6890869140625], [582.2229309082031, 847.3911743164062], [121.34652996063232, 977.81982421875], [1558.8139038085938, 676.5720825195312]]",424689664,410255360,424689664,640,yolo26n_int8_640_ncnn_model,MOT17-09
486,81.57247500002995,0.0,8,"[349, 444, 445, 416, 451, 459, 465, 190]","[[1417.5274658203125, 371.7442321777344, 1528.933837890625, 700.0068969726562], [1589.3968505859375, 410.5578308105469, 1696.3551025390625, 672.7378540039062], [453.0218200683594, 307.2533264160156, 662.748779296875, 855.574951171875], [1855.281005859375, 438.3594665527344, 1920.0, 648.8209228515625], [1805.86669921875, 419.08038330078125, 1871.6121826171875, 635.2808227539062], [1216.032958984375, 461.76416015625, 1286.05712890625, 645.942626953125], [25.235559463500977, 221.13368225097656, 229.80894470214844, 976.2153930664062], [1497.568359375, 428.98907470703125, 1595.8499755859375, 675.593017578125]]","[0.61376953125, 0.6025390625, 0.83935546875, 0.61328125, 0.440673828125, 0.391357421875, 0.85595703125, 0.5322265625]","[[1473.2306518554688, 700.0068969726562], [1642.8759765625, 672.7378540039062], [557.8852996826172, 855.574951171875], [1887.6405029296875, 648.8209228515625], [1838.7394409179688, 635.2808227539062], [1251.0450439453125, 645.942626953125], [127.5222520828247, 976.2153930664062], [1546.7091674804688, 675.593017578125]]",424689664,410255360,424689664,640,yolo26n_int8_640_ncnn_model,MOT17-09
487,80.77017799996611,0.0,8,"[349, 444, 445, 416, 451, 459, 465, 190]","[[1423.825927734375, 379.81231689453125, 1532.0811767578125, 702.58984375], [1577.7242431640625, 411.22674560546875, 1684.8502197265625, 673.258544921875], [464.3796081542969, 310.45654296875, 668.9369506835938, 850.9232788085938], [1856.1641845703125, 437.97613525390625, 1920.0, 650.6007080078125], [1806.8568115234375, 419.5602111816406, 1872.1951904296875, 635.6506958007812], [1223.2745361328125, 460.999755859375, 1293.8585205078125, 644.0206909179688], [26.71377944946289, 210.6165771484375, 237.0816192626953, 981.8182373046875], [1499.558349609375, 421.32025146484375, 1598.0843505859375, 669.4711303710938]]","[0.630859375, 0.53125, 0.86181640625, 0.60595703125, 0.4775390625, 0.451171875, 0.86767578125, 0.509765625]","[[1477.9535522460938, 702.58984375], [1631.2872314453125, 673.258544921875], [566.6582794189453, 850.9232788085938], [1888.0820922851562, 650.6007080078125], [1839.5260009765625, 635.6506958007812], [1258.5665283203125, 644.0206909179688], [131.8976993560791, 981.8182373046875], [1548.8213500976562, 669.4711303710938]]",424689664,410255360,424689664,640,yolo26n_int8_640_ncnn_model,MOT17-09
488,81.51482699986445,0.0,8,"[349, 444, 445, 416, 451, 459, 465, 190]","[[1430.2945556640625, 386.3959655761719, 1534.683837890625, 702.1305541992188], [1565.1737060546875, 413.428466796875, 1669.3785400390625, 673.449951171875], [476.3968811035156, 302.0293273925781, 677.8403930664062, 841.7554931640625], [1858.9373779296875, 437.5772399902344, 1920.0, 648.5415649414062], [1807.18994140625, 417.02813720703125, 1872.31201171875, 632.5781860351562], [1229.8558349609375, 460.737060546875, 1302.507080078125, 645.3223266601562], [25.189098358154297, 217.3992156982422, 234.8134307861328, 977.7843017578125], [1501.1676025390625, 423.9697265625, 1598.4959716796875, 671.7337036132812]]","[0.59326171875, 0.546875, 0.83447265625, 0.62548828125, 0.4580078125, 0.58203125, 0.88134765625, 0.431396484375]","[[1482.4891967773438, 702.1305541992188], [1617.276123046875, 673.449951171875], [577.1186370849609, 841.7554931640625], [1889.4686889648438, 648.5415649414062], [1839.7509765625, 632.5781860351562], [1266.1814575195312, 645.3223266601562], [130.00126457214355, 977.7843017578125], [1549.831787109375, 671.7337036132812]]",424689664,410255360,424689664,640,yolo26n_int8_640_ncnn_model,MOT17-09
489,102.00145499993596,0.0,8,"[349, 444, 445, 416, 451, 459, 465, 190]","[[1436.22705078125, 386.0863342285156, 1539.699951171875, 701.7479858398438], [1557.521728515625, 412.46356201171875, 1659.1494140625, 672.2701416015625], [486.3441467285156, 301.3649597167969, 684.0259399414062, 837.9697265625], [1860.0574951171875, 436.17498779296875, 1920.0, 647.9881591796875], [1809.722412109375, 411.36810302734375, 1875.7767333984375, 630.1886596679688], [1231.2506103515625, 460.409423828125, 1306.4189453125, 648.0556030273438], [20.87737274169922, 212.1827850341797, 235.36300659179688, 983.0075073242188], [1505.8111572265625, 429.6708984375, 1599.18798828125, 671.8522338867188]]","[0.59765625, 0.5439453125, 0.83740234375, 0.64990234375, 0.479736328125, 0.61474609375, 0.8828125, 0.37646484375]","[[1487.9635009765625, 701.7479858398438], [1608.3355712890625, 672.2701416015625], [585.1850433349609, 837.9697265625], [1890.0287475585938, 647.9881591796875], [1842.7495727539062, 630.1886596679688], [1268.8347778320312, 648.0556030273438], [128.12018966674805, 983.0075073242188], [1552.4995727539062, 671.8522338867188]]",424689664,410255360,424689664,640,yolo26n_int8_640_ncnn_model,MOT17-09
490,83.57436400001461,0.0,7,"[349, 444, 445, 416, 451, 459, 465]","[[1446.588623046875, 382.2052917480469, 1550.9613037109375, 700.3897705078125], [1551.735595703125, 414.7996826171875, 1650.9107666015625, 671.080078125], [495.1184997558594, 305.7237548828125, 691.599853515625, 848.0770263671875], [1860.2386474609375, 435.8917236328125, 1920.0, 646.53857421875], [1812.1552734375, 418.1443176269531, 1877.462646484375, 636.2158813476562], [1234.5057373046875, 460.0567932128906, 1310.7222900390625, 647.355224609375], [20.18499183654785, 207.78041076660156, 239.5459442138672, 987.43994140625]]","[0.62548828125, 0.59033203125, 0.8154296875, 0.64306640625, 0.56005859375, 0.60400390625, 0.85498046875]","[[1498.7749633789062, 700.3897705078125], [1601.3231811523438, 671.080078125], [593.3591766357422, 848.0770263671875], [1890.1193237304688, 646.53857421875], [1844.8089599609375, 636.2158813476562], [1272.614013671875, 647.355224609375], [129.86546802520752, 987.43994140625]]",424689664,410255360,424689664,640,yolo26n_int8_640_ncnn_model,MOT17-09
491,81.67004899996755,0.0,8,"[349, 444, 445, 416, 451, 459, 465, 468]","[[1456.2701416015625, 375.0268859863281, 1562.8609619140625, 697.6791381835938], [1545.28515625, 413.635498046875, 1644.801025390625, 670.6349487304688], [502.1969909667969, 307.1992492675781, 695.987060546875, 847.0847778320312], [1861.5428466796875, 433.30322265625, 1920.0, 644.4979858398438], [1815.663818359375, 421.0233459472656, 1879.3465576171875, 636.317138671875], [1236.6893310546875, 458.205810546875, 1314.9627685546875, 648.815673828125], [29.781999588012695, 196.5411376953125, 254.08843994140625, 986.4844360351562], [7.442680835723877, 217.4250030517578, 381.1698303222656, 984.9749755859375]]","[0.66845703125, 0.60546875, 0.81396484375, 0.59033203125, 0.53564453125, 0.58740234375, 0.78515625, 0.58984375]","[[1509.5655517578125, 697.6791381835938], [1595.0430908203125, 670.6349487304688], [599.0920257568359, 847.0847778320312], [1890.7714233398438, 644.4979858398438], [1847.5051879882812, 636.317138671875], [1275.8260498046875, 648.815673828125], [141.93521976470947, 986.4844360351562], [194.30625557899475, 984.9749755859375]]",424689664,410255360,424689664,640,yolo26n_int8_640_ncnn_model,MOT17-09
492,81.04504900006759,0.0,7,"[349, 444, 445, 416, 451, 459, 465]","[[1460.1153564453125, 378.4999694824219, 1566.7066650390625, 698.4210815429688], [1539.1297607421875, 415.9046325683594, 1638.8968505859375, 671.7203369140625], [509.6685791015625, 310.709716796875, 700.1156616210938, 846.7861328125], [1862.1536865234375, 430.8485412597656, 1920.0, 644.2313842773438], [1816.8626708984375, 418.6359558105469, 1882.0322265625, 637.8494873046875], [1239.500732421875, 459.4972229003906, 1317.2098388671875, 647.388916015625], [68.9308853149414, 200.0207977294922, 291.2024230957031, 986.5897827148438]]","[0.6708984375, 0.52294921875, 0.84912109375, 0.62841796875, 0.50732421875, 0.52099609375, 0.83203125]","[[1513.4110107421875, 698.4210815429688], [1589.0133056640625, 671.7203369140625], [604.8921203613281, 846.7861328125], [1891.0768432617188, 644.2313842773438], [1849.4474487304688, 637.8494873046875], [1278.3552856445312, 647.388916015625], [180.06665420532227, 986.5897827148438]]",424689664,410255360,424689664,640,yolo26n_int8_640_ncnn_model,MOT17-09
493,80.88784599999599,0.0,9,"[349, 444, 445, 416, 451, 459, 465, 286, 378]","[[1463.863037109375, 376.1203308105469, 1570.28369140625, 696.5139770507812], [1540.0501708984375, 424.6970520019531, 1640.067138671875, 678.1168212890625], [517.8765258789062, 311.48583984375, 707.5881958007812, 852.2323608398438], [1863.7186279296875, 430.6764221191406, 1920.0, 645.3750610351562], [1816.8216552734375, 414.7917175292969, 1881.44091796875, 631.5198364257812], [1241.9527587890625, 455.54632568359375, 1320.2408447265625, 645.3358154296875], [102.40331268310547, 190.89312744140625, 325.7798156738281, 983.0655517578125], [20.758115768432617, 486.7466735839844, 114.7723388671875, 746.7759399414062], [1571.3118896484375, 435.359375, 1656.0606689453125, 669.6175537109375]]","[0.60498046875, 0.38623046875, 0.83056640625, 0.52783203125, 0.50732421875, 0.45458984375, 0.818359375, 0.41650390625, 0.2783203125]","[[1517.0733642578125, 696.5139770507812], [1590.0586547851562, 678.1168212890625], [612.7323608398438, 852.2323608398438], [1891.8593139648438, 645.3750610351562], [1849.1312866210938, 631.5198364257812], [1281.0968017578125, 645.3358154296875], [214.0915641784668, 983.0655517578125], [67.76522731781006, 746.7759399414062], [1613.686279296875, 669.6175537109375]]",424689664,410255360,424689664,640,yolo26n_int8_640_ncnn_model,MOT17-09
494,81.70766100010951,0.0,9,"[349, 444, 445, 416, 451, 459, 465, 286, 378]","[[1467.0732421875, 378.9581604003906, 1572.3470458984375, 696.0809326171875], [1535.73583984375, 437.1875, 1633.8009033203125, 683.2604370117188], [530.1450805664062, 312.2294006347656, 715.51318359375, 845.8709106445312], [1866.9249267578125, 432.8526611328125, 1920.0, 637.6770629882812], [1817.3798828125, 415.81231689453125, 1880.4720458984375, 626.6033935546875], [1254.44970703125, 463.4700622558594, 1328.2789306640625, 644.0744018554688], [132.1223602294922, 193.58868408203125, 358.6397705078125, 984.7318725585938], [19.616605758666992, 486.4551696777344, 115.83319091796875, 748.3810424804688], [1577.4119873046875, 446.3959655761719, 1655.096923828125, 666.2250366210938]]","[0.6142578125, 0.30712890625, 0.75732421875, 0.5498046875, 0.49462890625, 0.4287109375, 0.82666015625, 0.4697265625, 0.28466796875]","[[1519.7101440429688, 696.0809326171875], [1584.7683715820312, 683.2604370117188], [622.8291320800781, 845.8709106445312], [1893.4624633789062, 637.6770629882812], [1848.9259643554688, 626.6033935546875], [1291.3643188476562, 644.0744018554688], [245.38106536865234, 984.7318725585938], [67.72489833831787, 748.3810424804688], [1616.2544555664062, 666.2250366210938]]",424689664,410255360,424689664,640,yolo26n_int8_640_ncnn_model,MOT17-09
495,81.53667899978245,0.0,8,"[349, 444, 445, 416, 451, 459, 465, 286]","[[1469.7933349609375, 377.8039855957031, 1574.1104736328125, 694.2156982421875], [1542.86474609375, 451.8585205078125, 1633.4176025390625, 676.083984375], [541.497802734375, 314.7052917480469, 726.0927124023438, 847.2422485351562], [1867.4879150390625, 430.4427795410156, 1920.0, 640.0160522460938], [1820.1956787109375, 423.4947509765625, 1881.365966796875, 628.53564453125], [1260.7098388671875, 457.2297058105469, 1337.5162353515625, 649.9090576171875], [166.24325561523438, 197.23130798339844, 400.4849853515625, 978.8589477539062], [22.428924560546875, 488.5757141113281, 117.7456283569336, 748.6744384765625]]","[0.4794921875, 0.311279296875, 0.8759765625, 0.53466796875, 0.58203125, 0.356201171875, 0.85888671875, 0.49560546875]","[[1521.951904296875, 694.2156982421875], [1588.1411743164062, 676.083984375], [633.7952575683594, 847.2422485351562], [1893.7439575195312, 640.0160522460938], [1850.7808227539062, 628.53564453125], [1299.113037109375, 649.9090576171875], [283.36412048339844, 978.8589477539062], [70.08727645874023, 748.6744384765625]]",424689664,410255360,424689664,640,yolo26n_int8_640_ncnn_model,MOT17-09
496,81.50577100013834,0.0,9,"[349, 444, 445, 416, 451, 459, 465, 286, 452]","[[1471.9603271484375, 379.8621826171875, 1574.20703125, 692.062255859375], [1551.9110107421875, 463.3751220703125, 1636.0899658203125, 669.1621704101562], [551.4366455078125, 319.9424743652344, 732.6915893554688, 843.4422607421875], [1869.2777099609375, 431.0605773925781, 1920.0, 641.3695068359375], [1822.9515380859375, 427.86541748046875, 1881.8800048828125, 625.7681884765625], [1267.65673828125, 456.2273254394531, 1341.875, 646.8800048828125], [192.4180145263672, 209.1002197265625, 437.4128112792969, 981.2706298828125], [23.807336807250977, 496.8437805175781, 117.42774963378906, 753.2489013671875], [114.36279296875, 532.47412109375, 184.77499389648438, 741.0400390625]]","[0.434326171875, 0.346923828125, 0.861328125, 0.5439453125, 0.5693359375, 0.465087890625, 0.88134765625, 0.505859375, 0.340087890625]","[[1523.0836791992188, 692.062255859375], [1594.00048828125, 669.1621704101562], [642.0641174316406, 843.4422607421875], [1894.6388549804688, 641.3695068359375], [1852.415771484375, 625.7681884765625], [1304.765869140625, 646.8800048828125], [314.91541290283203, 981.2706298828125], [70.61754322052002, 753.2489013671875], [149.5688934326172, 741.0400390625]]",424689664,410255360,424689664,640,yolo26n_int8_640_ncnn_model,MOT17-09
497,81.32143800003178,0.0,9,"[349, 445, 416, 451, 459, 465, 286, 476, 452]","[[1483.1531982421875, 391.3818664550781, 1579.41015625, 687.5506591796875], [557.0816040039062, 321.7275390625, 738.539306640625, 847.1961059570312], [1871.1484375, 431.3147888183594, 1920.0, 643.8886108398438], [1823.93603515625, 429.4541931152344, 1883.9984130859375, 629.847412109375], [1275.0137939453125, 453.8835754394531, 1346.3297119140625, 641.6984252929688], [202.32763671875, 212.71270751953125, 462.87310791015625, 984.06689453125], [26.256921768188477, 500.2394104003906, 117.80517578125, 751.7406005859375], [558.8001708984375, 332.4750061035156, 860.4998168945312, 833.9249877929688], [113.40618896484375, 534.8905029296875, 184.4575958251953, 743.8650512695312]]","[0.465087890625, 0.86474609375, 0.572265625, 0.57958984375, 0.4443359375, 0.8935546875, 0.55517578125, 0.34814453125, 0.404541015625]","[[1531.2816772460938, 687.5506591796875], [647.8104553222656, 847.1961059570312], [1895.57421875, 643.8886108398438], [1853.9672241210938, 629.847412109375], [1310.6717529296875, 641.6984252929688], [332.6003723144531, 984.06689453125], [72.03104877471924, 751.7406005859375], [709.6499938964844, 833.9249877929688], [148.93189239501953, 743.8650512695312]]",424689664,410255360,424689664,640,yolo26n_int8_640_ncnn_model,MOT17-09
498,81.95399299984274,0.0,10,"[349, 445, 416, 451, 459, 465, 286, 476, 452, 190]","[[1490.746826171875, 387.5807189941406, 1589.6744384765625, 692.0174560546875], [563.1334228515625, 324.07147216796875, 743.151123046875, 845.887451171875], [1872.1309814453125, 430.92919921875, 1920.0, 645.343994140625], [1825.0003662109375, 428.7538757324219, 1885.971923828125, 630.59033203125], [1285.4976806640625, 454.0179443359375, 1355.796630859375, 641.7251586914062], [209.09349060058594, 225.9059600830078, 478.8132629394531, 978.2442626953125], [23.114927291870117, 499.241943359375, 115.8673324584961, 752.4078979492188], [553.6456909179688, 328.5245361328125, 857.28857421875, 833.692626953125], [113.06285858154297, 536.9144897460938, 184.63987731933594, 745.5179443359375], [1427.1236572265625, 430.0107116699219, 1518.2601318359375, 680.1563110351562]]","[0.57861328125, 0.837890625, 0.54052734375, 0.6220703125, 0.482177734375, 0.892578125, 0.39697265625, 0.4638671875, 0.458740234375, 0.53125]","[[1540.2106323242188, 692.0174560546875], [653.1422729492188, 845.887451171875], [1896.0654907226562, 645.343994140625], [1855.4861450195312, 630.59033203125], [1320.6471557617188, 641.7251586914062], [343.95337677001953, 978.2442626953125], [69.4911298751831, 752.4078979492188], [705.4671325683594, 833.692626953125], [148.85136795043945, 745.5179443359375], [1472.69189453125, 680.1563110351562]]",424689664,410255360,424689664,640,yolo26n_int8_640_ncnn_model,MOT17-09
499,81.80023399995662,0.0,10,"[349, 445, 416, 451, 459, 465, 286, 476, 452, 190]","[[1497.4202880859375, 385.22039794921875, 1597.103515625, 690.650146484375], [569.4635620117188, 321.8864440917969, 748.1492919921875, 840.4383544921875], [1872.8248291015625, 432.02606201171875, 1920.0, 637.76123046875], [1826.2078857421875, 428.20306396484375, 1887.779296875, 631.1294555664062], [1290.870849609375, 454.0957946777344, 1360.4739990234375, 641.7526245117188], [206.79312133789062, 232.112548828125, 487.8522033691406, 975.7869873046875], [24.591392517089844, 496.864501953125, 118.08942413330078, 754.63330078125], [551.9169311523438, 327.2181396484375, 852.7550659179688, 828.9546508789062], [112.3060073852539, 537.6544189453125, 184.1009063720703, 746.125732421875], [1421.4234619140625, 435.5243225097656, 1505.138427734375, 675.907958984375]]","[0.63525390625, 0.80810546875, 0.52685546875, 0.5869140625, 0.458251953125, 0.8935546875, 0.3642578125, 0.474853515625, 0.443603515625, 0.53466796875]","[[1547.2619018554688, 690.650146484375], [658.8064270019531, 840.4383544921875], [1896.4124145507812, 637.76123046875], [1856.9935913085938, 631.1294555664062], [1325.6724243164062, 641.7526245117188], [347.3226623535156, 975.7869873046875], [71.34040832519531, 754.63330078125], [702.3359985351562, 828.9546508789062], [148.2034568786621, 746.125732421875], [1463.2809448242188, 675.907958984375]]",424689664,410255360,424689664,640,yolo26n_int8_640_ncnn_model,MOT17-09
500,83.27858699999524,0.0,10,"[349, 445, 416, 451, 459, 465, 286, 476, 452, 190]","[[1501.8814697265625, 386.2820129394531, 1601.495361328125, 688.1779174804688], [580.7073974609375, 320.62713623046875, 757.5032348632812, 837.8145751953125], [1874.7100830078125, 435.7317199707031, 1920.0, 634.5859375], [1826.0736083984375, 427.2189025878906, 1888.9312744140625, 634.0729370117188], [1297.8458251953125, 453.16015625, 1369.733642578125, 643.7627563476562], [209.34967041015625, 237.96253967285156, 497.9729309082031, 969.251953125], [27.626956939697266, 496.44903564453125, 119.65194702148438, 752.9920043945312], [552.3533935546875, 330.6029357910156, 847.2269287109375, 826.0630493164062], [112.58463287353516, 538.9065551757812, 184.5906982421875, 747.3357543945312], [1412.4127197265625, 429.6139831542969, 1495.8321533203125, 673.1801147460938]]","[0.7099609375, 0.8095703125, 0.436767578125, 0.5537109375, 0.568359375, 0.87158203125, 0.3427734375, 0.568359375, 0.4228515625, 0.5400390625]","[[1551.6884155273438, 688.1779174804688], [669.1053161621094, 837.8145751953125], [1897.3550415039062, 634.5859375], [1857.50244140625, 634.0729370117188], [1333.7897338867188, 643.7627563476562], [353.6613006591797, 969.251953125], [73.63945198059082, 752.9920043945312], [699.7901611328125, 826.0630493164062], [148.58766555786133, 747.3357543945312], [1454.1224365234375, 673.1801147460938]]",424689664,410255360,424689664,640,yolo26n_int8_640_ncnn_model,MOT17-09
501,82.18386399994415,0.0,9,"[349, 445, 416, 451, 459, 465, 286, 452, 190]","[[1510.6575927734375, 392.6630859375, 1609.548828125, 691.2826538085938], [592.4844970703125, 321.2293395996094, 766.797119140625, 834.7698364257812], [1874.984375, 432.304931640625, 1920.0, 634.2042846679688], [1827.7271728515625, 427.075927734375, 1891.51025390625, 636.9044799804688], [1300.636474609375, 455.78424072265625, 1373.6510009765625, 644.529296875], [219.97125244140625, 237.01028442382812, 514.08544921875, 961.8248901367188], [24.18825340270996, 489.0857238769531, 118.50910949707031, 751.5982055664062], [112.45437622070312, 538.6073608398438, 184.65029907226562, 746.530029296875], [1403.562744140625, 426.97509765625, 1488.502197265625, 672.6826782226562]]","[0.62451171875, 0.81396484375, 0.41796875, 0.5712890625, 0.53564453125, 0.86865234375, 0.44921875, 0.391357421875, 0.552734375]","[[1560.1032104492188, 691.2826538085938], [679.6408081054688, 834.7698364257812], [1897.4921875, 634.2042846679688], [1859.6187133789062, 636.9044799804688], [1337.1437377929688, 644.529296875], [367.0283508300781, 961.8248901367188], [71.34868144989014, 751.5982055664062], [148.55233764648438, 746.530029296875], [1446.032470703125, 672.6826782226562]]",424689664,410255360,424689664,640,yolo26n_int8_640_ncnn_model,MOT17-09
502,85.10501199998544,0.0,11,"[349, 445, 416, 451, 459, 465, 286, 452, 190, 484, 378]","[[1518.81396484375, 398.02166748046875, 1617.220703125, 693.4810791015625], [603.7468872070312, 323.40936279296875, 776.2726440429688, 836.68603515625], [1875.5032958984375, 430.3144836425781, 1920.0, 632.8479614257812], [1828.762939453125, 424.2943115234375, 1893.950927734375, 638.7096557617188], [1301.276611328125, 456.0738220214844, 1376.0338134765625, 644.58056640625], [247.55946350097656, 237.05142211914062, 540.1392211914062, 952.6141967773438], [22.542795181274414, 488.298095703125, 117.37914276123047, 751.0704345703125], [114.51107788085938, 539.4651489257812, 186.18624877929688, 745.2124633789062], [1399.71435546875, 425.9779968261719, 1484.849365234375, 670.514404296875], [1478.4761962890625, 430.2749938964844, 1524.5238037109375, 681.5250244140625], [1604.8570556640625, 444.9525451660156, 1677.8330078125, 643.7787475585938]]","[0.58642578125, 0.80517578125, 0.434326171875, 0.5703125, 0.461181640625, 0.833984375, 0.412353515625, 0.270263671875, 0.5634765625, 0.398681640625, 0.290283203125]","[[1568.017333984375, 693.4810791015625], [690.009765625, 836.68603515625], [1897.7516479492188, 632.8479614257812], [1861.35693359375, 638.7096557617188], [1338.6552124023438, 644.58056640625], [393.8493423461914, 952.6141967773438], [69.96096897125244, 751.0704345703125], [150.34866333007812, 745.2124633789062], [1442.2818603515625, 670.514404296875], [1501.5, 681.5250244140625], [1641.3450317382812, 643.7787475585938]]",424689664,410255360,424689664,640,yolo26n_int8_640_ncnn_model,MOT17-09
503,81.85364199994183,0.0,11,"[349, 445, 416, 451, 459, 465, 286, 190, 484, 378, 462]","[[1526.7100830078125, 398.46612548828125, 1626.75634765625, 691.8179931640625], [610.2960205078125, 324.184326171875, 779.341552734375, 831.484130859375], [1876.9693603515625, 429.818359375, 1920.0, 633.1187133789062], [1827.990234375, 419.0594482421875, 1893.9844970703125, 635.699462890625], [1302.4930419921875, 457.92822265625, 1377.52197265625, 644.8489990234375], [278.9700622558594, 234.2023162841797, 564.09716796875, 936.9706420898438], [18.923315048217773, 486.5439758300781, 115.05123901367188, 750.3707885742188], [1393.6368408203125, 429.3346862792969, 1478.8238525390625, 669.9365844726562], [1474.541259765625, 431.0293884277344, 1521.4952392578125, 685.1807861328125], [1611.423583984375, 440.4676818847656, 1685.6741943359375, 638.259521484375], [315.76177978515625, 240.6527557373047, 775.3850708007812, 925.938232421875]]","[0.58837890625, 0.8212890625, 0.443603515625, 0.5244140625, 0.423828125, 0.794921875, 0.427978515625, 0.52880859375, 0.50830078125, 0.33544921875, 0.47021484375]","[[1576.7332153320312, 691.8179931640625], [694.8187866210938, 831.484130859375], [1898.4846801757812, 633.1187133789062], [1860.9873657226562, 635.699462890625], [1340.0075073242188, 644.8489990234375], [421.5336151123047, 936.9706420898438], [66.98727703094482, 750.3707885742188], [1436.2303466796875, 669.9365844726562], [1498.0182495117188, 685.1807861328125], [1648.5488891601562, 638.259521484375], [545.5734252929688, 925.938232421875]]",424689664,410255360,424689664,640,yolo26n_int8_640_ncnn_model,MOT17-09
504,81.29380900004435,0.0,11,"[349, 445, 416, 451, 459, 465, 286, 190, 484, 378, 462]","[[1530.3143310546875, 401.07025146484375, 1631.1512451171875, 690.711181640625], [615.0567626953125, 322.927734375, 780.4867553710938, 821.0870361328125], [1879.355712890625, 433.61724853515625, 1920.0, 632.263916015625], [1829.2503662109375, 420.7336120605469, 1894.2916259765625, 634.7656860351562], [1304.7530517578125, 456.89697265625, 1381.82568359375, 646.69140625], [306.57952880859375, 226.3794708251953, 585.8509521484375, 929.9176635742188], [16.382953643798828, 491.82769775390625, 113.4967269897461, 755.0403442382812], [1389.9588623046875, 431.8663330078125, 1474.59033203125, 668.4796752929688], [1472.3807373046875, 427.5028381347656, 1519.0196533203125, 675.0635375976562], [1610.7904052734375, 439.3782653808594, 1686.7431640625, 637.3267211914062], [300.0657653808594, 233.59945678710938, 740.5933837890625, 925.6845703125]]","[0.58203125, 0.818359375, 0.459716796875, 0.5517578125, 0.44873046875, 0.7236328125, 0.35791015625, 0.441650390625, 0.488525390625, 0.305419921875, 0.380859375]","[[1580.7327880859375, 690.711181640625], [697.7717590332031, 821.0870361328125], [1899.6778564453125, 632.263916015625], [1861.77099609375, 634.7656860351562], [1343.2893676757812, 646.69140625], [446.2152404785156, 929.9176635742188], [64.93984031677246, 755.0403442382812], [1432.2745971679688, 668.4796752929688], [1495.7001953125, 675.0635375976562], [1648.7667846679688, 637.3267211914062], [520.3295745849609, 925.6845703125]]",424689664,410255360,424689664,640,yolo26n_int8_640_ncnn_model,MOT17-09
505,91.16236299996672,0.0,11,"[349, 445, 416, 451, 459, 465, 286, 190, 484, 378, 452]","[[1536.778076171875, 404.2350769042969, 1637.1646728515625, 686.0552978515625], [623.4343872070312, 322.91534423828125, 786.6897583007812, 817.7863159179688], [1880.65625, 433.5704650878906, 1920.0, 629.4723510742188], [1830.6417236328125, 419.4158935546875, 1895.36865234375, 632.4140014648438], [1305.123046875, 452.8148193359375, 1381.638916015625, 643.1860961914062], [357.4418029785156, 226.2149200439453, 625.9578247070312, 923.7327270507812], [21.746387481689453, 502.76739501953125, 114.0915756225586, 750.8785400390625], [1383.3677978515625, 433.0596923828125, 1468.8162841796875, 669.6983032226562], [1467.1046142578125, 425.2245788574219, 1513.9605712890625, 666.0459594726562], [1604.432373046875, 437.9968566894531, 1684.97265625, 650.1100463867188], [113.68561553955078, 540.752685546875, 186.20401000976562, 747.4973754882812]]","[0.60498046875, 0.82763671875, 0.449462890625, 0.494140625, 0.33203125, 0.6455078125, 0.327880859375, 0.45751953125, 0.54638671875, 0.380859375, 0.256591796875]","[[1586.9713745117188, 686.0552978515625], [705.0620727539062, 817.7863159179688], [1900.328125, 629.4723510742188], [1863.0051879882812, 632.4140014648438], [1343.3809814453125, 643.1860961914062], [491.69981384277344, 923.7327270507812], [67.91898155212402, 750.8785400390625], [1426.092041015625, 669.6983032226562], [1490.5325927734375, 666.0459594726562], [1644.7025146484375, 650.1100463867188], [149.9448127746582, 747.4973754882812]]",424689664,410255360,424689664,640,yolo26n_int8_640_ncnn_model,MOT17-09
506,81.93373500012058,0.0,10,"[349, 445, 416, 451, 459, 465, 190, 484, 378, 452]","[[1537.3123779296875, 396.75677490234375, 1640.7137451171875, 684.8505859375], [631.54345703125, 325.6336975097656, 792.4312744140625, 817.9186401367188], [1882.473388671875, 432.29656982421875, 1920.0, 627.720458984375], [1831.400390625, 419.1783142089844, 1895.447265625, 631.2776489257812], [1314.9920654296875, 454.724609375, 1389.2606201171875, 643.32568359375], [399.95904541015625, 221.12326049804688, 660.4574584960938, 918.6183471679688], [1379.7088623046875, 439.466796875, 1460.40771484375, 664.1857299804688], [1463.7255859375, 424.2926940917969, 1512.07373046875, 663.6400756835938], [1604.72509765625, 438.719482421875, 1685.51123046875, 654.5596923828125], [114.31444549560547, 538.5603637695312, 186.44131469726562, 745.014404296875]]","[0.55224609375, 0.83251953125, 0.421630859375, 0.4931640625, 0.3251953125, 0.6865234375, 0.3212890625, 0.564453125, 0.369873046875, 0.32177734375]","[[1589.0130615234375, 684.8505859375], [711.9873657226562, 817.9186401367188], [1901.2366943359375, 627.720458984375], [1863.423828125, 631.2776489257812], [1352.1263427734375, 643.32568359375], [530.208251953125, 918.6183471679688], [1420.0582885742188, 664.1857299804688], [1487.899658203125, 663.6400756835938], [1645.1181640625, 654.5596923828125], [150.37788009643555, 745.014404296875]]",424689664,410255360,424689664,640,yolo26n_int8_640_ncnn_model,MOT17-09
507,89.23217799997474,0.0,11,"[349, 445, 416, 451, 459, 465, 190, 484, 378, 452, 286]","[[1539.329345703125, 386.814453125, 1645.8394775390625, 683.6937866210938], [637.8432006835938, 326.1153259277344, 796.7119750976562, 814.5736694335938], [1881.957275390625, 432.0728454589844, 1920.0, 631.8540649414062], [1832.4822998046875, 419.5986633300781, 1896.5709228515625, 633.332763671875], [1322.0257568359375, 455.72113037109375, 1393.4853515625, 642.145263671875], [421.0892333984375, 239.087158203125, 676.244140625, 938.0162353515625], [1374.5545654296875, 442.3857116699219, 1453.6407470703125, 665.6602172851562], [1461.542236328125, 425.12225341796875, 1511.704833984375, 663.0528564453125], [1606.208984375, 440.5121765136719, 1686.07861328125, 656.8049926757812], [114.43241119384766, 537.0547485351562, 187.11924743652344, 745.8973999023438], [23.06505584716797, 493.41351318359375, 118.1668930053711, 749.0952758789062]]","[0.6123046875, 0.83056640625, 0.41650390625, 0.52197265625, 0.34716796875, 0.65478515625, 0.42236328125, 0.57421875, 0.391845703125, 0.406005859375, 0.421630859375]","[[1592.5844116210938, 683.6937866210938], [717.277587890625, 814.5736694335938], [1900.9786376953125, 631.8540649414062], [1864.526611328125, 633.332763671875], [1357.7555541992188, 642.145263671875], [548.6666870117188, 938.0162353515625], [1414.09765625, 665.6602172851562], [1486.62353515625, 663.0528564453125], [1646.143798828125, 656.8049926757812], [150.77582931518555, 745.8973999023438], [70.61597442626953, 749.0952758789062]]",424689664,410255360,424689664,640,yolo26n_int8_640_ncnn_model,MOT17-09
508,82.39466099985293,0.0,11,"[349, 445, 416, 451, 465, 190, 484, 378, 452, 286, 462]","[[1542.314208984375, 383.5516052246094, 1649.1158447265625, 682.7994995117188], [649.5548095703125, 327.25738525390625, 812.3773803710938, 822.431640625], [1883.411865234375, 432.23919677734375, 1920.0, 630.2073974609375], [1832.47412109375, 420.2620544433594, 1895.35400390625, 629.6666259765625], [442.4058837890625, 231.83506774902344, 694.8275756835938, 928.4818725585938], [1367.07373046875, 439.8817138671875, 1446.1802978515625, 668.7262573242188], [1453.7545166015625, 424.6826171875, 1507.309814453125, 664.8822631835938], [1611.99560546875, 440.2380065917969, 1688.7857666015625, 651.7271118164062], [114.37434387207031, 532.7902221679688, 187.7147979736328, 744.9849243164062], [27.073495864868164, 489.9714660644531, 121.95252990722656, 748.0242309570312], [394.3374938964844, 243.73260498046875, 805.0098876953125, 919.3826904296875]]","[0.6455078125, 0.8076171875, 0.38720703125, 0.47314453125, 0.73681640625, 0.395751953125, 0.59033203125, 0.41650390625, 0.35693359375, 0.36572265625, 0.380126953125]","[[1595.7150268554688, 682.7994995117188], [730.9660949707031, 822.431640625], [1901.7059326171875, 630.2073974609375], [1863.9140625, 629.6666259765625], [568.6167297363281, 928.4818725585938], [1406.6270141601562, 668.7262573242188], [1480.5321655273438, 664.8822631835938], [1650.3906860351562, 651.7271118164062], [151.04457092285156, 744.9849243164062], [74.51301288604736, 748.0242309570312], [599.6736907958984, 919.3826904296875]]",424689664,410255360,424689664,640,yolo26n_int8_640_ncnn_model,MOT17-09
509,81.47140100004435,0.0,10,"[349, 445, 416, 451, 465, 190, 484, 378, 452, 286]","[[1545.6351318359375, 390.71478271484375, 1649.7164306640625, 683.9807739257812], [662.0130004882812, 325.1710510253906, 824.4766845703125, 814.0042114257812], [1885.5377197265625, 432.8051452636719, 1920.0, 627.1123657226562], [1834.3768310546875, 423.0223388671875, 1896.867431640625, 629.7632446289062], [464.0397033691406, 237.89993286132812, 715.2345581054688, 925.1205444335938], [1356.738037109375, 433.4791259765625, 1437.531005859375, 664.4136352539062], [1443.9747314453125, 424.8199157714844, 1501.662353515625, 666.4330444335938], [1615.8709716796875, 442.39080810546875, 1689.950927734375, 649.5086669921875], [115.3063735961914, 534.3779296875, 188.4538116455078, 748.31982421875], [33.33576202392578, 495.4094543457031, 125.42692565917969, 748.865966796875]]","[0.623046875, 0.8037109375, 0.349365234375, 0.44677734375, 0.78271484375, 0.433837890625, 0.59375, 0.443603515625, 0.40087890625, 0.306884765625]","[[1597.67578125, 683.9807739257812], [743.2448425292969, 814.0042114257812], [1902.7688598632812, 627.1123657226562], [1865.6221313476562, 629.7632446289062], [589.6371307373047, 925.1205444335938], [1397.134521484375, 664.4136352539062], [1472.8185424804688, 666.4330444335938], [1652.9109497070312, 649.5086669921875], [151.8800926208496, 748.31982421875], [79.38134384155273, 748.865966796875]]",424689664,410255360,424689664,640,yolo26n_int8_640_ncnn_model,MOT17-09
510,91.49690100002772,0.0,9,"[349, 445, 451, 465, 190, 484, 378, 452, 286]","[[1547.854736328125, 398.9781799316406, 1648.505615234375, 684.9788818359375], [677.6556396484375, 325.8367004394531, 840.4180297851562, 809.3702392578125], [1835.7999267578125, 427.0511779785156, 1896.6435546875, 627.8167114257812], [478.36724853515625, 251.6555633544922, 734.7601318359375, 940.5126342773438], [1351.67578125, 428.78485107421875, 1431.973876953125, 661.0465698242188], [1437.877197265625, 420.0642395019531, 1499.3663330078125, 664.8087158203125], [1620.5809326171875, 442.4555358886719, 1694.9376220703125, 653.4320068359375], [112.18830108642578, 524.9120483398438, 189.738037109375, 754.757080078125], [31.31284523010254, 495.2828063964844, 124.06975555419922, 753.4151611328125]]","[0.60009765625, 0.8447265625, 0.3994140625, 0.80908203125, 0.51416015625, 0.61181640625, 0.452392578125, 0.5166015625, 0.294189453125]","[[1598.18017578125, 684.9788818359375], [759.0368347167969, 809.3702392578125], [1866.2217407226562, 627.8167114257812], [606.5636901855469, 940.5126342773438], [1391.8248291015625, 661.0465698242188], [1468.6217651367188, 664.8087158203125], [1657.75927734375, 653.4320068359375], [150.9631690979004, 754.757080078125], [77.69130039215088, 753.4151611328125]]",424689664,410255360,424689664,640,yolo26n_int8_640_ncnn_model,MOT17-09
511,97.60819699999956,0.0,10,"[349, 445, 451, 465, 190, 484, 378, 452, 286, 493]","[[1553.1634521484375, 385.00091552734375, 1655.2080078125, 680.3667602539062], [687.3963623046875, 325.1859130859375, 850.7781372070312, 803.60302734375], [1835.641845703125, 427.7979736328125, 1897.1561279296875, 629.8704223632812], [489.1979675292969, 257.31365966796875, 745.87646484375, 929.7384033203125], [1350.0972900390625, 433.4545593261719, 1428.105224609375, 661.2848510742188], [1434.09130859375, 421.3677673339844, 1498.36181640625, 665.2884521484375], [1626.9407958984375, 444.4545593261719, 1697.943359375, 645.993408203125], [111.5792007446289, 523.3018798828125, 189.41714477539062, 757.1539306640625], [24.575889587402344, 493.5210266113281, 122.11526489257812, 767.6488037109375], [668.748046875, 328.7250061035156, 952.1519165039062, 801.6749877929688]]","[0.58935546875, 0.8232421875, 0.402587890625, 0.8134765625, 0.48486328125, 0.54248046875, 0.489990234375, 0.435302734375, 0.298095703125, 0.529296875]","[[1604.1857299804688, 680.3667602539062], [769.0872497558594, 803.60302734375], [1866.3989868164062, 629.8704223632812], [617.5372161865234, 929.7384033203125], [1389.1012573242188, 661.2848510742188], [1466.2265625, 665.2884521484375], [1662.4420776367188, 645.993408203125], [150.49817276000977, 757.1539306640625], [73.34557723999023, 767.6488037109375], [810.4499816894531, 801.6749877929688]]",424689664,410255360,424689664,640,yolo26n_int8_640_ncnn_model,MOT17-09
512,83.61595800010946,0.0,10,"[349, 445, 451, 465, 190, 484, 378, 452, 286, 493]","[[1557.5887451171875, 393.91778564453125, 1654.9810791015625, 677.4716186523438], [695.6793212890625, 327.04833984375, 859.255859375, 799.427734375], [1837.20849609375, 428.053466796875, 1899.6453857421875, 632.6256713867188], [492.21856689453125, 260.5696716308594, 751.5709228515625, 923.4590454101562], [1345.14892578125, 436.2516784667969, 1421.6248779296875, 660.4174194335938], [1427.242919921875, 425.1858215332031, 1493.7076416015625, 667.3092651367188], [1632.5025634765625, 446.4891662597656, 1701.7420654296875, 642.8541259765625], [111.62238311767578, 522.9618530273438, 188.99459838867188, 758.787109375], [26.105016708374023, 494.31219482421875, 120.609375, 760.9210205078125], [673.7310180664062, 328.55224609375, 955.691162109375, 800.005126953125]]","[0.57275390625, 0.81787109375, 0.456298828125, 0.8125, 0.5048828125, 0.63671875, 0.481201171875, 0.5244140625, 0.38330078125, 0.27880859375]","[[1606.284912109375, 677.4716186523438], [777.4675903320312, 799.427734375], [1868.4269409179688, 632.6256713867188], [621.8947448730469, 923.4590454101562], [1383.3869018554688, 660.4174194335938], [1460.4752807617188, 667.3092651367188], [1667.122314453125, 642.8541259765625], [150.30849075317383, 758.787109375], [73.35719585418701, 760.9210205078125], [814.7110900878906, 800.005126953125]]",424689664,410255360,424689664,640,yolo26n_int8_640_ncnn_model,MOT17-09
513,81.92241999995531,0.0,10,"[349, 445, 451, 465, 190, 484, 378, 452, 286, 416]","[[1559.9150390625, 392.39544677734375, 1657.7691650390625, 680.4361572265625], [705.0601806640625, 327.847412109375, 869.3944091796875, 802.8770751953125], [1838.2010498046875, 428.62347412109375, 1900.1075439453125, 633.1674194335938], [504.365478515625, 261.14654541015625, 765.6866455078125, 921.7282104492188], [1335.4285888671875, 427.2713623046875, 1416.5869140625, 662.12939453125], [1418.2744140625, 418.3420104980469, 1487.6527099609375, 663.3414916992188], [1638.97412109375, 447.2237243652344, 1706.5433349609375, 639.7130126953125], [114.65626525878906, 525.3179321289062, 187.51719665527344, 748.1614990234375], [28.82499122619629, 498.373046875, 119.79692077636719, 756.3576049804688], [1881.86083984375, 414.6103515625, 1920.0, 633.4193725585938]]","[0.59521484375, 0.7529296875, 0.32861328125, 0.8095703125, 0.49951171875, 0.5263671875, 0.468017578125, 0.41357421875, 0.424560546875, 0.306884765625]","[[1608.8421020507812, 680.4361572265625], [787.227294921875, 802.8770751953125], [1869.154296875, 633.1674194335938], [635.0260620117188, 921.7282104492188], [1376.0077514648438, 662.12939453125], [1452.9635620117188, 663.3414916992188], [1672.7587280273438, 639.7130126953125], [151.08673095703125, 748.1614990234375], [74.31095600128174, 756.3576049804688], [1900.930419921875, 633.4193725585938]]",424689664,410255360,424689664,640,yolo26n_int8_640_ncnn_model,MOT17-09
514,81.92875399981858,0.0,11,"[349, 445, 451, 465, 190, 484, 378, 452, 286, 416, 493]","[[1564.8140869140625, 396.7919921875, 1658.4903564453125, 674.6018676757812], [711.454345703125, 331.732421875, 873.5784301757812, 802.6270751953125], [1838.4417724609375, 411.1866149902344, 1904.306640625, 632.12548828125], [516.84326171875, 262.12255859375, 775.058349609375, 913.2981567382812], [1327.798583984375, 434.75177001953125, 1408.28955078125, 661.7880859375], [1407.2586669921875, 422.8034973144531, 1476.4525146484375, 662.9071655273438], [1642.9332275390625, 445.2057800292969, 1710.510009765625, 638.849609375], [115.91899871826172, 528.3168334960938, 186.3621063232422, 744.9249267578125], [30.051803588867188, 499.6691589355469, 119.90068054199219, 753.8314208984375], [1879.1383056640625, 398.2506103515625, 1920.0, 638.681884765625], [685.7123413085938, 332.6325988769531, 960.2388916015625, 795.2440185546875]]","[0.55029296875, 0.7197265625, 0.260498046875, 0.83203125, 0.560546875, 0.5361328125, 0.60791015625, 0.34228515625, 0.458740234375, 0.338134765625, 0.32421875]","[[1611.6522216796875, 674.6018676757812], [792.5163879394531, 802.6270751953125], [1871.3742065429688, 632.12548828125], [645.9508056640625, 913.2981567382812], [1368.0440673828125, 661.7880859375], [1441.8555908203125, 662.9071655273438], [1676.7216186523438, 638.849609375], [151.14055252075195, 744.9249267578125], [74.97624206542969, 753.8314208984375], [1899.5691528320312, 638.681884765625], [822.9756164550781, 795.2440185546875]]",424689664,410255360,424689664,640,yolo26n_int8_640_ncnn_model,MOT17-09
515,81.38614200015581,0.0,9,"[349, 445, 465, 190, 484, 378, 452, 286, 416]","[[1566.3272705078125, 395.6948547363281, 1660.6986083984375, 677.2020263671875], [716.342041015625, 333.6650695800781, 875.8818969726562, 800.127685546875], [538.3991088867188, 258.8498229980469, 789.7440795898438, 898.7078857421875], [1320.5751953125, 441.9912109375, 1399.0225830078125, 659.4306030273438], [1398.9256591796875, 430.0799560546875, 1466.7523193359375, 663.3124389648438], [1642.6236572265625, 441.20611572265625, 1711.500244140625, 639.82080078125], [118.9847183227539, 530.1984252929688, 188.08494567871094, 741.9811401367188], [32.235260009765625, 501.141357421875, 120.37527465820312, 751.8782348632812], [1874.14208984375, 386.3567810058594, 1919.9541015625, 631.4068603515625]]","[0.5859375, 0.69677734375, 0.72412109375, 0.4091796875, 0.5625, 0.595703125, 0.25830078125, 0.388671875, 0.353271484375]","[[1613.512939453125, 677.2020263671875], [796.1119689941406, 800.127685546875], [664.0715942382812, 898.7078857421875], [1359.7988891601562, 659.4306030273438], [1432.8389892578125, 663.3124389648438], [1677.0619506835938, 639.82080078125], [153.53483200073242, 741.9811401367188], [76.30526733398438, 751.8782348632812], [1897.048095703125, 631.4068603515625]]",424689664,410255360,424689664,640,yolo26n_int8_640_ncnn_model,MOT17-09
516,82.42588300004172,0.0,9,"[349, 445, 465, 190, 484, 378, 452, 286, 416]","[[1571.6109619140625, 398.7601623535156, 1664.5166015625, 676.6876831054688], [726.7307739257812, 334.5948181152344, 881.4846801757812, 797.0242919921875], [567.1083984375, 268.22821044921875, 809.268798828125, 900.8643798828125], [1313.12451171875, 451.2562255859375, 1390.8380126953125, 660.0950317382812], [1390.2371826171875, 435.3289489746094, 1459.1131591796875, 671.105224609375], [1641.9635009765625, 437.7404479980469, 1714.1822509765625, 648.1233520507812], [119.7995834350586, 536.1768188476562, 187.281005859375, 742.655029296875], [33.96638107299805, 503.92828369140625, 122.11050415039062, 755.8860473632812], [1870.7745361328125, 381.1898193359375, 1917.928955078125, 628.8801879882812]]","[0.56494140625, 0.55126953125, 0.755859375, 0.325439453125, 0.55908203125, 0.56787109375, 0.345947265625, 0.323486328125, 0.46630859375]","[[1618.0637817382812, 676.6876831054688], [804.1077270507812, 797.0242919921875], [688.1885986328125, 900.8643798828125], [1351.9812622070312, 660.0950317382812], [1424.6751708984375, 671.105224609375], [1678.0728759765625, 648.1233520507812], [153.5402946472168, 742.655029296875], [78.03844261169434, 755.8860473632812], [1894.3517456054688, 628.8801879882812]]",424689664,410255360,424689664,640,yolo26n_int8_640_ncnn_model,MOT17-09
517,81.65871599999264,0.0,9,"[349, 445, 465, 190, 484, 378, 452, 286, 416]","[[1575.0760498046875, 403.6530456542969, 1666.161376953125, 677.783203125], [729.5697631835938, 325.6393737792969, 883.9508056640625, 797.201904296875], [593.1538696289062, 261.2955322265625, 830.8102416992188, 900.0690307617188], [1316.8914794921875, 455.09967041015625, 1392.1290283203125, 657.8234252929688], [1385.876220703125, 438.96405029296875, 1454.8787841796875, 674.2086181640625], [1645.4493408203125, 436.68939208984375, 1719.0809326171875, 653.9300537109375], [118.08883666992188, 536.1386108398438, 186.324462890625, 744.1856689453125], [32.58253479003906, 500.726318359375, 120.40641021728516, 751.6583862304688], [1869.0042724609375, 379.552001953125, 1917.6021728515625, 631.5011596679688]]","[0.583984375, 0.603515625, 0.75, 0.358154296875, 0.6083984375, 0.515625, 0.319091796875, 0.308837890625, 0.46337890625]","[[1620.6187133789062, 677.783203125], [806.7602844238281, 797.201904296875], [711.9820556640625, 900.0690307617188], [1354.51025390625, 657.8234252929688], [1420.3775024414062, 674.2086181640625], [1682.26513671875, 653.9300537109375], [152.20664978027344, 744.1856689453125], [76.49447250366211, 751.6583862304688], [1893.30322265625, 631.5011596679688]]",424689664,410255360,424689664,640,yolo26n_int8_640_ncnn_model,MOT17-09
518,81.98671599984664,0.0,9,"[349, 445, 465, 190, 484, 378, 452, 286, 416]","[[1578.4219970703125, 405.6964416503906, 1668.4202880859375, 678.9765625], [741.8446044921875, 335.5429992675781, 890.9804077148438, 803.8845825195312], [627.11474609375, 269.6283264160156, 853.041259765625, 894.90966796875], [1313.1812744140625, 459.4639892578125, 1387.0252685546875, 658.0413818359375], [1384.5701904296875, 441.78265380859375, 1454.4554443359375, 676.87060546875], [1649.107666015625, 443.5943298339844, 1722.3668212890625, 661.5380859375], [118.2310791015625, 529.1364135742188, 188.30287170410156, 741.7678833007812], [34.63505172729492, 500.48736572265625, 121.56134033203125, 749.0493774414062], [1867.0274658203125, 377.8424987792969, 1916.8670654296875, 631.7958984375]]","[0.6181640625, 0.5830078125, 0.755859375, 0.3330078125, 0.619140625, 0.4638671875, 0.39501953125, 0.303466796875, 0.44140625]","[[1623.421142578125, 678.9765625], [816.4125061035156, 803.8845825195312], [740.0780029296875, 894.90966796875], [1350.103271484375, 658.0413818359375], [1419.5128173828125, 676.87060546875], [1685.7372436523438, 661.5380859375], [153.26697540283203, 741.7678833007812], [78.09819602966309, 749.0493774414062], [1891.947265625, 631.7958984375]]",424689664,410255360,424689664,640,yolo26n_int8_640_ncnn_model,MOT17-09
519,81.17869800003064,0.0,9,"[349, 445, 465, 190, 484, 378, 452, 286, 416]","[[1582.30419921875, 406.15985107421875, 1672.3436279296875, 681.6875610351562], [752.8361206054688, 341.67987060546875, 898.61474609375, 812.1142578125], [649.8406372070312, 270.17657470703125, 867.3109741210938, 890.6090698242188], [1310.823486328125, 465.27606201171875, 1385.630126953125, 661.9595947265625], [1380.6800537109375, 441.5350036621094, 1449.169189453125, 666.12890625], [1651.0059814453125, 443.38037109375, 1722.917236328125, 660.552001953125], [118.13703155517578, 535.6425170898438, 186.46646118164062, 742.5982666015625], [35.98912811279297, 505.3774108886719, 121.01164245605469, 748.071533203125], [1858.853271484375, 376.5938415527344, 1916.268798828125, 664.622314453125]]","[0.6142578125, 0.58203125, 0.77099609375, 0.458251953125, 0.50048828125, 0.453857421875, 0.400390625, 0.268798828125, 0.50341796875]","[[1627.3239135742188, 681.6875610351562], [825.7254333496094, 812.1142578125], [758.5758056640625, 890.6090698242188], [1348.226806640625, 661.9595947265625], [1414.9246215820312, 666.12890625], [1686.9616088867188, 660.552001953125], [152.3017463684082, 742.5982666015625], [78.50038528442383, 748.071533203125], [1887.56103515625, 664.622314453125]]",424689664,410255360,424689664,640,yolo26n_int8_640_ncnn_model,MOT17-09
520,96.62875300000451,0.0,8,"[349, 445, 465, 190, 484, 378, 452, 416]","[[1587.485595703125, 408.52435302734375, 1675.7828369140625, 680.4723510742188], [765.870361328125, 336.9847106933594, 905.8829956054688, 798.3436889648438], [668.502197265625, 272.5472412109375, 881.3641967773438, 889.9110107421875], [1304.353759765625, 463.2473449707031, 1380.0286865234375, 661.3821411132812], [1377.500732421875, 441.35479736328125, 1447.4234619140625, 664.0530395507812], [1656.3564453125, 444.7738342285156, 1722.205322265625, 642.8912963867188], [116.79659271240234, 538.1705932617188, 184.90902709960938, 742.9407348632812], [1853.0863037109375, 377.7286682128906, 1913.17138671875, 670.6235961914062]]","[0.6015625, 0.52392578125, 0.71435546875, 0.48291015625, 0.533203125, 0.307373046875, 0.35888671875, 0.491455078125]","[[1631.6342163085938, 680.4723510742188], [835.8766784667969, 798.3436889648438], [774.9331970214844, 889.9110107421875], [1342.1912231445312, 661.3821411132812], [1412.4620971679688, 664.0530395507812], [1689.2808837890625, 642.8912963867188], [150.85280990600586, 742.9407348632812], [1883.1288452148438, 670.6235961914062]]",424689664,410255360,424689664,640,yolo26n_int8_640_ncnn_model,MOT17-09
521,84.3050690000382,0.0,7,"[349, 465, 190, 484, 452, 416, 286]","[[1593.90869140625, 409.364990234375, 1680.2972412109375, 676.01513671875], [694.5230712890625, 266.32965087890625, 909.0263061523438, 882.7791137695312], [1301.241455078125, 462.66107177734375, 1378.076904296875, 662.9281616210938], [1368.40673828125, 446.530517578125, 1435.94580078125, 660.0555419921875], [116.97095489501953, 533.3362426757812, 186.91189575195312, 743.827880859375], [1851.599609375, 379.6024169921875, 1914.380126953125, 680.3651733398438], [31.718889236450195, 501.8271484375, 118.99093627929688, 749.82666015625]]","[0.55859375, 0.7529296875, 0.515625, 0.4609375, 0.39111328125, 0.5830078125, 0.293212890625]","[[1637.1029663085938, 676.01513671875], [801.7746887207031, 882.7791137695312], [1339.6591796875, 662.9281616210938], [1402.17626953125, 660.0555419921875], [151.94142532348633, 743.827880859375], [1882.9898681640625, 680.3651733398438], [75.35491275787354, 749.82666015625]]",424689664,410255360,424689664,640,yolo26n_int8_640_ncnn_model,MOT17-09
522,81.71369899991987,0.0,8,"[349, 465, 190, 484, 452, 416, 505, 286]","[[1597.848876953125, 405.1026916503906, 1684.14013671875, 674.863525390625], [710.209228515625, 263.81585693359375, 927.8017578125, 878.3829956054688], [1297.8328857421875, 456.8753356933594, 1375.99365234375, 662.0092163085938], [1366.248779296875, 449.41705322265625, 1437.057373046875, 669.8195190429688], [115.97916412353516, 526.8621215820312, 189.07850646972656, 748.8408813476562], [1846.0028076171875, 378.76715087890625, 1912.7777099609375, 692.45947265625], [1425.8028564453125, 454.20001220703125, 1484.1971435546875, 644.4000244140625], [34.97582244873047, 518.7886352539062, 117.46418762207031, 749.5631103515625]]","[0.5771484375, 0.81640625, 0.50634765625, 0.5380859375, 0.368408203125, 0.61328125, 0.416259765625, 0.2890625]","[[1640.9945068359375, 674.863525390625], [819.0054931640625, 878.3829956054688], [1336.9132690429688, 662.0092163085938], [1401.653076171875, 669.8195190429688], [152.52883529663086, 748.8408813476562], [1879.3902587890625, 692.45947265625], [1455.0, 644.4000244140625], [76.22000503540039, 749.5631103515625]]",424689664,410255360,424689664,640,yolo26n_int8_640_ncnn_model,MOT17-09
523,81.52399499999774,0.0,9,"[349, 465, 190, 484, 452, 416, 505, 286, 378]","[[1600.0745849609375, 396.54949951171875, 1688.5169677734375, 673.46728515625], [721.9434814453125, 280.1894836425781, 941.3319091796875, 878.5134887695312], [1288.6795654296875, 451.4466857910156, 1368.5814208984375, 665.86572265625], [1361.087646484375, 447.6816101074219, 1432.1019287109375, 662.1304321289062], [117.9842300415039, 533.6364135742188, 187.63589477539062, 744.4285278320312], [1851.4124755859375, 381.8395080566406, 1917.9228515625, 695.6680297851562], [1430.256591796875, 457.6546630859375, 1491.4541015625, 656.8718872070312], [33.182437896728516, 506.9078063964844, 119.95873260498047, 750.2139282226562], [1665.3101806640625, 448.534912109375, 1730.5970458984375, 646.4275512695312]]","[0.56787109375, 0.8203125, 0.5205078125, 0.51025390625, 0.403076171875, 0.6337890625, 0.481201171875, 0.34033203125, 0.37109375]","[[1644.2957763671875, 673.46728515625], [831.6376953125, 878.5134887695312], [1328.6304931640625, 665.86572265625], [1396.5947875976562, 662.1304321289062], [152.81006240844727, 744.4285278320312], [1884.6676635742188, 695.6680297851562], [1460.8553466796875, 656.8718872070312], [76.57058525085449, 750.2139282226562], [1697.95361328125, 646.4275512695312]]",424689664,410255360,424689664,640,yolo26n_int8_640_ncnn_model,MOT17-09
524,81.29301400003897,0.0,9,"[349, 465, 190, 484, 452, 416, 505, 286, 378]","[[1604.4510498046875, 399.9781188964844, 1692.281494140625, 675.1821899414062], [722.4591674804688, 283.01611328125, 947.4068603515625, 878.9952392578125], [1284.841796875, 454.74456787109375, 1361.5567626953125, 665.8536376953125], [1350.8741455078125, 444.6462097167969, 1420.8175048828125, 654.384765625], [118.05210876464844, 537.4046020507812, 186.64915466308594, 743.6320190429688], [1852.4046630859375, 373.2970886230469, 1919.3516845703125, 690.2398681640625], [1436.336181640625, 457.0655517578125, 1498.367431640625, 658.0848388671875], [31.971033096313477, 500.0935363769531, 120.24820709228516, 749.2131958007812], [1668.0087890625, 447.0196228027344, 1733.8543701171875, 650.14501953125]]","[0.59765625, 0.8330078125, 0.49853515625, 0.474853515625, 0.347412109375, 0.646484375, 0.37109375, 0.287109375, 0.467041015625]","[[1648.3662719726562, 675.1821899414062], [834.9330139160156, 878.9952392578125], [1323.1992797851562, 665.8536376953125], [1385.8458251953125, 654.384765625], [152.3506317138672, 743.6320190429688], [1885.878173828125, 690.2398681640625], [1467.351806640625, 658.0848388671875], [76.10962009429932, 749.2131958007812], [1700.9315795898438, 650.14501953125]]",424689664,410255360,424689664,640,yolo26n_int8_640_ncnn_model,MOT17-09
525,83.76597599999513,0.0,9,"[349, 465, 190, 484, 452, 416, 505, 286, 378]","[[1606.623779296875, 397.59124755859375, 1694.8701171875, 674.636474609375], [722.750732421875, 287.3438720703125, 952.2682495117188, 878.9069213867188], [1281.729736328125, 452.5479431152344, 1356.984375, 661.3602905273438], [1341.2979736328125, 443.72808837890625, 1410.7723388671875, 650.3099975585938], [117.57057189941406, 539.7862548828125, 186.03387451171875, 745.3452758789062], [1852.808837890625, 369.08599853515625, 1919.9384765625, 687.9915771484375], [1441.3870849609375, 459.8150634765625, 1503.889892578125, 658.32666015625], [31.857275009155273, 495.749267578125, 121.5290298461914, 750.5303955078125], [1669.1822509765625, 438.1147155761719, 1738.6654052734375, 657.82568359375]]","[0.57666015625, 0.8408203125, 0.4169921875, 0.491455078125, 0.271484375, 0.62353515625, 0.360107421875, 0.302001953125, 0.5791015625]","[[1650.7469482421875, 674.636474609375], [837.5094909667969, 878.9069213867188], [1319.3570556640625, 661.3602905273438], [1376.03515625, 650.3099975585938], [151.8022232055664, 745.3452758789062], [1886.3736572265625, 687.9915771484375], [1472.6384887695312, 658.32666015625], [76.69315242767334, 750.5303955078125], [1703.923828125, 657.82568359375]]",424689664,410255360,424689664,640,yolo26n_int8_640_ncnn_model,MOT17-09
