frame_id,inference_ms,postprocess_ms,n_detections,track_ids,bboxes_xyxy,confs,footpoints,mem_total_bytes,mem_delta_bytes,mem_bytes,imgsz,model,seq
1,,,12,"[1, 2, 3, 4, 5, 6, 7, 8, 9, 10, 11, 12]","[[1337.25, 433.875, 1505.25, 778.125], [440.25, 450.0, 548.25, 720.0], [1447.875, 437.25, 1594.125, 765.75], [585.1875, 441.375, 673.3125, 707.625], [731.0625, 466.125, 762.9375, 568.875], [1081.5, 450.75, 1137.0, 584.25], [678.375, 471.0, 731.625, 600.0], [665.25, 455.625, 729.0, 633.375], [936.0, 435.375, 972.0, 515.625], [1254.375, 447.0, 1289.625, 544.5], [739.125, 466.5, 764.625, 564.0], [1854.0, 390.375, 1920.0, 656.625]]","[0.802734375, 0.7431640625, 0.7294921875, 0.71826171875, 0.40380859375, 0.375, 0.347412109375, 0.33740234375, 0.323974609375, 0.309814453125, 0.3017578125, 0.266357421875]","[[1421.25, 778.125], [494.25, 720.0], [1521.0, 765.75], [629.25, 707.625], [747.0, 568.875], [1109.25, 584.25], [705.0, 600.0], [697.125, 633.375], [954.0, 515.625], [1272.0, 544.5], [751.875, 564.0], [1887.0, 656.625]]",425394176,410943488,425394176,640,yolo26s_int8_640_ncnn_model,MOT17-02
2,,,9,"[1, 2, 3, 4, 5, 6, 9, 10, 12]","[[1341.666015625, 425.41424560546875, 1515.152099609375, 781.379150390625], [441.3182067871094, 445.1188049316406, 552.3883666992188, 722.2778930664062], [1452.2069091796875, 445.71075439453125, 1594.999755859375, 766.4008178710938], [584.8170776367188, 443.3274841308594, 671.73046875, 705.6725463867188], [732.582763671875, 473.9349060058594, 762.0680541992188, 568.875], [1077.7978515625, 454.9803771972656, 1134.1939697265625, 590.432861328125], [935.8572998046875, 434.3987731933594, 972.1427001953125, 515.299560546875], [1255.5762939453125, 447.3254089355469, 1291.0269775390625, 545.4762573242188], [1855.094482421875, 390.7004089355469, 1920.0, 658.9028930664062]]","[0.7998046875, 0.6962890625, 0.68798828125, 0.66064453125, 0.376708984375, 0.442138671875, 0.338134765625, 0.264404296875, 0.265625]","[[1428.4090576171875, 781.379150390625], [496.85328674316406, 722.2778930664062], [1523.6033325195312, 766.4008178710938], [628.2737731933594, 705.6725463867188], [747.3254089355469, 568.875], [1105.9959106445312, 590.432861328125], [954.0, 515.299560546875], [1273.3016357421875, 545.4762573242188], [1887.5472412109375, 658.9028930664062]]",425394176,410943488,425394176,640,yolo26s_int8_640_ncnn_model,MOT17-02
3,,,9,"[1, 2, 3, 4, 5, 6, 9, 10, 8]","[[1344.006591796875, 425.686279296875, 1521.0413818359375, 789.4325561523438], [443.561767578125, 446.88104248046875, 553.3532104492188, 720.06787109375], [1463.8192138671875, 445.0871887207031, 1607.8983154296875, 769.7599487304688], [584.4032592773438, 443.66107177734375, 671.2223510742188, 705.3389282226562], [734.1861572265625, 475.8592834472656, 762.989990234375, 568.2711791992188], [1077.795166015625, 455.9972229003906, 1134.2413330078125, 591.2037963867188], [935.9844970703125, 433.94000244140625, 972.0155029296875, 514.3697509765625], [1256.1195068359375, 447.0896911621094, 1290.93017578125, 543.60302734375], [658.5437622070312, 451.4642333984375, 725.3043212890625, 637.5357666015625]]","[0.78466796875, 0.728515625, 0.70703125, 0.6708984375, 0.40185546875, 0.480224609375, 0.3759765625, 0.276611328125, 0.2578125]","[[1432.5239868164062, 789.4325561523438], [498.4574890136719, 720.06787109375], [1535.8587646484375, 769.7599487304688], [627.8128051757812, 705.3389282226562], [748.5880737304688, 568.2711791992188], [1106.0182495117188, 591.2037963867188], [954.0, 514.3697509765625], [1273.5248413085938, 543.60302734375], [691.9240417480469, 637.5357666015625]]",425394176,410943488,425394176,640,yolo26s_int8_640_ncnn_model,MOT17-02
4,,,7,"[1, 2, 3, 4, 5, 6, 9]","[[1348.142822265625, 424.8060607910156, 1527.212158203125, 793.1333618164062], [444.76885986328125, 446.1175537109375, 556.5177001953125, 723.038330078125], [1470.8232421875, 434.7688903808594, 1617.4365234375, 768.206298828125], [585.0958251953125, 445.1658935546875, 671.4295043945312, 704.9833374023438], [735.6124877929688, 474.8094482421875, 764.6197509765625, 567.2183837890625], [1077.7982177734375, 453.66778564453125, 1135.5216064453125, 591.6160888671875], [936.019775390625, 433.8136291503906, 971.980224609375, 514.081787109375]]","[0.83056640625, 0.7314453125, 0.68017578125, 0.6689453125, 0.4013671875, 0.411865234375, 0.39697265625]","[[1437.677490234375, 793.1333618164062], [500.6432800292969, 723.038330078125], [1544.1298828125, 768.206298828125], [628.2626647949219, 704.9833374023438], [750.1161193847656, 567.2183837890625], [1106.659912109375, 591.6160888671875], [954.0, 514.081787109375]]",425394176,410943488,425394176,640,yolo26s_int8_640_ncnn_model,MOT17-02
5,,,9,"[1, 2, 3, 4, 5, 6, 9, 10, 8]","[[1350.1849365234375, 423.2153015136719, 1530.464111328125, 795.505615234375], [444.4232177734375, 446.4237060546875, 555.950439453125, 721.2606811523438], [1478.0068359375, 430.8362121582031, 1623.7752685546875, 765.9890747070312], [584.2471313476562, 444.7842712402344, 671.4896240234375, 706.8427124023438], [736.4703369140625, 478.8918151855469, 764.6224365234375, 568.037109375], [1077.427978515625, 452.04925537109375, 1136.3486328125, 592.5093383789062], [935.8955078125, 433.5149841308594, 972.1044921875, 514.2914428710938], [1256.633056640625, 449.2806091308594, 1290.501708984375, 543.286865234375], [654.4497680664062, 453.96710205078125, 720.1377563476562, 637.64306640625]]","[0.79736328125, 0.75537109375, 0.68701171875, 0.6572265625, 0.396484375, 0.4384765625, 0.39990234375, 0.267333984375, 0.305419921875]","[[1440.3245239257812, 795.505615234375], [500.18682861328125, 721.2606811523438], [1550.8910522460938, 765.9890747070312], [627.8683776855469, 706.8427124023438], [750.54638671875, 568.037109375], [1106.8883056640625, 592.5093383789062], [954.0, 514.2914428710938], [1273.5673828125, 543.286865234375], [687.2937622070312, 637.64306640625]]",425394176,410943488,425394176,640,yolo26s_int8_640_ncnn_model,MOT17-02
6,,,8,"[1, 2, 3, 4, 5, 6, 9, 8]","[[1352.759521484375, 421.1306457519531, 1537.8326416015625, 806.1973266601562], [445.6152648925781, 446.8101501464844, 557.512451171875, 720.3518676757812], [1482.5865478515625, 429.9132995605469, 1627.406982421875, 768.1296997070312], [583.8629760742188, 444.0871276855469, 671.0825805664062, 705.8630981445312], [736.0706176757812, 475.2018737792969, 765.7373657226562, 568.8916015625], [1077.4639892578125, 451.50164794921875, 1136.47607421875, 591.712158203125], [935.7726440429688, 433.1598205566406, 972.2273559570312, 514.6466064453125], [651.5025024414062, 449.3338623046875, 718.916748046875, 638.3043212890625]]","[0.78466796875, 0.78173828125, 0.63671875, 0.68505859375, 0.43359375, 0.34765625, 0.356201171875, 0.34228515625]","[[1445.2960815429688, 806.1973266601562], [501.56385803222656, 720.3518676757812], [1554.9967651367188, 768.1296997070312], [627.4727783203125, 705.8630981445312], [750.9039916992188, 568.8916015625], [1106.9700317382812, 591.712158203125], [954.0, 514.6466064453125], [685.2096252441406, 638.3043212890625]]",425394176,410943488,425394176,640,yolo26s_int8_640_ncnn_model,MOT17-02
7,,,9,"[1, 2, 3, 4, 5, 6, 9, 8, 10]","[[1360.7164306640625, 427.09820556640625, 1539.2987060546875, 801.1424560546875], [445.8729553222656, 449.5788269042969, 558.1209716796875, 721.6173095703125], [1487.877685546875, 434.420654296875, 1628.57177734375, 768.3753662109375], [584.9219360351562, 443.8214416503906, 672.9175415039062, 707.6128540039062], [736.0166625976562, 479.1781005859375, 764.9537963867188, 570.2120971679688], [1075.7171630859375, 446.63922119140625, 1137.2366943359375, 592.9445190429688], [934.93408203125, 433.8321228027344, 972.0206909179688, 517.1316528320312], [648.9677124023438, 444.4588317871094, 718.0914916992188, 638.7779541015625], [1256.24755859375, 448.36785888671875, 1290.8572998046875, 544.6221923828125]]","[0.78662109375, 0.77685546875, 0.50537109375, 0.67333984375, 0.41357421875, 0.41552734375, 0.39990234375, 0.30029296875, 0.300048828125]","[[1450.007568359375, 801.1424560546875], [501.99696350097656, 721.6173095703125], [1558.2247314453125, 768.3753662109375], [628.9197387695312, 707.6128540039062], [750.4852294921875, 570.2120971679688], [1106.4769287109375, 592.9445190429688], [953.4773864746094, 517.1316528320312], [683.5296020507812, 638.7779541015625], [1273.5524291992188, 544.6221923828125]]",425394176,410943488,425394176,640,yolo26s_int8_640_ncnn_model,MOT17-02
8,,,10,"[1, 2, 3, 4, 5, 6, 9, 8, 16, 10]","[[1369.6239013671875, 423.2281188964844, 1546.8985595703125, 799.9520263671875], [446.4108581542969, 449.2628173828125, 559.8714599609375, 721.2980346679688], [1490.20166015625, 426.3779296875, 1632.0972900390625, 772.0711669921875], [584.8126220703125, 442.17218017578125, 673.0392456054688, 705.6568603515625], [736.6887817382812, 480.617919921875, 764.9281005859375, 568.5942993164062], [1074.489990234375, 448.7064208984375, 1135.0849609375, 591.6026611328125], [934.5932006835938, 434.33929443359375, 970.9661254882812, 516.7478637695312], [652.0030517578125, 445.02001953125, 719.6194458007812, 635.630126953125], [1445.47998046875, 425.625, 1612.4200439453125, 772.5750122070312], [1256.0086669921875, 445.5233459472656, 1291.072265625, 543.334228515625]]","[0.75390625, 0.79150390625, 0.6025390625, 0.708984375, 0.40185546875, 0.46240234375, 0.3515625, 0.345458984375, 0.380615234375, 0.306884765625]","[[1458.26123046875, 799.9520263671875], [503.1411590576172, 721.2980346679688], [1561.1494750976562, 772.0711669921875], [628.9259338378906, 705.6568603515625], [750.8084411621094, 568.5942993164062], [1104.7874755859375, 591.6026611328125], [952.7796630859375, 516.7478637695312], [685.8112487792969, 635.630126953125], [1528.9500122070312, 772.5750122070312], [1273.5404663085938, 543.334228515625]]",425394176,410943488,425394176,640,yolo26s_int8_640_ncnn_model,MOT17-02
9,,,10,"[1, 2, 3, 4, 5, 6, 9, 8, 16, 10]","[[1380.03662109375, 417.7838439941406, 1557.35400390625, 802.4603881835938], [446.7377014160156, 450.40606689453125, 561.3154296875, 721.9485473632812], [1488.713623046875, 422.0314636230469, 1631.3544921875, 776.90380859375], [584.908447265625, 442.5884094238281, 672.4258422851562, 703.9069213867188], [735.1098022460938, 480.0232238769531, 764.596435546875, 571.1423950195312], [1076.2978515625, 450.3489685058594, 1136.075439453125, 591.3021850585938], [934.7540893554688, 434.02288818359375, 970.2963256835938, 515.0505981445312], [654.8121948242188, 446.0755310058594, 721.8214721679688, 634.7034912109375], [1439.2579345703125, 424.7540588378906, 1605.17138671875, 769.0331420898438], [1254.729248046875, 445.05181884765625, 1290.308837890625, 544.4039916992188]]","[0.75732421875, 0.7841796875, 0.541015625, 0.6962890625, 0.360107421875, 0.410888671875, 0.39208984375, 0.341064453125, 0.340576171875, 0.309814453125]","[[1468.6953125, 802.4603881835938], [504.0265655517578, 721.9485473632812], [1560.0340576171875, 776.90380859375], [628.6671447753906, 703.9069213867188], [749.8531188964844, 571.1423950195312], [1106.1866455078125, 591.3021850585938], [952.5252075195312, 515.0505981445312], [688.3168334960938, 634.7034912109375], [1522.2146606445312, 769.0331420898438], [1272.51904296875, 544.4039916992188]]",425394176,410943488,425394176,640,yolo26s_int8_640_ncnn_model,MOT17-02
10,,,9,"[1, 2, 3, 4, 5, 6, 9, 8, 10]","[[1392.18359375, 423.79833984375, 1562.5823974609375, 803.2994384765625], [444.91339111328125, 446.993896484375, 564.213623046875, 728.0322875976562], [1503.8433837890625, 424.7219543457031, 1640.8438720703125, 771.4796142578125], [584.3265991210938, 442.7502136230469, 672.8087158203125, 707.3396606445312], [735.855224609375, 485.09857177734375, 764.1810302734375, 571.7736206054688], [1077.0782470703125, 451.7466125488281, 1136.347900390625, 591.4312744140625], [934.56494140625, 434.16162109375, 970.3175048828125, 516.1986083984375], [655.59130859375, 445.7351379394531, 722.9614868164062, 636.172119140625], [1254.4290771484375, 445.4029846191406, 1289.848876953125, 544.2947387695312]]","[0.74951171875, 0.77294921875, 0.67138671875, 0.6923828125, 0.41064453125, 0.46923828125, 0.398193359375, 0.367919921875, 0.3251953125]","[[1477.3829956054688, 803.2994384765625], [504.5635070800781, 728.0322875976562], [1572.3436279296875, 771.4796142578125], [628.5676574707031, 707.3396606445312], [750.0181274414062, 571.7736206054688], [1106.7130737304688, 591.4312744140625], [952.4412231445312, 516.1986083984375], [689.2763977050781, 636.172119140625], [1272.1389770507812, 544.2947387695312]]",425394176,410943488,425394176,640,yolo26s_int8_640_ncnn_model,MOT17-02
11,,,9,"[1, 2, 3, 4, 5, 6, 9, 8, 10]","[[1402.9051513671875, 428.4254455566406, 1567.9776611328125, 805.2540283203125], [445.4945983886719, 448.9701843261719, 564.4691162109375, 727.0123901367188], [1511.683349609375, 422.8941650390625, 1648.0643310546875, 777.3695678710938], [584.6732177734375, 442.56170654296875, 672.888671875, 705.8424072265625], [735.123291015625, 482.5735168457031, 763.976806640625, 570.175537109375], [1077.518310546875, 453.0368347167969, 1136.30126953125, 591.7211303710938], [934.351806640625, 434.213623046875, 970.4832153320312, 517.6205444335938], [655.8032836914062, 446.3885192871094, 722.4832153320312, 635.9720458984375], [1254.2171630859375, 445.8149108886719, 1289.783203125, 544.9955444335938]]","[0.7236328125, 0.77392578125, 0.640625, 0.68701171875, 0.434326171875, 0.51806640625, 0.442138671875, 0.25830078125, 0.353759765625]","[[1485.44140625, 805.2540283203125], [504.9818572998047, 727.0123901367188], [1579.8738403320312, 777.3695678710938], [628.7809448242188, 705.8424072265625], [749.550048828125, 570.175537109375], [1106.9097900390625, 591.7211303710938], [952.4175109863281, 517.6205444335938], [689.1432495117188, 635.9720458984375], [1272.0001831054688, 544.9955444335938]]",425394176,410943488,425394176,640,yolo26s_int8_640_ncnn_model,MOT17-02
12,,,9,"[1, 2, 3, 4, 5, 6, 9, 8, 10]","[[1416.2801513671875, 429.90924072265625, 1578.1761474609375, 809.1517333984375], [445.8258972167969, 449.7305908203125, 565.370361328125, 726.5700073242188], [1517.6497802734375, 420.0504150390625, 1653.2813720703125, 783.7266235351562], [584.436279296875, 442.74517822265625, 676.8020629882812, 718.0881958007812], [734.1997680664062, 482.6575012207031, 764.560791015625, 574.6593017578125], [1076.5411376953125, 453.7734375, 1135.4085693359375, 592.5742797851562], [934.5362548828125, 434.23382568359375, 970.2952270507812, 517.1498413085938], [661.164306640625, 449.6776123046875, 726.1082763671875, 634.9027099609375], [1254.61767578125, 443.2399597167969, 1290.28857421875, 543.0023803710938]]","[0.75146484375, 0.7470703125, 0.489501953125, 0.7216796875, 0.3896484375, 0.51171875, 0.377685546875, 0.283447265625, 0.31298828125]","[[1497.2281494140625, 809.1517333984375], [505.59812927246094, 726.5700073242188], [1585.465576171875, 783.7266235351562], [630.6191711425781, 718.0881958007812], [749.3802795410156, 574.6593017578125], [1105.974853515625, 592.5742797851562], [952.4157409667969, 517.1498413085938], [693.6362915039062, 634.9027099609375], [1272.453125, 543.0023803710938]]",425394176,410943488,425394176,640,yolo26s_int8_640_ncnn_model,MOT17-02
13,,,9,"[1, 2, 3, 4, 5, 6, 9, 8, 10]","[[1427.74755859375, 431.9447326660156, 1588.97412109375, 817.9947509765625], [446.11761474609375, 448.0021057128906, 567.4754028320312, 728.3800659179688], [1536.0009765625, 419.0416259765625, 1672.2117919921875, 782.1640625], [585.2531127929688, 442.5686340332031, 675.3672485351562, 710.0545043945312], [733.7527465820312, 483.4071044921875, 764.8792724609375, 577.526611328125], [1074.7659912109375, 450.5390625, 1135.4864501953125, 594.3839721679688], [934.56787109375, 434.99188232421875, 970.27783203125, 518.2060546875], [664.8442993164062, 450.4219055175781, 727.8425903320312, 629.9620361328125], [1254.4334716796875, 444.7738952636719, 1289.82861328125, 543.73681640625]]","[0.736328125, 0.76025390625, 0.418701171875, 0.70849609375, 0.40283203125, 0.55029296875, 0.331298828125, 0.37158203125, 0.32373046875]","[[1508.36083984375, 817.9947509765625], [506.7965087890625, 728.3800659179688], [1604.1063842773438, 782.1640625], [630.3101806640625, 710.0545043945312], [749.3160095214844, 577.526611328125], [1105.126220703125, 594.3839721679688], [952.4228515625, 518.2060546875], [696.3434448242188, 629.9620361328125], [1272.1310424804688, 543.73681640625]]",425394176,410943488,425394176,640,yolo26s_int8_640_ncnn_model,MOT17-02
14,,,9,"[1, 2, 3, 4, 5, 6, 9, 8, 10]","[[1439.6422119140625, 428.49176025390625, 1598.8004150390625, 815.545654296875], [446.64971923828125, 447.3507995605469, 568.2772216796875, 728.0406494140625], [1548.174072265625, 417.512451171875, 1685.806396484375, 786.6694946289062], [585.2462158203125, 442.5022888183594, 679.1111450195312, 719.85546875], [733.9834594726562, 488.84222412109375, 763.60693359375, 577.3630981445312], [1075.3770751953125, 452.0471496582031, 1135.2369384765625, 593.3219604492188], [934.6376342773438, 434.27972412109375, 970.2242431640625, 517.5968627929688], [665.4667358398438, 448.6602783203125, 729.1875, 630.1900634765625], [1255.3662109375, 445.3824462890625, 1290.6531982421875, 544.0161743164062]]","[0.7021484375, 0.73876953125, 0.60595703125, 0.72509765625, 0.343994140625, 0.58740234375, 0.306640625, 0.458251953125, 0.3203125]","[[1519.2213134765625, 815.545654296875], [507.4634704589844, 728.0406494140625], [1616.990234375, 786.6694946289062], [632.1786804199219, 719.85546875], [748.7951965332031, 577.3630981445312], [1105.3070068359375, 593.3219604492188], [952.4309387207031, 517.5968627929688], [697.3271179199219, 630.1900634765625], [1273.0097045898438, 544.0161743164062]]",425394176,410943488,425394176,640,yolo26s_int8_640_ncnn_model,MOT17-02
15,,,9,"[1, 2, 3, 4, 5, 6, 9, 8, 10]","[[1450.618896484375, 428.385009765625, 1608.3681640625, 813.2373657226562], [445.62896728515625, 447.10272216796875, 567.7461547851562, 727.8824462890625], [1564.7325439453125, 422.4043884277344, 1702.096923828125, 788.8140869140625], [583.570068359375, 442.23388671875, 679.19873046875, 723.6704711914062], [733.3463745117188, 487.855712890625, 763.8311767578125, 578.2471923828125], [1073.8187255859375, 453.8982849121094, 1132.9600830078125, 592.63232421875], [934.777587890625, 434.2569885253906, 970.1004028320312, 517.1065063476562], [667.446044921875, 448.7715148925781, 727.3825073242188, 618.5371704101562], [1254.9439697265625, 447.1188049316406, 1289.748291015625, 544.6163940429688]]","[0.720703125, 0.72216796875, 0.62744140625, 0.70166015625, 0.400634765625, 0.425537109375, 0.28662109375, 0.37646484375, 0.26904296875]","[[1529.4935302734375, 813.2373657226562], [506.68756103515625, 727.8824462890625], [1633.4147338867188, 788.8140869140625], [631.3843994140625, 723.6704711914062], [748.5887756347656, 578.2471923828125], [1103.389404296875, 592.63232421875], [952.4389953613281, 517.1065063476562], [697.4142761230469, 618.5371704101562], [1272.3461303710938, 544.6163940429688]]",425394176,410943488,425394176,640,yolo26s_int8_640_ncnn_model,MOT17-02
16,,,9,"[1, 2, 3, 4, 5, 6, 9, 8, 10]","[[1466.3275146484375, 431.5667724609375, 1624.6370849609375, 811.0147094726562], [446.05072021484375, 449.99102783203125, 567.6697387695312, 727.7999267578125], [1580.4937744140625, 427.0948486328125, 1718.0816650390625, 786.8384399414062], [584.1248168945312, 442.3787536621094, 676.0335083007812, 712.05419921875], [733.38037109375, 486.9863586425781, 764.14794921875, 578.0494995117188], [1074.2430419921875, 455.84722900390625, 1133.1175537109375, 593.1123657226562], [934.946533203125, 434.4977722167969, 969.9467163085938, 516.6640014648438], [668.11181640625, 450.3638916015625, 727.2076416015625, 616.7175903320312], [1254.552978515625, 447.2832336425781, 1289.6383056640625, 545.3380126953125]]","[0.55810546875, 0.74853515625, 0.68701171875, 0.6865234375, 0.390869140625, 0.515625, 0.318115234375, 0.383544921875, 0.35302734375]","[[1545.4822998046875, 811.0147094726562], [506.8602294921875, 727.7999267578125], [1649.2877197265625, 786.8384399414062], [630.0791625976562, 712.05419921875], [748.76416015625, 578.0494995117188], [1103.6802978515625, 593.1123657226562], [952.4466247558594, 516.6640014648438], [697.6597290039062, 616.7175903320312], [1272.0956420898438, 545.3380126953125]]",425394176,410943488,425394176,640,yolo26s_int8_640_ncnn_model,MOT17-02
17,,,10,"[1, 2, 3, 4, 5, 6, 9, 8, 10, 11]","[[1477.5885009765625, 422.53741455078125, 1646.70068359375, 816.3270263671875], [444.7432556152344, 452.3308410644531, 565.5640869140625, 728.4951782226562], [1590.032958984375, 432.1627197265625, 1727.80419921875, 787.7518920898438], [582.96875, 441.43560791015625, 678.1530151367188, 720.495361328125], [731.068603515625, 482.895263671875, 763.1222534179688, 578.6846923828125], [1073.8375244140625, 451.3112487792969, 1134.7664794921875, 594.5336303710938], [935.2747802734375, 434.0899353027344, 969.6320190429688, 514.9968872070312], [666.0380249023438, 451.43743896484375, 728.397705078125, 627.8612670898438], [1254.5657958984375, 446.1038513183594, 1289.4432373046875, 543.8635864257812], [737.1702880859375, 472.48638916015625, 764.3348388671875, 575.9727783203125]]","[0.54052734375, 0.7060546875, 0.75830078125, 0.7041015625, 0.39453125, 0.395751953125, 0.2763671875, 0.548828125, 0.371337890625, 0.322509765625]","[[1562.1445922851562, 816.3270263671875], [505.15367126464844, 728.4951782226562], [1658.9185791015625, 787.7518920898438], [630.5608825683594, 720.495361328125], [747.0954284667969, 578.6846923828125], [1104.302001953125, 594.5336303710938], [952.4533996582031, 514.9968872070312], [697.2178649902344, 627.8612670898438], [1272.0045166015625, 543.8635864257812], [750.7525634765625, 575.9727783203125]]",425394176,410943488,425394176,640,yolo26s_int8_640_ncnn_model,MOT17-02
18,,,10,"[1, 2, 3, 4, 5, 6, 9, 8, 10, 11]","[[1488.6737060546875, 432.9009094238281, 1659.2642822265625, 813.3601684570312], [443.6968688964844, 452.9456481933594, 564.294921875, 728.9874267578125], [1596.2646484375, 435.0743408203125, 1736.024169921875, 792.0242919921875], [582.4000244140625, 442.07611083984375, 679.0672607421875, 725.5061645507812], [729.2314453125, 478.19012451171875, 762.2569580078125, 578.1751708984375], [1072.3128662109375, 443.2731628417969, 1135.77880859375, 593.5811767578125], [934.9359741210938, 434.18646240234375, 969.983154296875, 517.1214599609375], [665.1251831054688, 452.0633239746094, 728.9837036132812, 633.5689086914062], [1254.603271484375, 446.1555480957031, 1289.3436279296875, 543.795166015625], [736.0446166992188, 471.08099365234375, 763.37109375, 574.6935424804688]]","[0.5517578125, 0.68408203125, 0.72705078125, 0.72119140625, 0.32373046875, 0.4638671875, 0.302734375, 0.52001953125, 0.343994140625, 0.3505859375]","[[1573.968994140625, 813.3601684570312], [503.9958953857422, 728.9874267578125], [1666.1444091796875, 792.0242919921875], [630.733642578125, 725.5061645507812], [745.7442016601562, 578.1751708984375], [1104.0458374023438, 593.5811767578125], [952.4595642089844, 517.1214599609375], [697.054443359375, 633.5689086914062], [1271.9734497070312, 543.795166015625], [749.7078552246094, 574.6935424804688]]",425394176,410943488,425394176,640,yolo26s_int8_640_ncnn_model,MOT17-02
19,,,9,"[1, 2, 3, 4, 5, 6, 9, 8, 10]","[[1485.34765625, 421.989013671875, 1666.687255859375, 815.084716796875], [445.7232360839844, 453.6540222167969, 566.3516235351562, 729.6514892578125], [1602.251953125, 436.15704345703125, 1742.715576171875, 793.5718994140625], [583.912353515625, 441.34698486328125, 676.6951293945312, 713.641845703125], [729.9329833984375, 475.38958740234375, 763.4275512695312, 576.9846801757812], [1072.269775390625, 439.95703125, 1136.605224609375, 593.4473876953125], [935.0411376953125, 434.7157897949219, 969.8862915039062, 517.41357421875], [665.5791625976562, 456.2288513183594, 728.8612060546875, 636.767333984375], [1254.792236328125, 445.4347229003906, 1289.1376953125, 542.5264892578125]]","[0.69384765625, 0.66162109375, 0.65625, 0.67822265625, 0.3974609375, 0.401611328125, 0.305908203125, 0.50048828125, 0.31005859375]","[[1576.0174560546875, 815.084716796875], [506.0374298095703, 729.6514892578125], [1672.4837646484375, 793.5718994140625], [630.3037414550781, 713.641845703125], [746.6802673339844, 576.9846801757812], [1104.4375, 593.4473876953125], [952.4637145996094, 517.41357421875], [697.2201843261719, 636.767333984375], [1271.9649658203125, 542.5264892578125]]",425394176,410943488,425394176,640,yolo26s_int8_640_ncnn_model,MOT17-02
20,,,9,"[1, 2, 3, 4, 5, 6, 9, 8, 10]","[[1487.6259765625, 416.2786560058594, 1677.2921142578125, 814.462890625], [451.2055358886719, 455.142333984375, 571.8305053710938, 729.6345825195312], [1608.1990966796875, 438.53216552734375, 1748.77685546875, 796.07373046875], [584.1516723632812, 442.3208312988281, 680.6162109375, 724.7257690429688], [729.6121826171875, 482.3404846191406, 761.099609375, 576.2495727539062], [1072.7198486328125, 443.0853576660156, 1135.5030517578125, 593.8724975585938], [935.2026977539062, 434.6712646484375, 969.7337036132812, 516.7758178710938], [666.4990234375, 454.59344482421875, 729.5255737304688, 634.2595825195312], [1254.3125, 444.9190979003906, 1288.6219482421875, 542.29736328125]]","[0.66064453125, 0.67919921875, 0.56396484375, 0.67724609375, 0.34033203125, 0.347900390625, 0.30810546875, 0.365234375, 0.273193359375]","[[1582.4590454101562, 814.462890625], [511.5180206298828, 729.6345825195312], [1678.4879760742188, 796.07373046875], [632.3839416503906, 724.7257690429688], [745.3558959960938, 576.2495727539062], [1104.1114501953125, 593.8724975585938], [952.4682006835938, 516.7758178710938], [698.0122985839844, 634.2595825195312], [1271.4672241210938, 542.29736328125]]",425394176,410943488,425394176,640,yolo26s_int8_640_ncnn_model,MOT17-02
21,,,9,"[1, 2, 3, 4, 5, 6, 9, 8, 10]","[[1485.35107421875, 411.8990173339844, 1685.7608642578125, 822.2697143554688], [449.31646728515625, 453.6902770996094, 576.322998046875, 743.5430297851562], [1618.197509765625, 437.6756896972656, 1758.48828125, 798.6887817382812], [587.8881225585938, 447.5711364746094, 680.8334350585938, 716.0152587890625], [729.1580200195312, 485.63714599609375, 760.0270385742188, 575.4227294921875], [1072.7926025390625, 442.14935302734375, 1135.1876220703125, 593.2882080078125], [934.3792724609375, 435.3985900878906, 968.575927734375, 516.7780151367188], [669.7725830078125, 456.6829528808594, 726.325439453125, 614.6531372070312], [1253.4332275390625, 445.7248840332031, 1288.1414794921875, 543.2086791992188]]","[0.755859375, 0.728515625, 0.65283203125, 0.7158203125, 0.30810546875, 0.35205078125, 0.261474609375, 0.343505859375, 0.34228515625]","[[1585.5559692382812, 822.2697143554688], [512.8197326660156, 743.5430297851562], [1688.3428955078125, 798.6887817382812], [634.3607788085938, 716.0152587890625], [744.592529296875, 575.4227294921875], [1103.9901123046875, 593.2882080078125], [951.4776000976562, 516.7780151367188], [698.0490112304688, 614.6531372070312], [1270.787353515625, 543.2086791992188]]",425394176,410943488,425394176,640,yolo26s_int8_640_ncnn_model,MOT17-02
22,,,8,"[1, 2, 3, 4, 6, 9, 8, 10]","[[1488.3487548828125, 413.92608642578125, 1690.435302734375, 817.6484985351562], [449.53350830078125, 449.4997863769531, 579.949951171875, 749.3902587890625], [1626.762939453125, 438.0696716308594, 1764.646484375, 797.88427734375], [588.9852294921875, 449.1319885253906, 680.7470092773438, 710.9900512695312], [1072.9405517578125, 442.81085205078125, 1134.9573974609375, 594.0465087890625], [934.2601928710938, 436.6662902832031, 967.9556884765625, 516.776611328125], [669.0802612304688, 458.4997253417969, 723.3192138671875, 609.0938110351562], [1253.225830078125, 446.2848205566406, 1287.845703125, 543.3095703125]]","[0.77685546875, 0.72021484375, 0.6650390625, 0.71435546875, 0.37646484375, 0.286376953125, 0.320068359375, 0.340087890625]","[[1589.3920288085938, 817.6484985351562], [514.7417297363281, 749.3902587890625], [1695.7047119140625, 797.88427734375], [634.8661193847656, 710.9900512695312], [1103.948974609375, 594.0465087890625], [951.1079406738281, 516.776611328125], [696.1997375488281, 609.0938110351562], [1270.5357666015625, 543.3095703125]]",425394176,410943488,425394176,640,yolo26s_int8_640_ncnn_model,MOT17-02
23,,,9,"[1, 2, 3, 4, 6, 9, 8, 10, 5]","[[1488.1783447265625, 417.5179748535156, 1692.7733154296875, 816.9827270507812], [451.9353942871094, 448.33831787109375, 581.8858642578125, 749.1669921875], [1634.10205078125, 432.74835205078125, 1774.08349609375, 805.9234619140625], [585.9716796875, 444.6520690917969, 685.1007080078125, 726.2449951171875], [1073.79931640625, 446.29779052734375, 1134.07763671875, 594.0833129882812], [934.1925659179688, 436.8867492675781, 967.7591552734375, 517.02392578125], [668.9492797851562, 460.12939453125, 722.1818237304688, 607.2658081054688], [1252.2176513671875, 446.7486877441406, 1286.6907958984375, 543.1002807617188], [726.5224609375, 487.29986572265625, 758.4638671875, 577.1780395507812]]","[0.67626953125, 0.732421875, 0.60791015625, 0.71142578125, 0.344970703125, 0.27587890625, 0.35400390625, 0.33740234375, 0.294189453125]","[[1590.475830078125, 816.9827270507812], [516.9106292724609, 749.1669921875], [1704.0927734375, 805.9234619140625], [635.5361938476562, 726.2449951171875], [1103.9384765625, 594.0833129882812], [950.9758605957031, 517.02392578125], [695.5655517578125, 607.2658081054688], [1269.4542236328125, 543.1002807617188], [742.4931640625, 577.1780395507812]]",425394176,410943488,425394176,640,yolo26s_int8_640_ncnn_model,MOT17-02
24,,,8,"[1, 2, 3, 4, 6, 8, 10, 5]","[[1490.1094970703125, 417.4311218261719, 1698.9990234375, 820.1539306640625], [455.142578125, 447.15283203125, 585.1782836914062, 750.6892700195312], [1638.3609619140625, 429.5320129394531, 1775.6776123046875, 806.2008056640625], [585.3821411132812, 442.5567321777344, 687.135498046875, 730.266357421875], [1074.1539306640625, 447.66375732421875, 1133.7266845703125, 594.0883178710938], [672.6211547851562, 470.9324951171875, 723.1890869140625, 609.7840576171875], [1252.4310302734375, 447.1729736328125, 1286.675048828125, 542.7732543945312], [727.50927734375, 487.58056640625, 759.1891479492188, 571.453125]]","[0.8134765625, 0.728515625, 0.62158203125, 0.701171875, 0.40576171875, 0.27197265625, 0.337158203125, 0.3525390625]","[[1594.5542602539062, 820.1539306640625], [520.1604309082031, 750.6892700195312], [1707.019287109375, 806.2008056640625], [636.2588195800781, 730.266357421875], [1103.9403076171875, 594.0883178710938], [697.9051208496094, 609.7840576171875], [1269.5530395507812, 542.7732543945312], [743.3492126464844, 571.453125]]",425394176,410943488,425394176,640,yolo26s_int8_640_ncnn_model,MOT17-02
25,,,8,"[1, 2, 3, 4, 6, 8, 10, 5]","[[1494.895751953125, 416.1887512207031, 1706.6763916015625, 822.5404052734375], [457.293212890625, 445.97259521484375, 586.8938598632812, 750.9524536132812], [1654.715576171875, 431.9684753417969, 1788.3446044921875, 800.5717163085938], [585.5244750976562, 441.4826965332031, 688.9818115234375, 733.0038452148438], [1075.1373291015625, 445.9450378417969, 1134.7421875, 593.337890625], [671.6356201171875, 475.3202209472656, 725.87548828125, 625.9158325195312], [1251.6678466796875, 447.82916259765625, 1285.5418701171875, 542.1538696289062], [727.0623168945312, 485.3528137207031, 761.839111328125, 573.726806640625]]","[0.80615234375, 0.75390625, 0.46875, 0.71728515625, 0.429443359375, 0.31689453125, 0.400634765625, 0.442626953125]","[[1600.7860717773438, 822.5404052734375], [522.0935363769531, 750.9524536132812], [1721.5300903320312, 800.5717163085938], [637.2531433105469, 733.0038452148438], [1104.9397583007812, 593.337890625], [698.7555541992188, 625.9158325195312], [1268.6048583984375, 542.1538696289062], [744.4507141113281, 573.726806640625]]",425394176,410943488,425394176,640,yolo26s_int8_640_ncnn_model,MOT17-02
26,,,9,"[1, 2, 3, 4, 6, 8, 10, 5, 25]","[[1497.0059814453125, 411.0648498535156, 1712.749267578125, 825.123291015625], [461.0494384765625, 446.5127258300781, 588.9287719726562, 750.9778442382812], [1655.5958251953125, 422.4992370605469, 1793.9205322265625, 812.706298828125], [585.8562622070312, 441.0747375488281, 689.3765869140625, 733.0120849609375], [1075.399658203125, 445.8018493652344, 1135.2322998046875, 594.5366821289062], [669.583740234375, 467.94244384765625, 728.9989624023438, 635.318359375], [1251.909423828125, 447.82220458984375, 1285.609619140625, 541.1749877929688], [726.4049682617188, 483.8446960449219, 762.766357421875, 572.29833984375], [1418.104736328125, 451.57501220703125, 1482.2952880859375, 560.0250244140625]]","[0.716796875, 0.74169921875, 0.60498046875, 0.66943359375, 0.4443359375, 0.379638671875, 0.385498046875, 0.39990234375, 0.41796875]","[[1604.8776245117188, 825.123291015625], [524.9891052246094, 750.9778442382812], [1724.7581787109375, 812.706298828125], [637.6164245605469, 733.0120849609375], [1105.3159790039062, 594.5366821289062], [699.2913513183594, 635.318359375], [1268.759521484375, 541.1749877929688], [744.5856628417969, 572.29833984375], [1450.2000122070312, 560.0250244140625]]",425394176,410943488,425394176,640,yolo26s_int8_640_ncnn_model,MOT17-02
27,,,8,"[1, 2, 3, 4, 6, 8, 10, 25]","[[1505.375244140625, 416.4918518066406, 1716.8447265625, 824.5885009765625], [461.04730224609375, 445.9955139160156, 587.5869750976562, 749.685302734375], [1660.6614990234375, 416.6099548339844, 1798.7606201171875, 815.6923828125], [589.3358154296875, 447.071044921875, 686.6216430664062, 718.9348754882812], [1077.19384765625, 448.9658508300781, 1135.695068359375, 593.7534790039062], [668.434326171875, 466.05963134765625, 730.54150390625, 643.6530151367188], [1251.421875, 448.06427001953125, 1285.237548828125, 541.565673828125], [1416.611572265625, 443.6714782714844, 1484.2532958984375, 558.1653442382812]]","[0.66748046875, 0.72216796875, 0.425537109375, 0.67333984375, 0.48291015625, 0.440185546875, 0.382568359375, 0.470703125]","[[1611.1099853515625, 824.5885009765625], [524.317138671875, 749.685302734375], [1729.7110595703125, 815.6923828125], [637.9787292480469, 718.9348754882812], [1106.4444580078125, 593.7534790039062], [699.4879150390625, 643.6530151367188], [1268.3297119140625, 541.565673828125], [1450.4324340820312, 558.1653442382812]]",425394176,410943488,425394176,640,yolo26s_int8_640_ncnn_model,MOT17-02
28,,,9,"[1, 2, 3, 4, 6, 8, 10, 25, 5]","[[1518.0279541015625, 417.1585998535156, 1726.23779296875, 825.7967529296875], [463.52557373046875, 446.7959899902344, 587.9302978515625, 748.1452026367188], [1686.3477783203125, 417.74407958984375, 1822.9569091796875, 803.6466064453125], [590.7643432617188, 450.18048095703125, 685.4030151367188, 713.6045532226562], [1076.939697265625, 447.6910400390625, 1135.807861328125, 593.9442749023438], [669.9456176757812, 471.7261962890625, 729.155517578125, 643.3192749023438], [1251.2315673828125, 448.1498718261719, 1285.127685546875, 541.718505859375], [1415.21533203125, 438.1915588378906, 1485.8048095703125, 558.11279296875], [725.9909057617188, 477.28662109375, 765.0714721679688, 569.2928466796875]]","[0.7431640625, 0.70068359375, 0.52294921875, 0.6240234375, 0.5185546875, 0.31982421875, 0.437255859375, 0.6181640625, 0.351806640625]","[[1622.1328735351562, 825.7967529296875], [525.7279357910156, 748.1452026367188], [1754.65234375, 803.6466064453125], [638.0836791992188, 713.6045532226562], [1106.373779296875, 593.9442749023438], [699.5505676269531, 643.3192749023438], [1268.1796264648438, 541.718505859375], [1450.5100708007812, 558.11279296875], [745.5311889648438, 569.2928466796875]]",425394176,410943488,425394176,640,yolo26s_int8_640_ncnn_model,MOT17-02
29,,,8,"[1, 2, 3, 4, 6, 10, 25, 5]","[[1530.2528076171875, 404.5812072753906, 1739.632080078125, 828.1820678710938], [468.689697265625, 449.5859680175781, 587.6881103515625, 739.0949096679688], [1690.7196044921875, 418.7770080566406, 1825.4337158203125, 799.2681274414062], [593.9906616210938, 453.30657958984375, 687.7686767578125, 713.701904296875], [1076.02978515625, 445.73388671875, 1135.6658935546875, 594.5072021484375], [1250.80517578125, 448.9228820800781, 1284.4688720703125, 542.0303955078125], [1417.833740234375, 435.2154235839844, 1489.7548828125, 558.422119140625], [723.673583984375, 470.3364562988281, 766.8424072265625, 570.132080078125]]","[0.73974609375, 0.63427734375, 0.529296875, 0.6357421875, 0.494140625, 0.425537109375, 0.591796875, 0.424560546875]","[[1634.9424438476562, 828.1820678710938], [528.1889038085938, 739.0949096679688], [1758.07666015625, 799.2681274414062], [640.8796691894531, 713.701904296875], [1105.8478393554688, 594.5072021484375], [1267.6370239257812, 542.0303955078125], [1453.7943115234375, 558.422119140625], [745.2579956054688, 570.132080078125]]",425394176,410943488,425394176,640,yolo26s_int8_640_ncnn_model,MOT17-02
30,,,11,"[1, 2, 3, 4, 6, 10, 25, 5, 29, 9, 8]","[[1550.6734619140625, 403.29107666015625, 1755.7540283203125, 830.5057373046875], [472.97393798828125, 447.8953552246094, 590.1622924804688, 735.34375], [1705.3807373046875, 422.43511962890625, 1848.4039306640625, 807.276611328125], [594.8428344726562, 446.13653564453125, 691.432373046875, 717.0194091796875], [1075.255615234375, 442.2904357910156, 1136.033935546875, 594.4700927734375], [1250.593994140625, 448.46099853515625, 1284.2940673828125, 541.9033203125], [1420.3970947265625, 434.1455993652344, 1491.599365234375, 557.7703247070312], [720.6710815429688, 464.2542724609375, 767.2548828125, 572.1071166992188], [1556.8839111328125, 476.0249938964844, 1587.1160888671875, 558.375], [933.0798950195312, 439.4220275878906, 965.9473266601562, 517.5281982421875], [670.1258544921875, 470.7426452636719, 729.5928955078125, 645.5825805664062]]","[0.7216796875, 0.63232421875, 0.56201171875, 0.673828125, 0.4931640625, 0.41162109375, 0.5205078125, 0.42919921875, 0.358642578125, 0.26025390625, 0.260009765625]","[[1653.2137451171875, 830.5057373046875], [531.568115234375, 735.34375], [1776.892333984375, 807.276611328125], [643.1376037597656, 717.0194091796875], [1105.644775390625, 594.4700927734375], [1267.4440307617188, 541.9033203125], [1455.9982299804688, 557.7703247070312], [743.9629821777344, 572.1071166992188], [1572.0, 558.375], [949.5136108398438, 517.5281982421875], [699.859375, 645.5825805664062]]",425394176,410943488,425394176,640,yolo26s_int8_640_ncnn_model,MOT17-02
31,164.21501399986482,0.0,10,"[1, 2, 3, 4, 6, 10, 25, 5, 29, 9]","[[1566.26123046875, 399.4299011230469, 1769.4156494140625, 835.7601318359375], [474.60931396484375, 449.26910400390625, 590.90625, 735.9681396484375], [1714.156005859375, 426.5380859375, 1862.9820556640625, 808.5225219726562], [596.8121948242188, 444.7287292480469, 693.0469360351562, 716.026611328125], [1074.5321044921875, 438.29620361328125, 1136.5982666015625, 594.2061767578125], [1250.7412109375, 448.52972412109375, 1284.024169921875, 540.6170654296875], [1424.8199462890625, 433.71484375, 1494.892578125, 557.8106689453125], [718.4600219726562, 464.5015869140625, 765.134521484375, 573.1272583007812], [1557.1602783203125, 475.90966796875, 1586.8397216796875, 556.6448364257812], [933.4598388671875, 438.24755859375, 966.4788818359375, 516.7569580078125]]","[0.744140625, 0.62353515625, 0.66064453125, 0.67236328125, 0.53271484375, 0.4453125, 0.54833984375, 0.32275390625, 0.2861328125, 0.293701171875]","[[1667.8384399414062, 835.7601318359375], [532.7577819824219, 735.9681396484375], [1788.5690307617188, 808.5225219726562], [644.9295654296875, 716.026611328125], [1105.565185546875, 594.2061767578125], [1267.3826904296875, 540.6170654296875], [1459.8562622070312, 557.8106689453125], [741.7972717285156, 573.1272583007812], [1572.0, 556.6448364257812], [949.9693603515625, 516.7569580078125]]",425394176,410943488,425394176,640,yolo26s_int8_640_ncnn_model,MOT17-02
32,163.95899500002997,0.0,9,"[1, 2, 3, 4, 6, 10, 25, 5, 9]","[[1580.5177001953125, 399.4736633300781, 1785.27392578125, 848.9362182617188], [476.261474609375, 448.28985595703125, 591.0119018554688, 732.7305297851562], [1733.155029296875, 425.4073486328125, 1885.7449951171875, 806.7150268554688], [596.9027099609375, 442.94757080078125, 692.7650146484375, 713.90869140625], [1074.6185302734375, 442.6472473144531, 1135.4715576171875, 595.0775146484375], [1250.6346435546875, 448.55010986328125, 1284.1099853515625, 541.1337890625], [1430.8570556640625, 435.5002136230469, 1498.705322265625, 558.0986938476562], [715.9942626953125, 460.1123962402344, 764.4024047851562, 575.2354736328125], [932.9929809570312, 437.87451171875, 966.2355346679688, 516.5111083984375]]","[0.79931640625, 0.673828125, 0.705078125, 0.70703125, 0.556640625, 0.45361328125, 0.481201171875, 0.29931640625, 0.281982421875]","[[1682.8958129882812, 848.9362182617188], [533.6366882324219, 732.7305297851562], [1809.4500122070312, 806.7150268554688], [644.8338623046875, 713.90869140625], [1105.0450439453125, 595.0775146484375], [1267.372314453125, 541.1337890625], [1464.7811889648438, 558.0986938476562], [740.1983337402344, 575.2354736328125], [949.6142578125, 516.5111083984375]]",425394176,410943488,425394176,640,yolo26s_int8_640_ncnn_model,MOT17-02
33,174.79556099988258,0.0,11,"[1, 2, 3, 4, 6, 10, 25, 5, 9, 8, 29]","[[1594.0628662109375, 403.43023681640625, 1794.3575439453125, 849.078125], [476.27685546875, 447.9189147949219, 590.0263061523438, 730.5305786132812], [1743.7701416015625, 415.82525634765625, 1901.996337890625, 807.2252197265625], [598.820556640625, 444.26641845703125, 695.6546630859375, 721.0516967773438], [1075.476318359375, 445.1365661621094, 1135.1976318359375, 594.66845703125], [1250.5567626953125, 448.30548095703125, 1284.197265625, 541.5803833007812], [1435.6971435546875, 436.55560302734375, 1500.3951416015625, 556.9464111328125], [717.3582153320312, 475.8163146972656, 759.4471435546875, 575.8046875], [932.8276977539062, 438.7250671386719, 966.1456298828125, 517.4121704101562], [675.4867553710938, 471.68914794921875, 734.4650268554688, 648.3869018554688], [1555.1142578125, 464.4027099609375, 1588.8857421875, 556.7236328125]]","[0.80126953125, 0.68994140625, 0.75830078125, 0.69580078125, 0.5537109375, 0.49951171875, 0.465087890625, 0.3515625, 0.3251953125, 0.4287109375, 0.25927734375]","[[1694.210205078125, 849.078125], [533.1515808105469, 730.5305786132812], [1822.8832397460938, 807.2252197265625], [647.2376098632812, 721.0516967773438], [1105.3369750976562, 594.66845703125], [1267.3770141601562, 541.5803833007812], [1468.046142578125, 556.9464111328125], [738.4026794433594, 575.8046875], [949.4866638183594, 517.4121704101562], [704.9758911132812, 648.3869018554688], [1572.0, 556.7236328125]]",425394176,410943488,425394176,640,yolo26s_int8_640_ncnn_model,MOT17-02
34,164.5492180000474,0.0,10,"[1, 2, 3, 4, 6, 10, 25, 5, 9, 8]","[[1608.1038818359375, 401.1258544921875, 1809.87548828125, 853.9060668945312], [475.5396423339844, 447.0333251953125, 592.2766723632812, 739.464111328125], [1754.234130859375, 419.8372497558594, 1912.7266845703125, 809.5944213867188], [601.00146484375, 443.5406799316406, 696.2003784179688, 718.0767211914062], [1075.0938720703125, 441.35552978515625, 1135.80126953125, 593.2633666992188], [1251.2882080078125, 447.7144775390625, 1285.46728515625, 542.2479248046875], [1442.7591552734375, 436.5320739746094, 1505.7001953125, 557.0394897460938], [714.5762939453125, 463.2027282714844, 760.2991333007812, 573.9768676757812], [932.9320068359375, 438.5458679199219, 965.9571533203125, 516.2615356445312], [674.597900390625, 463.7336730957031, 734.8168334960938, 648.3203735351562]]","[0.78173828125, 0.6767578125, 0.6220703125, 0.68603515625, 0.51220703125, 0.4169921875, 0.58056640625, 0.302490234375, 0.32763671875, 0.391845703125]","[[1708.9896850585938, 853.9060668945312], [533.9081573486328, 739.464111328125], [1833.4804077148438, 809.5944213867188], [648.6009216308594, 718.0767211914062], [1105.4475708007812, 593.2633666992188], [1268.3777465820312, 542.2479248046875], [1474.2296752929688, 557.0394897460938], [737.4377136230469, 573.9768676757812], [949.444580078125, 516.2615356445312], [704.7073669433594, 648.3203735351562]]",425394176,410943488,425394176,640,yolo26s_int8_640_ncnn_model,MOT17-02
35,164.96269999993274,0.0,9,"[1, 2, 3, 4, 6, 10, 25, 5, 8]","[[1620.4625244140625, 395.4029846191406, 1821.779541015625, 848.8116455078125], [475.2882385253906, 447.4443664550781, 592.5333862304688, 743.0275268554688], [1760.0880126953125, 421.1956481933594, 1919.9564208984375, 814.667236328125], [602.3751220703125, 444.7571105957031, 695.28076171875, 714.4323120117188], [1073.691650390625, 438.97528076171875, 1135.314453125, 593.726318359375], [1251.429931640625, 446.99627685546875, 1286.093505859375, 542.994873046875], [1446.1781005859375, 434.56719970703125, 1508.640625, 558.0938110351562], [713.98046875, 458.49884033203125, 760.21533203125, 572.8978271484375], [676.5161743164062, 473.43902587890625, 733.7005004882812, 651.4746704101562]]","[0.81787109375, 0.68017578125, 0.58203125, 0.7080078125, 0.490966796875, 0.4609375, 0.57470703125, 0.298828125, 0.449951171875]","[[1721.1210327148438, 848.8116455078125], [533.9108123779297, 743.0275268554688], [1840.022216796875, 814.667236328125], [648.8279418945312, 714.4323120117188], [1104.5030517578125, 593.726318359375], [1268.76171875, 542.994873046875], [1477.4093627929688, 558.0938110351562], [737.097900390625, 572.8978271484375], [705.1083374023438, 651.4746704101562]]",425394176,410943488,425394176,640,yolo26s_int8_640_ncnn_model,MOT17-02
36,164.17853199982346,0.0,10,"[1, 2, 3, 4, 6, 10, 25, 5, 8, 40]","[[1635.177734375, 398.1543273925781, 1839.1351318359375, 849.67724609375], [476.3954162597656, 447.3632507324219, 591.8170776367188, 739.7078857421875], [1769.1552734375, 422.9605407714844, 1920.0, 815.3148803710938], [603.234619140625, 444.97674560546875, 694.9970092773438, 713.3007202148438], [1075.0264892578125, 441.2788391113281, 1135.224365234375, 592.6773071289062], [1251.538818359375, 446.4783935546875, 1286.2806396484375, 542.5394897460938], [1448.618408203125, 433.13714599609375, 1510.34912109375, 559.2379150390625], [717.2562866210938, 470.627685546875, 757.6820068359375, 570.0546875], [678.1495361328125, 476.7261047363281, 734.3062133789062, 654.134765625], [576.8379516601562, 459.2250061035156, 616.2620849609375, 587.7750244140625]]","[0.79052734375, 0.65478515625, 0.60986328125, 0.67919921875, 0.471435546875, 0.414306640625, 0.63818359375, 0.40673828125, 0.4931640625, 0.4736328125]","[[1737.1564331054688, 849.67724609375], [534.1062469482422, 739.7078857421875], [1844.57763671875, 815.3148803710938], [649.1158142089844, 713.3007202148438], [1105.1254272460938, 592.6773071289062], [1268.9097290039062, 542.5394897460938], [1479.4837646484375, 559.2379150390625], [737.4691467285156, 570.0546875], [706.2278747558594, 654.134765625], [596.5500183105469, 587.7750244140625]]",425394176,410943488,425394176,640,yolo26s_int8_640_ncnn_model,MOT17-02
37,164.5606439999483,0.0,11,"[1, 2, 3, 4, 6, 10, 25, 5, 8, 40, 9]","[[1646.5167236328125, 403.70367431640625, 1853.0137939453125, 850.417236328125], [478.7139587402344, 447.3367919921875, 589.052490234375, 726.4955444335938], [1774.9976806640625, 422.6643371582031, 1920.0, 820.4422607421875], [605.8156127929688, 445.55859375, 696.5396118164062, 712.3927001953125], [1077.30712890625, 449.1718444824219, 1134.4288330078125, 593.2672729492188], [1251.7108154296875, 446.2838439941406, 1286.2237548828125, 542.361572265625], [1451.6668701171875, 430.4263916015625, 1512.5946044921875, 558.93701171875], [719.0035400390625, 480.2133483886719, 755.3274536132812, 568.6280517578125], [680.7811889648438, 478.150390625, 736.430419921875, 655.8173828125], [576.2049560546875, 455.86212158203125, 617.010986328125, 588.8186645507812], [933.2921752929688, 439.3840026855469, 965.5648193359375, 514.77197265625]]","[0.83544921875, 0.74560546875, 0.56591796875, 0.65380859375, 0.3505859375, 0.42529296875, 0.59716796875, 0.303955078125, 0.373291015625, 0.49267578125, 0.26220703125]","[[1749.7652587890625, 850.417236328125], [533.8832244873047, 726.4955444335938], [1847.4988403320312, 820.4422607421875], [651.1776123046875, 712.3927001953125], [1105.8679809570312, 593.2672729492188], [1268.96728515625, 542.361572265625], [1482.1307373046875, 558.93701171875], [737.1654968261719, 568.6280517578125], [708.6058044433594, 655.8173828125], [596.6079711914062, 588.8186645507812], [949.4284973144531, 514.77197265625]]",425394176,410943488,425394176,640,yolo26s_int8_640_ncnn_model,MOT17-02
38,164.00443899988204,0.0,11,"[1, 2, 3, 4, 6, 10, 25, 5, 8, 40, 9]","[[1653.537109375, 401.4095458984375, 1872.4990234375, 862.9879150390625], [478.6170959472656, 447.0797424316406, 589.3782958984375, 727.7777099609375], [1780.8121337890625, 422.559814453125, 1920.0, 818.3973388671875], [608.6732788085938, 446.7736511230469, 697.643798828125, 709.0804443359375], [1077.230712890625, 443.0711669921875, 1136.0777587890625, 592.4847412109375], [1252.7869873046875, 446.46221923828125, 1287.1685791015625, 543.0342407226562], [1455.195556640625, 432.1474609375, 1512.8370361328125, 557.0989990234375], [719.3338012695312, 486.76025390625, 754.308837890625, 571.2837524414062], [679.56591796875, 461.8152160644531, 739.38623046875, 657.3834838867188], [578.5889892578125, 459.04290771484375, 618.6837768554688, 589.4545288085938], [933.1495971679688, 439.2364196777344, 965.74658203125, 514.806396484375]]","[0.84619140625, 0.7490234375, 0.41650390625, 0.64013671875, 0.341796875, 0.3896484375, 0.57470703125, 0.2666015625, 0.27734375, 0.4013671875, 0.2744140625]","[[1763.01806640625, 862.9879150390625], [533.9976959228516, 727.7777099609375], [1850.4060668945312, 818.3973388671875], [653.1585388183594, 709.0804443359375], [1106.6542358398438, 592.4847412109375], [1269.977783203125, 543.0342407226562], [1484.0162963867188, 557.0989990234375], [736.8213195800781, 571.2837524414062], [709.47607421875, 657.3834838867188], [598.6363830566406, 589.4545288085938], [949.4480895996094, 514.806396484375]]",425394176,410943488,425394176,640,yolo26s_int8_640_ncnn_model,MOT17-02
39,164.33519899987914,0.0,8,"[1, 2, 3, 4, 6, 10, 25, 40]","[[1661.9293212890625, 404.7108154296875, 1885.16943359375, 863.4842529296875], [479.42791748046875, 447.2380676269531, 587.6109008789062, 720.058349609375], [1790.7413330078125, 421.54095458984375, 1920.0, 832.3645629882812], [609.451171875, 445.97796630859375, 699.26416015625, 712.1082153320312], [1076.7757568359375, 438.427978515625, 1137.0921630859375, 592.6978759765625], [1254.0760498046875, 445.0538024902344, 1288.615478515625, 542.7939453125], [1459.7010498046875, 432.40118408203125, 1515.478515625, 554.8860473632812], [579.97314453125, 461.0555419921875, 619.1851196289062, 588.7750854492188]]","[0.83203125, 0.7333984375, 0.6025390625, 0.66162109375, 0.360107421875, 0.38134765625, 0.5703125, 0.428466796875]","[[1773.5493774414062, 863.4842529296875], [533.5194091796875, 720.058349609375], [1855.3706665039062, 832.3645629882812], [654.357666015625, 712.1082153320312], [1106.9339599609375, 592.6978759765625], [1271.3457641601562, 542.7939453125], [1487.5897827148438, 554.8860473632812], [599.5791320800781, 588.7750854492188]]",425394176,410943488,425394176,640,yolo26s_int8_640_ncnn_model,MOT17-02
40,164.68210700008967,0.0,8,"[1, 2, 3, 4, 6, 10, 25, 40]","[[1656.8958740234375, 403.0731201171875, 1889.44482421875, 872.40771484375], [478.7312316894531, 447.80682373046875, 589.3781127929688, 726.7512817382812], [1797.851318359375, 418.244384765625, 1920.0, 840.470947265625], [610.421142578125, 444.69012451171875, 701.091552734375, 714.2353515625], [1076.7191162109375, 436.6659240722656, 1137.351806640625, 592.7832641601562], [1254.480224609375, 444.03326416015625, 1289.2374267578125, 543.1922607421875], [1462.8836669921875, 433.2938537597656, 1518.7432861328125, 557.3204345703125], [579.7987670898438, 455.6466979980469, 620.428466796875, 587.9791870117188]]","[0.82177734375, 0.69921875, 0.57421875, 0.68701171875, 0.336181640625, 0.4990234375, 0.564453125, 0.47412109375]","[[1773.1703491210938, 872.40771484375], [534.0546722412109, 726.7512817382812], [1858.9256591796875, 840.470947265625], [655.75634765625, 714.2353515625], [1107.0354614257812, 592.7832641601562], [1271.8588256835938, 543.1922607421875], [1490.8134765625, 557.3204345703125], [600.1136169433594, 587.9791870117188]]",425394176,410943488,425394176,640,yolo26s_int8_640_ncnn_model,MOT17-02
41,167.0715720001681,0.0,8,"[1, 2, 3, 4, 6, 10, 25, 40]","[[1658.5655517578125, 412.96856689453125, 1890.7603759765625, 873.0033569335938], [479.4703674316406, 449.2530517578125, 592.9579467773438, 736.8975219726562], [1807.451416015625, 412.60418701171875, 1920.0, 830.3849487304688], [612.3766479492188, 444.9425048828125, 702.5771484375, 713.3223266601562], [1077.725830078125, 447.0582275390625, 1134.4466552734375, 592.5744018554688], [1254.6292724609375, 442.9175720214844, 1289.461669921875, 543.0964965820312], [1465.8878173828125, 435.1373291015625, 1519.933837890625, 555.7578735351562], [580.0953979492188, 455.664306640625, 620.4393310546875, 586.9276733398438]]","[0.81396484375, 0.744140625, 0.5771484375, 0.7138671875, 0.334228515625, 0.461181640625, 0.491455078125, 0.5400390625]","[[1774.6629638671875, 873.0033569335938], [536.2141571044922, 736.8975219726562], [1863.7257080078125, 830.3849487304688], [657.4768981933594, 713.3223266601562], [1106.0862426757812, 592.5744018554688], [1272.0454711914062, 543.0964965820312], [1492.9108276367188, 555.7578735351562], [600.2673645019531, 586.9276733398438]]",425394176,410943488,425394176,640,yolo26s_int8_640_ncnn_model,MOT17-02
42,174.48776500009444,0.0,10,"[1, 2, 3, 4, 6, 10, 25, 40, 8, 9]","[[1656.9970703125, 412.3764343261719, 1888.5150146484375, 866.6239624023438], [478.7276611328125, 450.77947998046875, 595.28857421875, 748.5944213867188], [1814.964599609375, 408.4590148925781, 1920.0, 824.317138671875], [613.3550415039062, 444.0505065917969, 703.8003540039062, 713.9691162109375], [1080.668212890625, 450.92755126953125, 1134.79638671875, 589.7085571289062], [1254.75537109375, 443.2397766113281, 1289.458251953125, 543.3021850585938], [1467.4794921875, 436.6371154785156, 1521.6558837890625, 557.4202880859375], [580.5314331054688, 455.97381591796875, 621.0663452148438, 587.3275756835938], [690.3068237304688, 487.7243957519531, 742.64111328125, 660.7374877929688], [932.17724609375, 438.8081359863281, 965.4033203125, 516.5169677734375]]","[0.77978515625, 0.7060546875, 0.58203125, 0.71826171875, 0.3837890625, 0.392822265625, 0.62255859375, 0.51708984375, 0.32958984375, 0.276123046875]","[[1772.7560424804688, 866.6239624023438], [537.0081176757812, 748.5944213867188], [1867.4822998046875, 824.317138671875], [658.5776977539062, 713.9691162109375], [1107.7322998046875, 589.7085571289062], [1272.1068115234375, 543.3021850585938], [1494.5676879882812, 557.4202880859375], [600.7988891601562, 587.3275756835938], [716.4739685058594, 660.7374877929688], [948.790283203125, 516.5169677734375]]",425394176,410943488,425394176,640,yolo26s_int8_640_ncnn_model,MOT17-02
43,165.24318200004018,0.0,9,"[1, 2, 3, 4, 6, 10, 25, 40, 9]","[[1660.3505859375, 400.4632568359375, 1902.8876953125, 874.7844848632812], [474.78955078125, 450.1385192871094, 594.418701171875, 758.1644897460938], [1822.9661865234375, 404.7102355957031, 1920.0, 822.1943359375], [616.4728393554688, 444.9546813964844, 706.367919921875, 713.9694213867188], [1080.458984375, 450.7867126464844, 1134.1571044921875, 588.1677856445312], [1254.673095703125, 442.8862609863281, 1289.56640625, 543.8711547851562], [1466.697998046875, 436.2102355957031, 1519.497802734375, 555.055419921875], [581.1315307617188, 456.8792724609375, 621.8184204101562, 587.7391357421875], [932.940673828125, 439.259765625, 965.53125, 515.1989135742188]]","[0.7939453125, 0.66259765625, 0.5458984375, 0.73681640625, 0.326416015625, 0.42236328125, 0.52490234375, 0.5439453125, 0.281005859375]","[[1781.619140625, 874.7844848632812], [534.6041259765625, 758.1644897460938], [1871.4830932617188, 822.1943359375], [661.4203796386719, 713.9694213867188], [1107.3080444335938, 588.1677856445312], [1272.1197509765625, 543.8711547851562], [1493.097900390625, 555.055419921875], [601.4749755859375, 587.7391357421875], [949.2359619140625, 515.1989135742188]]",425394176,410943488,425394176,640,yolo26s_int8_640_ncnn_model,MOT17-02
44,165.0008109997998,0.0,9,"[1, 2, 4, 6, 10, 25, 40, 9, 8]","[[1669.6802978515625, 409.91839599609375, 1907.5966796875, 873.6258544921875], [473.21038818359375, 449.88116455078125, 593.6058959960938, 761.7957763671875], [618.839599609375, 444.3111267089844, 708.0386352539062, 712.9800415039062], [1079.05322265625, 449.70697021484375, 1134.23779296875, 590.6497802734375], [1254.8521728515625, 442.27215576171875, 1289.3809814453125, 542.608642578125], [1469.451171875, 438.8130798339844, 1521.4034423828125, 556.4168701171875], [580.6197509765625, 454.43121337890625, 622.2608642578125, 587.64208984375], [933.0510864257812, 438.9173583984375, 965.73486328125, 515.2379150390625], [692.4815673828125, 481.3551025390625, 745.8360595703125, 661.4660034179688]]","[0.7578125, 0.703125, 0.73974609375, 0.400634765625, 0.44140625, 0.50341796875, 0.58203125, 0.25244140625, 0.3056640625]","[[1788.6384887695312, 873.6258544921875], [533.4081420898438, 761.7957763671875], [663.4391174316406, 712.9800415039062], [1106.6455078125, 590.6497802734375], [1272.1165771484375, 542.608642578125], [1495.4273071289062, 556.4168701171875], [601.4403076171875, 587.64208984375], [949.3929748535156, 515.2379150390625], [719.1588134765625, 661.4660034179688]]",425394176,410943488,425394176,640,yolo26s_int8_640_ncnn_model,MOT17-02
45,164.25305099983234,0.0,7,"[1, 2, 4, 6, 10, 25, 40]","[[1679.6575927734375, 408.7274169921875, 1918.117431640625, 876.9857177734375], [472.86151123046875, 449.7724609375, 592.98583984375, 763.1068725585938], [619.1737060546875, 443.5746765136719, 708.6217651367188, 713.1058349609375], [1079.2728271484375, 449.79248046875, 1134.5185546875, 591.0737915039062], [1255.6123046875, 441.0625915527344, 1290.57763671875, 543.1093139648438], [1472.4456787109375, 438.54107666015625, 1522.97314453125, 555.1842041015625], [580.2720947265625, 453.54315185546875, 623.041259765625, 589.614013671875]]","[0.7431640625, 0.66845703125, 0.728515625, 0.4443359375, 0.491455078125, 0.478515625, 0.533203125]","[[1798.8875122070312, 876.9857177734375], [532.9236755371094, 763.1068725585938], [663.8977355957031, 713.1058349609375], [1106.8956909179688, 591.0737915039062], [1273.094970703125, 543.1093139648438], [1497.7094116210938, 555.1842041015625], [601.6566772460938, 589.614013671875]]",425394176,410943488,425394176,640,yolo26s_int8_640_ncnn_model,MOT17-02
46,176.61945300005755,0.0,8,"[1, 2, 4, 6, 10, 25, 40, 9]","[[1689.83642578125, 399.6590576171875, 1920.0, 866.1040649414062], [471.8947448730469, 448.9897766113281, 592.5772094726562, 766.2036743164062], [620.4937744140625, 443.3016357421875, 709.5206909179688, 712.1686401367188], [1079.5465087890625, 452.0457763671875, 1134.4310302734375, 591.98828125], [1256.533203125, 441.3556213378906, 1291.3607177734375, 543.5428466796875], [1477.7335205078125, 438.6874694824219, 1526.2132568359375, 553.4796752929688], [580.6983642578125, 453.9758605957031, 623.7312622070312, 589.6100463867188], [933.1055908203125, 439.6514892578125, 965.8167724609375, 516.7098388671875]]","[0.7060546875, 0.6845703125, 0.732421875, 0.402099609375, 0.465087890625, 0.47802734375, 0.58837890625, 0.253662109375]","[[1804.918212890625, 866.1040649414062], [532.2359771728516, 766.2036743164062], [665.0072326660156, 712.1686401367188], [1106.98876953125, 591.98828125], [1273.9469604492188, 543.5428466796875], [1501.973388671875, 553.4796752929688], [602.2148132324219, 589.6100463867188], [949.461181640625, 516.7098388671875]]",425394176,410943488,425394176,640,yolo26s_int8_640_ncnn_model,MOT17-02
47,164.4312920000175,0.0,8,"[1, 2, 4, 6, 10, 25, 40, 8]","[[1701.602294921875, 393.2320861816406, 1920.0, 864.8222045898438], [469.20111083984375, 449.17572021484375, 590.3328247070312, 765.8342895507812], [620.5864868164062, 441.4695739746094, 709.6638793945312, 711.5714721679688], [1078.9814453125, 452.12957763671875, 1134.0611572265625, 592.0870971679688], [1257.3837890625, 441.48614501953125, 1292.126220703125, 543.7073364257812], [1482.492919921875, 439.74462890625, 1528.4649658203125, 551.8500366210938], [580.7588500976562, 454.1686096191406, 624.0511474609375, 589.5986938476562], [695.5435791015625, 474.2154235839844, 751.0083618164062, 662.0145874023438]]","[0.5966796875, 0.68115234375, 0.74072265625, 0.4189453125, 0.517578125, 0.439453125, 0.5927734375, 0.39501953125]","[[1810.8011474609375, 864.8222045898438], [529.7669677734375, 765.8342895507812], [665.1251831054688, 711.5714721679688], [1106.5213012695312, 592.0870971679688], [1274.7550048828125, 543.7073364257812], [1505.4789428710938, 551.8500366210938], [602.4049987792969, 589.5986938476562], [723.2759704589844, 662.0145874023438]]",425394176,410943488,425394176,640,yolo26s_int8_640_ncnn_model,MOT17-02
48,164.9994230001539,0.0,8,"[1, 2, 4, 6, 10, 40, 8, 9]","[[1728.267333984375, 392.0731201171875, 1920.0, 878.8243408203125], [469.66632080078125, 448.7540283203125, 590.4144287109375, 766.0804443359375], [620.2484741210938, 441.0355224609375, 709.9964599609375, 714.0758666992188], [1078.8277587890625, 449.89886474609375, 1134.85791015625, 592.3719482421875], [1258.009033203125, 443.0298156738281, 1292.089111328125, 543.2733154296875], [580.0746459960938, 453.01422119140625, 623.8427124023438, 588.840087890625], [694.9428100585938, 466.9945983886719, 752.0481567382812, 662.901611328125], [933.4313354492188, 439.27587890625, 965.5349731445312, 515.3217163085938]]","[0.6376953125, 0.7265625, 0.73876953125, 0.38037109375, 0.462890625, 0.54541015625, 0.327392578125, 0.251953125]","[[1824.1336669921875, 878.8243408203125], [530.0403747558594, 766.0804443359375], [665.1224670410156, 714.0758666992188], [1106.8428344726562, 592.3719482421875], [1275.049072265625, 543.2733154296875], [601.9586791992188, 588.840087890625], [723.4954833984375, 662.901611328125], [949.483154296875, 515.3217163085938]]",425394176,410943488,425394176,640,yolo26s_int8_640_ncnn_model,MOT17-02
49,165.1657739998882,0.0,7,"[1, 2, 4, 6, 10, 40, 8]","[[1747.2003173828125, 390.4582214355469, 1920.0, 873.6163330078125], [469.11663818359375, 449.08319091796875, 589.2144775390625, 764.61767578125], [621.7529907226562, 444.5829162597656, 710.3798828125, 714.28857421875], [1078.3818359375, 453.4962158203125, 1133.5672607421875, 592.970947265625], [1258.8292236328125, 442.1390380859375, 1293.448974609375, 543.6016235351562], [580.697998046875, 452.5954895019531, 624.8364868164062, 588.5494384765625], [696.193115234375, 460.3293151855469, 755.3350219726562, 662.4824829101562]]","[0.72216796875, 0.73779296875, 0.72412109375, 0.396240234375, 0.481201171875, 0.53076171875, 0.435791015625]","[[1833.6001586914062, 873.6163330078125], [529.1655578613281, 764.61767578125], [666.0664367675781, 714.28857421875], [1105.9745483398438, 592.970947265625], [1276.1390991210938, 543.6016235351562], [602.7672424316406, 588.5494384765625], [725.7640686035156, 662.4824829101562]]",425394176,410943488,425394176,640,yolo26s_int8_640_ncnn_model,MOT17-02
50,179.85891800003628,0.0,7,"[1, 2, 4, 6, 10, 40, 8]","[[1756.348876953125, 387.6789245605469, 1920.0, 888.4935913085938], [469.5010681152344, 448.7146301269531, 589.1568603515625, 764.4718017578125], [623.12548828125, 443.4687194824219, 711.6209106445312, 712.876708984375], [1078.0152587890625, 454.86328125, 1133.26416015625, 593.1973266601562], [1259.23291015625, 443.04522705078125, 1293.832275390625, 543.4757080078125], [580.145263671875, 453.2005310058594, 623.9865112304688, 587.6934204101562], [698.0302734375, 460.2101135253906, 757.5972900390625, 663.7533569335938]]","[0.67138671875, 0.73583984375, 0.69775390625, 0.421630859375, 0.470947265625, 0.560546875, 0.34619140625]","[[1838.1744384765625, 888.4935913085938], [529.3289642333984, 764.4718017578125], [667.3731994628906, 712.876708984375], [1105.6397094726562, 593.1973266601562], [1276.5325927734375, 543.4757080078125], [602.0658874511719, 587.6934204101562], [727.8137817382812, 663.7533569335938]]",425394176,410943488,425394176,640,yolo26s_int8_640_ncnn_model,MOT17-02
51,164.44582999997692,0.0,8,"[1, 2, 4, 6, 10, 40, 8, 62]","[[1770.1923828125, 385.6992492675781, 1920.0, 891.1165161132812], [468.8280334472656, 448.5738830566406, 588.978515625, 766.3287353515625], [623.6246948242188, 443.5464172363281, 712.0244140625, 711.8507690429688], [1076.6365966796875, 455.3484191894531, 1132.4019775390625, 593.27685546875], [1259.5611572265625, 442.15863037109375, 1294.7574462890625, 543.6730346679688], [579.6190185546875, 450.9577331542969, 624.4459838867188, 587.8674926757812], [696.6771850585938, 455.09234619140625, 757.029541015625, 661.539794921875], [741.377197265625, 459.29998779296875, 774.372802734375, 561.9000244140625]]","[0.63623046875, 0.71484375, 0.7294921875, 0.4013671875, 0.488525390625, 0.4501953125, 0.4189453125, 0.36572265625]","[[1845.09619140625, 891.1165161132812], [528.9032745361328, 766.3287353515625], [667.8245544433594, 711.8507690429688], [1104.519287109375, 593.27685546875], [1277.1593017578125, 543.6730346679688], [602.0325012207031, 587.8674926757812], [726.8533630371094, 661.539794921875], [757.875, 561.9000244140625]]",425394176,410943488,425394176,640,yolo26s_int8_640_ncnn_model,MOT17-02
52,164.89301500018883,0.0,8,"[1, 2, 4, 6, 10, 40, 8, 62]","[[1781.8653564453125, 394.7734069824219, 1920.0, 883.2200927734375], [469.48321533203125, 447.53570556640625, 589.980224609375, 766.9779052734375], [624.5906982421875, 443.3302917480469, 713.3009643554688, 712.709716796875], [1074.7022705078125, 448.5284729003906, 1133.5087890625, 594.298095703125], [1259.2254638671875, 442.5704040527344, 1294.5462646484375, 543.991943359375], [579.4972534179688, 450.38128662109375, 624.5266723632812, 587.6881713867188], [695.7619018554688, 454.8794250488281, 757.1217651367188, 664.8148193359375], [741.746826171875, 456.737548828125, 775.7503051757812, 562.3659057617188]]","[0.66845703125, 0.71484375, 0.7236328125, 0.453857421875, 0.49267578125, 0.37841796875, 0.3447265625, 0.2763671875]","[[1850.9326782226562, 883.2200927734375], [529.7317199707031, 766.9779052734375], [668.9458312988281, 712.709716796875], [1104.1055297851562, 594.298095703125], [1276.8858642578125, 543.991943359375], [602.011962890625, 587.6881713867188], [726.4418334960938, 664.8148193359375], [758.7485656738281, 562.3659057617188]]",425394176,410943488,425394176,640,yolo26s_int8_640_ncnn_model,MOT17-02
53,164.66047799985972,0.0,9,"[1, 2, 4, 6, 10, 40, 8, 62, 25]","[[1786.287353515625, 389.67205810546875, 1920.0, 882.74462890625], [468.51971435546875, 447.1417236328125, 590.6002807617188, 772.0921630859375], [626.9741821289062, 444.984619140625, 715.1532592773438, 712.2957153320312], [1076.8843994140625, 447.4686279296875, 1134.920654296875, 591.2664184570312], [1259.2598876953125, 443.4761657714844, 1294.266357421875, 543.368408203125], [579.8219604492188, 455.3759460449219, 623.6721801757812, 588.3637084960938], [694.5089721679688, 454.8507385253906, 757.4984130859375, 668.0074462890625], [741.6519165039062, 455.8915100097656, 775.268798828125, 560.213134765625], [1500.6956787109375, 437.3561096191406, 1549.716064453125, 555.3965454101562]]","[0.615234375, 0.71044921875, 0.73095703125, 0.4453125, 0.50537109375, 0.33203125, 0.382080078125, 0.27685546875, 0.359619140625]","[[1853.1436767578125, 882.74462890625], [529.5599975585938, 772.0921630859375], [671.063720703125, 712.2957153320312], [1105.9025268554688, 591.2664184570312], [1276.7631225585938, 543.368408203125], [601.7470703125, 588.3637084960938], [726.0036926269531, 668.0074462890625], [758.4603576660156, 560.213134765625], [1525.2058715820312, 555.3965454101562]]",425394176,410943488,425394176,640,yolo26s_int8_640_ncnn_model,MOT17-02
54,164.05953299999965,0.0,8,"[1, 2, 4, 6, 10, 40, 8, 25]","[[1792.71826171875, 390.0209045410156, 1920.0, 882.2781982421875], [466.770751953125, 446.0162048339844, 589.7721557617188, 773.0009765625], [626.43359375, 443.62493896484375, 715.7200927734375, 714.1311645507812], [1076.09033203125, 448.0523986816406, 1134.18408203125, 591.0494995117188], [1259.660888671875, 443.57525634765625, 1294.7349853515625, 543.3771362304688], [579.203369140625, 449.7928466796875, 625.5707397460938, 589.1270751953125], [693.6346435546875, 454.15960693359375, 757.9691162109375, 668.9708251953125], [1503.704833984375, 437.17437744140625, 1554.0947265625, 555.7191162109375]]","[0.61572265625, 0.71875, 0.7568359375, 0.456787109375, 0.49365234375, 0.44091796875, 0.451416015625, 0.309326171875]","[[1856.359130859375, 882.2781982421875], [528.2714538574219, 773.0009765625], [671.0768432617188, 714.1311645507812], [1105.13720703125, 591.0494995117188], [1277.1979370117188, 543.3771362304688], [602.3870544433594, 589.1270751953125], [725.8018798828125, 668.9708251953125], [1528.8997802734375, 555.7191162109375]]",425394176,410943488,425394176,640,yolo26s_int8_640_ncnn_model,MOT17-02
55,164.61212600006547,0.0,9,"[1, 2, 4, 6, 10, 40, 8, 25, 62]","[[1799.1326904296875, 398.8391418457031, 1920.0, 875.373291015625], [467.9859619140625, 445.8360900878906, 590.0306396484375, 771.0667114257812], [625.5838012695312, 442.867431640625, 715.5200805664062, 716.0538940429688], [1075.2835693359375, 449.0262451171875, 1133.4246826171875, 591.2203369140625], [1259.8994140625, 441.62646484375, 1295.7904052734375, 543.3799438476562], [579.4765014648438, 450.69775390625, 625.75732421875, 589.4036254882812], [695.1756591796875, 454.6745300292969, 760.118896484375, 669.5530395507812], [1506.084716796875, 439.33392333984375, 1557.2109375, 555.5830078125], [745.4095458984375, 457.35302734375, 778.375244140625, 559.057373046875]]","[0.59716796875, 0.685546875, 0.71728515625, 0.44287109375, 0.4638671875, 0.3720703125, 0.4306640625, 0.28515625, 0.271728515625]","[[1859.5663452148438, 875.373291015625], [529.00830078125, 771.0667114257812], [670.5519409179688, 716.0538940429688], [1104.3541259765625, 591.2203369140625], [1277.8449096679688, 543.3799438476562], [602.6169128417969, 589.4036254882812], [727.6472778320312, 669.5530395507812], [1531.6478271484375, 555.5830078125], [761.8923950195312, 559.057373046875]]",425394176,410943488,425394176,640,yolo26s_int8_640_ncnn_model,MOT17-02
56,163.8011430000006,0.0,8,"[1, 2, 4, 6, 10, 40, 8, 62]","[[1807.765380859375, 432.0412902832031, 1920.0, 871.9219360351562], [470.0575256347656, 446.51824951171875, 589.0323486328125, 763.5897216796875], [624.6399536132812, 442.3357849121094, 715.0059814453125, 718.0113525390625], [1075.6224365234375, 447.16607666015625, 1134.4893798828125, 591.53759765625], [1260.4317626953125, 439.66754150390625, 1296.7054443359375, 542.642333984375], [579.387451171875, 451.32733154296875, 625.5105590820312, 589.259765625], [694.869873046875, 451.978515625, 760.3174438476562, 666.7999877929688], [745.6693725585938, 456.3428649902344, 779.849365234375, 561.3702392578125]]","[0.5087890625, 0.68994140625, 0.705078125, 0.43017578125, 0.4990234375, 0.37353515625, 0.459716796875, 0.42529296875]","[[1863.8826904296875, 871.9219360351562], [529.5449371337891, 763.5897216796875], [669.8229675292969, 718.0113525390625], [1105.055908203125, 591.53759765625], [1278.568603515625, 542.642333984375], [602.4490051269531, 589.259765625], [727.5936584472656, 666.7999877929688], [762.7593688964844, 561.3702392578125]]",425394176,410943488,425394176,640,yolo26s_int8_640_ncnn_model,MOT17-02
57,165.19951500004026,0.0,8,"[2, 4, 6, 10, 40, 8, 62, 67]","[[472.1496887207031, 446.7889709472656, 589.85107421875, 761.6802368164062], [624.8656005859375, 442.38507080078125, 715.1509399414062, 718.4966430664062], [1076.51318359375, 448.1979675292969, 1135.117919921875, 591.9052734375], [1260.6373291015625, 440.1586608886719, 1297.0233154296875, 543.0988159179688], [579.2902221679688, 449.6009826660156, 626.454345703125, 589.20068359375], [695.0294189453125, 452.954833984375, 761.5298461914062, 669.6476440429688], [745.5532836914062, 453.95843505859375, 781.5380859375, 564.1705322265625], [1536.142578125, 451.5, 1564.657470703125, 550.5]]","[0.6748046875, 0.72412109375, 0.386474609375, 0.467041015625, 0.47021484375, 0.4013671875, 0.42041015625, 0.451416015625]","[[531.0003814697266, 761.6802368164062], [670.0082702636719, 718.4966430664062], [1105.8155517578125, 591.9052734375], [1278.830322265625, 543.0988159179688], [602.8722839355469, 589.20068359375], [728.2796325683594, 669.6476440429688], [763.5456848144531, 564.1705322265625], [1550.4000244140625, 550.5]]",425394176,410943488,425394176,640,yolo26s_int8_640_ncnn_model,MOT17-02
58,163.92681100001028,0.0,7,"[2, 4, 6, 10, 40, 62, 67]","[[473.3150329589844, 443.910888671875, 591.7569580078125, 758.968017578125], [625.2542724609375, 442.4104309082031, 715.8380737304688, 719.6502685546875], [1078.9537353515625, 450.8321838378906, 1136.235595703125, 591.8002319335938], [1261.1240234375, 440.1153564453125, 1297.69091796875, 543.52294921875], [579.3858032226562, 452.16497802734375, 626.172607421875, 588.9295043945312], [746.1243896484375, 452.8530578613281, 781.9837036132812, 562.4310302734375], [1536.494873046875, 451.2109680175781, 1565.2301025390625, 550.7890625]]","[0.732421875, 0.72216796875, 0.407958984375, 0.51171875, 0.43310546875, 0.42236328125, 0.327392578125]","[[532.5359954833984, 758.968017578125], [670.5461730957031, 719.6502685546875], [1107.5946655273438, 591.8002319335938], [1279.407470703125, 543.52294921875], [602.7792053222656, 588.9295043945312], [764.0540466308594, 562.4310302734375], [1550.8624877929688, 550.7890625]]",425394176,410943488,425394176,640,yolo26s_int8_640_ncnn_model,MOT17-02
59,183.70631199991294,0.0,8,"[2, 4, 6, 10, 40, 62, 67, 8]","[[475.492919921875, 445.0704345703125, 593.69482421875, 759.6836547851562], [625.4699096679688, 443.1655578613281, 715.9840087890625, 720.3158569335938], [1080.37158203125, 445.34747314453125, 1138.158447265625, 589.265869140625], [1261.1453857421875, 438.8763427734375, 1298.0771484375, 542.943603515625], [578.301025390625, 455.41204833984375, 623.6800537109375, 587.5768432617188], [746.5398559570312, 452.46539306640625, 782.8690795898438, 563.7598876953125], [1539.9332275390625, 450.5323791503906, 1569.08251953125, 551.4675903320312], [696.5286254882812, 454.4705810546875, 764.1333618164062, 676.8321533203125]]","[0.73046875, 0.73779296875, 0.309326171875, 0.53759765625, 0.3857421875, 0.33740234375, 0.34716796875, 0.52880859375]","[[534.5938720703125, 759.6836547851562], [670.7269592285156, 720.3158569335938], [1109.2650146484375, 589.265869140625], [1279.6112670898438, 542.943603515625], [600.9905395507812, 587.5768432617188], [764.7044677734375, 563.7598876953125], [1554.5078735351562, 551.4675903320312], [730.3309936523438, 676.8321533203125]]",425394176,410943488,425394176,640,yolo26s_int8_640_ncnn_model,MOT17-02
60,164.17705200001365,0.0,8,"[2, 4, 6, 10, 40, 62, 67, 8]","[[479.1033020019531, 447.5080261230469, 597.0714721679688, 759.9588012695312], [624.83740234375, 444.4452209472656, 715.2237548828125, 721.53564453125], [1079.27099609375, 440.85931396484375, 1138.5093994140625, 589.8099975585938], [1261.2547607421875, 439.8957214355469, 1298.09228515625, 543.2159423828125], [578.0286865234375, 458.1460876464844, 622.5938110351562, 587.5703125], [746.9921875, 451.59893798828125, 783.3397827148438, 563.002685546875], [1541.395751953125, 446.1414489746094, 1572.125732421875, 552.5106201171875], [698.3999633789062, 455.5367736816406, 765.5211791992188, 678.7871704101562]]","[0.7431640625, 0.73486328125, 0.33447265625, 0.51708984375, 0.367919921875, 0.39013671875, 0.277587890625, 0.50341796875]","[[538.0873870849609, 759.9588012695312], [670.0305786132812, 721.53564453125], [1108.8901977539062, 589.8099975585938], [1279.6735229492188, 543.2159423828125], [600.3112487792969, 587.5703125], [765.1659851074219, 563.002685546875], [1556.7607421875, 552.5106201171875], [731.9605712890625, 678.7871704101562]]",425394176,410943488,425394176,640,yolo26s_int8_640_ncnn_model,MOT17-02
61,163.6637359999895,0.0,7,"[2, 4, 6, 10, 40, 62, 8]","[[483.1697082519531, 447.441162109375, 603.0603637695312, 763.049072265625], [624.9124755859375, 444.6826477050781, 715.0746459960938, 722.2227783203125], [1078.905029296875, 443.0779113769531, 1137.5943603515625, 591.0003662109375], [1261.0875244140625, 438.81353759765625, 1298.2744140625, 542.82568359375], [578.1417236328125, 461.6550598144531, 621.4825439453125, 587.069580078125], [747.696533203125, 453.54412841796875, 783.9134521484375, 564.4508666992188], [700.3216552734375, 456.9052734375, 766.7185668945312, 680.4690551757812]]","[0.76025390625, 0.7265625, 0.414794921875, 0.5068359375, 0.360107421875, 0.3349609375, 0.58935546875]","[[543.1150360107422, 763.049072265625], [669.9935607910156, 722.2227783203125], [1108.2496948242188, 591.0003662109375], [1279.6809692382812, 542.82568359375], [599.8121337890625, 587.069580078125], [765.8049926757812, 564.4508666992188], [733.5201110839844, 680.4690551757812]]",425394176,410943488,425394176,640,yolo26s_int8_640_ncnn_model,MOT17-02
62,165.22636700005933,0.0,7,"[2, 4, 6, 10, 40, 62, 8]","[[486.90447998046875, 449.1447448730469, 608.9574584960938, 766.4275512695312], [624.1595458984375, 446.2514343261719, 714.2847900390625, 723.9420166015625], [1078.7957763671875, 448.1816711425781, 1135.2020263671875, 590.2394409179688], [1259.8089599609375, 437.6749267578125, 1297.560791015625, 543.41943359375], [580.18212890625, 459.1365661621094, 624.6483154296875, 585.6240844726562], [747.642578125, 455.05462646484375, 783.3886108398438, 564.2437744140625], [700.8847045898438, 456.9205322265625, 766.7783813476562, 680.5875244140625]]","[0.73974609375, 0.75537109375, 0.352294921875, 0.46875, 0.316162109375, 0.437255859375, 0.541015625]","[[547.9309692382812, 766.4275512695312], [669.22216796875, 723.9420166015625], [1106.9989013671875, 590.2394409179688], [1278.6848754882812, 543.41943359375], [602.4152221679688, 585.6240844726562], [765.5155944824219, 564.2437744140625], [733.83154296875, 680.5875244140625]]",425394176,410943488,425394176,640,yolo26s_int8_640_ncnn_model,MOT17-02
63,168.44783400006236,0.0,7,"[2, 4, 6, 10, 40, 62, 8]","[[490.7159423828125, 447.8102722167969, 613.6386108398438, 762.7498779296875], [624.10107421875, 446.8397216796875, 714.720947265625, 725.5570068359375], [1077.26416015625, 450.4117736816406, 1133.7508544921875, 591.7080688476562], [1259.7034912109375, 438.7286071777344, 1296.8931884765625, 543.1539306640625], [579.2577514648438, 460.447998046875, 623.470947265625, 585.854248046875], [748.013916015625, 454.3876647949219, 783.7359008789062, 563.4024658203125], [699.187255859375, 456.6671447753906, 765.6821899414062, 682.8248291015625]]","[0.73974609375, 0.75341796875, 0.451416015625, 0.5107421875, 0.375732421875, 0.274169921875, 0.60595703125]","[[552.1772766113281, 762.7498779296875], [669.4110107421875, 725.5570068359375], [1105.5075073242188, 591.7080688476562], [1278.29833984375, 543.1539306640625], [601.3643493652344, 585.854248046875], [765.8749084472656, 563.4024658203125], [732.4347229003906, 682.8248291015625]]",425394176,410943488,425394176,640,yolo26s_int8_640_ncnn_model,MOT17-02
64,163.6904950000826,0.0,6,"[2, 4, 6, 10, 40, 8]","[[493.3647766113281, 449.7772216796875, 619.038330078125, 764.8023681640625], [623.5562133789062, 447.54571533203125, 714.8955078125, 727.6212158203125], [1075.681396484375, 448.4862976074219, 1133.2442626953125, 592.9962158203125], [1259.4588623046875, 438.160888671875, 1296.823974609375, 543.0506591796875], [578.0773315429688, 459.9179382324219, 622.8457641601562, 586.9560546875], [700.6370239257812, 456.8074035644531, 765.5801391601562, 677.4993896484375]]","[0.69189453125, 0.7490234375, 0.453857421875, 0.5283203125, 0.40087890625, 0.546875]","[[556.2015533447266, 764.8023681640625], [669.2258605957031, 727.6212158203125], [1104.4628295898438, 592.9962158203125], [1278.1414184570312, 543.0506591796875], [600.4615478515625, 586.9560546875], [733.1085815429688, 677.4993896484375]]",425394176,410943488,425394176,640,yolo26s_int8_640_ncnn_model,MOT17-02
65,163.81255100009184,0.0,7,"[2, 4, 6, 10, 8, 77, 9]","[[493.005615234375, 448.7770080566406, 620.2897338867188, 762.3421630859375], [623.3187255859375, 447.80126953125, 714.9747924804688, 727.3831787109375], [1076.6788330078125, 449.24249267578125, 1133.4493408203125, 591.9951171875], [1258.8642578125, 437.7097473144531, 1296.3055419921875, 543.2590942382812], [697.7569580078125, 456.6000671386719, 764.4314575195312, 683.6329345703125], [1005.884521484375, 443.32501220703125, 1034.7154541015625, 525.0750122070312], [933.717041015625, 439.8675231933594, 965.2772827148438, 514.1368408203125]]","[0.7216796875, 0.76318359375, 0.47314453125, 0.5126953125, 0.5576171875, 0.37353515625, 0.251953125]","[[556.6476745605469, 762.3421630859375], [669.1467590332031, 727.3831787109375], [1105.0640869140625, 591.9951171875], [1277.5848999023438, 543.2590942382812], [731.0942077636719, 683.6329345703125], [1020.2999877929688, 525.0750122070312], [949.4971618652344, 514.1368408203125]]",425394176,410943488,425394176,640,yolo26s_int8_640_ncnn_model,MOT17-02
66,163.47434700014674,0.0,8,"[2, 4, 6, 10, 8, 77, 81, 9]","[[491.1847839355469, 447.6444091796875, 622.2750854492188, 764.1304321289062], [621.1597900390625, 447.6369323730469, 713.5939331054688, 728.49169921875], [1077.2186279296875, 449.78045654296875, 1133.393310546875, 591.3532104492188], [1259.2874755859375, 438.042724609375, 1296.4417724609375, 542.8451538085938], [698.3629760742188, 456.518798828125, 765.2576293945312, 683.9230346679688], [1005.343017578125, 443.26788330078125, 1034.800048828125, 526.731201171875], [1302.4716796875, 433.79998779296875, 1337.5283203125, 541.2000122070312], [932.9839477539062, 439.6194152832031, 964.9662475585938, 514.3718872070312]]","[0.72265625, 0.77099609375, 0.431640625, 0.5185546875, 0.5361328125, 0.472412109375, 0.327880859375, 0.262939453125]","[[556.7299346923828, 764.1304321289062], [667.3768615722656, 728.49169921875], [1105.3059692382812, 591.3532104492188], [1277.8646240234375, 542.8451538085938], [731.810302734375, 683.9230346679688], [1020.071533203125, 526.731201171875], [1320.0, 541.2000122070312], [948.97509765625, 514.3718872070312]]",425394176,410943488,425394176,640,yolo26s_int8_640_ncnn_model,MOT17-02
67,163.41762499996548,0.0,8,"[2, 4, 6, 10, 8, 77, 81, 9]","[[492.0105285644531, 446.9693603515625, 626.3204345703125, 765.0437622070312], [619.7390747070312, 447.31597900390625, 713.1753540039062, 730.1140747070312], [1078.45458984375, 447.4885559082031, 1134.3406982421875, 588.6214599609375], [1259.51904296875, 440.6602478027344, 1295.4300537109375, 542.191650390625], [699.19140625, 456.9725036621094, 765.936279296875, 683.5055541992188], [1005.457275390625, 444.6827697753906, 1034.527587890625, 527.0178833007812], [1302.48828125, 433.85791015625, 1337.51171875, 541.14208984375], [932.7540893554688, 439.2911682128906, 964.86279296875, 514.6954345703125]]","[0.7119140625, 0.7451171875, 0.43017578125, 0.51513671875, 0.53564453125, 0.4599609375, 0.2880859375, 0.256591796875]","[[559.1654815673828, 765.0437622070312], [666.4572143554688, 730.1140747070312], [1106.3976440429688, 588.6214599609375], [1277.4745483398438, 542.191650390625], [732.5638427734375, 683.5055541992188], [1019.992431640625, 527.0178833007812], [1320.0, 541.14208984375], [948.8084411621094, 514.6954345703125]]",425394176,410943488,425394176,640,yolo26s_int8_640_ncnn_model,MOT17-02
68,172.0343370000137,0.0,8,"[2, 4, 6, 10, 8, 77, 81, 9]","[[495.2177734375, 451.1617431640625, 629.2708740234375, 762.9083862304688], [617.8974609375, 446.937744140625, 712.3514404296875, 731.9291381835938], [1075.5828857421875, 450.1076354980469, 1132.06787109375, 592.0772705078125], [1259.869384765625, 441.1625671386719, 1295.7823486328125, 542.447021484375], [700.0844116210938, 455.6546325683594, 767.068359375, 682.8212280273438], [1005.129638671875, 444.0197448730469, 1034.8193359375, 528.1795043945312], [1303.659912109375, 433.877197265625, 1338.6776123046875, 541.122802734375], [933.3341674804688, 438.9203186035156, 966.1495361328125, 516.0593872070312]]","[0.6630859375, 0.74658203125, 0.47900390625, 0.51513671875, 0.556640625, 0.537109375, 0.311279296875, 0.27587890625]","[[562.2443237304688, 762.9083862304688], [665.1244506835938, 731.9291381835938], [1103.8253784179688, 592.0772705078125], [1277.8258666992188, 542.447021484375], [733.5763854980469, 682.8212280273438], [1019.9744873046875, 528.1795043945312], [1321.1687622070312, 541.122802734375], [949.7418518066406, 516.0593872070312]]",425394176,410943488,425394176,640,yolo26s_int8_640_ncnn_model,MOT17-02
69,164.14060800002517,0.0,8,"[2, 4, 6, 10, 8, 77, 81, 62]","[[497.40618896484375, 450.267822265625, 633.2479248046875, 762.5780029296875], [616.2880249023438, 445.8009338378906, 711.974853515625, 733.5679931640625], [1077.244384765625, 453.8161926269531, 1132.44384765625, 591.646728515625], [1261.044677734375, 441.0956115722656, 1296.8572998046875, 541.7969360351562], [700.6422729492188, 456.1394958496094, 767.2425537109375, 681.5523681640625], [1005.00439453125, 443.7852478027344, 1034.940185546875, 528.5335083007812], [1303.3839111328125, 433.5999450683594, 1338.5543212890625, 541.4000854492188], [746.0628051757812, 452.7097473144531, 781.7131958007812, 558.695556640625]]","[0.6748046875, 0.744140625, 0.52392578125, 0.5283203125, 0.52978515625, 0.435302734375, 0.2890625, 0.285400390625]","[[565.3270568847656, 762.5780029296875], [664.1314392089844, 733.5679931640625], [1104.8441162109375, 591.646728515625], [1278.9509887695312, 541.7969360351562], [733.9424133300781, 681.5523681640625], [1019.9722900390625, 528.5335083007812], [1320.9691162109375, 541.4000854492188], [763.8880004882812, 558.695556640625]]",425394176,410943488,425394176,640,yolo26s_int8_640_ncnn_model,MOT17-02
70,163.65619900011552,0.0,8,"[2, 4, 6, 10, 8, 77, 81, 9]","[[497.3150634765625, 448.18719482421875, 637.9765014648438, 770.1455688476562], [615.131103515625, 444.8721008300781, 711.4129028320312, 732.6763916015625], [1076.658203125, 454.7170104980469, 1131.8238525390625, 591.9798583984375], [1260.8392333984375, 441.0657958984375, 1296.9052734375, 542.552734375], [701.6331787109375, 457.5620422363281, 766.9850463867188, 678.8182983398438], [1005.676025390625, 445.00506591796875, 1035.322509765625, 528.3582763671875], [1303.6768798828125, 432.4244079589844, 1339.171875, 541.4913330078125], [933.2860717773438, 439.950439453125, 965.8696899414062, 516.6459350585938]]","[0.64404296875, 0.740234375, 0.54736328125, 0.4990234375, 0.56396484375, 0.42041015625, 0.2998046875, 0.29248046875]","[[567.6457824707031, 770.1455688476562], [663.2720031738281, 732.6763916015625], [1104.2410278320312, 591.9798583984375], [1278.8722534179688, 542.552734375], [734.3091125488281, 678.8182983398438], [1020.499267578125, 528.3582763671875], [1321.4243774414062, 541.4913330078125], [949.577880859375, 516.6459350585938]]",425394176,410943488,425394176,640,yolo26s_int8_640_ncnn_model,MOT17-02
71,163.87181100003545,0.0,9,"[2, 4, 6, 10, 8, 77, 81, 88, 9]","[[501.5934753417969, 449.12060546875, 640.216796875, 765.3692626953125], [613.941650390625, 444.0236511230469, 710.9867553710938, 732.7861938476562], [1076.1131591796875, 454.52960205078125, 1131.93359375, 592.6000366210938], [1260.989013671875, 442.78662109375, 1296.6859130859375, 543.0866088867188], [701.5572509765625, 457.845703125, 766.2986450195312, 677.0245971679688], [1005.8861083984375, 448.04400634765625, 1034.456298828125, 527.73876953125], [1302.90771484375, 432.55084228515625, 1338.126220703125, 540.9935302734375], [1543.3863525390625, 431.70001220703125, 1582.6136474609375, 549.2999877929688], [933.190185546875, 439.6967468261719, 965.8760375976562, 516.2349853515625]]","[0.67822265625, 0.74072265625, 0.4990234375, 0.52734375, 0.5693359375, 0.425537109375, 0.28759765625, 0.3330078125, 0.251708984375]","[[570.9051361083984, 765.3692626953125], [662.4642028808594, 732.7861938476562], [1104.0233764648438, 592.6000366210938], [1278.8374633789062, 543.0866088867188], [733.9279479980469, 677.0245971679688], [1020.1712036132812, 527.73876953125], [1320.5169677734375, 540.9935302734375], [1563.0, 549.2999877929688], [949.5331115722656, 516.2349853515625]]",425394176,410943488,425394176,640,yolo26s_int8_640_ncnn_model,MOT17-02
72,163.59208800008673,0.0,8,"[2, 4, 6, 10, 8, 77, 88, 9]","[[498.05316162109375, 447.74322509765625, 645.07373046875, 785.1030883789062], [612.939453125, 443.2123718261719, 709.9264526367188, 731.3154907226562], [1075.8382568359375, 453.6936340332031, 1132.0582275390625, 591.586181640625], [1260.4215087890625, 439.6938171386719, 1297.215087890625, 543.040771484375], [698.8746948242188, 455.44976806640625, 766.6688842773438, 684.8346557617188], [1006.0094604492188, 449.6453857421875, 1034.08935546875, 526.9638671875], [1543.153076171875, 431.0651550292969, 1582.846923828125, 549.934814453125], [933.2984008789062, 439.3557434082031, 965.735595703125, 515.34130859375]]","[0.67626953125, 0.71630859375, 0.51513671875, 0.5166015625, 0.548828125, 0.32470703125, 0.4345703125, 0.263916015625]","[[571.5634460449219, 785.1030883789062], [661.4329528808594, 731.3154907226562], [1103.9482421875, 591.586181640625], [1278.8182983398438, 543.040771484375], [732.7717895507812, 684.8346557617188], [1020.0494079589844, 526.9638671875], [1563.0, 549.934814453125], [949.5169982910156, 515.34130859375]]",425394176,410943488,425394176,640,yolo26s_int8_640_ncnn_model,MOT17-02
73,164.01284800008398,0.0,8,"[2, 4, 6, 10, 8, 77, 88, 9]","[[498.56048583984375, 447.23797607421875, 648.3834838867188, 794.2583618164062], [613.03955078125, 441.4276123046875, 712.5386352539062, 738.1419677734375], [1075.685546875, 454.3527526855469, 1132.16845703125, 592.1937255859375], [1260.5035400390625, 440.5108337402344, 1297.11328125, 543.02294921875], [699.5875244140625, 456.76104736328125, 768.0206298828125, 687.4653930664062], [1006.1292724609375, 451.2126159667969, 1033.8846435546875, 526.6784057617188], [1545.85693359375, 432.3009033203125, 1584.7813720703125, 548.6990966796875], [933.2106323242188, 439.7227478027344, 965.81005859375, 516.5023193359375]]","[0.68017578125, 0.73291015625, 0.57666015625, 0.52978515625, 0.50830078125, 0.314453125, 0.38623046875, 0.257080078125]","[[573.4719848632812, 794.2583618164062], [662.7890930175781, 738.1419677734375], [1103.927001953125, 592.1937255859375], [1278.8084106445312, 543.02294921875], [733.8040771484375, 687.4653930664062], [1020.0069580078125, 526.6784057617188], [1565.3191528320312, 548.6990966796875], [949.5103454589844, 516.5023193359375]]",425394176,410943488,425394176,640,yolo26s_int8_640_ncnn_model,MOT17-02
74,163.83486600011565,0.0,6,"[2, 4, 6, 10, 8, 9]","[[501.4770812988281, 446.5570068359375, 650.6815795898438, 796.3116455078125], [613.443359375, 441.742919921875, 714.1529541015625, 743.6138916015625], [1076.1346435546875, 456.82269287109375, 1131.7158203125, 592.1728515625], [1259.662353515625, 438.5986022949219, 1296.945068359375, 543.2630004882812], [701.5576171875, 455.7982177734375, 769.78857421875, 685.012939453125], [933.6962890625, 440.10467529296875, 965.3184814453125, 514.7086181640625]]","[0.70263671875, 0.68017578125, 0.57861328125, 0.54833984375, 0.6103515625, 0.26953125]","[[576.0793304443359, 796.3116455078125], [663.7981567382812, 743.6138916015625], [1103.9252319335938, 592.1728515625], [1278.3037109375, 543.2630004882812], [735.673095703125, 685.012939453125], [949.5073852539062, 514.7086181640625]]",425394176,410943488,425394176,640,yolo26s_int8_640_ncnn_model,MOT17-02
75,164.04647800004568,0.0,5,"[2, 4, 6, 10, 8]","[[508.4143981933594, 446.7845458984375, 649.0263061523438, 778.921142578125], [618.1799926757812, 444.3240966796875, 715.5951538085938, 737.3628540039062], [1075.8182373046875, 456.7353820800781, 1132.0440673828125, 593.1626586914062], [1259.4471435546875, 438.131103515625, 1296.778564453125, 543.106201171875], [702.6658325195312, 453.94256591796875, 770.5784912109375, 679.5849609375]]","[0.64892578125, 0.6591796875, 0.63134765625, 0.5419921875, 0.62353515625]","[[578.7203521728516, 778.921142578125], [666.8875732421875, 737.3628540039062], [1103.93115234375, 593.1626586914062], [1278.1128540039062, 543.106201171875], [736.6221618652344, 679.5849609375]]",425394176,410943488,425394176,640,yolo26s_int8_640_ncnn_model,MOT17-02
76,187.25503799987564,0.0,6,"[2, 4, 6, 10, 8, 77]","[[510.42071533203125, 447.6341857910156, 648.8374633789062, 777.2139282226562], [620.970947265625, 444.5981750488281, 716.7169189453125, 734.5950317382812], [1074.79345703125, 457.18017578125, 1131.095703125, 593.029296875], [1259.5321044921875, 438.9474792480469, 1296.545654296875, 543.0443725585938], [704.2350463867188, 453.4908752441406, 772.6741943359375, 678.2559204101562], [1003.573486328125, 446.5365905761719, 1032.502197265625, 525.3723754882812]]","[0.6630859375, 0.64501953125, 0.60595703125, 0.544921875, 0.5380859375, 0.300048828125]","[[579.6290893554688, 777.2139282226562], [668.8439331054688, 734.5950317382812], [1102.944580078125, 593.029296875], [1278.0388793945312, 543.0443725585938], [738.4546203613281, 678.2559204101562], [1018.037841796875, 525.3723754882812]]",425394176,410943488,425394176,640,yolo26s_int8_640_ncnn_model,MOT17-02
77,163.93555099989499,0.0,6,"[2, 4, 6, 10, 8, 77]","[[515.5785522460938, 448.1968994140625, 650.1829833984375, 771.3480224609375], [618.0369873046875, 442.2165222167969, 716.125244140625, 740.9893188476562], [1073.63330078125, 457.0765686035156, 1130.52587890625, 593.220947265625], [1259.4921875, 439.515869140625, 1296.5291748046875, 543.7634887695312], [706.3043823242188, 455.5646667480469, 774.4183959960938, 675.5289306640625], [1004.3197631835938, 444.4596252441406, 1034.2413330078125, 525.4478149414062]]","[0.65185546875, 0.6865234375, 0.63037109375, 0.5537109375, 0.5859375, 0.414794921875]","[[582.8807678222656, 771.3480224609375], [667.0811157226562, 740.9893188476562], [1102.07958984375, 593.220947265625], [1278.0106811523438, 543.7634887695312], [740.3613891601562, 675.5289306640625], [1019.2805480957031, 525.4478149414062]]",425394176,410943488,425394176,640,yolo26s_int8_640_ncnn_model,MOT17-02
78,163.4680140000455,0.0,6,"[2, 4, 6, 10, 8, 77]","[[517.332763671875, 449.6582336425781, 650.2046508789062, 770.8601684570312], [621.4959106445312, 442.80279541015625, 717.2185668945312, 736.9822387695312], [1074.07275390625, 454.5354919433594, 1132.4345703125, 593.7843627929688], [1259.90234375, 441.9597473144531, 1296.098388671875, 542.7959594726562], [709.694580078125, 458.1092834472656, 778.4124755859375, 674.7598876953125], [1005.0098876953125, 447.6714782714844, 1034.438232421875, 525.4718627929688]]","[0.599609375, 0.6669921875, 0.60302734375, 0.428466796875, 0.62158203125, 0.51025390625]","[[583.7687072753906, 770.8601684570312], [669.3572387695312, 736.9822387695312], [1103.253662109375, 593.7843627929688], [1278.0003662109375, 542.7959594726562], [744.0535278320312, 674.7598876953125], [1019.7240600585938, 525.4718627929688]]",425394176,410943488,425394176,640,yolo26s_int8_640_ncnn_model,MOT17-02
79,164.31362599996646,0.0,7,"[2, 4, 6, 10, 8, 77, 94]","[[525.92431640625, 445.4669494628906, 657.0635375976562, 770.4306640625], [623.6513671875, 442.050537109375, 718.3057861328125, 736.3634033203125], [1074.264404296875, 451.1124267578125, 1134.1209716796875, 594.482666015625], [1259.8553466796875, 442.1415100097656, 1296.1385498046875, 542.1719360351562], [711.9135131835938, 460.55474853515625, 781.8753662109375, 674.9944458007812], [1004.9120483398438, 448.69464111328125, 1034.8892822265625, 526.725830078125], [469.02606201171875, 451.875, 498.47393798828125, 552.5250244140625]]","[0.521484375, 0.6845703125, 0.63037109375, 0.43505859375, 0.6806640625, 0.491455078125, 0.359130859375]","[[591.4939270019531, 770.4306640625], [670.9785766601562, 736.3634033203125], [1104.1926879882812, 594.482666015625], [1277.9969482421875, 542.1719360351562], [746.8944396972656, 674.9944458007812], [1019.9006652832031, 526.725830078125], [483.75, 552.5250244140625]]",425394176,410943488,425394176,640,yolo26s_int8_640_ncnn_model,MOT17-02
80,165.87577599989345,0.0,8,"[2, 4, 6, 10, 8, 77, 94, 96]","[[536.108642578125, 449.34234619140625, 661.9016723632812, 768.7889404296875], [625.4812622070312, 442.02203369140625, 718.6549682617188, 734.8746948242188], [1074.24658203125, 449.56402587890625, 1134.8597412109375, 594.986328125], [1259.80810546875, 443.1997375488281, 1296.183837890625, 542.9420776367188], [715.1070556640625, 458.9482116699219, 788.209228515625, 675.6019287109375], [1005.1676025390625, 448.3258972167969, 1035.7586669921875, 526.9302368164062], [468.0993347167969, 453.90216064453125, 496.5047302246094, 550.961181640625], [511.4473571777344, 450.9750061035156, 590.1526489257812, 757.4249877929688]]","[0.49560546875, 0.6435546875, 0.6025390625, 0.431640625, 0.6787109375, 0.4921875, 0.26220703125, 0.343505859375]","[[599.0051574707031, 768.7889404296875], [672.068115234375, 734.8746948242188], [1104.5531616210938, 594.986328125], [1277.9959716796875, 542.9420776367188], [751.6581420898438, 675.6019287109375], [1020.463134765625, 526.9302368164062], [482.3020324707031, 550.961181640625], [550.8000030517578, 757.4249877929688]]",425394176,410943488,425394176,640,yolo26s_int8_640_ncnn_model,MOT17-02
81,164.05282999994597,0.0,9,"[2, 4, 6, 10, 8, 77, 94, 96, 81]","[[539.4251708984375, 452.5815734863281, 663.5606689453125, 773.411376953125], [627.8026733398438, 443.0119934082031, 720.0938110351562, 735.2865600585938], [1074.0084228515625, 447.75244140625, 1135.3763427734375, 595.4159545898438], [1259.7301025390625, 442.83831787109375, 1296.2618408203125, 542.9828491210938], [718.1365966796875, 459.3300476074219, 793.0862426757812, 674.8475341796875], [1005.8649291992188, 448.43414306640625, 1036.4739990234375, 525.7578735351562], [467.65911865234375, 453.3816223144531, 495.3932800292969, 548.0643310546875], [513.3563232421875, 451.6678161621094, 591.2459106445312, 754.8846435546875], [1302.7783203125, 434.1777038574219, 1337.270751953125, 540.7255249023438]]","[0.49609375, 0.62060546875, 0.58642578125, 0.45458984375, 0.66845703125, 0.389404296875, 0.294677734375, 0.326171875, 0.260498046875]","[[601.492919921875, 773.411376953125], [673.9482421875, 735.2865600585938], [1104.6923828125, 595.4159545898438], [1277.9959716796875, 542.9828491210938], [755.6114196777344, 674.8475341796875], [1021.1694641113281, 525.7578735351562], [481.5261993408203, 548.0643310546875], [552.3011169433594, 754.8846435546875], [1320.0245361328125, 540.7255249023438]]",425394176,410943488,425394176,640,yolo26s_int8_640_ncnn_model,MOT17-02
82,163.99727399993935,0.0,7,"[2, 4, 6, 10, 8, 77, 94]","[[530.6226806640625, 451.0469970703125, 659.1067504882812, 783.8208618164062], [628.3969116210938, 444.6313781738281, 722.3592529296875, 747.0841674804688], [1074.386962890625, 446.09503173828125, 1136.0809326171875, 594.592041015625], [1261.041259765625, 444.4309387207031, 1296.9381103515625, 542.2527465820312], [722.090576171875, 459.4619445800781, 798.9495849609375, 674.575927734375], [1006.826904296875, 448.47625732421875, 1038.0406494140625, 526.2958374023438], [467.1628112792969, 453.4599914550781, 494.9396667480469, 548.1179809570312]]","[0.48291015625, 0.62890625, 0.5126953125, 0.418212890625, 0.65087890625, 0.45361328125, 0.253173828125]","[[594.8647155761719, 783.8208618164062], [675.3780822753906, 747.0841674804688], [1105.2339477539062, 594.592041015625], [1278.9896850585938, 542.2527465820312], [760.5200805664062, 674.575927734375], [1022.4337768554688, 526.2958374023438], [481.0512390136719, 548.1179809570312]]",425394176,410943488,425394176,640,yolo26s_int8_640_ncnn_model,MOT17-02
83,164.0252929998951,0.0,7,"[2, 4, 6, 10, 8, 77, 100]","[[528.3020629882812, 450.46240234375, 656.8211669921875, 782.801025390625], [630.4208984375, 444.9921569824219, 724.2991333007812, 750.740234375], [1075.4532470703125, 447.44256591796875, 1136.408447265625, 594.2649536132812], [1261.131591796875, 443.01641845703125, 1297.6011962890625, 541.9757080078125], [724.783935546875, 458.753173828125, 803.7598266601562, 675.23486328125], [1007.0838012695312, 448.7399597167969, 1038.713623046875, 526.243408203125], [1853.705322265625, 389.8500061035156, 1920.0, 657.75]]","[0.5703125, 0.61376953125, 0.53369140625, 0.46240234375, 0.63037109375, 0.4462890625, 0.310791015625]","[[592.5616149902344, 782.801025390625], [677.3600158691406, 750.740234375], [1105.9308471679688, 594.2649536132812], [1279.3663940429688, 541.9757080078125], [764.2718811035156, 675.23486328125], [1022.8987121582031, 526.243408203125], [1886.8526611328125, 657.75]]",425394176,410943488,425394176,640,yolo26s_int8_640_ncnn_model,MOT17-02
84,164.08457099987572,0.0,7,"[2, 4, 6, 10, 8, 77, 100]","[[529.9964599609375, 453.431640625, 658.0885009765625, 784.0675659179688], [632.72265625, 443.9001770019531, 726.4100952148438, 750.3733520507812], [1076.8447265625, 449.7165832519531, 1136.53173828125, 593.3907470703125], [1262.187255859375, 443.231201171875, 1298.800537109375, 542.1243286132812], [726.4669799804688, 464.4292297363281, 805.7108764648438, 677.47705078125], [1007.628662109375, 452.0696105957031, 1038.4986572265625, 525.9678344726562], [1854.00439453125, 391.9826965332031, 1919.99560546875, 657.4617919921875]]","[0.61328125, 0.599609375, 0.465576171875, 0.431396484375, 0.63623046875, 0.369140625, 0.293701171875]","[[594.04248046875, 784.0675659179688], [679.5663757324219, 750.3733520507812], [1106.688232421875, 593.3907470703125], [1280.493896484375, 542.1243286132812], [766.0889282226562, 677.47705078125], [1023.0636596679688, 525.9678344726562], [1887.0, 657.4617919921875]]",425394176,410943488,425394176,640,yolo26s_int8_640_ncnn_model,MOT17-02
85,176.0387859999355,0.0,8,"[2, 4, 6, 10, 8, 77, 100, 96]","[[532.1071166992188, 451.8265380859375, 661.4343872070312, 785.2449951171875], [633.019287109375, 443.47674560546875, 724.7774047851562, 743.2719116210938], [1077.6280517578125, 452.3387451171875, 1136.3084716796875, 594.2996215820312], [1261.9149169921875, 441.8138427734375, 1298.9188232421875, 541.687255859375], [726.282958984375, 465.0732116699219, 807.0484619140625, 678.8370971679688], [1006.0033569335938, 450.04571533203125, 1038.193115234375, 526.1076049804688], [1854.1029052734375, 392.7003173828125, 1919.8970947265625, 657.3648071289062], [513.3270874023438, 451.4690246582031, 588.0299072265625, 740.0031127929688]]","[0.53515625, 0.52734375, 0.53076171875, 0.45068359375, 0.66259765625, 0.449951171875, 0.298828125, 0.253662109375]","[[596.770751953125, 785.2449951171875], [678.8983459472656, 743.2719116210938], [1106.96826171875, 594.2996215820312], [1280.4168701171875, 541.687255859375], [766.6657104492188, 678.8370971679688], [1022.0982360839844, 526.1076049804688], [1887.0, 657.3648071289062], [550.6784973144531, 740.0031127929688]]",425394176,410943488,425394176,640,yolo26s_int8_640_ncnn_model,MOT17-02
86,165.99696100001893,0.0,7,"[2, 4, 6, 10, 8, 77, 96]","[[533.6599731445312, 450.2219543457031, 663.3067626953125, 783.6761474609375], [633.8421630859375, 443.3143310546875, 725.3372802734375, 741.4800415039062], [1077.7066650390625, 451.3296203613281, 1136.422607421875, 593.6416015625], [1262.4044189453125, 442.01953125, 1299.3443603515625, 541.7734375], [727.9859008789062, 462.5528869628906, 810.583740234375, 679.0911254882812], [1005.2788696289062, 449.0675964355469, 1038.2174072265625, 526.4028930664062], [515.7130737304688, 450.5887451171875, 591.9349975585938, 744.1471557617188]]","[0.5810546875, 0.58203125, 0.461181640625, 0.4287109375, 0.640625, 0.42041015625, 0.27490234375]","[[598.4833679199219, 783.6761474609375], [679.5897216796875, 741.4800415039062], [1107.0646362304688, 593.6416015625], [1280.8743896484375, 541.7734375], [769.2848205566406, 679.0911254882812], [1021.7481384277344, 526.4028930664062], [553.8240356445312, 744.1471557617188]]",425394176,410943488,425394176,640,yolo26s_int8_640_ncnn_model,MOT17-02
87,163.6612919999152,0.0,8,"[2, 4, 6, 10, 8, 77, 96, 100]","[[535.24267578125, 449.1079406738281, 664.87158203125, 782.5404663085938], [634.1442260742188, 443.7513427734375, 725.490966796875, 742.2801513671875], [1077.925048828125, 454.9162292480469, 1135.269287109375, 593.3927001953125], [1262.0538330078125, 442.0973815917969, 1299.0321044921875, 541.810546875], [728.7310791015625, 462.3253479003906, 812.6414184570312, 680.41552734375], [1005.720947265625, 449.6774597167969, 1038.4854736328125, 526.5111083984375], [512.0604248046875, 450.3195495605469, 594.3946533203125, 768.07177734375], [1854.2589111328125, 394.7537536621094, 1919.7410888671875, 658.058837890625]]","[0.5849609375, 0.61181640625, 0.50439453125, 0.437255859375, 0.6259765625, 0.300537109375, 0.341064453125, 0.26318359375]","[[600.05712890625, 782.5404663085938], [679.8175964355469, 742.2801513671875], [1106.59716796875, 593.3927001953125], [1280.54296875, 541.810546875], [770.6862487792969, 680.41552734375], [1022.1032104492188, 526.5111083984375], [553.2275390625, 768.07177734375], [1887.0, 658.058837890625]]",425394176,410943488,425394176,640,yolo26s_int8_640_ncnn_model,MOT17-02
88,163.98147799986873,0.0,7,"[2, 4, 6, 10, 8, 77, 96]","[[536.5404052734375, 445.717529296875, 667.6049194335938, 783.0674438476562], [635.5476684570312, 444.9075012207031, 727.170166015625, 744.5481567382812], [1077.6734619140625, 457.0299377441406, 1134.142578125, 592.5444946289062], [1261.5037841796875, 439.8935241699219, 1299.31494140625, 542.0758666992188], [729.8568725585938, 461.9768981933594, 814.3847045898438, 681.156982421875], [1005.5076904296875, 449.6630554199219, 1037.9710693359375, 525.802001953125], [512.6038818359375, 450.22882080078125, 595.38818359375, 768.6985473632812]]","[0.54541015625, 0.66259765625, 0.474853515625, 0.378173828125, 0.615234375, 0.2578125, 0.30126953125]","[[602.0726623535156, 783.0674438476562], [681.3589172363281, 744.5481567382812], [1105.9080200195312, 592.5444946289062], [1280.4093627929688, 542.0758666992188], [772.1207885742188, 681.156982421875], [1021.7393798828125, 525.802001953125], [553.9960327148438, 768.6985473632812]]",425394176,410943488,425394176,640,yolo26s_int8_640_ncnn_model,MOT17-02
89,163.69416300017292,0.0,7,"[2, 4, 6, 10, 8, 96, 100]","[[542.1785888671875, 449.1211853027344, 670.2670288085938, 780.5361938476562], [636.3951416015625, 445.0956115722656, 729.4060668945312, 747.613525390625], [1077.4803466796875, 458.8004150390625, 1133.8153076171875, 593.2360229492188], [1260.93798828125, 440.2974548339844, 1298.788818359375, 542.91357421875], [729.8362426757812, 458.3735046386719, 816.3189697265625, 680.9314575195312], [511.6768493652344, 449.21685791015625, 596.3883056640625, 775.7735595703125], [1853.9617919921875, 392.533935546875, 1920.0, 658.2817993164062]]","[0.537109375, 0.6474609375, 0.56591796875, 0.447509765625, 0.6904296875, 0.44921875, 0.31494140625]","[[606.2228088378906, 780.5361938476562], [682.9006042480469, 747.613525390625], [1105.6478271484375, 593.2360229492188], [1279.8634033203125, 542.91357421875], [773.0776062011719, 680.9314575195312], [554.0325775146484, 775.7735595703125], [1886.9808959960938, 658.2817993164062]]",425394176,410943488,425394176,640,yolo26s_int8_640_ncnn_model,MOT17-02
90,163.17616200012708,0.0,7,"[2, 4, 6, 10, 8, 96, 100]","[[544.7319946289062, 450.44525146484375, 671.7302856445312, 781.5262451171875], [635.09716796875, 445.40863037109375, 731.3134155273438, 757.3800048828125], [1077.2457275390625, 458.9292907714844, 1133.8555908203125, 593.9948120117188], [1261.5936279296875, 442.1872253417969, 1298.688720703125, 542.496826171875], [731.2698364257812, 455.7774353027344, 819.4059448242188, 682.0641479492188], [516.4417114257812, 448.8482971191406, 599.5248413085938, 770.4507446289062], [1854.1357421875, 393.3681945800781, 1919.8642578125, 658.0272216796875]]","[0.454345703125, 0.62841796875, 0.60302734375, 0.417236328125, 0.3974609375, 0.4013671875, 0.29248046875]","[[608.2311401367188, 781.5262451171875], [683.2052917480469, 757.3800048828125], [1105.5506591796875, 593.9948120117188], [1280.1411743164062, 542.496826171875], [775.337890625, 682.0641479492188], [557.9832763671875, 770.4507446289062], [1887.0, 658.0272216796875]]",425394176,410943488,425394176,640,yolo26s_int8_640_ncnn_model,MOT17-02
91,164.37203400005274,0.0,8,"[2, 4, 6, 10, 8, 96, 100, 77]","[[536.8150634765625, 447.4681091308594, 667.6221923828125, 789.322998046875], [634.8822631835938, 444.3016357421875, 732.1934814453125, 759.3267211914062], [1076.82958984375, 457.4571228027344, 1134.199462890625, 593.7776489257812], [1261.4708251953125, 443.66436767578125, 1298.0201416015625, 542.584228515625], [732.4865112304688, 455.0412292480469, 820.7552490234375, 680.2767333984375], [516.1591796875, 449.2262878417969, 598.3365478515625, 767.7434692382812], [1855.18310546875, 392.6351318359375, 1920.0, 657.9303588867188], [1006.58935546875, 450.92181396484375, 1039.0723876953125, 526.728759765625]]","[0.52734375, 0.63818359375, 0.59765625, 0.4091796875, 0.5166015625, 0.43994140625, 0.274169921875, 0.32763671875]","[[602.2186279296875, 789.322998046875], [683.5378723144531, 759.3267211914062], [1105.5145263671875, 593.7776489257812], [1279.7454833984375, 542.584228515625], [776.6208801269531, 680.2767333984375], [557.2478637695312, 767.7434692382812], [1887.591552734375, 657.9303588867188], [1022.8308715820312, 526.728759765625]]",425394176,410943488,425394176,640,yolo26s_int8_640_ncnn_model,MOT17-02
92,164.7449049999068,0.0,10,"[2, 4, 6, 10, 8, 96, 100, 108, 109, 77]","[[534.3458862304688, 446.11077880859375, 666.9794311523438, 794.4205932617188], [641.0003051757812, 451.9600830078125, 733.1286010742188, 746.0255737304688], [1076.3955078125, 457.87506103515625, 1133.61474609375, 592.7010498046875], [1260.467529296875, 444.2113037109375, 1296.7264404296875, 542.616455078125], [734.8656616210938, 454.03558349609375, 823.1438598632812, 678.3388671875], [515.3204345703125, 450.13232421875, 594.0765991210938, 754.9306030273438], [1855.8524169921875, 394.3846740722656, 1920.0, 657.8843383789062], [675.5325317382812, 450.9750061035156, 829.2674560546875, 679.4249877929688], [493.4466857910156, 454.5, 523.5533447265625, 517.7999877929688], [1006.9695434570312, 451.88092041015625, 1039.0167236328125, 526.0975952148438]]","[0.52734375, 0.65380859375, 0.5673828125, 0.440185546875, 0.64501953125, 0.3974609375, 0.314453125, 0.360107421875, 0.325927734375, 0.255859375]","[[600.6626586914062, 794.4205932617188], [687.064453125, 746.0255737304688], [1105.005126953125, 592.7010498046875], [1278.5969848632812, 542.616455078125], [779.0047607421875, 678.3388671875], [554.6985168457031, 754.9306030273438], [1887.9262084960938, 657.8843383789062], [752.3999938964844, 679.4249877929688], [508.50001525878906, 517.7999877929688], [1022.9931335449219, 526.0975952148438]]",425394176,410943488,425394176,640,yolo26s_int8_640_ncnn_model,MOT17-02
93,167.9865379999228,0.0,9,"[2, 4, 6, 10, 8, 96, 100, 108, 109]","[[535.0181274414062, 446.0856628417969, 668.4531860351562, 797.8062133789062], [639.8074340820312, 448.87744140625, 734.9464111328125, 750.8280029296875], [1075.0263671875, 456.517333984375, 1133.6005859375, 593.7886352539062], [1260.5020751953125, 443.6596374511719, 1296.8314208984375, 542.37890625], [736.11962890625, 452.4357604980469, 825.5270385742188, 678.8372802734375], [514.3898315429688, 449.9860534667969, 594.535400390625, 761.6458129882812], [1856.0853271484375, 394.7843017578125, 1920.0, 658.1091918945312], [677.573486328125, 446.1850891113281, 833.9208374023438, 678.9056396484375], [494.2062072753906, 454.7863464355469, 523.939208984375, 517.2845458984375]]","[0.54345703125, 0.591796875, 0.60791015625, 0.439453125, 0.7021484375, 0.349365234375, 0.28271484375, 0.398681640625, 0.276123046875]","[[601.7356567382812, 797.8062133789062], [687.3769226074219, 750.8280029296875], [1104.3134765625, 593.7886352539062], [1278.666748046875, 542.37890625], [780.8233337402344, 678.8372802734375], [554.4626159667969, 761.6458129882812], [1888.0426635742188, 658.1091918945312], [755.7471618652344, 678.9056396484375], [509.0727081298828, 517.2845458984375]]",425394176,410943488,425394176,640,yolo26s_int8_640_ncnn_model,MOT17-02
94,166.4666839999427,0.0,8,"[2, 4, 6, 10, 8, 96, 108, 109]","[[534.81201171875, 441.4296875, 669.9124145507812, 799.7811889648438], [639.7450561523438, 447.2809753417969, 736.1900024414062, 752.0353393554688], [1074.3963623046875, 454.0269775390625, 1133.72265625, 592.2173461914062], [1260.0679931640625, 443.44476318359375, 1296.331298828125, 542.2896728515625], [739.5598754882812, 453.5758056640625, 828.2520751953125, 678.2874145507812], [515.7927856445312, 448.9460754394531, 596.9180297851562, 765.0579833984375], [676.2560424804688, 452.364501953125, 828.8350830078125, 679.0191650390625], [493.4339599609375, 455.7615661621094, 522.1788330078125, 516.2310180664062]]","[0.57666015625, 0.67236328125, 0.50390625, 0.43359375, 0.72509765625, 0.309814453125, 0.447509765625, 0.2607421875]","[[602.3622131347656, 799.7811889648438], [687.967529296875, 752.0353393554688], [1104.0595092773438, 592.2173461914062], [1278.1996459960938, 542.2896728515625], [783.9059753417969, 678.2874145507812], [556.3554077148438, 765.0579833984375], [752.5455627441406, 679.0191650390625], [507.806396484375, 516.2310180664062]]",425394176,410943488,425394176,640,yolo26s_int8_640_ncnn_model,MOT17-02
95,166.61657400004515,0.0,9,"[2, 4, 6, 10, 8, 96, 108, 109, 77]","[[533.0079345703125, 443.08685302734375, 668.2304077148438, 802.9183959960938], [640.4732055664062, 446.65777587890625, 737.3136596679688, 752.4644775390625], [1073.0057373046875, 453.0731201171875, 1132.95361328125, 591.61865234375], [1258.7943115234375, 443.6058044433594, 1295.274169921875, 543.0009765625], [740.5440673828125, 454.5322570800781, 829.4557495117188, 680.5548706054688], [515.1388549804688, 450.53485107421875, 592.0776977539062, 752.4930419921875], [681.3047485351562, 451.39178466796875, 836.834716796875, 683.335693359375], [492.7533264160156, 455.76617431640625, 521.4718627929688, 516.2096557617188], [1005.0487060546875, 449.09002685546875, 1037.2633056640625, 523.9418334960938]]","[0.6025390625, 0.62646484375, 0.43603515625, 0.453125, 0.68115234375, 0.300048828125, 0.4482421875, 0.25537109375, 0.26416015625]","[[600.6191711425781, 802.9183959960938], [688.8934326171875, 752.4644775390625], [1102.9796752929688, 591.61865234375], [1277.0342407226562, 543.0009765625], [784.9999084472656, 680.5548706054688], [553.6082763671875, 752.4930419921875], [759.0697326660156, 683.335693359375], [507.1125946044922, 516.2096557617188], [1021.156005859375, 523.9418334960938]]",425394176,410943488,425394176,640,yolo26s_int8_640_ncnn_model,MOT17-02
96,165.294109000115,0.0,7,"[2, 4, 6, 10, 8, 96, 108]","[[533.0476684570312, 442.77337646484375, 667.7650146484375, 803.0737915039062], [640.3696899414062, 445.4264831542969, 738.0463256835938, 754.5712280273438], [1073.6204833984375, 452.9628601074219, 1133.512451171875, 591.1495361328125], [1258.470703125, 444.15704345703125, 1294.73095703125, 542.773681640625], [742.1506958007812, 451.69659423828125, 831.4940795898438, 680.6668701171875], [514.1655883789062, 449.14471435546875, 593.4110107421875, 761.725341796875], [686.5228881835938, 445.1280517578125, 844.3749389648438, 683.08935546875]]","[0.58935546875, 0.6474609375, 0.408203125, 0.468017578125, 0.6689453125, 0.3251953125, 0.43017578125]","[[600.4063415527344, 803.0737915039062], [689.2080078125, 754.5712280273438], [1103.5664672851562, 591.1495361328125], [1276.600830078125, 542.773681640625], [786.8223876953125, 680.6668701171875], [553.7882995605469, 761.725341796875], [765.4489135742188, 683.08935546875]]",425394176,410943488,425394176,640,yolo26s_int8_640_ncnn_model,MOT17-02
97,166.44637000013063,0.0,8,"[2, 4, 6, 10, 8, 96, 108, 100]","[[532.1808471679688, 442.6725769042969, 667.4443969726562, 805.0272216796875], [642.9996948242188, 445.2052307128906, 740.0211181640625, 753.1228637695312], [1072.3843994140625, 449.953857421875, 1134.22021484375, 592.962158203125], [1258.2265625, 444.11175537109375, 1294.666748046875, 542.9337158203125], [743.11669921875, 451.3734130859375, 832.7567138671875, 682.9163818359375], [511.2060546875, 448.8927307128906, 592.0689086914062, 770.7109985351562], [688.76416015625, 451.2705383300781, 842.2477416992188, 683.9926147460938], [1853.1912841796875, 393.287353515625, 1918.608642578125, 658.5492553710938]]","[0.591796875, 0.6865234375, 0.363525390625, 0.5087890625, 0.67529296875, 0.328125, 0.424560546875, 0.2705078125]","[[599.8126220703125, 805.0272216796875], [691.5104064941406, 753.1228637695312], [1103.3023071289062, 592.962158203125], [1276.4466552734375, 542.9337158203125], [787.9367065429688, 682.9163818359375], [551.6374816894531, 770.7109985351562], [765.5059509277344, 683.9926147460938], [1885.8999633789062, 658.5492553710938]]",425394176,410943488,425394176,640,yolo26s_int8_640_ncnn_model,MOT17-02
98,164.5420339998509,0.0,10,"[2, 4, 6, 10, 8, 96, 108, 100, 81, 77]","[[531.3599243164062, 445.1082763671875, 665.8155517578125, 805.2158813476562], [643.7752075195312, 443.1443786621094, 740.9290771484375, 752.5316162109375], [1073.142578125, 449.815185546875, 1134.25048828125, 590.7097778320312], [1258.2359619140625, 444.5846862792969, 1294.560302734375, 542.4965209960938], [744.7688598632812, 449.55035400390625, 834.7619018554688, 682.5371704101562], [507.6090393066406, 448.06964111328125, 588.1476440429688, 770.9367065429688], [690.50341796875, 447.33740234375, 846.4488525390625, 686.3546142578125], [1853.8944091796875, 392.8223876953125, 1919.3145751953125, 657.7957153320312], [1305.4197998046875, 434.625, 1339.0216064453125, 540.3819580078125], [1004.7609252929688, 446.59722900390625, 1038.0599365234375, 524.14111328125]]","[0.6572265625, 0.6728515625, 0.328369140625, 0.5234375, 0.70068359375, 0.36572265625, 0.4482421875, 0.27001953125, 0.2822265625, 0.298583984375]","[[598.5877380371094, 805.2158813476562], [692.3521423339844, 752.5316162109375], [1103.696533203125, 590.7097778320312], [1276.3981323242188, 542.4965209960938], [789.765380859375, 682.5371704101562], [547.8783416748047, 770.9367065429688], [768.4761352539062, 686.3546142578125], [1886.6044921875, 657.7957153320312], [1322.220703125, 540.3819580078125], [1021.4104309082031, 524.14111328125]]",425394176,410943488,425394176,640,yolo26s_int8_640_ncnn_model,MOT17-02
99,163.0180140000448,0.0,9,"[2, 4, 6, 10, 8, 96, 108, 77, 9]","[[528.56201171875, 440.6245422363281, 666.6604614257812, 812.6231689453125], [645.7210083007812, 441.6309814453125, 743.0007934570312, 751.0510864257812], [1073.1292724609375, 448.54608154296875, 1134.588134765625, 590.0804443359375], [1257.576171875, 446.4996643066406, 1293.2122802734375, 542.5786743164062], [746.9459838867188, 451.5816650390625, 836.7927856445312, 685.5758056640625], [506.5393371582031, 447.51458740234375, 588.30029296875, 775.1459350585938], [693.4241333007812, 449.4852600097656, 845.492431640625, 684.6309814453125], [1004.798583984375, 447.0074462890625, 1038.1201171875, 524.43701171875], [935.45263671875, 440.2493591308594, 968.0276489257812, 516.7386474609375]]","[0.66259765625, 0.6748046875, 0.25439453125, 0.414794921875, 0.73388671875, 0.343505859375, 0.487548828125, 0.406005859375, 0.251220703125]","[[597.6112365722656, 812.6231689453125], [694.3609008789062, 751.0510864257812], [1103.8587036132812, 590.0804443359375], [1275.3942260742188, 542.5786743164062], [791.869384765625, 685.5758056640625], [547.4198150634766, 775.1459350585938], [769.4582824707031, 684.6309814453125], [1021.4593505859375, 524.43701171875], [951.7401428222656, 516.7386474609375]]",425394176,410943488,425394176,640,yolo26s_int8_640_ncnn_model,MOT17-02
100,163.96903400004703,0.0,10,"[2, 4, 6, 10, 8, 96, 108, 77, 9, 100]","[[533.6268920898438, 441.3874816894531, 668.6519165039062, 807.071533203125], [646.2469482421875, 440.08001708984375, 745.40283203125, 757.3905639648438], [1074.8287353515625, 452.0363464355469, 1134.9925537109375, 589.8524169921875], [1257.8035888671875, 447.21014404296875, 1293.2518310546875, 542.60986328125], [749.9251098632812, 453.36395263671875, 838.2317504882812, 684.7498779296875], [507.7462158203125, 447.5592956542969, 588.749755859375, 772.52294921875], [701.967529296875, 453.6300354003906, 848.6184692382812, 682.645751953125], [1004.6200561523438, 447.4048156738281, 1038.334228515625, 525.2857055664062], [935.644287109375, 439.4783020019531, 968.937744140625, 517.5471801757812], [1855.11962890625, 389.7169494628906, 1920.0, 658.0691528320312]]","[0.61083984375, 0.6708984375, 0.432373046875, 0.47412109375, 0.7158203125, 0.403076171875, 0.418212890625, 0.417724609375, 0.300048828125, 0.28955078125]","[[601.139404296875, 807.071533203125], [695.8248901367188, 757.3905639648438], [1104.91064453125, 589.8524169921875], [1275.5277099609375, 542.60986328125], [794.0784301757812, 684.7498779296875], [548.2479858398438, 772.52294921875], [775.2929992675781, 682.645751953125], [1021.4771423339844, 525.2857055664062], [952.291015625, 517.5471801757812], [1887.559814453125, 658.0691528320312]]",425394176,410943488,425394176,640,yolo26s_int8_640_ncnn_model,MOT17-02
101,165.06662699998742,0.0,8,"[2, 4, 6, 10, 8, 96, 77, 9]","[[536.1183471679688, 442.9532470703125, 668.9103393554688, 804.5416870117188], [648.9647216796875, 440.489501953125, 748.6168823242188, 759.7595825195312], [1074.379150390625, 451.89410400390625, 1135.25341796875, 591.2776489257812], [1257.300537109375, 447.2096862792969, 1292.8773193359375, 542.87109375], [753.273193359375, 455.2991027832031, 839.383544921875, 682.1790771484375], [507.9363708496094, 447.5902404785156, 589.2478637695312, 773.4198608398438], [1004.6359252929688, 447.06903076171875, 1038.3333740234375, 525.1118774414062], [935.9276733398438, 439.46771240234375, 969.0241088867188, 516.5811157226562]]","[0.58251953125, 0.69482421875, 0.42041015625, 0.431640625, 0.67724609375, 0.368408203125, 0.395263671875, 0.284912109375]","[[602.5143432617188, 804.5416870117188], [698.7908020019531, 759.7595825195312], [1104.8162841796875, 591.2776489257812], [1275.0889282226562, 542.87109375], [796.328369140625, 682.1790771484375], [548.5921173095703, 773.4198608398438], [1021.4846496582031, 525.1118774414062], [952.4758911132812, 516.5811157226562]]",425394176,410943488,425394176,640,yolo26s_int8_640_ncnn_model,MOT17-02
102,186.8699449998985,0.0,8,"[2, 4, 6, 10, 8, 96, 77, 9]","[[535.6776123046875, 437.36181640625, 669.3621826171875, 804.7745361328125], [652.4310302734375, 441.4068908691406, 752.2564697265625, 758.911376953125], [1072.6143798828125, 450.855712890625, 1133.97998046875, 590.8202514648438], [1256.267333984375, 447.4436950683594, 1291.61279296875, 542.7192993164062], [755.9258422851562, 455.7864685058594, 841.2589721679688, 681.4395141601562], [508.761962890625, 447.1180114746094, 589.6990356445312, 770.2611083984375], [1004.801513671875, 447.4425964355469, 1038.175048828125, 524.551025390625], [935.7545776367188, 440.2174072265625, 969.3250732421875, 518.453857421875]]","[0.53076171875, 0.66943359375, 0.416259765625, 0.458251953125, 0.66650390625, 0.347900390625, 0.52001953125, 0.358154296875]","[[602.5198974609375, 804.7745361328125], [702.34375, 758.911376953125], [1103.2971801757812, 590.8202514648438], [1273.9400634765625, 542.7192993164062], [798.5924072265625, 681.4395141601562], [549.2304992675781, 770.2611083984375], [1021.48828125, 524.551025390625], [952.5398254394531, 518.453857421875]]",425394176,410943488,425394176,640,yolo26s_int8_640_ncnn_model,MOT17-02
103,165.03881299991008,0.0,8,"[2, 4, 6, 10, 8, 96, 77, 9]","[[535.665283203125, 443.148193359375, 667.8739013671875, 804.8326416015625], [653.4204711914062, 440.04632568359375, 754.365234375, 759.2825927734375], [1071.6380615234375, 451.4560546875, 1132.8153076171875, 591.639404296875], [1255.95458984375, 448.2641296386719, 1291.0848388671875, 542.9099731445312], [755.9957885742188, 455.7166748046875, 843.7307739257812, 689.3662109375], [510.43292236328125, 446.9486083984375, 589.0381469726562, 758.1091918945312], [1004.9288940429688, 447.59381103515625, 1038.052001953125, 524.3370361328125], [935.964111328125, 440.00244140625, 969.1533813476562, 517.6611938476562]]","[0.64501953125, 0.6923828125, 0.3193359375, 0.410888671875, 0.6865234375, 0.268798828125, 0.5625, 0.32568359375]","[[601.7695922851562, 804.8326416015625], [703.8928527832031, 759.2825927734375], [1102.2266845703125, 591.639404296875], [1273.5197143554688, 542.9099731445312], [799.86328125, 689.3662109375], [549.7355346679688, 758.1091918945312], [1021.4904479980469, 524.3370361328125], [952.5587463378906, 517.6611938476562]]",425394176,410943488,425394176,640,yolo26s_int8_640_ncnn_model,MOT17-02
104,164.37823799992657,0.0,8,"[2, 4, 6, 10, 8, 77, 9, 100]","[[533.9151611328125, 440.94091796875, 665.5262451171875, 799.3484497070312], [659.2426147460938, 443.48681640625, 757.9812622070312, 751.5061645507812], [1071.538818359375, 450.4537048339844, 1133.1063232421875, 591.2113037109375], [1254.58251953125, 447.5598449707031, 1290.1773681640625, 542.9808959960938], [757.6488037109375, 456.4224853515625, 842.9276123046875, 684.715087890625], [1004.6392211914062, 447.1598815917969, 1038.344482421875, 525.7470092773438], [936.1329345703125, 439.41998291015625, 968.9866333007812, 515.8505249023438], [1854.5479736328125, 392.2106018066406, 1919.77685546875, 657.4036254882812]]","[0.68212890625, 0.69921875, 0.3935546875, 0.40966796875, 0.728515625, 0.49462890625, 0.301025390625, 0.302490234375]","[[599.720703125, 799.3484497070312], [708.6119384765625, 751.5061645507812], [1102.3225708007812, 591.2113037109375], [1272.3799438476562, 542.9808959960938], [800.2882080078125, 684.715087890625], [1021.4918518066406, 525.7470092773438], [952.5597839355469, 515.8505249023438], [1887.1624145507812, 657.4036254882812]]",425394176,410943488,425394176,640,yolo26s_int8_640_ncnn_model,MOT17-02
105,163.9189410000199,0.0,8,"[2, 4, 6, 10, 8, 77, 9, 116]","[[533.4318237304688, 439.3724365234375, 664.94482421875, 798.007080078125], [658.8804321289062, 441.8235778808594, 760.8009033203125, 758.4948120117188], [1075.6844482421875, 452.3050537109375, 1135.97265625, 590.8033447265625], [1253.5386962890625, 447.7804870605469, 1288.415283203125, 541.5183715820312], [758.1229858398438, 456.4436950683594, 843.5748901367188, 686.0900268554688], [1004.765869140625, 447.00146484375, 1038.2197265625, 525.29248046875], [936.1132202148438, 439.9527282714844, 968.99658203125, 516.4176025390625], [491.62353515625, 457.5, 537.2265014648438, 592.7999877929688]]","[0.7314453125, 0.7470703125, 0.351806640625, 0.37646484375, 0.68017578125, 0.439453125, 0.35498046875, 0.4189453125]","[[599.1883239746094, 798.007080078125], [709.8406677246094, 758.4948120117188], [1105.8285522460938, 590.8033447265625], [1270.9769897460938, 541.5183715820312], [800.8489379882812, 686.0900268554688], [1021.4927978515625, 525.29248046875], [952.5549011230469, 516.4176025390625], [514.4250183105469, 592.7999877929688]]",425394176,410943488,425394176,640,yolo26s_int8_640_ncnn_model,MOT17-02
106,163.91134900004545,0.0,8,"[2, 4, 6, 10, 8, 77, 9, 116]","[[532.5054931640625, 435.82354736328125, 666.4586791992188, 800.4747314453125], [659.8758544921875, 441.2182312011719, 763.5747680664062, 761.0401000976562], [1075.650390625, 452.7691650390625, 1135.7008056640625, 590.9002075195312], [1252.9547119140625, 447.85125732421875, 1287.9788818359375, 541.96240234375], [758.8494873046875, 456.4467468261719, 845.1365966796875, 688.5693359375], [1004.848388671875, 446.9473571777344, 1038.1390380859375, 525.11328125], [935.8779296875, 439.6537170410156, 969.220947265625, 517.1295776367188], [491.9973449707031, 458.3633728027344, 536.9677734375, 591.7064208984375]]","[0.720703125, 0.7451171875, 0.4072265625, 0.456298828125, 0.65478515625, 0.41552734375, 0.404052734375, 0.375732421875]","[[599.4820861816406, 800.4747314453125], [711.7253112792969, 761.0401000976562], [1105.6755981445312, 590.9002075195312], [1270.466796875, 541.96240234375], [801.9930419921875, 688.5693359375], [1021.4937133789062, 525.11328125], [952.5494384765625, 517.1295776367188], [514.4825592041016, 591.7064208984375]]",425394176,410943488,425394176,640,yolo26s_int8_640_ncnn_model,MOT17-02
107,163.84342199989987,0.0,8,"[2, 4, 6, 10, 8, 77, 9, 116]","[[532.2180786132812, 434.0157165527344, 669.4271850585938, 805.831787109375], [663.497802734375, 442.47052001953125, 766.1742553710938, 757.5567016601562], [1074.25830078125, 452.44476318359375, 1134.977783203125, 591.4367065429688], [1252.4420166015625, 448.1170959472656, 1287.1575927734375, 541.8821411132812], [760.151611328125, 456.4430236816406, 847.5445556640625, 691.4611206054688], [1005.0882568359375, 446.9327392578125, 1037.9007568359375, 524.054443359375], [935.6065063476562, 439.2943115234375, 969.4820556640625, 517.6436767578125], [496.41259765625, 470.683837890625, 536.6988525390625, 589.8704223632812]]","[0.6953125, 0.7529296875, 0.41357421875, 0.378662109375, 0.73095703125, 0.32421875, 0.4189453125, 0.29296875]","[[600.8226318359375, 805.831787109375], [714.8360290527344, 757.5567016601562], [1104.6180419921875, 591.4367065429688], [1269.7998046875, 541.8821411132812], [803.8480834960938, 691.4611206054688], [1021.4945068359375, 524.054443359375], [952.5442810058594, 517.6436767578125], [516.5557250976562, 589.8704223632812]]",425394176,410943488,425394176,640,yolo26s_int8_640_ncnn_model,MOT17-02
108,164.25610800001778,0.0,8,"[2, 4, 6, 10, 8, 77, 9, 116]","[[532.51708984375, 432.3756408691406, 672.1060180664062, 809.8209228515625], [664.7152099609375, 441.7191162109375, 766.6758422851562, 754.4406127929688], [1074.4715576171875, 451.5787353515625, 1135.9427490234375, 592.3827514648438], [1252.7271728515625, 446.7137451171875, 1287.41162109375, 541.3568115234375], [760.3394775390625, 451.762939453125, 849.637451171875, 693.2725219726562], [1005.3314208984375, 449.420654296875, 1037.658935546875, 525.1453857421875], [935.9110717773438, 439.4065246582031, 970.15576171875, 518.5768432617188], [495.5776672363281, 465.4145812988281, 536.9898681640625, 587.5762939453125]]","[0.72216796875, 0.71630859375, 0.4169921875, 0.404541015625, 0.69921875, 0.29052734375, 0.362548828125, 0.337158203125]","[[602.3115539550781, 809.8209228515625], [715.6955261230469, 754.4406127929688], [1105.2071533203125, 592.3827514648438], [1270.0693969726562, 541.3568115234375], [804.9884643554688, 693.2725219726562], [1021.4951782226562, 525.1453857421875], [953.0334167480469, 518.5768432617188], [516.2837677001953, 587.5762939453125]]",425394176,410943488,425394176,640,yolo26s_int8_640_ncnn_model,MOT17-02
109,165.53988800001207,0.0,7,"[2, 4, 6, 10, 8, 77, 9]","[[534.5709838867188, 435.7035217285156, 672.1585693359375, 805.4353637695312], [665.1901245117188, 443.42822265625, 767.692138671875, 755.2450561523438], [1074.638427734375, 451.7452697753906, 1136.2181396484375, 592.2462158203125], [1252.046875, 447.9152526855469, 1286.350830078125, 541.4107666015625], [760.6135864257812, 449.4981994628906, 851.1082763671875, 695.39697265625], [1005.0863647460938, 449.10980224609375, 1037.9052734375, 525.8084106445312], [936.1178588867188, 438.95831298828125, 971.3010864257812, 520.4060668945312]]","[0.74853515625, 0.74951171875, 0.458740234375, 0.443603515625, 0.7080078125, 0.43603515625, 0.389404296875]","[[603.3647766113281, 805.4353637695312], [716.4411315917969, 755.2450561523438], [1105.4282836914062, 592.2462158203125], [1269.1988525390625, 541.4107666015625], [805.8609313964844, 695.39697265625], [1021.4958190917969, 525.8084106445312], [953.70947265625, 520.4060668945312]]",425394176,410943488,425394176,640,yolo26s_int8_640_ncnn_model,MOT17-02
110,164.0504410001995,0.0,6,"[2, 4, 6, 10, 8, 9]","[[536.4918823242188, 435.0511474609375, 674.992919921875, 805.6719970703125], [665.1197509765625, 442.3362121582031, 767.68896484375, 754.3031005859375], [1075.1768798828125, 448.3460388183594, 1137.822021484375, 591.695068359375], [1251.8406982421875, 448.61749267578125, 1285.9390869140625, 541.1871948242188], [760.3151245117188, 451.5720520019531, 850.0113525390625, 695.2014770507812], [935.6774291992188, 438.7904968261719, 971.2672119140625, 521.0906982421875]]","[0.6728515625, 0.74560546875, 0.34228515625, 0.5107421875, 0.69921875, 0.390869140625]","[[605.7424011230469, 805.6719970703125], [716.4043579101562, 754.3031005859375], [1106.4994506835938, 591.695068359375], [1268.889892578125, 541.1871948242188], [805.1632385253906, 695.2014770507812], [953.4723205566406, 521.0906982421875]]",425394176,410943488,425394176,640,yolo26s_int8_640_ncnn_model,MOT17-02
111,171.23706000006678,0.0,7,"[2, 4, 6, 10, 8, 9, 77]","[[536.6585693359375, 432.60137939453125, 679.5383911132812, 814.8856811523438], [665.47412109375, 442.420166015625, 769.1636962890625, 757.4156494140625], [1075.681396484375, 449.5298156738281, 1138.1142578125, 592.9598999023438], [1251.1259765625, 448.3730773925781, 1285.4658203125, 541.6067504882812], [760.7368774414062, 453.88092041015625, 848.91796875, 694.582763671875], [936.1241455078125, 438.2388916015625, 971.604248046875, 519.8678588867188], [1006.329345703125, 454.8172607421875, 1036.662841796875, 524.9317626953125]]","[0.6640625, 0.74267578125, 0.43310546875, 0.48583984375, 0.6484375, 0.3642578125, 0.31396484375]","[[608.0984802246094, 814.8856811523438], [717.3189086914062, 757.4156494140625], [1106.8978271484375, 592.9598999023438], [1268.2958984375, 541.6067504882812], [804.8274230957031, 694.582763671875], [953.8641967773438, 519.8678588867188], [1021.49609375, 524.9317626953125]]",425394176,410943488,425394176,640,yolo26s_int8_640_ncnn_model,MOT17-02
112,163.71755199998006,0.0,7,"[2, 4, 6, 10, 8, 9, 77]","[[541.0921020507812, 438.5358581542969, 679.7689819335938, 809.5322875976562], [667.5350341796875, 442.7010803222656, 771.6363525390625, 759.3245239257812], [1077.2135009765625, 449.5074768066406, 1138.8448486328125, 591.964111328125], [1250.3150634765625, 449.0184631347656, 1284.87646484375, 542.0140991210938], [759.9131469726562, 452.5389404296875, 850.37939453125, 702.4837646484375], [936.2503662109375, 437.5372314453125, 971.7674560546875, 518.88623046875], [1006.1878662109375, 455.852783203125, 1036.806640625, 526.0283813476562]]","[0.51513671875, 0.66259765625, 0.287841796875, 0.4921875, 0.6494140625, 0.432373046875, 0.38232421875]","[[610.4305419921875, 809.5322875976562], [719.585693359375, 759.3245239257812], [1108.0291748046875, 591.964111328125], [1267.5957641601562, 542.0140991210938], [805.1462707519531, 702.4837646484375], [954.0089111328125, 518.88623046875], [1021.4972534179688, 526.0283813476562]]",425394176,410943488,425394176,640,yolo26s_int8_640_ncnn_model,MOT17-02
113,162.90112599995155,0.0,7,"[2, 4, 6, 10, 8, 9, 77]","[[540.4774169921875, 440.1521301269531, 679.1292724609375, 809.1005859375], [668.8682861328125, 443.5506896972656, 773.8868408203125, 764.233642578125], [1077.99951171875, 449.0135498046875, 1138.8992919921875, 590.094482421875], [1248.995361328125, 449.0056457519531, 1283.720703125, 541.4242553710938], [762.6235961914062, 454.96356201171875, 848.8353881835938, 694.6862182617188], [935.98095703125, 437.7721252441406, 971.1456298828125, 518.012451171875], [1005.7672119140625, 456.4432678222656, 1036.2200927734375, 525.1243286132812]]","[0.712890625, 0.6982421875, 0.28466796875, 0.5283203125, 0.6259765625, 0.432373046875, 0.28955078125]","[[609.8033447265625, 809.1005859375], [721.3775634765625, 764.233642578125], [1108.4494018554688, 590.094482421875], [1266.3580322265625, 541.4242553710938], [805.7294921875, 694.6862182617188], [953.5632934570312, 518.012451171875], [1020.99365234375, 525.1243286132812]]",425394176,410943488,425394176,640,yolo26s_int8_640_ncnn_model,MOT17-02
114,165.50703600000816,0.0,7,"[2, 4, 6, 10, 8, 9, 100]","[[539.2909545898438, 439.5125427246094, 678.793701171875, 809.1636352539062], [669.5628051757812, 444.3643493652344, 774.4398803710938, 767.5458374023438], [1078.2645263671875, 449.0846252441406, 1138.9259033203125, 590.1345825195312], [1248.0911865234375, 447.7463684082031, 1282.741455078125, 540.4559326171875], [762.3201293945312, 453.93255615234375, 848.4765014648438, 695.5119018554688], [936.0247802734375, 437.62115478515625, 971.7447509765625, 518.9188842773438], [1854.0653076171875, 394.7959289550781, 1919.203369140625, 658.0951538085938]]","[0.54248046875, 0.7060546875, 0.3603515625, 0.455810546875, 0.6728515625, 0.41650390625, 0.361083984375]","[[609.0423278808594, 809.1636352539062], [722.0013427734375, 767.5458374023438], [1108.59521484375, 590.1345825195312], [1265.4163208007812, 540.4559326171875], [805.3983154296875, 695.5119018554688], [953.884765625, 518.9188842773438], [1886.6343383789062, 658.0951538085938]]",425394176,410943488,425394176,640,yolo26s_int8_640_ncnn_model,MOT17-02
115,163.55588600004012,0.0,6,"[2, 4, 10, 8, 9, 100]","[[540.7374877929688, 439.7640686035156, 680.6839599609375, 810.651123046875], [669.3816528320312, 441.716552734375, 772.5158081054688, 761.8746948242188], [1247.500244140625, 449.75079345703125, 1281.679931640625, 540.5933837890625], [762.748046875, 452.3171081542969, 848.744873046875, 695.05810546875], [936.3650512695312, 437.81597900390625, 971.6382446289062, 518.02392578125], [1854.709228515625, 395.1629638671875, 1919.040283203125, 654.7487182617188]]","[0.60498046875, 0.71142578125, 0.50830078125, 0.70263671875, 0.430908203125, 0.323974609375]","[[610.7107238769531, 810.651123046875], [720.94873046875, 761.8746948242188], [1264.590087890625, 540.5933837890625], [805.7464599609375, 695.05810546875], [954.0016479492188, 518.02392578125], [1886.874755859375, 654.7487182617188]]",425394176,410943488,425394176,640,yolo26s_int8_640_ncnn_model,MOT17-02
116,163.21358899995175,0.0,7,"[2, 4, 10, 8, 9, 100, 6]","[[537.7019653320312, 438.62066650390625, 678.9946899414062, 809.4594116210938], [670.1805419921875, 443.9205322265625, 773.7610473632812, 767.3380737304688], [1246.6461181640625, 448.25421142578125, 1280.96728515625, 539.9022827148438], [765.5420532226562, 449.97930908203125, 852.0795288085938, 694.6168212890625], [936.3175659179688, 438.14617919921875, 971.7642822265625, 518.4221801757812], [1854.412353515625, 392.77813720703125, 1919.493408203125, 656.1631469726562], [1078.732421875, 449.41607666015625, 1138.5845947265625, 588.6853637695312]]","[0.76171875, 0.716796875, 0.50341796875, 0.7470703125, 0.400634765625, 0.258544921875, 0.32177734375]","[[608.3483276367188, 809.4594116210938], [721.9707946777344, 767.3380737304688], [1263.8067016601562, 539.9022827148438], [808.810791015625, 694.6168212890625], [954.0409240722656, 518.4221801757812], [1886.952880859375, 656.1631469726562], [1108.6585083007812, 588.6853637695312]]",425394176,410943488,425394176,640,yolo26s_int8_640_ncnn_model,MOT17-02
117,162.8861809999762,0.0,6,"[2, 4, 10, 8, 9, 6]","[[538.2447509765625, 442.64324951171875, 679.5805053710938, 809.4784545898438], [670.174560546875, 442.778564453125, 772.9778442382812, 765.4238891601562], [1246.0206298828125, 450.1761779785156, 1280.0633544921875, 541.1403198242188], [768.005859375, 451.81390380859375, 853.8515625, 694.6782836914062], [936.6981201171875, 438.0259094238281, 972.3959350585938, 518.8187866210938], [1077.861328125, 445.1894836425781, 1139.40234375, 589.6509399414062]]","[0.7880859375, 0.716796875, 0.54150390625, 0.708984375, 0.365234375, 0.370361328125]","[[608.9126281738281, 809.4784545898438], [721.5762023925781, 765.4238891601562], [1263.0419921875, 541.1403198242188], [810.9287109375, 694.6782836914062], [954.5470275878906, 518.8187866210938], [1108.6318359375, 589.6509399414062]]",425394176,410943488,425394176,640,yolo26s_int8_640_ncnn_model,MOT17-02
118,163.59445900002356,0.0,7,"[2, 4, 10, 8, 9, 6, 100]","[[532.7849731445312, 441.4317626953125, 678.967041015625, 816.1824340820312], [670.2725830078125, 441.8448181152344, 772.4840087890625, 767.1256103515625], [1245.007568359375, 451.646728515625, 1278.5631103515625, 541.865478515625], [768.5891723632812, 453.5228576660156, 854.7968139648438, 697.6585693359375], [936.8240966796875, 437.7359924316406, 973.6312866210938, 521.1903686523438], [1077.712890625, 443.23590087890625, 1139.5321044921875, 589.4945678710938], [1854.331298828125, 393.4947509765625, 1919.642578125, 657.3629150390625]]","[0.7578125, 0.69091796875, 0.51220703125, 0.72705078125, 0.44091796875, 0.391357421875, 0.360595703125]","[[605.8760070800781, 816.1824340820312], [721.3782958984375, 767.1256103515625], [1261.7853393554688, 541.865478515625], [811.6929931640625, 697.6585693359375], [955.2276916503906, 521.1903686523438], [1108.6224975585938, 589.4945678710938], [1886.9869384765625, 657.3629150390625]]",425394176,410943488,425394176,640,yolo26s_int8_640_ncnn_model,MOT17-02
119,181.78588599994328,0.0,7,"[2, 4, 10, 8, 9, 6, 100]","[[532.2269897460938, 441.4637145996094, 681.675537109375, 822.103271484375], [671.6952514648438, 442.23358154296875, 774.787353515625, 772.9178466796875], [1242.5174560546875, 449.1925964355469, 1276.176513671875, 540.142578125], [770.2919311523438, 452.44171142578125, 857.5422973632812, 699.5054321289062], [937.2708740234375, 437.87347412109375, 973.6873779296875, 519.8799438476562], [1080.4080810546875, 447.6664123535156, 1138.777587890625, 586.2482299804688], [1854.232421875, 392.9088134765625, 1919.75830078125, 657.39013671875]]","[0.779296875, 0.72265625, 0.44921875, 0.69970703125, 0.43017578125, 0.427978515625, 0.3671875]","[[606.9512634277344, 822.103271484375], [723.2413024902344, 772.9178466796875], [1259.3469848632812, 540.142578125], [813.9171142578125, 699.5054321289062], [955.4791259765625, 519.8799438476562], [1109.5928344726562, 586.2482299804688], [1886.995361328125, 657.39013671875]]",425394176,410943488,425394176,640,yolo26s_int8_640_ncnn_model,MOT17-02
120,164.7676649999994,0.0,7,"[2, 4, 10, 8, 9, 6, 100]","[[533.388427734375, 442.4510803222656, 683.7879638671875, 823.3378295898438], [672.4224853515625, 443.8572692871094, 775.41162109375, 777.5360717773438], [1242.00439453125, 450.99530029296875, 1274.927734375, 540.7408447265625], [771.9092407226562, 453.756103515625, 860.4834594726562, 702.3958740234375], [937.0960693359375, 438.1802062988281, 974.036376953125, 521.08837890625], [1080.52734375, 449.4316711425781, 1137.3724365234375, 584.9964599609375], [1854.2828369140625, 394.1926574707031, 1919.714111328125, 657.8959350585938]]","[0.787109375, 0.7021484375, 0.373779296875, 0.65283203125, 0.393798828125, 0.3564453125, 0.38427734375]","[[608.5881958007812, 823.3378295898438], [723.9170532226562, 777.5360717773438], [1258.466064453125, 540.7408447265625], [816.1963500976562, 702.3958740234375], [955.5662231445312, 521.08837890625], [1108.9498901367188, 584.9964599609375], [1886.9984741210938, 657.8959350585938]]",425394176,410943488,425394176,640,yolo26s_int8_640_ncnn_model,MOT17-02
121,166.19447999983095,0.0,7,"[2, 4, 10, 8, 9, 6, 100]","[[538.0333251953125, 444.05523681640625, 689.265869140625, 827.4439086914062], [673.2958984375, 444.4806823730469, 774.9804077148438, 777.2848510742188], [1241.5762939453125, 451.9237365722656, 1273.774169921875, 540.7245483398438], [771.7418212890625, 454.5069580078125, 860.32421875, 701.2501831054688], [936.884521484375, 437.3117370605469, 974.300048828125, 520.5492553710938], [1081.021728515625, 453.0934753417969, 1136.3917236328125, 585.5624389648438], [1854.12841796875, 392.9371032714844, 1919.8707275390625, 657.8349609375]]","[0.68115234375, 0.71240234375, 0.3857421875, 0.60693359375, 0.379150390625, 0.3525390625, 0.32666015625]","[[613.6495971679688, 827.4439086914062], [724.1381530761719, 777.2848510742188], [1257.6752319335938, 540.7245483398438], [816.0330200195312, 701.2501831054688], [955.59228515625, 520.5492553710938], [1108.7067260742188, 585.5624389648438], [1886.9995727539062, 657.8349609375]]",425394176,410943488,425394176,640,yolo26s_int8_640_ncnn_model,MOT17-02
122,164.06340499997896,0.0,7,"[2, 4, 10, 8, 9, 6, 100]","[[542.337890625, 447.11553955078125, 693.2020874023438, 830.4188232421875], [675.5070190429688, 442.98712158203125, 776.809326171875, 776.8731079101562], [1239.3311767578125, 453.00823974609375, 1271.505615234375, 541.9701538085938], [773.2334594726562, 454.79132080078125, 863.5496826171875, 702.7525634765625], [937.5307006835938, 437.22918701171875, 976.6167602539062, 524.0318603515625], [1080.1007080078125, 455.1985778808594, 1136.1116943359375, 589.068359375], [1853.949462890625, 390.4823303222656, 1920.0, 657.8084106445312]]","[0.7109375, 0.69970703125, 0.3564453125, 0.5576171875, 0.41162109375, 0.4189453125, 0.33203125]","[[617.7699890136719, 830.4188232421875], [726.1581726074219, 776.8731079101562], [1255.4183959960938, 541.9701538085938], [818.3915710449219, 702.7525634765625], [957.07373046875, 524.0318603515625], [1108.106201171875, 589.068359375], [1886.9747314453125, 657.8084106445312]]",425394176,410943488,425394176,640,yolo26s_int8_640_ncnn_model,MOT17-02
123,164.00442300005125,0.0,7,"[2, 4, 10, 8, 9, 6, 100]","[[541.5477294921875, 444.8075256347656, 693.607666015625, 830.984619140625], [675.6123046875, 444.14263916015625, 778.6615600585938, 785.7858276367188], [1238.09326171875, 453.1496276855469, 1270.1376953125, 541.6879272460938], [775.3966064453125, 455.3876953125, 867.0279541015625, 702.796630859375], [938.361572265625, 439.3866882324219, 976.8890991210938, 525.09130859375], [1081.1646728515625, 457.4469299316406, 1136.59375, 589.8623046875], [1855.368896484375, 392.2759094238281, 1920.0, 657.0545654296875]]","[0.75732421875, 0.67333984375, 0.421142578125, 0.607421875, 0.46630859375, 0.3876953125, 0.265380859375]","[[617.5776977539062, 830.984619140625], [727.1369323730469, 785.7858276367188], [1254.115478515625, 541.6879272460938], [821.2122802734375, 702.796630859375], [957.6253356933594, 525.09130859375], [1108.8792114257812, 589.8623046875], [1887.6844482421875, 657.0545654296875]]",425394176,410943488,425394176,640,yolo26s_int8_640_ncnn_model,MOT17-02
124,164.01283000004696,0.0,8,"[2, 4, 10, 8, 9, 6, 100, 125]","[[540.6199340820312, 443.4197998046875, 694.3106079101562, 832.6079711914062], [678.921630859375, 440.9092102050781, 779.4560546875, 778.0989379882812], [1237.01513671875, 456.92254638671875, 1268.3299560546875, 542.82421875], [779.6488037109375, 457.0929870605469, 872.7310791015625, 705.254150390625], [939.0939331054688, 437.5267028808594, 977.54443359375, 523.2594604492188], [1081.0677490234375, 458.0150451660156, 1136.26904296875, 589.4096069335938], [1855.8131103515625, 392.22747802734375, 1920.0, 657.5097045898438], [830.8182983398438, 447.9750061035156, 881.2816772460938, 566.0250244140625]]","[0.681640625, 0.68017578125, 0.43798828125, 0.6572265625, 0.374755859375, 0.423828125, 0.2958984375, 0.3349609375]","[[617.4652709960938, 832.6079711914062], [729.1888427734375, 778.0989379882812], [1252.6725463867188, 542.82421875], [826.18994140625, 705.254150390625], [958.3191833496094, 523.2594604492188], [1108.6683959960938, 589.4096069335938], [1887.9065551757812, 657.5097045898438], [856.0499877929688, 566.0250244140625]]",425394176,410943488,425394176,640,yolo26s_int8_640_ncnn_model,MOT17-02
125,164.5959979998679,0.0,7,"[2, 4, 10, 8, 9, 6, 125]","[[542.2847900390625, 442.87969970703125, 696.917236328125, 833.1586303710938], [680.0149536132812, 439.6517639160156, 781.3424682617188, 782.9413452148438], [1234.7918701171875, 457.82037353515625, 1266.550537109375, 543.7536010742188], [783.5989379882812, 458.9643249511719, 876.380859375, 703.9287719726562], [942.599853515625, 437.3141174316406, 981.4397583007812, 525.0130615234375], [1080.8067626953125, 457.9429931640625, 1136.3634033203125, 590.48779296875], [831.9541625976562, 448.3809814453125, 882.001708984375, 565.6190185546875]]","[0.7314453125, 0.67626953125, 0.421630859375, 0.66162109375, 0.280029296875, 0.298828125, 0.322265625]","[[619.6010131835938, 833.1586303710938], [730.6787109375, 782.9413452148438], [1250.6712036132812, 543.7536010742188], [829.9898986816406, 703.9287719726562], [962.0198059082031, 525.0130615234375], [1108.5850830078125, 590.48779296875], [856.9779357910156, 565.6190185546875]]",425394176,410943488,425394176,640,yolo26s_int8_640_ncnn_model,MOT17-02
126,164.89596099995651,0.0,7,"[2, 4, 10, 8, 9, 6, 100]","[[545.0181884765625, 442.9136047363281, 699.1922607421875, 833.05322265625], [681.2388916015625, 438.20733642578125, 782.151611328125, 783.739990234375], [1232.0821533203125, 456.1258850097656, 1264.87353515625, 544.0873413085938], [783.8141479492188, 456.17889404296875, 877.8991088867188, 702.8872680664062], [944.0548706054688, 437.7255554199219, 983.7268676757812, 528.1079711914062], [1081.6771240234375, 455.1559753417969, 1137.4136962890625, 588.6486206054688], [1854.823974609375, 392.8045654296875, 1919.8995361328125, 658.28369140625]]","[0.7080078125, 0.67919921875, 0.4697265625, 0.66259765625, 0.294921875, 0.38330078125, 0.268798828125]","[[622.105224609375, 833.05322265625], [731.6952514648438, 783.739990234375], [1248.4778442382812, 544.0873413085938], [830.8566284179688, 702.8872680664062], [963.890869140625, 528.1079711914062], [1109.54541015625, 588.6486206054688], [1887.3617553710938, 658.28369140625]]",425394176,410943488,425394176,640,yolo26s_int8_640_ncnn_model,MOT17-02
127,164.5091649997994,0.0,7,"[2, 4, 10, 8, 9, 6, 100]","[[548.3606567382812, 443.16925048828125, 702.6105346679688, 829.7402954101562], [685.5362548828125, 441.8454284667969, 781.0023803710938, 768.0137329101562], [1228.341552734375, 453.0062255859375, 1263.1103515625, 544.6973876953125], [784.8602294921875, 457.1022644042969, 879.3453369140625, 704.4545288085938], [945.2185668945312, 438.6153259277344, 983.949951171875, 527.5756225585938], [1078.812744140625, 456.8107604980469, 1135.04248046875, 592.1675415039062], [1854.6624755859375, 392.6983337402344, 1919.57421875, 657.6871337890625]]","[0.71875, 0.658203125, 0.5732421875, 0.65576171875, 0.287109375, 0.298095703125, 0.303955078125]","[[625.485595703125, 829.7402954101562], [733.2693176269531, 768.0137329101562], [1245.7259521484375, 544.6973876953125], [832.102783203125, 704.4545288085938], [964.5842590332031, 527.5756225585938], [1106.9276123046875, 592.1675415039062], [1887.1183471679688, 657.6871337890625]]",425394176,410943488,425394176,640,yolo26s_int8_640_ncnn_model,MOT17-02
128,180.72947700011355,0.0,7,"[2, 4, 10, 8, 6, 100, 125]","[[554.548583984375, 441.7745361328125, 709.3045654296875, 827.9276733398438], [686.1414184570312, 436.9787292480469, 785.012451171875, 776.2041015625], [1225.67138671875, 451.3284606933594, 1261.82861328125, 545.4078979492188], [787.1043701171875, 459.4243469238281, 881.855224609375, 707.9959716796875], [1077.8204345703125, 458.16278076171875, 1134.0556640625, 593.73876953125], [1854.6890869140625, 394.4004821777344, 1919.375, 657.7235717773438], [834.9631958007812, 444.6280517578125, 886.7086181640625, 566.5528564453125]]","[0.68017578125, 0.69384765625, 0.50830078125, 0.6806640625, 0.3720703125, 0.323974609375, 0.3076171875]","[[631.9265747070312, 827.9276733398438], [735.5769348144531, 776.2041015625], [1243.75, 545.4078979492188], [834.4797973632812, 707.9959716796875], [1105.9380493164062, 593.73876953125], [1887.0320434570312, 657.7235717773438], [860.8359069824219, 566.5528564453125]]",425394176,410943488,425394176,640,yolo26s_int8_640_ncnn_model,MOT17-02
129,164.04371900011938,0.0,6,"[2, 4, 10, 8, 100, 9]","[[556.4412231445312, 445.95172119140625, 713.1351318359375, 837.3651123046875], [684.8961181640625, 435.24322509765625, 783.4701538085938, 777.1691284179688], [1224.3671875, 451.8959655761719, 1260.7415771484375, 544.4512329101562], [787.536376953125, 458.06884765625, 883.0833129882812, 709.55712890625], [1854.5003662109375, 393.2956237792969, 1919.5009765625, 657.4891967773438], [949.4340209960938, 440.55169677734375, 986.1705932617188, 525.792724609375]]","[0.724609375, 0.68701171875, 0.44140625, 0.69189453125, 0.333251953125, 0.30908203125]","[[634.7881774902344, 837.3651123046875], [734.1831359863281, 777.1691284179688], [1242.5543823242188, 544.4512329101562], [835.3098449707031, 709.55712890625], [1887.0006713867188, 657.4891967773438], [967.8023071289062, 525.792724609375]]",425394176,410943488,425394176,640,yolo26s_int8_640_ncnn_model,MOT17-02
130,164.14664500007348,0.0,7,"[2, 4, 10, 8, 100, 9, 6]","[[561.8582153320312, 448.2596740722656, 717.6197509765625, 839.1622924804688], [685.9686889648438, 434.1053161621094, 783.6727294921875, 776.0399780273438], [1223.2794189453125, 452.616455078125, 1260.062255859375, 544.556640625], [789.2617797851562, 457.78741455078125, 884.8089599609375, 710.8529052734375], [1854.4300537109375, 392.6275329589844, 1919.5499267578125, 657.6497192382812], [950.4267578125, 441.0133361816406, 986.4105224609375, 525.2681274414062], [1078.466552734375, 462.2663879394531, 1132.5164794921875, 593.2870483398438]]","[0.7529296875, 0.646484375, 0.444091796875, 0.705078125, 0.298583984375, 0.342529296875, 0.320068359375]","[[639.7389831542969, 839.1622924804688], [734.8207092285156, 776.0399780273438], [1241.6708374023438, 544.556640625], [837.0353698730469, 710.8529052734375], [1886.989990234375, 657.6497192382812], [968.4186401367188, 525.2681274414062], [1105.4915161132812, 593.2870483398438]]",425394176,410943488,425394176,640,yolo26s_int8_640_ncnn_model,MOT17-02
131,165.19242499998654,0.0,5,"[2, 4, 10, 8, 9]","[[562.0198974609375, 443.932373046875, 718.1022338867188, 838.0512084960938], [688.0734252929688, 434.1930847167969, 785.4309692382812, 777.0662841796875], [1223.291015625, 451.1546936035156, 1261.4766845703125, 545.331298828125], [791.5066528320312, 458.4094543457031, 885.713623046875, 709.5829467773438], [951.0326538085938, 440.4134826660156, 987.2095336914062, 525.8416137695312]]","[0.759765625, 0.708984375, 0.442138671875, 0.75244140625, 0.324951171875]","[[640.0610656738281, 838.0512084960938], [736.752197265625, 777.0662841796875], [1242.3838500976562, 545.331298828125], [838.6101379394531, 709.5829467773438], [969.12109375, 525.8416137695312]]",425394176,410943488,425394176,640,yolo26s_int8_640_ncnn_model,MOT17-02
132,164.87466499984293,0.0,7,"[2, 4, 10, 8, 9, 77, 6]","[[564.636962890625, 440.06195068359375, 720.495361328125, 836.8367309570312], [688.9865112304688, 434.00653076171875, 785.9077758789062, 779.6603393554688], [1222.990478515625, 449.13873291015625, 1262.384765625, 545.1250610351562], [792.7034301757812, 459.6285705566406, 885.5684814453125, 708.0648803710938], [952.7561645507812, 440.4293212890625, 987.9320068359375, 524.8123779296875], [1006.3865966796875, 451.6012268066406, 1039.5587158203125, 526.5419311523438], [1079.747314453125, 464.13677978515625, 1133.4320068359375, 593.4588623046875]]","[0.78759765625, 0.68896484375, 0.388427734375, 0.7451171875, 0.259033203125, 0.30908203125, 0.2705078125]","[[642.566162109375, 836.8367309570312], [737.4471435546875, 779.6603393554688], [1242.6876220703125, 545.1250610351562], [839.1359558105469, 708.0648803710938], [970.3440856933594, 524.8123779296875], [1022.97265625, 526.5419311523438], [1106.5896606445312, 593.4588623046875]]",425394176,410943488,425394176,640,yolo26s_int8_640_ncnn_model,MOT17-02
133,164.02670200000102,0.0,6,"[2, 4, 10, 8, 9, 100]","[[563.995361328125, 437.60455322265625, 719.4315795898438, 835.3410034179688], [689.0233154296875, 432.2345886230469, 785.828857421875, 780.377197265625], [1222.578857421875, 450.816162109375, 1261.158447265625, 544.5477294921875], [793.7930908203125, 459.5811462402344, 886.7235107421875, 709.9459838867188], [953.2385864257812, 440.1692810058594, 988.2949829101562, 525.666748046875], [1854.465087890625, 392.93572998046875, 1919.5057373046875, 657.094482421875]]","[0.77880859375, 0.701171875, 0.40673828125, 0.7529296875, 0.27490234375, 0.28515625]","[[641.7134704589844, 835.3410034179688], [737.4260864257812, 780.377197265625], [1241.86865234375, 544.5477294921875], [840.25830078125, 709.9459838867188], [970.7667846679688, 525.666748046875], [1886.9854125976562, 657.094482421875]]",425394176,410943488,425394176,640,yolo26s_int8_640_ncnn_model,MOT17-02
134,164.48923799998738,0.0,8,"[2, 4, 10, 8, 9, 100, 77, 6]","[[565.639404296875, 435.69677734375, 720.9207153320312, 835.71875], [691.7413940429688, 432.814697265625, 787.4514770507812, 778.4072875976562], [1221.4056396484375, 451.2342529296875, 1259.8165283203125, 544.5612182617188], [795.134765625, 458.563720703125, 888.0919189453125, 709.6416625976562], [953.7899780273438, 439.56817626953125, 987.9989013671875, 524.4998168945312], [1854.481689453125, 394.26910400390625, 1919.496337890625, 657.7788696289062], [1007.1901245117188, 452.3246154785156, 1038.8856201171875, 523.3038330078125], [1078.958251953125, 457.6623840332031, 1135.9998779296875, 594.4132690429688]]","[0.740234375, 0.70166015625, 0.5, 0.76171875, 0.3330078125, 0.34033203125, 0.288330078125, 0.252197265625]","[[643.2800598144531, 835.71875], [739.596435546875, 778.4072875976562], [1240.611083984375, 544.5612182617188], [841.6133422851562, 709.6416625976562], [970.8944396972656, 524.4998168945312], [1886.989013671875, 657.7788696289062], [1023.0378723144531, 523.3038330078125], [1107.4790649414062, 594.4132690429688]]",425394176,410943488,425394176,640,yolo26s_int8_640_ncnn_model,MOT17-02
135,163.6007569998128,0.0,7,"[2, 4, 10, 8, 9, 100, 6]","[[565.3010864257812, 435.2414855957031, 721.8189697265625, 840.5157470703125], [693.63720703125, 434.7992858886719, 788.1251831054688, 776.8831176757812], [1218.97412109375, 449.6593933105469, 1257.416015625, 544.3140258789062], [793.3037109375, 453.7165832519531, 887.863037109375, 708.0167846679688], [954.080322265625, 440.3240966796875, 987.72900390625, 525.0502319335938], [1855.5106201171875, 393.2308349609375, 1920.0, 657.5153198242188], [1080.040771484375, 457.4718322753906, 1137.294189453125, 593.3358764648438]]","[0.7265625, 0.68017578125, 0.40380859375, 0.6162109375, 0.345458984375, 0.275390625, 0.360595703125]","[[643.5600280761719, 840.5157470703125], [740.8811950683594, 776.8831176757812], [1238.195068359375, 544.3140258789062], [840.5833740234375, 708.0167846679688], [970.9046630859375, 525.0502319335938], [1887.7553100585938, 657.5153198242188], [1108.66748046875, 593.3358764648438]]",425394176,410943488,425394176,640,yolo26s_int8_640_ncnn_model,MOT17-02
136,164.41394200001014,0.0,7,"[2, 4, 10, 8, 9, 100, 6]","[[564.1712036132812, 432.88226318359375, 723.0377197265625, 846.4821166992188], [694.2639770507812, 435.07470703125, 788.3847045898438, 776.7875366210938], [1217.8365478515625, 448.33331298828125, 1255.82568359375, 543.9718017578125], [794.0101318359375, 452.8691711425781, 889.2312622070312, 710.3394165039062], [954.73046875, 439.3577880859375, 988.0210571289062, 524.5136108398438], [1855.853515625, 392.34490966796875, 1920.0, 657.9125366210938], [1083.3612060546875, 454.93426513671875, 1139.8021240234375, 589.4542236328125]]","[0.771484375, 0.6806640625, 0.392822265625, 0.5947265625, 0.369140625, 0.26123046875, 0.298095703125]","[[643.6044616699219, 846.4821166992188], [741.3243408203125, 776.7875366210938], [1236.8311157226562, 543.9718017578125], [841.6206970214844, 710.3394165039062], [971.3757629394531, 524.5136108398438], [1887.9267578125, 657.9125366210938], [1111.5816650390625, 589.4542236328125]]",425394176,410943488,425394176,640,yolo26s_int8_640_ncnn_model,MOT17-02
137,169.59628099994006,0.0,7,"[2, 4, 10, 8, 9, 100, 6]","[[563.4302368164062, 437.3885498046875, 723.7040405273438, 858.007080078125], [695.2940673828125, 434.9410095214844, 788.6016845703125, 775.0089721679688], [1218.3013916015625, 448.3282470703125, 1255.3946533203125, 543.3467407226562], [796.6360473632812, 452.3148193359375, 891.2366943359375, 707.5226440429688], [955.4198608398438, 439.9798278808594, 987.6339721679688, 523.3222045898438], [1856.1971435546875, 392.7525329589844, 1920.0, 657.320556640625], [1083.0771484375, 454.4834289550781, 1138.3026123046875, 586.489990234375]]","[0.7470703125, 0.68359375, 0.41162109375, 0.6396484375, 0.32421875, 0.264404296875, 0.321044921875]","[[643.567138671875, 858.007080078125], [741.9478759765625, 775.0089721679688], [1236.8480224609375, 543.3467407226562], [843.9363708496094, 707.5226440429688], [971.5269165039062, 523.3222045898438], [1888.0985717773438, 657.320556640625], [1110.6898803710938, 586.489990234375]]",425394176,410943488,425394176,640,yolo26s_int8_640_ncnn_model,MOT17-02
138,166.1365919999298,0.0,6,"[2, 4, 10, 8, 9, 100]","[[563.4718017578125, 436.7035217285156, 725.4832763671875, 865.79052734375], [695.80029296875, 433.9073486328125, 790.472900390625, 779.2960205078125], [1217.748046875, 447.8454895019531, 1254.0848388671875, 542.6113891601562], [799.6857299804688, 449.39739990234375, 895.7962036132812, 711.1240234375], [956.1683959960938, 441.2122802734375, 987.9365844726562, 523.874755859375], [1856.96826171875, 391.6694641113281, 1920.0, 658.3355712890625]]","[0.7890625, 0.6455078125, 0.388427734375, 0.65576171875, 0.4267578125, 0.255859375]","[[644.4775390625, 865.79052734375], [743.1365966796875, 779.2960205078125], [1235.9164428710938, 542.6113891601562], [847.740966796875, 711.1240234375], [972.052490234375, 523.874755859375], [1888.484130859375, 658.3355712890625]]",425394176,410943488,425394176,640,yolo26s_int8_640_ncnn_model,MOT17-02
139,164.67435000004116,0.0,7,"[2, 4, 10, 8, 9, 100, 6]","[[564.1338500976562, 438.1582946777344, 725.429443359375, 868.9258422851562], [698.458984375, 436.4850769042969, 792.58544921875, 776.9564208984375], [1217.3515625, 450.14947509765625, 1252.869873046875, 543.8204956054688], [804.0433959960938, 447.5859375, 900.0827026367188, 712.2178344726562], [956.6231079101562, 440.91339111328125, 987.8255004882812, 522.837646484375], [1859.1572265625, 392.4995422363281, 1920.0, 656.4935913085938], [1077.3016357421875, 450.48760986328125, 1136.2327880859375, 592.4805908203125]]","[0.8037109375, 0.65380859375, 0.43994140625, 0.72216796875, 0.36328125, 0.300537109375, 0.39501953125]","[[644.7816467285156, 868.9258422851562], [745.522216796875, 776.9564208984375], [1235.1107177734375, 543.8204956054688], [852.0630493164062, 712.2178344726562], [972.2243041992188, 522.837646484375], [1889.57861328125, 656.4935913085938], [1106.7672119140625, 592.4805908203125]]",425394176,410943488,425394176,640,yolo26s_int8_640_ncnn_model,MOT17-02
140,163.94835000005514,0.0,7,"[2, 4, 10, 8, 9, 100, 6]","[[563.6758422851562, 438.2438049316406, 722.0984497070312, 862.6565551757812], [701.6019287109375, 436.7413330078125, 797.1477661132812, 777.7803955078125], [1215.7518310546875, 450.0390625, 1250.965576171875, 543.2877807617188], [806.996826171875, 448.14349365234375, 902.2890014648438, 712.3712768554688], [957.4208984375, 441.041259765625, 988.107177734375, 522.2059326171875], [1852.760498046875, 389.09271240234375, 1916.0889892578125, 646.593994140625], [1075.721923828125, 450.8946228027344, 1134.0556640625, 593.5806884765625]]","[0.79931640625, 0.64013671875, 0.4931640625, 0.64501953125, 0.341552734375, 0.294921875, 0.26416015625]","[[642.8871459960938, 862.6565551757812], [749.3748474121094, 777.7803955078125], [1233.3587036132812, 543.2877807617188], [854.6429138183594, 712.3712768554688], [972.7640380859375, 522.2059326171875], [1884.4247436523438, 646.593994140625], [1104.8887939453125, 593.5806884765625]]",425394176,410943488,425394176,640,yolo26s_int8_640_ncnn_model,MOT17-02
141,164.01625699995748,0.0,8,"[2, 4, 10, 8, 9, 100, 6, 77]","[[564.1876220703125, 437.7892150878906, 722.00634765625, 862.5821533203125], [702.9990844726562, 435.3502197265625, 801.5211181640625, 779.56982421875], [1214.3170166015625, 448.26043701171875, 1249.1788330078125, 540.8519897460938], [810.3234252929688, 448.88336181640625, 904.7288208007812, 713.8836669921875], [957.4865112304688, 440.58050537109375, 987.3987426757812, 520.4790649414062], [1854.7864990234375, 390.8175354003906, 1919.2430419921875, 653.8953857421875], [1076.6436767578125, 450.8255920410156, 1133.6943359375, 591.2857666015625], [1008.2276000976562, 451.48834228515625, 1040.68408203125, 523.4150390625]]","[0.8115234375, 0.65283203125, 0.45703125, 0.65283203125, 0.330810546875, 0.316650390625, 0.251708984375, 0.317138671875]","[[643.0969848632812, 862.5821533203125], [752.2601013183594, 779.56982421875], [1231.7479248046875, 540.8519897460938], [857.526123046875, 713.8836669921875], [972.442626953125, 520.4790649414062], [1887.0147705078125, 653.8953857421875], [1105.1690063476562, 591.2857666015625], [1024.4558410644531, 523.4150390625]]",425394176,410943488,425394176,640,yolo26s_int8_640_ncnn_model,MOT17-02
142,164.1620159998638,0.0,7,"[2, 4, 10, 8, 9, 100, 77]","[[563.616943359375, 440.0887756347656, 722.6763916015625, 869.8767700195312], [703.1006469726562, 434.8268127441406, 804.4767456054688, 782.2097778320312], [1212.5531005859375, 450.0813293457031, 1246.8353271484375, 541.4306030273438], [812.5905151367188, 451.4049072265625, 907.4608764648438, 721.08740234375], [958.4202880859375, 441.9056396484375, 988.1854248046875, 521.3518676757812], [1855.7552490234375, 392.1982727050781, 1920.0, 655.8545532226562], [1007.3627319335938, 451.7041015625, 1039.6431884765625, 523.2006225585938]]","[0.79296875, 0.63818359375, 0.41796875, 0.646484375, 0.32177734375, 0.2802734375, 0.334228515625]","[[643.1466674804688, 869.8767700195312], [753.7886962890625, 782.2097778320312], [1229.6942138671875, 541.4306030273438], [860.0256958007812, 721.08740234375], [973.3028564453125, 521.3518676757812], [1887.8776245117188, 655.8545532226562], [1023.5029602050781, 523.2006225585938]]",425394176,410943488,425394176,640,yolo26s_int8_640_ncnn_model,MOT17-02
143,164.3841469999643,0.0,7,"[2, 4, 10, 8, 9, 100, 6]","[[563.0845336914062, 438.50653076171875, 722.2111206054688, 871.0918579101562], [707.1302490234375, 438.8248596191406, 806.9130859375, 769.1417236328125], [1211.0657958984375, 449.0271911621094, 1245.87890625, 542.4088134765625], [815.7717895507812, 453.3537902832031, 908.9793090820312, 721.8276977539062], [958.8712158203125, 442.6405029296875, 987.3353271484375, 518.4375], [1857.1253662109375, 392.7310485839844, 1920.0, 655.620849609375], [1075.1268310546875, 454.6654357910156, 1130.8099365234375, 593.3667602539062]]","[0.77099609375, 0.65576171875, 0.380126953125, 0.62646484375, 0.25244140625, 0.266357421875, 0.252197265625]","[[642.6478271484375, 871.0918579101562], [757.0216674804688, 769.1417236328125], [1228.4723510742188, 542.4088134765625], [862.3755493164062, 721.8276977539062], [973.103271484375, 518.4375], [1888.5626831054688, 655.620849609375], [1102.9683837890625, 593.3667602539062]]",425394176,410943488,425394176,640,yolo26s_int8_640_ncnn_model,MOT17-02
144,163.4001829997942,0.0,6,"[2, 4, 10, 8, 9, 6]","[[564.3067016601562, 435.9323425292969, 722.5203247070312, 869.49267578125], [706.6304321289062, 438.6122741699219, 811.2348022460938, 777.9366455078125], [1207.52490234375, 450.3634948730469, 1243.65576171875, 547.9510498046875], [816.608154296875, 450.9058837890625, 909.7711791992188, 723.2880859375], [959.2538452148438, 445.19183349609375, 987.7647094726562, 521.1724243164062], [1077.743896484375, 459.97344970703125, 1130.3250732421875, 591.5006103515625]]","[0.68701171875, 0.66357421875, 0.32568359375, 0.54052734375, 0.361083984375, 0.324462890625]","[[643.4135131835938, 869.49267578125], [758.9326171875, 777.9366455078125], [1225.59033203125, 547.9510498046875], [863.1896667480469, 723.2880859375], [973.50927734375, 521.1724243164062], [1104.0344848632812, 591.5006103515625]]",425394176,410943488,425394176,640,yolo26s_int8_640_ncnn_model,MOT17-02
145,181.14169999989826,0.0,5,"[2, 4, 10, 8, 100]","[[557.197509765625, 436.1858215332031, 716.3756103515625, 870.5149536132812], [710.6534423828125, 442.23028564453125, 814.936279296875, 770.5028076171875], [1205.145751953125, 449.65472412109375, 1241.0069580078125, 546.3953247070312], [819.8319091796875, 453.17236328125, 909.9723510742188, 720.6093139648438], [1855.21142578125, 391.20562744140625, 1919.8544921875, 657.2808227539062]]","[0.6513671875, 0.70361328125, 0.35205078125, 0.56201171875, 0.294189453125]","[[636.7865600585938, 870.5149536132812], [762.7948608398438, 770.5028076171875], [1223.0763549804688, 546.3953247070312], [864.9021301269531, 720.6093139648438], [1887.532958984375, 657.2808227539062]]",425394176,410943488,425394176,640,yolo26s_int8_640_ncnn_model,MOT17-02
146,164.1094050000902,0.0,8,"[2, 4, 10, 8, 143, 145, 77, 6]","[[556.4501953125, 435.0625305175781, 716.9738159179688, 873.047119140625], [708.5999145507812, 440.6000671386719, 821.2782592773438, 788.7174682617188], [1203.3759765625, 449.3745422363281, 1238.9755859375, 544.7687377929688], [822.8253173828125, 455.0495910644531, 910.095703125, 716.5379028320312], [876.4182739257812, 440.25, 954.78173828125, 688.6500244140625], [1125.5836181640625, 452.625, 1152.6163330078125, 540.9749755859375], [1006.00634765625, 453.803466796875, 1038.819580078125, 526.4175415039062], [1076.866943359375, 455.870849609375, 1132.08984375, 594.6727905273438]]","[0.7041015625, 0.74072265625, 0.44140625, 0.52685546875, 0.3427734375, 0.339111328125, 0.347412109375, 0.4658203125]","[[636.7120056152344, 873.047119140625], [764.9390869140625, 788.7174682617188], [1221.17578125, 544.7687377929688], [866.4605102539062, 716.5379028320312], [915.6000061035156, 688.6500244140625], [1139.0999755859375, 540.9749755859375], [1022.4129638671875, 526.4175415039062], [1104.4783935546875, 594.6727905273438]]",425394176,410943488,425394176,640,yolo26s_int8_640_ncnn_model,MOT17-02
147,164.19073800011574,0.0,8,"[2, 4, 10, 8, 143, 145, 6, 100]","[[555.8536376953125, 435.6309509277344, 716.540283203125, 874.9239501953125], [709.964111328125, 439.76373291015625, 827.2620849609375, 798.4503784179688], [1202.1353759765625, 449.02178955078125, 1237.910400390625, 544.3865966796875], [825.9500122070312, 457.50189208984375, 911.9724731445312, 717.2160034179688], [877.2101440429688, 440.5403747558594, 953.0606079101562, 680.6936645507812], [1126.8492431640625, 453.4996032714844, 1153.9161376953125, 541.9661865234375], [1077.1649169921875, 457.1005859375, 1132.0335693359375, 595.1817626953125], [1854.681640625, 391.7041931152344, 1919.522705078125, 657.9910278320312]]","[0.73779296875, 0.7431640625, 0.52978515625, 0.58837890625, 0.413818359375, 0.345947265625, 0.4931640625, 0.253173828125]","[[636.1969604492188, 874.9239501953125], [768.6130981445312, 798.4503784179688], [1220.0228881835938, 544.3865966796875], [868.9612426757812, 717.2160034179688], [915.1353759765625, 680.6936645507812], [1140.3826904296875, 541.9661865234375], [1104.5992431640625, 595.1817626953125], [1887.1021728515625, 657.9910278320312]]",425394176,410943488,425394176,640,yolo26s_int8_640_ncnn_model,MOT17-02
148,164.82299900008002,0.0,7,"[2, 4, 10, 8, 143, 145, 6]","[[554.677490234375, 435.3689880371094, 716.8418579101562, 879.9984130859375], [710.614501953125, 439.9117126464844, 829.3148193359375, 799.7445678710938], [1201.53466796875, 449.8821105957031, 1236.7669677734375, 543.2493896484375], [827.9983520507812, 460.6438293457031, 913.6368408203125, 720.19287109375], [878.9818115234375, 438.8504638671875, 955.74462890625, 682.2490844726562], [1127.8819580078125, 454.078369140625, 1154.8934326171875, 541.9976196289062], [1075.9398193359375, 451.38006591796875, 1132.3702392578125, 594.6085205078125]]","[0.76318359375, 0.7568359375, 0.50390625, 0.58837890625, 0.51025390625, 0.437255859375, 0.4580078125]","[[635.7596740722656, 879.9984130859375], [769.9646606445312, 799.7445678710938], [1219.1508178710938, 543.2493896484375], [870.8175964355469, 720.19287109375], [917.3632202148438, 682.2490844726562], [1141.3876953125, 541.9976196289062], [1104.155029296875, 594.6085205078125]]",425394176,410943488,425394176,640,yolo26s_int8_640_ncnn_model,MOT17-02
149,164.25135000008595,0.0,7,"[2, 4, 10, 8, 143, 145, 6]","[[552.1946411132812, 435.0334167480469, 715.0767822265625, 882.099853515625], [712.392333984375, 440.4508361816406, 832.3231811523438, 803.578369140625], [1201.485595703125, 451.71026611328125, 1236.2935791015625, 543.3140258789062], [827.293701171875, 458.0751037597656, 915.5853271484375, 729.9848022460938], [881.5971069335938, 439.46923828125, 957.8460083007812, 681.7578125], [1128.12451171875, 453.0994567871094, 1155.196044921875, 540.8455200195312], [1075.9412841796875, 450.95843505859375, 1132.044189453125, 593.6516723632812]]","[0.7333984375, 0.74853515625, 0.50439453125, 0.60400390625, 0.51416015625, 0.363525390625, 0.482177734375]","[[633.6357116699219, 882.099853515625], [772.3577575683594, 803.578369140625], [1218.8895874023438, 543.3140258789062], [871.4395141601562, 729.9848022460938], [919.7215576171875, 681.7578125], [1141.6602783203125, 540.8455200195312], [1103.9927368164062, 593.6516723632812]]",425394176,410943488,425394176,640,yolo26s_int8_640_ncnn_model,MOT17-02
150,163.7610529999165,0.0,7,"[2, 4, 10, 8, 143, 145, 6]","[[549.4420166015625, 434.9154968261719, 712.7794189453125, 883.7996826171875], [713.9368286132812, 439.1773986816406, 835.3964233398438, 806.4284057617188], [1200.55224609375, 452.8913879394531, 1235.1475830078125, 542.8397216796875], [827.67822265625, 456.6199951171875, 917.5303955078125, 736.0369873046875], [886.0720825195312, 438.61297607421875, 962.4722290039062, 680.5931396484375], [1128.6053466796875, 456.57891845703125, 1154.81591796875, 541.0060424804688], [1073.889892578125, 443.69134521484375, 1132.0166015625, 593.5020141601562]]","[0.72607421875, 0.751953125, 0.5361328125, 0.541015625, 0.55908203125, 0.423583984375, 0.401611328125]","[[631.1107177734375, 883.7996826171875], [774.6666259765625, 806.4284057617188], [1217.8499145507812, 542.8397216796875], [872.6043090820312, 736.0369873046875], [924.2721557617188, 680.5931396484375], [1141.7106323242188, 541.0060424804688], [1102.9532470703125, 593.5020141601562]]",425394176,410943488,425394176,640,yolo26s_int8_640_ncnn_model,MOT17-02
151,164.50716500003182,0.0,9,"[2, 4, 10, 8, 143, 145, 6, 150, 77]","[[549.1004638671875, 440.0492858886719, 710.2444458007812, 884.1167602539062], [719.0401000976562, 440.6432800292969, 835.8245239257812, 791.7525634765625], [1199.7547607421875, 453.32135009765625, 1234.2774658203125, 542.6654663085938], [828.5564575195312, 460.1829833984375, 918.3930053710938, 741.9755249023438], [889.951416015625, 437.2710266113281, 967.9281005859375, 683.445556640625], [1129.4791259765625, 456.41009521484375, 1156.064208984375, 541.3406982421875], [1075.8701171875, 444.6064147949219, 1133.130126953125, 592.7147827148438], [502.11614990234375, 456.8999938964844, 534.3838500976562, 557.0999755859375], [1005.5546875, 452.1202392578125, 1037.5364990234375, 523.49609375]]","[0.7255859375, 0.759765625, 0.57421875, 0.5869140625, 0.6630859375, 0.4306640625, 0.447509765625, 0.3642578125, 0.265625]","[[629.6724548339844, 884.1167602539062], [777.4323120117188, 791.7525634765625], [1217.01611328125, 542.6654663085938], [873.4747314453125, 741.9755249023438], [928.9397583007812, 683.445556640625], [1142.7716674804688, 541.3406982421875], [1104.5001220703125, 592.7147827148438], [518.25, 557.0999755859375], [1021.5455932617188, 523.49609375]]",425394176,410943488,425394176,640,yolo26s_int8_640_ncnn_model,MOT17-02
152,164.7738690001006,0.0,9,"[2, 4, 10, 8, 143, 145, 6, 150, 77]","[[542.0457763671875, 439.7906799316406, 704.8624267578125, 889.3455200195312], [717.0136108398438, 438.7037353515625, 837.7528686523438, 802.4368286132812], [1197.6424560546875, 451.7176208496094, 1232.8671875, 542.3543090820312], [827.9555053710938, 460.5771179199219, 917.5670166015625, 743.2095947265625], [892.4088134765625, 436.5586853027344, 970.6365966796875, 682.6788330078125], [1130.7493896484375, 457.10882568359375, 1157.5682373046875, 541.71728515625], [1076.1917724609375, 447.2530212402344, 1132.09521484375, 592.1424560546875], [502.1632080078125, 457.07275390625, 534.3367919921875, 556.92724609375], [1005.3428955078125, 451.67901611328125, 1037.6121826171875, 524.49365234375]]","[0.72509765625, 0.73681640625, 0.5791015625, 0.5869140625, 0.6103515625, 0.396240234375, 0.4287109375, 0.376953125, 0.34228515625]","[[623.4541015625, 889.3455200195312], [777.3832397460938, 802.4368286132812], [1215.2548217773438, 542.3543090820312], [872.7612609863281, 743.2095947265625], [931.522705078125, 682.6788330078125], [1144.1588134765625, 541.71728515625], [1104.1434936523438, 592.1424560546875], [518.25, 556.92724609375], [1021.4775390625, 524.49365234375]]",425394176,410943488,425394176,640,yolo26s_int8_640_ncnn_model,MOT17-02
153,163.9974429999711,0.0,9,"[2, 4, 10, 8, 143, 145, 6, 150, 77]","[[542.6632690429688, 437.470703125, 705.0460205078125, 886.5675659179688], [717.59765625, 435.79779052734375, 838.0487670898438, 800.6702880859375], [1196.8660888671875, 451.8577575683594, 1232.4178466796875, 543.4818725585938], [828.051025390625, 456.0423889160156, 918.7636108398438, 744.3217163085938], [894.796142578125, 435.0453796386719, 973.9803466796875, 683.698486328125], [1131.7950439453125, 459.913818359375, 1158.4915771484375, 543.4030151367188], [1077.4676513671875, 449.5528259277344, 1132.5379638671875, 592.660400390625], [502.9761047363281, 458.0063781738281, 534.69091796875, 555.9935913085938], [1006.2294921875, 453.01971435546875, 1038.6573486328125, 526.3005981445312]]","[0.7880859375, 0.74560546875, 0.564453125, 0.53857421875, 0.5947265625, 0.39501953125, 0.478515625, 0.3896484375, 0.340087890625]","[[623.8546447753906, 886.5675659179688], [777.8232116699219, 800.6702880859375], [1214.6419677734375, 543.4818725585938], [873.4073181152344, 744.3217163085938], [934.3882446289062, 683.698486328125], [1145.143310546875, 543.4030151367188], [1105.0028076171875, 592.660400390625], [518.8335113525391, 555.9935913085938], [1022.4434204101562, 526.3005981445312]]",425394176,410943488,425394176,640,yolo26s_int8_640_ncnn_model,MOT17-02
154,180.79969999985224,0.0,9,"[2, 4, 10, 8, 143, 145, 6, 150, 77]","[[540.07421875, 434.5999755859375, 702.12060546875, 883.437255859375], [715.0848999023438, 433.19720458984375, 838.7617797851562, 808.2762451171875], [1196.1739501953125, 454.3805847167969, 1230.765625, 543.4172973632812], [830.2587280273438, 453.5757141113281, 920.8666381835938, 743.4494018554688], [896.081787109375, 436.2881774902344, 976.602294921875, 690.4121704101562], [1132.7423095703125, 462.6972351074219, 1159.214111328125, 544.2659301757812], [1075.802490234375, 444.48687744140625, 1132.8697509765625, 592.8507690429688], [503.9073181152344, 458.85906982421875, 535.8262329101562, 556.2767333984375], [1005.4158935546875, 452.5389709472656, 1038.2301025390625, 526.981689453125]]","[0.80078125, 0.76318359375, 0.5703125, 0.5595703125, 0.5947265625, 0.362548828125, 0.45068359375, 0.3759765625, 0.35546875]","[[621.097412109375, 883.437255859375], [776.92333984375, 808.2762451171875], [1213.4697875976562, 543.4172973632812], [875.5626831054688, 743.4494018554688], [936.342041015625, 690.4121704101562], [1145.9782104492188, 544.2659301757812], [1104.3361206054688, 592.8507690429688], [519.8667755126953, 556.2767333984375], [1021.822998046875, 526.981689453125]]",425394176,410943488,425394176,640,yolo26s_int8_640_ncnn_model,MOT17-02
155,164.5176460001494,0.0,9,"[2, 4, 10, 8, 143, 145, 6, 150, 77]","[[538.5545043945312, 432.2789001464844, 701.6370849609375, 882.4317626953125], [718.4226684570312, 434.4197998046875, 841.4729614257812, 809.8878784179688], [1196.09130859375, 457.8482666015625, 1230.078369140625, 544.8971557617188], [831.3016967773438, 452.62469482421875, 921.3807983398438, 743.0236206054688], [896.7015991210938, 435.0270080566406, 976.2386474609375, 686.6610107421875], [1132.7486572265625, 461.6001281738281, 1159.7373046875, 543.5335083007812], [1074.8251953125, 451.15533447265625, 1129.451416015625, 592.1867065429688], [502.3867492675781, 457.4701232910156, 535.2474975585938, 555.8390502929688], [1005.39892578125, 453.5845031738281, 1037.7784423828125, 526.9874267578125]]","[0.7822265625, 0.734375, 0.54833984375, 0.55419921875, 0.5625, 0.43017578125, 0.432373046875, 0.43310546875, 0.404052734375]","[[620.0957946777344, 882.4317626953125], [779.9478149414062, 809.8878784179688], [1213.0848388671875, 544.8971557617188], [876.3412475585938, 743.0236206054688], [936.4701232910156, 686.6610107421875], [1146.2429809570312, 543.5335083007812], [1102.1383056640625, 592.1867065429688], [518.8171234130859, 555.8390502929688], [1021.5886840820312, 526.9874267578125]]",425394176,410943488,425394176,640,yolo26s_int8_640_ncnn_model,MOT17-02
156,164.88133200004995,0.0,9,"[2, 4, 10, 8, 143, 145, 6, 150, 77]","[[533.353515625, 430.179931640625, 697.781005859375, 884.22802734375], [721.0601196289062, 433.6886901855469, 843.014404296875, 808.7023315429688], [1195.7265625, 456.0965881347656, 1230.2564697265625, 544.4376220703125], [831.4278564453125, 450.0592041015625, 923.708740234375, 748.9283447265625], [896.4151611328125, 436.3280334472656, 976.3677978515625, 691.4719848632812], [1134.68115234375, 461.16302490234375, 1161.995849609375, 543.256591796875], [1075.397216796875, 457.114990234375, 1128.1583251953125, 592.668212890625], [502.6373291015625, 457.7742614746094, 535.8391723632812, 555.964599609375], [1004.8512573242188, 455.22723388671875, 1036.1650390625, 526.7310791015625]]","[0.7607421875, 0.732421875, 0.5576171875, 0.57568359375, 0.58642578125, 0.35498046875, 0.5185546875, 0.429443359375, 0.25537109375]","[[615.5672607421875, 884.22802734375], [782.0372619628906, 808.7023315429688], [1212.9915161132812, 544.4376220703125], [877.5682983398438, 748.9283447265625], [936.3914794921875, 691.4719848632812], [1148.3385009765625, 543.256591796875], [1101.7777709960938, 592.668212890625], [519.2382507324219, 555.964599609375], [1020.5081481933594, 526.7310791015625]]",425394176,410943488,425394176,640,yolo26s_int8_640_ncnn_model,MOT17-02
157,165.0298140000359,0.0,8,"[2, 4, 10, 8, 143, 145, 6, 150]","[[529.4985961914062, 433.1003112792969, 693.86767578125, 886.1026000976562], [728.0621948242188, 436.8730163574219, 843.3888549804688, 789.9435424804688], [1193.6956787109375, 455.4378356933594, 1228.308349609375, 544.2651977539062], [836.6563720703125, 449.34197998046875, 927.1216430664062, 743.08251953125], [899.5368041992188, 436.5798034667969, 978.0108032226562, 687.5316162109375], [1135.4849853515625, 460.45953369140625, 1162.67724609375, 541.6314697265625], [1074.3070068359375, 457.80133056640625, 1126.98828125, 592.3380126953125], [503.234375, 456.57672119140625, 537.0938720703125, 555.2402954101562]]","[0.76123046875, 0.7509765625, 0.54345703125, 0.58837890625, 0.4970703125, 0.28662109375, 0.44921875, 0.40380859375]","[[611.6831359863281, 886.1026000976562], [785.7255249023438, 789.9435424804688], [1211.0020141601562, 544.2651977539062], [881.8890075683594, 743.08251953125], [938.7738037109375, 687.5316162109375], [1149.0811157226562, 541.6314697265625], [1100.6476440429688, 592.3380126953125], [520.1641235351562, 555.2402954101562]]",425394176,410943488,425394176,640,yolo26s_int8_640_ncnn_model,MOT17-02
158,165.29074000004584,0.0,9,"[2, 4, 10, 8, 143, 145, 6, 150, 159]","[[529.2152099609375, 433.005859375, 693.2987060546875, 885.0419311523438], [733.0498046875, 437.3683776855469, 846.0941162109375, 781.3401489257812], [1192.7161865234375, 458.6461486816406, 1225.8804931640625, 544.6925048828125], [839.3157958984375, 448.34771728515625, 929.6829223632812, 743.407470703125], [905.250244140625, 436.69158935546875, 982.9400634765625, 683.989501953125], [1135.2850341796875, 458.39697265625, 1163.3475341796875, 541.77685546875], [1073.6827392578125, 458.534912109375, 1125.8094482421875, 591.7138061523438], [502.3291320800781, 456.14300537109375, 536.5969848632812, 554.9883422851562], [664.0548706054688, 441.29998779296875, 738.7451171875, 819.9000244140625]]","[0.7734375, 0.767578125, 0.435302734375, 0.61474609375, 0.369140625, 0.29345703125, 0.4638671875, 0.472412109375, 0.480224609375]","[[611.2569580078125, 885.0419311523438], [789.5719604492188, 781.3401489257812], [1209.29833984375, 544.6925048828125], [884.4993591308594, 743.407470703125], [944.0951538085938, 683.989501953125], [1149.3162841796875, 541.77685546875], [1099.74609375, 591.7138061523438], [519.4630584716797, 554.9883422851562], [701.3999938964844, 819.9000244140625]]",425394176,410943488,425394176,640,yolo26s_int8_640_ncnn_model,MOT17-02
159,164.97620299992377,0.0,9,"[2, 4, 10, 8, 143, 145, 6, 150, 159]","[[532.5228271484375, 433.2298278808594, 696.73681640625, 885.3382568359375], [737.2084350585938, 438.0523681640625, 848.6201171875, 775.7208251953125], [1191.8187255859375, 454.8175964355469, 1225.596923828125, 543.8449096679688], [838.2211303710938, 445.53173828125, 930.6655883789062, 749.8839111328125], [908.3172607421875, 434.7379455566406, 987.6844482421875, 686.6736450195312], [1136.275634765625, 458.3744201660156, 1164.4669189453125, 542.0796508789062], [1073.9539794921875, 456.02899169921875, 1126.9051513671875, 592.2312622070312], [502.1218566894531, 455.7356872558594, 537.2826538085938, 555.1624755859375], [667.1139526367188, 441.0694885253906, 741.7947998046875, 819.2084350585938]]","[0.79638671875, 0.7744140625, 0.408935546875, 0.61181640625, 0.387939453125, 0.2763671875, 0.3857421875, 0.37158203125, 0.51513671875]","[[614.6298217773438, 885.3382568359375], [792.9142761230469, 775.7208251953125], [1208.7078247070312, 543.8449096679688], [884.443359375, 749.8839111328125], [948.0008544921875, 686.6736450195312], [1150.3712768554688, 542.0796508789062], [1100.4295654296875, 592.2312622070312], [519.7022552490234, 555.1624755859375], [704.4543762207031, 819.2084350585938]]",425394176,410943488,425394176,640,yolo26s_int8_640_ncnn_model,MOT17-02
160,165.29018500000348,0.0,7,"[2, 4, 8, 143, 6, 150, 159]","[[529.7291259765625, 434.80938720703125, 695.27392578125, 889.8673706054688], [738.469970703125, 436.0383605957031, 851.6625366210938, 776.9786987304688], [840.4357299804688, 444.4861145019531, 932.2127075195312, 748.3975830078125], [912.488037109375, 435.7572937011719, 992.1948852539062, 687.9161376953125], [1075.0224609375, 457.069091796875, 1127.3551025390625, 592.4224243164062], [502.4088439941406, 455.0887145996094, 538.6728515625, 555.7416381835938], [668.4866333007812, 441.5748291015625, 743.0648193359375, 818.3922119140625]]","[0.7890625, 0.75830078125, 0.63818359375, 0.408203125, 0.321533203125, 0.382080078125, 0.54541015625]","[[612.5015258789062, 889.8673706054688], [795.0662536621094, 776.9786987304688], [886.32421875, 748.3975830078125], [952.3414611816406, 687.9161376953125], [1101.1887817382812, 592.4224243164062], [520.5408477783203, 555.7416381835938], [705.7757263183594, 818.3922119140625]]",425394176,410943488,425394176,640,yolo26s_int8_640_ncnn_model,MOT17-02
161,164.9027579999256,0.0,9,"[2, 4, 8, 143, 6, 150, 159, 160, 10]","[[529.7613525390625, 435.90667724609375, 697.173095703125, 894.9982299804688], [739.4481811523438, 432.8072814941406, 856.1064453125, 784.9663696289062], [841.4110717773438, 444.8533935546875, 934.5289916992188, 755.8463134765625], [915.8128662109375, 436.90740966796875, 995.9256591796875, 689.6250610351562], [1075.732421875, 455.7137145996094, 1128.25048828125, 592.2445068359375], [500.59124755859375, 457.1059265136719, 537.6021118164062, 557.7138671875], [667.602294921875, 441.7393798828125, 742.3428344726562, 818.1575317382812], [807.9986572265625, 441.9750061035156, 928.7013549804688, 723.2249755859375], [1187.8900146484375, 454.6122741699219, 1220.821533203125, 543.2017211914062]]","[0.80322265625, 0.77001953125, 0.6572265625, 0.49462890625, 0.38037109375, 0.33251953125, 0.55810546875, 0.33642578125, 0.342041015625]","[[613.4672241210938, 894.9982299804688], [797.7773132324219, 784.9663696289062], [887.9700317382812, 755.8463134765625], [955.8692626953125, 689.6250610351562], [1101.991455078125, 592.2445068359375], [519.0966796875, 557.7138671875], [704.9725646972656, 818.1575317382812], [868.3500061035156, 723.2249755859375], [1204.3557739257812, 543.2017211914062]]",425394176,410943488,425394176,640,yolo26s_int8_640_ncnn_model,MOT17-02
162,202.76283300017894,0.0,9,"[2, 4, 8, 143, 6, 150, 159, 160, 10]","[[530.4468994140625, 431.1503601074219, 698.7864990234375, 891.2293090820312], [740.9929809570312, 432.09967041015625, 858.4203491210938, 788.4755249023438], [845.9905395507812, 447.4552917480469, 936.9562377929688, 751.3073120117188], [918.625244140625, 440.3256530761719, 998.5357666015625, 691.2515869140625], [1075.7786865234375, 456.6839599609375, 1127.826171875, 592.6715698242188], [500.13995361328125, 457.12738037109375, 538.4440307617188, 559.210693359375], [668.622314453125, 442.6017150878906, 743.9281005859375, 821.640625], [815.3999633789062, 440.3399963378906, 937.883544921875, 726.2614135742188], [1187.4534912109375, 458.0965270996094, 1218.5550537109375, 543.5687255859375]]","[0.8193359375, 0.7265625, 0.654296875, 0.339111328125, 0.39453125, 0.339599609375, 0.5703125, 0.319091796875, 0.32177734375]","[[614.61669921875, 891.2293090820312], [799.7066650390625, 788.4755249023438], [891.473388671875, 751.3073120117188], [958.5805053710938, 691.2515869140625], [1101.8024291992188, 592.6715698242188], [519.2919921875, 559.210693359375], [706.2752075195312, 821.640625], [876.6417541503906, 726.2614135742188], [1203.0042724609375, 543.5687255859375]]",425394176,410943488,425394176,640,yolo26s_int8_640_ncnn_model,MOT17-02
163,169.10028100005547,0.0,8,"[2, 4, 8, 143, 6, 150, 159, 10]","[[530.994384765625, 432.05230712890625, 699.1924438476562, 889.9766845703125], [744.0869140625, 432.8352355957031, 861.5460815429688, 790.822509765625], [850.6034545898438, 447.02020263671875, 940.8599853515625, 746.9552612304688], [920.6055908203125, 442.6163024902344, 1000.3583984375, 692.84423828125], [1076.8612060546875, 457.0466003417969, 1128.5953369140625, 592.8319091796875], [501.2518310546875, 458.126220703125, 539.459228515625, 558.771240234375], [665.6172485351562, 442.6248779296875, 741.9508666992188, 827.3306274414062], [1186.260986328125, 457.0681457519531, 1216.8443603515625, 542.9432373046875]]","[0.82666015625, 0.7177734375, 0.6845703125, 0.322509765625, 0.32080078125, 0.279541015625, 0.480224609375, 0.397705078125]","[[615.0934143066406, 889.9766845703125], [802.8164978027344, 790.822509765625], [895.7317199707031, 746.9552612304688], [960.4819946289062, 692.84423828125], [1102.728271484375, 592.8319091796875], [520.3555297851562, 558.771240234375], [703.7840576171875, 827.3306274414062], [1201.5526733398438, 542.9432373046875]]",425394176,410943488,425394176,640,yolo26s_int8_640_ncnn_model,MOT17-02
164,164.602147000096,0.0,7,"[2, 4, 8, 143, 6, 159, 10]","[[533.1170654296875, 431.4218444824219, 703.9301147460938, 895.3985595703125], [745.95166015625, 433.3832702636719, 863.8463745117188, 794.4283447265625], [856.8243408203125, 447.11962890625, 947.6270751953125, 745.0225219726562], [922.6944580078125, 447.1904296875, 1001.4696655273438, 692.6751708984375], [1077.2489013671875, 459.658203125, 1127.916259765625, 592.392578125], [666.6505737304688, 443.13555908203125, 743.7255249023438, 828.8057250976562], [1185.3577880859375, 453.948974609375, 1216.765625, 543.4631958007812]]","[0.8271484375, 0.693359375, 0.68359375, 0.28466796875, 0.33740234375, 0.4970703125, 0.421630859375]","[[618.5235900878906, 895.3985595703125], [804.8990173339844, 794.4283447265625], [902.2257080078125, 745.0225219726562], [962.0820617675781, 692.6751708984375], [1102.5825805664062, 592.392578125], [705.1880493164062, 828.8057250976562], [1201.0617065429688, 543.4631958007812]]",425394176,410943488,425394176,640,yolo26s_int8_640_ncnn_model,MOT17-02
165,170.03402299997106,0.0,9,"[2, 4, 8, 143, 6, 159, 10, 100, 145]","[[533.66650390625, 426.2730712890625, 707.9632568359375, 896.421142578125], [746.8031005859375, 432.6189270019531, 865.3886108398438, 796.765625], [861.4467163085938, 445.93115234375, 953.67822265625, 743.5247192382812], [923.6665649414062, 443.8901062011719, 1003.462890625, 693.5823974609375], [1078.3642578125, 454.373046875, 1130.69677734375, 591.4713134765625], [667.8521728515625, 442.54388427734375, 745.0680541992188, 825.9495239257812], [1185.658203125, 456.4571533203125, 1216.1629638671875, 543.9013671875], [1855.16796875, 397.8260498046875, 1918.8089599609375, 658.1387329101562], [1142.6763916015625, 443.95849609375, 1175.7713623046875, 544.0224609375]]","[0.837890625, 0.6884765625, 0.68701171875, 0.268310546875, 0.3544921875, 0.5146484375, 0.43798828125, 0.269775390625, 0.32861328125]","[[620.8148803710938, 896.421142578125], [806.0958557128906, 796.765625], [907.5624694824219, 743.5247192382812], [963.5647277832031, 693.5823974609375], [1104.530517578125, 591.4713134765625], [706.4601135253906, 825.9495239257812], [1200.9105834960938, 543.9013671875], [1886.9884643554688, 658.1387329101562], [1159.223876953125, 544.0224609375]]",425394176,410943488,425394176,640,yolo26s_int8_640_ncnn_model,MOT17-02
166,166.49361200006751,0.0,8,"[2, 4, 8, 143, 6, 159, 10, 100]","[[533.7522583007812, 427.52032470703125, 709.1431884765625, 895.534423828125], [747.3402709960938, 433.0780944824219, 867.5613403320312, 802.797119140625], [864.5384521484375, 446.2407531738281, 958.375244140625, 744.1829833984375], [924.1788940429688, 440.17694091796875, 1005.8772583007812, 696.3721923828125], [1078.680419921875, 450.95849609375, 1131.803466796875, 590.6428833007812], [672.5223388671875, 446.37945556640625, 750.9591674804688, 828.8926391601562], [1184.8564453125, 457.696044921875, 1214.9925537109375, 543.8224487304688], [1855.5633544921875, 404.5087585449219, 1918.4239501953125, 657.8709106445312]]","[0.8310546875, 0.67529296875, 0.6689453125, 0.459228515625, 0.350830078125, 0.52392578125, 0.40625, 0.266357421875]","[[621.4477233886719, 895.534423828125], [807.4508056640625, 802.797119140625], [911.4568481445312, 744.1829833984375], [965.028076171875, 696.3721923828125], [1105.241943359375, 590.6428833007812], [711.7407531738281, 828.8926391601562], [1199.9244995117188, 543.8224487304688], [1886.99365234375, 657.8709106445312]]",425394176,410943488,425394176,640,yolo26s_int8_640_ncnn_model,MOT17-02
167,165.89425900019705,0.0,9,"[2, 4, 8, 143, 6, 159, 10, 100, 145]","[[539.0938720703125, 429.2692565917969, 719.1051025390625, 902.7981567382812], [748.33349609375, 432.5277404785156, 868.4288330078125, 803.8283081054688], [868.5242309570312, 446.62115478515625, 964.0464477539062, 744.1728515625], [928.5460815429688, 437.2875061035156, 1010.3080444335938, 695.9339599609375], [1078.3751220703125, 447.9393005371094, 1132.6365966796875, 591.0655517578125], [673.5028686523438, 443.2367248535156, 751.7987670898438, 824.3817749023438], [1183.2474365234375, 457.6529235839844, 1213.9566650390625, 544.2899780273438], [1855.457763671875, 404.64013671875, 1918.53271484375, 657.7846069335938], [1145.817138671875, 439.5721435546875, 1181.0338134765625, 544.895263671875]]","[0.8408203125, 0.69482421875, 0.626953125, 0.59375, 0.41796875, 0.4384765625, 0.346923828125, 0.298828125, 0.3994140625]","[[629.0994873046875, 902.7981567382812], [808.3811645507812, 803.8283081054688], [916.2853393554688, 744.1728515625], [969.4270629882812, 695.9339599609375], [1105.505859375, 591.0655517578125], [712.6508178710938, 824.3817749023438], [1198.60205078125, 544.2899780273438], [1886.9952392578125, 657.7846069335938], [1163.4254760742188, 544.895263671875]]",425394176,410943488,425394176,640,yolo26s_int8_640_ncnn_model,MOT17-02
168,165.06116599998677,0.0,9,"[2, 4, 8, 143, 6, 159, 10, 100, 145]","[[542.7518310546875, 427.7345275878906, 725.1312866210938, 900.8251953125], [750.0267333984375, 432.5732727050781, 871.2191772460938, 809.82666015625], [876.4229125976562, 448.5130615234375, 971.4617919921875, 734.4923706054688], [932.068359375, 437.6527404785156, 1008.0075073242188, 674.5765380859375], [1078.341552734375, 448.5174560546875, 1132.8531494140625, 592.4544067382812], [676.9193725585938, 446.5732727050781, 756.001953125, 828.1980590820312], [1183.2244873046875, 457.87677001953125, 1214.0633544921875, 544.21337890625], [1854.4605712890625, 399.63946533203125, 1919.02978515625, 657.7537231445312], [1147.0123291015625, 445.1954345703125, 1180.5159912109375, 544.4963989257812]]","[0.82470703125, 0.7041015625, 0.66357421875, 0.464599609375, 0.471435546875, 0.490478515625, 0.28759765625, 0.295166015625, 0.355224609375]","[[633.9415588378906, 900.8251953125], [810.6229553222656, 809.82666015625], [923.9423522949219, 734.4923706054688], [970.0379333496094, 674.5765380859375], [1105.5973510742188, 592.4544067382812], [716.4606628417969, 828.1980590820312], [1198.6439208984375, 544.21337890625], [1886.7451782226562, 657.7537231445312], [1163.76416015625, 544.4963989257812]]",425394176,410943488,425394176,640,yolo26s_int8_640_ncnn_model,MOT17-02
169,164.94049900006758,0.0,7,"[2, 4, 8, 143, 6, 159, 100]","[[542.0689086914062, 431.3585205078125, 725.4902954101562, 896.794189453125], [750.5335693359375, 433.08990478515625, 871.3020629882812, 811.5645751953125], [879.9851684570312, 450.5072326660156, 976.4248046875, 732.5507202148438], [935.5013427734375, 436.28326416015625, 1012.8551635742188, 678.946044921875], [1077.98388671875, 447.7901611328125, 1133.25927734375, 593.9765014648438], [677.99853515625, 444.0476379394531, 757.658203125, 826.3426513671875], [1851.6312255859375, 398.2540588378906, 1917.697265625, 658.2401733398438]]","[0.81005859375, 0.68994140625, 0.65869140625, 0.60302734375, 0.461181640625, 0.55126953125, 0.326171875]","[[633.7796020507812, 896.794189453125], [810.9178161621094, 811.5645751953125], [928.2049865722656, 732.5507202148438], [974.1782531738281, 678.946044921875], [1105.62158203125, 593.9765014648438], [717.828369140625, 826.3426513671875], [1884.6642456054688, 658.2401733398438]]",425394176,410943488,425394176,640,yolo26s_int8_640_ncnn_model,MOT17-02
170,165.24066699980722,0.0,7,"[2, 4, 8, 143, 6, 159, 145]","[[545.7819213867188, 432.75830078125, 732.4755859375, 895.2030029296875], [752.6881103515625, 434.2815856933594, 873.1488647460938, 816.0921020507812], [880.401123046875, 450.9864501953125, 978.8751831054688, 733.12255859375], [938.060546875, 442.0081787109375, 1015.11669921875, 685.1921997070312], [1078.104736328125, 446.80078125, 1133.14013671875, 592.3497314453125], [679.6490478515625, 447.3262634277344, 759.9057006835938, 828.3632202148438], [1151.5238037109375, 439.193359375, 1186.816650390625, 541.1317749023438]]","[0.8193359375, 0.6845703125, 0.64599609375, 0.58837890625, 0.346435546875, 0.5869140625, 0.3408203125]","[[639.1287536621094, 895.2030029296875], [812.9184875488281, 816.0921020507812], [929.6381530761719, 733.12255859375], [976.588623046875, 685.1921997070312], [1105.6224365234375, 592.3497314453125], [719.7773742675781, 828.3632202148438], [1169.1702270507812, 541.1317749023438]]",425394176,410943488,425394176,640,yolo26s_int8_640_ncnn_model,MOT17-02
171,178.745347000131,0.0,7,"[2, 4, 8, 143, 6, 159, 145]","[[550.425048828125, 433.283447265625, 742.1760864257812, 894.5806274414062], [756.0307006835938, 435.7223205566406, 875.1268920898438, 816.765625], [881.6979370117188, 452.4035949707031, 982.371826171875, 735.1119384765625], [941.5891723632812, 437.2337341308594, 1021.1512451171875, 690.5773315429688], [1077.626953125, 448.172607421875, 1132.6136474609375, 592.9474487304688], [681.1504516601562, 443.3053283691406, 762.7393798828125, 829.3502807617188], [1152.3153076171875, 441.1218566894531, 1187.145751953125, 539.1985473632812]]","[0.79150390625, 0.6962890625, 0.67626953125, 0.68017578125, 0.41455078125, 0.5771484375, 0.357421875]","[[646.3005676269531, 894.5806274414062], [815.5787963867188, 816.765625], [932.0348815917969, 735.1119384765625], [981.3702087402344, 690.5773315429688], [1105.1203002929688, 592.9474487304688], [721.9449157714844, 829.3502807617188], [1169.7305297851562, 539.1985473632812]]",425394176,410943488,425394176,640,yolo26s_int8_640_ncnn_model,MOT17-02
172,182.56520299996737,0.0,8,"[2, 4, 8, 143, 6, 159, 145, 100]","[[553.809814453125, 436.45458984375, 748.5156860351562, 896.313720703125], [758.9532470703125, 434.5487976074219, 877.0487670898438, 815.7064819335938], [881.9999389648438, 456.4089660644531, 983.6024169921875, 736.3817138671875], [944.2573852539062, 435.4494323730469, 1025.8292236328125, 696.4940185546875], [1076.92138671875, 449.2130126953125, 1131.9346923828125, 593.66748046875], [683.1007690429688, 445.2575378417969, 766.2644653320312, 837.128173828125], [1151.19677734375, 444.61346435546875, 1186.5667724609375, 541.7601928710938], [1850.3765869140625, 400.4581298828125, 1916.923583984375, 658.14111328125]]","[0.7900390625, 0.6591796875, 0.65966796875, 0.724609375, 0.48486328125, 0.55029296875, 0.307373046875, 0.27685546875]","[[651.1627502441406, 896.313720703125], [818.0010070800781, 815.7064819335938], [932.8011779785156, 736.3817138671875], [985.0433044433594, 696.4940185546875], [1104.4280395507812, 593.66748046875], [724.6826171875, 837.128173828125], [1168.8817749023438, 541.7601928710938], [1883.6500854492188, 658.14111328125]]",425394176,410943488,425394176,640,yolo26s_int8_640_ncnn_model,MOT17-02
173,165.65992599998935,0.0,8,"[2, 4, 8, 143, 6, 159, 145, 150]","[[551.5576171875, 434.4136657714844, 751.2737426757812, 898.1919555664062], [761.9928588867188, 435.57977294921875, 880.6348876953125, 821.6458129882812], [881.1561279296875, 448.9075012207031, 986.7389526367188, 738.87646484375], [944.685302734375, 434.0386962890625, 1028.03173828125, 703.3892211914062], [1076.2313232421875, 453.5770568847656, 1130.115478515625, 593.9363403320312], [685.686767578125, 447.2279357910156, 768.5909423828125, 834.8582763671875], [1150.3914794921875, 444.6622009277344, 1186.6685791015625, 542.9655151367188], [509.27166748046875, 457.21142578125, 547.097412109375, 559.9010009765625]]","[0.8037109375, 0.60791015625, 0.669921875, 0.63232421875, 0.52392578125, 0.5205078125, 0.427734375, 0.3427734375]","[[651.4156799316406, 898.1919555664062], [821.3138732910156, 821.6458129882812], [933.9475402832031, 738.87646484375], [986.3585205078125, 703.3892211914062], [1103.1734008789062, 593.9363403320312], [727.1388549804688, 834.8582763671875], [1168.530029296875, 542.9655151367188], [528.1845397949219, 559.9010009765625]]",425394176,410943488,425394176,640,yolo26s_int8_640_ncnn_model,MOT17-02
174,165.86748100007753,0.0,8,"[2, 4, 8, 143, 6, 159, 145, 150]","[[552.9729614257812, 436.10504150390625, 755.8096313476562, 904.3156127929688], [768.6632690429688, 443.09100341796875, 879.283203125, 800.0133666992188], [882.3670043945312, 444.1641845703125, 990.1616821289062, 739.8004760742188], [945.1177368164062, 433.75177001953125, 1030.3641357421875, 709.6517944335938], [1077.342041015625, 454.2530822753906, 1131.04541015625, 594.03173828125], [687.6873168945312, 449.7114562988281, 769.3035888671875, 832.17822265625], [1149.2197265625, 449.12799072265625, 1184.546630859375, 543.9166259765625], [509.8184509277344, 457.9229431152344, 546.679443359375, 560.1820068359375]]","[0.8203125, 0.6748046875, 0.70703125, 0.52978515625, 0.5, 0.431640625, 0.298095703125, 0.337646484375]","[[654.3912963867188, 904.3156127929688], [823.9732360839844, 800.0133666992188], [936.2643432617188, 739.8004760742188], [987.7409362792969, 709.6517944335938], [1104.1937255859375, 594.03173828125], [728.4954528808594, 832.17822265625], [1166.8831787109375, 543.9166259765625], [528.2489471435547, 560.1820068359375]]",425394176,410943488,425394176,640,yolo26s_int8_640_ncnn_model,MOT17-02
175,166.44755600009375,0.0,7,"[2, 4, 143, 6, 159, 145, 150]","[[556.75048828125, 434.76336669921875, 762.0126342773438, 904.6318359375], [771.0225219726562, 446.02490234375, 879.7251586914062, 796.4857788085938], [953.187744140625, 433.1728820800781, 1033.859130859375, 696.9594116210938], [1077.082275390625, 453.50152587890625, 1131.069091796875, 594.0618286132812], [689.1463012695312, 449.6285705566406, 770.7092895507812, 834.1194458007812], [1150.75439453125, 450.09283447265625, 1186.6644287109375, 545.0445556640625], [511.6078796386719, 457.66229248046875, 547.922119140625, 559.7786254882812]]","[0.82666015625, 0.70361328125, 0.365478515625, 0.4794921875, 0.290283203125, 0.272216796875, 0.369384765625]","[[659.3815612792969, 904.6318359375], [825.3738403320312, 796.4857788085938], [993.5234375, 696.9594116210938], [1104.07568359375, 594.0618286132812], [729.9277954101562, 834.1194458007812], [1168.7094116210938, 545.0445556640625], [529.7649993896484, 559.7786254882812]]",425394176,410943488,425394176,640,yolo26s_int8_640_ncnn_model,MOT17-02
176,165.4809069998464,0.0,7,"[2, 4, 143, 6, 145, 150, 8]","[[557.4857177734375, 435.2277526855469, 764.886474609375, 909.64208984375], [770.2672729492188, 445.5346374511719, 879.345458984375, 797.7586669921875], [958.2098999023438, 434.2196960449219, 1042.0623779296875, 707.5277099609375], [1076.881103515625, 453.2127685546875, 1131.1800537109375, 594.06787109375], [1157.815673828125, 450.6826171875, 1195.831298828125, 545.2086791992188], [513.0081787109375, 459.795166015625, 547.612548828125, 559.375732421875], [883.4305419921875, 452.2586364746094, 988.8458862304688, 739.2570190429688]]","[0.8134765625, 0.72119140625, 0.381591796875, 0.412841796875, 0.32958984375, 0.28515625, 0.70556640625]","[[661.1860961914062, 909.64208984375], [824.8063659667969, 797.7586669921875], [1000.1361389160156, 707.5277099609375], [1104.0305786132812, 594.06787109375], [1176.823486328125, 545.2086791992188], [530.3103637695312, 559.375732421875], [936.1382141113281, 739.2570190429688]]",425394176,410943488,425394176,640,yolo26s_int8_640_ncnn_model,MOT17-02
177,164.6266839998134,0.0,6,"[2, 4, 143, 6, 145, 8]","[[558.463134765625, 427.26727294921875, 772.97216796875, 915.6814575195312], [769.6533203125, 444.8221130371094, 879.41455078125, 798.746337890625], [968.345703125, 434.8512878417969, 1052.252685546875, 700.4031372070312], [1074.9423828125, 453.8423767089844, 1129.1187744140625, 593.3214721679688], [1159.4586181640625, 448.144775390625, 1200.2015380859375, 546.0144653320312], [884.1722412109375, 453.48870849609375, 989.3001098632812, 737.7904663085938]]","[0.80322265625, 0.71044921875, 0.48291015625, 0.326416015625, 0.403076171875, 0.720703125]","[[665.7176513671875, 915.6814575195312], [824.533935546875, 798.746337890625], [1010.2991943359375, 700.4031372070312], [1102.0305786132812, 593.3214721679688], [1179.830078125, 546.0144653320312], [936.7361755371094, 737.7904663085938]]",425394176,410943488,425394176,640,yolo26s_int8_640_ncnn_model,MOT17-02
178,164.76192499999343,0.0,6,"[2, 4, 143, 6, 145, 8]","[[561.4458618164062, 426.45367431640625, 776.194580078125, 915.7180786132812], [772.7099609375, 445.0186462402344, 881.9918823242188, 798.6372680664062], [972.8706665039062, 434.37188720703125, 1058.3162841796875, 700.2492065429688], [1075.6221923828125, 451.8370666503906, 1130.907958984375, 594.2785034179688], [1159.4788818359375, 447.6856994628906, 1201.3436279296875, 545.8197021484375], [887.0429077148438, 451.4034423828125, 992.7926025390625, 737.788330078125]]","[0.8203125, 0.7138671875, 0.58837890625, 0.412841796875, 0.45556640625, 0.73193359375]","[[668.8202209472656, 915.7180786132812], [827.3509216308594, 798.6372680664062], [1015.5934753417969, 700.2492065429688], [1103.2650756835938, 594.2785034179688], [1180.4112548828125, 545.8197021484375], [939.9177551269531, 737.788330078125]]",425394176,410943488,425394176,640,yolo26s_int8_640_ncnn_model,MOT17-02
179,182.35159099981502,0.0,7,"[2, 4, 143, 6, 145, 8, 175]","[[567.1425170898438, 426.90496826171875, 780.53173828125, 915.8888549804688], [772.8963012695312, 440.5821228027344, 883.8010864257812, 801.0991821289062], [974.3856811523438, 434.9424743652344, 1061.4793701171875, 703.37939453125], [1075.45751953125, 449.6119384765625, 1132.0008544921875, 595.1253051757812], [1158.7529296875, 447.2560119628906, 1201.3681640625, 545.9838256835938], [891.2317504882812, 448.3832702636719, 996.7787475585938, 736.06396484375], [571.4248657226562, 454.95001220703125, 623.1751098632812, 545.8499755859375]]","[0.82861328125, 0.73876953125, 0.5087890625, 0.55224609375, 0.451904296875, 0.72705078125, 0.3779296875]","[[673.8371276855469, 915.8888549804688], [828.3486938476562, 801.0991821289062], [1017.9325256347656, 703.37939453125], [1103.7291870117188, 595.1253051757812], [1180.060546875, 545.9838256835938], [944.0052490234375, 736.06396484375], [597.2999877929688, 545.8499755859375]]",425394176,410943488,425394176,640,yolo26s_int8_640_ncnn_model,MOT17-02
180,164.8787030001131,0.0,7,"[2, 4, 143, 6, 145, 8, 175]","[[570.6873779296875, 427.1025695800781, 781.5800170898438, 915.8832397460938], [775.3416748046875, 441.8701171875, 885.9442749023438, 802.0258178710938], [975.5840454101562, 438.8600769042969, 1063.736572265625, 707.73583984375], [1076.3853759765625, 449.9954528808594, 1132.410400390625, 594.2167358398438], [1157.59375, 449.3118896484375, 1199.1787109375, 545.7943725585938], [895.3074951171875, 449.4615173339844, 999.5848388671875, 735.1813354492188], [571.673583984375, 449.388671875, 628.2560424804688, 548.8623657226562]]","[0.814453125, 0.7509765625, 0.461669921875, 0.560546875, 0.435302734375, 0.74365234375, 0.458740234375]","[[676.1336975097656, 915.8832397460938], [830.6429748535156, 802.0258178710938], [1019.6603088378906, 707.73583984375], [1104.3978881835938, 594.2167358398438], [1178.38623046875, 545.7943725585938], [947.4461669921875, 735.1813354492188], [599.9648132324219, 548.8623657226562]]",425394176,410943488,425394176,640,yolo26s_int8_640_ncnn_model,MOT17-02
181,166.24555599992163,0.0,7,"[2, 4, 143, 6, 145, 8, 175]","[[572.2008666992188, 421.277587890625, 785.531005859375, 918.7793579101562], [777.7354125976562, 443.3497009277344, 887.1473388671875, 802.378662109375], [975.9711303710938, 439.61859130859375, 1065.345458984375, 709.1099853515625], [1076.292724609375, 450.1585998535156, 1132.0283203125, 593.8567504882812], [1157.52392578125, 448.59918212890625, 1198.8297119140625, 545.2166137695312], [899.4796142578125, 447.3805236816406, 1003.7884521484375, 735.3670043945312], [572.0169677734375, 452.5089111328125, 630.8320922851562, 556.0020141601562]]","[0.81982421875, 0.767578125, 0.611328125, 0.5986328125, 0.462890625, 0.7451171875, 0.449951171875]","[[678.8659362792969, 918.7793579101562], [832.4413757324219, 802.378662109375], [1020.6582946777344, 709.1099853515625], [1104.1605224609375, 593.8567504882812], [1178.1768188476562, 545.2166137695312], [951.634033203125, 735.3670043945312], [601.4245300292969, 556.0020141601562]]",425394176,410943488,425394176,640,yolo26s_int8_640_ncnn_model,MOT17-02
182,169.76254099995458,0.0,7,"[2, 4, 143, 6, 145, 8, 175]","[[572.2034301757812, 419.8338928222656, 782.5053100585938, 913.2062377929688], [781.506591796875, 444.1473388671875, 889.565185546875, 801.26611328125], [976.010986328125, 439.4024658203125, 1068.7491455078125, 715.998291015625], [1076.95263671875, 449.9818420410156, 1133.165283203125, 594.9560546875], [1156.9407958984375, 449.07244873046875, 1197.20166015625, 544.2554931640625], [904.2557373046875, 446.8470764160156, 1009.8926391601562, 743.127685546875], [568.9189453125, 451.110595703125, 634.2327880859375, 566.5557250976562]]","[0.80517578125, 0.78662109375, 0.50634765625, 0.580078125, 0.441650390625, 0.755859375, 0.51806640625]","[[677.3543701171875, 913.2062377929688], [835.535888671875, 801.26611328125], [1022.3800659179688, 715.998291015625], [1105.0589599609375, 594.9560546875], [1177.0712280273438, 544.2554931640625], [957.0741882324219, 743.127685546875], [601.5758666992188, 566.5557250976562]]",425394176,410943488,425394176,640,yolo26s_int8_640_ncnn_model,MOT17-02
183,165.1455190001343,0.0,7,"[2, 4, 143, 6, 145, 8, 175]","[[578.5239868164062, 419.3243713378906, 787.614990234375, 912.965087890625], [783.1708984375, 442.6940002441406, 891.0904541015625, 799.599853515625], [976.9185180664062, 435.3998107910156, 1072.856689453125, 720.5071411132812], [1077.930419921875, 452.8813171386719, 1132.859130859375, 594.3809814453125], [1155.98974609375, 450.4932861328125, 1195.2371826171875, 544.6400756835938], [907.4714965820312, 446.1598205566406, 1012.5648193359375, 746.5413818359375], [567.4757690429688, 454.66082763671875, 635.2197265625, 575.21337890625]]","[0.82568359375, 0.78466796875, 0.60498046875, 0.58544921875, 0.41162109375, 0.74560546875, 0.452392578125]","[[683.0694885253906, 912.965087890625], [837.1306762695312, 799.599853515625], [1024.8876037597656, 720.5071411132812], [1105.394775390625, 594.3809814453125], [1175.6134643554688, 544.6400756835938], [960.0181579589844, 746.5413818359375], [601.3477478027344, 575.21337890625]]",425394176,410943488,425394176,640,yolo26s_int8_640_ncnn_model,MOT17-02
184,165.67501899999115,0.0,7,"[2, 4, 143, 6, 145, 8, 175]","[[579.0109252929688, 415.7140197753906, 787.310546875, 910.3734130859375], [784.4237060546875, 440.8941345214844, 894.8687133789062, 809.15185546875], [980.7003784179688, 433.8581237792969, 1073.7095947265625, 708.5501098632812], [1076.978271484375, 453.50189208984375, 1132.0587158203125, 594.6524658203125], [1155.87646484375, 452.2646484375, 1194.2066650390625, 544.5367431640625], [910.6041259765625, 445.6562805175781, 1015.3909301757812, 751.0265502929688], [562.9989624023438, 455.8555603027344, 636.9014282226562, 589.5283813476562]]","[0.8291015625, 0.7578125, 0.642578125, 0.59130859375, 0.465087890625, 0.6318359375, 0.4697265625]","[[683.1607360839844, 910.3734130859375], [839.6462097167969, 809.15185546875], [1027.2049865722656, 708.5501098632812], [1104.5184936523438, 594.6524658203125], [1175.0415649414062, 544.5367431640625], [962.9975280761719, 751.0265502929688], [599.9501953125, 589.5283813476562]]",425394176,410943488,425394176,640,yolo26s_int8_640_ncnn_model,MOT17-02
185,165.73148199995558,0.0,7,"[2, 4, 143, 6, 145, 8, 175]","[[582.6779174804688, 417.34869384765625, 789.432861328125, 914.3023071289062], [785.3914184570312, 438.2592468261719, 897.6406860351562, 814.6729125976562], [983.962158203125, 437.9944763183594, 1074.8953857421875, 705.9530639648438], [1075.0643310546875, 450.9941711425781, 1131.325439453125, 594.5020141601562], [1156.1434326171875, 454.6695251464844, 1193.46923828125, 543.7467651367188], [914.5137939453125, 444.7366638183594, 1018.4469604492188, 754.4249877929688], [560.7738647460938, 454.63287353515625, 639.9465942382812, 600.3702392578125]]","[0.7919921875, 0.767578125, 0.6103515625, 0.517578125, 0.443603515625, 0.64501953125, 0.5498046875]","[[686.0553894042969, 914.3023071289062], [841.5160522460938, 814.6729125976562], [1029.4287719726562, 705.9530639648438], [1103.1948852539062, 594.5020141601562], [1174.8063354492188, 543.7467651367188], [966.4803771972656, 754.4249877929688], [600.3602294921875, 600.3702392578125]]",425394176,410943488,425394176,640,yolo26s_int8_640_ncnn_model,MOT17-02
186,165.58079600008568,0.0,7,"[2, 4, 143, 6, 145, 8, 175]","[[590.2451171875, 416.5340881347656, 793.7398071289062, 913.3069458007812], [787.9373168945312, 438.47235107421875, 899.328369140625, 813.5785522460938], [984.3829345703125, 440.7949523925781, 1079.8914794921875, 724.6917114257812], [1074.1241455078125, 450.29974365234375, 1131.2757568359375, 595.182373046875], [1154.1461181640625, 453.0103759765625, 1193.231201171875, 545.98583984375], [917.6456298828125, 445.1277770996094, 1020.7069702148438, 759.8464965820312], [560.97119140625, 453.8876953125, 642.4154663085938, 606.63134765625]]","[0.78515625, 0.76123046875, 0.69482421875, 0.51513671875, 0.45556640625, 0.646484375, 0.625]","[[691.9924621582031, 913.3069458007812], [843.6328430175781, 813.5785522460938], [1032.13720703125, 724.6917114257812], [1102.699951171875, 595.182373046875], [1173.6886596679688, 545.98583984375], [969.1763000488281, 759.8464965820312], [601.6933288574219, 606.63134765625]]",425394176,410943488,425394176,640,yolo26s_int8_640_ncnn_model,MOT17-02
187,165.9336479999638,0.0,7,"[2, 4, 143, 6, 145, 8, 175]","[[595.4866333007812, 417.4983215332031, 797.255859375, 914.628173828125], [790.2249145507812, 436.8419494628906, 901.46875, 812.8482055664062], [986.8657836914062, 443.75067138671875, 1083.1971435546875, 733.433349609375], [1073.2923583984375, 444.8636779785156, 1132.7254638671875, 595.6849975585938], [1154.373779296875, 453.88433837890625, 1193.1802978515625, 545.311279296875], [921.5245971679688, 444.31005859375, 1023.5714721679688, 762.8494873046875], [561.5374755859375, 454.0482482910156, 642.4415283203125, 608.3816528320312]]","[0.79833984375, 0.72998046875, 0.6689453125, 0.494140625, 0.42041015625, 0.63720703125, 0.642578125]","[[696.3712463378906, 914.628173828125], [845.8468322753906, 812.8482055664062], [1035.0314636230469, 733.433349609375], [1103.0089111328125, 595.6849975585938], [1173.7770385742188, 545.311279296875], [972.5480346679688, 762.8494873046875], [601.989501953125, 608.3816528320312]]",425394176,410943488,425394176,640,yolo26s_int8_640_ncnn_model,MOT17-02
188,174.50439900017045,0.0,8,"[2, 4, 143, 6, 145, 8, 175, 184]","[[598.4371948242188, 420.122802734375, 797.8934936523438, 917.8236083984375], [791.951416015625, 436.48089599609375, 907.1962280273438, 824.116455078125], [995.6822509765625, 443.4281005859375, 1086.15380859375, 716.7636108398438], [1073.0775146484375, 445.2554016113281, 1132.2073974609375, 595.3841552734375], [1153.814208984375, 451.70159912109375, 1193.793212890625, 545.5413208007812], [927.5438232421875, 445.9614562988281, 1026.772705078125, 758.0677490234375], [560.0537719726562, 450.0351867675781, 643.6402587890625, 612.8016967773438], [509.37078857421875, 460.5, 544.5292358398438, 561.0]]","[0.7666015625, 0.71875, 0.55419921875, 0.466796875, 0.40380859375, 0.63623046875, 0.66650390625, 0.350830078125]","[[698.1653442382812, 917.8236083984375], [849.5738220214844, 824.116455078125], [1040.9180297851562, 716.7636108398438], [1102.6424560546875, 595.3841552734375], [1173.8037109375, 545.5413208007812], [977.1582641601562, 758.0677490234375], [601.8470153808594, 612.8016967773438], [526.9500122070312, 561.0]]",425394176,410943488,425394176,640,yolo26s_int8_640_ncnn_model,MOT17-02
189,163.8346280001315,0.0,8,"[2, 4, 143, 6, 145, 8, 175, 184]","[[599.8069458007812, 421.6371154785156, 799.629150390625, 926.420654296875], [795.6546630859375, 438.7936706542969, 910.0939331054688, 821.0123901367188], [1000.565185546875, 447.27716064453125, 1087.5435791015625, 711.9998779296875], [1075.6519775390625, 447.66082763671875, 1133.2958984375, 595.01171875], [1155.43701171875, 449.16192626953125, 1197.10986328125, 545.3781127929688], [936.6521606445312, 446.6135559082031, 1034.81396484375, 756.130126953125], [559.9119262695312, 448.9360656738281, 642.7031860351562, 612.9527587890625], [508.0498352050781, 454.4895324707031, 544.5908203125, 558.9965209960938]]","[0.74755859375, 0.7041015625, 0.52685546875, 0.423583984375, 0.464599609375, 0.6220703125, 0.64501953125, 0.314208984375]","[[699.7180480957031, 926.420654296875], [852.8742980957031, 821.0123901367188], [1044.0543823242188, 711.9998779296875], [1104.4739379882812, 595.01171875], [1176.2734375, 545.3781127929688], [985.7330627441406, 756.130126953125], [601.3075561523438, 612.9527587890625], [526.3203277587891, 558.9965209960938]]",425394176,410943488,425394176,640,yolo26s_int8_640_ncnn_model,MOT17-02
190,164.46510999981,0.0,8,"[2, 4, 143, 6, 145, 8, 175, 186]","[[602.0319213867188, 421.48236083984375, 803.3016357421875, 936.2666015625], [796.8340454101562, 433.5343933105469, 911.2780151367188, 815.0067138671875], [1001.8027954101562, 437.346435546875, 1094.399658203125, 724.5529174804688], [1073.8653564453125, 444.3844909667969, 1132.517822265625, 595.1124267578125], [1155.535400390625, 449.9076232910156, 1197.8992919921875, 545.5585327148438], [943.23779296875, 448.59527587890625, 1040.375, 752.6358642578125], [560.4560546875, 452.5798034667969, 640.2420043945312, 613.4091796875], [1095.9210205078125, 446.92498779296875, 1132.779052734375, 586.2750244140625]]","[0.68505859375, 0.76513671875, 0.5390625, 0.423828125, 0.412841796875, 0.64697265625, 0.66943359375, 0.3544921875]","[[702.6667785644531, 936.2666015625], [854.0560302734375, 815.0067138671875], [1048.1012268066406, 724.5529174804688], [1103.1915893554688, 595.1124267578125], [1176.7173461914062, 545.5585327148438], [991.806396484375, 752.6358642578125], [600.3490295410156, 613.4091796875], [1114.3500366210938, 586.2750244140625]]",425394176,410943488,425394176,640,yolo26s_int8_640_ncnn_model,MOT17-02
191,164.06594300019606,0.0,7,"[2, 4, 143, 6, 145, 8, 175]","[[605.4088134765625, 419.2255859375, 807.3692016601562, 942.1535034179688], [797.8838500976562, 433.28875732421875, 911.947998046875, 813.9299926757812], [1008.6624145507812, 443.6884460449219, 1095.2515869140625, 712.3961181640625], [1076.6551513671875, 442.93316650390625, 1134.656982421875, 593.43212890625], [1153.546630859375, 449.4593811035156, 1197.2274169921875, 547.3572387695312], [948.8884887695312, 448.3476257324219, 1046.9658203125, 752.2763061523438], [559.9074096679688, 453.0798034667969, 638.5364990234375, 614.2676391601562]]","[0.62744140625, 0.76025390625, 0.399169921875, 0.38818359375, 0.38037109375, 0.67138671875, 0.65185546875]","[[706.3890075683594, 942.1535034179688], [854.9159240722656, 813.9299926757812], [1051.9570007324219, 712.3961181640625], [1105.6560668945312, 593.43212890625], [1175.3870239257812, 547.3572387695312], [997.9271545410156, 752.2763061523438], [599.2219543457031, 614.2676391601562]]",425394176,410943488,425394176,640,yolo26s_int8_640_ncnn_model,MOT17-02
192,163.75975799996922,0.0,8,"[2, 4, 143, 145, 8, 175, 184, 186]","[[608.5292358398438, 417.8779602050781, 810.3265380859375, 946.7619018554688], [799.4833984375, 432.2313232421875, 914.794677734375, 815.4742431640625], [1011.12353515625, 440.2482604980469, 1097.4178466796875, 709.2989501953125], [1153.1715087890625, 451.4977111816406, 1196.5858154296875, 546.8033447265625], [952.6533203125, 452.4661560058594, 1050.4630126953125, 750.8878173828125], [562.1521606445312, 454.4873352050781, 639.2937622070312, 615.1409912109375], [509.5716247558594, 459.29058837890625, 544.679931640625, 559.4971923828125], [1094.0032958984375, 445.2995910644531, 1132.258544921875, 589.5258178710938]]","[0.6123046875, 0.7294921875, 0.344970703125, 0.427978515625, 0.73681640625, 0.64501953125, 0.31298828125, 0.35205078125]","[[709.4278869628906, 946.7619018554688], [857.1390380859375, 815.4742431640625], [1054.2706909179688, 709.2989501953125], [1174.878662109375, 546.8033447265625], [1001.5581665039062, 750.8878173828125], [600.7229614257812, 615.1409912109375], [527.1257781982422, 559.4971923828125], [1113.1309204101562, 589.5258178710938]]",425394176,410943488,425394176,640,yolo26s_int8_640_ncnn_model,MOT17-02
193,166.14688999993632,0.0,7,"[2, 4, 143, 145, 8, 175, 184]","[[615.5784301757812, 422.0295104980469, 815.1922607421875, 952.5833129882812], [802.33056640625, 435.05859375, 917.4297485351562, 816.7774658203125], [1014.6984252929688, 445.4660339355469, 1099.330322265625, 707.677490234375], [1150.8385009765625, 451.0469055175781, 1194.5174560546875, 546.8245239257812], [952.9014282226562, 457.0142517089844, 1051.587158203125, 754.3443603515625], [562.5123291015625, 454.3038024902344, 639.1213989257812, 616.005859375], [509.220947265625, 457.28070068359375, 545.2572631835938, 560.15869140625]]","[0.5869140625, 0.77294921875, 0.3505859375, 0.379638671875, 0.76416015625, 0.68701171875, 0.328369140625]","[[715.3853454589844, 952.5833129882812], [859.8801574707031, 816.7774658203125], [1057.0143737792969, 707.677490234375], [1172.677978515625, 546.8245239257812], [1002.2442932128906, 754.3443603515625], [600.8168640136719, 616.005859375], [527.2391052246094, 560.15869140625]]",425394176,410943488,425394176,640,yolo26s_int8_640_ncnn_model,MOT17-02
194,164.1302769999129,0.0,9,"[2, 4, 143, 145, 8, 175, 184, 188, 186]","[[620.7962036132812, 420.6921691894531, 821.195556640625, 960.5889892578125], [804.37744140625, 437.6451110839844, 920.2741088867188, 821.7013549804688], [1017.2882690429688, 441.662841796875, 1102.5223388671875, 706.8164672851562], [1150.3433837890625, 452.3598937988281, 1193.376708984375, 546.3328247070312], [953.020263671875, 456.68878173828125, 1053.677734375, 756.6173706054688], [564.1034545898438, 457.3932800292969, 638.5614624023438, 615.9268188476562], [509.406982421875, 461.101318359375, 544.1019287109375, 560.08935546875], [460.0959167480469, 480.07501220703125, 495.7041015625, 575.3250122070312], [1091.140869140625, 440.26171875, 1132.0745849609375, 594.870849609375]]","[0.6279296875, 0.7744140625, 0.5576171875, 0.35498046875, 0.7451171875, 0.6572265625, 0.270263671875, 0.36572265625, 0.321533203125]","[[720.9958801269531, 960.5889892578125], [862.3257751464844, 821.7013549804688], [1059.9053039550781, 706.8164672851562], [1171.8600463867188, 546.3328247070312], [1003.3489990234375, 756.6173706054688], [601.3324584960938, 615.9268188476562], [526.7544555664062, 560.08935546875], [477.90000915527344, 575.3250122070312], [1111.6077270507812, 594.870849609375]]",425394176,410943488,425394176,640,yolo26s_int8_640_ncnn_model,MOT17-02
195,164.26236899997093,0.0,10,"[2, 4, 143, 145, 8, 175, 184, 188, 186, 10]","[[624.642333984375, 417.9855651855469, 824.825927734375, 963.762451171875], [808.4281005859375, 437.6409912109375, 925.8150634765625, 824.5166015625], [1019.5074462890625, 437.5235900878906, 1107.204345703125, 709.2371215820312], [1148.3077392578125, 448.6152038574219, 1191.808837890625, 544.3932495117188], [953.061279296875, 456.5327453613281, 1056.1898193359375, 760.4198608398438], [565.0379638671875, 457.3622131347656, 638.9953002929688, 615.9343872070312], [509.1124572753906, 460.91705322265625, 544.0328369140625, 560.6132202148438], [461.1895751953125, 482.0201721191406, 495.52581787109375, 573.8375244140625], [1093.4425048828125, 442.11175537109375, 1133.4781494140625, 594.0914916992188], [1146.4932861328125, 456.025634765625, 1180.0758056640625, 546.0094604492188]]","[0.66748046875, 0.77685546875, 0.48486328125, 0.3115234375, 0.71630859375, 0.689453125, 0.348388671875, 0.364990234375, 0.294921875, 0.43505859375]","[[724.734130859375, 963.762451171875], [867.12158203125, 824.5166015625], [1063.3558959960938, 709.2371215820312], [1170.0582885742188, 544.3932495117188], [1004.6255493164062, 760.4198608398438], [602.0166320800781, 615.9343872070312], [526.5726470947266, 560.6132202148438], [478.3576965332031, 573.8375244140625], [1113.4603271484375, 594.0914916992188], [1163.2845458984375, 546.0094604492188]]",425394176,410943488,425394176,640,yolo26s_int8_640_ncnn_model,MOT17-02
196,190.2501920001214,0.0,9,"[2, 4, 143, 8, 175, 184, 188, 186, 10]","[[627.1886596679688, 419.1547546386719, 824.406494140625, 964.5934448242188], [814.0131225585938, 438.13134765625, 931.594482421875, 821.10498046875], [1021.52880859375, 435.4774475097656, 1113.478759765625, 720.4874267578125], [953.6355590820312, 455.7029724121094, 1058.310302734375, 762.5673828125], [565.1393432617188, 456.35382080078125, 639.3965454101562, 616.7854614257812], [508.95684814453125, 462.1069030761719, 543.55078125, 560.5521850585938], [460.64520263671875, 481.7966613769531, 495.1991271972656, 574.21728515625], [1094.4271240234375, 443.5804748535156, 1133.857177734375, 594.0213012695312], [1144.1544189453125, 455.7230529785156, 1178.4471435546875, 548.3262329101562]]","[0.7158203125, 0.79248046875, 0.5283203125, 0.6455078125, 0.72705078125, 0.330322265625, 0.39208984375, 0.298583984375, 0.386962890625]","[[725.7975769042969, 964.5934448242188], [872.8038024902344, 821.10498046875], [1067.5037841796875, 720.4874267578125], [1005.9729309082031, 762.5673828125], [602.2679443359375, 616.7854614257812], [526.2538146972656, 560.5521850585938], [477.9221649169922, 574.21728515625], [1114.1421508789062, 594.0213012695312], [1161.30078125, 548.3262329101562]]",425394176,410943488,425394176,640,yolo26s_int8_640_ncnn_model,MOT17-02
197,164.0706279999904,0.0,11,"[2, 4, 143, 8, 175, 184, 188, 186, 10, 191, 145]","[[628.0985717773438, 415.44097900390625, 823.0526123046875, 965.0069580078125], [822.4270629882812, 438.3173828125, 939.2119140625, 809.8255004882812], [1028.628662109375, 434.7137451171875, 1119.06298828125, 715.0364990234375], [958.5690307617188, 455.35980224609375, 1063.03759765625, 759.3973999023438], [565.04150390625, 458.4026794433594, 637.709716796875, 616.5014038085938], [508.77899169921875, 463.02471923828125, 542.9879150390625, 560.029296875], [459.9549255371094, 479.1547546386719, 495.60888671875, 574.6451416015625], [1098.1759033203125, 446.6824951171875, 1133.6820068359375, 583.202880859375], [1144.5093994140625, 454.6344299316406, 1178.709228515625, 546.1534423828125], [969.0377807617188, 429.2250061035156, 1119.562255859375, 708.9749755859375], [1146.739013671875, 446.39202880859375, 1190.62109375, 544.111572265625]]","[0.67138671875, 0.80517578125, 0.51416015625, 0.6435546875, 0.67626953125, 0.333740234375, 0.396484375, 0.3564453125, 0.41357421875, 0.333740234375, 0.25146484375]","[[725.5755920410156, 965.0069580078125], [880.8194885253906, 809.8255004882812], [1073.8458251953125, 715.0364990234375], [1010.8033142089844, 759.3973999023438], [601.3756103515625, 616.5014038085938], [525.8834533691406, 560.029296875], [477.7819061279297, 574.6451416015625], [1115.928955078125, 583.202880859375], [1161.6093139648438, 546.1534423828125], [1044.3000183105469, 708.9749755859375], [1168.6800537109375, 544.111572265625]]",425394176,410943488,425394176,640,yolo26s_int8_640_ncnn_model,MOT17-02
198,165.04335200011155,0.0,10,"[2, 4, 143, 8, 175, 184, 188, 10, 191, 145]","[[635.2152099609375, 417.7222900390625, 824.3826904296875, 959.399169921875], [828.2503051757812, 438.1336975097656, 947.21337890625, 806.7736206054688], [1033.521484375, 437.4132080078125, 1122.777099609375, 713.80322265625], [962.231689453125, 456.9407043457031, 1065.777587890625, 758.3848266601562], [567.7264404296875, 456.2225341796875, 640.235107421875, 615.2522583007812], [509.69439697265625, 464.3476867675781, 543.8489379882812, 560.8666381835938], [460.1934509277344, 478.81182861328125, 495.8173522949219, 574.259765625], [1143.1065673828125, 453.97027587890625, 1177.4993896484375, 548.5455322265625], [980.021728515625, 433.41558837890625, 1129.0655517578125, 710.8374633789062], [1145.57568359375, 447.6809997558594, 1189.241943359375, 546.3225708007812]]","[0.6787109375, 0.8056640625, 0.669921875, 0.6357421875, 0.76318359375, 0.362060546875, 0.369873046875, 0.40478515625, 0.406005859375, 0.366455078125]","[[729.7989501953125, 959.399169921875], [887.7318420410156, 806.7736206054688], [1078.1492919921875, 713.80322265625], [1014.004638671875, 758.3848266601562], [603.9807739257812, 615.2522583007812], [526.7716674804688, 560.8666381835938], [478.0054016113281, 574.259765625], [1160.302978515625, 548.5455322265625], [1054.5436401367188, 710.8374633789062], [1167.4088134765625, 546.3225708007812]]",425394176,410943488,425394176,640,yolo26s_int8_640_ncnn_model,MOT17-02
199,166.9414829998459,0.0,11,"[2, 4, 143, 8, 175, 184, 188, 10, 145, 6, 186]","[[637.4026489257812, 419.8622741699219, 823.6962890625, 957.8501586914062], [832.5826416015625, 439.0614013671875, 953.7330932617188, 804.6687622070312], [1038.3526611328125, 435.9729309082031, 1128.8526611328125, 715.798583984375], [966.2345581054688, 459.25592041015625, 1068.904052734375, 758.2254028320312], [568.7180786132812, 456.3694152832031, 640.7077026367188, 615.6698608398438], [509.64959716796875, 463.0276794433594, 544.5494384765625, 560.92724609375], [460.02752685546875, 481.3512268066406, 494.5703125, 573.5995483398438], [1141.951416015625, 451.2699890136719, 1176.7659912109375, 549.9258422851562], [1145.4093017578125, 447.164306640625, 1188.5093994140625, 546.134033203125], [1052.3602294921875, 438.4187927246094, 1117.3197021484375, 596.3373413085938], [1103.044921875, 439.939208984375, 1132.8131103515625, 552.3048095703125]]","[0.7265625, 0.8212890625, 0.57470703125, 0.63525390625, 0.75634765625, 0.360595703125, 0.35888671875, 0.374755859375, 0.3349609375, 0.42041015625, 0.35107421875]","[[730.5494689941406, 957.8501586914062], [893.1578674316406, 804.6687622070312], [1083.6026611328125, 715.798583984375], [1017.5693054199219, 758.2254028320312], [604.712890625, 615.6698608398438], [527.0995178222656, 560.92724609375], [477.2989196777344, 573.5995483398438], [1159.3587036132812, 549.9258422851562], [1166.9593505859375, 546.134033203125], [1084.8399658203125, 596.3373413085938], [1117.9290161132812, 552.3048095703125]]",425394176,410943488,425394176,640,yolo26s_int8_640_ncnn_model,MOT17-02
200,164.22401799991349,0.0,7,"[2, 4, 143, 8, 175, 10, 6]","[[647.3385620117188, 423.8980407714844, 831.4415893554688, 960.8997802734375], [834.0028076171875, 439.4053039550781, 958.0676879882812, 804.912109375], [1044.710693359375, 444.06353759765625, 1133.235595703125, 715.7915649414062], [973.5870361328125, 451.1409912109375, 1078.90869140625, 763.1226806640625], [569.4979858398438, 456.9126281738281, 640.4547119140625, 615.2439575195312], [1141.311279296875, 450.0040283203125, 1175.786865234375, 549.7132568359375], [1052.162353515625, 442.8241882324219, 1120.15771484375, 598.0759887695312]]","[0.7001953125, 0.84716796875, 0.5791015625, 0.6123046875, 0.70556640625, 0.42529296875, 0.32177734375]","[[739.3900756835938, 960.8997802734375], [896.0352478027344, 804.912109375], [1088.97314453125, 715.7915649414062], [1026.2478637695312, 763.1226806640625], [604.9763488769531, 615.2439575195312], [1158.549072265625, 549.7132568359375], [1086.1600341796875, 598.0759887695312]]",425394176,410943488,425394176,640,yolo26s_int8_640_ncnn_model,MOT17-02
201,164.3389070000012,0.0,10,"[2, 4, 143, 8, 175, 10, 197, 198, 184, 145]","[[649.6231689453125, 425.665283203125, 832.139404296875, 958.7608032226562], [836.6919555664062, 442.2662353515625, 963.2107543945312, 806.2809448242188], [1048.5928955078125, 447.1927490234375, 1137.08544921875, 716.7606811523438], [976.7573852539062, 447.39923095703125, 1081.037841796875, 761.7479248046875], [570.5521850585938, 457.11456298828125, 641.046875, 614.9913940429688], [1141.2532958984375, 447.0826416015625, 1176.29833984375, 550.1019287109375], [486.3320007324219, 456.67498779296875, 518.968017578125, 560.3250122070312], [1182.8709716796875, 447.9750061035156, 1215.3289794921875, 543.8250122070312], [510.4316711425781, 462.6754455566406, 545.2337036132812, 560.7232055664062], [1144.0677490234375, 444.63372802734375, 1187.1202392578125, 544.853271484375]]","[0.73828125, 0.84228515625, 0.5078125, 0.65576171875, 0.708984375, 0.376220703125, 0.339599609375, 0.35546875, 0.250244140625, 0.279052734375]","[[740.8812866210938, 958.7608032226562], [899.9513549804688, 806.2809448242188], [1092.8391723632812, 716.7606811523438], [1028.8976135253906, 761.7479248046875], [605.7995300292969, 614.9913940429688], [1158.7758178710938, 550.1019287109375], [502.65000915527344, 560.3250122070312], [1199.0999755859375, 543.8250122070312], [527.8326873779297, 560.7232055664062], [1165.593994140625, 544.853271484375]]",425394176,410943488,425394176,640,yolo26s_int8_640_ncnn_model,MOT17-02
202,164.5146289999957,0.0,8,"[2, 4, 143, 8, 175, 198, 184, 188]","[[651.6380615234375, 416.6378479003906, 837.4310913085938, 963.5814819335938], [838.1958618164062, 446.3216857910156, 966.3362426757812, 807.8219604492188], [1051.294921875, 443.5985107421875, 1141.94921875, 718.8461303710938], [981.1154174804688, 448.6573791503906, 1084.2982177734375, 764.36669921875], [572.0897216796875, 461.13861083984375, 641.0885009765625, 614.8236694335938], [1183.6341552734375, 447.5134582519531, 1215.950439453125, 542.9019165039062], [510.09832763671875, 460.2127380371094, 545.8779296875, 560.9710693359375], [457.67071533203125, 481.4877624511719, 489.0497741699219, 563.8089599609375]]","[0.7294921875, 0.8701171875, 0.5771484375, 0.6591796875, 0.78662109375, 0.402587890625, 0.27734375, 0.343505859375]","[[744.5345764160156, 963.5814819335938], [902.2660522460938, 807.8219604492188], [1096.6220703125, 718.8461303710938], [1032.7068176269531, 764.36669921875], [606.589111328125, 614.8236694335938], [1199.7922973632812, 542.9019165039062], [527.9881286621094, 560.9710693359375], [473.36024475097656, 563.8089599609375]]",425394176,410943488,425394176,640,yolo26s_int8_640_ncnn_model,MOT17-02
203,164.2046649999429,0.0,8,"[2, 4, 143, 8, 175, 198, 184, 202]","[[654.2244873046875, 409.82843017578125, 841.3189697265625, 965.8261108398438], [838.2183837890625, 447.0727233886719, 967.743896484375, 809.1687622070312], [1054.5694580078125, 442.7366943359375, 1146.1839599609375, 721.0821533203125], [981.4560546875, 447.6822814941406, 1087.5657958984375, 776.6627197265625], [573.0805053710938, 463.4142761230469, 641.6537475585938, 614.9302978515625], [1183.7978515625, 447.066162109375, 1216.2518310546875, 542.884033203125], [509.7195739746094, 458.3587951660156, 545.3766479492188, 559.0826416015625], [588.1384887695312, 421.5, 839.2615356445312, 966.2999877929688]]","[0.77001953125, 0.86865234375, 0.60595703125, 0.634765625, 0.76318359375, 0.375732421875, 0.296875, 0.517578125]","[[747.771728515625, 965.8261108398438], [902.9811401367188, 809.1687622070312], [1100.376708984375, 721.0821533203125], [1034.5109252929688, 776.6627197265625], [607.3671264648438, 614.9302978515625], [1200.0248413085938, 542.884033203125], [527.5481109619141, 559.0826416015625], [713.7000122070312, 966.2999877929688]]",425394176,410943488,425394176,640,yolo26s_int8_640_ncnn_model,MOT17-02
204,164.31709200014666,0.0,7,"[2, 4, 143, 8, 175, 198, 188]","[[654.3018798828125, 415.0823974609375, 841.5193481445312, 968.5767211914062], [837.4578857421875, 443.5908203125, 969.7716064453125, 809.4326171875], [1058.847900390625, 443.6282958984375, 1149.39013671875, 719.6897583007812], [987.7249755859375, 449.0233154296875, 1089.2764892578125, 766.9457397460938], [574.2217407226562, 462.7398986816406, 643.049560546875, 615.4143676757812], [1184.9263916015625, 447.5013122558594, 1217.4757080078125, 543.4652099609375], [455.4680480957031, 478.88616943359375, 490.0096740722656, 568.5758666992188]]","[0.8115234375, 0.85888671875, 0.62060546875, 0.66259765625, 0.7294921875, 0.421630859375, 0.30322265625]","[[747.9106140136719, 968.5767211914062], [903.61474609375, 809.4326171875], [1104.1190185546875, 719.6897583007812], [1038.500732421875, 766.9457397460938], [608.6356506347656, 615.4143676757812], [1201.2010498046875, 543.4652099609375], [472.7388610839844, 568.5758666992188]]",425394176,410943488,425394176,640,yolo26s_int8_640_ncnn_model,MOT17-02
205,183.158130000038,0.0,8,"[2, 4, 143, 8, 175, 198, 10, 202]","[[657.5050048828125, 416.4151611328125, 846.0401611328125, 973.2537841796875], [837.4948120117188, 443.00067138671875, 970.9721069335938, 808.792724609375], [1061.11767578125, 436.769287109375, 1152.6114501953125, 717.3831787109375], [993.8343505859375, 450.0777893066406, 1092.871826171875, 761.484619140625], [572.429443359375, 454.78363037109375, 644.7579956054688, 617.2865600585938], [1186.51953125, 448.20166015625, 1218.7933349609375, 543.1265258789062], [1131.8880615234375, 440.2095031738281, 1167.50732421875, 545.1196899414062], [584.2207641601562, 421.1627197265625, 841.0206298828125, 978.5095825195312]]","[0.79150390625, 0.84228515625, 0.630859375, 0.68994140625, 0.705078125, 0.260009765625, 0.337646484375, 0.57275390625]","[[751.7725830078125, 973.2537841796875], [904.2334594726562, 808.792724609375], [1106.8645629882812, 717.3831787109375], [1043.3530883789062, 761.484619140625], [608.5937194824219, 617.2865600585938], [1202.6564331054688, 543.1265258789062], [1149.6976928710938, 545.1196899414062], [712.6206970214844, 978.5095825195312]]",425394176,410943488,425394176,640,yolo26s_int8_640_ncnn_model,MOT17-02
206,165.16588900003626,0.0,8,"[2, 4, 143, 8, 175, 198, 10, 197]","[[659.154052734375, 418.9057312011719, 849.0755615234375, 980.859619140625], [836.7825927734375, 442.01788330078125, 971.91162109375, 811.2816162109375], [1063.13330078125, 435.4297180175781, 1155.3658447265625, 721.1768798828125], [999.2066040039062, 449.484130859375, 1097.8280029296875, 760.4115600585938], [573.7911987304688, 455.6824035644531, 646.2457885742188, 619.897216796875], [1187.4759521484375, 448.711669921875, 1219.84033203125, 543.8085327148438], [1130.423583984375, 436.6755065917969, 1167.0987548828125, 545.2515258789062], [483.4778747558594, 460.0474853515625, 514.1973876953125, 556.9525146484375]]","[0.8095703125, 0.8173828125, 0.6455078125, 0.701171875, 0.68115234375, 0.40673828125, 0.361572265625, 0.276123046875]","[[754.1148071289062, 980.859619140625], [904.3471069335938, 811.2816162109375], [1109.2495727539062, 721.1768798828125], [1048.5173034667969, 760.4115600585938], [610.0184936523438, 619.897216796875], [1203.6581420898438, 543.8085327148438], [1148.7611694335938, 545.2515258789062], [498.83763122558594, 556.9525146484375]]",425394176,410943488,425394176,640,yolo26s_int8_640_ncnn_model,MOT17-02
207,165.1419069999065,0.0,8,"[2, 4, 143, 8, 175, 198, 10, 197]","[[663.4910278320312, 419.8615417480469, 853.1869506835938, 983.6636352539062], [836.9596557617188, 439.66326904296875, 973.609375, 812.2200927734375], [1066.40576171875, 435.67376708984375, 1157.5704345703125, 721.8726196289062], [1006.9614868164062, 447.77972412109375, 1105.570556640625, 758.5174560546875], [575.5780639648438, 455.5667724609375, 647.49072265625, 619.4024658203125], [1190.5416259765625, 450.7056884765625, 1222.6102294921875, 544.31005859375], [1130.4769287109375, 436.21124267578125, 1167.3604736328125, 546.5110473632812], [484.3894958496094, 463.5987548828125, 513.92626953125, 555.629150390625]]","[0.8154296875, 0.82470703125, 0.6484375, 0.6953125, 0.6796875, 0.363525390625, 0.29052734375, 0.252685546875]","[[758.3389892578125, 983.6636352539062], [905.2845153808594, 812.2200927734375], [1111.9880981445312, 721.8726196289062], [1056.2660217285156, 758.5174560546875], [611.5343933105469, 619.4024658203125], [1206.575927734375, 544.31005859375], [1148.918701171875, 546.5110473632812], [499.1578826904297, 555.629150390625]]",425394176,410943488,425394176,640,yolo26s_int8_640_ncnn_model,MOT17-02
208,165.63731600012943,0.0,10,"[2, 4, 143, 8, 175, 198, 10, 197, 191, 184]","[[664.024658203125, 417.7641296386719, 852.6939697265625, 979.2056274414062], [839.3628540039062, 438.521240234375, 976.6724853515625, 811.8292236328125], [1065.2392578125, 435.5459899902344, 1159.5557861328125, 736.1520385742188], [1006.197998046875, 448.3856201171875, 1107.9044189453125, 773.423095703125], [577.4348754882812, 450.6128845214844, 651.1767578125, 620.1358642578125], [1190.972900390625, 448.56915283203125, 1224.20068359375, 545.2635498046875], [1131.142333984375, 434.357421875, 1167.8876953125, 546.768310546875], [484.7479553222656, 466.7868957519531, 513.7719116210938, 555.2406005859375], [994.7650146484375, 451.102783203125, 1156.6495361328125, 760.5984497070312], [512.4459228515625, 458.8343505859375, 548.3251953125, 560.7530517578125]]","[0.8056640625, 0.8232421875, 0.50341796875, 0.572265625, 0.69873046875, 0.404052734375, 0.275634765625, 0.268310546875, 0.5244140625, 0.285400390625]","[[758.3593139648438, 979.2056274414062], [908.0176696777344, 811.8292236328125], [1112.3975219726562, 736.1520385742188], [1057.0512084960938, 773.423095703125], [614.3058166503906, 620.1358642578125], [1207.5867919921875, 545.2635498046875], [1149.5150146484375, 546.768310546875], [499.2599334716797, 555.2406005859375], [1075.707275390625, 760.5984497070312], [530.3855590820312, 560.7530517578125]]",425394176,410943488,425394176,640,yolo26s_int8_640_ncnn_model,MOT17-02
209,165.86100099993928,0.0,7,"[2, 4, 143, 175, 198, 10, 191]","[[664.66552734375, 413.2560729980469, 855.7775268554688, 986.0446166992188], [841.8814697265625, 440.5643310546875, 979.0178833007812, 812.1657104492188], [1077.4473876953125, 433.33087158203125, 1160.095458984375, 695.2747802734375], [579.9046630859375, 455.55218505859375, 651.244140625, 619.4110717773438], [1191.9361572265625, 449.0532531738281, 1225.9052734375, 547.3604125976562], [1132.0401611328125, 435.14288330078125, 1167.5286865234375, 545.4169311523438], [1002.475341796875, 455.6929016113281, 1160.268310546875, 762.3363647460938]]","[0.79248046875, 0.81787109375, 0.44677734375, 0.72509765625, 0.47412109375, 0.273681640625, 0.619140625]","[[760.2215270996094, 986.0446166992188], [910.4496765136719, 812.1657104492188], [1118.7714233398438, 695.2747802734375], [615.5744018554688, 619.4110717773438], [1208.9207153320312, 547.3604125976562], [1149.784423828125, 545.4169311523438], [1081.371826171875, 762.3363647460938]]",425394176,410943488,425394176,640,yolo26s_int8_640_ncnn_model,MOT17-02
210,165.71609300012824,0.0,7,"[2, 4, 143, 175, 198, 191, 184]","[[666.8870239257812, 411.5686950683594, 856.7545166015625, 982.6688842773438], [842.2005004882812, 434.9043884277344, 980.356201171875, 810.7993774414062], [1083.09912109375, 431.9511413574219, 1167.3126220703125, 701.5673828125], [582.4324340820312, 457.54229736328125, 652.5907592773438, 619.0575561523438], [1193.0462646484375, 449.9820251464844, 1226.6978759765625, 546.3857421875], [1008.6578979492188, 456.567138671875, 1165.9805908203125, 765.5936889648438], [512.5527954101562, 459.24542236328125, 548.2490234375, 560.65087890625]]","[0.7890625, 0.8154296875, 0.28662109375, 0.74853515625, 0.47314453125, 0.75244140625, 0.383056640625]","[[761.8207702636719, 982.6688842773438], [911.2783508300781, 810.7993774414062], [1125.2058715820312, 701.5673828125], [617.5115966796875, 619.0575561523438], [1209.8720703125, 546.3857421875], [1087.3192443847656, 765.5936889648438], [530.4009094238281, 560.65087890625]]",425394176,410943488,425394176,640,yolo26s_int8_640_ncnn_model,MOT17-02
211,165.38527800003067,0.0,6,"[2, 4, 175, 198, 191, 184]","[[670.075927734375, 409.9588623046875, 859.008544921875, 985.205810546875], [848.123046875, 432.7843933105469, 986.73583984375, 811.2674560546875], [585.0292358398438, 456.5508728027344, 655.343505859375, 618.6426391601562], [1193.946533203125, 454.1123352050781, 1226.394287109375, 545.2294311523438], [1016.9334716796875, 457.8190002441406, 1172.81201171875, 764.71484375], [512.0862426757812, 459.3421936035156, 547.6466674804688, 560.6234130859375]]","[0.771484375, 0.80810546875, 0.78271484375, 0.43603515625, 0.697265625, 0.363037109375]","[[764.542236328125, 985.205810546875], [917.429443359375, 811.2674560546875], [620.1863708496094, 618.6426391601562], [1210.17041015625, 545.2294311523438], [1094.8727416992188, 764.71484375], [529.866455078125, 560.6234130859375]]",425394176,410943488,425394176,640,yolo26s_int8_640_ncnn_model,MOT17-02
212,165.09896299999127,0.0,7,"[2, 4, 175, 198, 191, 184, 143]","[[672.2404174804688, 410.35980224609375, 859.7102661132812, 986.09716796875], [853.420166015625, 432.0022277832031, 991.8645629882812, 811.4443359375], [586.8489990234375, 454.4482727050781, 657.4275512695312, 618.2135620117188], [1196.778076171875, 454.3585205078125, 1228.7818603515625, 542.9820556640625], [1021.0316162109375, 457.2321472167969, 1177.205078125, 765.1898193359375], [510.5850830078125, 455.6455993652344, 546.7770385742188, 559.3707885742188], [1093.9169921875, 429.2697448730469, 1178.3192138671875, 700.2509155273438]]","[0.7685546875, 0.8076171875, 0.7373046875, 0.4921875, 0.72119140625, 0.35498046875, 0.258056640625]","[[765.975341796875, 986.09716796875], [922.6423645019531, 811.4443359375], [622.1382751464844, 618.2135620117188], [1212.7799682617188, 542.9820556640625], [1099.1183471679688, 765.1898193359375], [528.6810607910156, 559.3707885742188], [1136.1181030273438, 700.2509155273438]]",425394176,410943488,425394176,640,yolo26s_int8_640_ncnn_model,MOT17-02
213,165.3314819998286,0.0,7,"[2, 4, 175, 198, 191, 184, 143]","[[675.6205444335938, 409.5575256347656, 862.64892578125, 985.372314453125], [863.4041137695312, 436.4242858886719, 999.463623046875, 811.7556762695312], [588.472900390625, 454.394287109375, 658.6693115234375, 617.288330078125], [1197.2955322265625, 453.3977355957031, 1230.048095703125, 543.1954345703125], [1022.385498046875, 457.1949768066406, 1179.795654296875, 767.95166015625], [510.8794250488281, 454.766357421875, 547.5614013671875, 560.3812866210938], [1096.7987060546875, 429.2419738769531, 1183.4261474609375, 708.7532958984375]]","[0.7939453125, 0.80322265625, 0.810546875, 0.452392578125, 0.76416015625, 0.392822265625, 0.369384765625]","[[769.1347351074219, 985.372314453125], [931.4338684082031, 811.7556762695312], [623.5711059570312, 617.288330078125], [1213.6718139648438, 543.1954345703125], [1101.090576171875, 767.95166015625], [529.2204132080078, 560.3812866210938], [1140.1124267578125, 708.7532958984375]]",425394176,410943488,425394176,640,yolo26s_int8_640_ncnn_model,MOT17-02
214,167.20798400001513,0.0,8,"[2, 4, 175, 198, 191, 184, 143, 205]","[[683.8771362304688, 408.5386962890625, 869.4398803710938, 982.8046264648438], [869.4708251953125, 438.38507080078125, 1003.8069458007812, 812.6151733398438], [589.4747924804688, 454.6319580078125, 659.1451416015625, 616.662841796875], [1199.193603515625, 451.5289001464844, 1232.734375, 542.7748413085938], [1022.1070556640625, 458.84967041015625, 1179.3494873046875, 770.1097412109375], [511.6269836425781, 454.93450927734375, 548.2061157226562, 560.282470703125], [1100.5946044921875, 429.9778137207031, 1187.2950439453125, 712.9861450195312], [1022.740966796875, 441.07501220703125, 1068.8590087890625, 527.9249877929688]]","[0.76318359375, 0.7939453125, 0.79638671875, 0.487548828125, 0.76416015625, 0.41162109375, 0.294677734375, 0.370361328125]","[[776.6585083007812, 982.8046264648438], [936.6388854980469, 812.6151733398438], [624.3099670410156, 616.662841796875], [1215.9639892578125, 542.7748413085938], [1100.728271484375, 770.1097412109375], [529.9165496826172, 560.282470703125], [1143.94482421875, 712.9861450195312], [1045.7999877929688, 527.9249877929688]]",425394176,410943488,425394176,640,yolo26s_int8_640_ncnn_model,MOT17-02
215,165.43207500012613,0.0,7,"[2, 4, 175, 198, 191, 184, 143]","[[689.6588745117188, 409.66326904296875, 874.1101684570312, 982.2642211914062], [874.1959838867188, 437.3917236328125, 1008.6802368164062, 817.6446533203125], [590.5255126953125, 455.2265319824219, 659.5404663085938, 615.914794921875], [1200.1488037109375, 450.3187255859375, 1234.393310546875, 543.1207885742188], [1022.4110107421875, 460.167236328125, 1179.4893798828125, 771.0499877929688], [511.4700927734375, 455.26422119140625, 547.9052124023438, 560.9865112304688], [1110.211669921875, 432.0155334472656, 1196.018798828125, 714.8436889648438]]","[0.74365234375, 0.78173828125, 0.78515625, 0.40673828125, 0.74658203125, 0.40625, 0.291259765625]","[[781.884521484375, 982.2642211914062], [941.4381103515625, 817.6446533203125], [625.0329895019531, 615.914794921875], [1217.2710571289062, 543.1207885742188], [1100.9501953125, 771.0499877929688], [529.6876525878906, 560.9865112304688], [1153.115234375, 714.8436889648438]]",425394176,410943488,425394176,640,yolo26s_int8_640_ncnn_model,MOT17-02
216,167.02070599990293,0.0,8,"[2, 4, 175, 198, 191, 184, 143, 205]","[[689.0862426757812, 408.383056640625, 875.4283447265625, 989.68896484375], [876.4993896484375, 434.80413818359375, 1012.695068359375, 824.6896362304688], [593.5111083984375, 455.4577941894531, 662.9622192382812, 617.6085205078125], [1201.0302734375, 448.12335205078125, 1237.369140625, 545.9823608398438], [1024.9862060546875, 460.1199035644531, 1183.767822265625, 773.7542724609375], [511.75604248046875, 455.40167236328125, 548.42333984375, 561.2540283203125], [1117.0860595703125, 430.35986328125, 1204.7071533203125, 719.970947265625], [1026.0277099609375, 435.6399230957031, 1078.4554443359375, 534.7020874023438]]","[0.71142578125, 0.7880859375, 0.7802734375, 0.334716796875, 0.6943359375, 0.4306640625, 0.35400390625, 0.43359375]","[[782.2572937011719, 989.68896484375], [944.5972290039062, 824.6896362304688], [628.2366638183594, 617.6085205078125], [1219.19970703125, 545.9823608398438], [1104.3770141601562, 773.7542724609375], [530.0896911621094, 561.2540283203125], [1160.8966064453125, 719.970947265625], [1052.2415771484375, 534.7020874023438]]",425394176,410943488,425394176,640,yolo26s_int8_640_ncnn_model,MOT17-02
217,165.6649459998789,0.0,7,"[2, 4, 175, 198, 191, 184, 205]","[[688.1202392578125, 410.6246337890625, 872.5344848632812, 983.836181640625], [877.7626342773438, 432.6029357910156, 1014.5645141601562, 829.53955078125], [594.0253295898438, 454.06512451171875, 664.7631225585938, 619.71728515625], [1201.8702392578125, 447.7884826660156, 1238.8841552734375, 546.56884765625], [1025.3585205078125, 463.50164794921875, 1182.84423828125, 775.1671142578125], [511.9070129394531, 455.71142578125, 548.5701293945312, 561.1072998046875], [1031.3206787109375, 434.9098815917969, 1082.9344482421875, 532.5003662109375]]","[0.73681640625, 0.76513671875, 0.7626953125, 0.4345703125, 0.6806640625, 0.451171875, 0.38720703125]","[[780.3273620605469, 983.836181640625], [946.16357421875, 829.53955078125], [629.3942260742188, 619.71728515625], [1220.377197265625, 546.56884765625], [1104.1013793945312, 775.1671142578125], [530.2385711669922, 561.1072998046875], [1057.1275634765625, 532.5003662109375]]",425394176,410943488,425394176,640,yolo26s_int8_640_ncnn_model,MOT17-02
218,165.3360000000248,0.0,7,"[2, 4, 175, 198, 191, 184, 205]","[[692.0292358398438, 412.0099792480469, 877.7947387695312, 984.9878540039062], [879.2677612304688, 431.2816162109375, 1015.9468383789062, 833.797119140625], [595.7841186523438, 455.25946044921875, 666.24072265625, 620.7468872070312], [1201.592529296875, 447.66943359375, 1238.97265625, 546.787109375], [1027.7740478515625, 458.80255126953125, 1185.9248046875, 773.60498046875], [510.4403991699219, 453.6110534667969, 547.169921875, 559.3170166015625], [1034.6123046875, 438.7665710449219, 1087.1729736328125, 538.1351928710938]]","[0.736328125, 0.78759765625, 0.7529296875, 0.387939453125, 0.685546875, 0.447998046875, 0.306884765625]","[[784.9119873046875, 984.9878540039062], [947.6072998046875, 833.797119140625], [631.0124206542969, 620.7468872070312], [1220.2825927734375, 546.787109375], [1106.8494262695312, 773.60498046875], [528.8051605224609, 559.3170166015625], [1060.8926391601562, 538.1351928710938]]",425394176,410943488,425394176,640,yolo26s_int8_640_ncnn_model,MOT17-02
219,165.46096399997623,0.0,7,"[2, 4, 175, 198, 191, 184, 205]","[[694.9006958007812, 411.3005676269531, 882.1467895507812, 985.6358032226562], [883.9248046875, 430.79486083984375, 1018.015380859375, 829.4952392578125], [594.940185546875, 453.0122375488281, 667.2214965820312, 623.8345947265625], [1202.0823974609375, 448.6184997558594, 1241.2550048828125, 552.7639770507812], [1033.5047607421875, 453.29583740234375, 1191.9500732421875, 771.6973266601562], [510.9023742675781, 456.2862243652344, 546.6085205078125, 559.1361694335938], [1036.0526123046875, 438.8968811035156, 1089.1875, 539.3023681640625]]","[0.71044921875, 0.76416015625, 0.720703125, 0.403564453125, 0.71728515625, 0.451904296875, 0.290771484375]","[[788.5237426757812, 985.6358032226562], [950.9700927734375, 829.4952392578125], [631.0808410644531, 623.8345947265625], [1221.668701171875, 552.7639770507812], [1112.7274169921875, 771.6973266601562], [528.7554473876953, 559.1361694335938], [1062.6200561523438, 539.3023681640625]]",425394176,410943488,425394176,640,yolo26s_int8_640_ncnn_model,MOT17-02
220,165.59244599989142,0.0,8,"[2, 4, 175, 198, 191, 184, 205, 188]","[[707.8076782226562, 413.01708984375, 894.5245361328125, 982.8781127929688], [885.8416137695312, 430.38818359375, 1020.3773803710938, 835.892578125], [597.0325927734375, 456.56097412109375, 667.0584716796875, 622.53857421875], [1203.877685546875, 448.9794616699219, 1242.384765625, 550.1665649414062], [1040.2664794921875, 453.6341552734375, 1196.3602294921875, 771.3834228515625], [510.5526123046875, 458.3254699707031, 545.9238891601562, 560.0751342773438], [1038.5172119140625, 435.9125671386719, 1091.7767333984375, 536.5858154296875], [441.58551025390625, 477.31536865234375, 478.0191955566406, 569.548828125]]","[0.73193359375, 0.71044921875, 0.6953125, 0.401611328125, 0.72119140625, 0.449951171875, 0.330810546875, 0.3125]","[[801.1661071777344, 982.8781127929688], [953.1094970703125, 835.892578125], [632.0455322265625, 622.53857421875], [1223.1312255859375, 550.1665649414062], [1118.3133544921875, 771.3834228515625], [528.2382507324219, 560.0751342773438], [1065.14697265625, 536.5858154296875], [459.80235290527344, 569.548828125]]",425394176,410943488,425394176,640,yolo26s_int8_640_ncnn_model,MOT17-02
221,166.39040899985957,0.0,7,"[2, 4, 175, 198, 191, 184, 205]","[[719.7747802734375, 413.67486572265625, 908.7916259765625, 982.791015625], [888.7908325195312, 432.45751953125, 1020.8049926757812, 834.0907592773438], [597.4646606445312, 454.48382568359375, 667.7384643554688, 621.4856567382812], [1210.6162109375, 452.5976257324219, 1247.5606689453125, 548.585693359375], [1045.0252685546875, 449.8090515136719, 1200.5789794921875, 772.1756591796875], [510.0037841796875, 456.58624267578125, 546.0930786132812, 560.92724609375], [1040.596435546875, 437.5867919921875, 1091.3221435546875, 533.7158813476562]]","[0.75146484375, 0.7685546875, 0.7216796875, 0.418701171875, 0.68115234375, 0.40771484375, 0.381591796875]","[[814.283203125, 982.791015625], [954.7979125976562, 834.0907592773438], [632.6015625, 621.4856567382812], [1229.0884399414062, 548.585693359375], [1122.8021240234375, 772.1756591796875], [528.0484313964844, 560.92724609375], [1065.9592895507812, 533.7158813476562]]",425394176,410943488,425394176,640,yolo26s_int8_640_ncnn_model,MOT17-02
222,180.35490500005835,0.0,7,"[2, 4, 175, 198, 191, 184, 143]","[[728.5175170898438, 410.2000732421875, 921.5075073242188, 981.5006103515625], [892.6259765625, 431.05743408203125, 1023.919189453125, 832.5722045898438], [597.6088256835938, 454.4514465332031, 667.4408569335938, 622.3111572265625], [1214.7393798828125, 454.7291259765625, 1249.84130859375, 545.1892700195312], [1053.0657958984375, 446.8900146484375, 1205.5440673828125, 769.968017578125], [509.2065124511719, 450.2785339355469, 547.2472534179688, 560.9964599609375], [1159.8372802734375, 441.6927795410156, 1247.2313232421875, 729.9390869140625]]","[0.818359375, 0.77685546875, 0.69921875, 0.309814453125, 0.666015625, 0.4482421875, 0.295166015625]","[[825.0125122070312, 981.5006103515625], [958.2725830078125, 832.5722045898438], [632.5248413085938, 622.3111572265625], [1232.2903442382812, 545.1892700195312], [1129.304931640625, 769.968017578125], [528.2268829345703, 560.9964599609375], [1203.5343017578125, 729.9390869140625]]",425394176,410943488,425394176,640,yolo26s_int8_640_ncnn_model,MOT17-02
223,166.5289089999078,0.0,7,"[2, 4, 175, 198, 191, 184, 205]","[[733.7584228515625, 409.38671875, 931.8983764648438, 980.5059204101562], [894.9967041015625, 434.2438049316406, 1025.928955078125, 835.1556396484375], [598.6644287109375, 457.6500244140625, 667.228759765625, 623.3467407226562], [1217.8851318359375, 453.7154541015625, 1252.9615478515625, 543.6708374023438], [1059.05419921875, 441.3505859375, 1211.169677734375, 773.4963989257812], [509.1788330078125, 446.2110290527344, 548.3805541992188, 560.7796020507812], [1045.10302734375, 444.162841796875, 1092.0772705078125, 532.5799560546875]]","[0.8408203125, 0.78662109375, 0.6884765625, 0.269287109375, 0.66845703125, 0.4453125, 0.37451171875]","[[832.8283996582031, 980.5059204101562], [960.4628295898438, 835.1556396484375], [632.9465942382812, 623.3467407226562], [1235.42333984375, 543.6708374023438], [1135.1119384765625, 773.4963989257812], [528.7796936035156, 560.7796020507812], [1068.5901489257812, 532.5799560546875]]",425394176,410943488,425394176,640,yolo26s_int8_640_ncnn_model,MOT17-02
224,165.53987100019185,0.0,7,"[2, 4, 175, 198, 191, 184, 205]","[[736.951171875, 412.31207275390625, 940.1309814453125, 982.8466186523438], [897.8134155273438, 437.19561767578125, 1027.5048828125, 837.3240356445312], [600.3453979492188, 461.85455322265625, 667.2691650390625, 624.713134765625], [1218.3143310546875, 450.57745361328125, 1254.662841796875, 543.8869018554688], [1068.8900146484375, 442.93768310546875, 1215.2711181640625, 774.0633544921875], [509.3017883300781, 444.1577453613281, 549.1815185546875, 561.1760864257812], [1047.289306640625, 446.7435302734375, 1092.439453125, 531.1463012695312]]","[0.83544921875, 0.79248046875, 0.69921875, 0.333251953125, 0.642578125, 0.467041015625, 0.335205078125]","[[838.5410766601562, 982.8466186523438], [962.6591491699219, 837.3240356445312], [633.8072814941406, 624.713134765625], [1236.4885864257812, 543.8869018554688], [1142.08056640625, 774.0633544921875], [529.2416534423828, 561.1760864257812], [1069.8643798828125, 531.1463012695312]]",425394176,410943488,425394176,640,yolo26s_int8_640_ncnn_model,MOT17-02
225,165.6838900000821,0.0,7,"[2, 4, 175, 198, 191, 184, 143]","[[744.3541870117188, 407.4794921875, 956.4246826171875, 985.7081298828125], [899.9660034179688, 437.3238525390625, 1029.75634765625, 841.0612182617188], [601.5975341796875, 463.1753234863281, 668.0808715820312, 626.4510498046875], [1221.084228515625, 450.65545654296875, 1257.5074462890625, 544.7114868164062], [1077.2666015625, 442.1250305175781, 1221.8050537109375, 781.6058349609375], [508.63983154296875, 444.6105041503906, 548.2630615234375, 561.0868530273438], [1163.24609375, 434.22442626953125, 1252.1058349609375, 736.9324340820312]]","[0.82763671875, 0.78173828125, 0.7001953125, 0.32666015625, 0.666015625, 0.46337890625, 0.343505859375]","[[850.3894348144531, 985.7081298828125], [964.8611755371094, 841.0612182617188], [634.8392028808594, 626.4510498046875], [1239.2958374023438, 544.7114868164062], [1149.5358276367188, 781.6058349609375], [528.4514465332031, 561.0868530273438], [1207.6759643554688, 736.9324340820312]]",425394176,410943488,425394176,640,yolo26s_int8_640_ncnn_model,MOT17-02
226,165.35320399998454,0.0,7,"[2, 4, 175, 198, 191, 184, 143]","[[751.1400146484375, 405.9138488769531, 971.9539184570312, 988.4953002929688], [900.8964233398438, 435.14508056640625, 1030.288818359375, 839.708740234375], [600.9244384765625, 455.9521484375, 669.9531860351562, 627.8189086914062], [1222.294921875, 451.43243408203125, 1258.2821044921875, 544.2946166992188], [1085.6431884765625, 445.9879455566406, 1222.7222900390625, 779.29052734375], [508.55963134765625, 443.12249755859375, 548.704345703125, 561.7841186523438], [1165.239501953125, 433.4911804199219, 1250.9786376953125, 735.3526611328125]]","[0.81640625, 0.78173828125, 0.7021484375, 0.310302734375, 0.603515625, 0.429443359375, 0.44287109375]","[[861.5469665527344, 988.4953002929688], [965.5926208496094, 839.708740234375], [635.4388122558594, 627.8189086914062], [1240.2885131835938, 544.2946166992188], [1154.1827392578125, 779.29052734375], [528.6319885253906, 561.7841186523438], [1208.1090698242188, 735.3526611328125]]",425394176,410943488,425394176,640,yolo26s_int8_640_ncnn_model,MOT17-02
227,167.53305900010673,0.0,8,"[2, 4, 175, 198, 191, 184, 143, 216]","[[758.10302734375, 407.5573425292969, 986.794677734375, 990.2711791992188], [903.0963134765625, 432.5787048339844, 1032.3770751953125, 838.8826904296875], [601.7569580078125, 450.3418273925781, 671.4727783203125, 627.3397216796875], [1223.720458984375, 447.7425842285156, 1261.4163818359375, 546.1345825195312], [1090.6815185546875, 443.0777587890625, 1227.7861328125, 788.6861572265625], [508.86474609375, 446.9715576171875, 547.564208984375, 561.5596313476562], [1170.3232421875, 431.744873046875, 1253.94873046875, 736.2443237304688], [1110.7015380859375, 443.4750061035156, 1203.4984130859375, 641.9249877929688]]","[0.84326171875, 0.78173828125, 0.7216796875, 0.319091796875, 0.59033203125, 0.382080078125, 0.5146484375, 0.38671875]","[[872.4488525390625, 990.2711791992188], [967.7366943359375, 838.8826904296875], [636.6148681640625, 627.3397216796875], [1242.5684204101562, 546.1345825195312], [1159.2338256835938, 788.6861572265625], [528.2144775390625, 561.5596313476562], [1212.135986328125, 736.2443237304688], [1157.0999755859375, 641.9249877929688]]",425394176,410943488,425394176,640,yolo26s_int8_640_ncnn_model,MOT17-02
228,165.36881599995468,0.0,6,"[2, 4, 175, 191, 184, 143]","[[758.0474243164062, 401.782958984375, 998.5482788085938, 996.3487548828125], [904.898681640625, 435.0617370605469, 1033.9822998046875, 841.9747924804688], [603.4061889648438, 448.648193359375, 672.12841796875, 626.6348266601562], [1095.00634765625, 439.5717468261719, 1229.949951171875, 792.6300659179688], [508.8198547363281, 452.507568359375, 545.7942504882812, 561.4656982421875], [1177.126220703125, 428.63397216796875, 1258.754638671875, 731.1350708007812]]","[0.8310546875, 0.75830078125, 0.73779296875, 0.56005859375, 0.403076171875, 0.46044921875]","[[878.2978515625, 996.3487548828125], [969.4404907226562, 841.9747924804688], [637.7673034667969, 626.6348266601562], [1162.4781494140625, 792.6300659179688], [527.3070526123047, 561.4656982421875], [1217.9404296875, 731.1350708007812]]",425394176,410943488,425394176,640,yolo26s_int8_640_ncnn_model,MOT17-02
229,165.64339000001382,0.0,5,"[2, 4, 175, 191, 184]","[[766.1853637695312, 405.7559814453125, 1010.06201171875, 994.43505859375], [906.0091552734375, 437.0016174316406, 1033.9718017578125, 842.1173095703125], [604.1239624023438, 449.4889221191406, 671.2476806640625, 626.8206787109375], [1106.1964111328125, 449.6768798828125, 1233.596435546875, 789.4473266601562], [509.43182373046875, 453.1067199707031, 546.0166625976562, 560.9224853515625]]","[0.84228515625, 0.75537109375, 0.71875, 0.619140625, 0.45068359375]","[[888.1236877441406, 994.43505859375], [969.990478515625, 842.1173095703125], [637.6858215332031, 626.8206787109375], [1169.8964233398438, 789.4473266601562], [527.7242431640625, 560.9224853515625]]",425394176,410943488,425394176,640,yolo26s_int8_640_ncnn_model,MOT17-02
230,165.98464899993814,0.0,7,"[2, 4, 175, 191, 184, 188, 143]","[[766.4020385742188, 404.11260986328125, 1016.7603759765625, 997.8378295898438], [909.148193359375, 436.4983825683594, 1036.9986572265625, 842.3665771484375], [606.3340454101562, 452.0585632324219, 671.358642578125, 626.6239624023438], [1118.6104736328125, 454.6906433105469, 1242.4388427734375, 789.0524291992188], [509.503173828125, 454.0723571777344, 545.2572021484375, 558.9741821289062], [429.1881408691406, 476.6295471191406, 466.56951904296875, 570.33544921875], [1199.9573974609375, 425.5817565917969, 1258.6138916015625, 630.1292114257812]]","[0.82958984375, 0.755859375, 0.68017578125, 0.62158203125, 0.40673828125, 0.266845703125, 0.5517578125]","[[891.5812072753906, 997.8378295898438], [973.0734252929688, 842.3665771484375], [638.8463439941406, 626.6239624023438], [1180.524658203125, 789.0524291992188], [527.3801879882812, 558.9741821289062], [447.8788299560547, 570.33544921875], [1229.28564453125, 630.1292114257812]]",425394176,410943488,425394176,640,yolo26s_int8_640_ncnn_model,MOT17-02
231,197.03982999999425,0.0,8,"[2, 4, 175, 191, 184, 224, 188, 143]","[[764.8651123046875, 403.5108947753906, 1019.4254760742188, 997.1061401367188], [913.442626953125, 437.5373229980469, 1040.7977294921875, 842.1702270507812], [608.9116821289062, 453.8080749511719, 673.0614013671875, 627.7662353515625], [1127.5015869140625, 453.06170654296875, 1251.058837890625, 788.3418579101562], [510.4259948730469, 455.6871032714844, 546.0983276367188, 560.007568359375], [1059.22314453125, 439.6499938964844, 1118.77685546875, 590.8499755859375], [428.56170654296875, 476.8659362792969, 466.34844970703125, 570.1166381835938], [1206.9759521484375, 426.1445617675781, 1260.61474609375, 603.8812255859375]]","[0.837890625, 0.71875, 0.68017578125, 0.74658203125, 0.380615234375, 0.42626953125, 0.268798828125, 0.60791015625]","[[892.1452941894531, 997.1061401367188], [977.1201782226562, 842.1702270507812], [640.9865417480469, 627.7662353515625], [1189.2802124023438, 788.3418579101562], [528.2621612548828, 560.007568359375], [1089.0, 590.8499755859375], [447.455078125, 570.1166381835938], [1233.7953491210938, 603.8812255859375]]",425394176,410943488,425394176,640,yolo26s_int8_640_ncnn_model,MOT17-02
232,165.90998299989224,0.0,7,"[2, 4, 175, 191, 184, 224, 143]","[[772.7736206054688, 406.2682800292969, 1026.214599609375, 988.8709716796875], [917.4152221679688, 437.9247741699219, 1044.6588134765625, 842.05322265625], [610.1926879882812, 448.53814697265625, 675.796630859375, 628.1790161132812], [1133.2542724609375, 452.4330139160156, 1258.4072265625, 791.9828491210938], [510.2319030761719, 455.01995849609375, 545.9453735351562, 559.64306640625], [1059.4361572265625, 440.6670227050781, 1119.69384765625, 593.2230834960938], [1212.3739013671875, 428.2368469238281, 1265.348876953125, 598.9116821289062]]","[0.83203125, 0.69140625, 0.67333984375, 0.77099609375, 0.3671875, 0.35595703125, 0.5625]","[[899.4941101074219, 988.8709716796875], [981.0370178222656, 842.05322265625], [642.9946594238281, 628.1790161132812], [1195.8307495117188, 791.9828491210938], [528.0886383056641, 559.64306640625], [1089.5650024414062, 593.2230834960938], [1238.8613891601562, 598.9116821289062]]",425394176,410943488,425394176,640,yolo26s_int8_640_ncnn_model,MOT17-02
233,168.75685699983478,0.0,8,"[2, 4, 175, 191, 184, 224, 143, 227]","[[775.867431640625, 407.3425598144531, 1031.133544921875, 990.668212890625], [919.5333862304688, 434.3459777832031, 1048.275390625, 844.6983642578125], [613.7205810546875, 455.115478515625, 676.6473388671875, 627.5884399414062], [1137.9510498046875, 458.33905029296875, 1261.216064453125, 791.0892333984375], [509.97216796875, 454.0110778808594, 546.0760498046875, 560.2584838867188], [1060.15625, 442.4643859863281, 1120.52392578125, 594.9270629882812], [1217.655029296875, 431.85113525390625, 1271.571533203125, 600.1554565429688], [750.60205078125, 440.8500061035156, 839.39794921875, 597.75]]","[0.82958984375, 0.68798828125, 0.71142578125, 0.77392578125, 0.3525390625, 0.314453125, 0.529296875, 0.341796875]","[[903.50048828125, 990.668212890625], [983.9043884277344, 844.6983642578125], [645.1839599609375, 627.5884399414062], [1199.5835571289062, 791.0892333984375], [528.0241088867188, 560.2584838867188], [1090.340087890625, 594.9270629882812], [1244.61328125, 600.1554565429688], [795.0, 597.75]]",425394176,410943488,425394176,640,yolo26s_int8_640_ncnn_model,MOT17-02
234,165.46059400002378,0.0,7,"[2, 4, 175, 191, 184, 224, 143]","[[778.0756225585938, 406.5099792480469, 1036.438232421875, 993.561767578125], [922.1983032226562, 431.7651062011719, 1053.5001220703125, 852.8018798828125], [615.120849609375, 455.4875793457031, 677.8317260742188, 627.5762939453125], [1139.057861328125, 460.5894775390625, 1264.42138671875, 796.6456298828125], [509.9908752441406, 454.1214599609375, 546.0103149414062, 559.99658203125], [1061.8880615234375, 444.1300354003906, 1121.490478515625, 594.2908935546875], [1222.1771240234375, 431.9584045410156, 1278.9857177734375, 604.2010498046875]]","[0.83447265625, 0.6591796875, 0.7763671875, 0.76416015625, 0.366455078125, 0.30615234375, 0.5478515625]","[[907.2569274902344, 993.561767578125], [987.8492126464844, 852.8018798828125], [646.4762878417969, 627.5762939453125], [1201.7396240234375, 796.6456298828125], [528.0005950927734, 559.99658203125], [1091.6892700195312, 594.2908935546875], [1250.5814208984375, 604.2010498046875]]",425394176,410943488,425394176,640,yolo26s_int8_640_ncnn_model,MOT17-02
235,164.4916480001939,0.0,8,"[2, 4, 175, 191, 184, 224, 143, 227]","[[778.1571044921875, 406.44708251953125, 1038.7457275390625, 997.356689453125], [923.1395263671875, 431.52545166015625, 1056.3592529296875, 860.9768676757812], [616.4965209960938, 455.86968994140625, 678.822021484375, 627.31201171875], [1139.9783935546875, 462.1370849609375, 1266.74462890625, 799.899658203125], [509.86907958984375, 453.1644287109375, 545.1216430664062, 556.9146118164062], [1062.87646484375, 441.905517578125, 1123.5203857421875, 594.5523071289062], [1225.432373046875, 430.410400390625, 1283.6234130859375, 603.2408447265625], [755.01171875, 442.34124755859375, 851.25634765625, 611.9845581054688]]","[0.84716796875, 0.591796875, 0.7802734375, 0.7607421875, 0.407958984375, 0.282958984375, 0.357177734375, 0.35302734375]","[[908.451416015625, 997.356689453125], [989.7493896484375, 860.9768676757812], [647.6592712402344, 627.31201171875], [1203.3615112304688, 799.899658203125], [527.495361328125, 556.9146118164062], [1093.1984252929688, 594.5523071289062], [1254.5278930664062, 603.2408447265625], [803.134033203125, 611.9845581054688]]",425394176,410943488,425394176,640,yolo26s_int8_640_ncnn_model,MOT17-02
236,165.1114270000562,0.0,8,"[2, 4, 175, 191, 184, 143, 227, 188]","[[784.2366333007812, 411.8616027832031, 1043.0128173828125, 1000.2504272460938], [926.9694213867188, 427.78369140625, 1060.6279296875, 861.8544921875], [620.619140625, 460.4781494140625, 680.9566040039062, 626.7030029296875], [1140.3323974609375, 460.4590148925781, 1269.20361328125, 802.2979125976562], [509.3189392089844, 451.7970886230469, 545.292724609375, 558.7600708007812], [1225.3245849609375, 422.86529541015625, 1290.2161865234375, 615.2899169921875], [754.7133178710938, 437.9427795410156, 859.831298828125, 623.4708862304688], [425.85260009765625, 475.9551086425781, 464.60650634765625, 571.0358276367188]]","[0.82958984375, 0.5732421875, 0.76513671875, 0.7685546875, 0.423828125, 0.332275390625, 0.28271484375, 0.287109375]","[[913.6247253417969, 1000.2504272460938], [993.7986755371094, 861.8544921875], [650.7878723144531, 626.7030029296875], [1204.7680053710938, 802.2979125976562], [527.3058319091797, 558.7600708007812], [1257.7703857421875, 615.2899169921875], [807.2723083496094, 623.4708862304688], [445.22955322265625, 571.0358276367188]]",425394176,410943488,425394176,640,yolo26s_int8_640_ncnn_model,MOT17-02
237,164.998611999863,0.0,8,"[2, 4, 175, 191, 184, 143, 237, 238]","[[786.5185546875, 411.9416809082031, 1044.220703125, 999.32763671875], [934.243408203125, 431.2554016113281, 1065.07763671875, 857.2025146484375], [622.6642456054688, 461.4623107910156, 683.1700439453125, 627.2124633789062], [1141.7982177734375, 462.0019836425781, 1270.438720703125, 801.9036865234375], [509.20855712890625, 453.0191345214844, 544.283935546875, 557.7218627929688], [1232.157958984375, 425.3516845703125, 1295.407958984375, 611.4537353515625], [1227.084716796875, 430.2749938964844, 1310.915283203125, 746.3250122070312], [751.4337768554688, 432.375, 870.3662109375, 869.0250244140625]]","[0.82958984375, 0.64111328125, 0.74755859375, 0.70849609375, 0.424072265625, 0.39501953125, 0.380615234375, 0.395751953125]","[[915.36962890625, 999.32763671875], [999.6605224609375, 857.2025146484375], [652.9171447753906, 627.2124633789062], [1206.1184692382812, 801.9036865234375], [526.7462463378906, 557.7218627929688], [1263.782958984375, 611.4537353515625], [1269.0, 746.3250122070312], [810.8999938964844, 869.0250244140625]]",425394176,410943488,425394176,640,yolo26s_int8_640_ncnn_model,MOT17-02
238,165.78937200006294,0.0,11,"[2, 4, 175, 191, 184, 143, 237, 238, 239, 227, 188]","[[785.9326171875, 404.27288818359375, 1045.7198486328125, 1000.67138671875], [940.990478515625, 431.6388854980469, 1068.5325927734375, 848.3646240234375], [623.9059448242188, 454.0670166015625, 687.3888549804688, 628.1420288085938], [1144.2987060546875, 463.05157470703125, 1272.5556640625, 801.171142578125], [509.0937805175781, 452.0021667480469, 544.974365234375, 559.8248291015625], [1237.879150390625, 430.7138366699219, 1299.8780517578125, 610.879150390625], [1231.785400390625, 429.584716796875, 1316.5687255859375, 748.8560180664062], [753.0178833007812, 432.6641540527344, 872.0208129882812, 870.3551635742188], [1179.41943359375, 430.57501220703125, 1318.3804931640625, 753.8250122070312], [763.3648681640625, 441.12847900390625, 865.3364868164062, 620.527587890625], [424.362548828125, 475.2801513671875, 462.92767333984375, 571.7142944335938]]","[0.83984375, 0.623046875, 0.6513671875, 0.68017578125, 0.441650390625, 0.29345703125, 0.459228515625, 0.439208984375, 0.353271484375, 0.28857421875, 0.2763671875]","[[915.8262329101562, 1000.67138671875], [1004.7615356445312, 848.3646240234375], [655.6473999023438, 628.1420288085938], [1208.4271850585938, 801.171142578125], [527.0340728759766, 559.8248291015625], [1268.8786010742188, 610.879150390625], [1274.1770629882812, 748.8560180664062], [812.5193481445312, 870.3551635742188], [1248.8999633789062, 753.8250122070312], [814.3506774902344, 620.527587890625], [443.6451110839844, 571.7142944335938]]",425394176,410943488,425394176,640,yolo26s_int8_640_ncnn_model,MOT17-02
239,198.1399789999614,0.0,10,"[2, 4, 175, 191, 184, 143, 237, 238, 239, 188]","[[791.435546875, 409.26470947265625, 1046.1563720703125, 999.17578125], [947.5449829101562, 432.7926940917969, 1072.534912109375, 844.971435546875], [629.2379760742188, 459.3873596191406, 692.3063354492188, 629.2120971679688], [1147.882080078125, 461.4291687011719, 1276.349609375, 800.8267211914062], [509.134765625, 453.1023864746094, 544.1689453125, 558.1470336914062], [1242.649658203125, 432.9533996582031, 1303.4971923828125, 609.5267944335938], [1236.244873046875, 429.639892578125, 1321.4154052734375, 750.5839233398438], [757.8665161132812, 433.92669677734375, 876.4159545898438, 870.7998657226562], [1185.0325927734375, 431.9540100097656, 1322.880126953125, 752.9056396484375], [421.9233703613281, 475.65997314453125, 460.2991638183594, 573.3547973632812]]","[0.82568359375, 0.5703125, 0.693359375, 0.6259765625, 0.464599609375, 0.2841796875, 0.53564453125, 0.418212890625, 0.3662109375, 0.257080078125]","[[918.7959594726562, 999.17578125], [1010.0399475097656, 844.971435546875], [660.7721557617188, 629.2120971679688], [1212.1158447265625, 800.8267211914062], [526.65185546875, 558.1470336914062], [1273.0734252929688, 609.5267944335938], [1278.8301391601562, 750.5839233398438], [817.1412353515625, 870.7998657226562], [1253.9563598632812, 752.9056396484375], [441.11126708984375, 573.3547973632812]]",425394176,410943488,425394176,640,yolo26s_int8_640_ncnn_model,MOT17-02
240,166.99996600004852,0.0,7,"[2, 4, 175, 191, 184, 237, 238]","[[790.4182739257812, 400.5242614746094, 1047.0595703125, 1000.2962036132812], [952.4293823242188, 434.4755554199219, 1075.319091796875, 843.4415283203125], [631.6810913085938, 459.99957275390625, 695.1973266601562, 629.1170654296875], [1152.0360107421875, 449.9084777832031, 1284.5836181640625, 803.6123657226562], [507.9417724609375, 451.2874450683594, 544.0767211914062, 559.7437744140625], [1241.251953125, 428.55950927734375, 1326.894775390625, 753.2962036132812], [758.3296508789062, 432.6242980957031, 875.3721313476562, 865.83251953125]]","[0.81396484375, 0.63427734375, 0.689453125, 0.65283203125, 0.458740234375, 0.53369140625, 0.4248046875]","[[918.7389221191406, 1000.2962036132812], [1013.8742370605469, 843.4415283203125], [663.439208984375, 629.1170654296875], [1218.309814453125, 803.6123657226562], [526.0092468261719, 559.7437744140625], [1284.0733642578125, 753.2962036132812], [816.8508911132812, 865.83251953125]]",425394176,410943488,425394176,640,yolo26s_int8_640_ncnn_model,MOT17-02
241,166.31574300004104,0.0,8,"[2, 4, 175, 191, 184, 237, 238, 224]","[[797.5151977539062, 407.35162353515625, 1049.5125732421875, 1001.43115234375], [955.921142578125, 436.1038818359375, 1076.4150390625, 841.8707275390625], [633.8392333984375, 460.214599609375, 697.86279296875, 629.0685424804688], [1161.1182861328125, 442.6667785644531, 1293.5853271484375, 801.7023315429688], [508.392333984375, 452.8294677734375, 544.1412963867188, 560.0866088867188], [1244.9036865234375, 425.520751953125, 1330.697998046875, 753.587158203125], [765.3590087890625, 434.6260681152344, 882.1024169921875, 868.281494140625], [1067.540771484375, 440.0984191894531, 1128.5172119140625, 595.2395629882812]]","[0.80615234375, 0.62841796875, 0.68603515625, 0.63134765625, 0.43994140625, 0.50830078125, 0.403076171875, 0.397705078125]","[[923.5138854980469, 1001.43115234375], [1016.1680908203125, 841.8707275390625], [665.8510131835938, 629.0685424804688], [1227.351806640625, 801.7023315429688], [526.2668151855469, 560.0866088867188], [1287.8008422851562, 753.587158203125], [823.730712890625, 868.281494140625], [1098.0289916992188, 595.2395629882812]]",425394176,410943488,425394176,640,yolo26s_int8_640_ncnn_model,MOT17-02
242,165.36409300010746,0.0,8,"[2, 4, 175, 191, 184, 237, 238, 224]","[[803.9677124023438, 418.1883544921875, 1048.3607177734375, 997.6160888671875], [959.1426391601562, 434.4666748046875, 1078.6171875, 839.542236328125], [635.2594604492188, 461.2738952636719, 700.0802612304688, 630.0313110351562], [1168.191162109375, 441.3454895019531, 1302.9866943359375, 817.0364379882812], [508.323974609375, 454.4275207519531, 543.4342651367188, 559.225341796875], [1244.393310546875, 427.8922424316406, 1330.296875, 761.7295532226562], [769.6080932617188, 440.3374938964844, 884.4852905273438, 868.3630981445312], [1068.9686279296875, 440.4608154296875, 1127.5606689453125, 590.5361938476562]]","[0.76513671875, 0.6376953125, 0.67724609375, 0.7265625, 0.4990234375, 0.462890625, 0.650390625, 0.362060546875]","[[926.1642150878906, 997.6160888671875], [1018.8799133300781, 839.542236328125], [667.6698608398438, 630.0313110351562], [1235.5889282226562, 817.0364379882812], [525.8791198730469, 559.225341796875], [1287.3450927734375, 761.7295532226562], [827.0466918945312, 868.3630981445312], [1098.2646484375, 590.5361938476562]]",425394176,410943488,425394176,640,yolo26s_int8_640_ncnn_model,MOT17-02
243,165.35557499992137,0.0,8,"[2, 4, 175, 191, 184, 237, 238, 224]","[[812.5654296875, 410.77850341796875, 1055.41845703125, 993.637451171875], [962.869384765625, 433.3478088378906, 1080.6412353515625, 837.1901245117188], [634.83740234375, 462.1542053222656, 700.218994140625, 629.8858032226562], [1176.203369140625, 441.6009521484375, 1304.877197265625, 808.5921630859375], [507.6512451171875, 453.7811279296875, 542.826416015625, 558.1474609375], [1248.6400146484375, 423.9151306152344, 1333.60888671875, 761.2527465820312], [770.3756103515625, 438.1363220214844, 886.816162109375, 872.593994140625], [1072.4385986328125, 446.67327880859375, 1128.291259765625, 590.9949340820312]]","[0.76318359375, 0.62890625, 0.70068359375, 0.7138671875, 0.45458984375, 0.49609375, 0.65380859375, 0.447509765625]","[[933.991943359375, 993.637451171875], [1021.7553100585938, 837.1901245117188], [667.5281982421875, 629.8858032226562], [1240.540283203125, 808.5921630859375], [525.2388305664062, 558.1474609375], [1291.1244506835938, 761.2527465820312], [828.5958862304688, 872.593994140625], [1100.3649291992188, 590.9949340820312]]",425394176,410943488,425394176,640,yolo26s_int8_640_ncnn_model,MOT17-02
244,166.14190999985112,0.0,8,"[2, 4, 175, 191, 184, 237, 238, 224]","[[808.7935180664062, 406.0325927734375, 1053.819091796875, 1000.09912109375], [969.8291015625, 432.67706298828125, 1085.5299072265625, 836.575927734375], [634.9002685546875, 464.9547119140625, 700.3787841796875, 631.30859375], [1183.301025390625, 437.82965087890625, 1310.041748046875, 809.0421752929688], [507.42279052734375, 454.2835693359375, 542.5924682617188, 557.9991455078125], [1251.603271484375, 421.1986389160156, 1339.250732421875, 776.4144287109375], [772.5945434570312, 441.1403503417969, 887.5310668945312, 870.2570190429688], [1072.2899169921875, 448.92742919921875, 1127.8653564453125, 593.2111206054688]]","[0.69921875, 0.32568359375, 0.68359375, 0.728515625, 0.423828125, 0.344482421875, 0.5751953125, 0.28369140625]","[[931.3063049316406, 1000.09912109375], [1027.6795043945312, 836.575927734375], [667.6395263671875, 631.30859375], [1246.67138671875, 809.0421752929688], [525.0076293945312, 557.9991455078125], [1295.427001953125, 776.4144287109375], [830.0628051757812, 870.2570190429688], [1100.07763671875, 593.2111206054688]]",425394176,410943488,425394176,640,yolo26s_int8_640_ncnn_model,MOT17-02
245,165.65774199989391,0.0,7,"[2, 4, 175, 191, 184, 238, 224]","[[825.9519653320312, 404.247314453125, 1068.8486328125, 1008.4358520507812], [979.5589599609375, 429.94403076171875, 1093.9049072265625, 838.8568725585938], [634.1278076171875, 463.49462890625, 701.0882568359375, 632.3283081054688], [1190.9095458984375, 436.20654296875, 1315.565673828125, 809.4143676757812], [507.2884826660156, 455.2160949707031, 542.5704345703125, 558.1985473632812], [775.2723388671875, 441.69287109375, 889.7540283203125, 869.8729858398438], [1073.196533203125, 449.4630126953125, 1128.7076416015625, 594.2661743164062]]","[0.7333984375, 0.5126953125, 0.6455078125, 0.7158203125, 0.414794921875, 0.6220703125, 0.390869140625]","[[947.4002990722656, 1008.4358520507812], [1036.73193359375, 838.8568725585938], [667.6080322265625, 632.3283081054688], [1253.2376098632812, 809.4143676757812], [524.9294586181641, 558.1985473632812], [832.51318359375, 869.8729858398438], [1100.9520874023438, 594.2661743164062]]",425394176,410943488,425394176,640,yolo26s_int8_640_ncnn_model,MOT17-02
246,165.22692699982144,0.0,8,"[2, 4, 175, 191, 184, 238, 224, 237]","[[835.6550903320312, 405.0545959472656, 1075.0772705078125, 1016.9926147460938], [986.49755859375, 430.40863037109375, 1099.431884765625, 842.2044677734375], [631.890869140625, 463.9174499511719, 698.2615966796875, 631.7061157226562], [1196.894775390625, 437.1116943359375, 1320.114501953125, 813.921875], [507.5257873535156, 456.30810546875, 542.790283203125, 558.5282592773438], [777.1775512695312, 442.09796142578125, 892.4763793945312, 872.5161743164062], [1071.3948974609375, 445.6218566894531, 1128.0963134765625, 593.6533203125], [1262.5670166015625, 416.1893005371094, 1348.4896240234375, 771.6329956054688]]","[0.77001953125, 0.447998046875, 0.64794921875, 0.734375, 0.43798828125, 0.65625, 0.412841796875, 0.33740234375]","[[955.3661804199219, 1016.9926147460938], [1042.9647216796875, 842.2044677734375], [665.0762329101562, 631.7061157226562], [1258.504638671875, 813.921875], [525.1580352783203, 558.5282592773438], [834.8269653320312, 872.5161743164062], [1099.74560546875, 593.6533203125], [1305.5283203125, 771.6329956054688]]",425394176,410943488,425394176,640,yolo26s_int8_640_ncnn_model,MOT17-02
247,165.52316799993605,0.0,8,"[2, 4, 175, 191, 184, 238, 224, 188]","[[841.566162109375, 403.66259765625, 1078.8214111328125, 1026.8377685546875], [997.00341796875, 440.48291015625, 1108.1529541015625, 853.3685302734375], [631.4998779296875, 463.0632019042969, 698.0875854492188, 632.441162109375], [1207.61376953125, 442.4095153808594, 1325.78857421875, 806.7717895507812], [506.27056884765625, 455.9591369628906, 541.7369384765625, 558.40625], [785.547607421875, 436.6708679199219, 905.7368774414062, 879.018310546875], [1072.6429443359375, 446.6432800292969, 1128.8741455078125, 594.9053955078125], [418.15069580078125, 469.8186950683594, 457.43487548828125, 571.6296997070312]]","[0.7431640625, 0.38818359375, 0.60302734375, 0.7333984375, 0.452392578125, 0.6533203125, 0.406982421875, 0.367431640625]","[[960.1937866210938, 1026.8377685546875], [1052.5781860351562, 853.3685302734375], [664.7937316894531, 632.441162109375], [1266.701171875, 806.7717895507812], [524.0037536621094, 558.40625], [845.6422424316406, 879.018310546875], [1100.758544921875, 594.9053955078125], [437.79278564453125, 571.6296997070312]]",425394176,410943488,425394176,640,yolo26s_int8_640_ncnn_model,MOT17-02
248,168.5473559998627,0.0,8,"[2, 4, 175, 191, 184, 238, 224, 188]","[[848.3531494140625, 406.5720520019531, 1080.25830078125, 1032.9599609375], [1003.5300903320312, 443.0762023925781, 1111.5372314453125, 848.9422607421875], [632.3988647460938, 463.4689025878906, 697.8982543945312, 629.9854736328125], [1218.7835693359375, 447.7641296386719, 1336.37109375, 805.6671142578125], [506.49127197265625, 456.06683349609375, 541.6624145507812, 557.1197509765625], [787.0445556640625, 438.59857177734375, 907.1295776367188, 875.459228515625], [1074.3001708984375, 443.0425720214844, 1131.9161376953125, 593.3900756835938], [417.99420166015625, 471.5177001953125, 456.45721435546875, 571.5086059570312]]","[0.76171875, 0.332763671875, 0.64990234375, 0.64794921875, 0.4580078125, 0.7138671875, 0.564453125, 0.368408203125]","[[964.3057250976562, 1032.9599609375], [1057.5336608886719, 848.9422607421875], [665.1485595703125, 629.9854736328125], [1277.5773315429688, 805.6671142578125], [524.0768432617188, 557.1197509765625], [847.0870666503906, 875.459228515625], [1103.108154296875, 593.3900756835938], [437.2257080078125, 571.5086059570312]]",425394176,410943488,425394176,640,yolo26s_int8_640_ncnn_model,MOT17-02
249,165.52507599999444,0.0,9,"[2, 4, 175, 191, 184, 238, 224, 188, 252]","[[854.8519897460938, 407.95416259765625, 1083.392333984375, 1043.791259765625], [1010.1671142578125, 445.2716064453125, 1116.1937255859375, 845.9583740234375], [634.2113037109375, 462.3609619140625, 699.26708984375, 628.282958984375], [1229.447021484375, 444.0372009277344, 1350.33740234375, 803.9840698242188], [506.092041015625, 454.34735107421875, 542.139892578125, 557.3878784179688], [787.6748657226562, 437.5769348144531, 909.24755859375, 876.7852783203125], [1074.9898681640625, 444.1498718261719, 1132.9473876953125, 593.3084716796875], [415.7846984863281, 474.34356689453125, 454.7987976074219, 573.2117919921875], [691.5018310546875, 491.625, 730.4981689453125, 597.375]]","[0.67822265625, 0.27685546875, 0.63427734375, 0.71435546875, 0.421630859375, 0.71240234375, 0.486328125, 0.3544921875, 0.325439453125]","[[969.1221618652344, 1043.791259765625], [1063.180419921875, 845.9583740234375], [666.7391967773438, 628.282958984375], [1289.8922119140625, 803.9840698242188], [524.115966796875, 557.3878784179688], [848.4612121582031, 876.7852783203125], [1103.9686279296875, 593.3084716796875], [435.291748046875, 573.2117919921875], [711.0, 597.375]]",425394176,410943488,425394176,640,yolo26s_int8_640_ncnn_model,MOT17-02
250,169.1671349999524,0.0,8,"[2, 4, 175, 191, 184, 238, 224, 188]","[[866.9862060546875, 405.0559997558594, 1089.275634765625, 1042.4110107421875], [1014.0853881835938, 443.8064880371094, 1121.0933837890625, 848.0643310546875], [640.9071655273438, 461.439208984375, 706.1317749023438, 628.1438598632812], [1241.261474609375, 444.1401062011719, 1367.0787353515625, 803.83984375], [506.2149353027344, 448.2728576660156, 544.0345458984375, 556.998291015625], [789.7344360351562, 436.18939208984375, 911.959716796875, 876.2605590820312], [1076.76416015625, 444.82257080078125, 1134.7413330078125, 593.0274658203125], [411.9032897949219, 470.6712646484375, 453.3104553222656, 573.5969848632812]]","[0.6865234375, 0.3115234375, 0.68701171875, 0.79736328125, 0.358154296875, 0.75537109375, 0.427490234375, 0.402587890625]","[[978.1309204101562, 1042.4110107421875], [1067.5893859863281, 848.0643310546875], [673.5194702148438, 628.1438598632812], [1304.1701049804688, 803.83984375], [525.1247406005859, 556.998291015625], [850.8470764160156, 876.2605590820312], [1105.7527465820312, 593.0274658203125], [432.60687255859375, 573.5969848632812]]",425394176,410943488,425394176,640,yolo26s_int8_640_ncnn_model,MOT17-02
251,165.21353799998906,0.0,7,"[2, 175, 191, 184, 238, 224, 188]","[[875.7307739257812, 398.7818298339844, 1095.9005126953125, 1044.915283203125], [646.3947143554688, 460.5924987792969, 711.1015014648438, 626.6082763671875], [1247.7579345703125, 447.1676940917969, 1378.7747802734375, 804.7662963867188], [507.1728820800781, 451.5767517089844, 543.8414306640625, 557.0982666015625], [793.3037109375, 433.9197998046875, 916.9043579101562, 877.7741088867188], [1079.2027587890625, 448.8030700683594, 1136.5640869140625, 594.1651000976562], [410.7255554199219, 470.5347595214844, 452.0488586425781, 571.540771484375]]","[0.734375, 0.67529296875, 0.8291015625, 0.42041015625, 0.7822265625, 0.408203125, 0.3759765625]","[[985.8156433105469, 1044.915283203125], [678.7481079101562, 626.6082763671875], [1313.266357421875, 804.7662963867188], [525.5071563720703, 557.0982666015625], [855.1040344238281, 877.7741088867188], [1107.8834228515625, 594.1651000976562], [431.38720703125, 571.540771484375]]",425394176,410943488,425394176,640,yolo26s_int8_640_ncnn_model,MOT17-02
252,164.44420399989212,0.0,7,"[2, 175, 191, 184, 238, 224, 188]","[[889.3140869140625, 400.5743408203125, 1105.42822265625, 1046.485595703125], [647.8119506835938, 454.0586242675781, 714.9972534179688, 628.2689208984375], [1251.74658203125, 450.55865478515625, 1387.99609375, 804.8583374023438], [507.8670349121094, 448.4512634277344, 545.4497680664062, 556.6510620117188], [797.5803833007812, 434.0565490722656, 920.5626831054688, 876.341796875], [1082.8160400390625, 447.5408630371094, 1138.4771728515625, 590.3396606445312], [409.26025390625, 469.5042724609375, 451.6695251464844, 571.7232055664062]]","[0.76806640625, 0.66650390625, 0.8095703125, 0.461181640625, 0.70849609375, 0.340087890625, 0.480712890625]","[[997.3711547851562, 1046.485595703125], [681.4046020507812, 628.2689208984375], [1319.871337890625, 804.8583374023438], [526.6584014892578, 556.6510620117188], [859.071533203125, 876.341796875], [1110.6466064453125, 590.3396606445312], [430.4648895263672, 571.7232055664062]]",425394176,410943488,425394176,640,yolo26s_int8_640_ncnn_model,MOT17-02
253,166.5997799998422,0.0,8,"[2, 175, 191, 184, 238, 188, 253, 252]","[[903.5806274414062, 405.23443603515625, 1115.326171875, 1043.01513671875], [649.5471801757812, 453.1037292480469, 717.0992431640625, 629.3748168945312], [1251.9466552734375, 449.3400573730469, 1395.1246337890625, 805.3788452148438], [507.6171569824219, 443.1395568847656, 546.5482177734375, 555.75439453125], [800.4689331054688, 430.3945007324219, 924.3967895507812, 878.5009155273438], [408.6490173339844, 469.1290588378906, 451.6523132324219, 571.7944946289062], [727.4993896484375, 479.32501220703125, 777.900634765625, 595.2750244140625], [697.1261596679688, 491.9879150390625, 735.7611694335938, 597.0120849609375]]","[0.77001953125, 0.630859375, 0.787109375, 0.465576171875, 0.6416015625, 0.438720703125, 0.377685546875, 0.287109375]","[[1009.4533996582031, 1043.01513671875], [683.3232116699219, 629.3748168945312], [1323.53564453125, 805.3788452148438], [527.0826873779297, 555.75439453125], [862.432861328125, 878.5009155273438], [430.1506652832031, 571.7944946289062], [752.7000122070312, 595.2750244140625], [716.4436645507812, 597.0120849609375]]",425394176,410943488,425394176,640,yolo26s_int8_640_ncnn_model,MOT17-02
254,164.82531499991637,0.0,9,"[2, 175, 191, 184, 238, 188, 253, 254, 252]","[[911.4359130859375, 409.7608642578125, 1120.12548828125, 1041.8045654296875], [650.4889526367188, 449.5786437988281, 719.4357299804688, 631.03369140625], [1249.69873046875, 442.1781921386719, 1401.568359375, 808.2900390625], [507.5359191894531, 442.8343505859375, 546.9461059570312, 557.6021118164062], [804.5089111328125, 428.0429382324219, 927.5994262695312, 876.33447265625], [408.4652404785156, 469.9870910644531, 451.6718444824219, 572.8114624023438], [728.3880004882812, 479.26739501953125, 778.6251831054688, 594.8717041015625], [1851.34326171875, 428.3999938964844, 1920.0, 777.5999755859375], [697.5286254882812, 490.9187927246094, 736.7893676757812, 598.0812377929688]]","[0.8056640625, 0.69287109375, 0.8095703125, 0.449462890625, 0.642578125, 0.40771484375, 0.338623046875, 0.38330078125, 0.348876953125]","[[1015.7807006835938, 1041.8045654296875], [684.9623413085938, 631.03369140625], [1325.633544921875, 808.2900390625], [527.2410125732422, 557.6021118164062], [866.0541687011719, 876.33447265625], [430.06854248046875, 572.8114624023438], [753.506591796875, 594.8717041015625], [1885.671630859375, 777.5999755859375], [717.1589965820312, 598.0812377929688]]",425394176,410943488,425394176,640,yolo26s_int8_640_ncnn_model,MOT17-02
255,166.20433599996431,0.0,9,"[2, 175, 191, 184, 238, 188, 253, 254, 224]","[[913.6065673828125, 407.4985656738281, 1122.2003173828125, 1043.2379150390625], [651.7672119140625, 449.47747802734375, 720.2578735351562, 631.41943359375], [1249.99169921875, 438.75469970703125, 1408.3226318359375, 810.106689453125], [508.9007263183594, 447.38330078125, 546.6676025390625, 557.6016845703125], [810.6692504882812, 427.17138671875, 933.8294067382812, 877.462890625], [407.7893981933594, 472.7958984375, 451.3665771484375, 574.681396484375], [729.251953125, 481.5820617675781, 779.472412109375, 597.0697631835938], [1847.7301025390625, 408.2463073730469, 1920.0, 774.8517456054688], [1099.59765625, 449.37115478515625, 1144.6656494140625, 565.6788330078125]]","[0.8310546875, 0.6103515625, 0.8408203125, 0.399658203125, 0.6513671875, 0.50830078125, 0.27294921875, 0.362548828125, 0.414306640625]","[[1017.9034423828125, 1043.2379150390625], [686.0125427246094, 631.41943359375], [1329.1571655273438, 810.106689453125], [527.7841644287109, 557.6016845703125], [872.2493286132812, 877.462890625], [429.57798767089844, 574.681396484375], [754.3621826171875, 597.0697631835938], [1883.8650512695312, 774.8517456054688], [1122.1316528320312, 565.6788330078125]]",425394176,410943488,425394176,640,yolo26s_int8_640_ncnn_model,MOT17-02
256,191.16952800004583,0.0,9,"[2, 175, 191, 184, 238, 188, 253, 254, 224]","[[913.1480102539062, 407.6255798339844, 1121.8258056640625, 1046.667236328125], [653.2368774414062, 449.2380065917969, 721.8871459960938, 632.7850952148438], [1250.8302001953125, 434.2712707519531, 1416.55029296875, 815.9364624023438], [509.1407775878906, 447.97698974609375, 545.8406372070312, 554.86328125], [812.86865234375, 424.15325927734375, 937.05615234375, 882.5706787109375], [406.88568115234375, 473.8714599609375, 449.9807434082031, 573.4041748046875], [729.2752685546875, 481.17974853515625, 779.936279296875, 597.7662963867188], [1827.3956298828125, 402.69049072265625, 1904.248046875, 779.2777099609375], [1101.9642333984375, 448.48773193359375, 1145.390869140625, 560.7140502929688]]","[0.8037109375, 0.6435546875, 0.833984375, 0.384765625, 0.63427734375, 0.47314453125, 0.338623046875, 0.591796875, 0.373779296875]","[[1017.4869079589844, 1046.667236328125], [687.56201171875, 632.7850952148438], [1333.6902465820312, 815.9364624023438], [527.4907073974609, 554.86328125], [874.96240234375, 882.5706787109375], [428.43321228027344, 573.4041748046875], [754.6057739257812, 597.7662963867188], [1865.8218383789062, 779.2777099609375], [1123.6775512695312, 560.7140502929688]]",425394176,410943488,425394176,640,yolo26s_int8_640_ncnn_model,MOT17-02
257,164.48051900010796,0.0,10,"[2, 175, 191, 184, 238, 188, 253, 254, 224, 257]","[[923.6883544921875, 409.6431884765625, 1132.224365234375, 1047.8897705078125], [658.73779296875, 454.814453125, 726.2557983398438, 632.561767578125], [1251.55126953125, 435.76483154296875, 1419.864501953125, 815.935302734375], [509.13922119140625, 451.218017578125, 545.1092529296875, 555.8489379882812], [814.0362548828125, 422.3042297363281, 939.6691284179688, 891.1129760742188], [405.3660583496094, 470.02349853515625, 450.20562744140625, 573.161376953125], [729.9053344726562, 483.7109069824219, 779.95361328125, 598.4990844726562], [1822.07958984375, 395.1435852050781, 1901.3662109375, 777.30078125], [1103.2587890625, 448.7664489746094, 1145.0587158203125, 556.6519775390625], [765.1965942382812, 431.625, 937.6033935546875, 888.375]]","[0.79833984375, 0.650390625, 0.84912109375, 0.43603515625, 0.60400390625, 0.4951171875, 0.3447265625, 0.59033203125, 0.4052734375, 0.38720703125]","[[1027.9563598632812, 1047.8897705078125], [692.4967956542969, 632.561767578125], [1335.7078857421875, 815.935302734375], [527.1242370605469, 555.8489379882812], [876.8526916503906, 891.1129760742188], [427.7858428955078, 573.161376953125], [754.9294738769531, 598.4990844726562], [1861.722900390625, 777.30078125], [1124.1587524414062, 556.6519775390625], [851.3999938964844, 888.375]]",425394176,410943488,425394176,640,yolo26s_int8_640_ncnn_model,MOT17-02
258,164.84889000003022,0.0,9,"[2, 175, 191, 184, 238, 188, 253, 254, 224]","[[926.7186889648438, 408.425537109375, 1135.7171630859375, 1048.2672119140625], [660.8779296875, 454.5245666503906, 729.7332153320312, 633.9510498046875], [1254.02685546875, 436.40130615234375, 1424.31640625, 815.8779296875], [509.3746032714844, 455.1833801269531, 545.093994140625, 558.4794921875], [815.5553588867188, 424.32391357421875, 940.336669921875, 894.5807495117188], [403.85107421875, 467.14300537109375, 448.82861328125, 569.6412963867188], [730.2156372070312, 484.292724609375, 780.3478393554688, 598.9780883789062], [1816.84033203125, 396.682373046875, 1900.33642578125, 791.988525390625], [1103.7408447265625, 445.4763488769531, 1146.8277587890625, 556.66259765625]]","[0.77978515625, 0.67822265625, 0.83544921875, 0.4482421875, 0.65234375, 0.32421875, 0.419677734375, 0.63671875, 0.451416015625]","[[1031.2179260253906, 1048.2672119140625], [695.3055725097656, 633.9510498046875], [1339.171630859375, 815.8779296875], [527.2342987060547, 558.4794921875], [877.9460144042969, 894.5807495117188], [426.33984375, 569.6412963867188], [755.28173828125, 598.9780883789062], [1858.58837890625, 791.988525390625], [1125.2843017578125, 556.66259765625]]",425394176,410943488,425394176,640,yolo26s_int8_640_ncnn_model,MOT17-02
259,164.93114900004002,0.0,9,"[2, 175, 191, 184, 238, 188, 253, 254, 224]","[[930.8118896484375, 405.2358093261719, 1136.6077880859375, 1041.1669921875], [662.4415283203125, 454.9169006347656, 732.5927734375, 635.9345092773438], [1260.00634765625, 437.41888427734375, 1430.40673828125, 814.0880737304688], [509.61700439453125, 456.6478271484375, 545.4276733398438, 559.4590454101562], [816.243408203125, 419.7412414550781, 943.1669921875, 904.2040405273438], [403.1807861328125, 468.0198059082031, 449.44537353515625, 572.236572265625], [729.93896484375, 483.9320373535156, 778.7490234375, 595.466552734375], [1810.45654296875, 400.8641052246094, 1894.7347412109375, 786.6460571289062], [1104.400390625, 444.33673095703125, 1147.88623046875, 556.7282104492188]]","[0.69384765625, 0.63818359375, 0.8037109375, 0.385498046875, 0.669921875, 0.29296875, 0.2705078125, 0.69140625, 0.40576171875]","[[1033.7098388671875, 1041.1669921875], [697.5171508789062, 635.9345092773438], [1345.20654296875, 814.0880737304688], [527.5223388671875, 559.4590454101562], [879.7052001953125, 904.2040405273438], [426.3130798339844, 572.236572265625], [754.343994140625, 595.466552734375], [1852.5956420898438, 786.6460571289062], [1126.143310546875, 556.7282104492188]]",425394176,410943488,425394176,640,yolo26s_int8_640_ncnn_model,MOT17-02
260,168.95024599989483,0.0,8,"[2, 175, 191, 184, 238, 253, 254, 224]","[[922.932861328125, 402.7805480957031, 1129.0499267578125, 1045.589111328125], [663.8447875976562, 455.0743103027344, 733.6917724609375, 634.7024536132812], [1262.44580078125, 434.8680419921875, 1434.0975341796875, 814.3590087890625], [510.1611328125, 459.1700134277344, 545.5906372070312, 559.8169555664062], [817.2275390625, 420.4663391113281, 945.2924194335938, 916.0645141601562], [729.916748046875, 482.9714050292969, 778.5701904296875, 593.9027709960938], [1798.0863037109375, 400.4689636230469, 1885.7840576171875, 780.5489501953125], [1105.37841796875, 444.1850280761719, 1148.4095458984375, 554.5948486328125]]","[0.79150390625, 0.65625, 0.767578125, 0.37890625, 0.68701171875, 0.279296875, 0.52978515625, 0.33447265625]","[[1025.9913940429688, 1045.589111328125], [698.7682800292969, 634.7024536132812], [1348.2716674804688, 814.3590087890625], [527.8758850097656, 559.8169555664062], [881.2599792480469, 916.0645141601562], [754.2434692382812, 593.9027709960938], [1841.9351806640625, 780.5489501953125], [1126.8939819335938, 554.5948486328125]]",425394176,410943488,425394176,640,yolo26s_int8_640_ncnn_model,MOT17-02
261,166.0387609999816,0.0,10,"[2, 175, 191, 184, 238, 253, 254, 224, 265, 257]","[[928.7747192382812, 404.5798034667969, 1129.900634765625, 1039.5714111328125], [664.946044921875, 457.8656005859375, 734.842529296875, 637.42578125], [1272.261474609375, 432.945068359375, 1441.99267578125, 813.4515991210938], [510.674072265625, 462.349609375, 545.3331298828125, 559.6888427734375], [817.0625610351562, 421.7610168457031, 944.5049438476562, 921.5228881835938], [730.8560791015625, 486.9676513671875, 779.08642578125, 596.1748657226562], [1774.8135986328125, 402.0325012207031, 1868.0562744140625, 773.6532592773438], [1104.932373046875, 444.6628112792969, 1148.2459716796875, 555.4303588867188], [1043.0291748046875, 442.875, 1118.7708740234375, 598.125], [762.6045532226562, 434.8887939453125, 944.2570190429688, 918.4743041992188]]","[0.81396484375, 0.6669921875, 0.7763671875, 0.3857421875, 0.60107421875, 0.25732421875, 0.7880859375, 0.330322265625, 0.372802734375, 0.330322265625]","[[1029.3376770019531, 1039.5714111328125], [699.894287109375, 637.42578125], [1357.1270751953125, 813.4515991210938], [528.0036010742188, 559.6888427734375], [880.7837524414062, 921.5228881835938], [754.9712524414062, 596.1748657226562], [1821.4349365234375, 773.6532592773438], [1126.5891723632812, 555.4303588867188], [1080.9000244140625, 598.125], [853.4307861328125, 918.4743041992188]]",425394176,410943488,425394176,640,yolo26s_int8_640_ncnn_model,MOT17-02
262,164.7983350001141,0.0,9,"[2, 175, 191, 184, 238, 253, 254, 224, 265]","[[930.2893676757812, 404.54119873046875, 1128.5994873046875, 1038.95458984375], [666.127197265625, 454.9627685546875, 737.323974609375, 638.4361572265625], [1285.478759765625, 434.71234130859375, 1452.86669921875, 816.5346069335938], [510.4087829589844, 461.4637756347656, 545.6807250976562, 559.6295166015625], [815.637451171875, 430.3639221191406, 941.432373046875, 924.228271484375], [730.56005859375, 483.2843322753906, 779.3888549804688, 593.9457397460938], [1751.844970703125, 411.4526062011719, 1852.1033935546875, 772.6415405273438], [1105.697509765625, 445.3558654785156, 1149.1732177734375, 555.3047485351562], [1042.8485107421875, 435.7409973144531, 1122.1474609375, 598.4103393554688]]","[0.80126953125, 0.67578125, 0.77294921875, 0.435302734375, 0.62451171875, 0.26318359375, 0.82861328125, 0.35693359375, 0.412353515625]","[[1029.4444274902344, 1038.95458984375], [701.7255859375, 638.4361572265625], [1369.1727294921875, 816.5346069335938], [528.0447540283203, 559.6295166015625], [878.534912109375, 924.228271484375], [754.9744567871094, 593.9457397460938], [1801.9741821289062, 772.6415405273438], [1127.4353637695312, 555.3047485351562], [1082.4979858398438, 598.4103393554688]]",425394176,410943488,425394176,640,yolo26s_int8_640_ncnn_model,MOT17-02
263,164.83024200010732,0.0,9,"[2, 175, 191, 184, 238, 253, 254, 224, 265]","[[931.326904296875, 404.5339050292969, 1128.357421875, 1040.6890869140625], [667.5823364257812, 454.8500061035156, 738.59619140625, 637.8153686523438], [1296.6907958984375, 435.1700439453125, 1460.23486328125, 817.9307861328125], [508.6294860839844, 460.61376953125, 544.4842529296875, 559.1027221679688], [817.6242065429688, 431.98931884765625, 943.4127197265625, 926.8323364257812], [730.2811889648438, 482.1765441894531, 780.1598510742188, 594.9033203125], [1734.0728759765625, 414.50335693359375, 1844.2071533203125, 771.7938232421875], [1108.94775390625, 446.3829650878906, 1152.4879150390625, 556.591552734375], [1045.10791015625, 430.427001953125, 1126.6585693359375, 597.944091796875]]","[0.82470703125, 0.68798828125, 0.732421875, 0.46630859375, 0.576171875, 0.365966796875, 0.818359375, 0.385009765625, 0.416015625]","[[1029.8421630859375, 1040.6890869140625], [703.0892639160156, 637.8153686523438], [1378.4628295898438, 817.9307861328125], [526.5568695068359, 559.1027221679688], [880.5184631347656, 926.8323364257812], [755.2205200195312, 594.9033203125], [1789.1400146484375, 771.7938232421875], [1130.7178344726562, 556.591552734375], [1085.8832397460938, 597.944091796875]]",425394176,410943488,425394176,640,yolo26s_int8_640_ncnn_model,MOT17-02
264,165.48302000001058,0.0,10,"[2, 175, 191, 184, 238, 253, 254, 224, 265, 257]","[[932.7161865234375, 404.5378112792969, 1128.0047607421875, 1041.3267822265625], [670.4851684570312, 457.2825012207031, 740.5200805664062, 639.0283813476562], [1308.0277099609375, 432.15997314453125, 1467.3157958984375, 815.7166137695312], [508.83966064453125, 459.514404296875, 545.1484375, 558.6497192382812], [819.6047973632812, 432.8428039550781, 944.7623901367188, 927.4449462890625], [731.6314086914062, 483.25311279296875, 780.9751586914062, 594.768798828125], [1725.727294921875, 422.4905700683594, 1844.073486328125, 770.7546997070312], [1114.1524658203125, 447.27001953125, 1155.6246337890625, 553.6163330078125], [1050.109375, 438.68902587890625, 1127.130859375, 596.6840209960938], [769.3441772460938, 441.51922607421875, 949.8554077148438, 924.5899047851562]]","[0.80810546875, 0.6904296875, 0.67578125, 0.438720703125, 0.52587890625, 0.34130859375, 0.845703125, 0.30615234375, 0.36865234375, 0.3583984375]","[[1030.3604736328125, 1041.3267822265625], [705.5026245117188, 639.0283813476562], [1387.6717529296875, 815.7166137695312], [526.9940490722656, 558.6497192382812], [882.18359375, 927.4449462890625], [756.3032836914062, 594.768798828125], [1784.900390625, 770.7546997070312], [1134.8885498046875, 553.6163330078125], [1088.6201171875, 596.6840209960938], [859.5997924804688, 924.5899047851562]]",425394176,410943488,425394176,640,yolo26s_int8_640_ncnn_model,MOT17-02
265,176.97042099985083,0.0,9,"[2, 175, 191, 184, 238, 253, 254, 224, 257]","[[934.518310546875, 406.52630615234375, 1126.3555908203125, 1039.566162109375], [673.7809448242188, 457.4674072265625, 742.863525390625, 638.2282104492188], [1315.47412109375, 428.07757568359375, 1476.2264404296875, 829.6574096679688], [508.9243469238281, 461.5654602050781, 545.3956909179688, 559.9688720703125], [821.5048217773438, 433.155517578125, 945.9495849609375, 925.5725708007812], [734.160888671875, 482.65234375, 783.2647094726562, 594.7225341796875], [1714.0679931640625, 425.6984558105469, 1841.4114990234375, 771.1727294921875], [1115.744873046875, 446.5921936035156, 1155.9998779296875, 550.5335693359375], [770.6904907226562, 444.26025390625, 949.0366821289062, 924.9093627929688]]","[0.77294921875, 0.67626953125, 0.71826171875, 0.416259765625, 0.58203125, 0.406982421875, 0.86767578125, 0.433837890625, 0.2958984375]","[[1030.4369506835938, 1039.566162109375], [708.3222351074219, 638.2282104492188], [1395.8502807617188, 829.6574096679688], [527.1600189208984, 559.9688720703125], [883.7272033691406, 925.5725708007812], [758.7127990722656, 594.7225341796875], [1777.73974609375, 771.1727294921875], [1135.8723754882812, 550.5335693359375], [859.8635864257812, 924.9093627929688]]",425394176,410943488,425394176,640,yolo26s_int8_640_ncnn_model,MOT17-02
266,168.2232269999986,0.0,9,"[2, 175, 191, 184, 238, 253, 254, 224, 265]","[[938.5040283203125, 409.2698059082031, 1127.163818359375, 1038.878662109375], [675.15625, 456.7886962890625, 744.4535522460938, 638.6475219726562], [1324.77001953125, 433.3612365722656, 1479.550537109375, 830.0060424804688], [508.4578857421875, 458.326416015625, 546.4872436523438, 560.4647216796875], [825.1702270507812, 433.25994873046875, 949.2332763671875, 926.710693359375], [732.8402709960938, 481.1753234863281, 781.35693359375, 591.9650268554688], [1706.540283203125, 430.62139892578125, 1840.4342041015625, 772.6200561523438], [1118.35595703125, 445.5843811035156, 1158.022216796875, 548.2039184570312], [1055.978271484375, 441.12921142578125, 1130.7557373046875, 593.6385498046875]]","[0.8037109375, 0.69677734375, 0.72314453125, 0.396240234375, 0.5849609375, 0.3251953125, 0.7939453125, 0.5537109375, 0.314453125]","[[1032.8339233398438, 1038.878662109375], [709.8049011230469, 638.6475219726562], [1402.1602783203125, 830.0060424804688], [527.4725646972656, 560.4647216796875], [887.2017517089844, 926.710693359375], [757.0986022949219, 591.9650268554688], [1773.4872436523438, 772.6200561523438], [1138.1890869140625, 548.2039184570312], [1093.3670043945312, 593.6385498046875]]",425394176,410943488,425394176,640,yolo26s_int8_640_ncnn_model,MOT17-02
267,168.62141300020994,0.0,9,"[2, 175, 191, 184, 238, 253, 254, 224, 265]","[[941.607666015625, 407.8120422363281, 1128.646728515625, 1039.1060791015625], [673.6519165039062, 453.8126220703125, 743.471435546875, 637.5540161132812], [1334.902099609375, 428.3501892089844, 1488.45947265625, 831.2748413085938], [507.6661682128906, 456.8735046386719, 546.0377807617188, 559.907958984375], [825.585205078125, 430.5719299316406, 950.31640625, 924.82177734375], [731.583251953125, 480.1139221191406, 780.347900390625, 591.432861328125], [1696.2078857421875, 423.793212890625, 1836.3028564453125, 765.6024780273438], [1120.142333984375, 446.4836730957031, 1159.8167724609375, 549.1878051757812], [1055.3861083984375, 432.97271728515625, 1133.8194580078125, 592.0247802734375]]","[0.7998046875, 0.68505859375, 0.75634765625, 0.423828125, 0.548828125, 0.271484375, 0.81640625, 0.556640625, 0.3232421875]","[[1035.127197265625, 1039.1060791015625], [708.5616760253906, 637.5540161132812], [1411.6807861328125, 831.2748413085938], [526.8519744873047, 559.907958984375], [887.9508056640625, 924.82177734375], [755.965576171875, 591.432861328125], [1766.25537109375, 765.6024780273438], [1139.9795532226562, 549.1878051757812], [1094.602783203125, 592.0247802734375]]",425394176,410943488,425394176,640,yolo26s_int8_640_ncnn_model,MOT17-02
268,167.20046699992963,0.0,9,"[2, 175, 191, 184, 238, 253, 254, 224, 265]","[[942.5394897460938, 407.2529296875, 1127.2701416015625, 1039.1844482421875], [674.8822021484375, 453.1794738769531, 744.6107177734375, 637.6176147460938], [1346.37890625, 431.6253967285156, 1497.4503173828125, 832.4343872070312], [507.47796630859375, 455.8124694824219, 545.7438354492188, 558.206298828125], [823.5638427734375, 431.7629089355469, 947.8124389648438, 924.7511596679688], [732.3678588867188, 482.46185302734375, 781.6906127929688, 594.4861450195312], [1680.7138671875, 420.4621276855469, 1823.0223388671875, 757.7603149414062], [1121.2440185546875, 447.3200378417969, 1160.9053955078125, 551.11376953125], [1056.3525390625, 428.3288879394531, 1138.738037109375, 594.55810546875]]","[0.7919921875, 0.68798828125, 0.80517578125, 0.41552734375, 0.52197265625, 0.52587890625, 0.83544921875, 0.53076171875, 0.372802734375]","[[1034.9048156738281, 1039.1844482421875], [709.7464599609375, 637.6176147460938], [1421.9146118164062, 832.4343872070312], [526.6109008789062, 558.206298828125], [885.6881408691406, 924.7511596679688], [757.0292358398438, 594.4861450195312], [1751.8681030273438, 757.7603149414062], [1141.07470703125, 551.11376953125], [1097.5452880859375, 594.55810546875]]",425394176,410943488,425394176,640,yolo26s_int8_640_ncnn_model,MOT17-02
269,166.91778099993826,0.0,8,"[2, 175, 191, 184, 238, 253, 254, 224]","[[943.0628662109375, 407.0355529785156, 1126.3895263671875, 1039.2066650390625], [678.2785034179688, 453.1964111328125, 748.896728515625, 640.3445434570312], [1358.30419921875, 437.36334228515625, 1508.5660400390625, 834.2864379882812], [506.9246520996094, 454.6639099121094, 546.1156616210938, 559.285888671875], [820.1946411132812, 429.9878845214844, 947.3360595703125, 938.7418212890625], [735.130126953125, 490.7955322265625, 781.7015380859375, 595.14990234375], [1669.2261962890625, 423.2218933105469, 1810.4429931640625, 752.8779907226562], [1121.885498046875, 442.889892578125, 1162.94775390625, 551.6224365234375]]","[0.79052734375, 0.560546875, 0.78955078125, 0.5283203125, 0.52294921875, 0.309326171875, 0.80517578125, 0.486572265625]","[[1034.7261962890625, 1039.2066650390625], [713.5876159667969, 640.3445434570312], [1433.4351196289062, 834.2864379882812], [526.5201568603516, 559.285888671875], [883.7653503417969, 938.7418212890625], [758.4158325195312, 595.14990234375], [1739.8345947265625, 752.8779907226562], [1142.4166259765625, 551.6224365234375]]",425394176,410943488,425394176,640,yolo26s_int8_640_ncnn_model,MOT17-02
270,166.6971699999067,0.0,8,"[2, 175, 191, 184, 238, 254, 224, 265]","[[945.4113159179688, 406.9500732421875, 1126.714111328125, 1039.208251953125], [677.6370239257812, 451.2483215332031, 748.4044799804688, 639.4007568359375], [1370.4368896484375, 444.01708984375, 1522.4017333984375, 836.407958984375], [506.5202331542969, 454.23785400390625, 545.9644775390625, 559.6907958984375], [822.6282348632812, 427.61114501953125, 951.203369140625, 941.7291870117188], [1656.67724609375, 422.4673767089844, 1796.7027587890625, 750.9091186523438], [1122.590576171875, 442.71990966796875, 1163.158447265625, 552.3230590820312], [1060.1046142578125, 427.92547607421875, 1143.4263916015625, 594.0725708007812]]","[0.755859375, 0.68017578125, 0.80712890625, 0.49658203125, 0.60302734375, 0.7783203125, 0.412353515625, 0.35400390625]","[[1036.0627136230469, 1039.208251953125], [713.020751953125, 639.4007568359375], [1446.4193115234375, 836.407958984375], [526.2423553466797, 559.6907958984375], [886.9158020019531, 941.7291870117188], [1726.6900024414062, 750.9091186523438], [1142.87451171875, 552.3230590820312], [1101.7655029296875, 594.0725708007812]]",425394176,410943488,425394176,640,yolo26s_int8_640_ncnn_model,MOT17-02
271,167.11998499999936,0.0,8,"[2, 175, 191, 184, 238, 254, 224, 265]","[[945.4555053710938, 407.6590576171875, 1124.556640625, 1043.415771484375], [678.3544921875, 452.97637939453125, 748.0962524414062, 638.5275268554688], [1376.4376220703125, 441.305908203125, 1533.51220703125, 837.3895263671875], [507.1760559082031, 454.08294677734375, 546.57568359375, 559.8436889648438], [823.765380859375, 428.6559753417969, 952.4116821289062, 944.7169189453125], [1645.2376708984375, 419.9144287109375, 1783.1434326171875, 750.5261840820312], [1123.680419921875, 442.4281921386719, 1164.2493896484375, 553.8642578125], [1062.2969970703125, 426.34661865234375, 1147.6939697265625, 594.7322387695312]]","[0.7470703125, 0.6806640625, 0.81640625, 0.4052734375, 0.5869140625, 0.7021484375, 0.385009765625, 0.33740234375]","[[1035.0060729980469, 1043.415771484375], [713.2253723144531, 638.5275268554688], [1454.9749145507812, 837.3895263671875], [526.8758697509766, 559.8436889648438], [888.0885314941406, 944.7169189453125], [1714.1905517578125, 750.5261840820312], [1143.9649047851562, 553.8642578125], [1104.9954833984375, 594.7322387695312]]",425394176,410943488,425394176,640,yolo26s_int8_640_ncnn_model,MOT17-02
272,165.43915100010054,0.0,8,"[2, 175, 191, 184, 238, 254, 224, 265]","[[945.689453125, 409.65496826171875, 1123.395263671875, 1042.2725830078125], [681.5094604492188, 452.4167175292969, 751.9049072265625, 639.4179077148438], [1378.6507568359375, 432.37322998046875, 1543.0765380859375, 838.6884765625], [507.13299560546875, 456.98931884765625, 545.1362915039062, 558.9129028320312], [823.2940063476562, 427.5935974121094, 951.7122802734375, 945.248291015625], [1627.3077392578125, 412.96856689453125, 1764.5860595703125, 753.4635009765625], [1124.7086181640625, 440.6118469238281, 1164.928466796875, 553.2392578125], [1063.6229248046875, 422.0699157714844, 1152.547119140625, 595.7200317382812]]","[0.77001953125, 0.64990234375, 0.84912109375, 0.455078125, 0.65673828125, 0.5703125, 0.347412109375, 0.475341796875]","[[1034.5423583984375, 1042.2725830078125], [716.7071838378906, 639.4179077148438], [1460.8636474609375, 838.6884765625], [526.1346435546875, 558.9129028320312], [887.5031433105469, 945.248291015625], [1695.9468994140625, 753.4635009765625], [1144.8185424804688, 553.2392578125], [1108.0850219726562, 595.7200317382812]]",425394176,410943488,425394176,640,yolo26s_int8_640_ncnn_model,MOT17-02
273,174.98330800003714,0.0,10,"[2, 175, 191, 184, 238, 254, 224, 265, 188, 253]","[[946.9447631835938, 407.6773376464844, 1124.639892578125, 1043.5521240234375], [684.24072265625, 452.21502685546875, 754.150390625, 638.7562255859375], [1378.8370361328125, 426.7877197265625, 1550.7401123046875, 845.2476806640625], [507.1219482421875, 457.3644104003906, 545.080078125, 559.3021240234375], [820.900146484375, 427.68743896484375, 947.6592407226562, 935.0030517578125], [1618.95947265625, 411.8706359863281, 1752.0960693359375, 754.1217041015625], [1126.6605224609375, 441.9017333984375, 1165.4869384765625, 551.0493774414062], [1072.87890625, 429.5983581542969, 1158.245361328125, 595.8634643554688], [392.3483581542969, 464.99920654296875, 438.6463623046875, 569.9917602539062], [737.5094604492188, 489.1391906738281, 786.0501098632812, 600.0045166015625]]","[0.74560546875, 0.64794921875, 0.87744140625, 0.440185546875, 0.6484375, 0.52001953125, 0.345947265625, 0.39990234375, 0.329345703125, 0.3857421875]","[[1035.7923278808594, 1043.5521240234375], [719.195556640625, 638.7562255859375], [1464.78857421875, 845.2476806640625], [526.1010131835938, 559.3021240234375], [884.2796936035156, 935.0030517578125], [1685.5277709960938, 754.1217041015625], [1146.07373046875, 551.0493774414062], [1115.5621337890625, 595.8634643554688], [415.4973602294922, 569.9917602539062], [761.77978515625, 600.0045166015625]]",425394176,410943488,425394176,640,yolo26s_int8_640_ncnn_model,MOT17-02
274,164.63246400007847,0.0,10,"[2, 175, 191, 184, 238, 254, 224, 265, 188, 253]","[[945.0833129882812, 407.9141845703125, 1122.4000244140625, 1044.017822265625], [687.2589721679688, 450.664794921875, 757.3441162109375, 637.9977416992188], [1382.544677734375, 430.0258483886719, 1557.2998046875, 850.1419067382812], [507.5863037109375, 457.25054931640625, 545.5892944335938, 559.693359375], [821.8196411132812, 425.7477722167969, 950.1334838867188, 940.89013671875], [1608.036376953125, 411.48760986328125, 1738.19091796875, 753.4478759765625], [1127.5377197265625, 440.4281311035156, 1166.432861328125, 550.228759765625], [1074.0269775390625, 427.0783386230469, 1161.6343994140625, 597.4668579101562], [391.65386962890625, 464.93707275390625, 437.82958984375, 570.9799194335938], [738.5345458984375, 486.56219482421875, 786.6998291015625, 598.7783203125]]","[0.728515625, 0.6064453125, 0.8671875, 0.429931640625, 0.68701171875, 0.6474609375, 0.33154296875, 0.413330078125, 0.284912109375, 0.408203125]","[[1033.7416687011719, 1044.017822265625], [722.3015441894531, 637.9977416992188], [1469.9222412109375, 850.1419067382812], [526.5877990722656, 559.693359375], [885.9765625, 940.89013671875], [1673.1136474609375, 753.4478759765625], [1146.9852905273438, 550.228759765625], [1117.8306884765625, 597.4668579101562], [414.7417297363281, 570.9799194335938], [762.6171875, 598.7783203125]]",425394176,410943488,425394176,640,yolo26s_int8_640_ncnn_model,MOT17-02
275,164.32635299997855,0.0,9,"[2, 175, 191, 184, 238, 254, 224, 265, 188]","[[947.0678100585938, 408.24859619140625, 1122.7249755859375, 1039.9658203125], [691.3516235351562, 448.1144104003906, 762.3826904296875, 638.6924438476562], [1388.00732421875, 438.1980285644531, 1562.03271484375, 850.971435546875], [507.8504638671875, 457.6985778808594, 545.6951904296875, 559.3433837890625], [823.5344848632812, 425.771728515625, 951.6095581054688, 939.3458251953125], [1589.900390625, 415.3461608886719, 1718.0635986328125, 750.2667846679688], [1127.369873046875, 439.8968811035156, 1166.2042236328125, 549.9441528320312], [1072.2935791015625, 424.6927795410156, 1162.9190673828125, 601.5110473632812], [392.0828552246094, 464.6663513183594, 438.3757629394531, 570.556640625]]","[0.69921875, 0.609375, 0.8974609375, 0.453857421875, 0.7216796875, 0.669921875, 0.257080078125, 0.429443359375, 0.326416015625]","[[1034.8963928222656, 1039.9658203125], [726.8671569824219, 638.6924438476562], [1475.02001953125, 850.971435546875], [526.7728271484375, 559.3433837890625], [887.572021484375, 939.3458251953125], [1653.9819946289062, 750.2667846679688], [1146.7870483398438, 549.9441528320312], [1117.6063232421875, 601.5110473632812], [415.22930908203125, 570.556640625]]",425394176,410943488,425394176,640,yolo26s_int8_640_ncnn_model,MOT17-02
276,163.432850999925,0.0,8,"[2, 175, 191, 184, 238, 254, 265, 188]","[[955.878662109375, 406.3846130371094, 1130.6046142578125, 1036.4281005859375], [694.7073974609375, 450.84918212890625, 765.295166015625, 641.1611938476562], [1389.136474609375, 433.44219970703125, 1566.13232421875, 849.2003173828125], [506.966552734375, 457.11767578125, 545.22802734375, 559.9539184570312], [825.0289306640625, 421.59674072265625, 953.2479248046875, 933.977783203125], [1577.58349609375, 422.09417724609375, 1704.9278564453125, 747.8671264648438], [1072.2296142578125, 421.12255859375, 1165.5771484375, 604.7557983398438], [391.4847717285156, 462.83428955078125, 438.4066162109375, 570.1517944335938]]","[0.7666015625, 0.56884765625, 0.900390625, 0.46337890625, 0.74072265625, 0.78515625, 0.421630859375, 0.251708984375]","[[1043.2416381835938, 1036.4281005859375], [730.0012817382812, 641.1611938476562], [1477.6343994140625, 849.2003173828125], [526.0972900390625, 559.9539184570312], [889.138427734375, 933.977783203125], [1641.2556762695312, 747.8671264648438], [1118.9033813476562, 604.7557983398438], [414.94569396972656, 570.1517944335938]]",425394176,410943488,425394176,640,yolo26s_int8_640_ncnn_model,MOT17-02
277,164.59826000004796,0.0,7,"[2, 175, 191, 184, 238, 254, 265]","[[960.5089111328125, 401.46185302734375, 1136.131103515625, 1035.3502197265625], [698.2667236328125, 451.18365478515625, 768.4000854492188, 641.85400390625], [1390.4559326171875, 437.0744323730469, 1567.31396484375, 848.962646484375], [506.5355224609375, 457.3907470703125, 544.166748046875, 558.6982421875], [826.8856201171875, 422.2586669921875, 954.4891967773438, 930.651123046875], [1565.7603759765625, 423.8655090332031, 1696.253662109375, 747.7893676757812], [1072.232666015625, 419.044677734375, 1167.38134765625, 607.6970825195312]]","[0.71728515625, 0.53369140625, 0.8447265625, 0.43994140625, 0.7265625, 0.7783203125, 0.50390625]","[[1048.3200073242188, 1035.3502197265625], [733.3334045410156, 641.85400390625], [1478.8849487304688, 848.962646484375], [525.3511352539062, 558.6982421875], [890.6874084472656, 930.651123046875], [1631.0070190429688, 747.7893676757812], [1119.8070068359375, 607.6970825195312]]",425394176,410943488,425394176,640,yolo26s_int8_640_ncnn_model,MOT17-02
278,164.94383500003096,0.0,7,"[2, 175, 191, 184, 238, 254, 265]","[[964.970703125, 402.5894775390625, 1140.2998046875, 1035.9493408203125], [706.1261596679688, 453.5414733886719, 777.2097778320312, 644.8160400390625], [1400.77685546875, 432.52874755859375, 1581.154296875, 850.7760620117188], [506.45172119140625, 457.2428283691406, 543.6879272460938, 557.4678344726562], [828.5215454101562, 419.06591796875, 955.9345703125, 924.8936767578125], [1557.67333984375, 428.7511901855469, 1689.6468505859375, 745.5599365234375], [1074.0059814453125, 419.2464599609375, 1168.0802001953125, 606.8792114257812]]","[0.6982421875, 0.64013671875, 0.79296875, 0.421630859375, 0.712890625, 0.755859375, 0.43359375]","[[1052.63525390625, 1035.9493408203125], [741.66796875, 644.8160400390625], [1490.965576171875, 850.7760620117188], [525.06982421875, 557.4678344726562], [892.2280578613281, 924.8936767578125], [1623.6600952148438, 745.5599365234375], [1121.0430908203125, 606.8792114257812]]",425394176,410943488,425394176,640,yolo26s_int8_640_ncnn_model,MOT17-02
279,164.27707499997268,0.0,8,"[2, 175, 191, 184, 238, 254, 265, 188]","[[967.2174072265625, 397.5892333984375, 1144.123046875, 1036.68994140625], [709.880859375, 453.2074890136719, 780.574462890625, 641.232666015625], [1396.3292236328125, 427.3833312988281, 1579.5322265625, 852.8812866210938], [505.23095703125, 456.6855163574219, 542.71435546875, 557.5095825195312], [830.1697387695312, 418.1380920410156, 958.3466186523438, 923.4610595703125], [1552.4112548828125, 428.78533935546875, 1688.48388671875, 748.5640258789062], [1074.0322265625, 420.11480712890625, 1166.85546875, 605.7875366210938], [387.0058898925781, 460.7201843261719, 435.663330078125, 573.7235717773438]]","[0.64794921875, 0.669921875, 0.479736328125, 0.4794921875, 0.708984375, 0.78759765625, 0.421630859375, 0.261962890625]","[[1055.6702270507812, 1036.68994140625], [745.2276611328125, 641.232666015625], [1487.9307250976562, 852.8812866210938], [523.97265625, 557.5095825195312], [894.2581787109375, 923.4610595703125], [1620.4475708007812, 748.5640258789062], [1120.44384765625, 605.7875366210938], [411.33460998535156, 573.7235717773438]]",425394176,410943488,425394176,640,yolo26s_int8_640_ncnn_model,MOT17-02
280,163.69316700001946,0.0,7,"[2, 175, 191, 184, 238, 254, 265]","[[969.6566772460938, 401.4047546386719, 1143.801025390625, 1038.21435546875], [714.0718994140625, 453.82366943359375, 785.7918701171875, 641.079833984375], [1418.4736328125, 427.39764404296875, 1596.7589111328125, 853.6266479492188], [506.0318908691406, 456.9726257324219, 543.093017578125, 557.0352172851562], [834.7984008789062, 420.30279541015625, 965.0833740234375, 928.3895874023438], [1552.78173828125, 424.2808837890625, 1690.4300537109375, 747.2135009765625], [1076.686279296875, 420.4873962402344, 1168.5086669921875, 605.3457641601562]]","[0.60498046875, 0.6650390625, 0.5087890625, 0.35546875, 0.68701171875, 0.7041015625, 0.3349609375]","[[1056.7288513183594, 1038.21435546875], [749.931884765625, 641.079833984375], [1507.6162719726562, 853.6266479492188], [524.5624542236328, 557.0352172851562], [899.9408874511719, 928.3895874023438], [1621.6058959960938, 747.2135009765625], [1122.5974731445312, 605.3457641601562]]",425394176,410943488,425394176,640,yolo26s_int8_640_ncnn_model,MOT17-02
281,163.78020399997695,0.0,8,"[2, 175, 191, 184, 238, 254, 265, 188]","[[969.9434204101562, 401.90155029296875, 1142.1358642578125, 1033.8470458984375], [717.775390625, 457.5284423828125, 789.3531494140625, 641.5106201171875], [1426.2900390625, 428.17755126953125, 1599.66455078125, 852.121337890625], [505.8606872558594, 455.83673095703125, 543.7318725585938, 558.1075439453125], [837.1409301757812, 420.6532897949219, 969.8959350585938, 932.7291259765625], [1550.8485107421875, 424.0484313964844, 1688.03173828125, 747.2379760742188], [1080.5751953125, 420.9052429199219, 1171.0487060546875, 604.9157104492188], [385.9964599609375, 461.32012939453125, 434.8826904296875, 575.8101196289062]]","[0.646484375, 0.669921875, 0.7060546875, 0.400634765625, 0.67431640625, 0.5439453125, 0.35400390625, 0.2939453125]","[[1056.0396423339844, 1033.8470458984375], [753.5642700195312, 641.5106201171875], [1512.977294921875, 852.121337890625], [524.7962799072266, 558.1075439453125], [903.5184326171875, 932.7291259765625], [1619.4401245117188, 747.2379760742188], [1125.8119506835938, 604.9157104492188], [410.4395751953125, 575.8101196289062]]",425394176,410943488,425394176,640,yolo26s_int8_640_ncnn_model,MOT17-02
282,174.33834400003434,0.0,8,"[2, 175, 191, 184, 238, 254, 265, 283]","[[969.8106079101562, 396.8883972167969, 1143.5540771484375, 1035.4317626953125], [721.6845703125, 457.4229736328125, 793.8955688476562, 641.1646728515625], [1439.958740234375, 429.0001220703125, 1609.2716064453125, 855.9324340820312], [506.07745361328125, 455.168212890625, 544.1906127929688, 558.75732421875], [839.2142944335938, 421.0527038574219, 971.3912963867188, 928.1892700195312], [1545.509765625, 423.69818115234375, 1676.560546875, 734.6115112304688], [1084.6942138671875, 427.0221252441406, 1173.1751708984375, 607.7048950195312], [1342.2008056640625, 445.79998779296875, 1372.19921875, 542.7000122070312]]","[0.56396484375, 0.59130859375, 0.72900390625, 0.380126953125, 0.71826171875, 0.6455078125, 0.282470703125, 0.3642578125]","[[1056.6823425292969, 1035.4317626953125], [757.7900695800781, 641.1646728515625], [1524.6151733398438, 855.9324340820312], [525.134033203125, 558.75732421875], [905.3027954101562, 928.1892700195312], [1611.03515625, 734.6115112304688], [1128.9346923828125, 607.7048950195312], [1357.2000122070312, 542.7000122070312]]",425394176,410943488,425394176,640,yolo26s_int8_640_ncnn_model,MOT17-02
283,164.5168529998955,0.0,8,"[2, 175, 191, 184, 238, 265, 283, 188]","[[976.7567138671875, 400.70758056640625, 1148.8150634765625, 1040.2373046875], [723.2784423828125, 456.37225341796875, 797.6973266601562, 644.0133056640625], [1450.99169921875, 423.1739501953125, 1618.35595703125, 857.5715942382812], [505.0970764160156, 454.6713562011719, 543.4682006835938, 559.2530517578125], [844.1969604492188, 420.4795837402344, 977.539306640625, 925.191650390625], [1084.4788818359375, 421.1561279296875, 1175.5850830078125, 609.9949340820312], [1344.8055419921875, 449.01104736328125, 1374.640380859375, 545.2229614257812], [385.23968505859375, 464.5040588378906, 432.372802734375, 575.694091796875]]","[0.45361328125, 0.61669921875, 0.65625, 0.40771484375, 0.7568359375, 0.25830078125, 0.35009765625, 0.321044921875]","[[1062.785888671875, 1040.2373046875], [760.4878845214844, 644.0133056640625], [1534.673828125, 857.5715942382812], [524.2826385498047, 559.2530517578125], [910.8681335449219, 925.191650390625], [1130.031982421875, 609.9949340820312], [1359.7229614257812, 545.2229614257812], [408.8062438964844, 575.694091796875]]",425394176,410943488,425394176,640,yolo26s_int8_640_ncnn_model,MOT17-02
284,165.64937299995108,0.0,8,"[2, 175, 191, 184, 238, 265, 283, 188]","[[984.3035278320312, 396.74737548828125, 1155.650390625, 1033.6611328125], [721.5364379882812, 452.519775390625, 798.7852172851562, 644.5767211914062], [1463.114013671875, 426.3756408691406, 1629.0518798828125, 866.4759521484375], [506.0446472167969, 456.2115478515625, 543.84716796875, 559.6869506835938], [847.3831176757812, 424.251708984375, 982.3604125976562, 924.0650024414062], [1087.3602294921875, 418.26654052734375, 1177.3336181640625, 608.63623046875], [1347.8055419921875, 448.93975830078125, 1378.030029296875, 546.0838623046875], [384.8786315917969, 465.7220458984375, 431.1665344238281, 575.14111328125]]","[0.480224609375, 0.6806640625, 0.75927734375, 0.38427734375, 0.7685546875, 0.306396484375, 0.34326171875, 0.34521484375]","[[1069.9769592285156, 1033.6611328125], [760.1608276367188, 644.5767211914062], [1546.0829467773438, 866.4759521484375], [524.9459075927734, 559.6869506835938], [914.8717651367188, 924.0650024414062], [1132.346923828125, 608.63623046875], [1362.9177856445312, 546.0838623046875], [408.0225830078125, 575.14111328125]]",425394176,410943488,425394176,640,yolo26s_int8_640_ncnn_model,MOT17-02
285,164.3550569999661,0.0,7,"[2, 175, 191, 184, 238, 283, 188]","[[984.7530517578125, 396.00665283203125, 1156.491455078125, 1036.3702392578125], [720.5302734375, 449.57666015625, 800.2991333007812, 646.2460327148438], [1475.6134033203125, 426.168701171875, 1638.44482421875, 865.4174194335938], [506.5564880371094, 457.0569763183594, 544.3517456054688, 560.5933837890625], [851.7283935546875, 425.9344787597656, 989.8065185546875, 923.4029541015625], [1349.494140625, 448.5543212890625, 1380.436767578125, 547.6839599609375], [384.43359375, 469.3955993652344, 429.0856018066406, 574.6991577148438]]","[0.365478515625, 0.732421875, 0.79541015625, 0.418212890625, 0.78759765625, 0.325927734375, 0.30078125]","[[1070.6222534179688, 1036.3702392578125], [760.4147033691406, 646.2460327148438], [1557.0291137695312, 865.4174194335938], [525.4541168212891, 560.5933837890625], [920.7674560546875, 923.4029541015625], [1364.9654541015625, 547.6839599609375], [406.7595977783203, 574.6991577148438]]",425394176,410943488,425394176,640,yolo26s_int8_640_ncnn_model,MOT17-02
286,164.3642970000201,0.0,7,"[2, 175, 191, 184, 238, 283, 188]","[[988.4265747070312, 401.4396057128906, 1159.0401611328125, 1035.6722412109375], [722.6337890625, 449.4356384277344, 803.0779418945312, 645.890380859375], [1489.787841796875, 435.4741516113281, 1645.8033447265625, 855.5553588867188], [506.43695068359375, 458.3641357421875, 543.8672485351562, 560.9291381835938], [854.3358764648438, 425.81414794921875, 996.3971557617188, 923.9153442382812], [1350.9163818359375, 447.04736328125, 1382.335693359375, 547.361083984375], [384.0433044433594, 470.7381896972656, 428.1000061035156, 574.537109375]]","[0.433837890625, 0.755859375, 0.81787109375, 0.394775390625, 0.7255859375, 0.376953125, 0.255859375]","[[1073.7333679199219, 1035.6722412109375], [762.8558654785156, 645.890380859375], [1567.7955932617188, 855.5553588867188], [525.152099609375, 560.9291381835938], [925.3665161132812, 923.9153442382812], [1366.6260375976562, 547.361083984375], [406.0716552734375, 574.537109375]]",425394176,410943488,425394176,640,yolo26s_int8_640_ncnn_model,MOT17-02
287,164.16718599998603,0.0,8,"[2, 175, 191, 184, 238, 283, 188, 289]","[[993.2269287109375, 400.0526428222656, 1164.3341064453125, 1032.9276123046875], [723.1411743164062, 445.9559326171875, 805.2153930664062, 645.234375], [1503.936279296875, 437.57330322265625, 1661.1097412109375, 853.1666870117188], [507.04541015625, 457.6133728027344, 544.5214233398438, 560.3027954101562], [848.1444702148438, 423.7740478515625, 996.8858032226562, 926.1071166992188], [1352.179443359375, 445.9723205566406, 1384.1395263671875, 547.712890625], [383.2417907714844, 469.6886291503906, 427.9530944824219, 574.984375], [677.1116333007812, 488.92498779296875, 732.8883666992188, 601.2750244140625]]","[0.384033203125, 0.74267578125, 0.83935546875, 0.430908203125, 0.72705078125, 0.266357421875, 0.33251953125, 0.39013671875]","[[1078.780517578125, 1032.9276123046875], [764.1782836914062, 645.234375], [1582.5230102539062, 853.1666870117188], [525.7834167480469, 560.3027954101562], [922.51513671875, 926.1071166992188], [1368.1594848632812, 547.712890625], [405.5974426269531, 574.984375], [705.0, 601.2750244140625]]",425394176,410943488,425394176,640,yolo26s_int8_640_ncnn_model,MOT17-02
288,163.6462040000879,0.0,7,"[2, 175, 191, 184, 238, 188, 289]","[[989.156982421875, 397.550048828125, 1162.0628662109375, 1039.8492431640625], [724.5429077148438, 445.6353454589844, 806.6087646484375, 643.989990234375], [1518.531005859375, 444.5643615722656, 1678.7041015625, 854.0169677734375], [506.7827453613281, 456.829833984375, 544.763427734375, 560.5567626953125], [840.3604736328125, 423.0014953613281, 994.4029541015625, 926.9393920898438], [382.49334716796875, 470.7723693847656, 426.9077453613281, 575.648193359375], [676.2326049804688, 488.4101867675781, 733.1953735351562, 603.16259765625]]","[0.453125, 0.7138671875, 0.81591796875, 0.4609375, 0.73828125, 0.38671875, 0.48486328125]","[[1075.6099243164062, 1039.8492431640625], [765.5758361816406, 643.989990234375], [1598.6175537109375, 854.0169677734375], [525.7730865478516, 560.5567626953125], [917.3817138671875, 926.9393920898438], [404.70054626464844, 575.648193359375], [704.7139892578125, 603.16259765625]]",425394176,410943488,425394176,640,yolo26s_int8_640_ncnn_model,MOT17-02
289,164.78031599990572,0.0,8,"[2, 175, 191, 184, 238, 188, 289, 283]","[[987.5234375, 396.6207275390625, 1159.171142578125, 1040.479736328125], [727.0695190429688, 442.33856201171875, 811.8536987304688, 649.6611328125], [1530.200439453125, 447.64752197265625, 1696.3035888671875, 853.8185424804688], [506.38873291015625, 457.02569580078125, 543.6665649414062, 558.1800537109375], [846.0903930664062, 427.66064453125, 1001.4346923828125, 924.284912109375], [382.4017028808594, 472.65155029296875, 425.88763427734375, 575.4005737304688], [676.6677856445312, 489.09381103515625, 734.2853393554688, 605.2493286132812], [1359.0333251953125, 446.81402587890625, 1391.746826171875, 547.7383422851562]]","[0.68798828125, 0.7109375, 0.7998046875, 0.4345703125, 0.70458984375, 0.3408203125, 0.50048828125, 0.30419921875]","[[1073.3472900390625, 1040.479736328125], [769.4616088867188, 649.6611328125], [1613.2520141601562, 853.8185424804688], [525.0276489257812, 558.1800537109375], [923.7625427246094, 924.284912109375], [404.14466857910156, 575.4005737304688], [705.4765625, 605.2493286132812], [1375.3900756835938, 547.7383422851562]]",425394176,410943488,425394176,640,yolo26s_int8_640_ncnn_model,MOT17-02
290,187.499932000037,0.0,9,"[2, 175, 191, 184, 238, 188, 289, 283, 254]","[[990.192626953125, 401.2277526855469, 1159.5433349609375, 1039.7171630859375], [731.2181396484375, 443.78753662109375, 813.422119140625, 646.2006225585938], [1530.6365966796875, 433.9998779296875, 1711.9708251953125, 862.4729614257812], [507.12176513671875, 456.8504333496094, 544.859619140625, 559.5134887695312], [850.8214721679688, 430.67938232421875, 1007.388916015625, 922.0284423828125], [382.9397888183594, 475.0842590332031, 425.0017395019531, 574.5514526367188], [675.7593994140625, 488.2216491699219, 733.4871826171875, 604.76220703125], [1362.725830078125, 447.06097412109375, 1395.91064453125, 546.5648193359375], [1440.12548828125, 432.07611083984375, 1559.35205078125, 713.7730712890625]]","[0.72021484375, 0.6650390625, 0.82177734375, 0.37841796875, 0.70654296875, 0.32958984375, 0.45703125, 0.375, 0.4970703125]","[[1074.8679809570312, 1039.7171630859375], [772.3201293945312, 646.2006225585938], [1621.3037109375, 862.4729614257812], [525.9906921386719, 559.5134887695312], [929.1051940917969, 922.0284423828125], [403.97076416015625, 574.5514526367188], [704.623291015625, 604.76220703125], [1379.3182373046875, 546.5648193359375], [1499.73876953125, 713.7730712890625]]",425394176,410943488,425394176,640,yolo26s_int8_640_ncnn_model,MOT17-02
291,164.15296400009538,0.0,9,"[2, 175, 191, 184, 238, 188, 289, 283, 254]","[[991.7610473632812, 401.2581787109375, 1159.97705078125, 1039.1640625], [735.4722900390625, 448.8708190917969, 816.0982055664062, 648.2531127929688], [1536.9349365234375, 448.7145690917969, 1720.973876953125, 865.3943481445312], [507.3758850097656, 456.5382995605469, 545.316650390625, 560.2545166015625], [853.8399047851562, 429.5459899902344, 1013.1863403320312, 927.429443359375], [382.6330261230469, 474.1759033203125, 425.2471008300781, 574.9955444335938], [676.28369140625, 484.6938171386719, 733.9833374023438, 601.29931640625], [1364.2711181640625, 447.3919982910156, 1398.9874267578125, 547.9453735351562], [1422.1483154296875, 433.96734619140625, 1540.8338623046875, 711.5079956054688]]","[0.75927734375, 0.5859375, 0.84228515625, 0.330322265625, 0.73046875, 0.30126953125, 0.3857421875, 0.359619140625, 0.453125]","[[1075.8690490722656, 1039.1640625], [775.7852478027344, 648.2531127929688], [1628.9544067382812, 865.3943481445312], [526.3462677001953, 560.2545166015625], [933.5131225585938, 927.429443359375], [403.9400634765625, 574.9955444335938], [705.1335144042969, 601.29931640625], [1381.6292724609375, 547.9453735351562], [1481.4910888671875, 711.5079956054688]]",425394176,410943488,425394176,640,yolo26s_int8_640_ncnn_model,MOT17-02
292,163.78087099997174,0.0,7,"[2, 175, 191, 184, 238, 289, 254]","[[994.8540649414062, 397.7973327636719, 1163.4605712890625, 1040.4349365234375], [738.360595703125, 447.8321228027344, 818.5999145507812, 648.0185546875], [1536.0950927734375, 448.3033752441406, 1726.6085205078125, 866.717529296875], [507.4093322753906, 455.9266052246094, 545.0548706054688, 559.0540771484375], [852.712646484375, 419.2149658203125, 1015.4561767578125, 925.488525390625], [677.199951171875, 483.47894287109375, 733.956787109375, 597.956787109375], [1407.90185546875, 430.47821044921875, 1527.3311767578125, 708.7530517578125]]","[0.75439453125, 0.63671875, 0.81787109375, 0.279052734375, 0.73876953125, 0.328125, 0.544921875]","[[1079.1573181152344, 1040.4349365234375], [778.4802551269531, 648.0185546875], [1631.351806640625, 866.717529296875], [526.2321014404297, 559.0540771484375], [934.0844116210938, 925.488525390625], [705.578369140625, 597.956787109375], [1467.6165161132812, 708.7530517578125]]",425394176,410943488,425394176,640,yolo26s_int8_640_ncnn_model,MOT17-02
293,164.03890800006593,0.0,8,"[2, 175, 191, 184, 238, 289, 254, 188]","[[996.3590087890625, 396.7438049316406, 1164.3116455078125, 1038.6826171875], [738.9821166992188, 447.94293212890625, 817.8463134765625, 647.4202270507812], [1529.7825927734375, 431.0132751464844, 1734.07958984375, 868.399658203125], [507.5986022949219, 456.686767578125, 545.2667846679688, 559.584228515625], [851.7154541015625, 420.46826171875, 1014.7327880859375, 923.517333984375], [677.200439453125, 484.40081787109375, 735.3133544921875, 601.7308959960938], [1402.64697265625, 433.47698974609375, 1523.333984375, 709.57568359375], [381.1279602050781, 471.3503112792969, 424.9583435058594, 575.2728881835938]]","[0.74658203125, 0.6015625, 0.80908203125, 0.32861328125, 0.74755859375, 0.41357421875, 0.603515625, 0.30810546875]","[[1080.3353271484375, 1038.6826171875], [778.4142150878906, 647.4202270507812], [1631.9310913085938, 868.399658203125], [526.4326934814453, 559.584228515625], [933.22412109375, 923.517333984375], [706.2568969726562, 601.7308959960938], [1462.990478515625, 709.57568359375], [403.04315185546875, 575.2728881835938]]",425394176,410943488,425394176,640,yolo26s_int8_640_ncnn_model,MOT17-02
294,164.34502000015527,0.0,8,"[2, 175, 191, 184, 238, 289, 254, 188]","[[994.8339233398438, 398.83416748046875, 1161.6334228515625, 1039.49267578125], [742.3848876953125, 440.81549072265625, 821.1160278320312, 643.4624633789062], [1532.4923095703125, 444.0235900878906, 1737.24853515625, 871.9151611328125], [507.71697998046875, 457.7198181152344, 545.2940673828125, 560.0327758789062], [854.2987060546875, 437.8371276855469, 1012.2691040039062, 919.7891235351562], [677.2551879882812, 483.9964294433594, 734.7159423828125, 599.7919921875], [1400.3114013671875, 433.08990478515625, 1523.3267822265625, 710.4747924804688], [380.89080810546875, 471.8455505371094, 424.42974853515625, 575.1304321289062]]","[0.7119140625, 0.57763671875, 0.8076171875, 0.30517578125, 0.7421875, 0.4638671875, 0.70703125, 0.2626953125]","[[1078.2336730957031, 1039.49267578125], [781.7504577636719, 643.4624633789062], [1634.8704223632812, 871.9151611328125], [526.5055236816406, 560.0327758789062], [933.2839050292969, 919.7891235351562], [705.9855651855469, 599.7919921875], [1461.819091796875, 710.4747924804688], [402.6602783203125, 575.1304321289062]]",425394176,410943488,425394176,640,yolo26s_int8_640_ncnn_model,MOT17-02
295,165.11977999994087,0.0,7,"[2, 175, 191, 184, 238, 289, 254]","[[990.5010375976562, 397.6555480957031, 1156.3175048828125, 1041.7781982421875], [743.2512817382812, 445.7705078125, 820.6396484375, 647.1309204101562], [1529.824462890625, 431.3143615722656, 1745.28515625, 873.2147827148438], [507.2941589355469, 457.3637390136719, 544.7717895507812, 559.9523315429688], [853.2786254882812, 421.2840576171875, 1017.1494140625, 922.4158935546875], [677.53076171875, 484.39013671875, 734.2130737304688, 598.5569458007812], [1400.871337890625, 433.68609619140625, 1524.75048828125, 707.1172485351562]]","[0.69580078125, 0.60400390625, 0.76123046875, 0.34228515625, 0.744140625, 0.453857421875, 0.69091796875]","[[1073.4092712402344, 1041.7781982421875], [781.9454650878906, 647.1309204101562], [1637.5548095703125, 873.2147827148438], [526.0329742431641, 559.9523315429688], [935.2140197753906, 922.4158935546875], [705.8719177246094, 598.5569458007812], [1462.8109130859375, 707.1172485351562]]",425394176,410943488,425394176,640,yolo26s_int8_640_ncnn_model,MOT17-02
296,164.3453159999808,0.0,8,"[2, 175, 191, 184, 238, 289, 254, 188]","[[995.5283813476562, 397.2178649902344, 1162.40478515625, 1044.6092529296875], [746.827392578125, 448.20574951171875, 823.9296875, 648.0472412109375], [1533.585205078125, 452.2425231933594, 1743.1866455078125, 874.391845703125], [507.01287841796875, 456.73101806640625, 544.6934814453125, 560.4152221679688], [853.6619873046875, 416.30682373046875, 1019.0836181640625, 924.348388671875], [677.2977905273438, 484.8171691894531, 734.857421875, 600.9105834960938], [1401.3272705078125, 432.6431579589844, 1528.9990234375, 709.1873168945312], [382.26837158203125, 478.53253173828125, 423.2991638183594, 575.6196899414062]]","[0.6279296875, 0.638671875, 0.7685546875, 0.356689453125, 0.7236328125, 0.560546875, 0.67724609375, 0.278076171875]","[[1078.9665832519531, 1044.6092529296875], [785.3785400390625, 648.0472412109375], [1638.3859252929688, 874.391845703125], [525.8531799316406, 560.4152221679688], [936.372802734375, 924.348388671875], [706.0776062011719, 600.9105834960938], [1465.1631469726562, 709.1873168945312], [402.7837677001953, 575.6196899414062]]",425394176,410943488,425394176,640,yolo26s_int8_640_ncnn_model,MOT17-02
297,164.10988999996334,0.0,8,"[2, 175, 191, 184, 238, 289, 254, 188]","[[994.1267700195312, 398.0500183105469, 1159.065185546875, 1042.70068359375], [751.3305053710938, 449.63348388671875, 827.798583984375, 649.8707275390625], [1541.3560791015625, 444.2148132324219, 1755.2479248046875, 873.9995727539062], [506.8289794921875, 455.2572326660156, 544.74072265625, 559.8469848632812], [855.9368896484375, 421.552001953125, 1019.5167846679688, 924.8554077148438], [676.8743896484375, 485.2378845214844, 734.9240112304688, 602.5327758789062], [1398.0595703125, 430.50946044921875, 1526.5902099609375, 707.7578735351562], [382.01593017578125, 476.9452819824219, 423.2496337890625, 574.63037109375]]","[0.646484375, 0.57861328125, 0.81591796875, 0.387939453125, 0.73046875, 0.57666015625, 0.77294921875, 0.280517578125]","[[1076.5959777832031, 1042.70068359375], [789.5645446777344, 649.8707275390625], [1648.302001953125, 873.9995727539062], [525.7848510742188, 559.8469848632812], [937.7268371582031, 924.8554077148438], [705.8992004394531, 602.5327758789062], [1462.3248901367188, 707.7578735351562], [402.6327819824219, 574.63037109375]]",425394176,410943488,425394176,640,yolo26s_int8_640_ncnn_model,MOT17-02
298,164.46346500015352,0.0,9,"[2, 175, 191, 184, 238, 289, 254, 188, 303]","[[999.4661254882812, 397.6332702636719, 1165.710205078125, 1045.6680908203125], [752.392333984375, 450.6643981933594, 827.7311401367188, 650.047119140625], [1547.3902587890625, 447.4281921386719, 1760.096435546875, 874.5628051757812], [506.84478759765625, 454.9457702636719, 544.6732177734375, 559.3814086914062], [857.6746215820312, 420.8836669921875, 1020.6414794921875, 924.8021240234375], [676.46337890625, 483.6670837402344, 735.1912231445312, 602.8963012695312], [1394.9166259765625, 430.94744873046875, 1522.230224609375, 707.0178833007812], [381.6882019042969, 476.1681213378906, 423.4767150878906, 575.5532836914062], [1158.095947265625, 440.17498779296875, 1208.0040283203125, 551.625]]","[0.63232421875, 0.669921875, 0.78173828125, 0.439208984375, 0.73974609375, 0.55322265625, 0.76171875, 0.3125, 0.385498046875]","[[1082.5881652832031, 1045.6680908203125], [790.0617370605469, 650.047119140625], [1653.7433471679688, 874.5628051757812], [525.7590026855469, 559.3814086914062], [939.1580505371094, 924.8021240234375], [705.8273010253906, 602.8963012695312], [1458.5734252929688, 707.0178833007812], [402.58245849609375, 575.5532836914062], [1183.0499877929688, 551.625]]",425394176,410943488,425394176,640,yolo26s_int8_640_ncnn_model,MOT17-02
299,186.07841200014263,0.0,8,"[2, 175, 191, 184, 238, 289, 254, 188]","[[1008.833740234375, 396.7408447265625, 1175.614013671875, 1042.5682373046875], [757.7035522460938, 451.0486755371094, 832.5150146484375, 652.077880859375], [1561.4288330078125, 450.6195983886719, 1771.44140625, 876.7010498046875], [506.57220458984375, 455.3290100097656, 543.9374389648438, 558.7085571289062], [860.1249389648438, 418.41998291015625, 1023.102783203125, 926.017822265625], [677.2634887695312, 484.5700988769531, 734.826171875, 601.5424194335938], [1391.20263671875, 450.80938720703125, 1508.740234375, 708.034423828125], [381.1398620605469, 473.88372802734375, 424.0105285644531, 575.892822265625]]","[0.62451171875, 0.67041015625, 0.7373046875, 0.315673828125, 0.7578125, 0.55419921875, 0.75146484375, 0.336181640625]","[[1092.223876953125, 1042.5682373046875], [795.1092834472656, 652.077880859375], [1666.4351196289062, 876.7010498046875], [525.2548217773438, 558.7085571289062], [941.6138610839844, 926.017822265625], [706.0448303222656, 601.5424194335938], [1449.971435546875, 708.034423828125], [402.5751953125, 575.892822265625]]",425394176,410943488,425394176,640,yolo26s_int8_640_ncnn_model,MOT17-02
300,164.81946499993683,0.0,8,"[2, 175, 191, 184, 238, 289, 254, 188]","[[1009.4944458007812, 398.8880310058594, 1174.21630859375, 1028.97802734375], [764.1909790039062, 450.69091796875, 837.5592041015625, 649.36572265625], [1570.457275390625, 430.46783447265625, 1785.34423828125, 874.9767456054688], [506.680908203125, 455.2333679199219, 543.9448852539062, 558.7034912109375], [857.6942138671875, 420.9632873535156, 1021.3404541015625, 928.9423217773438], [677.1903076171875, 485.4372253417969, 735.059814453125, 603.515625], [1379.2347412109375, 429.692626953125, 1502.713623046875, 708.4951782226562], [380.9509582519531, 471.7812805175781, 424.70794677734375, 576.2623291015625]]","[0.54345703125, 0.6962890625, 0.55517578125, 0.480224609375, 0.685546875, 0.51806640625, 0.73828125, 0.40869140625]","[[1091.8553771972656, 1028.97802734375], [800.8750915527344, 649.36572265625], [1677.9007568359375, 874.9767456054688], [525.3128967285156, 558.7034912109375], [939.517333984375, 928.9423217773438], [706.1250610351562, 603.515625], [1440.9741821289062, 708.4951782226562], [402.82945251464844, 576.2623291015625]]",425394176,410943488,425394176,640,yolo26s_int8_640_ncnn_model,MOT17-02
301,165.62061399986305,0.0,8,"[2, 175, 191, 184, 238, 289, 254, 188]","[[1010.8663940429688, 401.9649658203125, 1175.3582763671875, 1026.5697021484375], [767.7872924804688, 448.057373046875, 842.1008911132812, 652.780517578125], [1587.2039794921875, 434.16552734375, 1796.29443359375, 876.7425537109375], [506.4582824707031, 455.2020263671875, 543.7198486328125, 558.7048950195312], [858.386474609375, 422.20050048828125, 1022.8755493164062, 933.753662109375], [676.4458618164062, 484.0310363769531, 734.3714599609375, 603.0062866210938], [1368.2208251953125, 423.4210510253906, 1488.9490966796875, 707.673828125], [380.1899108886719, 467.54559326171875, 425.19451904296875, 575.9078979492188]]","[0.64501953125, 0.6640625, 0.7607421875, 0.54736328125, 0.76953125, 0.57666015625, 0.69287109375, 0.4306640625]","[[1093.1123352050781, 1026.5697021484375], [804.944091796875, 652.780517578125], [1691.7492065429688, 876.7425537109375], [525.0890655517578, 558.7048950195312], [940.6310119628906, 933.753662109375], [705.4086608886719, 603.0062866210938], [1428.5849609375, 707.673828125], [402.6922149658203, 575.9078979492188]]",425394176,410943488,425394176,640,yolo26s_int8_640_ncnn_model,MOT17-02
302,164.7490199998174,0.0,10,"[2, 175, 191, 184, 238, 289, 254, 188, 312, 313]","[[1009.5119018554688, 400.1080322265625, 1175.506591796875, 1023.7276000976562], [771.7474365234375, 448.3023681640625, 845.9140625, 651.8338623046875], [1598.4903564453125, 431.7297668457031, 1802.9669189453125, 877.381591796875], [507.29400634765625, 457.1767272949219, 544.2056274414062, 559.6995849609375], [862.027587890625, 424.89801025390625, 1027.873046875, 943.1989135742188], [675.8983764648438, 483.7520751953125, 733.3824462890625, 602.557861328125], [1357.2930908203125, 428.590087890625, 1472.1651611328125, 708.6122436523438], [380.11090087890625, 465.6916198730469, 425.6694641113281, 576.0105590820312], [1592.3719482421875, 411.375, 1687.22802734375, 650.0250244140625], [3.699082851409912, 626.25, 112.36341857910156, 859.0499877929688]]","[0.68896484375, 0.64306640625, 0.72216796875, 0.5244140625, 0.7509765625, 0.56689453125, 0.66650390625, 0.46240234375, 0.475830078125, 0.35009765625]","[[1092.5092468261719, 1023.7276000976562], [808.8307495117188, 651.8338623046875], [1700.7286376953125, 877.381591796875], [525.7498168945312, 559.6995849609375], [944.9503173828125, 943.1989135742188], [704.6404113769531, 602.557861328125], [1414.7291259765625, 708.6122436523438], [402.8901824951172, 576.0105590820312], [1639.7999877929688, 650.0250244140625], [58.03125071525574, 859.0499877929688]]",425394176,410943488,425394176,640,yolo26s_int8_640_ncnn_model,MOT17-02
303,164.78083499987406,0.0,11,"[2, 175, 191, 184, 238, 289, 254, 188, 312, 313, 316]","[[1006.2533569335938, 396.66644287109375, 1175.192626953125, 1023.4668579101562], [774.7421264648438, 450.38153076171875, 848.606689453125, 652.4284057617188], [1610.6971435546875, 426.4070739746094, 1812.7186279296875, 882.0135498046875], [506.80712890625, 456.18646240234375, 543.7052001953125, 558.8349609375], [862.9208984375, 421.49676513671875, 1030.1556396484375, 949.1978759765625], [676.6705932617188, 482.1700439453125, 733.0195922851562, 598.9112548828125], [1347.0181884765625, 418.9759216308594, 1461.5570068359375, 705.781982421875], [380.2586364746094, 464.74993896484375, 425.2061462402344, 574.3392333984375], [1595.7080078125, 411.9463806152344, 1690.29150390625, 649.9107055664062], [7.695643424987793, 639.486572265625, 109.69051361083984, 857.3439331054688], [744.8732299804688, 489.375, 780.3267822265625, 600.8250122070312]]","[0.7333984375, 0.66650390625, 0.65478515625, 0.53271484375, 0.7421875, 0.4794921875, 0.72607421875, 0.3974609375, 0.386474609375, 0.49560546875, 0.423828125]","[[1090.7229919433594, 1023.4668579101562], [811.6744079589844, 652.4284057617188], [1711.7078857421875, 882.0135498046875], [525.2561645507812, 558.8349609375], [946.5382690429688, 949.1978759765625], [704.8450927734375, 598.9112548828125], [1404.28759765625, 705.781982421875], [402.7323913574219, 574.3392333984375], [1642.999755859375, 649.9107055664062], [58.69307851791382, 857.3439331054688], [762.6000061035156, 600.8250122070312]]",425394176,410943488,425394176,640,yolo26s_int8_640_ncnn_model,MOT17-02
304,164.49376099990332,0.0,11,"[2, 175, 191, 184, 238, 289, 254, 188, 312, 313, 316]","[[1008.7648315429688, 396.3691711425781, 1181.15625, 1024.4171142578125], [778.3270874023438, 450.4266662597656, 852.8732299804688, 653.379150390625], [1622.0767822265625, 416.84454345703125, 1824.777099609375, 891.3114624023438], [506.09051513671875, 456.8047180175781, 543.0602416992188, 559.502685546875], [861.7195434570312, 421.9141540527344, 1028.531982421875, 952.6407470703125], [675.9896240234375, 484.8273620605469, 731.8677368164062, 601.2698364257812], [1338.763427734375, 424.0113830566406, 1449.731201171875, 704.9916381835938], [379.482421875, 461.9559020996094, 425.8766174316406, 576.1466064453125], [1602.0565185546875, 408.36529541015625, 1700.0975341796875, 654.811767578125], [0.0, 579.460205078125, 124.11417388916016, 855.2882690429688], [745.4426879882812, 488.50341796875, 780.57080078125, 598.442626953125]]","[0.73876953125, 0.68017578125, 0.6904296875, 0.57470703125, 0.771484375, 0.465576171875, 0.69287109375, 0.4462890625, 0.257568359375, 0.580078125, 0.3408203125]","[[1094.9605407714844, 1024.4171142578125], [815.6001586914062, 653.379150390625], [1723.4269409179688, 891.3114624023438], [524.5753784179688, 559.502685546875], [945.1257629394531, 952.6407470703125], [703.9286804199219, 601.2698364257812], [1394.247314453125, 704.9916381835938], [402.6795196533203, 576.1466064453125], [1651.0770263671875, 654.811767578125], [62.05708694458008, 855.2882690429688], [763.0067443847656, 598.442626953125]]",425394176,410943488,425394176,640,yolo26s_int8_640_ncnn_model,MOT17-02
305,165.33609499992963,0.0,12,"[2, 175, 191, 184, 238, 289, 254, 188, 312, 313, 316, 319]","[[1011.0777587890625, 396.0209045410156, 1185.91064453125, 1021.1075439453125], [781.1618041992188, 449.9443359375, 856.7224731445312, 656.1910400390625], [1631.8291015625, 412.0255126953125, 1835.1109619140625, 897.9655151367188], [505.9386291503906, 455.5498352050781, 543.1991577148438, 559.2601928710938], [863.6507568359375, 421.3453674316406, 1029.3204345703125, 953.6261596679688], [676.5054321289062, 484.58599853515625, 732.16748046875, 601.4119873046875], [1332.2032470703125, 425.28851318359375, 1442.4256591796875, 704.4776000976562], [379.4311828613281, 461.8929748535156, 425.4115295410156, 575.8560180664062], [1609.4532470703125, 406.1220703125, 1710.8638916015625, 660.7640991210938], [0.0, 599.9769897460938, 119.7736587524414, 857.6515502929688], [744.4243774414062, 483.20916748046875, 781.267578125, 597.9534301757812], [1604.1278076171875, 412.04998779296875, 1706.6722412109375, 809.8499755859375]]","[0.767578125, 0.69677734375, 0.6748046875, 0.54296875, 0.77001953125, 0.52978515625, 0.69384765625, 0.38623046875, 0.368408203125, 0.34619140625, 0.416259765625, 0.33984375]","[[1098.4942016601562, 1021.1075439453125], [818.942138671875, 656.1910400390625], [1733.4700317382812, 897.9655151367188], [524.5688934326172, 559.2601928710938], [946.485595703125, 953.6261596679688], [704.3364562988281, 601.4119873046875], [1387.314453125, 704.4776000976562], [402.4213562011719, 575.8560180664062], [1660.1585693359375, 660.7640991210938], [59.8868293762207, 857.6515502929688], [762.8459777832031, 597.9534301757812], [1655.4000244140625, 809.8499755859375]]",425394176,410943488,425394176,640,yolo26s_int8_640_ncnn_model,MOT17-02
306,165.63361399994392,0.0,11,"[2, 175, 191, 184, 238, 289, 254, 188, 313, 316, 319]","[[1019.2882690429688, 400.6257019042969, 1194.16162109375, 1015.1819458007812], [780.1774291992188, 445.087646484375, 858.0498046875, 659.9373168945312], [1651.6126708984375, 418.2343444824219, 1855.4832763671875, 910.9093627929688], [504.80419921875, 455.57061767578125, 541.8668823242188, 558.6744995117188], [863.760498046875, 421.6266174316406, 1028.1781005859375, 951.4500122070312], [677.2138061523438, 485.49029541015625, 732.2720336914062, 601.46630859375], [1326.043212890625, 427.0370178222656, 1437.0794677734375, 706.0532836914062], [379.6155090332031, 462.1565856933594, 425.5304260253906, 576.4708862304688], [0.0, 458.1243896484375, 154.86781311035156, 862.123779296875], [743.661376953125, 482.9839782714844, 780.8117065429688, 597.5750732421875], [1613.5367431640625, 413.2562255859375, 1716.5626220703125, 812.5496215820312]]","[0.83642578125, 0.68701171875, 0.80517578125, 0.481201171875, 0.8076171875, 0.501953125, 0.76708984375, 0.352783203125, 0.61083984375, 0.417724609375, 0.52392578125]","[[1106.7249450683594, 1015.1819458007812], [819.1136169433594, 659.9373168945312], [1753.5479736328125, 910.9093627929688], [523.3355407714844, 558.6744995117188], [945.9692993164062, 951.4500122070312], [704.742919921875, 601.46630859375], [1381.5613403320312, 706.0532836914062], [402.5729675292969, 576.4708862304688], [77.43390655517578, 862.123779296875], [762.2365417480469, 597.5750732421875], [1665.0496826171875, 812.5496215820312]]",425394176,410943488,425394176,640,yolo26s_int8_640_ncnn_model,MOT17-02
307,164.6628349999446,0.0,12,"[2, 175, 191, 184, 238, 289, 254, 188, 313, 316, 319, 322]","[[1024.649169921875, 399.6216125488281, 1202.8409423828125, 1012.761962890625], [783.361572265625, 446.1639099121094, 860.656982421875, 661.3340454101562], [1677.4869384765625, 432.6617431640625, 1879.5582275390625, 916.5652465820312], [504.2605895996094, 455.33392333984375, 541.4814453125, 558.7003173828125], [864.1722412109375, 424.9525451660156, 1027.2685546875, 953.2503662109375], [676.9885864257812, 487.07989501953125, 730.8215942382812, 601.2384643554688], [1320.1685791015625, 432.6744689941406, 1431.322509765625, 706.6705322265625], [379.9697570800781, 463.7587890625, 424.3237609863281, 574.2498779296875], [0.0, 414.0765075683594, 164.31930541992188, 863.5205078125], [741.7594604492188, 481.1651611328125, 780.1282348632812, 598.3104858398438], [1621.9010009765625, 415.40869140625, 1724.057861328125, 809.404052734375], [1184.8778076171875, 446.0249938964844, 1223.822265625, 543.375]]","[0.84619140625, 0.65283203125, 0.79443359375, 0.467529296875, 0.8232421875, 0.468505859375, 0.74853515625, 0.28271484375, 0.5224609375, 0.464599609375, 0.44482421875, 0.3369140625]","[[1113.7450561523438, 1012.761962890625], [822.00927734375, 661.3340454101562], [1778.5225830078125, 916.5652465820312], [522.8710174560547, 558.7003173828125], [945.7203979492188, 953.2503662109375], [703.9050903320312, 601.2384643554688], [1375.7455444335938, 706.6705322265625], [402.1467590332031, 574.2498779296875], [82.15965270996094, 863.5205078125], [760.94384765625, 598.3104858398438], [1672.9794311523438, 809.404052734375], [1204.3500366210938, 543.375]]",425394176,410943488,425394176,640,yolo26s_int8_640_ncnn_model,MOT17-02
308,175.65073499986283,0.0,12,"[2, 175, 191, 184, 238, 289, 254, 188, 313, 316, 319, 322]","[[1022.2077026367188, 398.24517822265625, 1204.3302001953125, 1007.9459838867188], [785.8335571289062, 451.75946044921875, 860.1851196289062, 659.622314453125], [1690.675048828125, 440.07501220703125, 1888.7939453125, 907.9956665039062], [504.0882873535156, 455.4953308105469, 541.3214721679688, 558.4649047851562], [866.3845825195312, 423.2469482421875, 1029.728759765625, 953.8636474609375], [678.2349243164062, 488.4260559082031, 730.948486328125, 600.4031982421875], [1316.5057373046875, 433.5723876953125, 1429.31884765625, 706.1771240234375], [379.8554992675781, 463.9149475097656, 424.6225891113281, 575.8782958984375], [0.0, 391.7433166503906, 165.6765899658203, 863.0225219726562], [741.6156005859375, 479.8248291015625, 780.4384155273438, 597.2874145507812], [1628.206787109375, 412.9411926269531, 1731.1837158203125, 806.9150390625], [1187.3572998046875, 447.6239318847656, 1226.139404296875, 544.51708984375]]","[0.83203125, 0.6298828125, 0.70458984375, 0.537109375, 0.82763671875, 0.3369140625, 0.6640625, 0.361083984375, 0.640625, 0.52099609375, 0.5791015625, 0.376220703125]","[[1113.2689514160156, 1007.9459838867188], [823.0093383789062, 659.622314453125], [1789.7344970703125, 907.9956665039062], [522.7048797607422, 558.4649047851562], [948.0566711425781, 953.8636474609375], [704.5917053222656, 600.4031982421875], [1372.9122924804688, 706.1771240234375], [402.2390441894531, 575.8782958984375], [82.83829498291016, 863.0225219726562], [761.0270080566406, 597.2874145507812], [1679.6952514648438, 806.9150390625], [1206.7483520507812, 544.51708984375]]",425394176,410943488,425394176,640,yolo26s_int8_640_ncnn_model,MOT17-02
309,164.37902000006943,0.0,12,"[2, 175, 191, 184, 238, 289, 254, 188, 313, 316, 319, 322]","[[1024.4488525390625, 399.96966552734375, 1211.4677734375, 1005.970458984375], [787.95166015625, 450.6896057128906, 861.5362548828125, 658.1572265625], [1694.5244140625, 444.6436767578125, 1898.40576171875, 917.772705078125], [502.8930358886719, 456.55224609375, 540.42626953125, 559.370849609375], [864.835693359375, 425.5578308105469, 1028.033447265625, 956.0062866210938], [678.9805908203125, 486.66217041015625, 728.7188720703125, 592.3181762695312], [1307.162841796875, 433.6459045410156, 1423.1722412109375, 706.2570190429688], [380.2706298828125, 464.2308349609375, 424.7762145996094, 576.2338256835938], [0.0, 387.8859558105469, 163.00279235839844, 859.066650390625], [740.409912109375, 479.9403076171875, 779.6866455078125, 597.4492797851562], [1631.7120361328125, 413.4542236328125, 1735.8077392578125, 806.9525146484375], [1190.528076171875, 447.01226806640625, 1229.2764892578125, 543.7478637695312]]","[0.82958984375, 0.658203125, 0.73193359375, 0.5029296875, 0.8056640625, 0.30517578125, 0.66064453125, 0.36181640625, 0.72509765625, 0.5322265625, 0.5390625, 0.359619140625]","[[1117.9583129882812, 1005.970458984375], [824.7439575195312, 658.1572265625], [1796.465087890625, 917.772705078125], [521.6596527099609, 559.370849609375], [946.4345703125, 956.0062866210938], [703.8497314453125, 592.3181762695312], [1365.1675415039062, 706.2570190429688], [402.52342224121094, 576.2338256835938], [81.50139617919922, 859.066650390625], [760.0482788085938, 597.4492797851562], [1683.7598876953125, 806.9525146484375], [1209.9022827148438, 543.7478637695312]]",425394176,410943488,425394176,640,yolo26s_int8_640_ncnn_model,MOT17-02
310,164.43989000003967,0.0,12,"[2, 175, 191, 184, 238, 289, 254, 188, 313, 316, 319, 322]","[[1026.914794921875, 396.3772277832031, 1220.2838134765625, 1007.5651245117188], [789.2242431640625, 449.0469970703125, 862.3733520507812, 658.8309326171875], [1695.7462158203125, 445.0769958496094, 1905.501220703125, 925.4922485351562], [501.8285217285156, 457.44769287109375, 538.7393188476562, 557.2337036132812], [864.5447387695312, 420.99609375, 1027.9957275390625, 953.2945556640625], [677.3900756835938, 487.51568603515625, 728.73583984375, 597.981201171875], [1295.355224609375, 431.17376708984375, 1412.8289794921875, 700.8312377929688], [380.4258728027344, 464.3684997558594, 423.8622741699219, 574.3915405273438], [0.0, 387.32757568359375, 161.99832153320312, 856.4060668945312], [739.4937744140625, 481.332275390625, 778.8970947265625, 597.2760009765625], [1636.5318603515625, 411.24053955078125, 1741.6641845703125, 803.0404052734375], [1191.223876953125, 445.09124755859375, 1230.422119140625, 542.9132080078125]]","[0.8310546875, 0.62646484375, 0.755859375, 0.494140625, 0.771484375, 0.385009765625, 0.66845703125, 0.33740234375, 0.7451171875, 0.5791015625, 0.5751953125, 0.346435546875]","[[1123.5993041992188, 1007.5651245117188], [825.7987976074219, 658.8309326171875], [1800.6237182617188, 925.4922485351562], [520.2839202880859, 557.2337036132812], [946.2702331542969, 953.2945556640625], [703.0629577636719, 597.981201171875], [1354.0921020507812, 700.8312377929688], [402.1440734863281, 574.3915405273438], [80.99916076660156, 856.4060668945312], [759.1954345703125, 597.2760009765625], [1689.0980224609375, 803.0404052734375], [1210.822998046875, 542.9132080078125]]",425394176,410943488,425394176,640,yolo26s_int8_640_ncnn_model,MOT17-02
311,164.69352100011747,0.0,12,"[2, 175, 191, 184, 238, 289, 254, 188, 313, 316, 319, 322]","[[1015.7960205078125, 400.9881896972656, 1214.5792236328125, 1006.2485961914062], [794.1851196289062, 448.9194030761719, 866.9088745117188, 658.5715942382812], [1693.7059326171875, 452.5689392089844, 1906.0223388671875, 930.7587280273438], [499.9637756347656, 458.03521728515625, 536.58154296875, 556.1710815429688], [864.125732421875, 422.4744873046875, 1027.2425537109375, 953.9373168945312], [679.1486206054688, 485.0990905761719, 728.8961181640625, 591.8294067382812], [1287.0572509765625, 433.2251281738281, 1403.4326171875, 695.8093872070312], [380.8778076171875, 469.4134216308594, 422.63275146484375, 574.68017578125], [0.0, 386.39556884765625, 157.2081298828125, 858.3902587890625], [738.9415283203125, 479.8766784667969, 778.8610229492188, 595.1947021484375], [1640.3941650390625, 410.714599609375, 1749.376220703125, 811.8700561523438], [1192.9765625, 447.960693359375, 1231.257080078125, 543.4489135742188]]","[0.833984375, 0.62060546875, 0.7744140625, 0.49609375, 0.8154296875, 0.350830078125, 0.72119140625, 0.406982421875, 0.80615234375, 0.5419921875, 0.56689453125, 0.339599609375]","[[1115.1876220703125, 1006.2485961914062], [830.5469970703125, 658.5715942382812], [1799.8641357421875, 930.7587280273438], [518.2726593017578, 556.1710815429688], [945.6841430664062, 953.9373168945312], [704.0223693847656, 591.8294067382812], [1345.2449340820312, 695.8093872070312], [401.7552795410156, 574.68017578125], [78.60406494140625, 858.3902587890625], [758.9012756347656, 595.1947021484375], [1694.8851928710938, 811.8700561523438], [1212.1168212890625, 543.4489135742188]]",425394176,410943488,425394176,640,yolo26s_int8_640_ncnn_model,MOT17-02
312,165.98722599997018,0.0,12,"[2, 175, 191, 184, 238, 289, 254, 188, 313, 316, 319, 322]","[[1022.54541015625, 396.7629089355469, 1227.1143798828125, 1007.8226928710938], [796.6102905273438, 448.8725280761719, 868.89306640625, 658.4489135742188], [1694.754638671875, 459.35638427734375, 1907.456298828125, 930.64013671875], [498.2776794433594, 457.7443542480469, 535.3145141601562, 556.2891235351562], [866.9329223632812, 426.01318359375, 1027.8924560546875, 953.143310546875], [677.749755859375, 486.16827392578125, 728.54150390625, 595.5097045898438], [1276.8792724609375, 431.2261962890625, 1392.6033935546875, 690.7000732421875], [380.8014831542969, 471.3316650390625, 421.9242858886719, 574.7938232421875], [0.0, 380.50225830078125, 158.7484588623047, 862.0337524414062], [739.0621337890625, 480.64453125, 779.0714111328125, 595.2037963867188], [1643.060791015625, 410.79278564453125, 1754.52099609375, 807.6838989257812], [1192.6109619140625, 447.9163818359375, 1233.4005126953125, 550.0551147460938]]","[0.85205078125, 0.5869140625, 0.7578125, 0.46044921875, 0.7841796875, 0.36962890625, 0.64453125, 0.380859375, 0.8232421875, 0.55078125, 0.572265625, 0.310302734375]","[[1124.8298950195312, 1007.8226928710938], [832.7516784667969, 658.4489135742188], [1801.10546875, 930.64013671875], [516.7960968017578, 556.2891235351562], [947.4126892089844, 953.143310546875], [703.1456298828125, 595.5097045898438], [1334.7413330078125, 690.7000732421875], [401.3628845214844, 574.7938232421875], [79.37422943115234, 862.0337524414062], [759.0667724609375, 595.2037963867188], [1698.7908935546875, 807.6838989257812], [1213.0057373046875, 550.0551147460938]]",425394176,410943488,425394176,640,yolo26s_int8_640_ncnn_model,MOT17-02
313,164.49800200007303,0.0,12,"[2, 175, 191, 184, 238, 289, 254, 188, 313, 316, 319, 322]","[[1021.1030883789062, 394.9371032714844, 1231.63916015625, 1010.6925048828125], [800.7805786132812, 448.11456298828125, 874.103271484375, 658.1361694335938], [1692.7537841796875, 452.9170227050781, 1913.6044921875, 940.3645629882812], [497.9580078125, 458.12884521484375, 535.0855102539062, 556.8403930664062], [868.985107421875, 423.8793640136719, 1029.0860595703125, 950.3136596679688], [676.7476806640625, 487.7962951660156, 727.921142578125, 598.5958251953125], [1271.69384765625, 445.53753662109375, 1380.617919921875, 687.87109375], [380.5711669921875, 469.00408935546875, 422.8852233886719, 575.84228515625], [0.0, 384.1062316894531, 162.11068725585938, 865.1431274414062], [738.8316040039062, 480.7192687988281, 779.4644165039062, 595.4847412109375], [1646.2880859375, 415.4263916015625, 1759.73681640625, 804.5704345703125], [1193.3768310546875, 446.8862609863281, 1234.2080078125, 549.274169921875]]","[0.837890625, 0.65234375, 0.75732421875, 0.52197265625, 0.81396484375, 0.303955078125, 0.6572265625, 0.370849609375, 0.8505859375, 0.58203125, 0.5859375, 0.38720703125]","[[1126.3711242675781, 1010.6925048828125], [837.4419250488281, 658.1361694335938], [1803.1791381835938, 940.3645629882812], [516.5217590332031, 556.8403930664062], [949.0355834960938, 950.3136596679688], [702.3344116210938, 598.5958251953125], [1326.1558837890625, 687.87109375], [401.7281951904297, 575.84228515625], [81.05534362792969, 865.1431274414062], [759.1480102539062, 595.4847412109375], [1703.012451171875, 804.5704345703125], [1213.7924194335938, 549.274169921875]]",425394176,410943488,425394176,640,yolo26s_int8_640_ncnn_model,MOT17-02
314,165.01187299991216,0.0,12,"[2, 175, 191, 184, 238, 289, 254, 188, 313, 316, 319, 322]","[[1009.5316162109375, 400.4401550292969, 1223.3983154296875, 1009.599365234375], [802.6781616210938, 447.3360900878906, 875.5513916015625, 655.530029296875], [1690.380126953125, 437.78106689453125, 1919.108642578125, 942.9085693359375], [497.5798645019531, 457.5210876464844, 535.3132934570312, 556.8080444335938], [869.2865600585938, 423.5635681152344, 1028.9586181640625, 948.7222900390625], [676.3045043945312, 487.42291259765625, 728.2568969726562, 600.7672729492188], [1262.9058837890625, 430.62445068359375, 1375.739013671875, 687.689697265625], [380.9637756347656, 471.843505859375, 421.7808532714844, 574.4994506835938], [0.0, 390.8543701171875, 170.7390594482422, 861.3438110351562], [739.2066650390625, 484.5335998535156, 779.6799926757812, 596.8611450195312], [1650.5941162109375, 415.1064147949219, 1768.226318359375, 805.4784545898438], [1194.011962890625, 447.9955139160156, 1236.039306640625, 553.4583740234375]]","[0.8291015625, 0.67578125, 0.52490234375, 0.50732421875, 0.8115234375, 0.29345703125, 0.73876953125, 0.3076171875, 0.86181640625, 0.505859375, 0.55419921875, 0.359375]","[[1116.4649658203125, 1009.599365234375], [839.1147766113281, 655.530029296875], [1804.744384765625, 942.9085693359375], [516.4465789794922, 556.8080444335938], [949.1225891113281, 948.7222900390625], [702.2807006835938, 600.7672729492188], [1319.3224487304688, 687.689697265625], [401.372314453125, 574.4994506835938], [85.3695297241211, 861.3438110351562], [759.4433288574219, 596.8611450195312], [1709.4102172851562, 805.4784545898438], [1215.025634765625, 553.4583740234375]]",425394176,410943488,425394176,640,yolo26s_int8_640_ncnn_model,MOT17-02
315,164.98427999999876,0.0,11,"[2, 175, 191, 184, 238, 289, 254, 188, 313, 316, 322]","[[1018.979248046875, 398.566650390625, 1234.0712890625, 1005.2417602539062], [806.3856811523438, 446.7980041503906, 879.8286743164062, 654.7760009765625], [1724.5379638671875, 436.058837890625, 1920.0, 943.5088500976562], [497.2563781738281, 457.0390930175781, 535.629150390625, 558.0423583984375], [869.0598754882812, 421.21038818359375, 1029.18896484375, 948.3502807617188], [676.9088134765625, 484.080810546875, 729.1019287109375, 597.8995971679688], [1258.025634765625, 429.1719055175781, 1368.0494384765625, 686.890869140625], [380.1103820800781, 468.14581298828125, 422.3726501464844, 574.7289428710938], [12.191694259643555, 393.2635498046875, 189.85247802734375, 861.2460327148438], [738.4894409179688, 482.72125244140625, 779.6419067382812, 595.6336669921875], [1195.140625, 448.4033203125, 1237.7276611328125, 555.9673461914062]]","[0.83544921875, 0.72705078125, 0.5390625, 0.52197265625, 0.802734375, 0.283935546875, 0.70703125, 0.363037109375, 0.84912109375, 0.47900390625, 0.37353515625]","[[1126.5252685546875, 1005.2417602539062], [843.107177734375, 654.7760009765625], [1822.2689819335938, 943.5088500976562], [516.4427642822266, 558.0423583984375], [949.1244201660156, 948.3502807617188], [703.00537109375, 597.8995971679688], [1313.0375366210938, 686.890869140625], [401.24151611328125, 574.7289428710938], [101.02208614349365, 861.2460327148438], [759.065673828125, 595.6336669921875], [1216.4341430664062, 555.9673461914062]]",425394176,410943488,425394176,640,yolo26s_int8_640_ncnn_model,MOT17-02
316,188.28941399988253,0.0,12,"[2, 175, 191, 184, 238, 289, 254, 188, 313, 316, 322, 328]","[[1023.3359375, 400.5934143066406, 1239.1292724609375, 1004.8909301757812], [807.3663940429688, 445.8597412109375, 882.6357421875, 658.2111206054688], [1743.21484375, 424.1412658691406, 1920.0, 943.075439453125], [497.8014831542969, 456.6090393066406, 536.10693359375, 557.7703857421875], [867.4151611328125, 420.3262634277344, 1027.81298828125, 952.1596069335938], [677.7265014648438, 482.7945251464844, 729.8441162109375, 596.7897338867188], [1255.847900390625, 431.1144714355469, 1362.1927490234375, 688.1580200195312], [379.9383850097656, 468.0375061035156, 422.4551696777344, 575.5504760742188], [31.598987579345703, 398.870361328125, 210.66403198242188, 859.251953125], [738.458740234375, 482.3089294433594, 779.9110717773438, 594.9397583007812], [1196.549560546875, 448.5496520996094, 1239.2672119140625, 556.8627319335938], [1631.7088623046875, 412.42498779296875, 1843.4912109375, 860.1749877929688]]","[0.83740234375, 0.650390625, 0.51953125, 0.54296875, 0.8154296875, 0.300537109375, 0.64990234375, 0.368896484375, 0.83935546875, 0.49951171875, 0.3349609375, 0.38330078125]","[[1131.2326049804688, 1004.8909301757812], [845.0010681152344, 658.2111206054688], [1831.607421875, 943.075439453125], [516.9542083740234, 557.7703857421875], [947.6140747070312, 952.1596069335938], [703.7853088378906, 596.7897338867188], [1309.0203247070312, 688.1580200195312], [401.19677734375, 575.5504760742188], [121.13150978088379, 859.251953125], [759.1849060058594, 594.9397583007812], [1217.9083862304688, 556.8627319335938], [1737.6000366210938, 860.1749877929688]]",425394176,410943488,425394176,640,yolo26s_int8_640_ncnn_model,MOT17-02
317,164.18140900009348,0.0,13,"[2, 175, 191, 184, 238, 289, 254, 188, 313, 316, 322, 328, 283]","[[1017.22119140625, 400.10943603515625, 1236.6676025390625, 1007.0467529296875], [807.383544921875, 446.7444763183594, 880.9178466796875, 655.3198852539062], [1725.0592041015625, 424.0066833496094, 1920.0, 940.36376953125], [497.6141052246094, 456.6917724609375, 535.73828125, 557.4190673828125], [867.3449096679688, 421.48284912109375, 1026.6993408203125, 951.118408203125], [677.4749145507812, 486.51483154296875, 729.7076416015625, 601.0646362304688], [1253.0506591796875, 431.6191101074219, 1355.635009765625, 686.9584350585938], [380.2593078613281, 468.4911804199219, 423.0997314453125, 576.3612670898438], [42.068180084228516, 391.14373779296875, 230.5093994140625, 860.4169921875], [739.4035034179688, 482.4161071777344, 781.574462890625, 596.4406127929688], [1198.1131591796875, 449.5855407714844, 1240.701171875, 558.127197265625], [1638.8935546875, 410.23699951171875, 1835.4088134765625, 826.00830078125], [1427.831298828125, 444.0423278808594, 1464.1845703125, 546.0352783203125]]","[0.83984375, 0.67578125, 0.397216796875, 0.5400390625, 0.8125, 0.333984375, 0.6474609375, 0.38232421875, 0.85205078125, 0.34130859375, 0.3974609375, 0.470703125, 0.277099609375]","[[1126.9443969726562, 1007.0467529296875], [844.1506958007812, 655.3198852539062], [1822.5296020507812, 940.36376953125], [516.6761932373047, 557.4190673828125], [947.0221252441406, 951.118408203125], [703.5912780761719, 601.0646362304688], [1304.3428344726562, 686.9584350585938], [401.6795196533203, 576.3612670898438], [136.2887897491455, 860.4169921875], [760.4889831542969, 596.4406127929688], [1219.4071655273438, 558.127197265625], [1737.1511840820312, 826.00830078125], [1446.0079345703125, 546.0352783203125]]",425394176,410943488,425394176,640,yolo26s_int8_640_ncnn_model,MOT17-02
318,164.46472400002676,0.0,14,"[2, 175, 191, 184, 238, 289, 254, 188, 313, 316, 322, 328, 330, 331]","[[1016.3487548828125, 399.92071533203125, 1238.1265869140625, 1007.8943481445312], [808.2605590820312, 446.1056213378906, 883.0960083007812, 663.1458740234375], [1728.7933349609375, 425.01287841796875, 1920.0, 938.1856079101562], [496.4027404785156, 457.46832275390625, 534.7884521484375, 558.52734375], [865.2809448242188, 424.4137878417969, 1024.3143310546875, 953.1746826171875], [677.6649780273438, 484.47784423828125, 729.3722534179688, 598.244140625], [1249.504150390625, 432.56597900390625, 1349.28515625, 685.8116455078125], [379.69488525390625, 467.6764221191406, 423.052490234375, 576.666748046875], [52.92466354370117, 393.5257568359375, 246.4336395263672, 856.9801635742188], [738.6329345703125, 481.72259521484375, 781.3472900390625, 596.7639770507812], [1199.7562255859375, 449.9702453613281, 1242.072021484375, 556.5665283203125], [1650.8486328125, 409.4547424316406, 1844.6466064453125, 820.9647216796875], [1808.8541259765625, 422.70001220703125, 1920.0, 946.2000122070312], [1711.3111572265625, 412.125, 1835.888916015625, 841.2750244140625]]","[0.83056640625, 0.6650390625, 0.369384765625, 0.54931640625, 0.81591796875, 0.346435546875, 0.6376953125, 0.34716796875, 0.8447265625, 0.353759765625, 0.3994140625, 0.5205078125, 0.43603515625, 0.334228515625]","[[1127.2376708984375, 1007.8943481445312], [845.6782836914062, 663.1458740234375], [1824.3966674804688, 938.1856079101562], [515.5955963134766, 558.52734375], [944.7976379394531, 953.1746826171875], [703.5186157226562, 598.244140625], [1299.3946533203125, 685.8116455078125], [401.3736877441406, 576.666748046875], [149.67915153503418, 856.9801635742188], [759.9901123046875, 596.7639770507812], [1220.9141235351562, 556.5665283203125], [1747.7476196289062, 820.9647216796875], [1864.4270629882812, 946.2000122070312], [1773.6000366210938, 841.2750244140625]]",425394176,410943488,425394176,640,yolo26s_int8_640_ncnn_model,MOT17-02
319,163.83094599996184,0.0,13,"[2, 175, 184, 238, 289, 254, 188, 313, 316, 322, 328, 330, 331]","[[1015.963623046875, 399.84417724609375, 1238.60205078125, 1005.2698974609375], [812.5958251953125, 446.3616943359375, 885.6513671875, 661.6381225585938], [496.06005859375, 458.0076599121094, 534.3489379882812, 558.6975708007812], [869.079345703125, 423.0446472167969, 1027.7403564453125, 951.4537353515625], [678.60791015625, 482.95733642578125, 730.3596801757812, 596.9131469726562], [1244.7872314453125, 434.6730041503906, 1342.876708984375, 684.684326171875], [379.63751220703125, 467.1223449707031, 423.3766174316406, 577.0234375], [58.35355758666992, 395.96539306640625, 257.7920837402344, 851.9380493164062], [737.8037109375, 482.4603576660156, 779.8217163085938, 593.9213256835938], [1201.218017578125, 449.3536376953125, 1242.6326904296875, 552.6607666015625], [1664.2430419921875, 413.25067138671875, 1853.2574462890625, 817.3425903320312], [1807.0579833984375, 416.3558044433594, 1920.0, 944.999755859375], [1716.9617919921875, 404.9284973144531, 1843.1343994140625, 839.7205810546875]]","[0.83984375, 0.7080078125, 0.56640625, 0.822265625, 0.386962890625, 0.66650390625, 0.3115234375, 0.84716796875, 0.315185546875, 0.39208984375, 0.260986328125, 0.447998046875, 0.55126953125]","[[1127.2828369140625, 1005.2698974609375], [849.1235961914062, 661.6381225585938], [515.2044982910156, 558.6975708007812], [948.4098510742188, 951.4537353515625], [704.4837951660156, 596.9131469726562], [1293.8319702148438, 684.684326171875], [401.50706481933594, 577.0234375], [158.07282066345215, 851.9380493164062], [758.8127136230469, 593.9213256835938], [1221.9253540039062, 552.6607666015625], [1758.750244140625, 817.3425903320312], [1863.5289916992188, 944.999755859375], [1780.048095703125, 839.7205810546875]]",425394176,410943488,425394176,640,yolo26s_int8_640_ncnn_model,MOT17-02
320,163.86039000008168,0.0,12,"[2, 175, 184, 238, 289, 254, 188, 313, 316, 322, 330, 331]","[[1027.4847412109375, 402.29510498046875, 1248.8499755859375, 1007.782958984375], [815.1572875976562, 448.4495849609375, 886.5429077148438, 661.0088500976562], [495.54052734375, 457.4646911621094, 533.6184692382812, 557.5191040039062], [865.5857543945312, 423.2659912109375, 1024.039794921875, 949.04833984375], [678.6122436523438, 485.112548828125, 730.0932006835938, 598.6411743164062], [1238.48193359375, 434.71026611328125, 1337.5806884765625, 686.0657958984375], [379.7353210449219, 466.66864013671875, 423.3868103027344, 576.4140625], [60.70731735229492, 395.0362548828125, 269.2903137207031, 852.4699096679688], [737.336181640625, 485.5216979980469, 778.392578125, 593.0892333984375], [1201.403076171875, 449.106201171875, 1244.0875244140625, 555.1619262695312], [1818.067626953125, 428.89141845703125, 1920.0, 941.4097290039062], [1719.0465087890625, 403.9351806640625, 1845.4210205078125, 837.7476196289062]]","[0.83642578125, 0.64306640625, 0.5400390625, 0.82666015625, 0.365234375, 0.71630859375, 0.32470703125, 0.86279296875, 0.290283203125, 0.3349609375, 0.64208984375, 0.654296875]","[[1138.1673583984375, 1007.782958984375], [850.85009765625, 661.0088500976562], [514.5794982910156, 557.5191040039062], [944.8127746582031, 949.04833984375], [704.3527221679688, 598.6411743164062], [1288.0313110351562, 686.0657958984375], [401.5610656738281, 576.4140625], [164.99881553649902, 852.4699096679688], [757.8643798828125, 593.0892333984375], [1222.7453002929688, 555.1619262695312], [1869.0338134765625, 941.4097290039062], [1782.2337646484375, 837.7476196289062]]",425394176,410943488,425394176,640,yolo26s_int8_640_ncnn_model,MOT17-02
321,163.66889000005358,0.0,11,"[2, 175, 184, 238, 289, 254, 188, 313, 316, 330, 331]","[[1027.491455078125, 406.43597412109375, 1246.9754638671875, 1005.5305786132812], [819.34814453125, 448.7511291503906, 889.422119140625, 657.2709350585938], [494.9898986816406, 457.0072021484375, 533.2383422851562, 557.321044921875], [870.6761474609375, 425.08685302734375, 1029.112548828125, 948.3751831054688], [678.24658203125, 484.94677734375, 730.3545532226562, 600.2925415039062], [1233.9208984375, 431.4848327636719, 1334.315673828125, 684.8762817382812], [379.75933837890625, 466.9952392578125, 422.9151916503906, 575.6806030273438], [60.386112213134766, 400.74627685546875, 274.84716796875, 852.9419555664062], [737.0252685546875, 486.9164123535156, 778.5255126953125, 594.5687866210938], [1823.5145263671875, 426.002197265625, 1920.0, 947.4163818359375], [1729.03076171875, 401.8780212402344, 1858.87890625, 845.8648071289062]]","[0.83447265625, 0.58642578125, 0.5537109375, 0.8203125, 0.427001953125, 0.68359375, 0.324462890625, 0.86474609375, 0.277587890625, 0.61474609375, 0.603515625]","[[1137.2334594726562, 1005.5305786132812], [854.3851318359375, 657.2709350585938], [514.1141204833984, 557.321044921875], [949.8943481445312, 948.3751831054688], [704.3005676269531, 600.2925415039062], [1284.1182861328125, 684.8762817382812], [401.33726501464844, 575.6806030273438], [167.61664009094238, 852.9419555664062], [757.775390625, 594.5687866210938], [1871.7572631835938, 947.4163818359375], [1793.954833984375, 845.8648071289062]]",425394176,410943488,425394176,640,yolo26s_int8_640_ncnn_model,MOT17-02
322,163.97214899984647,0.0,11,"[2, 175, 184, 238, 289, 254, 188, 313, 316, 330, 331]","[[1034.6671142578125, 405.491455078125, 1252.843505859375, 1005.1995849609375], [819.6771850585938, 448.3630676269531, 889.5626831054688, 656.3453979492188], [492.6619873046875, 456.09100341796875, 531.7826538085938, 557.9924926757812], [872.0531005859375, 426.0179748535156, 1031.5548095703125, 951.8463745117188], [678.2811889648438, 483.1627197265625, 729.2935791015625, 595.7410888671875], [1235.5885009765625, 434.7317199707031, 1335.1466064453125, 683.9684448242188], [379.9058532714844, 465.6368408203125, 423.5961608886719, 575.8951416015625], [59.11503982543945, 403.1779479980469, 279.0898132324219, 849.4442138671875], [736.7361450195312, 487.4162292480469, 778.2672119140625, 594.1173706054688], [1829.8411865234375, 416.6192321777344, 1920.0, 945.856689453125], [1736.84765625, 401.5729064941406, 1871.355712890625, 861.1536254882812]]","[0.81591796875, 0.64794921875, 0.4921875, 0.81591796875, 0.390869140625, 0.642578125, 0.3876953125, 0.88037109375, 0.32470703125, 0.6298828125, 0.69384765625]","[[1143.7553100585938, 1005.1995849609375], [854.6199340820312, 656.3453979492188], [512.2223205566406, 557.9924926757812], [951.803955078125, 951.8463745117188], [703.7873840332031, 595.7410888671875], [1285.3675537109375, 683.9684448242188], [401.7510070800781, 575.8951416015625], [169.10242652893066, 849.4442138671875], [757.5016784667969, 594.1173706054688], [1874.9205932617188, 945.856689453125], [1804.1016845703125, 861.1536254882812]]",425394176,410943488,425394176,640,yolo26s_int8_640_ncnn_model,MOT17-02
323,165.32342799996513,0.0,12,"[2, 175, 184, 238, 289, 254, 188, 313, 316, 330, 331, 283]","[[1033.342529296875, 407.347900390625, 1250.9356689453125, 1006.8380737304688], [821.4918212890625, 448.21624755859375, 891.7328491210938, 656.001708984375], [492.5419616699219, 455.7475891113281, 531.992431640625, 558.2467041015625], [872.59765625, 424.8728942871094, 1032.402099609375, 950.6701049804688], [678.0926513671875, 482.7282409667969, 729.5830078125, 596.7254638671875], [1231.937744140625, 441.7207946777344, 1330.325927734375, 686.9176025390625], [379.159912109375, 465.13348388671875, 423.1777648925781, 575.974853515625], [59.47819900512695, 404.97491455078125, 285.23541259765625, 847.6368408203125], [736.2432250976562, 485.3340148925781, 778.5782470703125, 593.2061157226562], [1837.5369873046875, 442.7052307128906, 1920.0, 945.2887573242188], [1742.571044921875, 399.23052978515625, 1876.4464111328125, 855.323486328125], [1443.783935546875, 443.2501220703125, 1483.8115234375, 546.658203125]]","[0.798828125, 0.5751953125, 0.546875, 0.8193359375, 0.375732421875, 0.61328125, 0.393310546875, 0.88037109375, 0.363037109375, 0.5458984375, 0.6904296875, 0.30029296875]","[[1142.1390991210938, 1006.8380737304688], [856.6123352050781, 656.001708984375], [512.2671966552734, 558.2467041015625], [952.4998779296875, 950.6701049804688], [703.8378295898438, 596.7254638671875], [1281.1318359375, 686.9176025390625], [401.16883850097656, 575.974853515625], [172.3568058013916, 847.6368408203125], [757.4107360839844, 593.2061157226562], [1878.7684936523438, 945.2887573242188], [1809.5087280273438, 855.323486328125], [1463.7977294921875, 546.658203125]]",425394176,410943488,425394176,640,yolo26s_int8_640_ncnn_model,MOT17-02
324,163.19557500014525,0.0,11,"[2, 175, 184, 238, 289, 254, 188, 313, 316, 331, 283]","[[1034.7225341796875, 405.7887878417969, 1252.119873046875, 1007.7258911132812], [823.3287963867188, 450.891845703125, 893.2120971679688, 656.124755859375], [491.3966064453125, 455.8677062988281, 530.7545166015625, 558.096435546875], [868.4786987304688, 421.70233154296875, 1031.044921875, 952.9379272460938], [678.1436767578125, 486.7726135253906, 729.0765380859375, 599.8135375976562], [1225.2476806640625, 438.0495300292969, 1325.2840576171875, 686.2993774414062], [379.4764099121094, 465.69097900390625, 422.91253662109375, 575.2643432617188], [56.84090805053711, 403.4764709472656, 289.9677734375, 849.46484375], [735.6261596679688, 489.2758483886719, 778.1513671875, 597.1028442382812], [1752.5242919921875, 398.46868896484375, 1886.2406005859375, 853.912841796875], [1445.4344482421875, 443.4696350097656, 1488.279296875, 546.461669921875]]","[0.80078125, 0.58251953125, 0.490478515625, 0.83056640625, 0.382568359375, 0.63720703125, 0.384033203125, 0.873046875, 0.41064453125, 0.71484375, 0.37109375]","[[1143.4212036132812, 1007.7258911132812], [858.2704467773438, 656.124755859375], [511.0755615234375, 558.096435546875], [949.7618103027344, 952.9379272460938], [703.610107421875, 599.8135375976562], [1275.265869140625, 686.2993774414062], [401.19447326660156, 575.2643432617188], [173.40434074401855, 849.46484375], [756.8887634277344, 597.1028442382812], [1819.3824462890625, 853.912841796875], [1466.8568725585938, 546.461669921875]]",425394176,410943488,425394176,640,yolo26s_int8_640_ncnn_model,MOT17-02
325,177.54821899984563,0.0,11,"[2, 175, 184, 238, 289, 254, 188, 313, 316, 331, 283]","[[1036.437255859375, 405.1780090332031, 1253.1981201171875, 1008.07275390625], [826.5230712890625, 448.4073486328125, 898.0682373046875, 658.6709594726562], [491.1075134277344, 455.9186706542969, 530.183349609375, 558.0379638671875], [868.1770629882812, 417.5450134277344, 1032.205078125, 951.8082885742188], [678.1367797851562, 487.5771484375, 728.9114379882812, 600.7472534179688], [1221.6826171875, 441.3848571777344, 1320.8773193359375, 687.3273315429688], [379.8938293457031, 468.1490173339844, 422.5216369628906, 575.736572265625], [60.254486083984375, 403.3868713378906, 296.92730712890625, 846.9780883789062], [733.605712890625, 488.02117919921875, 776.3138427734375, 596.3446655273438], [1764.2940673828125, 405.1581115722656, 1899.458251953125, 862.7092895507812], [1448.5203857421875, 443.7929382324219, 1493.2313232421875, 546.1461791992188]]","[0.79931640625, 0.48486328125, 0.46875, 0.8154296875, 0.45263671875, 0.63623046875, 0.3662109375, 0.86328125, 0.378662109375, 0.76025390625, 0.47802734375]","[[1144.8176879882812, 1008.07275390625], [862.295654296875, 658.6709594726562], [510.6454315185547, 558.0379638671875], [950.1910705566406, 951.8082885742188], [703.5241088867188, 600.7472534179688], [1271.2799682617188, 687.3273315429688], [401.2077331542969, 575.736572265625], [178.5908966064453, 846.9780883789062], [754.9597778320312, 596.3446655273438], [1831.8761596679688, 862.7092895507812], [1470.8758544921875, 546.1461791992188]]",425394176,410943488,425394176,640,yolo26s_int8_640_ncnn_model,MOT17-02
326,166.0262259999854,0.0,11,"[2, 175, 184, 238, 289, 254, 188, 313, 316, 331, 283]","[[1037.1861572265625, 406.1692199707031, 1253.3497314453125, 1009.9473266601562], [832.1993408203125, 448.4661865234375, 904.1184692382812, 659.614013671875], [489.61871337890625, 456.4369201660156, 528.4242553710938, 558.510498046875], [866.863037109375, 419.4327392578125, 1030.858642578125, 949.8826904296875], [678.1373291015625, 489.1098937988281, 727.8577270507812, 599.8506469726562], [1216.118408203125, 455.1005859375, 1308.92919921875, 681.25439453125], [381.1805419921875, 473.5723571777344, 421.7496032714844, 575.4171142578125], [66.70482635498047, 405.0960693359375, 304.2615661621094, 844.56787109375], [733.8814086914062, 486.0433654785156, 777.09716796875, 595.5582275390625], [1769.9822998046875, 401.12689208984375, 1906.4326171875, 860.3074951171875], [1449.09619140625, 443.66693115234375, 1495.4407958984375, 546.2791137695312]]","[0.78955078125, 0.5234375, 0.455810546875, 0.8125, 0.427734375, 0.270751953125, 0.380859375, 0.849609375, 0.40576171875, 0.6826171875, 0.51611328125]","[[1145.2679443359375, 1009.9473266601562], [868.1589050292969, 659.614013671875], [509.021484375, 558.510498046875], [948.86083984375, 949.8826904296875], [702.9975280761719, 599.8506469726562], [1262.5238037109375, 681.25439453125], [401.46507263183594, 575.4171142578125], [185.48319625854492, 844.56787109375], [755.4892883300781, 595.5582275390625], [1838.2074584960938, 860.3074951171875], [1472.2684936523438, 546.2791137695312]]",425394176,410943488,425394176,640,yolo26s_int8_640_ncnn_model,MOT17-02
327,164.84015100013494,0.0,10,"[2, 175, 184, 238, 289, 188, 313, 316, 331, 283]","[[1042.39453125, 405.53857421875, 1256.2635498046875, 1008.6777954101562], [832.9449462890625, 447.253662109375, 905.6879272460938, 660.2133178710938], [489.7049865722656, 457.8733825683594, 528.149658203125, 558.440673828125], [872.88232421875, 424.3934020996094, 1034.7142333984375, 947.9002075195312], [679.7511596679688, 487.1768493652344, 728.849853515625, 595.997314453125], [381.44158935546875, 474.08612060546875, 422.1969299316406, 575.8040161132812], [74.38526153564453, 401.2480773925781, 312.4151306152344, 839.4673461914062], [734.8336791992188, 484.54864501953125, 779.5420532226562, 597.9808959960938], [1771.0775146484375, 398.38848876953125, 1911.4136962890625, 867.5632934570312], [1449.33642578125, 442.6275939941406, 1498.0184326171875, 547.3246459960938]]","[0.79248046875, 0.33544921875, 0.4931640625, 0.78369140625, 0.438720703125, 0.40966796875, 0.84228515625, 0.50048828125, 0.63623046875, 0.6572265625]","[[1149.3290405273438, 1008.6777954101562], [869.3164367675781, 660.2133178710938], [508.9273223876953, 558.440673828125], [953.7982788085938, 947.9002075195312], [704.3005065917969, 595.997314453125], [401.8192596435547, 575.8040161132812], [193.40019607543945, 839.4673461914062], [757.1878662109375, 597.9808959960938], [1841.24560546875, 867.5632934570312], [1473.6774291992188, 547.3246459960938]]",425394176,410943488,425394176,640,yolo26s_int8_640_ncnn_model,MOT17-02
328,165.75048499998957,0.0,11,"[2, 175, 184, 238, 289, 188, 313, 316, 331, 283, 254]","[[1043.8740234375, 397.3509826660156, 1259.693115234375, 1011.1726684570312], [840.5881958007812, 448.0283203125, 909.5755615234375, 650.3189697265625], [489.8218994140625, 457.4217529296875, 528.0230712890625, 557.4154663085938], [872.5364990234375, 420.3006591796875, 1037.7711181640625, 953.1290283203125], [681.176513671875, 485.1900329589844, 730.4036865234375, 593.8095092773438], [380.924560546875, 471.74688720703125, 422.9686279296875, 576.444091796875], [92.32015228271484, 401.7081298828125, 322.58905029296875, 828.9071655273438], [735.3558959960938, 482.0314636230469, 781.2916870117188, 598.89111328125], [1767.2122802734375, 393.6808166503906, 1920.0, 910.6047973632812], [1451.6800537109375, 441.7474365234375, 1500.500244140625, 546.2384643554688], [1196.71044921875, 433.9783630371094, 1289.8521728515625, 667.522705078125]]","[0.79638671875, 0.300048828125, 0.417236328125, 0.798828125, 0.480224609375, 0.45556640625, 0.89892578125, 0.5087890625, 0.51806640625, 0.6142578125, 0.341796875]","[[1151.7835693359375, 1011.1726684570312], [875.0818786621094, 650.3189697265625], [508.9224853515625, 557.4154663085938], [955.15380859375, 953.1290283203125], [705.7901000976562, 593.8095092773438], [401.94659423828125, 576.444091796875], [207.4546012878418, 828.9071655273438], [758.3237915039062, 598.89111328125], [1843.6061401367188, 910.6047973632812], [1476.0901489257812, 546.2384643554688], [1243.2813110351562, 667.522705078125]]",425394176,410943488,425394176,640,yolo26s_int8_640_ncnn_model,MOT17-02
329,166.8397079999977,0.0,9,"[2, 184, 238, 289, 188, 313, 316, 331, 283]","[[1045.1597900390625, 395.2623596191406, 1260.120361328125, 1011.1246337890625], [490.1712951660156, 457.497314453125, 528.2147827148438, 556.782958984375], [873.9728393554688, 424.6925964355469, 1036.31640625, 947.1864013671875], [680.3418579101562, 486.4463195800781, 730.3388671875, 597.0025024414062], [381.6591796875, 475.558349609375, 422.3266906738281, 575.9384765625], [107.2574234008789, 400.84417724609375, 331.5466613769531, 823.2138061523438], [735.07470703125, 481.55462646484375, 781.4810180664062, 599.72021484375], [1772.6536865234375, 395.7640075683594, 1919.46728515625, 888.3538818359375], [1455.172119140625, 442.656494140625, 1501.6036376953125, 543.5891723632812]]","[0.80712890625, 0.4453125, 0.80615234375, 0.394775390625, 0.3603515625, 0.8857421875, 0.54931640625, 0.453857421875, 0.4921875]","[[1152.6400756835938, 1011.1246337890625], [509.1930389404297, 556.782958984375], [955.1446228027344, 947.1864013671875], [705.3403625488281, 597.0025024414062], [401.99293518066406, 575.9384765625], [219.40204238891602, 823.2138061523438], [758.2778625488281, 599.72021484375], [1846.0604858398438, 888.3538818359375], [1478.3878784179688, 543.5891723632812]]",425394176,410943488,425394176,640,yolo26s_int8_640_ncnn_model,MOT17-02
330,164.66652100007195,0.0,10,"[2, 184, 238, 289, 188, 313, 316, 331, 283, 322]","[[1046.7984619140625, 396.4652404785156, 1258.969482421875, 1008.1366577148438], [490.0727233886719, 457.77191162109375, 528.0629272460938, 556.2999267578125], [869.2969970703125, 425.891845703125, 1031.935791015625, 949.3754272460938], [680.5765991210938, 483.4552307128906, 730.744873046875, 593.7554321289062], [381.6625671386719, 477.01568603515625, 421.8499755859375, 575.7366333007812], [125.94612884521484, 398.670654296875, 344.7037353515625, 821.1957397460938], [734.800048828125, 479.91705322265625, 781.7196655273438, 599.5398559570312], [1774.837646484375, 399.7499694824219, 1917.8758544921875, 877.4826049804688], [1457.239013671875, 441.5077209472656, 1503.0361328125, 543.0848999023438], [1203.0660400390625, 432.6666259765625, 1251.45068359375, 549.346435546875]]","[0.78662109375, 0.458740234375, 0.8037109375, 0.4775390625, 0.349853515625, 0.81005859375, 0.58642578125, 0.615234375, 0.50390625, 0.43994140625]","[[1152.8839721679688, 1008.1366577148438], [509.0678253173828, 556.2999267578125], [950.6163940429688, 949.3754272460938], [705.6607360839844, 593.7554321289062], [401.7562713623047, 575.7366333007812], [235.32493209838867, 821.1957397460938], [758.2598571777344, 599.5398559570312], [1846.3567504882812, 877.4826049804688], [1480.1375732421875, 543.0848999023438], [1227.2583618164062, 549.346435546875]]",425394176,410943488,425394176,640,yolo26s_int8_640_ncnn_model,MOT17-02
331,165.68778100008785,0.0,9,"[2, 184, 238, 289, 188, 313, 316, 331, 283]","[[1048.0621337890625, 399.1851806640625, 1257.7325439453125, 1006.7476806640625], [488.7229309082031, 458.3704528808594, 527.362548828125, 557.6201782226562], [866.4113159179688, 426.08087158203125, 1029.43310546875, 950.4452514648438], [681.2818603515625, 481.5693664550781, 730.7674560546875, 590.2891235351562], [381.60382080078125, 476.2622375488281, 422.2374572753906, 575.9138793945312], [144.42364501953125, 395.7497863769531, 355.71405029296875, 818.8053588867188], [734.7799682617188, 480.03753662109375, 781.7258911132812, 599.7027587890625], [1777.115478515625, 404.0388488769531, 1917.339599609375, 870.48388671875], [1459.62109375, 441.5885314941406, 1504.77294921875, 544.4005737304688]]","[0.8056640625, 0.417724609375, 0.79638671875, 0.47314453125, 0.32470703125, 0.796875, 0.5869140625, 0.6591796875, 0.5390625]","[[1152.8973388671875, 1006.7476806640625], [508.04273986816406, 557.6201782226562], [947.9222106933594, 950.4452514648438], [706.024658203125, 590.2891235351562], [401.92063903808594, 575.9138793945312], [250.06884765625, 818.8053588867188], [758.2529296875, 599.7027587890625], [1847.2275390625, 870.48388671875], [1482.197021484375, 544.4005737304688]]",425394176,410943488,425394176,640,yolo26s_int8_640_ncnn_model,MOT17-02
332,165.4595770000924,0.0,9,"[2, 184, 238, 289, 188, 313, 316, 331, 283]","[[1049.5943603515625, 397.4990539550781, 1258.0621337890625, 1005.9837036132812], [488.3589782714844, 458.34210205078125, 526.9932861328125, 557.3733520507812], [868.9389038085938, 422.42071533203125, 1032.80615234375, 950.6000366210938], [679.2432861328125, 483.6161193847656, 730.070556640625, 595.2420043945312], [381.9284973144531, 476.4609375, 422.5312194824219, 575.4802856445312], [168.1305389404297, 401.73931884765625, 368.7797546386719, 819.0070190429688], [735.4951782226562, 479.1212463378906, 782.4793090820312, 598.7706909179688], [1778.2059326171875, 406.90875244140625, 1916.4755859375, 864.5113525390625], [1462.2135009765625, 440.637939453125, 1507.5133056640625, 545.894775390625]]","[0.8125, 0.40380859375, 0.79638671875, 0.40625, 0.312744140625, 0.771484375, 0.6171875, 0.65185546875, 0.47412109375]","[[1153.8282470703125, 1005.9837036132812], [507.67613220214844, 557.3733520507812], [950.8725280761719, 950.6000366210938], [704.6569213867188, 595.2420043945312], [402.2298583984375, 575.4802856445312], [268.4551467895508, 819.0070190429688], [758.9872436523438, 598.7706909179688], [1847.3407592773438, 864.5113525390625], [1484.8634033203125, 545.894775390625]]",425394176,410943488,425394176,640,yolo26s_int8_640_ncnn_model,MOT17-02
333,181.2180570000237,0.0,9,"[2, 184, 238, 289, 188, 313, 316, 331, 283]","[[1049.64111328125, 394.398193359375, 1258.6021728515625, 1009.1763916015625], [488.9361572265625, 458.8221740722656, 527.173828125, 556.7836303710938], [868.9892578125, 420.2914123535156, 1033.011962890625, 952.3851318359375], [678.6226806640625, 486.3493957519531, 729.67431640625, 599.0537719726562], [382.0295104980469, 476.50946044921875, 422.66082763671875, 575.3162841796875], [183.33868408203125, 397.156494140625, 379.9054260253906, 820.2020874023438], [736.0249633789062, 478.7890625, 783.0006713867188, 598.4052124023438], [1778.7823486328125, 402.20806884765625, 1917.6043701171875, 860.9669189453125], [1466.2955322265625, 440.2857971191406, 1511.1820068359375, 546.4634399414062]]","[0.83203125, 0.363525390625, 0.78515625, 0.41357421875, 0.256591796875, 0.77294921875, 0.52978515625, 0.6044921875, 0.414794921875]","[[1154.1216430664062, 1009.1763916015625], [508.05499267578125, 556.7836303710938], [951.0006103515625, 952.3851318359375], [704.1484985351562, 599.0537719726562], [402.3451690673828, 575.3162841796875], [281.62205505371094, 820.2020874023438], [759.5128173828125, 598.4052124023438], [1848.193359375, 860.9669189453125], [1488.73876953125, 546.4634399414062]]",425394176,410943488,425394176,640,yolo26s_int8_640_ncnn_model,MOT17-02
334,164.4020570001885,0.0,10,"[2, 184, 238, 289, 188, 313, 316, 331, 283, 346]","[[1050.29052734375, 396.94720458984375, 1256.0980224609375, 1006.6867065429688], [488.8343505859375, 458.2494201660156, 527.10302734375, 556.3136596679688], [869.1720581054688, 421.9600524902344, 1031.928955078125, 951.5741577148438], [678.1669921875, 488.140625, 729.2473754882812, 601.7487182617188], [382.47052001953125, 477.75396728515625, 422.8005676269531, 575.0069580078125], [199.6171875, 399.4860534667969, 389.5903625488281, 819.7266845703125], [736.1111450195312, 479.9130554199219, 782.3226318359375, 597.0283813476562], [1779.9967041015625, 397.97344970703125, 1918.727294921875, 857.1368408203125], [1469.80908203125, 440.9004211425781, 1514.3848876953125, 547.9110107421875], [4.06698751449585, 459.67498779296875, 129.0205078125, 779.9249877929688]]","[0.8193359375, 0.3515625, 0.80126953125, 0.442626953125, 0.269287109375, 0.77294921875, 0.56591796875, 0.51904296875, 0.3564453125, 0.56787109375]","[[1153.1942749023438, 1006.6867065429688], [507.96868896484375, 556.3136596679688], [950.5505065917969, 951.5741577148438], [703.7071838378906, 601.7487182617188], [402.6355438232422, 575.0069580078125], [294.60377502441406, 819.7266845703125], [759.2168884277344, 597.0283813476562], [1849.3619995117188, 857.1368408203125], [1492.0969848632812, 547.9110107421875], [66.54374766349792, 779.9249877929688]]",425394176,410943488,425394176,640,yolo26s_int8_640_ncnn_model,MOT17-02
335,165.7935959999577,0.0,11,"[2, 184, 238, 289, 188, 313, 316, 331, 283, 346, 348]","[[1051.70703125, 394.968505859375, 1255.843505859375, 1002.7584838867188], [489.8692932128906, 458.5273742675781, 528.5161743164062, 557.6329956054688], [871.0665283203125, 422.3597106933594, 1032.656494140625, 953.4849853515625], [678.5963134765625, 485.858642578125, 730.4573364257812, 601.7755737304688], [381.3873291015625, 475.1891174316406, 423.09283447265625, 575.8961181640625], [211.2799835205078, 399.488037109375, 398.82470703125, 821.620849609375], [735.8508911132812, 479.36834716796875, 782.8438720703125, 598.48779296875], [1784.1053466796875, 407.09259033203125, 1919.1761474609375, 852.9468994140625], [1473.1322021484375, 441.8831481933594, 1516.3800048828125, 546.7360229492188], [8.5061616897583, 456.9615173339844, 134.023193359375, 777.7652587890625], [869.9780883789062, 447.6000061035156, 928.8218994140625, 568.2000122070312]]","[0.8076171875, 0.439208984375, 0.77001953125, 0.494140625, 0.294921875, 0.755859375, 0.5791015625, 0.46630859375, 0.322998046875, 0.64306640625, 0.35302734375]","[[1153.7752685546875, 1002.7584838867188], [509.19273376464844, 557.6329956054688], [951.8615112304688, 953.4849853515625], [704.5268249511719, 601.7755737304688], [402.2400817871094, 575.8961181640625], [305.0523452758789, 821.620849609375], [759.3473815917969, 598.48779296875], [1851.6407470703125, 852.9468994140625], [1494.756103515625, 546.7360229492188], [71.26467752456665, 777.7652587890625], [899.3999938964844, 568.2000122070312]]",425394176,410943488,425394176,640,yolo26s_int8_640_ncnn_model,MOT17-02
336,163.16800100003093,0.0,9,"[2, 184, 238, 289, 188, 313, 316, 283, 346]","[[1050.900390625, 394.4864807128906, 1255.0184326171875, 1004.0234375], [488.6372985839844, 457.3919372558594, 527.7208862304688, 557.389404296875], [872.3788452148438, 421.2769470214844, 1034.303466796875, 950.4852905273438], [678.3327026367188, 483.51556396484375, 731.3461303710938, 602.2583618164062], [381.38922119140625, 477.1918029785156, 422.30633544921875, 575.238525390625], [225.28590393066406, 406.7441101074219, 408.980712890625, 827.1005859375], [736.12109375, 479.9126281738281, 783.158203125, 599.2750854492188], [1474.6192626953125, 442.2687683105469, 1516.6822509765625, 546.2750854492188], [9.739219665527344, 450.8111572265625, 138.0132293701172, 777.533935546875]]","[0.8447265625, 0.418701171875, 0.77978515625, 0.583984375, 0.260498046875, 0.79638671875, 0.5986328125, 0.27490234375, 0.6748046875]","[[1152.9594116210938, 1004.0234375], [508.17909240722656, 557.389404296875], [953.3411560058594, 950.4852905273438], [704.8394165039062, 602.2583618164062], [401.8477783203125, 575.238525390625], [317.13330841064453, 827.1005859375], [759.6396484375, 599.2750854492188], [1495.6507568359375, 546.2750854492188], [73.87622451782227, 777.533935546875]]",425394176,410943488,425394176,640,yolo26s_int8_640_ncnn_model,MOT17-02
337,163.8695199999347,0.0,9,"[2, 184, 238, 289, 313, 316, 283, 346, 331]","[[1050.2276611328125, 397.2951965332031, 1253.02294921875, 1004.5206909179688], [488.1896667480469, 455.47705078125, 527.4155883789062, 555.8145751953125], [876.0062866210938, 424.3411560058594, 1037.729248046875, 950.82470703125], [679.0282592773438, 481.39947509765625, 730.8886108398438, 596.81298828125], [235.46510314941406, 407.81884765625, 419.2372131347656, 828.97900390625], [735.6793212890625, 479.8873291015625, 782.8298950195312, 599.8178100585938], [1477.4705810546875, 441.66949462890625, 1520.2724609375, 547.8400268554688], [8.513803482055664, 448.60302734375, 140.0157012939453, 782.1849975585938], [1799.2904052734375, 424.3957214355469, 1920.0, 852.05322265625]]","[0.8330078125, 0.32080078125, 0.7607421875, 0.48291015625, 0.8310546875, 0.52685546875, 0.44287109375, 0.68017578125, 0.41552734375]","[[1151.6253051757812, 1004.5206909179688], [507.80262756347656, 555.8145751953125], [956.8677673339844, 950.82470703125], [704.9584350585938, 596.81298828125], [327.35115814208984, 828.97900390625], [759.2546081542969, 599.8178100585938], [1498.8715209960938, 547.8400268554688], [74.26475238800049, 782.1849975585938], [1859.6452026367188, 852.05322265625]]",425394176,410943488,425394176,640,yolo26s_int8_640_ncnn_model,MOT17-02
338,163.60259399993993,0.0,8,"[2, 184, 238, 289, 313, 316, 283, 346]","[[1052.6358642578125, 395.3980407714844, 1255.4954833984375, 1004.7256469726562], [488.03924560546875, 456.48272705078125, 527.3016357421875, 556.4537963867188], [878.42236328125, 426.2459716796875, 1038.934814453125, 950.207763671875], [678.5296020507812, 481.33074951171875, 730.4812622070312, 596.8997192382812], [247.1787109375, 400.81243896484375, 432.99249267578125, 825.24365234375], [735.0231323242188, 480.13311767578125, 782.200439453125, 599.769775390625], [1480.3575439453125, 442.67681884765625, 1522.5948486328125, 547.1915893554688], [9.752985954284668, 447.9928283691406, 141.14999389648438, 779.5534057617188]]","[0.80810546875, 0.29736328125, 0.7421875, 0.51904296875, 0.822265625, 0.5390625, 0.40185546875, 0.67529296875]","[[1154.065673828125, 1004.7256469726562], [507.6704406738281, 556.4537963867188], [958.6785888671875, 950.207763671875], [704.5054321289062, 596.8997192382812], [340.0856018066406, 825.24365234375], [758.6117858886719, 599.769775390625], [1501.4761962890625, 547.1915893554688], [75.45148992538452, 779.5534057617188]]",425394176,410943488,425394176,640,yolo26s_int8_640_ncnn_model,MOT17-02
339,163.129852000111,0.0,7,"[2, 238, 289, 313, 316, 283, 346]","[[1050.8563232421875, 394.6914367675781, 1253.1202392578125, 1003.8238525390625], [877.8875732421875, 419.9977111816406, 1039.782958984375, 948.9810180664062], [678.322265625, 483.5419006347656, 731.3380737304688, 601.631591796875], [254.7306671142578, 403.14013671875, 439.94183349609375, 822.8623046875], [734.9286499023438, 480.4823303222656, 781.8024291992188, 599.4952392578125], [1483.634521484375, 443.3171081542969, 1526.050537109375, 546.6842041015625], [8.552876472473145, 448.7127380371094, 140.9774932861328, 780.9264526367188]]","[0.818359375, 0.75634765625, 0.5458984375, 0.83251953125, 0.5810546875, 0.422119140625, 0.71923828125]","[[1151.98828125, 1003.8238525390625], [958.8352661132812, 948.9810180664062], [704.8301696777344, 601.631591796875], [347.3362503051758, 822.8623046875], [758.3655395507812, 599.4952392578125], [1504.842529296875, 546.6842041015625], [74.76518487930298, 780.9264526367188]]",425394176,410943488,425394176,640,yolo26s_int8_640_ncnn_model,MOT17-02
340,164.61100199990142,0.0,7,"[2, 238, 289, 313, 316, 283, 346]","[[1051.4246826171875, 394.18975830078125, 1252.9036865234375, 1001.75927734375], [878.546875, 417.65081787109375, 1041.1646728515625, 948.5238037109375], [678.320068359375, 485.6074523925781, 731.093994140625, 603.1641235351562], [255.13365173339844, 407.81121826171875, 443.8435363769531, 828.205810546875], [734.3447265625, 480.620849609375, 781.2108764648438, 599.3837280273438], [1486.28857421875, 445.5476379394531, 1528.7081298828125, 546.4904174804688], [7.929188251495361, 450.87054443359375, 140.200439453125, 780.6417846679688]]","[0.81396484375, 0.70947265625, 0.529296875, 0.82568359375, 0.5986328125, 0.396240234375, 0.73486328125]","[[1152.1641845703125, 1001.75927734375], [959.8557739257812, 948.5238037109375], [704.70703125, 603.1641235351562], [349.4885940551758, 828.205810546875], [757.7778015136719, 599.3837280273438], [1507.4983520507812, 546.4904174804688], [74.06481385231018, 780.6417846679688]]",425394176,410943488,425394176,640,yolo26s_int8_640_ncnn_model,MOT17-02
341,163.46829799999796,0.0,6,"[2, 238, 289, 313, 316, 346]","[[1055.169677734375, 401.456787109375, 1255.2066650390625, 1009.4283447265625], [879.116943359375, 423.94781494140625, 1038.34326171875, 948.10986328125], [679.5556640625, 485.17205810546875, 731.2424926757812, 600.0313720703125], [255.74803161621094, 406.85809326171875, 446.8304138183594, 824.03369140625], [734.5039672851562, 480.6771545410156, 781.603759765625, 600.3272094726562], [7.916620254516602, 450.20361328125, 140.2958984375, 777.966064453125]]","[0.79248046875, 0.72216796875, 0.480224609375, 0.8251953125, 0.560546875, 0.732421875]","[[1155.1881713867188, 1009.4283447265625], [958.7301025390625, 948.10986328125], [705.3990783691406, 600.0313720703125], [351.28922271728516, 824.03369140625], [758.0538635253906, 600.3272094726562], [74.1062593460083, 777.966064453125]]",425394176,410943488,425394176,640,yolo26s_int8_640_ncnn_model,MOT17-02
342,194.3965330001447,0.0,6,"[2, 238, 289, 313, 316, 346]","[[1058.52587890625, 396.7659606933594, 1258.0540771484375, 1003.9024047851562], [883.1480102539062, 426.11376953125, 1041.3546142578125, 949.2057495117188], [679.4745483398438, 486.7453918457031, 730.8514404296875, 601.05908203125], [259.5396728515625, 413.96978759765625, 447.8401184082031, 817.990966796875], [734.6205444335938, 480.9480895996094, 781.2080688476562, 599.4431762695312], [10.600528717041016, 451.782958984375, 144.04794311523438, 779.2646484375]]","[0.80078125, 0.7197265625, 0.479736328125, 0.8076171875, 0.54638671875, 0.75244140625]","[[1158.2899780273438, 1003.9024047851562], [962.2513122558594, 949.2057495117188], [705.1629943847656, 601.05908203125], [353.6898956298828, 817.990966796875], [757.914306640625, 599.4431762695312], [77.3242359161377, 779.2646484375]]",425394176,410943488,425394176,640,yolo26s_int8_640_ncnn_model,MOT17-02
343,165.45796600007634,0.0,6,"[2, 238, 289, 313, 316, 346]","[[1060.8946533203125, 402.6690673828125, 1259.94970703125, 1011.9738159179688], [888.6270141601562, 426.9158630371094, 1045.416748046875, 945.649169921875], [681.8837890625, 485.58721923828125, 730.7459106445312, 593.2353515625], [259.5795593261719, 421.19635009765625, 449.269775390625, 822.2797241210938], [735.9921875, 481.3025207519531, 782.218994140625, 598.8494262695312], [7.032135009765625, 446.6003723144531, 144.68988037109375, 783.5369262695312]]","[0.7939453125, 0.7021484375, 0.40380859375, 0.84423828125, 0.53466796875, 0.7158203125]","[[1160.4221801757812, 1011.9738159179688], [967.0218811035156, 945.649169921875], [706.3148498535156, 593.2353515625], [354.42466735839844, 822.2797241210938], [759.1055908203125, 598.8494262695312], [75.86100769042969, 783.5369262695312]]",425394176,410943488,425394176,640,yolo26s_int8_640_ncnn_model,MOT17-02
344,165.30729900000551,0.0,6,"[2, 238, 289, 313, 316, 346]","[[1062.871337890625, 404.8906555175781, 1260.4932861328125, 1013.0355834960938], [888.3642578125, 427.4507751464844, 1045.212890625, 950.0407104492188], [683.3656616210938, 485.3859558105469, 731.6611328125, 591.0023193359375], [260.05364990234375, 417.82220458984375, 452.0491638183594, 818.8886108398438], [736.3605346679688, 481.6854553222656, 782.253173828125, 598.3743896484375], [5.9930009841918945, 443.71783447265625, 146.07594299316406, 786.1030883789062]]","[0.80615234375, 0.689453125, 0.36181640625, 0.85205078125, 0.5517578125, 0.74072265625]","[[1161.6823120117188, 1013.0355834960938], [966.78857421875, 950.0407104492188], [707.5133972167969, 591.0023193359375], [356.05140686035156, 818.8886108398438], [759.3068542480469, 598.3743896484375], [76.03447198867798, 786.1030883789062]]",425394176,410943488,425394176,640,yolo26s_int8_640_ncnn_model,MOT17-02
345,166.24883700001192,0.0,6,"[2, 238, 289, 313, 316, 346]","[[1061.7611083984375, 398.2705383300781, 1259.49267578125, 1006.9654541015625], [887.8855590820312, 427.38800048828125, 1044.4403076171875, 951.9395751953125], [684.1616821289062, 484.553955078125, 732.7229614257812, 589.9699096679688], [261.7678527832031, 414.031494140625, 455.7600402832031, 816.1564331054688], [736.121337890625, 480.8331604003906, 782.1403198242188, 597.200439453125], [13.009560585021973, 442.17572021484375, 153.23741149902344, 785.5721435546875]]","[0.8056640625, 0.7158203125, 0.42236328125, 0.86865234375, 0.53466796875, 0.72705078125]","[[1160.6268920898438, 1006.9654541015625], [966.1629333496094, 951.9395751953125], [708.4423217773438, 589.9699096679688], [358.7639465332031, 816.1564331054688], [759.1308288574219, 597.200439453125], [83.1234860420227, 785.5721435546875]]",425394176,410943488,425394176,640,yolo26s_int8_640_ncnn_model,MOT17-02
346,165.51070699983939,0.0,6,"[2, 238, 289, 313, 316, 346]","[[1066.3106689453125, 403.1866760253906, 1262.984375, 1011.0990600585938], [888.8228149414062, 422.643310546875, 1047.895751953125, 951.4153442382812], [684.3218383789062, 485.2513122558594, 732.2184448242188, 588.6182250976562], [266.8400573730469, 415.0755920410156, 459.44195556640625, 813.6776123046875], [735.8951416015625, 480.2639465332031, 782.2288208007812, 597.0114135742188], [27.728919982910156, 436.9392395019531, 168.77975463867188, 788.0614013671875]]","[0.79541015625, 0.75244140625, 0.378173828125, 0.87744140625, 0.5595703125, 0.67724609375]","[[1164.6475219726562, 1011.0990600585938], [968.3592834472656, 951.4153442382812], [708.2701416015625, 588.6182250976562], [363.14100646972656, 813.6776123046875], [759.0619812011719, 597.0114135742188], [98.25433731079102, 788.0614013671875]]",425394176,410943488,425394176,640,yolo26s_int8_640_ncnn_model,MOT17-02
347,164.04094600011376,0.0,6,"[2, 238, 289, 313, 316, 346]","[[1065.86767578125, 397.6048889160156, 1262.4229736328125, 1006.2132568359375], [890.1146240234375, 420.8419189453125, 1050.16748046875, 951.2078247070312], [680.472900390625, 489.54840087890625, 729.8533935546875, 596.2218017578125], [271.15863037109375, 414.4613037109375, 462.895751953125, 812.7928466796875], [736.481689453125, 481.0444641113281, 782.578857421875, 596.9465942382812], [39.120994567871094, 437.71783447265625, 175.68136596679688, 784.30908203125]]","[0.798828125, 0.75390625, 0.365234375, 0.86181640625, 0.4990234375, 0.67041015625]","[[1164.1453247070312, 1006.2132568359375], [970.1410522460938, 951.2078247070312], [705.1631469726562, 596.2218017578125], [367.0271911621094, 812.7928466796875], [759.5302734375, 596.9465942382812], [107.40118026733398, 784.30908203125]]",425394176,410943488,425394176,640,yolo26s_int8_640_ncnn_model,MOT17-02
348,163.88031700012107,0.0,8,"[2, 238, 289, 313, 316, 346, 184, 283]","[[1064.54052734375, 396.9748229980469, 1261.2994384765625, 1005.847412109375], [890.050048828125, 420.16619873046875, 1051.4991455078125, 954.08837890625], [678.4093627929688, 490.6126403808594, 727.669921875, 597.5182495117188], [282.4320983886719, 414.470703125, 471.7640686035156, 812.2614135742188], [735.914794921875, 480.5972595214844, 782.5009155273438, 596.6802368164062], [54.357421875, 438.35791015625, 189.55947875976562, 785.548583984375], [486.5350646972656, 455.9851989746094, 527.3369140625, 556.4689331054688], [1500.1317138671875, 437.3204345703125, 1545.41015625, 544.2813720703125]]","[0.8056640625, 0.74267578125, 0.391357421875, 0.84814453125, 0.5732421875, 0.64404296875, 0.25927734375, 0.381591796875]","[[1162.9199829101562, 1005.847412109375], [970.7745971679688, 954.08837890625], [703.0396423339844, 597.5182495117188], [377.09808349609375, 812.2614135742188], [759.2078552246094, 596.6802368164062], [121.95845031738281, 785.548583984375], [506.9359893798828, 556.4689331054688], [1522.7709350585938, 544.2813720703125]]",425394176,410943488,425394176,640,yolo26s_int8_640_ncnn_model,MOT17-02
349,164.53991000003043,0.0,6,"[2, 238, 289, 313, 316, 346]","[[1065.848876953125, 395.5058898925781, 1263.9437255859375, 1005.9638671875], [892.59521484375, 423.3790283203125, 1053.2982177734375, 956.6509399414062], [678.5687866210938, 490.9942626953125, 727.88671875, 598.0077514648438], [293.89654541015625, 413.2224426269531, 478.1078186035156, 807.3817749023438], [735.896728515625, 479.9341125488281, 782.7681274414062, 597.0826416015625], [65.13833618164062, 437.6636047363281, 201.8076934814453, 792.9287109375]]","[0.80615234375, 0.7734375, 0.352294921875, 0.75537109375, 0.487548828125, 0.59033203125]","[[1164.8963012695312, 1005.9638671875], [972.9467163085938, 956.6509399414062], [703.2277526855469, 598.0077514648438], [386.00218200683594, 807.3817749023438], [759.3324279785156, 597.0826416015625], [133.47301483154297, 792.9287109375]]",425394176,410943488,425394176,640,yolo26s_int8_640_ncnn_model,MOT17-02
350,163.94650100005492,0.0,7,"[2, 238, 289, 313, 316, 346, 184]","[[1067.719482421875, 399.6645202636719, 1265.48291015625, 1009.232666015625], [894.5818481445312, 421.3971862792969, 1055.842041015625, 956.8636474609375], [677.8434448242188, 487.884521484375, 728.7802124023438, 598.4302368164062], [306.6541748046875, 403.7633056640625, 487.0006103515625, 800.60693359375], [734.8145141601562, 483.6429443359375, 781.46875, 601.1950073242188], [78.26570892333984, 439.89410400390625, 211.62901306152344, 784.4097290039062], [482.8907775878906, 456.5694580078125, 525.0294189453125, 558.2625732421875]]","[0.81591796875, 0.7607421875, 0.413330078125, 0.75341796875, 0.50048828125, 0.7783203125, 0.266845703125]","[[1166.6011962890625, 1009.232666015625], [975.2119445800781, 956.8636474609375], [703.3118286132812, 598.4302368164062], [396.827392578125, 800.60693359375], [758.1416320800781, 601.1950073242188], [144.94736099243164, 784.4097290039062], [503.96009826660156, 558.2625732421875]]",425394176,410943488,425394176,640,yolo26s_int8_640_ncnn_model,MOT17-02
351,165.58091100000638,0.0,8,"[2, 238, 289, 313, 316, 346, 358, 184]","[[1066.5126953125, 398.523193359375, 1263.9403076171875, 1005.268798828125], [896.7518920898438, 416.9452209472656, 1058.25634765625, 954.6965942382812], [677.6333618164062, 486.2221984863281, 729.5576782226562, 599.0703125], [318.7152099609375, 400.4988098144531, 492.97088623046875, 797.8958129882812], [735.0336303710938, 485.052001953125, 780.8388061523438, 600.7770385742188], [92.5853271484375, 442.3287353515625, 226.96096801757812, 782.5289306640625], [0.0, 526.7999877929688, 52.31478500366211, 855.9000244140625], [482.78033447265625, 458.71978759765625, 524.4305419921875, 558.6358642578125]]","[0.81201171875, 0.7568359375, 0.471435546875, 0.74658203125, 0.40966796875, 0.7578125, 0.4169921875, 0.325439453125]","[[1165.2265014648438, 1005.268798828125], [977.5041198730469, 954.6965942382812], [703.5955200195312, 599.0703125], [405.8430480957031, 797.8958129882812], [757.9362182617188, 600.7770385742188], [159.7731475830078, 782.5289306640625], [26.157392501831055, 855.9000244140625], [503.6054382324219, 558.6358642578125]]",425394176,410943488,425394176,640,yolo26s_int8_640_ncnn_model,MOT17-02
352,165.10555799982285,0.0,8,"[2, 238, 289, 313, 316, 346, 358, 184]","[[1062.64013671875, 397.84014892578125, 1260.740234375, 1004.0150756835938], [897.4447021484375, 418.23297119140625, 1058.2115478515625, 952.866943359375], [677.457275390625, 485.578125, 730.4592895507812, 600.2845458984375], [334.4146423339844, 400.7997741699219, 499.4085693359375, 791.4981689453125], [735.1841430664062, 484.8261413574219, 781.5368041992188, 601.3499755859375], [102.82026672363281, 444.5105895996094, 239.74240112304688, 781.5757446289062], [0.14089207351207733, 525.1550903320312, 54.041751861572266, 853.234130859375], [482.6753845214844, 459.4894714355469, 524.8010864257812, 558.7661743164062]]","[0.80615234375, 0.7734375, 0.5546875, 0.6552734375, 0.61669921875, 0.78515625, 0.5478515625, 0.31884765625]","[[1161.690185546875, 1004.0150756835938], [977.828125, 952.866943359375], [703.9582824707031, 600.2845458984375], [416.91160583496094, 791.4981689453125], [758.3604736328125, 601.3499755859375], [171.28133392333984, 781.5757446289062], [27.09132196754217, 853.234130859375], [503.7382354736328, 558.7661743164062]]",425394176,410943488,425394176,640,yolo26s_int8_640_ncnn_model,MOT17-02
353,164.31889099999353,0.0,8,"[2, 238, 289, 313, 316, 346, 358, 184]","[[1061.8529052734375, 388.9028625488281, 1263.77978515625, 1006.2821655273438], [900.0671997070312, 421.2272033691406, 1058.6929931640625, 950.6725463867188], [675.837890625, 486.8013610839844, 729.4319458007812, 603.1859130859375], [345.01287841796875, 402.2215881347656, 504.0318603515625, 792.9296875], [735.3612060546875, 484.4815673828125, 782.1760864257812, 601.8015747070312], [110.92268371582031, 445.0954284667969, 252.51870727539062, 780.4744262695312], [2.261636972427368, 479.10333251953125, 63.44866943359375, 851.4296264648438], [480.5160827636719, 459.0179748535156, 524.0951538085938, 560.5530395507812]]","[0.7890625, 0.73779296875, 0.5517578125, 0.611328125, 0.58251953125, 0.8203125, 0.564453125, 0.3408203125]","[[1162.8163452148438, 1006.2821655273438], [979.3800964355469, 950.6725463867188], [702.6349182128906, 603.1859130859375], [424.5223693847656, 792.9296875], [758.7686462402344, 601.8015747070312], [181.72069549560547, 780.4744262695312], [32.85515320301056, 851.4296264648438], [502.3056182861328, 560.5530395507812]]",425394176,410943488,425394176,640,yolo26s_int8_640_ncnn_model,MOT17-02
354,163.80403900006968,0.0,8,"[2, 238, 289, 313, 316, 346, 358, 184]","[[1065.488037109375, 393.1929626464844, 1266.876953125, 1007.386962890625], [904.2313842773438, 420.882080078125, 1063.5482177734375, 952.3279418945312], [677.772216796875, 485.31494140625, 731.3881225585938, 601.3445434570312], [355.1983947753906, 404.03021240234375, 509.4155578613281, 795.2926025390625], [734.9445190429688, 485.08062744140625, 781.914794921875, 602.2078247070312], [115.46427154541016, 448.06182861328125, 261.5447692871094, 780.3182373046875], [4.456122398376465, 452.6156005859375, 70.92552185058594, 856.3567504882812], [480.36138916015625, 458.0955810546875, 524.1912231445312, 559.9794921875]]","[0.79541015625, 0.71923828125, 0.5341796875, 0.62646484375, 0.5849609375, 0.81640625, 0.44482421875, 0.3427734375]","[[1166.1824951171875, 1007.386962890625], [983.8898010253906, 952.3279418945312], [704.5801696777344, 601.3445434570312], [432.3069763183594, 795.2926025390625], [758.4296569824219, 602.2078247070312], [188.50452041625977, 780.3182373046875], [37.6908221244812, 856.3567504882812], [502.27630615234375, 559.9794921875]]",425394176,410943488,425394176,640,yolo26s_int8_640_ncnn_model,MOT17-02
355,163.84322399994744,0.0,8,"[2, 238, 289, 313, 316, 346, 358, 184]","[[1065.379150390625, 387.9455261230469, 1268.5396728515625, 1007.8126831054688], [906.0720825195312, 420.0133056640625, 1064.984130859375, 947.7513427734375], [676.9815063476562, 484.0029602050781, 730.7408447265625, 600.3621826171875], [366.99542236328125, 401.75653076171875, 519.2803344726562, 797.2528686523438], [735.7525634765625, 482.3234558105469, 782.8313598632812, 599.37548828125], [115.9823989868164, 446.6837158203125, 268.3349914550781, 780.7695922851562], [17.498104095458984, 448.0520935058594, 86.23946380615234, 853.7687377929688], [479.39520263671875, 457.23944091796875, 523.1951293945312, 559.25146484375]]","[0.7841796875, 0.716796875, 0.464599609375, 0.7138671875, 0.63037109375, 0.78662109375, 0.5810546875, 0.326416015625]","[[1166.9594116210938, 1007.8126831054688], [985.5281066894531, 947.7513427734375], [703.8611755371094, 600.3621826171875], [443.13787841796875, 797.2528686523438], [759.2919616699219, 599.37548828125], [192.15869522094727, 780.7695922851562], [51.868783950805664, 853.7687377929688], [501.295166015625, 559.25146484375]]",425394176,410943488,425394176,640,yolo26s_int8_640_ncnn_model,MOT17-02
356,164.4207610002013,0.0,8,"[2, 238, 289, 313, 316, 346, 358, 184]","[[1060.8182373046875, 389.44598388671875, 1263.771240234375, 1007.4771118164062], [904.707275390625, 424.9075622558594, 1061.486328125, 943.78271484375], [677.38330078125, 483.2640075683594, 730.7810668945312, 598.2525024414062], [376.3648681640625, 404.8810729980469, 524.9201049804688, 796.0661010742188], [735.8688354492188, 480.77825927734375, 783.36669921875, 598.792236328125], [120.91407012939453, 445.9151916503906, 275.88916015625, 777.2225341796875], [34.51389694213867, 440.5653991699219, 108.66357421875, 853.7471923828125], [478.7540283203125, 458.1491394042969, 522.1353149414062, 558.7191772460938]]","[0.7998046875, 0.72021484375, 0.465576171875, 0.74658203125, 0.6025390625, 0.73876953125, 0.66162109375, 0.2841796875]","[[1162.2947387695312, 1007.4771118164062], [983.0968017578125, 943.78271484375], [704.0821838378906, 598.2525024414062], [450.6424865722656, 796.0661010742188], [759.6177673339844, 598.792236328125], [198.40161514282227, 777.2225341796875], [71.58873558044434, 853.7471923828125], [500.4446716308594, 558.7191772460938]]",425394176,410943488,425394176,640,yolo26s_int8_640_ncnn_model,MOT17-02
357,164.7069289999763,0.0,7,"[2, 238, 289, 313, 316, 346, 358]","[[1064.858154296875, 393.5223083496094, 1267.01904296875, 1007.8405151367188], [900.900634765625, 422.5110168457031, 1060.322998046875, 947.5548706054688], [676.6321411132812, 486.21209716796875, 730.7182006835938, 602.1427612304688], [389.4677429199219, 406.1011047363281, 538.2285766601562, 797.6643676757812], [735.4212646484375, 480.9398193359375, 783.0665283203125, 598.8206176757812], [128.46998596191406, 444.37701416015625, 283.6383972167969, 771.1552734375], [46.48441696166992, 436.9677734375, 127.20699310302734, 853.2510375976562]]","[0.80908203125, 0.72705078125, 0.56201171875, 0.78173828125, 0.57861328125, 0.67578125, 0.75146484375]","[[1165.9385986328125, 1007.8405151367188], [980.61181640625, 947.5548706054688], [703.6751708984375, 602.1427612304688], [463.84815979003906, 797.6643676757812], [759.243896484375, 598.8206176757812], [206.05419158935547, 771.1552734375], [86.84570503234863, 853.2510375976562]]",425394176,410943488,425394176,640,yolo26s_int8_640_ncnn_model,MOT17-02
358,164.52954000010322,0.0,7,"[2, 238, 289, 313, 316, 346, 358]","[[1066.131591796875, 394.09686279296875, 1268.4859619140625, 1007.9755859375], [903.2005004882812, 421.36773681640625, 1061.0655517578125, 940.3110961914062], [675.762939453125, 487.81695556640625, 729.80859375, 603.1046142578125], [402.2484436035156, 407.807861328125, 552.613037109375, 797.0635375976562], [734.52978515625, 480.5137023925781, 782.6764526367188, 599.3295288085938], [133.54302978515625, 442.0527038574219, 288.19903564453125, 764.6552734375], [55.814144134521484, 442.2648010253906, 143.1813507080078, 851.0822143554688]]","[0.794921875, 0.7373046875, 0.58642578125, 0.78125, 0.5986328125, 0.7041015625, 0.8173828125]","[[1167.3087768554688, 1007.9755859375], [982.1330261230469, 940.3110961914062], [702.7857666015625, 603.1046142578125], [477.4307403564453, 797.0635375976562], [758.6031188964844, 599.3295288085938], [210.87103271484375, 764.6552734375], [99.49774742126465, 851.0822143554688]]",425394176,410943488,425394176,640,yolo26s_int8_640_ncnn_model,MOT17-02
359,190.985585999897,0.0,7,"[2, 238, 289, 313, 316, 346, 358]","[[1066.3636474609375, 393.328857421875, 1269.245361328125, 1008.0230712890625], [900.1157836914062, 424.4193420410156, 1057.2606201171875, 941.0618896484375], [675.4437255859375, 486.19818115234375, 728.4688720703125, 598.7501220703125], [409.9481506347656, 411.68963623046875, 562.4166259765625, 797.6221313476562], [734.2091674804688, 482.0863952636719, 781.5248413085938, 597.7955932617188], [140.08741760253906, 442.19769287109375, 293.17138671875, 761.2826538085938], [58.93397521972656, 444.7552795410156, 154.85911560058594, 852.5162963867188]]","[0.81201171875, 0.72900390625, 0.60205078125, 0.83447265625, 0.580078125, 0.73974609375, 0.83740234375]","[[1167.8045043945312, 1008.0230712890625], [978.6882019042969, 941.0618896484375], [701.956298828125, 598.7501220703125], [486.18238830566406, 797.6221313476562], [757.8670043945312, 597.7955932617188], [216.62940216064453, 761.2826538085938], [106.89654541015625, 852.5162963867188]]",425394176,410943488,425394176,640,yolo26s_int8_640_ncnn_model,MOT17-02
360,164.93842900013078,0.0,7,"[2, 238, 289, 313, 316, 346, 358]","[[1068.1961669921875, 394.0351257324219, 1271.7039794921875, 1008.03759765625], [902.8687133789062, 421.5780029296875, 1059.8372802734375, 939.3914794921875], [676.70654296875, 485.32470703125, 729.0914916992188, 596.3275146484375], [415.1685791015625, 412.6431884765625, 571.5120849609375, 798.3663330078125], [733.6697998046875, 481.4470520019531, 781.504150390625, 598.458984375], [146.1453857421875, 440.5170593261719, 298.3535461425781, 759.8500366210938], [59.03221893310547, 445.8689270019531, 163.92825317382812, 853.323974609375]]","[0.81005859375, 0.73095703125, 0.39697265625, 0.83935546875, 0.5, 0.748046875, 0.85205078125]","[[1169.9500732421875, 1008.03759765625], [981.3529968261719, 939.3914794921875], [702.8990173339844, 596.3275146484375], [493.34033203125, 798.3663330078125], [757.5869750976562, 598.458984375], [222.2494659423828, 759.8500366210938], [111.4802360534668, 853.323974609375]]",425394176,410943488,425394176,640,yolo26s_int8_640_ncnn_model,MOT17-02
361,164.48018799997044,0.0,7,"[2, 238, 289, 313, 316, 346, 358]","[[1068.568115234375, 395.05255126953125, 1271.9144287109375, 1006.3048706054688], [906.218505859375, 420.5068359375, 1062.4219970703125, 938.7994384765625], [671.6829223632812, 488.24639892578125, 723.8449096679688, 600.174560546875], [416.3039245605469, 411.4889831542969, 576.5557861328125, 798.1734008789062], [734.4427490234375, 481.9537658691406, 782.0149536132812, 597.965576171875], [157.30218505859375, 442.9000549316406, 306.83160400390625, 760.3863525390625], [56.570960998535156, 441.9490051269531, 170.84764099121094, 852.3995971679688]]","[0.79736328125, 0.7080078125, 0.4443359375, 0.85986328125, 0.51025390625, 0.65234375, 0.8525390625]","[[1170.2412719726562, 1006.3048706054688], [984.3202514648438, 938.7994384765625], [697.763916015625, 600.174560546875], [496.4298553466797, 798.1734008789062], [758.2288513183594, 597.965576171875], [232.06689453125, 760.3863525390625], [113.70930099487305, 852.3995971679688]]",425394176,410943488,425394176,640,yolo26s_int8_640_ncnn_model,MOT17-02
362,166.17367100002411,0.0,7,"[2, 238, 289, 313, 316, 346, 358]","[[1066.819580078125, 397.4257507324219, 1269.8514404296875, 1007.6346435546875], [906.8875122070312, 420.1071472167969, 1061.9490966796875, 934.6432495117188], [670.85791015625, 492.0566711425781, 720.8768310546875, 598.880615234375], [415.25653076171875, 413.02252197265625, 579.273193359375, 798.1226196289062], [734.3336791992188, 481.65167236328125, 782.1248779296875, 598.27880859375], [162.2711944580078, 443.315185546875, 310.1734924316406, 761.1637573242188], [52.9415168762207, 439.03411865234375, 176.501953125, 851.8078002929688]]","[0.8017578125, 0.74951171875, 0.437255859375, 0.84423828125, 0.5966796875, 0.6845703125, 0.845703125]","[[1168.3355102539062, 1007.6346435546875], [984.4183044433594, 934.6432495117188], [695.8673706054688, 598.880615234375], [497.2648620605469, 798.1226196289062], [758.2292785644531, 598.27880859375], [236.22234344482422, 761.1637573242188], [114.72173500061035, 851.8078002929688]]",425394176,410943488,425394176,640,yolo26s_int8_640_ncnn_model,MOT17-02
363,165.45053999993797,0.0,7,"[2, 238, 289, 313, 316, 346, 358]","[[1066.5880126953125, 396.5786437988281, 1270.5849609375, 1008.8826293945312], [908.0712890625, 414.986328125, 1064.7470703125, 934.1107177734375], [674.8029174804688, 487.4286193847656, 725.67822265625, 594.3275756835938], [415.25238037109375, 413.3372497558594, 582.2396850585938, 797.3790893554688], [734.0574340820312, 481.0436706542969, 782.4041137695312, 598.895263671875], [169.5072021484375, 442.2323913574219, 315.4765319824219, 761.7614135742188], [50.95951843261719, 447.8432312011719, 180.36216735839844, 849.86376953125]]","[0.77685546875, 0.7783203125, 0.405029296875, 0.857421875, 0.58154296875, 0.69921875, 0.8662109375]","[[1168.5864868164062, 1008.8826293945312], [986.4091796875, 934.1107177734375], [700.2405700683594, 594.3275756835938], [498.74603271484375, 797.3790893554688], [758.2307739257812, 598.895263671875], [242.4918670654297, 761.7614135742188], [115.66084289550781, 849.86376953125]]",425394176,410943488,425394176,640,yolo26s_int8_640_ncnn_model,MOT17-02
364,165.28124399997068,0.0,7,"[2, 238, 289, 313, 316, 346, 358]","[[1067.6490478515625, 397.9840087890625, 1271.6634521484375, 1008.6066284179688], [911.0537719726562, 414.0752868652344, 1069.1343994140625, 938.9046020507812], [679.0029296875, 485.990478515625, 729.6785278320312, 591.4346313476562], [414.60009765625, 414.9286193847656, 583.9435424804688, 797.6162109375], [733.792236328125, 484.76556396484375, 781.6856079101562, 601.1045532226562], [178.41241455078125, 437.3638916015625, 321.9461669921875, 761.5372314453125], [48.050392150878906, 449.3374328613281, 184.7765655517578, 847.38134765625]]","[0.8037109375, 0.79638671875, 0.380859375, 0.86767578125, 0.53125, 0.69873046875, 0.87451171875]","[[1169.65625, 1008.6066284179688], [990.0940856933594, 938.9046020507812], [704.3407287597656, 591.4346313476562], [499.2718200683594, 797.6162109375], [757.7389221191406, 601.1045532226562], [250.17929077148438, 761.5372314453125], [116.41347885131836, 847.38134765625]]",425394176,410943488,425394176,640,yolo26s_int8_640_ncnn_model,MOT17-02
365,164.5652990000599,0.0,7,"[2, 238, 289, 313, 316, 346, 358]","[[1068.9793701171875, 398.7566223144531, 1271.109619140625, 1001.3009643554688], [912.3032836914062, 413.7586975097656, 1070.596435546875, 938.7805786132812], [683.009765625, 485.9527893066406, 731.7659301757812, 586.8635864257812], [413.9375915527344, 418.9893493652344, 583.9908447265625, 797.2274169921875], [734.114013671875, 483.9501953125, 781.9866333007812, 600.2053833007812], [185.7987060546875, 437.768798828125, 324.5688171386719, 761.2440185546875], [46.88563919067383, 447.5904541015625, 191.39077758789062, 844.9788818359375]]","[0.8076171875, 0.78955078125, 0.37109375, 0.87841796875, 0.56787109375, 0.6435546875, 0.845703125]","[[1170.0444946289062, 1001.3009643554688], [991.4498596191406, 938.7805786132812], [707.3878479003906, 586.8635864257812], [498.96421813964844, 797.2274169921875], [758.0503234863281, 600.2053833007812], [255.1837615966797, 761.2440185546875], [119.13820838928223, 844.9788818359375]]",425394176,410943488,425394176,640,yolo26s_int8_640_ncnn_model,MOT17-02
366,164.35731699993994,0.0,8,"[2, 238, 289, 313, 316, 346, 358, 373]","[[1071.2041015625, 398.2877502441406, 1275.12060546875, 1002.2794799804688], [913.4794921875, 412.1847839355469, 1072.329833984375, 938.2603149414062], [680.2028198242188, 486.45428466796875, 729.6996459960938, 586.7224731445312], [414.14276123046875, 417.24530029296875, 585.5558471679688, 792.357177734375], [734.0318603515625, 486.6126403808594, 781.3143310546875, 600.8538818359375], [192.2361602783203, 436.4669494628906, 327.3233642578125, 762.6629638671875], [47.867427825927734, 445.60455322265625, 198.36573791503906, 843.6085205078125], [665.0869750976562, 491.54998779296875, 719.8629760742188, 601.0499877929688]]","[0.7783203125, 0.7880859375, 0.340087890625, 0.88330078125, 0.48388671875, 0.607421875, 0.84765625, 0.427978515625]","[[1173.162353515625, 1002.2794799804688], [992.9046630859375, 938.2603149414062], [704.9512329101562, 586.7224731445312], [499.84930419921875, 792.357177734375], [757.673095703125, 600.8538818359375], [259.7797622680664, 762.6629638671875], [123.1165828704834, 843.6085205078125], [692.4749755859375, 601.0499877929688]]",425394176,410943488,425394176,640,yolo26s_int8_640_ncnn_model,MOT17-02
367,164.74200299990116,0.0,8,"[2, 238, 289, 313, 316, 346, 358, 373]","[[1070.6688232421875, 396.6126403808594, 1275.9571533203125, 1002.1702880859375], [920.56396484375, 412.11285400390625, 1078.123046875, 935.6088256835938], [686.5173950195312, 485.6307373046875, 735.1962280273438, 585.702880859375], [413.5508728027344, 417.5568542480469, 585.9041748046875, 787.5646362304688], [733.3731689453125, 483.8627624511719, 781.6915893554688, 600.8438110351562], [206.08457946777344, 435.0119323730469, 339.6970520019531, 764.2155151367188], [52.905216217041016, 438.56060791015625, 206.58485412597656, 835.6876831054688], [664.7775268554688, 496.8105163574219, 716.357177734375, 599.95166015625]]","[0.7724609375, 0.7783203125, 0.3525390625, 0.8857421875, 0.62890625, 0.66259765625, 0.82861328125, 0.3095703125]","[[1173.31298828125, 1002.1702880859375], [999.343505859375, 935.6088256835938], [710.8568115234375, 585.702880859375], [499.72752380371094, 787.5646362304688], [757.5323791503906, 600.8438110351562], [272.8908157348633, 764.2155151367188], [129.7450351715088, 835.6876831054688], [690.5673522949219, 599.95166015625]]",425394176,410943488,425394176,640,yolo26s_int8_640_ncnn_model,MOT17-02
368,183.67880000005243,0.0,8,"[2, 238, 289, 313, 316, 346, 358, 373]","[[1071.704345703125, 397.9569091796875, 1276.9617919921875, 1002.1480712890625], [924.0277099609375, 412.1181335449219, 1081.410400390625, 936.6103515625], [687.6371459960938, 484.8275146484375, 735.8965454101562, 584.8672485351562], [415.2491455078125, 417.6457214355469, 588.7285766601562, 785.8133544921875], [732.4342651367188, 483.5779724121094, 780.5603637695312, 600.0968627929688], [222.43746948242188, 438.6795959472656, 353.51593017578125, 762.607177734375], [65.01475524902344, 437.7832946777344, 217.19264221191406, 826.030029296875], [663.163330078125, 496.74444580078125, 714.3040771484375, 598.987060546875]]","[0.78515625, 0.779296875, 0.37255859375, 0.8828125, 0.5693359375, 0.69775390625, 0.77294921875, 0.310791015625]","[[1174.3330688476562, 1002.1480712890625], [1002.7190551757812, 936.6103515625], [711.766845703125, 584.8672485351562], [501.9888610839844, 785.8133544921875], [756.497314453125, 600.0968627929688], [287.97669982910156, 762.607177734375], [141.10369873046875, 826.030029296875], [688.7337036132812, 598.987060546875]]",425394176,410943488,425394176,640,yolo26s_int8_640_ncnn_model,MOT17-02
369,166.04505999998764,0.0,8,"[2, 238, 289, 313, 316, 346, 358, 373]","[[1071.7498779296875, 403.9236145019531, 1275.645263671875, 1000.6683349609375], [927.7666625976562, 412.1463317871094, 1084.03466796875, 935.0315551757812], [686.7113037109375, 483.033447265625, 735.4227905273438, 584.0989990234375], [419.23333740234375, 416.15716552734375, 593.1032104492188, 782.7172241210938], [732.5929565429688, 483.46435546875, 780.6079711914062, 599.803955078125], [232.97897338867188, 438.87127685546875, 364.29876708984375, 763.257568359375], [85.92021179199219, 433.1772766113281, 235.9382781982422, 818.9454345703125], [659.685546875, 493.4703063964844, 711.1073608398438, 596.1654052734375]]","[0.7734375, 0.77587890625, 0.370361328125, 0.873046875, 0.55419921875, 0.70849609375, 0.79248046875, 0.2783203125]","[[1173.6975708007812, 1000.6683349609375], [1005.9006652832031, 935.0315551757812], [711.0670471191406, 584.0989990234375], [506.16827392578125, 782.7172241210938], [756.6004638671875, 599.803955078125], [298.6388702392578, 763.257568359375], [160.9292449951172, 818.9454345703125], [685.3964538574219, 596.1654052734375]]",425394176,410943488,425394176,640,yolo26s_int8_640_ncnn_model,MOT17-02
370,164.09157699990828,0.0,8,"[2, 238, 289, 313, 316, 346, 358, 373]","[[1069.081787109375, 400.1800842285156, 1275.7789306640625, 1004.1174926757812], [929.8024291992188, 412.1825256347656, 1084.2442626953125, 934.456787109375], [688.6403198242188, 482.62445068359375, 736.3931274414062, 582.6068725585938], [422.35186767578125, 415.331298828125, 596.7859497070312, 781.8673706054688], [732.6337280273438, 483.4193115234375, 780.658935546875, 599.6915893554688], [248.10888671875, 439.44854736328125, 380.8670654296875, 763.022705078125], [105.45970916748047, 433.8484191894531, 251.2418212890625, 815.1681518554688], [658.778076171875, 494.2908630371094, 711.1203002929688, 598.8643188476562]]","[0.7783203125, 0.79443359375, 0.38623046875, 0.86474609375, 0.52685546875, 0.73046875, 0.798828125, 0.336181640625]","[[1172.4303588867188, 1004.1174926757812], [1007.0233459472656, 934.456787109375], [712.5167236328125, 582.6068725585938], [509.56890869140625, 781.8673706054688], [756.6463317871094, 599.6915893554688], [314.48797607421875, 763.022705078125], [178.35076522827148, 815.1681518554688], [684.9491882324219, 598.8643188476562]]",425394176,410943488,425394176,640,yolo26s_int8_640_ncnn_model,MOT17-02
371,164.83461400002852,0.0,8,"[2, 238, 289, 313, 316, 346, 358, 373]","[[1070.0347900390625, 401.48760986328125, 1276.8189697265625, 1005.6596069335938], [932.3018798828125, 416.43310546875, 1084.413330078125, 934.0172729492188], [690.3075561523438, 482.9886474609375, 737.7550659179688, 583.5908203125], [429.1913757324219, 413.51690673828125, 602.1468505859375, 780.1155395507812], [732.2036743164062, 482.6571044921875, 780.1434936523438, 599.4008178710938], [257.82257080078125, 440.66815185546875, 391.39068603515625, 759.9735107421875], [117.44114685058594, 433.2583923339844, 260.3100891113281, 814.8836059570312], [656.8677368164062, 494.8345642089844, 710.7752075195312, 602.7339477539062]]","[0.78564453125, 0.7841796875, 0.318115234375, 0.86279296875, 0.58935546875, 0.73095703125, 0.69921875, 0.272705078125]","[[1173.4268798828125, 1005.6596069335938], [1008.3576049804688, 934.0172729492188], [714.0313110351562, 583.5908203125], [515.6691131591797, 780.1155395507812], [756.173583984375, 599.4008178710938], [324.60662841796875, 759.9735107421875], [188.87561798095703, 814.8836059570312], [683.8214721679688, 602.7339477539062]]",425394176,410943488,425394176,640,yolo26s_int8_640_ncnn_model,MOT17-02
372,164.7833179999907,0.0,7,"[2, 238, 313, 316, 346, 358, 373]","[[1071.2471923828125, 398.0052185058594, 1279.306396484375, 1006.2474365234375], [934.2958374023438, 413.8272705078125, 1087.2415771484375, 936.1168212890625], [435.5487060546875, 404.8681335449219, 608.5154418945312, 775.5361938476562], [731.746826171875, 482.3695373535156, 779.2647094726562, 598.3015747070312], [263.576904296875, 443.1291809082031, 398.4878234863281, 758.8411254882812], [128.90707397460938, 437.3875732421875, 268.2427062988281, 816.6356811523438], [656.1104736328125, 495.7907409667969, 711.36474609375, 606.4243774414062]]","[0.8076171875, 0.80517578125, 0.82373046875, 0.54345703125, 0.7763671875, 0.732421875, 0.300537109375]","[[1175.2767944335938, 1006.2474365234375], [1010.7687072753906, 936.1168212890625], [522.0320739746094, 775.5361938476562], [755.5057678222656, 598.3015747070312], [331.03236389160156, 758.8411254882812], [198.57489013671875, 816.6356811523438], [683.7376098632812, 606.4243774414062]]",425394176,410943488,425394176,640,yolo26s_int8_640_ncnn_model,MOT17-02
373,165.34989299998415,0.0,9,"[2, 238, 313, 316, 346, 358, 373, 381, 289]","[[1071.23486328125, 400.6364440917969, 1278.700927734375, 1006.465087890625], [938.3145141601562, 414.58734130859375, 1089.8402099609375, 935.1879272460938], [447.17529296875, 404.36279296875, 614.726318359375, 770.1649169921875], [732.5978393554688, 481.7662048339844, 779.9093627929688, 597.3899536132812], [268.327392578125, 443.54852294921875, 404.0587463378906, 756.9482421875], [145.7908935546875, 441.30596923828125, 284.0952453613281, 817.1639404296875], [654.7667846679688, 494.8708190917969, 711.2549438476562, 608.0145874023438], [0.13007858395576477, 506.92498779296875, 48.638671875, 808.875], [690.4518432617188, 482.5070495605469, 736.59326171875, 579.9823608398438]]","[0.79638671875, 0.8037109375, 0.79736328125, 0.513671875, 0.79150390625, 0.7607421875, 0.34912109375, 0.42626953125, 0.295654296875]","[[1174.9678955078125, 1006.465087890625], [1014.0773620605469, 935.1879272460938], [530.9508056640625, 770.1649169921875], [756.2536010742188, 597.3899536132812], [336.1930694580078, 756.9482421875], [214.9430694580078, 817.1639404296875], [683.0108642578125, 608.0145874023438], [24.384375229477882, 808.875], [713.5225524902344, 579.9823608398438]]",425394176,410943488,425394176,640,yolo26s_int8_640_ncnn_model,MOT17-02
374,165.68572699998185,0.0,9,"[2, 238, 313, 316, 346, 358, 373, 381, 289]","[[1071.384033203125, 401.3858642578125, 1280.2535400390625, 1007.7815551757812], [941.1485595703125, 418.3599548339844, 1092.3284912109375, 939.3143920898438], [459.8402099609375, 403.4682312011719, 624.3994750976562, 769.9557495117188], [733.1376953125, 484.522216796875, 779.94677734375, 599.039794921875], [274.5689392089844, 445.44110107421875, 409.22332763671875, 753.52734375], [160.19114685058594, 439.1162414550781, 300.9480285644531, 818.2061157226562], [653.8407592773438, 494.0123596191406, 711.2360229492188, 609.0646362304688], [1.4429492950439453, 500.14520263671875, 51.01481246948242, 808.5901489257812], [691.9559326171875, 482.6748046875, 738.2089233398438, 581.1048583984375]]","[0.7666015625, 0.7802734375, 0.79248046875, 0.5166015625, 0.71484375, 0.77734375, 0.406982421875, 0.51416015625, 0.352294921875]","[[1175.8187866210938, 1007.7815551757812], [1016.738525390625, 939.3143920898438], [542.1198425292969, 769.9557495117188], [756.542236328125, 599.039794921875], [341.89613342285156, 753.52734375], [230.56958770751953, 818.2061157226562], [682.5383911132812, 609.0646362304688], [26.228880882263184, 808.5901489257812], [715.0824279785156, 581.1048583984375]]",425394176,410943488,425394176,640,yolo26s_int8_640_ncnn_model,MOT17-02
375,166.05983800013746,0.0,9,"[2, 238, 313, 316, 346, 358, 373, 381, 289]","[[1073.4443359375, 401.90484619140625, 1282.76025390625, 1007.0316162109375], [939.8486938476562, 415.8174133300781, 1093.4873046875, 946.827392578125], [470.3481140136719, 408.38507080078125, 629.80322265625, 767.7197265625], [733.5772705078125, 482.57666015625, 780.72998046875, 598.673828125], [284.7741394042969, 448.39251708984375, 417.35205078125, 751.0318603515625], [175.641357421875, 440.830810546875, 319.7689514160156, 818.1638793945312], [649.5006103515625, 488.9623107910156, 708.8543090820312, 609.1657104492188], [0.8867762684822083, 456.5238342285156, 58.12117004394531, 813.0751953125], [692.9090576171875, 481.9898986816406, 739.314208984375, 582.24365234375]]","[0.71044921875, 0.8115234375, 0.625, 0.446044921875, 0.68701171875, 0.81005859375, 0.451416015625, 0.382080078125, 0.35498046875]","[[1178.102294921875, 1007.0316162109375], [1016.6679992675781, 946.827392578125], [550.0756683349609, 767.7197265625], [757.1536254882812, 598.673828125], [351.06309509277344, 751.0318603515625], [247.7051544189453, 818.1638793945312], [679.1774597167969, 609.1657104492188], [29.50397315621376, 813.0751953125], [716.1116333007812, 582.24365234375]]",425394176,410943488,425394176,640,yolo26s_int8_640_ncnn_model,MOT17-02
376,179.2490180000641,0.0,9,"[2, 238, 313, 316, 346, 358, 381, 289, 389]","[[1073.528076171875, 399.1119384765625, 1284.35693359375, 1006.738037109375], [944.88134765625, 419.2844543457031, 1096.138671875, 945.2100219726562], [479.3219299316406, 410.7846374511719, 635.3388061523438, 766.4674072265625], [733.7373046875, 481.6013488769531, 781.0286254882812, 598.7855224609375], [289.3571472167969, 448.7144470214844, 419.90924072265625, 746.8887939453125], [182.06051635742188, 447.0162048339844, 327.91937255859375, 816.7249755859375], [6.579161167144775, 466.91937255859375, 62.32505798339844, 810.4344482421875], [692.6690673828125, 481.50201416015625, 739.288330078125, 582.9324951171875], [376.7588195800781, 458.92498779296875, 426.6412048339844, 575.4749755859375]]","[0.72412109375, 0.78564453125, 0.62548828125, 0.50537109375, 0.6767578125, 0.8310546875, 0.533203125, 0.441650390625, 0.345947265625]","[[1178.9425048828125, 1006.738037109375], [1020.510009765625, 945.2100219726562], [557.3303680419922, 766.4674072265625], [757.3829650878906, 598.7855224609375], [354.63319396972656, 746.8887939453125], [254.9899444580078, 816.7249755859375], [34.452109575271606, 810.4344482421875], [715.9786987304688, 582.9324951171875], [401.70001220703125, 575.4749755859375]]",425394176,410943488,425394176,640,yolo26s_int8_640_ncnn_model,MOT17-02
377,165.02461400000357,0.0,8,"[2, 238, 313, 316, 346, 358, 381, 289]","[[1074.0926513671875, 399.04058837890625, 1284.371826171875, 1002.6625366210938], [943.0137939453125, 413.67059326171875, 1096.80859375, 951.4935302734375], [484.6651306152344, 406.6814880371094, 640.9301147460938, 767.0809936523438], [734.0135498046875, 480.7403869628906, 780.9259643554688, 597.3494873046875], [293.5378112792969, 448.80352783203125, 423.4934387207031, 747.42138671875], [186.2227020263672, 447.6456298828125, 338.0020751953125, 817.0008544921875], [18.296194076538086, 456.3163757324219, 77.34838104248047, 807.8699340820312], [693.8593139648438, 485.03216552734375, 738.9240112304688, 583.4559936523438]]","[0.76708984375, 0.7763671875, 0.68701171875, 0.55029296875, 0.63037109375, 0.79150390625, 0.61279296875, 0.410888671875]","[[1179.2322387695312, 1002.6625366210938], [1019.9111938476562, 951.4935302734375], [562.7976226806641, 767.0809936523438], [757.4697570800781, 597.3494873046875], [358.515625, 747.42138671875], [262.11238861083984, 817.0008544921875], [47.82228755950928, 807.8699340820312], [716.3916625976562, 583.4559936523438]]",425394176,410943488,425394176,640,yolo26s_int8_640_ncnn_model,MOT17-02
378,164.73400299992136,0.0,8,"[2, 238, 313, 316, 346, 358, 381, 289]","[[1074.6866455078125, 398.76495361328125, 1285.9237060546875, 1002.3570556640625], [943.5228881835938, 411.8156433105469, 1097.7000732421875, 952.58935546875], [489.59619140625, 404.91839599609375, 645.6190795898438, 766.6234741210938], [734.2063598632812, 481.6588439941406, 780.7968139648438, 597.5485229492188], [297.51324462890625, 445.8146667480469, 427.34552001953125, 747.6735229492188], [184.02114868164062, 451.1285095214844, 340.2464294433594, 818.8966674804688], [33.004276275634766, 442.450439453125, 98.80584716796875, 809.2721557617188], [693.9600830078125, 484.6617431640625, 738.0682373046875, 581.4187622070312]]","[0.7177734375, 0.78515625, 0.65283203125, 0.52001953125, 0.65234375, 0.8037109375, 0.666015625, 0.45703125]","[[1180.30517578125, 1002.3570556640625], [1020.6114807128906, 952.58935546875], [567.6076354980469, 766.6234741210938], [757.5015869140625, 597.5485229492188], [362.42938232421875, 747.6735229492188], [262.1337890625, 818.8966674804688], [65.90506172180176, 809.2721557617188], [716.01416015625, 581.4187622070312]]",425394176,410943488,425394176,640,yolo26s_int8_640_ncnn_model,MOT17-02
379,165.60759600019992,0.0,9,"[2, 238, 313, 316, 346, 358, 381, 289, 373]","[[1073.2958984375, 398.1657409667969, 1286.084716796875, 1004.7347412109375], [944.4939575195312, 411.36334228515625, 1099.0875244140625, 955.6675415039062], [494.5155334472656, 406.006591796875, 649.3209228515625, 767.7565307617188], [734.0797119140625, 482.0136413574219, 780.9447021484375, 598.624267578125], [302.42266845703125, 447.4139099121094, 429.0727844238281, 746.0763549804688], [183.31961059570312, 457.1767578125, 341.6455993652344, 817.9114379882812], [38.381858825683594, 434.7164001464844, 110.39798736572266, 809.79443359375], [694.4176025390625, 484.02581787109375, 738.7847900390625, 582.1746826171875], [640.4972534179688, 481.03411865234375, 703.91796875, 610.5348510742188]]","[0.80908203125, 0.7802734375, 0.52978515625, 0.53857421875, 0.59765625, 0.81640625, 0.6943359375, 0.482177734375, 0.28857421875]","[[1179.6903076171875, 1004.7347412109375], [1021.7907409667969, 955.6675415039062], [571.9182281494141, 767.7565307617188], [757.51220703125, 598.624267578125], [365.7477264404297, 746.0763549804688], [262.48260498046875, 817.9114379882812], [74.38992309570312, 809.79443359375], [716.6011962890625, 582.1746826171875], [672.2076110839844, 610.5348510742188]]",425394176,410943488,425394176,640,yolo26s_int8_640_ncnn_model,MOT17-02
380,165.85054199981641,0.0,9,"[2, 238, 313, 316, 346, 358, 381, 289, 373]","[[1074.0467529296875, 399.1789855957031, 1286.7996826171875, 1003.4127197265625], [946.7675170898438, 410.9626159667969, 1101.5228271484375, 957.0372924804688], [503.94891357421875, 406.43994140625, 659.0640869140625, 770.2282104492188], [733.1307983398438, 481.90264892578125, 779.9207153320312, 598.2896118164062], [309.3053894042969, 453.0065612792969, 431.085205078125, 746.525146484375], [181.85914611816406, 451.6646728515625, 346.061279296875, 815.3248291015625], [40.21597671508789, 432.01715087890625, 117.01319885253906, 805.27490234375], [692.880126953125, 485.0320739746094, 738.2481689453125, 586.1774291992188], [641.0618896484375, 477.895263671875, 704.099609375, 607.8043212890625]]","[0.822265625, 0.78271484375, 0.73779296875, 0.476806640625, 0.5126953125, 0.84228515625, 0.69189453125, 0.467529296875, 0.294189453125]","[[1180.4232177734375, 1003.4127197265625], [1024.1451721191406, 957.0372924804688], [581.5065002441406, 770.2282104492188], [756.5257568359375, 598.2896118164062], [370.19529724121094, 746.525146484375], [263.96021270751953, 815.3248291015625], [78.61458778381348, 805.27490234375], [715.5641479492188, 586.1774291992188], [672.5807495117188, 607.8043212890625]]",425394176,410943488,425394176,640,yolo26s_int8_640_ncnn_model,MOT17-02
381,164.62026199997126,0.0,9,"[2, 238, 313, 316, 346, 358, 381, 289, 373]","[[1071.9908447265625, 396.8369445800781, 1286.38623046875, 1002.6659545898438], [949.8916625976562, 411.81365966796875, 1104.006591796875, 955.5326538085938], [508.5244445800781, 405.1318054199219, 663.2609252929688, 770.7041015625], [733.7208862304688, 482.1107482910156, 780.0685424804688, 597.915771484375], [315.0969543457031, 448.8070373535156, 435.3437805175781, 745.9926147460938], [181.017333984375, 447.6229553222656, 349.974609375, 812.4134521484375], [48.49733352661133, 436.75091552734375, 131.7865447998047, 805.26416015625], [693.281982421875, 483.9434814453125, 738.9962158203125, 587.198974609375], [643.3704223632812, 474.32318115234375, 706.032470703125, 607.3224487304688]]","[0.8232421875, 0.79443359375, 0.68017578125, 0.50634765625, 0.546875, 0.8583984375, 0.72412109375, 0.451416015625, 0.439453125]","[[1179.1885375976562, 1002.6659545898438], [1026.9491271972656, 955.5326538085938], [585.8926849365234, 770.7041015625], [756.8947143554688, 597.915771484375], [375.2203674316406, 745.9926147460938], [265.4959716796875, 812.4134521484375], [90.14193916320801, 805.26416015625], [716.1390991210938, 587.198974609375], [674.7014465332031, 607.3224487304688]]",425394176,410943488,425394176,640,yolo26s_int8_640_ncnn_model,MOT17-02
382,164.80842900000425,0.0,10,"[2, 238, 313, 316, 346, 358, 381, 289, 373, 184]","[[1072.909423828125, 399.9194030761719, 1287.469970703125, 1004.3731689453125], [949.4618530273438, 411.9080810546875, 1104.4515380859375, 958.1189575195312], [517.3895263671875, 405.1452331542969, 672.0966796875, 770.419189453125], [734.72802734375, 482.1916198730469, 780.8353881835938, 597.77685546875], [319.2950744628906, 439.7907409667969, 440.18280029296875, 745.3311767578125], [187.48904418945312, 450.8184814453125, 356.5093688964844, 808.6294555664062], [45.43903732299805, 438.7400207519531, 135.1558837890625, 806.5302734375], [692.8719482421875, 484.0162353515625, 738.8406982421875, 589.052490234375], [642.6834716796875, 472.2726135253906, 705.4507446289062, 607.87548828125], [469.39263916015625, 447.4339904785156, 516.0548095703125, 557.6390380859375]]","[0.8203125, 0.78173828125, 0.6123046875, 0.449951171875, 0.57568359375, 0.8232421875, 0.74853515625, 0.46923828125, 0.419677734375, 0.2998046875]","[[1180.189697265625, 1004.3731689453125], [1026.9566955566406, 958.1189575195312], [594.7431030273438, 770.419189453125], [757.7817077636719, 597.77685546875], [379.7389373779297, 745.3311767578125], [271.99920654296875, 808.6294555664062], [90.29746055603027, 806.5302734375], [715.8563232421875, 589.052490234375], [674.0671081542969, 607.87548828125], [492.7237243652344, 557.6390380859375]]",425394176,410943488,425394176,640,yolo26s_int8_640_ncnn_model,MOT17-02
383,165.3923379999469,0.0,10,"[2, 238, 313, 316, 346, 358, 381, 289, 373, 399]","[[1073.718994140625, 400.84381103515625, 1288.3773193359375, 1003.2908325195312], [953.4857177734375, 418.8630676269531, 1105.2401123046875, 948.1981201171875], [531.3745727539062, 410.3702087402344, 682.6783447265625, 770.0902099609375], [735.1337890625, 481.23052978515625, 780.104736328125, 594.75], [327.01922607421875, 438.6187438964844, 446.54083251953125, 745.8507690429688], [198.1992645263672, 454.5472106933594, 365.6240234375, 806.758544921875], [49.82513427734375, 442.02337646484375, 146.82870483398438, 805.77880859375], [692.7539672851562, 483.8041076660156, 738.714111328125, 589.9966430664062], [643.4879150390625, 473.4688415527344, 704.2244873046875, 606.1448974609375], [1854.1036376953125, 395.32501220703125, 1919.746337890625, 649.875]]","[0.80126953125, 0.78125, 0.66259765625, 0.421142578125, 0.35009765625, 0.7509765625, 0.8154296875, 0.44140625, 0.365234375, 0.359619140625]","[[1181.0481567382812, 1003.2908325195312], [1029.3629150390625, 948.1981201171875], [607.0264587402344, 770.0902099609375], [757.6192626953125, 594.75], [386.780029296875, 745.8507690429688], [281.9116439819336, 806.758544921875], [98.32691955566406, 805.77880859375], [715.7340393066406, 589.9966430664062], [673.856201171875, 606.1448974609375], [1886.9249877929688, 649.875]]",425394176,410943488,425394176,640,yolo26s_int8_640_ncnn_model,MOT17-02
384,164.48146599987012,0.0,10,"[2, 238, 313, 316, 346, 358, 381, 289, 399, 184]","[[1074.19580078125, 398.70452880859375, 1291.4896240234375, 1006.3595581054688], [957.8344116210938, 425.79217529296875, 1107.571533203125, 944.0883178710938], [537.968994140625, 414.6056213378906, 686.3312377929688, 768.7467041015625], [735.4190673828125, 480.6188049316406, 781.689208984375, 597.8583374023438], [322.1190490722656, 436.9644775390625, 444.9888610839844, 745.3492431640625], [202.69728088378906, 447.65264892578125, 370.9552001953125, 801.3638305664062], [49.61473846435547, 443.30548095703125, 155.03384399414062, 806.748779296875], [691.6760864257812, 481.5217590332031, 737.7147827148438, 588.6264038085938], [1853.1591796875, 394.39520263671875, 1920.0, 654.5239868164062], [466.9901428222656, 447.2342834472656, 512.39453125, 557.5621948242188]]","[0.833984375, 0.732421875, 0.69775390625, 0.5087890625, 0.428466796875, 0.728515625, 0.80322265625, 0.489013671875, 0.306884765625, 0.257080078125]","[[1182.8427124023438, 1006.3595581054688], [1032.7029724121094, 944.0883178710938], [612.1501159667969, 768.7467041015625], [758.5541381835938, 597.8583374023438], [383.553955078125, 745.3492431640625], [286.8262405395508, 801.3638305664062], [102.32429122924805, 806.748779296875], [714.6954345703125, 588.6264038085938], [1886.57958984375, 654.5239868164062], [489.6923370361328, 557.5621948242188]]",425394176,410943488,425394176,640,yolo26s_int8_640_ncnn_model,MOT17-02
385,178.43359200014675,0.0,9,"[2, 238, 313, 316, 346, 358, 381, 289, 399]","[[1075.2928466796875, 396.9078369140625, 1293.6793212890625, 1004.5477294921875], [957.3143310546875, 421.32061767578125, 1108.4254150390625, 942.5645141601562], [541.449951171875, 417.4266357421875, 687.125244140625, 765.02001953125], [734.87255859375, 480.15155029296875, 781.9381713867188, 599.25341796875], [342.35009765625, 438.09564208984375, 462.375732421875, 743.4597778320312], [216.08909606933594, 447.5886535644531, 382.1414794921875, 799.9281005859375], [48.618507385253906, 442.7453918457031, 160.99598693847656, 801.4105224609375], [690.1634521484375, 480.8987121582031, 736.4521484375, 588.8193969726562], [1852.27978515625, 390.61700439453125, 1920.0, 657.2216796875]]","[0.77978515625, 0.7666015625, 0.732421875, 0.5419921875, 0.68212890625, 0.75732421875, 0.7841796875, 0.54248046875, 0.25927734375]","[[1184.486083984375, 1004.5477294921875], [1032.869873046875, 942.5645141601562], [614.28759765625, 765.02001953125], [758.4053649902344, 599.25341796875], [402.3629150390625, 743.4597778320312], [299.1152877807617, 799.9281005859375], [104.80724716186523, 801.4105224609375], [713.3078002929688, 588.8193969726562], [1886.139892578125, 657.2216796875]]",425394176,410943488,425394176,640,yolo26s_int8_640_ncnn_model,MOT17-02
386,164.6837629998572,0.0,9,"[2, 238, 313, 316, 346, 358, 381, 289, 184]","[[1074.2708740234375, 397.2190246582031, 1293.9150390625, 1003.8527221679688], [957.2859497070312, 422.1247253417969, 1108.460205078125, 941.5189819335938], [541.966552734375, 413.1828918457031, 689.658203125, 766.9212646484375], [733.8460693359375, 478.996826171875, 781.3656005859375, 599.7892456054688], [358.7685546875, 439.5536193847656, 478.1855163574219, 743.7679443359375], [226.6127471923828, 450.073486328125, 387.2720031738281, 796.97900390625], [45.30767059326172, 440.986328125, 166.11097717285156, 802.1346435546875], [691.5169067382812, 481.8995361328125, 736.9728393554688, 588.6361694335938], [467.28411865234375, 449.91937255859375, 510.5665283203125, 556.0390625]]","[0.83056640625, 0.75830078125, 0.796875, 0.54052734375, 0.63427734375, 0.6591796875, 0.802734375, 0.491455078125, 0.251220703125]","[[1184.0929565429688, 1003.8527221679688], [1032.8730773925781, 941.5189819335938], [615.8123779296875, 766.9212646484375], [757.6058349609375, 599.7892456054688], [418.47703552246094, 743.7679443359375], [306.94237518310547, 796.97900390625], [105.70932388305664, 802.1346435546875], [714.244873046875, 588.6361694335938], [488.9253234863281, 556.0390625]]",425394176,410943488,425394176,640,yolo26s_int8_640_ncnn_model,MOT17-02
387,165.17180100004225,0.0,9,"[2, 238, 313, 316, 346, 358, 381, 289, 184]","[[1075.9412841796875, 397.3453369140625, 1295.8555908203125, 1004.582275390625], [958.7959594726562, 425.8898010253906, 1108.8056640625, 937.661376953125], [543.3912963867188, 418.0404052734375, 689.0198974609375, 767.1505126953125], [733.7258911132812, 478.8091735839844, 781.358154296875, 600.7250366210938], [373.7923583984375, 445.3348693847656, 493.1219177246094, 743.6670532226562], [239.69171142578125, 443.7545471191406, 397.4580993652344, 795.207763671875], [43.72802734375, 439.2271423339844, 171.42393493652344, 799.7053833007812], [691.6011352539062, 481.8048095703125, 736.1259765625, 587.06982421875], [468.65631103515625, 451.3052978515625, 512.093994140625, 558.0636596679688]]","[0.8232421875, 0.751953125, 0.798828125, 0.52880859375, 0.6708984375, 0.55908203125, 0.7998046875, 0.42626953125, 0.31103515625]","[[1185.8984375, 1004.582275390625], [1033.8008117675781, 937.661376953125], [616.2055969238281, 767.1505126953125], [757.5420227050781, 600.7250366210938], [433.45713806152344, 743.6670532226562], [318.5749053955078, 795.207763671875], [107.57598114013672, 799.7053833007812], [713.8635559082031, 587.06982421875], [490.3751525878906, 558.0636596679688]]",425394176,410943488,425394176,640,yolo26s_int8_640_ncnn_model,MOT17-02
388,165.08228099996813,0.0,9,"[2, 238, 313, 316, 346, 358, 381, 289, 184]","[[1073.2071533203125, 397.39923095703125, 1294.9483642578125, 1003.869140625], [957.377197265625, 424.52880859375, 1108.7906494140625, 941.9884643554688], [545.4252319335938, 419.6247863769531, 689.7565307617188, 766.5208740234375], [734.0335083007812, 477.7666931152344, 781.4918212890625, 600.0936279296875], [384.5506286621094, 444.2841491699219, 507.4984130859375, 743.9116821289062], [254.41586303710938, 442.17437744140625, 406.2310485839844, 793.873779296875], [43.67953872680664, 437.9693908691406, 177.1568145751953, 799.5507202148438], [691.55419921875, 482.5226745605469, 735.3821411132812, 586.7159423828125], [467.45916748046875, 448.2729187011719, 511.2795715332031, 556.2513427734375]]","[0.818359375, 0.705078125, 0.78173828125, 0.54638671875, 0.72265625, 0.5732421875, 0.79248046875, 0.4365234375, 0.271728515625]","[[1184.0777587890625, 1003.869140625], [1033.0839233398438, 941.9884643554688], [617.5908813476562, 766.5208740234375], [757.7626647949219, 600.0936279296875], [446.02452087402344, 743.9116821289062], [330.3234558105469, 793.873779296875], [110.41817665100098, 799.5507202148438], [713.4681701660156, 586.7159423828125], [489.36936950683594, 556.2513427734375]]",425394176,410943488,425394176,640,yolo26s_int8_640_ncnn_model,MOT17-02
389,164.69787400001223,0.0,8,"[2, 238, 313, 316, 346, 358, 381, 289]","[[1068.5621337890625, 398.6642150878906, 1293.20556640625, 1006.326416015625], [958.3624877929688, 423.99749755859375, 1109.171142578125, 941.6317138671875], [548.3433837890625, 423.6759948730469, 690.4848022460938, 765.8096313476562], [732.279541015625, 477.62628173828125, 779.9686279296875, 599.596923828125], [390.5054626464844, 449.34906005859375, 514.7708740234375, 742.5338745117188], [264.5586853027344, 443.3468322753906, 410.7799987792969, 795.68896484375], [46.844215393066406, 437.1311950683594, 184.05569458007812, 796.0559692382812], [689.0399169921875, 480.0666809082031, 733.6218872070312, 586.3322143554688]]","[0.83642578125, 0.7041015625, 0.7529296875, 0.5869140625, 0.6904296875, 0.552734375, 0.80615234375, 0.428466796875]","[[1180.8838500976562, 1006.326416015625], [1033.7668151855469, 941.6317138671875], [619.4140930175781, 765.8096313476562], [756.1240844726562, 599.596923828125], [452.63816833496094, 742.5338745117188], [337.6693420410156, 795.68896484375], [115.44995498657227, 796.0559692382812], [711.3309020996094, 586.3322143554688]]",425394176,410943488,425394176,640,yolo26s_int8_640_ncnn_model,MOT17-02
390,164.46172500013745,0.0,8,"[2, 238, 313, 316, 346, 358, 381, 289]","[[1064.295166015625, 396.1732177734375, 1293.0548095703125, 1004.2821044921875], [959.0999145507812, 426.50067138671875, 1106.8673095703125, 939.7726440429688], [554.057373046875, 419.64581298828125, 694.7621459960938, 759.060546875], [732.1376342773438, 478.0810546875, 779.8485717773438, 599.8951416015625], [391.74237060546875, 445.7489929199219, 520.2230834960938, 739.5341796875], [273.78375244140625, 444.81134033203125, 414.13702392578125, 795.451416015625], [52.37673568725586, 436.9496154785156, 191.3832244873047, 792.7723388671875], [687.079345703125, 477.9272155761719, 733.5020751953125, 588.4020385742188]]","[0.82958984375, 0.669921875, 0.77294921875, 0.56689453125, 0.666015625, 0.51513671875, 0.76318359375, 0.4921875]","[[1178.6749877929688, 1004.2821044921875], [1032.9836120605469, 939.7726440429688], [624.4097595214844, 759.060546875], [755.9931030273438, 599.8951416015625], [455.98272705078125, 739.5341796875], [343.96038818359375, 795.451416015625], [121.87998008728027, 792.7723388671875], [710.2907104492188, 588.4020385742188]]",425394176,410943488,425394176,640,yolo26s_int8_640_ncnn_model,MOT17-02
391,166.5185609999753,0.0,8,"[2, 238, 313, 316, 346, 358, 381, 289]","[[1064.26611328125, 397.2137145996094, 1295.3743896484375, 1005.484619140625], [959.0245971679688, 424.43212890625, 1106.25830078125, 939.0863037109375], [558.95458984375, 418.1036682128906, 698.7463989257812, 758.5816040039062], [732.0772705078125, 478.5129089355469, 779.8204956054688, 600.745361328125], [400.0730895996094, 443.15673828125, 529.2366943359375, 733.7214965820312], [290.2471618652344, 447.62567138671875, 427.3702697753906, 796.169921875], [58.96358108520508, 430.7805480957031, 202.5664520263672, 795.806640625], [687.8906860351562, 478.829833984375, 733.3759155273438, 586.5108642578125]]","[0.83544921875, 0.69873046875, 0.779296875, 0.50146484375, 0.68017578125, 0.71337890625, 0.57421875, 0.5439453125]","[[1179.8202514648438, 1005.484619140625], [1032.6414489746094, 939.0863037109375], [628.8504943847656, 758.5816040039062], [755.9488830566406, 600.745361328125], [464.65489196777344, 733.7214965820312], [358.8087158203125, 796.169921875], [130.76501655578613, 795.806640625], [710.63330078125, 586.5108642578125]]",425394176,410943488,425394176,640,yolo26s_int8_640_ncnn_model,MOT17-02
392,169.46976799999902,0.0,8,"[2, 238, 313, 316, 346, 358, 381, 289]","[[1064.586669921875, 399.5965576171875, 1295.930419921875, 1003.9580688476562], [960.6581420898438, 425.62060546875, 1106.291259765625, 938.8483276367188], [565.2346801757812, 416.7619934082031, 702.9234619140625, 757.2048950195312], [730.9850463867188, 477.69842529296875, 778.9156494140625, 600.0751342773438], [405.2082824707031, 443.4242858886719, 534.9439697265625, 732.3262939453125], [303.4422912597656, 445.45831298828125, 439.6168212890625, 794.7506713867188], [62.3814582824707, 433.4699401855469, 207.57691955566406, 798.9336547851562], [688.9104614257812, 480.4583740234375, 733.6565551757812, 586.4994506835938]]","[0.8408203125, 0.65771484375, 0.7373046875, 0.454345703125, 0.66650390625, 0.69677734375, 0.5859375, 0.4443359375]","[[1180.258544921875, 1003.9580688476562], [1033.4747009277344, 938.8483276367188], [634.0790710449219, 757.2048950195312], [754.9503479003906, 600.0751342773438], [470.0761260986328, 732.3262939453125], [371.52955627441406, 794.7506713867188], [134.97918891906738, 798.9336547851562], [711.2835083007812, 586.4994506835938]]",425394176,410943488,425394176,640,yolo26s_int8_640_ncnn_model,MOT17-02
393,173.45136399990224,0.0,10,"[2, 238, 313, 316, 346, 358, 381, 289, 405, 399]","[[1062.9151611328125, 400.5002746582031, 1294.9552001953125, 1001.39111328125], [962.2369384765625, 428.0386657714844, 1105.2784423828125, 937.7855834960938], [571.6974487304688, 415.2479553222656, 705.5169677734375, 751.75830078125], [730.3153686523438, 478.384765625, 778.3445434570312, 600.8016357421875], [410.8624267578125, 444.2776184082031, 540.7041625976562, 731.1146240234375], [312.19146728515625, 441.67132568359375, 450.9114990234375, 795.2554321289062], [85.06950378417969, 434.8841247558594, 225.80780029296875, 794.9868774414062], [685.5092163085938, 474.36737060546875, 732.5895385742188, 587.2418823242188], [928.4293823242188, 440.4750061035156, 982.5706176757812, 598.125], [1853.485595703125, 396.2742004394531, 1920.0, 656.7246704101562]]","[0.8447265625, 0.63623046875, 0.75634765625, 0.51806640625, 0.69140625, 0.75439453125, 0.4951171875, 0.4638671875, 0.4609375, 0.308349609375]","[[1178.9351806640625, 1001.39111328125], [1033.7576904296875, 937.7855834960938], [638.6072082519531, 751.75830078125], [754.3299560546875, 600.8016357421875], [475.7832946777344, 731.1146240234375], [381.5514831542969, 795.2554321289062], [155.43865203857422, 794.9868774414062], [709.0493774414062, 587.2418823242188], [955.5, 598.125], [1886.7427978515625, 656.7246704101562]]",425394176,410943488,425394176,640,yolo26s_int8_640_ncnn_model,MOT17-02
394,168.01389500005826,0.0,10,"[2, 238, 313, 316, 346, 358, 381, 289, 405, 399]","[[1058.01416015625, 400.8329772949219, 1292.895751953125, 1002.4195556640625], [960.7801513671875, 428.4279479980469, 1102.9017333984375, 937.9042358398438], [579.1170043945312, 416.1695861816406, 709.1182861328125, 750.2635498046875], [730.2357177734375, 479.3955078125, 777.4773559570312, 599.3428344726562], [419.31365966796875, 448.0958251953125, 546.893798828125, 730.220947265625], [318.8146057128906, 442.7325744628906, 458.8362731933594, 794.990234375], [82.08309173583984, 435.0325012207031, 225.27305603027344, 795.985107421875], [683.6439208984375, 468.9985656738281, 732.822998046875, 587.75537109375], [924.87451171875, 442.56195068359375, 980.4850463867188, 604.6115112304688], [1853.7869873046875, 397.3900146484375, 1920.0, 655.7948608398438]]","[0.8203125, 0.60205078125, 0.68701171875, 0.53857421875, 0.68603515625, 0.79150390625, 0.375, 0.458740234375, 0.6298828125, 0.29931640625]","[[1175.4549560546875, 1002.4195556640625], [1031.8409423828125, 937.9042358398438], [644.1176452636719, 750.2635498046875], [753.8565368652344, 599.3428344726562], [483.1037292480469, 730.220947265625], [388.825439453125, 794.990234375], [153.67807388305664, 795.985107421875], [708.2334594726562, 587.75537109375], [952.6797790527344, 604.6115112304688], [1886.8934936523438, 655.7948608398438]]",425394176,410943488,425394176,640,yolo26s_int8_640_ncnn_model,MOT17-02
395,165.29296699991392,0.0,10,"[2, 238, 313, 316, 346, 358, 381, 289, 405, 399]","[[1055.4969482421875, 400.94854736328125, 1292.81787109375, 1002.817138671875], [966.951171875, 428.29803466796875, 1107.17529296875, 937.223388671875], [584.8248901367188, 409.2688293457031, 712.6622314453125, 747.0254516601562], [729.2277221679688, 482.5291442871094, 776.6536865234375, 603.0186767578125], [424.96685791015625, 447.51519775390625, 551.590087890625, 730.9515991210938], [325.8543701171875, 449.1177978515625, 466.47088623046875, 794.9313354492188], [102.6178207397461, 432.67919921875, 244.0545654296875, 794.8975219726562], [683.455810546875, 475.82440185546875, 729.5130004882812, 587.7133178710938], [919.73193359375, 443.59161376953125, 975.6550903320312, 606.644287109375], [1853.2685546875, 395.2160339355469, 1920.0, 656.009521484375]]","[0.83935546875, 0.5771484375, 0.5732421875, 0.5615234375, 0.64794921875, 0.767578125, 0.412841796875, 0.29296875, 0.61572265625, 0.350830078125]","[[1174.1574096679688, 1002.817138671875], [1037.063232421875, 937.223388671875], [648.7435607910156, 747.0254516601562], [752.9407043457031, 603.0186767578125], [488.2784729003906, 730.9515991210938], [396.1626281738281, 794.9313354492188], [173.3361930847168, 794.8975219726562], [706.4844055175781, 587.7133178710938], [947.6935119628906, 606.644287109375], [1886.63427734375, 656.009521484375]]",425394176,410943488,425394176,640,yolo26s_int8_640_ncnn_model,MOT17-02
396,165.44206000003214,0.0,11,"[2, 238, 313, 316, 346, 358, 381, 289, 405, 399, 408]","[[1055.6517333984375, 400.9822998046875, 1294.7001953125, 1002.974365234375], [970.687744140625, 426.235107421875, 1110.305908203125, 938.9740600585938], [592.0256958007812, 405.220458984375, 717.5230102539062, 743.3997802734375], [728.081787109375, 480.4715270996094, 776.6434326171875, 603.6380004882812], [433.9616394042969, 449.7770080566406, 557.3772583007812, 730.7672119140625], [329.6211853027344, 453.2971496582031, 472.4437255859375, 797.19775390625], [119.05007934570312, 435.07049560546875, 257.84210205078125, 793.2713012695312], [682.516845703125, 473.4361267089844, 728.0972900390625, 584.9390258789062], [918.872314453125, 452.7259521484375, 971.1641845703125, 604.9031372070312], [1852.126953125, 392.90313720703125, 1919.69873046875, 655.5956420898438], [1080.876220703125, 441.2250061035156, 1149.9237060546875, 551.7750244140625]]","[0.83984375, 0.59619140625, 0.65478515625, 0.55126953125, 0.603515625, 0.6767578125, 0.5400390625, 0.359619140625, 0.580078125, 0.3564453125, 0.48583984375]","[[1175.1759643554688, 1002.974365234375], [1040.496826171875, 938.9740600585938], [654.7743530273438, 743.3997802734375], [752.3626098632812, 603.6380004882812], [495.66944885253906, 730.7672119140625], [401.03245544433594, 797.19775390625], [188.4460906982422, 793.2713012695312], [705.3070678710938, 584.9390258789062], [945.0182495117188, 604.9031372070312], [1885.912841796875, 655.5956420898438], [1115.3999633789062, 551.7750244140625]]",425394176,410943488,425394176,640,yolo26s_int8_640_ncnn_model,MOT17-02
397,165.60105999997177,0.0,11,"[2, 238, 313, 316, 346, 358, 381, 289, 405, 399, 408]","[[1057.8486328125, 396.5225830078125, 1299.2652587890625, 1003.5346069335938], [971.92529296875, 426.4320983886719, 1110.581787109375, 940.6371459960938], [592.7130126953125, 408.4365539550781, 716.555419921875, 743.3463745117188], [727.2020263671875, 476.9884033203125, 776.1286010742188, 602.6300659179688], [441.32415771484375, 454.8600158691406, 559.9580688476562, 730.4957885742188], [329.3273010253906, 455.0855712890625, 473.72601318359375, 795.8243408203125], [134.8597869873047, 437.2998962402344, 274.2485046386719, 795.4149780273438], [681.2479858398438, 467.8757019042969, 728.5342407226562, 584.6651611328125], [918.4125366210938, 460.1831359863281, 968.0093383789062, 604.112060546875], [1852.356689453125, 391.2707214355469, 1920.0, 656.1969604492188], [1084.505615234375, 446.2717590332031, 1149.5428466796875, 550.208740234375]]","[0.84228515625, 0.56201171875, 0.74560546875, 0.56494140625, 0.51708984375, 0.744140625, 0.681640625, 0.3720703125, 0.52978515625, 0.360595703125, 0.419677734375]","[[1178.5569458007812, 1003.5346069335938], [1041.2535400390625, 940.6371459960938], [654.6342163085938, 743.3463745117188], [751.6653137207031, 602.6300659179688], [500.64111328125, 730.4957885742188], [401.5266571044922, 795.8243408203125], [204.55414581298828, 795.4149780273438], [704.89111328125, 584.6651611328125], [943.2109375, 604.112060546875], [1886.1783447265625, 656.1969604492188], [1117.0242309570312, 550.208740234375]]",425394176,410943488,425394176,640,yolo26s_int8_640_ncnn_model,MOT17-02
398,164.89772599993557,0.0,12,"[2, 238, 313, 316, 346, 358, 381, 289, 405, 399, 408, 410]","[[1060.7864990234375, 399.2887268066406, 1301.8597412109375, 1005.231201171875], [970.8941040039062, 429.4664001464844, 1108.1273193359375, 940.2845458984375], [594.7718505859375, 408.6962585449219, 718.4801635742188, 744.4093627929688], [725.2167358398438, 477.1271667480469, 774.6683349609375, 604.6805419921875], [443.0315856933594, 448.69866943359375, 561.33837890625, 730.4388427734375], [329.29998779296875, 456.2249755859375, 476.4497375488281, 796.8274536132812], [147.7705535888672, 443.8859558105469, 287.1806335449219, 795.4984130859375], [681.4676513671875, 464.85418701171875, 729.4837646484375, 585.5372924804688], [914.7764282226562, 451.4514465332031, 968.5635986328125, 608.1728515625], [1852.9381103515625, 392.391357421875, 1920.0, 656.6804809570312], [1088.714599609375, 452.4458312988281, 1147.6026611328125, 546.3794555664062], [403.8072204589844, 445.2749938964844, 550.1928100585938, 731.9249877929688]]","[0.8525390625, 0.5595703125, 0.74365234375, 0.5185546875, 0.5439453125, 0.77880859375, 0.7314453125, 0.2861328125, 0.432861328125, 0.31005859375, 0.3037109375, 0.361083984375]","[[1181.3231201171875, 1005.231201171875], [1039.5107116699219, 940.2845458984375], [656.6260070800781, 744.4093627929688], [749.9425354003906, 604.6805419921875], [502.1849822998047, 730.4388427734375], [402.87486267089844, 796.8274536132812], [217.47559356689453, 795.4984130859375], [705.4757080078125, 585.5372924804688], [941.6700134277344, 608.1728515625], [1886.4690551757812, 656.6804809570312], [1118.1586303710938, 546.3794555664062], [477.00001525878906, 731.9249877929688]]",425394176,410943488,425394176,640,yolo26s_int8_640_ncnn_model,MOT17-02
399,164.33737399984238,0.0,11,"[2, 238, 313, 316, 346, 358, 381, 405, 399, 408, 410]","[[1061.49267578125, 398.36737060546875, 1302.259521484375, 1003.8935546875], [973.3563232421875, 427.37109375, 1110.214111328125, 943.3832397460938], [604.5415649414062, 408.3164367675781, 728.7774047851562, 743.3781127929688], [724.2150268554688, 476.702392578125, 773.8902587890625, 605.9463500976562], [448.01275634765625, 472.4012145996094, 555.6494750976562, 732.1737670898438], [329.8064880371094, 455.8720397949219, 478.3977355957031, 794.981201171875], [154.88145446777344, 441.9248962402344, 298.02130126953125, 794.0494995117188], [912.400390625, 449.4156188964844, 965.8798828125, 605.6746826171875], [1853.203369140625, 392.8178405761719, 1920.0, 656.869140625], [1089.8629150390625, 449.1775207519531, 1146.966552734375, 540.5785522460938], [406.9832458496094, 444.0110168457031, 553.9111328125, 732.2697143554688]]","[0.84130859375, 0.52783203125, 0.74462890625, 0.52587890625, 0.374755859375, 0.78173828125, 0.802734375, 0.59375, 0.31640625, 0.27099609375, 0.275634765625]","[[1181.8760986328125, 1003.8935546875], [1041.7852172851562, 943.3832397460938], [666.6594848632812, 743.3781127929688], [749.0526428222656, 605.9463500976562], [501.83111572265625, 732.1737670898438], [404.10211181640625, 794.981201171875], [226.45137786865234, 794.0494995117188], [939.14013671875, 605.6746826171875], [1886.6016845703125, 656.869140625], [1118.4147338867188, 540.5785522460938], [480.4471893310547, 732.2697143554688]]",425394176,410943488,425394176,640,yolo26s_int8_640_ncnn_model,MOT17-02
400,164.88696700002947,0.0,10,"[2, 238, 313, 316, 346, 358, 381, 405, 399, 410]","[[1062.9423828125, 400.7448425292969, 1303.1854248046875, 1006.6053466796875], [973.5860595703125, 425.8286437988281, 1107.6732177734375, 937.377197265625], [610.7665405273438, 412.16925048828125, 734.7576904296875, 743.0489501953125], [721.5082397460938, 478.01898193359375, 770.5684204101562, 604.9451904296875], [448.3919982910156, 450.01458740234375, 561.7614135742188, 729.57177734375], [330.0935363769531, 453.21429443359375, 480.4870910644531, 792.8102416992188], [158.8302459716797, 442.19580078125, 305.056396484375, 792.5304565429688], [911.0144653320312, 447.5164794921875, 964.5957641601562, 604.6162109375], [1853.3046875, 392.9752197265625, 1920.0, 657.9373168945312], [404.7337951660156, 434.5887451171875, 555.0258178710938, 729.7763671875]]","[0.83544921875, 0.55322265625, 0.76513671875, 0.414306640625, 0.42138671875, 0.7890625, 0.82177734375, 0.5830078125, 0.312744140625, 0.31689453125]","[[1183.0639038085938, 1006.6053466796875], [1040.629638671875, 937.377197265625], [672.7621154785156, 743.0489501953125], [746.038330078125, 604.9451904296875], [505.0767059326172, 729.57177734375], [405.2903137207031, 792.8102416992188], [231.94332122802734, 792.5304565429688], [937.8051147460938, 604.6162109375], [1886.65234375, 657.9373168945312], [479.8798065185547, 729.7763671875]]",425394176,410943488,425394176,640,yolo26s_int8_640_ncnn_model,MOT17-02
401,165.04104099999495,0.0,10,"[2, 238, 313, 316, 346, 358, 381, 405, 399, 410]","[[1061.660888671875, 401.3944091796875, 1299.3909912109375, 1003.9105224609375], [973.32666015625, 420.0113220214844, 1108.954345703125, 945.2705688476562], [618.97998046875, 414.6370849609375, 744.2254638671875, 741.9877319335938], [718.1376342773438, 475.5677185058594, 767.703125, 603.5424194335938], [455.9167175292969, 441.8873596191406, 570.2063598632812, 731.1195068359375], [332.428466796875, 447.472900390625, 484.5555114746094, 789.7832641601562], [159.53614807128906, 443.30609130859375, 307.97113037109375, 791.9779663085938], [910.688232421875, 448.05279541015625, 964.1355590820312, 604.9547119140625], [1853.4791259765625, 392.7821350097656, 1920.0, 657.5947875976562], [416.1340026855469, 440.4937438964844, 565.2449340820312, 735.6232299804688]]","[0.82763671875, 0.54541015625, 0.7509765625, 0.436767578125, 0.48291015625, 0.77685546875, 0.82861328125, 0.60498046875, 0.3212890625, 0.345947265625]","[[1180.5259399414062, 1003.9105224609375], [1041.1405029296875, 945.2705688476562], [681.6027221679688, 741.9877319335938], [742.9203796386719, 603.5424194335938], [513.0615386962891, 731.1195068359375], [408.4919891357422, 789.7832641601562], [233.7536392211914, 791.9779663085938], [937.4118957519531, 604.9547119140625], [1886.7395629882812, 657.5947875976562], [490.68946838378906, 735.6232299804688]]",425394176,410943488,425394176,640,yolo26s_int8_640_ncnn_model,MOT17-02
402,208.92412400007743,0.0,9,"[2, 238, 313, 316, 346, 358, 381, 405, 399]","[[1060.0572509765625, 401.6316223144531, 1297.05859375, 1010.8275756835938], [969.5989379882812, 426.68292236328125, 1103.205322265625, 941.341064453125], [626.8824462890625, 414.3068542480469, 755.0275268554688, 742.893310546875], [715.5399169921875, 476.1336364746094, 765.5609130859375, 605.46923828125], [465.28802490234375, 446.55133056640625, 576.3893432617188, 729.799072265625], [341.0348205566406, 447.29266357421875, 492.81378173828125, 790.6575927734375], [161.43438720703125, 440.9940185546875, 315.192138671875, 792.5406494140625], [909.3011474609375, 451.5140075683594, 962.3894653320312, 605.8150634765625], [1853.473388671875, 393.6978454589844, 1920.0, 656.4694213867188]]","[0.82763671875, 0.61669921875, 0.75537109375, 0.487548828125, 0.6376953125, 0.7685546875, 0.80419921875, 0.422119140625, 0.32568359375]","[[1178.5579223632812, 1010.8275756835938], [1036.4021301269531, 941.341064453125], [690.9549865722656, 742.893310546875], [740.5504150390625, 605.46923828125], [520.8386840820312, 729.799072265625], [416.92430114746094, 790.6575927734375], [238.31326293945312, 792.5406494140625], [935.8453063964844, 605.8150634765625], [1886.7366943359375, 656.4694213867188]]",425394176,410943488,425394176,640,yolo26s_int8_640_ncnn_model,MOT17-02
403,166.09130099982394,0.0,9,"[2, 238, 313, 316, 346, 358, 381, 405, 399]","[[1060.4310302734375, 399.7372741699219, 1295.207275390625, 1011.4385375976562], [965.0849609375, 428.04693603515625, 1098.001708984375, 938.0528564453125], [633.52880859375, 417.1580810546875, 763.9094848632812, 743.2726440429688], [714.2145385742188, 472.6755065917969, 765.654296875, 606.9305419921875], [477.9914855957031, 443.7079772949219, 589.5552368164062, 730.0576171875], [345.98272705078125, 445.9988708496094, 494.3180236816406, 783.3458251953125], [165.8028106689453, 445.0879211425781, 320.3584289550781, 789.7985229492188], [904.528564453125, 455.31317138671875, 956.0560302734375, 605.6072387695312], [1853.526611328125, 393.0440673828125, 1920.0, 657.0394287109375]]","[0.779296875, 0.59130859375, 0.8076171875, 0.48486328125, 0.640625, 0.7529296875, 0.8017578125, 0.3251953125, 0.334228515625]","[[1177.8191528320312, 1011.4385375976562], [1031.5433349609375, 938.0528564453125], [698.7191467285156, 743.2726440429688], [739.9344177246094, 606.9305419921875], [533.7733612060547, 730.0576171875], [420.15037536621094, 783.3458251953125], [243.08061981201172, 789.7985229492188], [930.2922973632812, 605.6072387695312], [1886.7633056640625, 657.0394287109375]]",425394176,410943488,425394176,640,yolo26s_int8_640_ncnn_model,MOT17-02
404,165.00496699995892,0.0,9,"[2, 238, 313, 316, 346, 358, 381, 405, 399]","[[1061.844970703125, 398.51507568359375, 1293.2423095703125, 1008.18310546875], [961.4835205078125, 428.796142578125, 1095.977783203125, 940.5593872070312], [638.4682006835938, 415.9777526855469, 771.8203735351562, 742.7105712890625], [712.1997680664062, 467.4886169433594, 765.32275390625, 607.4730834960938], [488.9347839355469, 441.926513671875, 602.1801147460938, 730.9112548828125], [355.0506591796875, 444.27447509765625, 500.66741943359375, 780.8604125976562], [168.04296875, 441.6610412597656, 326.2577819824219, 785.7772827148438], [899.6503295898438, 453.6328125, 952.9404296875, 608.5516967773438], [1853.181884765625, 392.2984313964844, 1920.0, 657.7510375976562]]","[0.8017578125, 0.62060546875, 0.8193359375, 0.484375, 0.53466796875, 0.6923828125, 0.78759765625, 0.40380859375, 0.277099609375]","[[1177.5436401367188, 1008.18310546875], [1028.7306518554688, 940.5593872070312], [705.144287109375, 742.7105712890625], [738.7612609863281, 607.4730834960938], [545.5574493408203, 730.9112548828125], [427.8590393066406, 780.8604125976562], [247.15037536621094, 785.7772827148438], [926.2953796386719, 608.5516967773438], [1886.5909423828125, 657.7510375976562]]",425394176,410943488,425394176,640,yolo26s_int8_640_ncnn_model,MOT17-02
405,165.22809600019173,0.0,10,"[2, 238, 313, 316, 346, 358, 381, 405, 399, 417]","[[1058.85302734375, 392.8484191894531, 1289.1033935546875, 1009.1508178710938], [962.4661865234375, 428.8157958984375, 1096.8907470703125, 939.7695922851562], [640.7149047851562, 411.7912902832031, 777.9151000976562, 743.2783813476562], [713.973388671875, 470.08966064453125, 765.608642578125, 607.9093017578125], [501.64495849609375, 447.9295349121094, 614.6751708984375, 730.5137329101562], [369.8209228515625, 445.14306640625, 508.1611022949219, 774.5165405273438], [169.15042114257812, 441.63232421875, 330.88909912109375, 787.0516357421875], [896.4735107421875, 455.48248291015625, 949.3695068359375, 609.1064453125], [1853.2269287109375, 393.74713134765625, 1920.0, 658.2671508789062], [565.0733642578125, 483.82501220703125, 649.9266357421875, 616.5750122070312]]","[0.8115234375, 0.572265625, 0.798828125, 0.45556640625, 0.6416015625, 0.6357421875, 0.80517578125, 0.43994140625, 0.277587890625, 0.439208984375]","[[1173.9782104492188, 1009.1508178710938], [1029.678466796875, 939.7695922851562], [709.3150024414062, 743.2783813476562], [739.791015625, 607.9093017578125], [558.1600646972656, 730.5137329101562], [438.9910125732422, 774.5165405273438], [250.01976013183594, 787.0516357421875], [922.9215087890625, 609.1064453125], [1886.6134643554688, 658.2671508789062], [607.5, 616.5750122070312]]",425394176,410943488,425394176,640,yolo26s_int8_640_ncnn_model,MOT17-02
406,164.65524399995957,0.0,8,"[2, 238, 313, 316, 346, 358, 381, 405]","[[1058.8953857421875, 392.94622802734375, 1285.41357421875, 1008.2715454101562], [957.6268310546875, 427.8154602050781, 1094.5546875, 948.4058227539062], [643.9841918945312, 412.4402770996094, 782.3129272460938, 742.2828369140625], [715.184326171875, 470.6854248046875, 765.3348999023438, 606.5808715820312], [507.9996643066406, 452.0126953125, 622.2739868164062, 730.6285400390625], [378.1286926269531, 441.9857177734375, 513.7379150390625, 773.70654296875], [173.64971923828125, 439.8933410644531, 336.4678039550781, 783.3469848632812], [892.7758178710938, 458.399169921875, 944.7363891601562, 609.0308837890625]]","[0.81591796875, 0.51904296875, 0.7998046875, 0.435791015625, 0.6728515625, 0.71240234375, 0.81005859375, 0.36669921875]","[[1172.1544799804688, 1008.2715454101562], [1026.0907592773438, 948.4058227539062], [713.1485595703125, 742.2828369140625], [740.2596130371094, 606.5808715820312], [565.1368255615234, 730.6285400390625], [445.9333038330078, 773.70654296875], [255.0587615966797, 783.3469848632812], [918.756103515625, 609.0308837890625]]",425394176,410943488,425394176,640,yolo26s_int8_640_ncnn_model,MOT17-02
407,165.8100419999755,0.0,9,"[2, 238, 313, 316, 346, 358, 381, 405, 420]","[[1059.0909423828125, 391.5282287597656, 1282.8863525390625, 1005.4486694335938], [961.523193359375, 429.646484375, 1097.851806640625, 945.4828491210938], [650.3915405273438, 416.66864013671875, 790.74365234375, 745.906982421875], [717.5045776367188, 470.19830322265625, 766.4078979492188, 605.8102416992188], [512.9474487304688, 454.78369140625, 628.92431640625, 731.433837890625], [389.8890686035156, 440.34124755859375, 521.1133422851562, 771.9827270507812], [181.83868408203125, 440.2427978515625, 344.4812316894531, 780.9881591796875], [887.4437866210938, 455.4258117675781, 941.1526489257812, 608.9693603515625], [1246.588134765625, 447.375, 1279.11181640625, 539.625]]","[0.80517578125, 0.66162109375, 0.81982421875, 0.3212890625, 0.74755859375, 0.67529296875, 0.8056640625, 0.365234375, 0.343505859375]","[[1170.9886474609375, 1005.4486694335938], [1029.6875, 945.4828491210938], [720.5675964355469, 745.906982421875], [741.9562377929688, 605.8102416992188], [570.9358825683594, 731.433837890625], [455.50120544433594, 771.9827270507812], [263.1599578857422, 780.9881591796875], [914.2982177734375, 608.9693603515625], [1262.8499755859375, 539.625]]",425394176,410943488,425394176,640,yolo26s_int8_640_ncnn_model,MOT17-02
408,166.03989400005048,0.0,9,"[2, 238, 313, 346, 358, 381, 405, 420, 421]","[[1059.6580810546875, 392.2554016113281, 1280.501708984375, 1004.1268310546875], [963.9030151367188, 430.339111328125, 1100.287841796875, 947.302001953125], [648.5410766601562, 417.7616882324219, 789.7998657226562, 747.7897338867188], [513.98291015625, 453.5579833984375, 632.6398315429688, 730.000244140625], [400.40985107421875, 438.50811767578125, 527.7325439453125, 770.6669311523438], [189.67916870117188, 440.38970947265625, 348.9342041015625, 774.167236328125], [881.72412109375, 451.083984375, 937.8140258789062, 609.1776123046875], [1246.4647216796875, 448.8047790527344, 1278.3201904296875, 539.3390502929688], [379.3670654296875, 460.875, 423.1329345703125, 515.9249877929688]]","[0.80517578125, 0.677734375, 0.82177734375, 0.724609375, 0.68017578125, 0.79248046875, 0.436767578125, 0.35791015625, 0.333740234375]","[[1170.0798950195312, 1004.1268310546875], [1032.0954284667969, 947.302001953125], [719.1704711914062, 747.7897338867188], [573.3113708496094, 730.000244140625], [464.0711975097656, 770.6669311523438], [269.3066864013672, 774.167236328125], [909.7690734863281, 609.1776123046875], [1262.3924560546875, 539.3390502929688], [401.25, 515.9249877929688]]",425394176,410943488,425394176,640,yolo26s_int8_640_ncnn_model,MOT17-02
409,165.2396519998547,0.0,9,"[2, 238, 313, 346, 358, 381, 405, 421, 399]","[[1055.5433349609375, 387.59857177734375, 1277.0472412109375, 1008.5908203125], [965.5380249023438, 430.3378601074219, 1101.4703369140625, 945.244384765625], [647.7780151367188, 415.4314880371094, 790.091064453125, 747.26513671875], [513.8814697265625, 450.5913391113281, 635.9645385742188, 729.97021484375], [411.8108825683594, 436.85845947265625, 536.1641845703125, 767.2664184570312], [198.2662353515625, 440.4587097167969, 353.6559143066406, 769.659912109375], [878.83837890625, 452.3751220703125, 935.5152587890625, 609.2386474609375], [380.85107421875, 462.3046875, 423.9364318847656, 516.5540771484375], [1854.990234375, 411.0868225097656, 1918.2529296875, 659.196044921875]]","[0.79150390625, 0.74169921875, 0.8330078125, 0.736328125, 0.5458984375, 0.6484375, 0.48291015625, 0.291015625, 0.25537109375]","[[1166.2952880859375, 1008.5908203125], [1033.5041809082031, 945.244384765625], [718.9345397949219, 747.26513671875], [574.9230041503906, 729.97021484375], [473.98753356933594, 767.2664184570312], [275.96107482910156, 769.659912109375], [907.1768188476562, 609.2386474609375], [402.3937530517578, 516.5540771484375], [1886.62158203125, 659.196044921875]]",425394176,410943488,425394176,640,yolo26s_int8_640_ncnn_model,MOT17-02
410,187.07730500000253,0.0,10,"[2, 238, 313, 346, 358, 381, 405, 421, 399, 420]","[[1056.5809326171875, 395.4772033691406, 1272.2392578125, 1005.5899658203125], [966.3739624023438, 430.5693359375, 1101.701416015625, 943.2036743164062], [649.2430419921875, 417.7549743652344, 791.0599975585938, 747.810302734375], [521.6087646484375, 443.7778625488281, 645.8076171875, 727.7431640625], [424.68792724609375, 439.7602233886719, 546.620361328125, 767.5562744140625], [219.49058532714844, 438.9901428222656, 370.9455261230469, 771.5769653320312], [879.7947387695312, 457.83026123046875, 934.8472900390625, 608.245361328125], [380.722900390625, 463.6728210449219, 424.8494873046875, 519.402587890625], [1855.18310546875, 399.9020080566406, 1920.0, 658.7559204101562], [1244.8228759765625, 449.63470458984375, 1275.5972900390625, 537.59765625]]","[0.7890625, 0.7099609375, 0.84326171875, 0.716796875, 0.64306640625, 0.63232421875, 0.30859375, 0.328369140625, 0.300048828125, 0.306884765625]","[[1164.4100952148438, 1005.5899658203125], [1034.0376892089844, 943.2036743164062], [720.1515197753906, 747.810302734375], [583.7081909179688, 727.7431640625], [485.6541442871094, 767.5562744140625], [295.21805572509766, 771.5769653320312], [907.3210144042969, 608.245361328125], [402.78619384765625, 519.402587890625], [1887.591552734375, 658.7559204101562], [1260.2100830078125, 537.59765625]]",425394176,410943488,425394176,640,yolo26s_int8_640_ncnn_model,MOT17-02
411,167.62524699993264,0.0,10,"[2, 238, 313, 346, 358, 381, 405, 421, 399, 420]","[[1054.0384521484375, 394.5628967285156, 1267.4659423828125, 1006.4176635742188], [967.17626953125, 430.64239501953125, 1102.284423828125, 943.4176635742188], [652.1361694335938, 422.6004943847656, 791.2123413085938, 744.0471801757812], [527.5729370117188, 444.903564453125, 648.0120849609375, 719.2771606445312], [436.93560791015625, 447.8675231933594, 556.9981689453125, 768.7432250976562], [234.86000061035156, 442.183837890625, 376.80108642578125, 764.6474609375], [879.0582275390625, 459.63958740234375, 934.0049438476562, 608.0955810546875], [380.0968017578125, 463.2333068847656, 425.66796875, 521.101806640625], [1854.2637939453125, 395.2185363769531, 1920.0, 657.8823852539062], [1244.02490234375, 449.68743896484375, 1274.5970458984375, 537.3601684570312]]","[0.7841796875, 0.705078125, 0.82568359375, 0.70166015625, 0.66943359375, 0.58837890625, 0.407958984375, 0.262451171875, 0.2861328125, 0.29638671875]","[[1160.752197265625, 1006.4176635742188], [1034.7303466796875, 943.4176635742188], [721.6742553710938, 744.0471801757812], [587.7925109863281, 719.2771606445312], [496.9668884277344, 768.7432250976562], [305.8305435180664, 764.6474609375], [906.5315856933594, 608.0955810546875], [402.88238525390625, 521.101806640625], [1887.1318969726562, 657.8823852539062], [1259.3109741210938, 537.3601684570312]]",425394176,410943488,425394176,640,yolo26s_int8_640_ncnn_model,MOT17-02
412,164.88559699996586,0.0,10,"[2, 238, 313, 346, 358, 381, 405, 399, 420, 410]","[[1053.504638671875, 394.2244567871094, 1264.364990234375, 1006.7279052734375], [964.46533203125, 425.9454650878906, 1099.5513916015625, 940.2723388671875], [652.0941772460938, 422.908935546875, 791.5280151367188, 744.1294555664062], [533.9441528320312, 445.3773498535156, 652.1033935546875, 716.0419311523438], [441.9416198730469, 445.162109375, 563.8056030273438, 766.005859375], [248.21444702148438, 434.09466552734375, 383.7763366699219, 751.270263671875], [876.9785766601562, 450.2433166503906, 935.6920166015625, 608.0310668945312], [1854.8876953125, 392.6910400390625, 1920.0, 658.2868041992188], [1241.4012451171875, 449.43157958984375, 1271.35791015625, 535.4252319335938], [498.85693359375, 433.95819091796875, 645.9838256835938, 721.349853515625]]","[0.79736328125, 0.69189453125, 0.8193359375, 0.74658203125, 0.6748046875, 0.5517578125, 0.5263671875, 0.285888671875, 0.267822265625, 0.51708984375]","[[1158.934814453125, 1006.7279052734375], [1032.0083618164062, 940.2723388671875], [721.8110961914062, 744.1294555664062], [593.0237731933594, 716.0419311523438], [502.8736114501953, 766.005859375], [315.9953918457031, 751.270263671875], [906.3352966308594, 608.0310668945312], [1887.44384765625, 658.2868041992188], [1256.3795776367188, 535.4252319335938], [572.4203796386719, 721.349853515625]]",425394176,410943488,425394176,640,yolo26s_int8_640_ncnn_model,MOT17-02
413,164.72291200011568,0.0,9,"[2, 238, 313, 346, 358, 381, 399, 420, 410]","[[1052.392822265625, 394.5977478027344, 1261.24365234375, 1008.330078125], [966.785888671875, 428.6257629394531, 1101.1116943359375, 940.5732421875], [654.2111206054688, 416.2701721191406, 794.7510375976562, 739.93896484375], [536.2438354492188, 444.81951904296875, 653.7115478515625, 716.6520385742188], [440.06781005859375, 450.6374206542969, 565.4987182617188, 766.5431518554688], [256.91387939453125, 431.88372802734375, 393.97821044921875, 761.803466796875], [1854.589599609375, 395.18890380859375, 1920.0, 657.9479370117188], [1240.5955810546875, 451.7037353515625, 1270.20166015625, 536.6099243164062], [501.9401550292969, 435.89422607421875, 648.8200073242188, 720.8444213867188]]","[0.7802734375, 0.7138671875, 0.81396484375, 0.75634765625, 0.7236328125, 0.56005859375, 0.25390625, 0.26171875, 0.5]","[[1156.8182373046875, 1008.330078125], [1033.9487915039062, 940.5732421875], [724.4810791015625, 739.93896484375], [594.9776916503906, 716.6520385742188], [502.78326416015625, 766.5431518554688], [325.446044921875, 761.803466796875], [1887.2947998046875, 657.9479370117188], [1255.3986206054688, 536.6099243164062], [575.3800811767578, 720.8444213867188]]",425394176,410943488,425394176,640,yolo26s_int8_640_ncnn_model,MOT17-02
414,165.49757900020268,0.0,9,"[2, 238, 313, 346, 358, 381, 420, 410, 405]","[[1051.2655029296875, 396.22991943359375, 1257.916015625, 1007.4462890625], [967.8850708007812, 430.1442565917969, 1101.4869384765625, 940.2017822265625], [656.956298828125, 416.4933776855469, 796.7422485351562, 738.6360473632812], [540.4696655273438, 439.1571044921875, 656.9943237304688, 714.4425048828125], [445.2304382324219, 450.433349609375, 574.61962890625, 769.0698852539062], [266.8641357421875, 431.8371887207031, 402.12518310546875, 764.95703125], [1238.8067626953125, 450.67724609375, 1269.330078125, 538.8740844726562], [510.7295837402344, 435.7413330078125, 655.1792602539062, 718.4031982421875], [869.607421875, 449.1131286621094, 926.5700073242188, 605.0521850585938]]","[0.8134765625, 0.705078125, 0.81396484375, 0.7265625, 0.7666015625, 0.51220703125, 0.28466796875, 0.3896484375, 0.2802734375]","[[1154.5907592773438, 1007.4462890625], [1034.6860046386719, 940.2017822265625], [726.8492736816406, 738.6360473632812], [598.7319946289062, 714.4425048828125], [509.92503356933594, 769.0698852539062], [334.4946594238281, 764.95703125], [1254.0684204101562, 538.8740844726562], [582.9544219970703, 718.4031982421875], [898.0887145996094, 605.0521850585938]]",425394176,410943488,425394176,640,yolo26s_int8_640_ncnn_model,MOT17-02
415,193.055792999985,0.0,9,"[2, 238, 313, 346, 358, 381, 420, 405, 399]","[[1053.5001220703125, 399.0837707519531, 1257.0989990234375, 1004.8704833984375], [964.9249267578125, 425.74371337890625, 1099.030517578125, 939.0771484375], [659.3055419921875, 414.8379211425781, 799.3939208984375, 739.9176025390625], [545.958251953125, 437.5478210449219, 661.8463745117188, 717.1241455078125], [450.273193359375, 448.5973815917969, 581.8590698242188, 767.8056640625], [279.8088073730469, 436.0654296875, 411.9394836425781, 765.0159301757812], [1235.41162109375, 452.31866455078125, 1265.79541015625, 539.6806640625], [869.4027099609375, 443.5702819824219, 927.6610107421875, 607.6138916015625], [1854.207275390625, 394.8881530761719, 1920.0, 658.0671997070312]]","[0.7998046875, 0.72314453125, 0.8115234375, 0.71875, 0.76806640625, 0.65283203125, 0.257080078125, 0.44287109375, 0.273681640625]","[[1155.299560546875, 1004.8704833984375], [1031.9777221679688, 939.0771484375], [729.3497314453125, 739.9176025390625], [603.9023132324219, 717.1241455078125], [516.0661315917969, 767.8056640625], [345.8741455078125, 765.0159301757812], [1250.603515625, 539.6806640625], [898.5318603515625, 607.6138916015625], [1887.1036376953125, 658.0671997070312]]",425394176,410943488,425394176,640,yolo26s_int8_640_ncnn_model,MOT17-02
416,164.65468900014457,0.0,8,"[2, 238, 313, 346, 358, 381, 405, 399]","[[1051.3006591796875, 397.9156494140625, 1255.9822998046875, 1008.1260375976562], [966.3452758789062, 428.2950744628906, 1099.529296875, 938.4169311523438], [666.1845703125, 415.4576110839844, 803.0791625976562, 737.2068481445312], [555.3936157226562, 433.7720642089844, 670.7227783203125, 720.4048461914062], [451.5784912109375, 450.86822509765625, 584.129638671875, 766.371337890625], [286.743408203125, 437.47076416015625, 418.8665771484375, 768.337158203125], [869.765625, 441.8995666503906, 927.5771484375, 608.2528686523438], [1853.8753662109375, 392.3162536621094, 1920.0, 658.5924682617188]]","[0.7939453125, 0.703125, 0.78955078125, 0.61083984375, 0.7646484375, 0.654296875, 0.420654296875, 0.28466796875]","[[1153.6414794921875, 1008.1260375976562], [1032.9372863769531, 938.4169311523438], [734.6318664550781, 737.2068481445312], [613.0581970214844, 720.4048461914062], [517.8540649414062, 766.371337890625], [352.80499267578125, 768.337158203125], [898.67138671875, 608.2528686523438], [1886.9376831054688, 658.5924682617188]]",425394176,410943488,425394176,640,yolo26s_int8_640_ncnn_model,MOT17-02
417,165.37265300007675,0.0,8,"[2, 238, 313, 346, 358, 381, 405, 399]","[[1051.4876708984375, 397.96246337890625, 1254.6492919921875, 1006.8709716796875], [966.9296875, 429.52099609375, 1099.6826171875, 937.9323120117188], [672.0916137695312, 412.4643859863281, 807.3837890625, 734.4620361328125], [557.45751953125, 432.13250732421875, 672.3068237304688, 721.9229125976562], [450.1885681152344, 450.2125244140625, 585.2781372070312, 767.3702392578125], [288.55987548828125, 439.9874267578125, 421.6200256347656, 767.6293334960938], [866.76025390625, 440.0567626953125, 924.0269775390625, 607.7687377929688], [1854.0587158203125, 392.8928527832031, 1919.96044921875, 657.2952270507812]]","[0.80615234375, 0.68359375, 0.8232421875, 0.564453125, 0.7578125, 0.6279296875, 0.456787109375, 0.279541015625]","[[1153.0684814453125, 1006.8709716796875], [1033.30615234375, 937.9323120117188], [739.7377014160156, 734.4620361328125], [614.8821716308594, 721.9229125976562], [517.7333526611328, 767.3702392578125], [355.08995056152344, 767.6293334960938], [895.3936157226562, 607.7687377929688], [1887.0095825195312, 657.2952270507812]]",425394176,410943488,425394176,640,yolo26s_int8_640_ncnn_model,MOT17-02
418,164.96150400007537,0.0,7,"[2, 238, 313, 346, 358, 381, 405]","[[1049.31005859375, 398.2195739746094, 1252.537109375, 1010.1089477539062], [967.6915283203125, 430.2275695800781, 1100.19189453125, 938.5097045898438], [678.0510864257812, 412.0965270996094, 811.452880859375, 733.71630859375], [568.0746459960938, 435.2389831542969, 678.349365234375, 718.843505859375], [451.1134948730469, 452.9330749511719, 586.82666015625, 766.7800903320312], [297.1713562011719, 444.6807861328125, 427.1916198730469, 757.6831665039062], [862.2862548828125, 443.5467529296875, 917.3162231445312, 605.3761596679688]]","[0.78271484375, 0.65478515625, 0.8193359375, 0.470947265625, 0.75927734375, 0.689453125, 0.3125]","[[1150.923583984375, 1010.1089477539062], [1033.9417114257812, 938.5097045898438], [744.7519836425781, 733.71630859375], [623.2120056152344, 718.843505859375], [518.9700775146484, 766.7800903320312], [362.1814880371094, 757.6831665039062], [889.8012390136719, 605.3761596679688]]",425394176,410943488,425394176,640,yolo26s_int8_640_ncnn_model,MOT17-02
419,185.59491500013792,0.0,9,"[2, 238, 313, 346, 358, 381, 405, 426, 184]","[[1048.0018310546875, 399.05145263671875, 1250.3480224609375, 1008.6016845703125], [965.8196411132812, 430.2380676269531, 1097.5750732421875, 937.9957885742188], [685.5200805664062, 413.2159118652344, 815.9253540039062, 730.2481689453125], [578.5718383789062, 438.9880676269531, 685.6788330078125, 717.1753540039062], [452.3369140625, 452.4453430175781, 589.0551147460938, 766.0914916992188], [301.4205322265625, 444.4246520996094, 434.2850036621094, 760.0328369140625], [860.4298095703125, 447.4373779296875, 913.08154296875, 603.9542236328125], [413.4673156738281, 450.375, 451.732666015625, 562.4249877929688], [457.1448974609375, 436.517578125, 502.0976867675781, 538.5352172851562]]","[0.81640625, 0.64892578125, 0.77587890625, 0.6181640625, 0.7744140625, 0.71484375, 0.41552734375, 0.388427734375, 0.361572265625]","[[1149.1749267578125, 1008.6016845703125], [1031.6973571777344, 937.9957885742188], [750.7227172851562, 730.2481689453125], [632.1253356933594, 717.1753540039062], [520.6960144042969, 766.0914916992188], [367.85276794433594, 760.0328369140625], [886.7556762695312, 603.9542236328125], [432.59999084472656, 562.4249877929688], [479.6212921142578, 538.5352172851562]]",425394176,410943488,425394176,640,yolo26s_int8_640_ncnn_model,MOT17-02
420,167.60750699995697,0.0,10,"[2, 238, 313, 346, 358, 381, 405, 426, 184, 399]","[[1028.264892578125, 398.36566162109375, 1235.13427734375, 1010.9930419921875], [964.0244140625, 433.7076416015625, 1095.6900634765625, 942.2801513671875], [693.0553588867188, 413.9052734375, 821.0623168945312, 728.7348022460938], [585.2717895507812, 439.92877197265625, 691.1849975585938, 717.0732421875], [454.00225830078125, 447.2636413574219, 592.7909545898438, 764.8667602539062], [306.69207763671875, 445.56341552734375, 440.4336242675781, 757.679931640625], [859.6260986328125, 448.65179443359375, 911.8297119140625, 605.6959228515625], [413.53912353515625, 452.0687561035156, 452.4512939453125, 566.1513061523438], [454.439208984375, 438.2454528808594, 498.7859802246094, 540.7197265625], [1854.1417236328125, 393.19915771484375, 1919.8514404296875, 656.6458740234375]]","[0.7578125, 0.68896484375, 0.732421875, 0.57373046875, 0.7626953125, 0.75244140625, 0.41650390625, 0.3720703125, 0.300048828125, 0.27294921875]","[[1131.6995849609375, 1010.9930419921875], [1029.8572387695312, 942.2801513671875], [757.058837890625, 728.7348022460938], [638.2283935546875, 717.0732421875], [523.3966064453125, 764.8667602539062], [373.56285095214844, 757.679931640625], [885.7279052734375, 605.6959228515625], [432.9952087402344, 566.1513061523438], [476.6125946044922, 540.7197265625], [1886.99658203125, 656.6458740234375]]",425394176,410943488,425394176,640,yolo26s_int8_640_ncnn_model,MOT17-02
421,164.4580039999255,0.0,8,"[2, 238, 313, 346, 358, 381, 405, 184]","[[1018.3844604492188, 397.85162353515625, 1229.039306640625, 1010.1519775390625], [965.4070434570312, 432.5240783691406, 1096.903564453125, 944.3961791992188], [695.366455078125, 412.6742858886719, 826.1635131835938, 739.69189453125], [588.5026245117188, 437.0604553222656, 696.0484619140625, 717.3078002929688], [457.62744140625, 444.07781982421875, 596.31494140625, 759.7345581054688], [310.99200439453125, 445.718505859375, 446.0173034667969, 754.0966796875], [858.148193359375, 440.64495849609375, 911.70751953125, 603.8574829101562], [452.9948425292969, 439.2872314453125, 499.3495788574219, 546.9591064453125]]","[0.77001953125, 0.673828125, 0.68896484375, 0.607421875, 0.73876953125, 0.75634765625, 0.544921875, 0.334228515625]","[[1123.7118835449219, 1010.1519775390625], [1031.1553039550781, 944.3961791992188], [760.7649841308594, 739.69189453125], [642.2755432128906, 717.3078002929688], [526.97119140625, 759.7345581054688], [378.50465393066406, 754.0966796875], [884.9278564453125, 603.8574829101562], [476.1722106933594, 546.9591064453125]]",425394176,410943488,425394176,640,yolo26s_int8_640_ncnn_model,MOT17-02
422,164.9942449998889,0.0,8,"[2, 238, 313, 346, 358, 381, 405, 184]","[[1032.7314453125, 393.19195556640625, 1243.5810546875, 1007.340576171875], [967.046875, 434.0374755859375, 1096.2642822265625, 939.2489624023438], [702.2381591796875, 413.2035827636719, 828.208251953125, 731.020263671875], [601.296630859375, 440.200927734375, 709.6099853515625, 716.1800537109375], [468.956298828125, 448.5918273925781, 603.2289428710938, 756.080078125], [317.2737121582031, 448.7602844238281, 455.8445739746094, 754.8253784179688], [857.485595703125, 444.51715087890625, 909.9332275390625, 605.13525390625], [449.1912536621094, 444.8718566894531, 493.9513854980469, 551.9776000976562]]","[0.7841796875, 0.64892578125, 0.6748046875, 0.63330078125, 0.70703125, 0.79150390625, 0.5146484375, 0.330078125]","[[1138.15625, 1007.340576171875], [1031.6555786132812, 939.2489624023438], [765.2232055664062, 731.020263671875], [655.4533081054688, 716.1800537109375], [536.0926208496094, 756.080078125], [386.55914306640625, 754.8253784179688], [883.7094116210938, 605.13525390625], [471.5713195800781, 551.9776000976562]]",425394176,410943488,425394176,640,yolo26s_int8_640_ncnn_model,MOT17-02
423,163.69794799993542,0.0,8,"[2, 238, 313, 346, 358, 381, 405, 184]","[[1022.0568237304688, 395.1461486816406, 1237.6881103515625, 1013.4473266601562], [966.8729248046875, 441.06976318359375, 1093.844970703125, 940.7615966796875], [706.64794921875, 415.4247131347656, 829.3038940429688, 725.6320190429688], [610.6654052734375, 441.4241943359375, 720.718017578125, 715.7749633789062], [474.82611083984375, 450.566162109375, 605.8394775390625, 754.5106201171875], [316.58306884765625, 445.10858154296875, 462.4566345214844, 759.9146118164062], [854.7809448242188, 446.31671142578125, 906.952880859375, 605.403076171875], [445.8291931152344, 446.79827880859375, 489.7815246582031, 556.1555786132812]]","[0.7841796875, 0.5673828125, 0.6826171875, 0.7041015625, 0.70458984375, 0.7666015625, 0.53173828125, 0.318359375]","[[1129.8724670410156, 1013.4473266601562], [1030.3589477539062, 940.7615966796875], [767.9759216308594, 725.6320190429688], [665.6917114257812, 715.7749633789062], [540.3327941894531, 754.5106201171875], [389.5198516845703, 759.9146118164062], [880.8669128417969, 605.403076171875], [467.80535888671875, 556.1555786132812]]",425394176,410943488,425394176,640,yolo26s_int8_640_ncnn_model,MOT17-02
424,165.31878199998573,0.0,7,"[2, 238, 313, 346, 358, 381, 405]","[[1029.6849365234375, 398.61431884765625, 1245.669677734375, 1016.9859008789062], [968.8508911132812, 449.16436767578125, 1093.897216796875, 941.8331298828125], [708.7501831054688, 415.75537109375, 830.9125366210938, 726.1748657226562], [619.801025390625, 444.12701416015625, 731.6725463867188, 715.3970947265625], [481.951904296875, 445.0301513671875, 612.5006103515625, 754.2387084960938], [319.84295654296875, 444.9782409667969, 469.390625, 761.5736694335938], [853.1098022460938, 448.9915771484375, 904.665283203125, 605.5098266601562]]","[0.78759765625, 0.50146484375, 0.7099609375, 0.7392578125, 0.65576171875, 0.7783203125, 0.52783203125]","[[1137.6773071289062, 1016.9859008789062], [1031.3740539550781, 941.8331298828125], [769.8313598632812, 726.1748657226562], [675.7367858886719, 715.3970947265625], [547.2262573242188, 754.2387084960938], [394.6167907714844, 761.5736694335938], [878.8875427246094, 605.5098266601562]]",425394176,410943488,425394176,640,yolo26s_int8_640_ncnn_model,MOT17-02
425,168.1889889998729,0.0,7,"[2, 238, 313, 346, 358, 381, 405]","[[1035.5804443359375, 398.6986999511719, 1252.8092041015625, 1025.4775390625], [968.1832885742188, 442.1387634277344, 1093.34130859375, 940.2335205078125], [710.91650390625, 414.1299743652344, 832.844482421875, 725.1715087890625], [625.4793701171875, 454.3761901855469, 736.94580078125, 716.02783203125], [488.86810302734375, 443.72735595703125, 618.8027954101562, 762.3530883789062], [322.5831604003906, 443.18292236328125, 474.43170166015625, 760.99462890625], [850.0209350585938, 446.99993896484375, 902.4541625976562, 604.5558471679688]]","[0.73779296875, 0.51025390625, 0.7392578125, 0.69287109375, 0.59765625, 0.78662109375, 0.47021484375]","[[1144.19482421875, 1025.4775390625], [1030.7622985839844, 940.2335205078125], [771.8804931640625, 725.1715087890625], [681.2125854492188, 716.02783203125], [553.83544921875, 762.3530883789062], [398.50743103027344, 760.99462890625], [876.237548828125, 604.5558471679688]]",425394176,410943488,425394176,640,yolo26s_int8_640_ncnn_model,MOT17-02
426,165.17568899985235,0.0,7,"[2, 238, 313, 346, 358, 381, 405]","[[1032.851806640625, 403.15362548828125, 1251.6640625, 1037.9930419921875], [965.44140625, 440.47509765625, 1090.6798095703125, 940.6306762695312], [713.8368530273438, 414.015625, 835.1552734375, 725.3364868164062], [626.9366455078125, 454.42230224609375, 740.8987426757812, 715.0293579101562], [504.159423828125, 440.3047790527344, 632.21826171875, 766.4273071289062], [329.86138916015625, 441.2574768066406, 481.97265625, 758.0661010742188], [847.630615234375, 448.9830627441406, 900.0438842773438, 605.4457397460938]]","[0.72265625, 0.513671875, 0.7373046875, 0.69873046875, 0.58203125, 0.77001953125, 0.385498046875]","[[1142.2579345703125, 1037.9930419921875], [1028.0606079101562, 940.6306762695312], [774.4960632324219, 725.3364868164062], [683.9176940917969, 715.0293579101562], [568.1888427734375, 766.4273071289062], [405.9170227050781, 758.0661010742188], [873.8372497558594, 605.4457397460938]]",425394176,410943488,425394176,640,yolo26s_int8_640_ncnn_model,MOT17-02
427,180.51716800005124,0.0,7,"[2, 238, 313, 346, 358, 381, 405]","[[1035.7056884765625, 400.4158630371094, 1253.2703857421875, 1043.1790771484375], [970.6870727539062, 443.2799072265625, 1094.3115234375, 939.2964477539062], [717.2802124023438, 414.9699401855469, 838.3726196289062, 727.4298095703125], [625.7407836914062, 455.897216796875, 740.6076049804688, 713.1771240234375], [514.2124633789062, 439.0116271972656, 639.6356811523438, 769.9573364257812], [335.7358703613281, 438.2961120605469, 487.1565856933594, 755.2379150390625], [843.5621948242188, 451.72357177734375, 895.5148315429688, 604.79443359375]]","[0.65966796875, 0.568359375, 0.73974609375, 0.65087890625, 0.63330078125, 0.763671875, 0.35595703125]","[[1144.488037109375, 1043.1790771484375], [1032.4992980957031, 939.2964477539062], [777.826416015625, 727.4298095703125], [683.1741943359375, 713.1771240234375], [576.924072265625, 769.9573364257812], [411.44622802734375, 755.2379150390625], [869.5385131835938, 604.79443359375]]",425394176,410943488,425394176,640,yolo26s_int8_640_ncnn_model,MOT17-02
428,164.37707699992643,0.0,8,"[2, 238, 313, 358, 381, 405, 438, 410]","[[1038.5838623046875, 399.59490966796875, 1254.1007080078125, 1047.7513427734375], [968.3385009765625, 434.3558654785156, 1098.061767578125, 962.6885986328125], [720.850341796875, 414.33868408203125, 841.0150756835938, 727.2586669921875], [520.298583984375, 436.0948181152344, 641.75048828125, 767.8758544921875], [343.9986267089844, 439.6700439453125, 490.0155334472656, 749.7384033203125], [840.4553833007812, 451.49114990234375, 891.5778198242188, 602.7979736328125], [1248.740478515625, 434.17498779296875, 1309.659423828125, 587.625], [610.566162109375, 452.5779113769531, 745.3470458984375, 715.3787231445312]]","[0.669921875, 0.53759765625, 0.71240234375, 0.66259765625, 0.69384765625, 0.5166015625, 0.399658203125, 0.70166015625]","[[1146.34228515625, 1047.7513427734375], [1033.2001342773438, 962.6885986328125], [780.9327087402344, 727.2586669921875], [581.0245361328125, 767.8758544921875], [417.007080078125, 749.7384033203125], [866.0166015625, 602.7979736328125], [1279.199951171875, 587.625], [677.9566040039062, 715.3787231445312]]",425394176,410943488,425394176,640,yolo26s_int8_640_ncnn_model,MOT17-02
429,164.88819000005606,0.0,9,"[2, 238, 313, 358, 381, 405, 438, 442, 410]","[[1041.996337890625, 399.5158996582031, 1256.05908203125, 1054.0478515625], [973.3956909179688, 436.8822021484375, 1099.3271484375, 953.8379516601562], [729.2822875976562, 419.0608825683594, 846.5656127929688, 728.2108154296875], [527.3156127929688, 437.96173095703125, 645.7291870117188, 767.0576171875], [352.98876953125, 434.71051025390625, 499.1672668457031, 751.1981201171875], [839.1499633789062, 455.64263916015625, 887.4605102539062, 598.8107299804688], [1257.5816650390625, 429.076171875, 1321.901123046875, 590.2030639648438], [1630.8895263671875, 321.5249938964844, 1919.9105224609375, 981.6749877929688], [616.4498901367188, 450.7367858886719, 748.7611083984375, 712.457275390625]]","[0.71728515625, 0.5283203125, 0.57763671875, 0.70849609375, 0.65576171875, 0.52734375, 0.359375, 0.55224609375, 0.6845703125]","[[1149.0277099609375, 1054.0478515625], [1036.3614196777344, 953.8379516601562], [787.9239501953125, 728.2108154296875], [586.5223999023438, 767.0576171875], [426.07801818847656, 751.1981201171875], [863.3052368164062, 598.8107299804688], [1289.7413940429688, 590.2030639648438], [1775.4000244140625, 981.6749877929688], [682.6054992675781, 712.457275390625]]",425394176,410943488,425394176,640,yolo26s_int8_640_ncnn_model,MOT17-02
430,166.49889499990422,0.0,9,"[2, 238, 313, 358, 381, 405, 438, 442, 410]","[[1045.4927978515625, 395.3064880371094, 1261.487548828125, 1060.501220703125], [972.0510864257812, 424.76025390625, 1101.1859130859375, 961.3222045898438], [731.7713012695312, 422.09222412109375, 848.0684814453125, 728.345947265625], [537.2445068359375, 441.4356689453125, 651.3529052734375, 758.08251953125], [370.08758544921875, 438.81756591796875, 508.151611328125, 747.8216552734375], [838.3746948242188, 455.6491394042969, 885.4688720703125, 595.801025390625], [1260.095947265625, 427.0321350097656, 1325.5361328125, 590.244384765625], [1596.6146240234375, 308.29034423828125, 1914.0250244140625, 1032.7880859375], [623.2322998046875, 446.9197998046875, 753.6920776367188, 712.8191528320312]]","[0.67626953125, 0.488525390625, 0.64453125, 0.7421875, 0.447998046875, 0.49609375, 0.28173828125, 0.56005859375, 0.64990234375]","[[1153.4901733398438, 1060.501220703125], [1036.6184997558594, 961.3222045898438], [789.9198913574219, 728.345947265625], [594.2987060546875, 758.08251953125], [439.1195983886719, 747.8216552734375], [861.9217834472656, 595.801025390625], [1292.8160400390625, 590.244384765625], [1755.31982421875, 1032.7880859375], [688.4621887207031, 712.8191528320312]]",425394176,410943488,425394176,640,yolo26s_int8_640_ncnn_model,MOT17-02
431,165.04909700006465,0.0,8,"[2, 238, 313, 358, 381, 405, 442, 346]","[[1048.2135009765625, 397.125732421875, 1257.2562255859375, 1050.600830078125], [975.3199462890625, 424.1703186035156, 1104.9072265625, 966.9885864257812], [732.37451171875, 422.2063293457031, 848.6618041992188, 727.4144897460938], [547.9317626953125, 444.0492858886719, 661.5252685546875, 756.4171752929688], [374.5036926269531, 440.6849060058594, 506.5787048339844, 743.3290405273438], [837.3768920898438, 450.29827880859375, 885.6533203125, 596.0186767578125], [1564.42822265625, 304.19036865234375, 1896.82080078125, 1059.019287109375], [637.4192504882812, 446.2167663574219, 753.4837646484375, 711.93994140625]]","[0.68017578125, 0.443359375, 0.62158203125, 0.77099609375, 0.46630859375, 0.452392578125, 0.6025390625, 0.5810546875]","[[1152.73486328125, 1050.600830078125], [1040.1135864257812, 966.9885864257812], [790.5181579589844, 727.4144897460938], [604.728515625, 756.4171752929688], [440.54119873046875, 743.3290405273438], [861.5151062011719, 596.0186767578125], [1730.62451171875, 1059.019287109375], [695.4515075683594, 711.93994140625]]",425394176,410943488,425394176,640,yolo26s_int8_640_ncnn_model,MOT17-02
432,164.53217100001893,0.0,10,"[2, 238, 313, 358, 381, 405, 442, 448, 449, 346]","[[1050.6397705078125, 397.5950012207031, 1254.1871337890625, 1041.8829345703125], [979.3905029296875, 424.96844482421875, 1107.4249267578125, 965.1939086914062], [736.221923828125, 423.2169494628906, 851.97021484375, 726.0844116210938], [554.471923828125, 442.7687683105469, 669.2117309570312, 755.0839233398438], [383.72772216796875, 438.62945556640625, 513.3790283203125, 745.4774169921875], [835.2066650390625, 441.4393310546875, 885.6432495117188, 595.1265258789062], [1536.2386474609375, 299.6829528808594, 1878.2100830078125, 1068.01123046875], [1183.6722412109375, 416.625, 1326.427734375, 778.5750122070312], [1264.9752197265625, 425.32501220703125, 1350.4248046875, 685.875], [641.5018920898438, 446.2115783691406, 754.6851196289062, 709.5747680664062]]","[0.6474609375, 0.4921875, 0.67724609375, 0.7431640625, 0.58984375, 0.5126953125, 0.71728515625, 0.453857421875, 0.345458984375, 0.56005859375]","[[1152.4134521484375, 1041.8829345703125], [1043.40771484375, 965.1939086914062], [794.0960693359375, 726.0844116210938], [611.8418273925781, 755.0839233398438], [448.5533752441406, 745.4774169921875], [860.4249572753906, 595.1265258789062], [1707.224365234375, 1068.01123046875], [1255.0499877929688, 778.5750122070312], [1307.7000122070312, 685.875], [698.093505859375, 709.5747680664062]]",425394176,410943488,425394176,640,yolo26s_int8_640_ncnn_model,MOT17-02
433,165.87524600004144,0.0,11,"[2, 238, 313, 358, 381, 405, 442, 448, 449, 346, 450]","[[1058.7598876953125, 398.7679748535156, 1253.73779296875, 1021.61767578125], [983.7217407226562, 426.30792236328125, 1110.4901123046875, 961.4514770507812], [740.0578002929688, 422.0708312988281, 855.5432739257812, 727.0999145507812], [557.6846923828125, 445.0321350097656, 673.79150390625, 756.861328125], [394.1877746582031, 436.8856506347656, 519.3348999023438, 743.3352661132812], [834.8165283203125, 440.29168701171875, 884.3553466796875, 592.620849609375], [1508.9884033203125, 299.69384765625, 1856.028076171875, 1064.3021240234375], [1183.8837890625, 419.711669921875, 1331.37939453125, 793.6716918945312], [1271.5992431640625, 424.3919677734375, 1355.93017578125, 681.2098388671875], [645.6922607421875, 449.4554443359375, 755.7031860351562, 709.4922485351562], [689.58837890625, 413.1000061035156, 853.3115844726562, 721.7999877929688]]","[0.62451171875, 0.50830078125, 0.65478515625, 0.72705078125, 0.55126953125, 0.552734375, 0.64208984375, 0.421142578125, 0.421630859375, 0.471435546875, 0.376220703125]","[[1156.2488403320312, 1021.61767578125], [1047.1059265136719, 961.4514770507812], [797.800537109375, 727.0999145507812], [615.7380981445312, 756.861328125], [456.76133728027344, 743.3352661132812], [859.5859375, 592.620849609375], [1682.5082397460938, 1064.3021240234375], [1257.631591796875, 793.6716918945312], [1313.7647094726562, 681.2098388671875], [700.6977233886719, 709.4922485351562], [771.4499816894531, 721.7999877929688]]",425394176,410943488,425394176,640,yolo26s_int8_640_ncnn_model,MOT17-02
434,164.87602300003346,0.0,9,"[238, 313, 358, 381, 405, 442, 448, 449, 346]","[[988.9285278320312, 426.6060485839844, 1113.946044921875, 952.2896728515625], [741.8818969726562, 419.1394348144531, 858.2372436523438, 727.990966796875], [558.3721313476562, 444.890380859375, 675.9990234375, 756.5689086914062], [405.9965515136719, 435.2425842285156, 530.0819702148438, 745.5592651367188], [832.2406616210938, 441.1366271972656, 881.5399169921875, 594.4083862304688], [1471.4879150390625, 297.6418762207031, 1828.67919921875, 1066.263671875], [1187.9886474609375, 414.89019775390625, 1323.4866943359375, 758.6982421875], [1270.780029296875, 423.2025451660156, 1367.7843017578125, 719.538330078125], [653.6783447265625, 447.209716796875, 762.2730102539062, 709.9627075195312]]","[0.498046875, 0.65625, 0.77294921875, 0.65478515625, 0.275390625, 0.36865234375, 0.451171875, 0.454345703125, 0.3740234375]","[[1051.4372863769531, 952.2896728515625], [800.0595703125, 727.990966796875], [617.1855773925781, 756.5689086914062], [468.0392608642578, 745.5592651367188], [856.8902893066406, 594.4083862304688], [1650.0835571289062, 1066.263671875], [1255.7376708984375, 758.6982421875], [1319.2821655273438, 719.538330078125], [707.9756774902344, 709.9627075195312]]",425394176,410943488,425394176,640,yolo26s_int8_640_ncnn_model,MOT17-02
435,164.71352299981845,0.0,9,"[238, 313, 358, 381, 442, 448, 449, 346, 2]","[[993.6532592773438, 424.758056640625, 1113.382568359375, 920.9156494140625], [743.2732543945312, 416.53826904296875, 859.2999877929688, 727.8433227539062], [560.4367065429688, 447.5671691894531, 679.00439453125, 756.7325439453125], [408.16522216796875, 439.3391418457031, 530.9435424804688, 746.6820068359375], [1428.4896240234375, 295.537841796875, 1776.2943115234375, 1026.01904296875], [1191.29833984375, 411.6881408691406, 1324.45263671875, 750.0540771484375], [1270.1943359375, 423.8815612792969, 1375.935791015625, 749.2259521484375], [667.95458984375, 445.3978576660156, 772.906005859375, 708.1647338867188], [1090.7091064453125, 402.99676513671875, 1239.3321533203125, 862.819091796875]]","[0.55419921875, 0.62890625, 0.7578125, 0.68896484375, 0.61767578125, 0.53564453125, 0.5537109375, 0.4052734375, 0.488525390625]","[[1053.5179138183594, 920.9156494140625], [801.28662109375, 727.8433227539062], [619.7205505371094, 756.7325439453125], [469.55438232421875, 746.6820068359375], [1602.3919677734375, 1026.01904296875], [1257.87548828125, 750.0540771484375], [1323.0650634765625, 749.2259521484375], [720.4302978515625, 708.1647338867188], [1165.0206298828125, 862.819091796875]]",425394176,410943488,425394176,640,yolo26s_int8_640_ncnn_model,MOT17-02
436,178.54394500000126,0.0,8,"[238, 313, 358, 381, 442, 448, 346, 2]","[[1004.4290771484375, 427.6423645019531, 1109.076416015625, 838.5164794921875], [742.1326904296875, 414.313232421875, 858.164306640625, 730.0182495117188], [560.0090942382812, 450.5635681152344, 679.8587646484375, 758.8131103515625], [411.39385986328125, 439.1806640625, 535.1826171875, 745.9064331054688], [1361.0283203125, 304.04632568359375, 1721.70263671875, 1047.6314697265625], [1196.5361328125, 407.73089599609375, 1323.794677734375, 730.9440307617188], [676.7266845703125, 439.7818298339844, 782.135986328125, 714.4140625], [1103.228515625, 407.98492431640625, 1243.206787109375, 832.0393676757812]]","[0.56005859375, 0.62451171875, 0.7919921875, 0.69873046875, 0.327880859375, 0.439208984375, 0.3623046875, 0.515625]","[[1056.7527465820312, 838.5164794921875], [800.1484985351562, 730.0182495117188], [619.9339294433594, 758.8131103515625], [473.2882385253906, 745.9064331054688], [1541.365478515625, 1047.6314697265625], [1260.1654052734375, 730.9440307617188], [729.4313354492188, 714.4140625], [1173.2176513671875, 832.0393676757812]]",425394176,410943488,425394176,640,yolo26s_int8_640_ncnn_model,MOT17-02
437,164.9604859999272,0.0,8,"[238, 313, 358, 381, 442, 448, 346, 2]","[[1007.9073486328125, 425.8299560546875, 1112.0362548828125, 820.4361572265625], [748.988037109375, 409.2945861816406, 862.0594482421875, 722.231689453125], [560.1232299804688, 452.4136657714844, 681.486083984375, 759.8575439453125], [418.5849609375, 445.5832824707031, 541.7213745117188, 747.1332397460938], [1290.0819091796875, 307.63824462890625, 1659.130859375, 1056.6796875], [1203.9898681640625, 406.7871398925781, 1326.5120849609375, 716.1129150390625], [688.7836303710938, 442.3252258300781, 788.231201171875, 710.1806030273438], [1103.1651611328125, 401.9761047363281, 1248.67919921875, 836.4342651367188]]","[0.68017578125, 0.5537109375, 0.80712890625, 0.65576171875, 0.489990234375, 0.385498046875, 0.352783203125, 0.58984375]","[[1059.9718017578125, 820.4361572265625], [805.5237426757812, 722.231689453125], [620.8046569824219, 759.8575439453125], [480.1531677246094, 747.1332397460938], [1474.6063842773438, 1056.6796875], [1265.2509765625, 716.1129150390625], [738.5074157714844, 710.1806030273438], [1175.9221801757812, 836.4342651367188]]",425394176,410943488,425394176,640,yolo26s_int8_640_ncnn_model,MOT17-02
438,163.9793549998103,0.0,7,"[238, 313, 358, 381, 442, 346, 2]","[[1007.7860107421875, 427.8857421875, 1120.416015625, 844.7801513671875], [753.8591918945312, 414.8305358886719, 863.0604858398438, 719.7468872070312], [560.0103759765625, 450.8398742675781, 682.8727416992188, 755.5281982421875], [420.7854309082031, 440.7487487792969, 545.6365356445312, 745.8767700195312], [1236.5804443359375, 319.07159423828125, 1587.0941162109375, 1017.6934814453125], [696.2672119140625, 442.1562194824219, 794.1954345703125, 709.7261352539062], [1102.4342041015625, 399.0176696777344, 1252.125, 843.188232421875]]","[0.68017578125, 0.6298828125, 0.78759765625, 0.71142578125, 0.728515625, 0.441650390625, 0.74853515625]","[[1064.1010131835938, 844.7801513671875], [808.4598388671875, 719.7468872070312], [621.4415588378906, 755.5281982421875], [483.2109832763672, 745.8767700195312], [1411.8372802734375, 1017.6934814453125], [745.2313232421875, 709.7261352539062], [1177.2796020507812, 843.188232421875]]",425394176,410943488,425394176,640,yolo26s_int8_640_ncnn_model,MOT17-02
439,165.03250499999922,0.0,7,"[238, 313, 358, 381, 442, 346, 2]","[[1006.6944580078125, 423.3189392089844, 1124.2752685546875, 848.3784790039062], [759.4998168945312, 412.2088928222656, 868.3883056640625, 721.5953369140625], [563.126953125, 445.2265319824219, 687.8561401367188, 750.9135131835938], [426.20770263671875, 443.8988952636719, 549.0253295898438, 743.4469604492188], [1168.4525146484375, 337.42755126953125, 1529.7498779296875, 1050.158935546875], [703.3099365234375, 446.3275146484375, 798.6896362304688, 709.3096923828125], [1106.255615234375, 400.26885986328125, 1248.0587158203125, 815.3401489257812]]","[0.68115234375, 0.529296875, 0.79150390625, 0.7451171875, 0.52783203125, 0.42138671875, 0.501953125]","[[1065.48486328125, 848.3784790039062], [813.9440612792969, 721.5953369140625], [625.4915466308594, 750.9135131835938], [487.61651611328125, 743.4469604492188], [1349.1011962890625, 1050.158935546875], [750.9997863769531, 709.3096923828125], [1177.1571655273438, 815.3401489257812]]",425394176,410943488,425394176,640,yolo26s_int8_640_ncnn_model,MOT17-02
440,164.5975599999474,0.0,7,"[238, 313, 358, 381, 442, 346, 399]","[[1007.309814453125, 424.1072692871094, 1130.5025634765625, 857.59521484375], [762.055419921875, 429.04638671875, 864.764892578125, 721.3097534179688], [563.58642578125, 447.09564208984375, 688.1434936523438, 749.2169799804688], [433.9205322265625, 446.09503173828125, 555.5913696289062, 740.5505981445312], [1105.3507080078125, 344.7135009765625, 1467.2232666015625, 1053.624755859375], [708.4097900390625, 448.43853759765625, 802.403564453125, 708.65625], [1857.436767578125, 393.7201843261719, 1920.0, 656.2271118164062]]","[0.7158203125, 0.48291015625, 0.79833984375, 0.72509765625, 0.60986328125, 0.488525390625, 0.3095703125]","[[1068.9061889648438, 857.59521484375], [813.41015625, 721.3097534179688], [625.8649597167969, 749.2169799804688], [494.7559509277344, 740.5505981445312], [1286.2869873046875, 1053.624755859375], [755.4066772460938, 708.65625], [1888.7183837890625, 656.2271118164062]]",425394176,410943488,425394176,640,yolo26s_int8_640_ncnn_model,MOT17-02
441,164.9909299999308,0.0,8,"[238, 313, 358, 381, 442, 346, 467, 449]","[[1018.5923461914062, 430.6563720703125, 1129.577880859375, 806.2252197265625], [767.5005493164062, 433.28826904296875, 866.6314697265625, 716.4212646484375], [565.3619384765625, 448.0563659667969, 689.3009033203125, 746.3743896484375], [437.2457580566406, 446.8960876464844, 558.6055297851562, 740.5079956054688], [1049.5423583984375, 358.22247314453125, 1402.36669921875, 1043.7806396484375], [712.813232421875, 449.7331848144531, 806.8031616210938, 709.9111328125], [352.6906433105469, 514.5, 426.40936279296875, 621.9000244140625], [1329.4237060546875, 436.72454833984375, 1435.7109375, 757.4779663085938]]","[0.313720703125, 0.50830078125, 0.76953125, 0.74267578125, 0.51513671875, 0.6015625, 0.41015625, 0.546875]","[[1074.0851135253906, 806.2252197265625], [817.0660095214844, 716.4212646484375], [627.3314208984375, 746.3743896484375], [497.92564392089844, 740.5079956054688], [1225.9545288085938, 1043.7806396484375], [759.8081970214844, 709.9111328125], [389.5500030517578, 621.9000244140625], [1382.5673217773438, 757.4779663085938]]",425394176,410943488,425394176,640,yolo26s_int8_640_ncnn_model,MOT17-02
442,165.871616000004,0.0,7,"[313, 358, 381, 442, 346, 467, 449]","[[769.7451782226562, 426.6571350097656, 869.86572265625, 714.677734375], [568.5523681640625, 444.6596984863281, 693.9188232421875, 747.1092529296875], [443.3256530761719, 443.6768493652344, 565.4290771484375, 741.0272827148438], [1003.69775390625, 369.1865539550781, 1341.6912841796875, 1021.5651245117188], [714.6023559570312, 448.4757995605469, 809.8606567382812, 710.1358642578125], [345.24908447265625, 513.6237182617188, 423.7442321777344, 627.917236328125], [1324.724365234375, 435.2073669433594, 1434.6043701171875, 757.0567626953125]]","[0.67822265625, 0.78173828125, 0.68505859375, 0.3798828125, 0.5732421875, 0.55810546875, 0.67041015625]","[[819.8054504394531, 714.677734375], [631.235595703125, 747.1092529296875], [504.3773651123047, 741.0272827148438], [1172.6945190429688, 1021.5651245117188], [762.2315063476562, 710.1358642578125], [384.4966583251953, 627.917236328125], [1379.6643676757812, 757.0567626953125]]",425394176,410943488,425394176,640,yolo26s_int8_640_ncnn_model,MOT17-02
443,165.02411599981315,0.0,7,"[313, 358, 381, 442, 346, 467, 449]","[[774.4273071289062, 420.9930419921875, 874.9884033203125, 713.3300170898438], [574.0520629882812, 447.1172180175781, 697.0459594726562, 745.6845703125], [448.7877197265625, 444.1965026855469, 568.35595703125, 738.5236206054688], [963.4367065429688, 365.527587890625, 1296.3956298828125, 1003.2483520507812], [715.266357421875, 446.7599792480469, 810.6010131835938, 707.4954223632812], [338.8507080078125, 515.0361328125, 416.5966491699219, 628.2017822265625], [1328.8868408203125, 434.87451171875, 1441.1568603515625, 757.0011596679688]]","[0.48583984375, 0.75439453125, 0.68994140625, 0.6259765625, 0.5419921875, 0.54833984375, 0.61328125]","[[824.7078552246094, 713.3300170898438], [635.5490112304688, 745.6845703125], [508.57183837890625, 738.5236206054688], [1129.9161682128906, 1003.2483520507812], [762.9336853027344, 707.4954223632812], [377.7236785888672, 628.2017822265625], [1385.0218505859375, 757.0011596679688]]",425394176,410943488,425394176,640,yolo26s_int8_640_ncnn_model,MOT17-02
444,170.86636300018654,0.0,9,"[313, 358, 381, 442, 346, 467, 449, 184, 450]","[[779.7117919921875, 419.090576171875, 880.1174926757812, 714.603759765625], [577.9774780273438, 442.8195495605469, 700.0787353515625, 742.4461669921875], [460.0657958984375, 443.63775634765625, 578.7001953125, 733.3673095703125], [915.0090942382812, 361.20489501953125, 1250.541748046875, 1005.6303100585938], [716.1250610351562, 447.3524475097656, 811.821044921875, 708.234130859375], [328.7520751953125, 513.8675537109375, 407.10028076171875, 627.4913940429688], [1332.84326171875, 434.0888977050781, 1447.698974609375, 759.3947143554688], [412.349365234375, 463.19415283203125, 454.6967468261719, 571.9533081054688], [710.0228881835938, 441.9818420410156, 854.37060546875, 715.9042358398438]]","[0.4697265625, 0.732421875, 0.54345703125, 0.6181640625, 0.51220703125, 0.40185546875, 0.70703125, 0.3896484375, 0.334716796875]","[[829.9146423339844, 714.603759765625], [639.0281066894531, 742.4461669921875], [519.3829956054688, 733.3673095703125], [1082.7754211425781, 1005.6303100585938], [763.9730529785156, 708.234130859375], [367.9261779785156, 627.4913940429688], [1390.2711181640625, 759.3947143554688], [433.52305603027344, 571.9533081054688], [782.1967468261719, 715.9042358398438]]",425394176,410943488,425394176,640,yolo26s_int8_640_ncnn_model,MOT17-02
445,165.49348600005942,0.0,9,"[313, 358, 381, 442, 346, 467, 449, 184, 2]","[[783.1007690429688, 409.9552001953125, 884.3881225585938, 711.6640014648438], [583.505859375, 441.9673156738281, 702.857421875, 738.5487060546875], [460.97344970703125, 440.1656494140625, 578.4020385742188, 729.7263793945312], [868.1766967773438, 348.5868835449219, 1218.042724609375, 1020.5048828125], [716.7650146484375, 448.5738220214844, 810.6087646484375, 703.5606079101562], [318.4800720214844, 510.2319030761719, 402.709228515625, 632.5715942382812], [1334.057861328125, 432.65069580078125, 1452.9208984375, 767.1746826171875], [412.8988037109375, 464.1706848144531, 454.166015625, 571.3388671875], [1154.53076171875, 392.8046569824219, 1333.677734375, 902.6229858398438]]","[0.467041015625, 0.70166015625, 0.62646484375, 0.5390625, 0.50048828125, 0.58935546875, 0.69921875, 0.385498046875, 0.59765625]","[[833.7444458007812, 711.6640014648438], [643.181640625, 738.5487060546875], [519.687744140625, 729.7263793945312], [1043.1097106933594, 1020.5048828125], [763.6868896484375, 703.5606079101562], [360.5946502685547, 632.5715942382812], [1393.4893798828125, 767.1746826171875], [433.53240966796875, 571.3388671875], [1244.104248046875, 902.6229858398438]]",425394176,410943488,425394176,640,yolo26s_int8_640_ncnn_model,MOT17-02
446,164.23922600006335,0.0,9,"[313, 358, 381, 442, 346, 467, 449, 184, 2]","[[790.6868286132812, 408.4926452636719, 890.2948608398438, 710.5874633789062], [591.8931884765625, 438.6705322265625, 709.27783203125, 736.1390991210938], [466.0621032714844, 439.8753662109375, 583.0844116210938, 731.4205322265625], [830.3843383789062, 342.7414855957031, 1171.869140625, 998.5475463867188], [721.797119140625, 448.79071044921875, 817.9622192382812, 705.052001953125], [310.94549560546875, 512.043212890625, 397.326416015625, 637.3362426757812], [1337.255615234375, 432.9903869628906, 1455.6910400390625, 765.07275390625], [413.4984436035156, 464.7427978515625, 453.5600280761719, 570.8902587890625], [1123.451416015625, 395.1304016113281, 1335.249755859375, 1000.269287109375]]","[0.420654296875, 0.66650390625, 0.625, 0.60498046875, 0.29345703125, 0.419677734375, 0.68603515625, 0.312744140625, 0.673828125]","[[840.4908447265625, 710.5874633789062], [650.5855102539062, 736.1390991210938], [524.5732574462891, 731.4205322265625], [1001.1267395019531, 998.5475463867188], [769.8796691894531, 705.052001953125], [354.1359558105469, 637.3362426757812], [1396.4733276367188, 765.07275390625], [433.52923583984375, 570.8902587890625], [1229.3505859375, 1000.269287109375]]",425394176,410943488,425394176,640,yolo26s_int8_640_ncnn_model,MOT17-02
447,166.20052500002203,0.0,8,"[313, 358, 381, 442, 467, 449, 2, 450]","[[800.1395263671875, 410.4564208984375, 893.630615234375, 699.8423461914062], [606.2902221679688, 436.4675598144531, 722.0014038085938, 739.2745361328125], [469.5543518066406, 435.8058166503906, 585.829833984375, 728.1392822265625], [789.6284790039062, 331.48101806640625, 1127.1552734375, 983.8564453125], [303.49456787109375, 514.5563354492188, 388.1563720703125, 637.2781982421875], [1338.278076171875, 428.75115966796875, 1459.393310546875, 771.33203125], [1121.938232421875, 397.115966796875, 1343.7210693359375, 1042.207763671875], [715.1632690429688, 433.1502685546875, 856.5891723632812, 704.574462890625]]","[0.331298828125, 0.63427734375, 0.54443359375, 0.327880859375, 0.453857421875, 0.71875, 0.7783203125, 0.3271484375]","[[846.8850708007812, 699.8423461914062], [664.1458129882812, 739.2745361328125], [527.6920928955078, 728.1392822265625], [958.3918762207031, 983.8564453125], [345.8254699707031, 637.2781982421875], [1398.835693359375, 771.33203125], [1232.8296508789062, 1042.207763671875], [785.876220703125, 704.574462890625]]",425394176,410943488,425394176,640,yolo26s_int8_640_ncnn_model,MOT17-02
448,165.17259700003706,0.0,8,"[358, 381, 467, 449, 2, 486, 450, 238]","[[617.361083984375, 433.202880859375, 729.6911010742188, 738.0338745117188], [475.6129455566406, 438.7522888183594, 587.6588134765625, 720.5012817382812], [294.0302734375, 514.52587890625, 383.8840026855469, 645.2379760742188], [1340.8505859375, 425.88482666015625, 1463.2034912109375, 775.8001098632812], [1108.4951171875, 401.4048767089844, 1337.350830078125, 1063.736328125], [1259.9649658203125, 419.54998779296875, 1365.0350341796875, 738.1500244140625], [721.3916015625, 443.0970764160156, 856.3650512695312, 704.2020874023438], [1041.6529541015625, 428.54443359375, 1189.74755859375, 942.1514892578125]]","[0.57177734375, 0.58154296875, 0.4443359375, 0.66162109375, 0.71435546875, 0.334716796875, 0.59814453125, 0.51171875]","[[673.5260925292969, 738.0338745117188], [531.6358795166016, 720.5012817382812], [338.95713806152344, 645.2379760742188], [1402.0270385742188, 775.8001098632812], [1222.9229736328125, 1063.736328125], [1312.5, 738.1500244140625], [788.8783264160156, 704.2020874023438], [1115.7002563476562, 942.1514892578125]]",425394176,410943488,425394176,640,yolo26s_int8_640_ncnn_model,MOT17-02
449,164.86724500009586,0.0,8,"[358, 381, 467, 449, 2, 486, 238, 442]","[[623.2698974609375, 436.6905517578125, 731.5084228515625, 738.8425903320312], [480.8923034667969, 438.6500244140625, 591.3885498046875, 717.9286499023438], [286.22442626953125, 515.004150390625, 378.3435974121094, 649.5551147460938], [1342.7513427734375, 425.20709228515625, 1464.3560791015625, 778.8766479492188], [1119.82763671875, 401.4264831542969, 1347.5545654296875, 1068.1826171875], [1262.5394287109375, 416.9777526855469, 1372.9833984375, 752.648193359375], [1035.802978515625, 425.3780212402344, 1188.6837158203125, 958.02734375], [725.0884399414062, 327.2500915527344, 1059.598876953125, 974.3728637695312]]","[0.60009765625, 0.5751953125, 0.55810546875, 0.70361328125, 0.73095703125, 0.382080078125, 0.7314453125, 0.583984375]","[[677.38916015625, 738.8425903320312], [536.1404266357422, 717.9286499023438], [332.2840118408203, 649.5551147460938], [1403.5537109375, 778.8766479492188], [1233.6911010742188, 1068.1826171875], [1317.7614135742188, 752.648193359375], [1112.2433471679688, 958.02734375], [892.3436584472656, 974.3728637695312]]",425394176,410943488,425394176,640,yolo26s_int8_640_ncnn_model,MOT17-02
450,165.51452400017297,0.0,9,"[358, 381, 467, 449, 2, 486, 238, 490, 442]","[[628.4139404296875, 436.825439453125, 731.8087158203125, 733.4878540039062], [492.676513671875, 441.1285095214844, 598.5948486328125, 711.5504760742188], [277.6820983886719, 512.744873046875, 370.00897216796875, 647.6897583007812], [1347.76123046875, 422.196044921875, 1467.0103759765625, 773.8074951171875], [1136.353759765625, 394.632080078125, 1364.1304931640625, 1063.8724365234375], [1266.372802734375, 418.9848937988281, 1376.0322265625, 753.4201049804688], [1037.4329833984375, 425.7998352050781, 1191.09912109375, 962.5684814453125], [599.6262817382812, 477.67498779296875, 657.9736938476562, 636.5250244140625], [687.6688842773438, 328.9522399902344, 1031.0665283203125, 994.6824340820312]]","[0.64501953125, 0.5380859375, 0.52978515625, 0.63427734375, 0.794921875, 0.325439453125, 0.74462890625, 0.4375, 0.475341796875]","[[680.111328125, 733.4878540039062], [545.6356811523438, 711.5504760742188], [323.8455352783203, 647.6897583007812], [1407.3858032226562, 773.8074951171875], [1250.2421264648438, 1063.8724365234375], [1321.2025146484375, 753.4201049804688], [1114.2660522460938, 962.5684814453125], [628.7999877929688, 636.5250244140625], [859.3677062988281, 994.6824340820312]]",425394176,410943488,425394176,640,yolo26s_int8_640_ncnn_model,MOT17-02
451,165.28472799996052,0.0,8,"[358, 381, 467, 449, 2, 238, 490, 442]","[[635.5157470703125, 439.4030456542969, 735.2911376953125, 732.0137939453125], [499.4380798339844, 446.6192321777344, 607.0435180664062, 716.8656005859375], [269.84033203125, 512.5964965820312, 363.01849365234375, 649.0258178710938], [1349.5531005859375, 420.9935607910156, 1466.78955078125, 768.7728271484375], [1144.817138671875, 395.39898681640625, 1374.143310546875, 1059.249267578125], [1041.6419677734375, 425.1155090332031, 1195.8223876953125, 966.8048706054688], [603.9498291015625, 484.1605529785156, 659.025634765625, 633.7788696289062], [649.9542236328125, 328.3289489746094, 1002.9169921875, 1021.7472534179688]]","[0.51513671875, 0.591796875, 0.58203125, 0.572265625, 0.84130859375, 0.7900390625, 0.405029296875, 0.56005859375]","[[685.4034423828125, 732.0137939453125], [553.2407989501953, 716.8656005859375], [316.4294128417969, 649.0258178710938], [1408.1713256835938, 768.7728271484375], [1259.480224609375, 1059.249267578125], [1118.732177734375, 966.8048706054688], [631.4877319335938, 633.7788696289062], [826.4356079101562, 1021.7472534179688]]",425394176,410943488,425394176,640,yolo26s_int8_640_ncnn_model,MOT17-02
452,164.37030099996264,0.0,6,"[381, 467, 449, 2, 238, 442]","[[504.5104675292969, 442.5931701660156, 616.1676025390625, 719.8798217773438], [264.5555725097656, 520.3956298828125, 354.3000183105469, 651.4049682617188], [1361.1514892578125, 420.26202392578125, 1479.2237548828125, 767.0250854492188], [1143.866943359375, 395.5685729980469, 1383.8560791015625, 1068.7467041015625], [1044.684814453125, 425.8759765625, 1197.95068359375, 966.2063598632812], [619.723388671875, 337.7607116699219, 958.8963623046875, 1000.9353637695312]]","[0.62353515625, 0.568359375, 0.55517578125, 0.7734375, 0.787109375, 0.466796875]","[[560.3390350341797, 719.8798217773438], [309.42779541015625, 651.4049682617188], [1420.1876220703125, 767.0250854492188], [1263.8615112304688, 1068.7467041015625], [1121.3177490234375, 966.2063598632812], [789.3098754882812, 1000.9353637695312]]",425394176,410943488,425394176,640,yolo26s_int8_640_ncnn_model,MOT17-02
453,196.8046490001143,0.0,6,"[381, 467, 449, 2, 238, 442]","[[507.2640075683594, 449.74981689453125, 617.330078125, 719.3070678710938], [257.2627868652344, 517.6957397460938, 347.9138488769531, 649.9437866210938], [1361.3175048828125, 417.2456359863281, 1478.868896484375, 769.0411376953125], [1163.6114501953125, 395.94903564453125, 1408.629638671875, 1070.836181640625], [1047.66845703125, 425.52655029296875, 1200.56689453125, 965.3526000976562], [578.3657836914062, 351.1307678222656, 921.9545288085938, 1023.0535278320312]]","[0.69580078125, 0.6416015625, 0.5390625, 0.82373046875, 0.7802734375, 0.43603515625]","[[562.2970428466797, 719.3070678710938], [302.58831787109375, 649.9437866210938], [1420.0932006835938, 769.0411376953125], [1286.1205444335938, 1070.836181640625], [1124.11767578125, 965.3526000976562], [750.16015625, 1023.0535278320312]]",425394176,410943488,425394176,640,yolo26s_int8_640_ncnn_model,MOT17-02
454,165.62226399992142,0.0,8,"[381, 467, 449, 2, 238, 442, 399, 313]","[[508.4920654296875, 444.1917419433594, 620.9818725585938, 720.4095458984375], [252.1588134765625, 516.4369506835938, 339.46051025390625, 643.66552734375], [1370.92919921875, 419.7938537597656, 1489.5474853515625, 773.9448852539062], [1169.62890625, 402.00933837890625, 1419.57177734375, 1074.090087890625], [1051.0498046875, 425.45562744140625, 1202.9676513671875, 962.7561645507812], [543.9120483398438, 366.39019775390625, 873.9183959960938, 1010.8809204101562], [1856.1759033203125, 388.58319091796875, 1920.0, 655.51123046875], [813.895263671875, 409.0064392089844, 909.6192626953125, 721.149658203125]]","[0.73193359375, 0.6103515625, 0.689453125, 0.8603515625, 0.76513671875, 0.436767578125, 0.28759765625, 0.4970703125]","[[564.7369689941406, 720.4095458984375], [295.8096618652344, 643.66552734375], [1430.2383422851562, 773.9448852539062], [1294.600341796875, 1074.090087890625], [1127.0087280273438, 962.7561645507812], [708.9152221679688, 1010.8809204101562], [1888.0879516601562, 655.51123046875], [861.7572631835938, 721.149658203125]]",425394176,410943488,425394176,640,yolo26s_int8_640_ncnn_model,MOT17-02
455,165.49276499995358,0.0,8,"[381, 467, 449, 2, 238, 442, 399, 313]","[[505.2973937988281, 458.4657897949219, 609.385986328125, 718.3636474609375], [244.64993286132812, 517.1903076171875, 330.95361328125, 641.8894653320312], [1378.2314453125, 422.4890441894531, 1496.5419921875, 775.02880859375], [1172.325439453125, 404.4430847167969, 1427.772705078125, 1075.88037109375], [1058.841064453125, 425.7362365722656, 1209.806884765625, 959.2423095703125], [500.44482421875, 383.0279235839844, 831.755126953125, 1027.4298095703125], [1858.05859375, 390.7520446777344, 1920.0, 655.2318725585938], [821.3329467773438, 407.3067321777344, 913.1547241210938, 713.4695434570312]]","[0.685546875, 0.61376953125, 0.71728515625, 0.84912109375, 0.72509765625, 0.4287109375, 0.283203125, 0.5283203125]","[[557.3416900634766, 718.3636474609375], [287.80177307128906, 641.8894653320312], [1437.38671875, 775.02880859375], [1300.049072265625, 1075.88037109375], [1134.323974609375, 959.2423095703125], [666.0999755859375, 1027.4298095703125], [1889.029296875, 655.2318725585938], [867.2438354492188, 713.4695434570312]]",425394176,410943488,425394176,640,yolo26s_int8_640_ncnn_model,MOT17-02
456,164.76472699991973,0.0,7,"[467, 449, 2, 238, 442, 399, 313]","[[239.67393493652344, 518.2160034179688, 324.7717590332031, 640.44189453125], [1381.9202880859375, 423.2572326660156, 1501.8504638671875, 780.570556640625], [1173.28125, 401.7608337402344, 1435.3592529296875, 1076.9105224609375], [1060.9549560546875, 425.4144287109375, 1212.05859375, 962.0134887695312], [468.4366149902344, 389.5176086425781, 805.4791870117188, 1035.9173583984375], [1858.43408203125, 388.22686767578125, 1920.0, 655.3886108398438], [822.2669067382812, 410.18890380859375, 912.05517578125, 709.2279052734375]]","[0.53564453125, 0.75439453125, 0.86279296875, 0.74560546875, 0.62841796875, 0.287841796875, 0.54052734375]","[[282.2228469848633, 640.44189453125], [1441.8853759765625, 780.570556640625], [1304.3202514648438, 1076.9105224609375], [1136.5067749023438, 962.0134887695312], [636.9579010009766, 1035.9173583984375], [1889.217041015625, 655.3886108398438], [867.1610412597656, 709.2279052734375]]",425394176,410943488,425394176,640,yolo26s_int8_640_ncnn_model,MOT17-02
457,165.14341300012347,0.0,7,"[467, 449, 2, 238, 442, 399, 313]","[[232.89317321777344, 518.3375854492188, 315.93048095703125, 636.1060180664062], [1388.09814453125, 424.7583923339844, 1507.576171875, 780.3892822265625], [1168.4986572265625, 401.5025329589844, 1434.1156005859375, 1071.3387451171875], [1066.5670166015625, 426.560791015625, 1217.6204833984375, 963.5874633789062], [429.87432861328125, 394.0320129394531, 772.0335083007812, 1039.72998046875], [1858.8267822265625, 392.24847412109375, 1920.0, 655.4484252929688], [823.0444946289062, 415.034912109375, 910.9774169921875, 707.8786010742188]]","[0.66259765625, 0.77685546875, 0.8662109375, 0.7685546875, 0.5673828125, 0.28955078125, 0.59130859375]","[[274.41182708740234, 636.1060180664062], [1447.837158203125, 780.3892822265625], [1301.30712890625, 1071.3387451171875], [1142.09375, 963.5874633789062], [600.9539184570312, 1039.72998046875], [1889.4133911132812, 655.4484252929688], [867.0109558105469, 707.8786010742188]]",425394176,410943488,425394176,640,yolo26s_int8_640_ncnn_model,MOT17-02
458,165.03256099986174,0.0,7,"[467, 449, 2, 238, 442, 313, 358]","[[224.3857879638672, 518.8753662109375, 309.3962097167969, 638.0178833007812], [1394.741943359375, 425.0616149902344, 1514.943359375, 779.4948120117188], [1170.986572265625, 404.6492614746094, 1439.5548095703125, 1068.569580078125], [1071.48046875, 423.12847900390625, 1222.5882568359375, 961.9968872070312], [391.6249084472656, 393.5728759765625, 743.5081176757812, 1048.98046875], [823.9197387695312, 413.6143493652344, 912.7667236328125, 714.62451171875], [688.2280883789062, 447.3684997558594, 787.3905029296875, 736.2615966796875]]","[0.67578125, 0.80078125, 0.84912109375, 0.7509765625, 0.833984375, 0.59375, 0.377197265625]","[[266.89099884033203, 638.0178833007812], [1454.8426513671875, 779.4948120117188], [1305.2706909179688, 1068.569580078125], [1147.0343627929688, 961.9968872070312], [567.5665130615234, 1048.98046875], [868.3432312011719, 714.62451171875], [737.8092956542969, 736.2615966796875]]",425394176,410943488,425394176,640,yolo26s_int8_640_ncnn_model,MOT17-02
459,169.8748799999521,0.0,8,"[467, 449, 2, 238, 442, 313, 358, 399]","[[215.1533660888672, 521.0582885742188, 303.0865173339844, 643.7017822265625], [1403.8974609375, 426.3887939453125, 1527.5147705078125, 781.8140258789062], [1171.740234375, 407.6178283691406, 1444.3216552734375, 1071.4134521484375], [1077.4447021484375, 418.17626953125, 1229.9171142578125, 961.918212890625], [354.6985778808594, 390.2989196777344, 712.055419921875, 1049.3609619140625], [825.7702026367188, 419.9730529785156, 910.7986450195312, 708.258056640625], [692.462158203125, 449.2748718261719, 791.037109375, 734.3580322265625], [1858.851318359375, 392.000244140625, 1920.0, 655.2013549804688]]","[0.68603515625, 0.8173828125, 0.82568359375, 0.7578125, 0.7939453125, 0.5947265625, 0.640625, 0.28564453125]","[[259.1199417114258, 643.7017822265625], [1465.7061157226562, 781.8140258789062], [1308.0309448242188, 1071.4134521484375], [1153.680908203125, 961.918212890625], [533.3769989013672, 1049.3609619140625], [868.284423828125, 708.258056640625], [741.7496337890625, 734.3580322265625], [1889.4256591796875, 655.2013549804688]]",425394176,410943488,425394176,640,yolo26s_int8_640_ncnn_model,MOT17-02
460,168.72645300009026,0.0,7,"[467, 449, 2, 238, 442, 313, 358]","[[208.96681213378906, 521.3695068359375, 294.535888671875, 639.40625], [1414.0458984375, 434.5271301269531, 1539.986083984375, 784.85888671875], [1170.177978515625, 405.066162109375, 1446.5806884765625, 1070.038818359375], [1085.744140625, 419.51715087890625, 1238.15869140625, 961.4708251953125], [316.41839599609375, 383.22320556640625, 684.8312377929688, 1055.025634765625], [827.484130859375, 417.672607421875, 911.7720336914062, 703.4837036132812], [687.1168823242188, 448.3960266113281, 787.991455078125, 733.2341918945312]]","[0.623046875, 0.8173828125, 0.814453125, 0.7509765625, 0.75830078125, 0.52392578125, 0.7041015625]","[[251.75135040283203, 639.40625], [1477.0159912109375, 784.85888671875], [1308.3793334960938, 1070.038818359375], [1161.951416015625, 961.4708251953125], [500.62481689453125, 1055.025634765625], [869.6280822753906, 703.4837036132812], [737.5541687011719, 733.2341918945312]]",425394176,410943488,425394176,640,yolo26s_int8_640_ncnn_model,MOT17-02
461,168.36928599991552,0.0,8,"[467, 449, 2, 238, 442, 313, 358, 399]","[[201.5399932861328, 529.017333984375, 281.47601318359375, 636.1778564453125], [1419.064697265625, 433.60736083984375, 1550.0037841796875, 787.9381713867188], [1168.71875, 406.57196044921875, 1447.9068603515625, 1068.7979736328125], [1090.1514892578125, 419.1163024902344, 1243.686767578125, 962.1031494140625], [280.923828125, 374.3205871582031, 656.7843017578125, 1057.285400390625], [827.4053955078125, 414.0633239746094, 914.6976318359375, 711.500244140625], [680.7936401367188, 448.060791015625, 784.3856811523438, 732.8265380859375], [1858.96337890625, 388.0588684082031, 1920.0, 655.447021484375]]","[0.55126953125, 0.81591796875, 0.82568359375, 0.69580078125, 0.73583984375, 0.402587890625, 0.7705078125, 0.288330078125]","[[241.50800323486328, 636.1778564453125], [1484.5342407226562, 787.9381713867188], [1308.3128051757812, 1068.7979736328125], [1166.9191284179688, 962.1031494140625], [468.85406494140625, 1057.285400390625], [871.051513671875, 711.500244140625], [732.5896606445312, 732.8265380859375], [1889.481689453125, 655.447021484375]]",425394176,410943488,425394176,640,yolo26s_int8_640_ncnn_model,MOT17-02
462,169.29058300001998,0.0,7,"[467, 449, 2, 238, 442, 313, 358]","[[188.15684509277344, 522.7537841796875, 274.11907958984375, 635.733642578125], [1421.5806884765625, 437.4168701171875, 1554.6558837890625, 789.7715454101562], [1168.090576171875, 400.2454528808594, 1453.0419921875, 1067.1256103515625], [1092.9837646484375, 419.50567626953125, 1248.218505859375, 963.6781616210938], [259.2898254394531, 370.3658142089844, 643.5746459960938, 1060.45849609375], [828.2601928710938, 410.7729797363281, 916.7650756835938, 714.4560546875], [682.207275390625, 447.42724609375, 787.8213500976562, 733.180908203125]]","[0.6123046875, 0.8291015625, 0.8095703125, 0.7451171875, 0.70263671875, 0.52587890625, 0.7734375]","[[231.1379623413086, 635.733642578125], [1488.1182861328125, 789.7715454101562], [1310.5662841796875, 1067.1256103515625], [1170.6011352539062, 963.6781616210938], [451.43223571777344, 1060.45849609375], [872.5126342773438, 714.4560546875], [735.0143127441406, 733.180908203125]]",425394176,410943488,425394176,640,yolo26s_int8_640_ncnn_model,MOT17-02
463,164.52924500003974,0.0,9,"[467, 449, 2, 238, 442, 313, 358, 405, 381]","[[179.24795532226562, 519.6593017578125, 266.8382568359375, 632.6126708984375], [1423.2567138671875, 435.3420104980469, 1561.098388671875, 792.8707885742188], [1170.7120361328125, 401.0710144042969, 1458.723388671875, 1070.0318603515625], [1095.3389892578125, 416.7462463378906, 1252.2469482421875, 965.1296997070312], [227.2932891845703, 363.6709289550781, 617.3496704101562, 1059.813720703125], [826.4512329101562, 410.2488098144531, 913.662109375, 707.98193359375], [684.0737915039062, 446.4372863769531, 790.9581909179688, 733.07568359375], [776.1856079101562, 441.2864990234375, 819.8170776367188, 581.5851440429688], [564.61181640625, 430.7786865234375, 674.5422973632812, 711.021484375]]","[0.440673828125, 0.78466796875, 0.82763671875, 0.65966796875, 0.7841796875, 0.472412109375, 0.74951171875, 0.466796875, 0.474853515625]","[[223.04310607910156, 632.6126708984375], [1492.1775512695312, 792.8707885742188], [1314.7177124023438, 1070.0318603515625], [1173.79296875, 965.1296997070312], [422.3214797973633, 1059.813720703125], [870.0566711425781, 707.98193359375], [737.5159912109375, 733.07568359375], [798.0013427734375, 581.5851440429688], [619.5770568847656, 711.021484375]]",425394176,410943488,425394176,640,yolo26s_int8_640_ncnn_model,MOT17-02
464,166.24835799984794,0.0,9,"[449, 2, 238, 442, 313, 358, 405, 381, 399]","[[1426.3197021484375, 434.0259704589844, 1569.5462646484375, 801.362060546875], [1171.187255859375, 395.7509460449219, 1464.0555419921875, 1071.728271484375], [1094.97216796875, 412.7875671386719, 1254.70703125, 970.4782104492188], [196.90493774414062, 356.6888122558594, 593.662353515625, 1057.9598388671875], [826.3057861328125, 407.33697509765625, 914.6988525390625, 707.1873168945312], [688.2348022460938, 443.82843017578125, 795.8375244140625, 733.2916870117188], [775.106201171875, 440.5731506347656, 818.66796875, 582.3064575195312], [566.76904296875, 430.6194152832031, 675.95166015625, 711.146240234375], [1859.572265625, 391.49847412109375, 1920.0, 654.8057250976562]]","[0.8076171875, 0.7822265625, 0.669921875, 0.8017578125, 0.54248046875, 0.70654296875, 0.432373046875, 0.471923828125, 0.302734375]","[[1497.9329833984375, 801.362060546875], [1317.6213989257812, 1071.728271484375], [1174.839599609375, 970.4782104492188], [395.2836456298828, 1057.9598388671875], [870.5023193359375, 707.1873168945312], [742.0361633300781, 733.2916870117188], [796.8870849609375, 582.3064575195312], [621.3603515625, 711.146240234375], [1889.7861328125, 654.8057250976562]]",425394176,410943488,425394176,640,yolo26s_int8_640_ncnn_model,MOT17-02
465,165.56039500005681,0.0,9,"[449, 2, 238, 442, 313, 358, 381, 522, 399]","[[1431.35595703125, 425.1800537109375, 1577.2965087890625, 800.1130981445312], [1175.334716796875, 393.0235595703125, 1469.6929931640625, 1073.960205078125], [1096.3037109375, 414.2621154785156, 1259.7469482421875, 981.2197875976562], [166.87559509277344, 360.1822204589844, 565.7539672851562, 1057.871337890625], [825.6554565429688, 405.52960205078125, 915.5933837890625, 710.6025390625], [693.6259765625, 441.3656311035156, 799.523193359375, 731.8966674804688], [566.76416015625, 431.3236389160156, 676.59814453125, 712.4240112304688], [513.295654296875, 461.7749938964844, 582.6043090820312, 638.0250244140625], [1861.1378173828125, 393.1208190917969, 1920.0, 653.6679077148438]]","[0.79541015625, 0.78759765625, 0.62158203125, 0.72119140625, 0.51416015625, 0.72119140625, 0.708984375, 0.52685546875, 0.312744140625]","[[1504.3262329101562, 800.1130981445312], [1322.5138549804688, 1073.960205078125], [1178.0253295898438, 981.2197875976562], [366.31478118896484, 1057.871337890625], [870.6244201660156, 710.6025390625], [746.5745849609375, 731.8966674804688], [621.68115234375, 712.4240112304688], [547.9499816894531, 638.0250244140625], [1890.5689086914062, 653.6679077148438]]",425394176,410943488,425394176,640,yolo26s_int8_640_ncnn_model,MOT17-02
466,165.00883899993823,0.0,9,"[449, 2, 238, 442, 313, 358, 381, 522, 399]","[[1437.2132568359375, 424.68048095703125, 1583.7366943359375, 805.39892578125], [1183.2236328125, 395.7183837890625, 1475.0775146484375, 1073.940673828125], [1102.4730224609375, 414.6374816894531, 1265.50390625, 975.6846923828125], [150.85203552246094, 363.784912109375, 554.6715087890625, 1057.4796142578125], [826.3516845703125, 407.8213195800781, 916.8695068359375, 714.8453369140625], [705.2461547851562, 438.7129821777344, 813.8099975585938, 738.0512084960938], [567.8412475585938, 432.88458251953125, 678.8148803710938, 719.5513305664062], [509.3460388183594, 461.9493713378906, 579.4630737304688, 639.9429931640625], [1860.3343505859375, 391.4141845703125, 1920.0, 653.5350341796875]]","[0.78466796875, 0.77685546875, 0.744140625, 0.71923828125, 0.51220703125, 0.55712890625, 0.6689453125, 0.63232421875, 0.28076171875]","[[1510.4749755859375, 805.39892578125], [1329.1505737304688, 1073.940673828125], [1183.9884643554688, 975.6846923828125], [352.7617721557617, 1057.4796142578125], [871.610595703125, 714.8453369140625], [759.528076171875, 738.0512084960938], [623.3280639648438, 719.5513305664062], [544.4045562744141, 639.9429931640625], [1890.1671752929688, 653.5350341796875]]",425394176,410943488,425394176,640,yolo26s_int8_640_ncnn_model,MOT17-02
467,164.57220800020878,0.0,9,"[449, 2, 238, 442, 313, 358, 381, 522, 399]","[[1444.844970703125, 424.2499084472656, 1588.2120361328125, 802.7051391601562], [1199.920654296875, 396.8057861328125, 1481.8902587890625, 1059.964111328125], [1106.9791259765625, 415.82562255859375, 1269.194580078125, 971.381103515625], [125.25215148925781, 367.1517639160156, 527.0023193359375, 1056.2489013671875], [827.9021606445312, 406.5168762207031, 919.9190063476562, 719.6618041992188], [715.2294311523438, 436.5101623535156, 821.16064453125, 734.7401123046875], [571.9436645507812, 435.4815368652344, 679.5484008789062, 714.4334106445312], [506.31256103515625, 468.4091796875, 571.4229736328125, 633.0106201171875], [1861.501953125, 392.2654113769531, 1920.0, 652.0065307617188]]","[0.76318359375, 0.75244140625, 0.7744140625, 0.83251953125, 0.62939453125, 0.481689453125, 0.63037109375, 0.568359375, 0.2822265625]","[[1516.5285034179688, 802.7051391601562], [1340.9054565429688, 1059.964111328125], [1188.0868530273438, 971.381103515625], [326.12723541259766, 1056.2489013671875], [873.9105834960938, 719.6618041992188], [768.1950378417969, 734.7401123046875], [625.7460327148438, 714.4334106445312], [538.8677673339844, 633.0106201171875], [1890.7509765625, 652.0065307617188]]",425394176,410943488,425394176,640,yolo26s_int8_640_ncnn_model,MOT17-02
468,164.6739489999618,0.0,10,"[449, 2, 238, 442, 313, 358, 381, 522, 399, 530]","[[1452.96435546875, 421.875732421875, 1596.0650634765625, 807.7117919921875], [1215.145263671875, 401.25006103515625, 1490.171875, 1056.500244140625], [1111.578857421875, 417.8018798828125, 1275.288818359375, 976.0642700195312], [88.88157653808594, 370.660400390625, 492.3503723144531, 1056.44580078125], [831.8792724609375, 408.4889831542969, 921.5267333984375, 713.1419677734375], [717.5690307617188, 433.22430419921875, 828.0565795898438, 751.7051391601562], [572.9386596679688, 436.5640563964844, 678.4298095703125, 710.4243774414062], [500.26220703125, 468.9520263671875, 566.129150390625, 634.572021484375], [1860.221435546875, 389.3409729003906, 1920.0, 654.6813354492188], [410.62603759765625, 466.7250061035156, 495.37396240234375, 624.6749877929688]]","[0.7138671875, 0.7802734375, 0.77685546875, 0.8720703125, 0.642578125, 0.48583984375, 0.68994140625, 0.51806640625, 0.255859375, 0.38427734375]","[[1524.5147094726562, 807.7117919921875], [1352.6585693359375, 1056.500244140625], [1193.433837890625, 976.0642700195312], [290.61597442626953, 1056.44580078125], [876.7030029296875, 713.1419677734375], [772.8128051757812, 751.7051391601562], [625.6842346191406, 710.4243774414062], [533.1956787109375, 634.572021484375], [1890.1107177734375, 654.6813354492188], [453.0, 624.6749877929688]]",425394176,410943488,425394176,640,yolo26s_int8_640_ncnn_model,MOT17-02
469,164.88215300000775,0.0,10,"[449, 2, 238, 442, 313, 358, 381, 522, 530, 450]","[[1460.5081787109375, 420.49920654296875, 1602.0113525390625, 808.0718994140625], [1234.4615478515625, 398.6988525390625, 1508.131103515625, 1057.4058837890625], [1113.913330078125, 420.0509033203125, 1279.6483154296875, 985.1411743164062], [58.65782928466797, 376.189453125, 464.9053649902344, 1060.1719970703125], [834.1455078125, 407.0464172363281, 923.2846069335938, 709.8121948242188], [712.9845581054688, 432.7384033203125, 820.5390014648438, 740.9193725585938], [574.7523193359375, 436.2594299316406, 679.2001953125, 708.6762084960938], [496.33087158203125, 474.2704162597656, 561.411376953125, 636.4572143554688], [412.3024597167969, 489.04412841796875, 489.14263916015625, 632.4183959960938], [765.375, 400.7998962402344, 926.235107421875, 709.482421875]]","[0.662109375, 0.80078125, 0.73779296875, 0.79150390625, 0.72705078125, 0.5869140625, 0.69677734375, 0.533203125, 0.367431640625, 0.35400390625]","[[1531.259765625, 808.0718994140625], [1371.2963256835938, 1057.4058837890625], [1196.7808227539062, 985.1411743164062], [261.7815971374512, 1060.1719970703125], [878.7150573730469, 709.8121948242188], [766.7617797851562, 740.9193725585938], [626.9762573242188, 708.6762084960938], [528.8711242675781, 636.4572143554688], [450.72254943847656, 632.4183959960938], [845.8050537109375, 709.482421875]]",425394176,410943488,425394176,640,yolo26s_int8_640_ncnn_model,MOT17-02
470,189.66182699978162,0.0,9,"[449, 2, 238, 442, 313, 358, 381, 522, 530]","[[1465.7320556640625, 419.0052795410156, 1604.430419921875, 808.1177978515625], [1251.4046630859375, 400.9757385253906, 1521.520751953125, 1058.4625244140625], [1119.7041015625, 424.11474609375, 1287.8912353515625, 999.0546264648438], [31.924985885620117, 383.7036437988281, 436.30621337890625, 1060.0247802734375], [834.8832397460938, 413.2246398925781, 921.959228515625, 706.829345703125], [726.1353149414062, 433.85650634765625, 833.5724487304688, 744.1392211914062], [579.5189208984375, 435.42767333984375, 683.0548706054688, 707.7916259765625], [488.3748779296875, 473.51361083984375, 555.0263671875, 637.4130249023438], [413.99151611328125, 494.8664245605469, 482.2431335449219, 622.2972412109375]]","[0.6845703125, 0.74755859375, 0.734375, 0.87353515625, 0.67919921875, 0.5703125, 0.61474609375, 0.53173828125, 0.34912109375]","[[1535.0812377929688, 808.1177978515625], [1386.4627075195312, 1058.4625244140625], [1203.7976684570312, 999.0546264648438], [234.11559963226318, 1060.0247802734375], [878.4212341308594, 706.829345703125], [779.8538818359375, 744.1392211914062], [631.2868957519531, 707.7916259765625], [521.7006225585938, 637.4130249023438], [448.11732482910156, 622.2972412109375]]",425394176,410943488,425394176,640,yolo26s_int8_640_ncnn_model,MOT17-02
471,183.26783900010923,0.0,10,"[449, 2, 238, 442, 313, 358, 381, 522, 530, 450]","[[1474.5828857421875, 419.6833190917969, 1608.84033203125, 805.8453979492188], [1275.696533203125, 398.6287841796875, 1542.85009765625, 1061.0655517578125], [1127.81884765625, 426.64935302734375, 1296.5872802734375, 1007.1779174804688], [14.331378936767578, 392.46856689453125, 416.8810119628906, 1060.888916015625], [835.0822143554688, 412.32086181640625, 922.3997802734375, 706.9627075195312], [739.6708374023438, 439.4671325683594, 842.338623046875, 735.2386474609375], [581.9802856445312, 435.8868103027344, 684.533447265625, 708.7210083007812], [480.2295227050781, 469.7519226074219, 550.24169921875, 640.10107421875], [410.51007080078125, 501.73480224609375, 477.83526611328125, 627.8247680664062], [786.4898681640625, 407.6571350097656, 937.871337890625, 708.4925537109375]]","[0.703125, 0.818359375, 0.75390625, 0.90234375, 0.669921875, 0.66650390625, 0.47265625, 0.358154296875, 0.315673828125, 0.38916015625]","[[1541.7116088867188, 805.8453979492188], [1409.2733154296875, 1061.0655517578125], [1212.2030639648438, 1007.1779174804688], [215.6061954498291, 1060.888916015625], [878.7409973144531, 706.9627075195312], [791.0047302246094, 735.2386474609375], [633.2568664550781, 708.7210083007812], [515.2356109619141, 640.10107421875], [444.17266845703125, 627.8247680664062], [862.1806030273438, 708.4925537109375]]",425394176,410943488,425394176,640,yolo26s_int8_640_ncnn_model,MOT17-02
472,165.1016350001555,0.0,10,"[449, 2, 238, 442, 313, 358, 381, 522, 450, 399]","[[1482.3890380859375, 417.49859619140625, 1613.5091552734375, 801.4412841796875], [1285.8028564453125, 395.7746276855469, 1548.3153076171875, 1059.04931640625], [1135.0445556640625, 426.38720703125, 1302.3360595703125, 1004.4865112304688], [0.0, 397.92364501953125, 397.9012145996094, 1063.8916015625], [833.2796630859375, 410.49078369140625, 921.3763427734375, 707.5218505859375], [747.760498046875, 439.4205017089844, 850.3386840820312, 732.0087280273438], [586.3057250976562, 436.8304138183594, 687.3468017578125, 708.348876953125], [473.1683654785156, 470.13494873046875, 543.880126953125, 640.2896118164062], [777.3353271484375, 404.5682067871094, 931.4827880859375, 707.10009765625], [1860.2314453125, 389.87261962890625, 1919.9083251953125, 652.705810546875]]","[0.72509765625, 0.8310546875, 0.771484375, 0.8896484375, 0.6787109375, 0.68017578125, 0.424560546875, 0.48291015625, 0.29248046875, 0.2666015625]","[[1547.9490966796875, 801.4412841796875], [1417.05908203125, 1059.04931640625], [1218.6903076171875, 1004.4865112304688], [198.9506072998047, 1063.8916015625], [877.3280029296875, 707.5218505859375], [799.0495910644531, 732.0087280273438], [636.8262634277344, 708.348876953125], [508.5242462158203, 640.2896118164062], [854.4090576171875, 707.10009765625], [1890.0698852539062, 652.705810546875]]",425394176,410943488,425394176,640,yolo26s_int8_640_ncnn_model,MOT17-02
473,165.3030789998411,0.0,8,"[449, 2, 238, 442, 313, 358, 381, 522]","[[1491.099853515625, 414.9604797363281, 1620.9248046875, 799.4734497070312], [1293.7977294921875, 394.21331787109375, 1553.375244140625, 1059.732177734375], [1140.3646240234375, 427.25360107421875, 1307.5030517578125, 1004.2413330078125], [0.0, 403.8450927734375, 376.8516845703125, 1060.9703369140625], [833.432861328125, 410.04876708984375, 922.0619506835938, 708.4878540039062], [749.97900390625, 439.90899658203125, 852.6515502929688, 730.3359375], [596.5686645507812, 437.4592590332031, 694.8834228515625, 707.9769287109375], [465.0100402832031, 472.7709045410156, 535.8504028320312, 639.8238525390625]]","[0.75244140625, 0.77880859375, 0.7744140625, 0.888671875, 0.64599609375, 0.7001953125, 0.47314453125, 0.390625]","[[1556.0123291015625, 799.4734497070312], [1423.5864868164062, 1059.732177734375], [1223.933837890625, 1004.2413330078125], [188.42584228515625, 1060.9703369140625], [877.7474060058594, 708.4878540039062], [801.3152770996094, 730.3359375], [645.7260437011719, 707.9769287109375], [500.4302215576172, 639.8238525390625]]",425394176,410943488,425394176,640,yolo26s_int8_640_ncnn_model,MOT17-02
474,164.18855999995685,0.0,8,"[449, 2, 238, 442, 313, 358, 381, 522]","[[1498.4835205078125, 414.7695617675781, 1627.0843505859375, 797.9603881835938], [1300.447265625, 393.89581298828125, 1554.90234375, 1054.7730712890625], [1146.9388427734375, 427.8140563964844, 1312.4210205078125, 1000.7904663085938], [0.0, 400.6985168457031, 360.4680480957031, 1063.0509033203125], [832.2771606445312, 409.1429138183594, 921.4850463867188, 713.56787109375], [752.4749145507812, 446.083251953125, 854.3968505859375, 731.7272338867188], [606.3773803710938, 438.7055969238281, 701.414306640625, 708.8469848632812], [455.279296875, 473.7053527832031, 529.9296875, 647.7762451171875]]","[0.74951171875, 0.73193359375, 0.7744140625, 0.84228515625, 0.58154296875, 0.64306640625, 0.6298828125, 0.466796875]","[[1562.783935546875, 797.9603881835938], [1427.6748046875, 1054.7730712890625], [1229.679931640625, 1000.7904663085938], [180.23402404785156, 1063.0509033203125], [876.881103515625, 713.56787109375], [803.4358825683594, 731.7272338867188], [653.8958435058594, 708.8469848632812], [492.6044921875, 647.7762451171875]]",425394176,410943488,425394176,640,yolo26s_int8_640_ncnn_model,MOT17-02
475,166.57604399983938,0.0,9,"[449, 2, 238, 442, 313, 358, 381, 522, 540]","[[1506.0467529296875, 415.96881103515625, 1636.0382080078125, 804.04736328125], [1306.5184326171875, 393.5583801269531, 1559.1148681640625, 1060.0650634765625], [1153.70263671875, 427.51409912109375, 1318.52294921875, 997.8556518554688], [0.0, 394.7159118652344, 349.2765808105469, 1062.5426025390625], [836.9443969726562, 419.13494873046875, 922.0152587890625, 711.0543823242188], [751.4803466796875, 440.3861999511719, 855.5133666992188, 730.2719116210938], [611.13818359375, 434.71527099609375, 704.4497680664062, 706.7056274414062], [447.8187255859375, 473.0271911621094, 526.0489501953125, 653.6051025390625], [1085.208740234375, 429.0, 1146.4912109375, 590.4000244140625]]","[0.79638671875, 0.78515625, 0.78515625, 0.8828125, 0.47705078125, 0.66162109375, 0.63427734375, 0.44921875, 0.447998046875]","[[1571.04248046875, 804.04736328125], [1432.816650390625, 1060.0650634765625], [1236.11279296875, 997.8556518554688], [174.63829040527344, 1062.5426025390625], [879.4798278808594, 711.0543823242188], [803.4968566894531, 730.2719116210938], [657.7939758300781, 706.7056274414062], [486.933837890625, 653.6051025390625], [1115.8499755859375, 590.4000244140625]]",425394176,410943488,425394176,640,yolo26s_int8_640_ncnn_model,MOT17-02
476,164.78570900017075,0.0,9,"[449, 2, 238, 442, 313, 358, 381, 522, 540]","[[1518.3782958984375, 415.9525146484375, 1653.1309814453125, 811.7371215820312], [1313.585205078125, 395.9253234863281, 1562.2413330078125, 1060.56201171875], [1156.0020751953125, 427.384033203125, 1319.6925048828125, 992.6795654296875], [0.0, 398.56292724609375, 336.9437255859375, 1064.03759765625], [844.16455078125, 433.8293762207031, 922.7662963867188, 705.2786254882812], [751.0059814453125, 439.2625427246094, 855.7403564453125, 729.7478637695312], [616.9618530273438, 437.67852783203125, 706.664794921875, 704.4276123046875], [443.177001953125, 472.9771423339844, 521.4000244140625, 652.5787963867188], [1085.0006103515625, 428.4212341308594, 1146.930908203125, 591.4417724609375]]","[0.8203125, 0.72998046875, 0.78173828125, 0.8134765625, 0.453125, 0.69482421875, 0.6640625, 0.474853515625, 0.357421875]","[[1585.754638671875, 811.7371215820312], [1437.9132690429688, 1060.56201171875], [1237.8472900390625, 992.6795654296875], [168.47186279296875, 1064.03759765625], [883.4654235839844, 705.2786254882812], [803.3731689453125, 729.7478637695312], [661.8133239746094, 704.4276123046875], [482.28851318359375, 652.5787963867188], [1115.9657592773438, 591.4417724609375]]",425394176,410943488,425394176,640,yolo26s_int8_640_ncnn_model,MOT17-02
477,164.580985999919,0.0,8,"[449, 2, 238, 442, 313, 358, 381, 522]","[[1530.297607421875, 420.3759765625, 1667.6243896484375, 812.172607421875], [1321.2003173828125, 396.60321044921875, 1567.7362060546875, 1062.9554443359375], [1155.8941650390625, 425.084716796875, 1321.68017578125, 998.8347778320312], [0.0, 398.4669189453125, 323.0789794921875, 1062.0760498046875], [841.2139892578125, 417.9610900878906, 924.482421875, 705.9435424804688], [751.7036743164062, 440.3309326171875, 856.5714721679688, 729.0745239257812], [621.1806030273438, 435.33551025390625, 709.0704345703125, 702.0846557617188], [437.97747802734375, 475.3961486816406, 515.6515502929688, 652.5776977539062]]","[0.75634765625, 0.751953125, 0.78564453125, 0.84619140625, 0.451416015625, 0.6650390625, 0.63818359375, 0.42529296875]","[[1598.9609985351562, 812.172607421875], [1444.46826171875, 1062.9554443359375], [1238.7871704101562, 998.8347778320312], [161.53948974609375, 1062.0760498046875], [882.8482055664062, 705.9435424804688], [804.1375732421875, 729.0745239257812], [665.1255187988281, 702.0846557617188], [476.81451416015625, 652.5776977539062]]",425394176,410943488,425394176,640,yolo26s_int8_640_ncnn_model,MOT17-02
478,165.1225240000258,0.0,9,"[449, 2, 238, 442, 313, 358, 381, 522, 540]","[[1543.39990234375, 423.0965881347656, 1683.824462890625, 808.3046264648438], [1326.332275390625, 394.1491394042969, 1568.944091796875, 1058.6390380859375], [1159.2266845703125, 424.2175598144531, 1325.6513671875, 998.1314697265625], [0.0, 396.3754577636719, 309.7033386230469, 1060.3031005859375], [840.8766479492188, 411.2659606933594, 926.3596801757812, 707.3995361328125], [753.658203125, 442.73443603515625, 857.855712890625, 726.8513793945312], [624.959228515625, 435.4679260253906, 711.4191284179688, 701.2393798828125], [430.5803527832031, 472.5403137207031, 512.429443359375, 658.240478515625], [1090.2613525390625, 428.25103759765625, 1151.104736328125, 589.1098022460938]]","[0.74072265625, 0.74853515625, 0.79248046875, 0.646484375, 0.459228515625, 0.6611328125, 0.587890625, 0.318115234375, 0.344482421875]","[[1613.6121826171875, 808.3046264648438], [1447.63818359375, 1058.6390380859375], [1242.4390258789062, 998.1314697265625], [154.85166931152344, 1060.3031005859375], [883.6181640625, 707.3995361328125], [805.7569580078125, 726.8513793945312], [668.1891784667969, 701.2393798828125], [471.50489807128906, 658.240478515625], [1120.6830444335938, 589.1098022460938]]",425394176,410943488,425394176,640,yolo26s_int8_640_ncnn_model,MOT17-02
479,174.22256999998353,0.0,8,"[449, 2, 238, 442, 313, 358, 381, 522]","[[1553.189208984375, 423.1302490234375, 1700.3653564453125, 811.7523193359375], [1334.364501953125, 390.50390625, 1575.5882568359375, 1057.719482421875], [1161.4046630859375, 419.68316650390625, 1329.8492431640625, 999.0201416015625], [0.0, 392.8039855957031, 296.3591003417969, 1061.3463134765625], [842.792236328125, 411.12969970703125, 927.9030151367188, 707.4859008789062], [760.0533447265625, 440.64111328125, 864.3724975585938, 724.0390625], [630.6244506835938, 440.0115051269531, 715.1743774414062, 698.4681396484375], [421.3553466796875, 472.9349670410156, 503.3345642089844, 658.8369750976562]]","[0.80322265625, 0.7822265625, 0.77587890625, 0.8203125, 0.48583984375, 0.6201171875, 0.54248046875, 0.50244140625]","[[1626.7772827148438, 811.7523193359375], [1454.9763793945312, 1057.719482421875], [1245.626953125, 999.0201416015625], [148.17955017089844, 1061.3463134765625], [885.3476257324219, 707.4859008789062], [812.2129211425781, 724.0390625], [672.8994140625, 698.4681396484375], [462.34495544433594, 658.8369750976562]]",425394176,410943488,425394176,640,yolo26s_int8_640_ncnn_model,MOT17-02
480,165.55682100010927,0.0,10,"[449, 2, 238, 442, 313, 358, 381, 522, 549, 550]","[[1562.1993408203125, 424.8625183105469, 1716.4134521484375, 817.2012329101562], [1344.681640625, 389.1506042480469, 1585.1103515625, 1057.365478515625], [1165.6163330078125, 417.7289123535156, 1335.6259765625, 1000.53076171875], [0.0, 398.1012878417969, 281.1173095703125, 1066.9150390625], [842.4844970703125, 411.1041259765625, 928.4697875976562, 713.4589233398438], [757.813720703125, 434.8759460449219, 863.1870727539062, 722.026123046875], [632.8890991210938, 440.4869384765625, 715.5574340820312, 694.69921875], [416.5569152832031, 474.7881774902344, 498.55767822265625, 660.209716796875], [903.291259765625, 444.29998779296875, 1000.5087280273438, 679.2000122070312], [561.3233032226562, 453.8999938964844, 590.82666015625, 529.5]]","[0.79833984375, 0.8232421875, 0.78662109375, 0.6572265625, 0.5615234375, 0.580078125, 0.53466796875, 0.5009765625, 0.52587890625, 0.347412109375]","[[1639.306396484375, 817.2012329101562], [1464.89599609375, 1057.365478515625], [1250.6211547851562, 1000.53076171875], [140.55865478515625, 1066.9150390625], [885.4771423339844, 713.4589233398438], [810.5003967285156, 722.026123046875], [674.2232666015625, 694.69921875], [457.5572967529297, 660.209716796875], [951.8999938964844, 679.2000122070312], [576.0749816894531, 529.5]]",425394176,410943488,425394176,640,yolo26s_int8_640_ncnn_model,MOT17-02
481,168.28365700007453,0.0,10,"[449, 2, 238, 442, 313, 358, 381, 522, 549, 550]","[[1566.123291015625, 425.7550964355469, 1725.2554931640625, 818.9718017578125], [1354.93701171875, 394.85504150390625, 1594.6680908203125, 1059.9488525390625], [1169.3541259765625, 417.007080078125, 1339.3094482421875, 999.0745849609375], [0.0, 415.18975830078125, 266.7212219238281, 1069.7430419921875], [842.652587890625, 410.6204528808594, 928.3350219726562, 714.2374267578125], [758.966552734375, 435.70123291015625, 863.489501953125, 721.3079223632812], [634.6098022460938, 437.389892578125, 718.5037841796875, 694.6084594726562], [406.57769775390625, 478.9309997558594, 486.6083984375, 658.1945190429688], [904.6035766601562, 442.9114685058594, 1002.4363403320312, 679.431396484375], [561.848388671875, 455.2261657714844, 591.3394775390625, 530.9414672851562]]","[0.78662109375, 0.810546875, 0.7939453125, 0.71923828125, 0.60888671875, 0.4951171875, 0.51220703125, 0.46923828125, 0.5810546875, 0.33349609375]","[[1645.6893920898438, 818.9718017578125], [1474.8025512695312, 1059.9488525390625], [1254.331787109375, 999.0745849609375], [133.36061096191406, 1069.7430419921875], [885.4938049316406, 714.2374267578125], [811.22802734375, 721.3079223632812], [676.5567932128906, 694.6084594726562], [446.5930480957031, 658.1945190429688], [953.5199584960938, 679.431396484375], [576.5939331054688, 530.9414672851562]]",425394176,410943488,425394176,640,yolo26s_int8_640_ncnn_model,MOT17-02
482,165.91328399999838,0.0,11,"[449, 2, 238, 442, 313, 358, 381, 522, 549, 553, 399]","[[1568.369384765625, 426.8189697265625, 1731.0687255859375, 820.8132934570312], [1363.902099609375, 392.5826721191406, 1606.4847412109375, 1062.4114990234375], [1172.9373779296875, 419.47845458984375, 1342.160888671875, 1000.6834106445312], [0.0, 444.1109924316406, 244.7792510986328, 1068.26513671875], [843.5363159179688, 412.4248352050781, 927.387939453125, 710.5748901367188], [762.086669921875, 435.79693603515625, 866.6228637695312, 721.330322265625], [635.4930419921875, 433.5138854980469, 721.5836181640625, 697.3497314453125], [401.03851318359375, 477.7295227050781, 481.85675048828125, 658.08984375], [905.783447265625, 440.12066650390625, 1004.6661376953125, 679.5087890625], [1320.861572265625, 407.3999938964844, 1426.538330078125, 972.0], [1857.8914794921875, 388.5047912597656, 1919.2003173828125, 656.8234252929688]]","[0.77587890625, 0.8232421875, 0.79150390625, 0.79638671875, 0.60791015625, 0.50146484375, 0.578125, 0.354736328125, 0.58740234375, 0.37109375, 0.251220703125]","[[1649.7190551757812, 820.8132934570312], [1485.1934204101562, 1062.4114990234375], [1257.5491333007812, 1000.6834106445312], [122.3896255493164, 1068.26513671875], [885.4621276855469, 710.5748901367188], [814.3547668457031, 721.330322265625], [678.538330078125, 697.3497314453125], [441.4476318359375, 658.08984375], [955.2247924804688, 679.5087890625], [1373.699951171875, 972.0], [1888.5458984375, 656.8234252929688]]",425394176,410943488,425394176,640,yolo26s_int8_640_ncnn_model,MOT17-02
483,165.97965400001158,0.0,10,"[449, 2, 238, 442, 313, 358, 381, 522, 549, 553]","[[1574.648681640625, 427.69805908203125, 1742.957275390625, 828.8558349609375], [1362.7593994140625, 391.4891052246094, 1608.9595947265625, 1063.5703125], [1179.3577880859375, 419.4501647949219, 1347.7445068359375, 1000.2557983398438], [0.0, 487.7541809082031, 218.52749633789062, 1071.1947021484375], [847.16552734375, 408.1649475097656, 930.6179809570312, 708.1566162109375], [777.2411499023438, 439.3290100097656, 878.4315185546875, 721.8737182617188], [636.9639282226562, 433.7927551269531, 722.8399047851562, 696.6896362304688], [385.20843505859375, 472.80242919921875, 471.9766845703125, 660.4916381835938], [910.833984375, 457.1497497558594, 1002.834716796875, 679.5267333984375], [1327.489501953125, 407.5754089355469, 1432.071533203125, 967.614990234375]]","[0.74462890625, 0.80712890625, 0.7666015625, 0.51513671875, 0.5732421875, 0.43603515625, 0.61279296875, 0.352294921875, 0.4990234375, 0.397705078125]","[[1658.802978515625, 828.8558349609375], [1485.8594970703125, 1063.5703125], [1263.5511474609375, 1000.2557983398438], [109.26374816894531, 1071.1947021484375], [888.8917541503906, 708.1566162109375], [827.8363342285156, 721.8737182617188], [679.9019165039062, 696.6896362304688], [428.5925598144531, 660.4916381835938], [956.8343505859375, 679.5267333984375], [1379.780517578125, 967.614990234375]]",425394176,410943488,425394176,640,yolo26s_int8_640_ncnn_model,MOT17-02
484,165.83406199993078,0.0,11,"[449, 2, 238, 442, 313, 358, 381, 522, 549, 553, 405]","[[1578.9490966796875, 426.5398864746094, 1752.8116455078125, 837.2298583984375], [1369.92626953125, 391.0898132324219, 1618.4920654296875, 1062.010498046875], [1182.367919921875, 416.7317810058594, 1350.9349365234375, 1001.7786865234375], [0.0, 541.26611328125, 194.97427368164062, 1073.5023193359375], [847.7449340820312, 411.529052734375, 929.5784912109375, 710.2185668945312], [784.6012573242188, 436.6913146972656, 885.974853515625, 728.0985107421875], [636.199951171875, 429.7095947265625, 724.8245849609375, 696.7194213867188], [378.9066467285156, 474.1144714355469, 468.0035705566406, 664.0433349609375], [916.4478759765625, 469.4005432128906, 1002.6022338867188, 677.5584106445312], [1331.2186279296875, 418.2367858886719, 1433.4593505859375, 967.3731079101562], [745.5927124023438, 451.41119384765625, 782.8278198242188, 570.0631103515625]]","[0.6904296875, 0.81640625, 0.7568359375, 0.44287109375, 0.52587890625, 0.4951171875, 0.59326171875, 0.4267578125, 0.426025390625, 0.4345703125, 0.31884765625]","[[1665.88037109375, 837.2298583984375], [1494.2091674804688, 1062.010498046875], [1266.6514282226562, 1001.7786865234375], [97.48713684082031, 1073.5023193359375], [888.6617126464844, 710.2185668945312], [835.2880554199219, 728.0985107421875], [680.5122680664062, 696.7194213867188], [423.4551086425781, 664.0433349609375], [959.5250549316406, 677.5584106445312], [1382.3389892578125, 967.3731079101562], [764.2102661132812, 570.0631103515625]]",425394176,410943488,425394176,640,yolo26s_int8_640_ncnn_model,MOT17-02
485,166.1677659999441,0.0,9,"[449, 2, 238, 313, 358, 381, 522, 549, 553]","[[1585.135498046875, 428.7673034667969, 1759.267822265625, 839.6090087890625], [1368.8388671875, 395.4136047363281, 1622.36279296875, 1072.7847900390625], [1189.224609375, 420.65338134765625, 1355.9805908203125, 1004.2880249023438], [849.0590209960938, 411.0968322753906, 929.9889526367188, 711.7503662109375], [791.9102172851562, 434.4910888671875, 891.8295288085938, 728.696533203125], [636.1610717773438, 427.9508972167969, 726.5911865234375, 695.0296630859375], [373.37005615234375, 478.2955017089844, 462.3018493652344, 667.5743408203125], [911.3907470703125, 464.1750793457031, 1000.3565673828125, 679.1507568359375], [1336.7784423828125, 437.7564697265625, 1434.788818359375, 964.8656005859375]]","[0.66845703125, 0.78271484375, 0.755859375, 0.5087890625, 0.5400390625, 0.431396484375, 0.375, 0.410888671875, 0.452392578125]","[[1672.20166015625, 839.6090087890625], [1495.600830078125, 1072.7847900390625], [1272.6026000976562, 1004.2880249023438], [889.5239868164062, 711.7503662109375], [841.869873046875, 728.696533203125], [681.3761291503906, 695.0296630859375], [417.83595275878906, 667.5743408203125], [955.8736572265625, 679.1507568359375], [1385.7836303710938, 964.8656005859375]]",425394176,410943488,425394176,640,yolo26s_int8_640_ncnn_model,MOT17-02
486,166.673524999851,0.0,12,"[449, 2, 238, 313, 358, 381, 522, 549, 553, 550, 399, 405]","[[1586.079345703125, 427.39825439453125, 1758.549560546875, 836.7102661132812], [1368.2156982421875, 391.8747253417969, 1626.4957275390625, 1075.09375], [1197.20263671875, 421.17755126953125, 1364.06591796875, 1003.2167358398438], [854.1752319335938, 421.5631408691406, 929.4099731445312, 706.642333984375], [799.3710327148438, 436.6134948730469, 896.9420776367188, 724.9862060546875], [642.3546752929688, 430.2840270996094, 735.6471557617188, 699.3582763671875], [364.1296081542969, 477.67279052734375, 453.9906921386719, 668.1270751953125], [904.95068359375, 452.7384033203125, 1000.2442016601562, 683.0657958984375], [1340.8519287109375, 416.8033447265625, 1442.6119384765625, 965.2750854492188], [566.6256103515625, 459.3477783203125, 595.6814575195312, 533.64013671875], [1857.563232421875, 388.8370056152344, 1919.34814453125, 658.0281372070312], [743.360107421875, 451.87994384765625, 780.88720703125, 570.8282470703125]]","[0.74658203125, 0.76123046875, 0.77734375, 0.334716796875, 0.64990234375, 0.5244140625, 0.462890625, 0.5693359375, 0.472412109375, 0.304443359375, 0.269287109375, 0.357421875]","[[1672.314453125, 836.7102661132812], [1497.355712890625, 1075.09375], [1280.63427734375, 1003.2167358398438], [891.7926025390625, 706.642333984375], [848.1565551757812, 724.9862060546875], [689.0009155273438, 699.3582763671875], [409.0601501464844, 668.1270751953125], [952.5974426269531, 683.0657958984375], [1391.73193359375, 965.2750854492188], [581.1535339355469, 533.64013671875], [1888.4556884765625, 658.0281372070312], [762.1236572265625, 570.8282470703125]]",425394176,410943488,425394176,640,yolo26s_int8_640_ncnn_model,MOT17-02
487,193.95403599992278,0.0,13,"[449, 2, 238, 358, 381, 522, 549, 553, 563, 550, 399, 405, 540]","[[1587.713134765625, 426.60784912109375, 1760.3046875, 839.6854858398438], [1373.344482421875, 391.7624816894531, 1633.04931640625, 1069.7547607421875], [1205.04541015625, 425.0945129394531, 1371.8585205078125, 1002.0205078125], [807.1527709960938, 437.4521789550781, 904.4937744140625, 720.5717163085938], [646.6349487304688, 429.22393798828125, 742.3469848632812, 696.0828857421875], [349.9763488769531, 477.6606140136719, 442.7785339355469, 670.982421875], [907.389892578125, 445.3313293457031, 1005.51220703125, 681.6891479492188], [1345.614990234375, 412.5773010253906, 1447.8330078125, 965.9661865234375], [1480.200927734375, 407.92498779296875, 1780.1990966796875, 839.4749755859375], [566.9257202148438, 458.77642822265625, 595.9512939453125, 532.43212890625], [1858.6964111328125, 387.0880126953125, 1920.0, 656.8477783203125], [741.8057250976562, 449.54278564453125, 779.275390625, 568.2362670898438], [1094.298583984375, 437.0404968261719, 1153.0562744140625, 590.1690673828125]]","[0.72802734375, 0.75732421875, 0.77734375, 0.48291015625, 0.4853515625, 0.45068359375, 0.50390625, 0.362060546875, 0.494140625, 0.284423828125, 0.257080078125, 0.44921875, 0.3583984375]","[[1674.0089111328125, 839.6854858398438], [1503.1968994140625, 1069.7547607421875], [1288.4519653320312, 1002.0205078125], [855.8232727050781, 720.5717163085938], [694.490966796875, 696.0828857421875], [396.37744140625, 670.982421875], [956.4510498046875, 681.6891479492188], [1396.7239990234375, 965.9661865234375], [1630.2000122070312, 839.4749755859375], [581.4385070800781, 532.43212890625], [1889.3482055664062, 656.8477783203125], [760.5405578613281, 568.2362670898438], [1123.6774291992188, 590.1690673828125]]",425394176,410943488,425394176,640,yolo26s_int8_640_ncnn_model,MOT17-02
488,166.13389600001938,0.0,11,"[449, 2, 238, 358, 381, 549, 553, 563, 550, 399, 405]","[[1591.22265625, 425.068359375, 1761.5186767578125, 838.0260620117188], [1374.39453125, 391.2379150390625, 1637.9127197265625, 1070.1282958984375], [1211.777099609375, 424.83514404296875, 1380.582275390625, 1003.266845703125], [814.0213623046875, 437.2754821777344, 913.9591064453125, 722.4327392578125], [649.5104370117188, 432.8153076171875, 742.875732421875, 692.8624267578125], [911.5199584960938, 455.9847106933594, 1004.3621826171875, 679.620849609375], [1352.7064208984375, 412.0294494628906, 1455.3594970703125, 968.34912109375], [1484.617431640625, 411.1651306152344, 1780.8741455078125, 839.0121459960938], [566.2789916992188, 457.3103942871094, 596.2621459960938, 533.3392333984375], [1860.71826171875, 389.9780578613281, 1920.0, 655.952392578125], [739.401123046875, 450.7479248046875, 776.5953979492188, 569.34716796875]]","[0.6650390625, 0.6982421875, 0.775390625, 0.4833984375, 0.56787109375, 0.43310546875, 0.377685546875, 0.452392578125, 0.295166015625, 0.27490234375, 0.453857421875]","[[1676.3706665039062, 838.0260620117188], [1506.1536254882812, 1070.1282958984375], [1296.1796875, 1003.266845703125], [863.990234375, 722.4327392578125], [696.1930847167969, 692.8624267578125], [957.9410705566406, 679.620849609375], [1404.032958984375, 968.34912109375], [1632.7457885742188, 839.0121459960938], [581.2705688476562, 533.3392333984375], [1890.359130859375, 655.952392578125], [757.9982604980469, 569.34716796875]]",425394176,410943488,425394176,640,yolo26s_int8_640_ncnn_model,MOT17-02
489,166.13537800003542,0.0,12,"[449, 2, 238, 358, 381, 549, 553, 550, 399, 405, 567, 522]","[[1596.9537353515625, 423.9778747558594, 1764.943115234375, 837.791015625], [1372.8724365234375, 391.0516357421875, 1637.2642822265625, 1066.2806396484375], [1214.1317138671875, 420.7615966796875, 1386.6258544921875, 1005.6871948242188], [815.1317749023438, 436.47052001953125, 918.569091796875, 723.8865356445312], [655.0361328125, 436.7049865722656, 750.3285522460938, 694.1736450195312], [917.8995971679688, 462.1962585449219, 1007.3004150390625, 678.79248046875], [1358.714599609375, 426.68255615234375, 1458.3807373046875, 965.6608276367188], [565.8035888671875, 456.525634765625, 596.0853881835938, 532.904052734375], [1860.517333984375, 391.31365966796875, 1920.0, 655.3680419921875], [737.339599609375, 448.6871643066406, 774.8870239257812, 569.2638549804688], [0.0, 537.5999755859375, 63.74892807006836, 663.5999755859375], [332.66986083984375, 475.7672119140625, 428.5761413574219, 674.1615600585938]]","[0.6376953125, 0.72705078125, 0.7744140625, 0.468017578125, 0.59033203125, 0.479736328125, 0.44873046875, 0.306396484375, 0.294189453125, 0.291015625, 0.395751953125, 0.52294921875]","[[1680.9484252929688, 837.791015625], [1505.068359375, 1066.2806396484375], [1300.3787841796875, 1005.6871948242188], [866.8504333496094, 723.8865356445312], [702.6823425292969, 694.1736450195312], [962.6000061035156, 678.79248046875], [1408.5476684570312, 965.6608276367188], [580.9444885253906, 532.904052734375], [1890.2586669921875, 655.3680419921875], [756.1133117675781, 569.2638549804688], [31.87446403503418, 663.5999755859375], [380.6230010986328, 674.1615600585938]]",425394176,410943488,425394176,640,yolo26s_int8_640_ncnn_model,MOT17-02
490,166.09837700002572,0.0,12,"[449, 2, 238, 358, 381, 549, 553, 550, 399, 405, 569, 522]","[[1600.70068359375, 419.37042236328125, 1768.1444091796875, 838.8621215820312], [1376.7730712890625, 393.9700622558594, 1642.0032958984375, 1063.8017578125], [1216.28955078125, 421.192138671875, 1391.2061767578125, 1006.5689086914062], [818.4523315429688, 441.61273193359375, 922.942626953125, 724.9453735351562], [655.1514282226562, 438.1489562988281, 751.7754516601562, 694.6876831054688], [921.1228637695312, 449.0216979980469, 1014.5367431640625, 679.5167846679688], [1363.1826171875, 435.1908264160156, 1460.84814453125, 957.4608764648438], [566.737060546875, 457.46832275390625, 595.8541870117188, 530.467529296875], [1860.3765869140625, 391.3048400878906, 1919.920166015625, 655.6524047851562], [736.2147827148438, 448.6778564453125, 773.7356567382812, 568.4864501953125], [417.35638427734375, 467.625, 455.7936096191406, 566.7750244140625], [325.5146179199219, 478.8511962890625, 422.65771484375, 679.1128540039062]]","[0.68017578125, 0.59521484375, 0.7763671875, 0.53369140625, 0.58642578125, 0.481689453125, 0.38427734375, 0.26318359375, 0.26953125, 0.4697265625, 0.347900390625, 0.4345703125]","[[1684.4225463867188, 838.8621215820312], [1509.38818359375, 1063.8017578125], [1303.7478637695312, 1006.5689086914062], [870.6974792480469, 724.9453735351562], [703.4634399414062, 694.6876831054688], [967.8298034667969, 679.5167846679688], [1412.015380859375, 957.4608764648438], [581.2956237792969, 530.467529296875], [1890.1483764648438, 655.6524047851562], [754.9752197265625, 568.4864501953125], [436.5749969482422, 566.7750244140625], [374.08616638183594, 679.1128540039062]]",425394176,410943488,425394176,640,yolo26s_int8_640_ncnn_model,MOT17-02
491,166.5711180000926,0.0,11,"[449, 2, 238, 358, 381, 549, 553, 550, 405, 569, 522]","[[1604.88916015625, 416.15863037109375, 1775.9986572265625, 853.4502563476562], [1366.2919921875, 393.092529296875, 1625.514892578125, 1058.8802490234375], [1218.635009765625, 420.3731994628906, 1395.9488525390625, 1007.8530883789062], [818.7361450195312, 439.8394470214844, 928.109130859375, 729.0977172851562], [657.6814575195312, 439.9228820800781, 756.5350341796875, 697.6419677734375], [933.6742553710938, 441.6569519042969, 1026.3223876953125, 675.5894165039062], [1373.406982421875, 429.9022521972656, 1467.11328125, 922.5983276367188], [567.0534057617188, 457.0540771484375, 596.771484375, 531.3110961914062], [735.1986694335938, 448.6931457519531, 772.5443725585938, 568.194580078125], [417.8777160644531, 466.19122314453125, 456.3045959472656, 565.2265014648438], [319.54998779296875, 488.0722351074219, 414.32049560546875, 678.662353515625]]","[0.54833984375, 0.442138671875, 0.779296875, 0.41357421875, 0.7060546875, 0.52392578125, 0.425537109375, 0.313232421875, 0.4775390625, 0.4013671875, 0.515625]","[[1690.4439086914062, 853.4502563476562], [1495.9034423828125, 1058.8802490234375], [1307.2919311523438, 1007.8530883789062], [873.4226379394531, 729.0977172851562], [707.1082458496094, 697.6419677734375], [979.9983215332031, 675.5894165039062], [1420.2601318359375, 922.5983276367188], [581.9124450683594, 531.3110961914062], [753.8715209960938, 568.194580078125], [437.0911560058594, 565.2265014648438], [366.93524169921875, 678.662353515625]]",425394176,410943488,425394176,640,yolo26s_int8_640_ncnn_model,MOT17-02
492,167.9554529998768,0.0,12,"[449, 2, 238, 358, 381, 549, 553, 550, 405, 569, 522, 399]","[[1610.711669921875, 417.139404296875, 1780.256591796875, 860.623779296875], [1361.8353271484375, 393.7566833496094, 1621.4757080078125, 1067.97607421875], [1221.6456298828125, 424.76202392578125, 1400.1861572265625, 1007.5602416992188], [820.59716796875, 444.0990905761719, 930.9503784179688, 726.6959838867188], [660.296875, 441.0676574707031, 760.3751220703125, 698.2640380859375], [943.5462036132812, 438.32086181640625, 1035.6336669921875, 676.534423828125], [1374.4842529296875, 419.47149658203125, 1475.66943359375, 948.6326904296875], [568.3673095703125, 460.3964538574219, 596.877197265625, 531.1151733398438], [731.5996704101562, 448.4627990722656, 768.949462890625, 567.3419799804688], [418.44439697265625, 472.1005859375, 456.0903625488281, 568.7698364257812], [310.329833984375, 484.2731018066406, 407.3023681640625, 679.662109375], [1860.7799072265625, 395.9414978027344, 1919.345458984375, 655.8250122070312]]","[0.60595703125, 0.4482421875, 0.814453125, 0.5654296875, 0.67919921875, 0.63818359375, 0.453857421875, 0.277587890625, 0.50927734375, 0.365966796875, 0.53369140625, 0.2666015625]","[[1695.484130859375, 860.623779296875], [1491.655517578125, 1067.97607421875], [1310.9158935546875, 1007.5602416992188], [875.7737731933594, 726.6959838867188], [710.3359985351562, 698.2640380859375], [989.5899353027344, 676.534423828125], [1425.0768432617188, 948.6326904296875], [582.6222534179688, 531.1151733398438], [750.2745666503906, 567.3419799804688], [437.2673797607422, 568.7698364257812], [358.81610107421875, 679.662109375], [1890.0626831054688, 655.8250122070312]]",425394176,410943488,425394176,640,yolo26s_int8_640_ncnn_model,MOT17-02
493,166.55315499997414,0.0,11,"[449, 2, 238, 358, 381, 549, 553, 550, 405, 569, 522]","[[1625.4364013671875, 418.7758483886719, 1788.4925537109375, 847.451904296875], [1373.0771484375, 391.04290771484375, 1630.587890625, 1062.49462890625], [1218.505126953125, 424.44891357421875, 1398.724365234375, 1005.421630859375], [821.9228515625, 443.9820251464844, 934.9442749023438, 726.5028686523438], [661.2782592773438, 439.98553466796875, 762.5503540039062, 698.00439453125], [950.0309448242188, 438.3319091796875, 1040.15576171875, 676.6630859375], [1379.613525390625, 414.18572998046875, 1484.702880859375, 959.2357788085938], [568.2608032226562, 457.83770751953125, 598.4893188476562, 532.8233032226562], [730.2664184570312, 448.1390686035156, 768.2156982421875, 570.2776489257812], [417.67364501953125, 474.56463623046875, 455.2323303222656, 570.497314453125], [302.0809631347656, 482.1369323730469, 401.3349304199219, 682.707275390625]]","[0.626953125, 0.39208984375, 0.7509765625, 0.414306640625, 0.67724609375, 0.5888671875, 0.53125, 0.333251953125, 0.406005859375, 0.372802734375, 0.53857421875]","[[1706.9644775390625, 847.451904296875], [1501.83251953125, 1062.49462890625], [1308.61474609375, 1005.421630859375], [878.4335632324219, 726.5028686523438], [711.914306640625, 698.00439453125], [995.0933532714844, 676.6630859375], [1432.158203125, 959.2357788085938], [583.3750610351562, 532.8233032226562], [749.2410583496094, 570.2776489257812], [436.45298767089844, 570.497314453125], [351.70794677734375, 682.707275390625]]",425394176,410943488,425394176,640,yolo26s_int8_640_ncnn_model,MOT17-02
494,167.52410099979897,0.0,11,"[449, 2, 238, 358, 381, 549, 553, 550, 569, 522, 313]","[[1628.7655029296875, 416.4652404785156, 1781.570068359375, 823.2342529296875], [1378.593994140625, 388.27349853515625, 1638.587646484375, 1060.1390380859375], [1220.615966796875, 424.0715637207031, 1404.45849609375, 1008.8035278320312], [821.7809448242188, 444.91326904296875, 936.7594604492188, 723.4475708007812], [661.2791137695312, 438.3177795410156, 764.4804077148438, 699.1478271484375], [955.2255859375, 436.1742858886719, 1045.7806396484375, 676.9713745117188], [1386.5382080078125, 422.27294921875, 1489.71533203125, 947.3392944335938], [568.0435180664062, 457.177978515625, 598.7395629882812, 533.1796264648438], [417.2103576660156, 474.4362487792969, 455.16143798828125, 570.726806640625], [293.5, 480.7974853515625, 393.0139465332031, 682.3532104492188], [857.1810302734375, 447.4649658203125, 934.2238159179688, 722.3655395507812]]","[0.5146484375, 0.447509765625, 0.7890625, 0.322998046875, 0.705078125, 0.509765625, 0.4794921875, 0.349365234375, 0.38037109375, 0.369873046875, 0.34130859375]","[[1705.1677856445312, 823.2342529296875], [1508.5908203125, 1060.1390380859375], [1312.5372314453125, 1008.8035278320312], [879.2702026367188, 723.4475708007812], [712.8797607421875, 699.1478271484375], [1000.5031127929688, 676.9713745117188], [1438.1267700195312, 947.3392944335938], [583.3915405273438, 533.1796264648438], [436.18589782714844, 570.726806640625], [343.25697326660156, 682.3532104492188], [895.7024230957031, 722.3655395507812]]",425394176,410943488,425394176,640,yolo26s_int8_640_ncnn_model,MOT17-02
495,164.9002090000522,0.0,11,"[449, 2, 238, 358, 381, 549, 553, 550, 569, 522, 313]","[[1637.605712890625, 412.0845031738281, 1782.860595703125, 799.4038696289062], [1383.953857421875, 385.5086364746094, 1648.9881591796875, 1064.9580078125], [1219.8714599609375, 422.4383239746094, 1406.8829345703125, 1008.5694580078125], [826.8826293945312, 444.9923095703125, 941.9105224609375, 721.5466918945312], [663.7633666992188, 440.6425476074219, 766.9513549804688, 698.5897216796875], [958.2837524414062, 434.4205627441406, 1049.4893798828125, 677.0955810546875], [1388.9830322265625, 422.4177551269531, 1495.298095703125, 952.830078125], [567.9081420898438, 456.1745910644531, 599.3330688476562, 534.0479736328125], [417.4564514160156, 476.69281005859375, 454.7450256347656, 570.4878540039062], [280.71282958984375, 479.9991760253906, 382.9334716796875, 688.3052368164062], [860.7642211914062, 444.8752746582031, 941.2944946289062, 726.1234130859375]]","[0.701171875, 0.486572265625, 0.80908203125, 0.302734375, 0.68701171875, 0.4794921875, 0.412841796875, 0.390625, 0.3798828125, 0.52587890625, 0.5234375]","[[1710.233154296875, 799.4038696289062], [1516.4710083007812, 1064.9580078125], [1313.377197265625, 1008.5694580078125], [884.3965759277344, 721.5466918945312], [715.3573608398438, 698.5897216796875], [1003.8865661621094, 677.0955810546875], [1442.1405639648438, 952.830078125], [583.62060546875, 534.0479736328125], [436.1007385253906, 570.4878540039062], [331.8231506347656, 688.3052368164062], [901.0293579101562, 726.1234130859375]]",425394176,410943488,425394176,640,yolo26s_int8_640_ncnn_model,MOT17-02
496,174.11457000002883,0.0,10,"[449, 2, 238, 358, 381, 549, 553, 550, 569, 522]","[[1644.291015625, 409.99993896484375, 1791.595947265625, 802.4105224609375], [1397.3887939453125, 380.7888488769531, 1665.9097900390625, 1058.639404296875], [1220.2550048828125, 421.56610107421875, 1409.8004150390625, 1009.6846313476562], [829.4503784179688, 447.2462463378906, 944.8595581054688, 723.5958862304688], [665.3136596679688, 440.77276611328125, 769.51708984375, 699.119384765625], [964.8675537109375, 434.2987976074219, 1056.9937744140625, 678.6265869140625], [1395.8599853515625, 420.46484375, 1504.99267578125, 961.8367309570312], [567.6793823242188, 454.3206787109375, 599.7048950195312, 533.878662109375], [417.0941467285156, 475.82049560546875, 455.0635070800781, 570.8778686523438], [272.3204345703125, 479.6816101074219, 375.0682373046875, 688.5684814453125]]","[0.7421875, 0.64306640625, 0.80078125, 0.45751953125, 0.72705078125, 0.63525390625, 0.422119140625, 0.393310546875, 0.359130859375, 0.49951171875]","[[1717.9434814453125, 802.4105224609375], [1531.6492919921875, 1058.639404296875], [1315.0277099609375, 1009.6846313476562], [887.1549682617188, 723.5958862304688], [717.4153747558594, 699.119384765625], [1010.9306640625, 678.6265869140625], [1450.4263305664062, 961.8367309570312], [583.692138671875, 533.878662109375], [436.0788269042969, 570.8778686523438], [323.6943359375, 688.5684814453125]]",425394176,410943488,425394176,640,yolo26s_int8_640_ncnn_model,MOT17-02
497,164.9074310000742,0.0,11,"[449, 2, 238, 358, 381, 549, 553, 550, 569, 522, 540]","[[1646.864990234375, 410.524658203125, 1796.2822265625, 812.2824096679688], [1401.586181640625, 379.273193359375, 1672.942626953125, 1059.9410400390625], [1218.6177978515625, 422.47344970703125, 1410.4385986328125, 1013.7862548828125], [834.19970703125, 450.3074951171875, 949.836181640625, 728.110595703125], [668.44384765625, 442.0469665527344, 772.1885986328125, 699.068115234375], [971.7689208984375, 444.1529846191406, 1061.06103515625, 677.2445678710938], [1398.5372314453125, 417.744873046875, 1512.12548828125, 978.0672607421875], [568.1235961914062, 453.8578796386719, 600.263427734375, 533.5582275390625], [416.868896484375, 476.4909362792969, 454.76812744140625, 570.9906616210938], [262.2303161621094, 478.0654296875, 364.5603332519531, 686.1409912109375], [1084.5306396484375, 442.4619445800781, 1142.3594970703125, 588.1561889648438]]","[0.75634765625, 0.50537109375, 0.78515625, 0.6337890625, 0.69921875, 0.6728515625, 0.5478515625, 0.344970703125, 0.3349609375, 0.3759765625, 0.391357421875]","[[1721.5736083984375, 812.2824096679688], [1537.264404296875, 1059.9410400390625], [1314.5281982421875, 1013.7862548828125], [892.0179443359375, 728.110595703125], [720.3162231445312, 699.068115234375], [1016.4149780273438, 677.2445678710938], [1455.3313598632812, 978.0672607421875], [584.1935119628906, 533.5582275390625], [435.8185119628906, 570.9906616210938], [313.39532470703125, 686.1409912109375], [1113.445068359375, 588.1561889648438]]",425394176,410943488,425394176,640,yolo26s_int8_640_ncnn_model,MOT17-02
498,166.93232300008276,0.0,11,"[449, 2, 238, 358, 381, 549, 553, 550, 569, 522, 540]","[[1656.48291015625, 408.04052734375, 1822.6002197265625, 849.4020385742188], [1412.3946533203125, 380.97064208984375, 1681.81298828125, 1056.2474365234375], [1222.1246337890625, 424.79547119140625, 1415.1964111328125, 1015.3068237304688], [841.558349609375, 454.15625, 953.7757568359375, 727.075927734375], [670.6770629882812, 439.7777099609375, 774.4063720703125, 698.7969970703125], [975.4645385742188, 444.00982666015625, 1067.140869140625, 677.7144775390625], [1406.6490478515625, 414.5112609863281, 1517.169921875, 952.1508178710938], [568.4915771484375, 454.9201965332031, 600.2492065429688, 534.1619262695312], [415.8831481933594, 474.63214111328125, 454.5507507324219, 571.0013427734375], [254.89370727539062, 475.2149353027344, 359.9722900390625, 691.3095703125], [1083.883056640625, 440.24542236328125, 1144.143310546875, 589.3632202148438]]","[0.67236328125, 0.6640625, 0.76513671875, 0.6123046875, 0.68701171875, 0.66162109375, 0.509765625, 0.379638671875, 0.349365234375, 0.42626953125, 0.388671875]","[[1739.5415649414062, 849.4020385742188], [1547.1038208007812, 1056.2474365234375], [1318.6605224609375, 1015.3068237304688], [897.6670532226562, 727.075927734375], [722.5417175292969, 698.7969970703125], [1021.3027038574219, 677.7144775390625], [1461.9094848632812, 952.1508178710938], [584.3703918457031, 534.1619262695312], [435.2169494628906, 571.0013427734375], [307.43299865722656, 691.3095703125], [1114.01318359375, 589.3632202148438]]",425394176,410943488,425394176,640,yolo26s_int8_640_ncnn_model,MOT17-02
499,165.40632099986396,0.0,13,"[449, 2, 238, 358, 381, 549, 553, 550, 569, 522, 540, 579, 563]","[[1669.939453125, 417.40216064453125, 1845.357666015625, 876.8513793945312], [1426.7435302734375, 377.69439697265625, 1700.3134765625, 1066.77490234375], [1226.3409423828125, 425.6759338378906, 1420.8084716796875, 1015.8385620117188], [847.3350219726562, 453.0677795410156, 957.9130249023438, 725.168212890625], [672.6470336914062, 439.1610107421875, 775.8917846679688, 699.4357299804688], [978.7183227539062, 446.4458923339844, 1071.181640625, 677.39111328125], [1406.4412841796875, 412.24847412109375, 1523.877685546875, 970.9281005859375], [568.9121704101562, 456.8182678222656, 599.9310913085938, 534.8781127929688], [415.87579345703125, 473.16680908203125, 454.6340637207031, 569.7291870117188], [242.51962280273438, 476.0859069824219, 348.8185119628906, 697.1027221679688], [1084.24755859375, 441.0618591308594, 1144.098388671875, 586.258056640625], [1490.6279296875, 390.75, 1692.9720458984375, 953.8499755859375], [1575.8779296875, 419.249267578125, 1879.05322265625, 866.1135864257812]]","[0.77001953125, 0.408935546875, 0.787109375, 0.55615234375, 0.6826171875, 0.59814453125, 0.583984375, 0.341796875, 0.33447265625, 0.4775390625, 0.322021484375, 0.387939453125, 0.525390625]","[[1757.6485595703125, 876.8513793945312], [1563.5285034179688, 1066.77490234375], [1323.57470703125, 1015.8385620117188], [902.6240234375, 725.168212890625], [724.2694091796875, 699.4357299804688], [1024.9499816894531, 677.39111328125], [1465.1594848632812, 970.9281005859375], [584.421630859375, 534.8781127929688], [435.2549285888672, 569.7291870117188], [295.6690673828125, 697.1027221679688], [1114.1729736328125, 586.258056640625], [1591.7999877929688, 953.8499755859375], [1727.465576171875, 866.1135864257812]]",425394176,410943488,425394176,640,yolo26s_int8_640_ncnn_model,MOT17-02
500,165.16107999996166,0.0,12,"[449, 238, 358, 381, 549, 553, 550, 569, 522, 579, 563, 399]","[[1686.780029296875, 423.14178466796875, 1865.5755615234375, 881.9677734375], [1232.445068359375, 425.9986267089844, 1428.0802001953125, 1015.9948120117188], [851.1300659179688, 445.6402893066406, 965.4710083007812, 731.4348754882812], [679.1585083007812, 436.9427795410156, 781.3638916015625, 700.6651611328125], [980.1087646484375, 455.852294921875, 1072.157958984375, 680.7643432617188], [1387.7498779296875, 410.2131652832031, 1513.435791015625, 969.1708984375], [570.010986328125, 457.7917785644531, 600.3297119140625, 534.8912963867188], [415.6110534667969, 473.5931396484375, 454.4433288574219, 570.2363891601562], [233.1951446533203, 477.88702392578125, 338.8962707519531, 699.779296875], [1478.486572265625, 379.2122802734375, 1690.806640625, 968.3875122070312], [1573.220947265625, 415.0827941894531, 1883.357421875, 872.3590087890625], [1858.7550048828125, 394.3304138183594, 1918.411376953125, 655.9806518554688]]","[0.6826171875, 0.77392578125, 0.57666015625, 0.515625, 0.6298828125, 0.5966796875, 0.294921875, 0.35205078125, 0.56103515625, 0.314453125, 0.5068359375, 0.26416015625]","[[1776.1777954101562, 881.9677734375], [1330.2626342773438, 1015.9948120117188], [908.300537109375, 731.4348754882812], [730.2611999511719, 700.6651611328125], [1026.1333618164062, 680.7643432617188], [1450.5928344726562, 969.1708984375], [585.1703491210938, 534.8912963867188], [435.0271911621094, 570.2363891601562], [286.0457077026367, 699.779296875], [1584.6466064453125, 968.3875122070312], [1728.2891845703125, 872.3590087890625], [1888.5831909179688, 655.9806518554688]]",425394176,410943488,425394176,640,yolo26s_int8_640_ncnn_model,MOT17-02
501,165.08480300012707,0.0,12,"[449, 238, 358, 381, 549, 553, 550, 569, 522, 563, 399, 2]","[[1697.2725830078125, 425.17694091796875, 1880.728759765625, 883.9686889648438], [1242.5523681640625, 425.1181335449219, 1438.613525390625, 1016.01220703125], [856.3532104492188, 442.3994140625, 970.1217651367188, 730.3281860351562], [684.7528076171875, 435.6113586425781, 785.034423828125, 701.6177368164062], [979.1746215820312, 447.5562744140625, 1075.587890625, 679.7703247070312], [1400.0526123046875, 406.7428894042969, 1529.8280029296875, 973.1152954101562], [571.0723266601562, 457.6562194824219, 601.2958374023438, 535.3826904296875], [415.93536376953125, 473.73736572265625, 453.9632263183594, 568.4127197265625], [223.74398803710938, 480.2994079589844, 330.05828857421875, 704.8942260742188], [1586.0721435546875, 410.982666015625, 1898.7655029296875, 874.2261962890625], [1859.8006591796875, 394.44183349609375, 1919.260009765625, 654.6614379882812], [1445.6107177734375, 372.0626525878906, 1719.388427734375, 1066.32080078125]]","[0.67724609375, 0.755859375, 0.5869140625, 0.5986328125, 0.56103515625, 0.61474609375, 0.37109375, 0.361083984375, 0.59521484375, 0.4501953125, 0.262451171875, 0.5205078125]","[[1789.0006713867188, 883.9686889648438], [1340.5829467773438, 1016.01220703125], [913.2374877929688, 730.3281860351562], [734.8936157226562, 701.6177368164062], [1027.3812561035156, 679.7703247070312], [1464.9403076171875, 973.1152954101562], [586.18408203125, 535.3826904296875], [434.9492950439453, 568.4127197265625], [276.90113830566406, 704.8942260742188], [1742.4188232421875, 874.2261962890625], [1889.5303344726562, 654.6614379882812], [1582.4995727539062, 1066.32080078125]]",425394176,410943488,425394176,640,yolo26s_int8_640_ncnn_model,MOT17-02
502,164.89258000001428,0.0,11,"[449, 238, 358, 381, 549, 553, 550, 569, 522, 2, 540]","[[1703.2958984375, 425.2049255371094, 1891.7139892578125, 889.1813354492188], [1250.8514404296875, 421.06304931640625, 1445.740478515625, 1005.836669921875], [862.8203735351562, 442.3631591796875, 974.9674682617188, 729.6204833984375], [689.2435913085938, 436.83544921875, 785.8146362304688, 698.27685546875], [981.9109497070312, 454.6169128417969, 1077.5361328125, 681.1270141601562], [1405.9171142578125, 403.98516845703125, 1538.5267333984375, 970.1480102539062], [571.7507934570312, 459.82525634765625, 600.85302734375, 535.3102416992188], [415.28021240234375, 468.733642578125, 454.57696533203125, 566.70751953125], [215.08445739746094, 479.7496337890625, 324.48272705078125, 712.1504516601562], [1464.1490478515625, 371.77655029296875, 1733.979736328125, 1064.29296875], [1093.8924560546875, 440.73114013671875, 1153.81298828125, 588.0234375]]","[0.68701171875, 0.74072265625, 0.56005859375, 0.64892578125, 0.67529296875, 0.60546875, 0.396484375, 0.395263671875, 0.552734375, 0.59619140625, 0.33203125]","[[1797.5049438476562, 889.1813354492188], [1348.2959594726562, 1005.836669921875], [918.8939208984375, 729.6204833984375], [737.5291137695312, 698.27685546875], [1029.7235412597656, 681.1270141601562], [1472.221923828125, 970.1480102539062], [586.3019104003906, 535.3102416992188], [434.9285888671875, 566.70751953125], [269.7835922241211, 712.1504516601562], [1599.0643920898438, 1064.29296875], [1123.8527221679688, 588.0234375]]",425394176,410943488,425394176,640,yolo26s_int8_640_ncnn_model,MOT17-02
503,165.4327660000945,0.0,11,"[449, 238, 358, 381, 549, 553, 550, 569, 522, 2, 540]","[[1705.6182861328125, 426.171630859375, 1899.1727294921875, 895.8798828125], [1261.5169677734375, 418.2767333984375, 1457.45458984375, 1008.1615600585938], [870.9255981445312, 443.84332275390625, 978.7210693359375, 722.9091186523438], [691.7462768554688, 437.5654602050781, 786.5303955078125, 698.7265625], [984.5027465820312, 465.6039123535156, 1076.350341796875, 679.3890991210938], [1411.2603759765625, 409.3896179199219, 1547.280517578125, 976.3596801757812], [571.5328979492188, 458.8930969238281, 600.6134643554688, 535.017578125], [416.2521667480469, 467.40045166015625, 455.57086181640625, 565.5941162109375], [206.0174560546875, 481.9509582519531, 316.2349853515625, 714.3667602539062], [1480.195556640625, 372.1845397949219, 1743.369384765625, 1060.1029052734375], [1089.717041015625, 440.383544921875, 1151.8631591796875, 591.6558227539062]]","[0.7626953125, 0.73779296875, 0.66064453125, 0.646484375, 0.65234375, 0.513671875, 0.42236328125, 0.303955078125, 0.5078125, 0.548828125, 0.318115234375]","[[1802.3955078125, 895.8798828125], [1359.4857788085938, 1008.1615600585938], [924.8233337402344, 722.9091186523438], [739.1383361816406, 698.7265625], [1030.4265441894531, 679.3890991210938], [1479.2704467773438, 976.3596801757812], [586.0731811523438, 535.017578125], [435.91151428222656, 565.5941162109375], [261.126220703125, 714.3667602539062], [1611.782470703125, 1060.1029052734375], [1120.7901000976562, 591.6558227539062]]",425394176,410943488,425394176,640,yolo26s_int8_640_ncnn_model,MOT17-02
504,184.51952600003096,0.0,11,"[449, 238, 358, 381, 549, 553, 550, 522, 2, 540, 591]","[[1710.929443359375, 423.10552978515625, 1910.6380615234375, 905.5880737304688], [1271.8443603515625, 414.775390625, 1468.0177001953125, 1013.4866333007812], [876.8694458007812, 449.16864013671875, 982.8540649414062, 723.5864868164062], [698.607666015625, 434.6183776855469, 792.0634155273438, 700.1367797851562], [990.2237548828125, 464.5769348144531, 1083.001953125, 679.740478515625], [1418.0277099609375, 406.548095703125, 1557.351318359375, 977.6915893554688], [571.5922241210938, 459.2848205566406, 600.8584594726562, 536.1431274414062], [193.4110870361328, 480.844482421875, 305.67926025390625, 718.0429077148438], [1486.0758056640625, 371.61798095703125, 1746.40478515625, 1059.29931640625], [1093.540283203125, 431.6439514160156, 1157.74609375, 590.6918334960938], [1340.5218505859375, 406.20001220703125, 1569.4781494140625, 969.9000244140625]]","[0.7734375, 0.76123046875, 0.57421875, 0.67236328125, 0.59619140625, 0.51416015625, 0.39599609375, 0.56298828125, 0.5048828125, 0.277099609375, 0.47265625]","[[1810.7837524414062, 905.5880737304688], [1369.9310302734375, 1013.4866333007812], [929.8617553710938, 723.5864868164062], [745.3355407714844, 700.1367797851562], [1036.6128540039062, 679.740478515625], [1487.6895141601562, 977.6915893554688], [586.225341796875, 536.1431274414062], [249.54517364501953, 718.0429077148438], [1616.2402954101562, 1059.29931640625], [1125.6431884765625, 590.6918334960938], [1455.0, 969.9000244140625]]",425394176,410943488,425394176,640,yolo26s_int8_640_ncnn_model,MOT17-02
505,165.66148800006886,0.0,10,"[449, 238, 358, 381, 549, 553, 550, 522, 2, 569]","[[1715.9835205078125, 420.2158508300781, 1917.2967529296875, 906.95556640625], [1285.457275390625, 413.2266845703125, 1478.6546630859375, 1010.8202514648438], [885.72412109375, 443.1434020996094, 993.3779907226562, 721.85205078125], [697.3328247070312, 433.2707214355469, 789.9179077148438, 699.9268188476562], [995.4315795898438, 466.92059326171875, 1087.0450439453125, 680.114013671875], [1430.828125, 420.7624206542969, 1568.303466796875, 976.6668701171875], [571.5416870117188, 459.9190368652344, 600.5042114257812, 536.065673828125], [180.5364990234375, 480.8958740234375, 292.9615173339844, 716.9267578125], [1505.0286865234375, 373.6567687988281, 1740.078125, 994.3496704101562], [416.2087097167969, 471.7879638671875, 454.7628479003906, 568.2959594726562]]","[0.75830078125, 0.74951171875, 0.51025390625, 0.62060546875, 0.60498046875, 0.4931640625, 0.376708984375, 0.59765625, 0.60693359375, 0.267578125]","[[1816.64013671875, 906.95556640625], [1382.0559692382812, 1010.8202514648438], [939.5510559082031, 721.85205078125], [743.6253662109375, 699.9268188476562], [1041.2383117675781, 680.114013671875], [1499.5657958984375, 976.6668701171875], [586.02294921875, 536.065673828125], [236.74900817871094, 716.9267578125], [1622.5534057617188, 994.3496704101562], [435.48577880859375, 568.2959594726562]]",425394176,410943488,425394176,640,yolo26s_int8_640_ncnn_model,MOT17-02
506,164.77535800004262,0.0,11,"[449, 238, 358, 381, 549, 553, 550, 522, 2, 569, 313]","[[1721.719970703125, 417.8621520996094, 1920.0, 902.6223754882812], [1289.0772705078125, 412.4240417480469, 1484.7900390625, 1028.817626953125], [900.384033203125, 440.910888671875, 1009.3218383789062, 723.1986694335938], [705.5582885742188, 431.0434265136719, 795.9187622070312, 700.5819091796875], [1004.0556030273438, 477.7612609863281, 1090.6025390625, 680.2492065429688], [1440.330078125, 422.76055908203125, 1577.3729248046875, 977.7003173828125], [572.2935791015625, 460.8961486816406, 600.5648803710938, 535.27734375], [168.5687713623047, 481.14752197265625, 282.9791259765625, 721.03173828125], [1503.8123779296875, 373.71630859375, 1751.1072998046875, 1037.2005615234375], [415.8486633300781, 469.26300048828125, 454.93475341796875, 567.4083862304688], [859.9541015625, 406.8845520019531, 943.6932983398438, 714.4261474609375]]","[0.7431640625, 0.72412109375, 0.6826171875, 0.68359375, 0.491455078125, 0.5341796875, 0.38427734375, 0.65283203125, 0.630859375, 0.25146484375, 0.50634765625]","[[1820.8599853515625, 902.6223754882812], [1386.9336547851562, 1028.817626953125], [954.8529357910156, 723.1986694335938], [750.738525390625, 700.5819091796875], [1047.3290710449219, 680.2492065429688], [1508.8515014648438, 977.7003173828125], [586.4292297363281, 535.27734375], [225.7739486694336, 721.03173828125], [1627.4598388671875, 1037.2005615234375], [435.39170837402344, 567.4083862304688], [901.8236999511719, 714.4261474609375]]",425394176,410943488,425394176,640,yolo26s_int8_640_ncnn_model,MOT17-02
507,164.81724599998415,0.0,12,"[449, 238, 358, 381, 549, 553, 550, 522, 2, 596, 313, 540]","[[1722.70751953125, 412.7840881347656, 1920.0, 920.609619140625], [1293.16845703125, 409.4609375, 1489.86962890625, 1039.2098388671875], [908.2518310546875, 442.2944030761719, 1018.5665893554688, 724.4642333984375], [715.0615844726562, 430.46319580078125, 805.38671875, 700.580322265625], [1012.7245483398438, 487.6048278808594, 1092.2152099609375, 675.4393310546875], [1450.3087158203125, 437.1285705566406, 1583.8109130859375, 980.279052734375], [572.2066650390625, 459.24688720703125, 600.933837890625, 534.9694213867188], [159.72879028320312, 480.9900817871094, 274.04034423828125, 718.8513793945312], [1511.9490966796875, 376.42938232421875, 1758.1951904296875, 1047.8896484375], [871.5768432617188, 474.0, 927.8231201171875, 699.0], [861.9725952148438, 405.8930358886719, 941.4635009765625, 711.9964599609375], [1096.055908203125, 430.4185791015625, 1159.992919921875, 590.920654296875]]","[0.74072265625, 0.708984375, 0.68017578125, 0.587890625, 0.51318359375, 0.5068359375, 0.362548828125, 0.50830078125, 0.66552734375, 0.3486328125, 0.41064453125, 0.349609375]","[[1821.353759765625, 920.609619140625], [1391.51904296875, 1039.2098388671875], [963.4092102050781, 724.4642333984375], [760.2241516113281, 700.580322265625], [1052.4698791503906, 675.4393310546875], [1517.059814453125, 980.279052734375], [586.5702514648438, 534.9694213867188], [216.8845672607422, 718.8513793945312], [1635.0721435546875, 1047.8896484375], [899.6999816894531, 699.0], [901.7180480957031, 711.9964599609375], [1128.0244140625, 590.920654296875]]",425394176,410943488,425394176,640,yolo26s_int8_640_ncnn_model,MOT17-02
508,165.0358210001741,0.0,12,"[449, 238, 358, 381, 549, 553, 550, 522, 2, 313, 540, 569]","[[1730.8765869140625, 410.8822021484375, 1920.0, 917.6329956054688], [1308.811279296875, 410.55084228515625, 1504.631591796875, 1041.912841796875], [913.981689453125, 443.5822448730469, 1025.755859375, 725.20361328125], [721.3668823242188, 427.8006591796875, 812.96484375, 701.0671997070312], [1019.7947998046875, 483.741943359375, 1097.78271484375, 672.6473999023438], [1451.357666015625, 419.4984436035156, 1586.3902587890625, 977.197998046875], [571.7608032226562, 456.4086608886719, 601.4685668945312, 535.1004028320312], [144.2008056640625, 480.42425537109375, 257.8963623046875, 717.4004516601562], [1515.277587890625, 369.5952453613281, 1764.00537109375, 1055.0906982421875], [864.9512329101562, 407.53778076171875, 940.3733520507812, 707.1982421875], [1098.2421875, 432.4299011230469, 1160.341064453125, 590.8896484375], [416.18707275390625, 468.51971435546875, 455.10015869140625, 566.74853515625]]","[0.72265625, 0.728515625, 0.70458984375, 0.625, 0.432373046875, 0.5771484375, 0.402587890625, 0.59521484375, 0.68798828125, 0.451416015625, 0.280029296875, 0.25830078125]","[[1825.4382934570312, 917.6329956054688], [1406.721435546875, 1041.912841796875], [969.8687744140625, 725.20361328125], [767.1658630371094, 701.0671997070312], [1058.7887573242188, 672.6473999023438], [1518.8739624023438, 977.197998046875], [586.6146850585938, 535.1004028320312], [201.048583984375, 717.4004516601562], [1639.6414794921875, 1055.0906982421875], [902.6622924804688, 707.1982421875], [1129.2916259765625, 590.8896484375], [435.64361572265625, 566.74853515625]]",425394176,410943488,425394176,640,yolo26s_int8_640_ncnn_model,MOT17-02
509,167.47304499995153,0.0,12,"[449, 238, 358, 381, 549, 553, 550, 522, 2, 313, 540, 596]","[[1736.7335205078125, 408.94366455078125, 1920.0, 921.3123779296875], [1319.5074462890625, 409.05487060546875, 1518.91552734375, 1052.65478515625], [917.2523803710938, 444.82122802734375, 1030.814697265625, 724.7422485351562], [727.0565795898438, 430.0123596191406, 818.1600952148438, 700.0173950195312], [1025.0845947265625, 478.5434265136719, 1103.7681884765625, 673.4732666015625], [1453.2103271484375, 417.4089050292969, 1590.48779296875, 993.2678833007812], [571.270263671875, 456.0707092285156, 601.0015258789062, 535.3915405273438], [130.77005004882812, 477.2427062988281, 249.1510772705078, 722.6869506835938], [1520.62744140625, 365.5291442871094, 1769.45361328125, 1056.354736328125], [865.9387817382812, 406.0132141113281, 940.0770874023438, 710.6174926757812], [1098.1055908203125, 431.3839111328125, 1160.3406982421875, 591.62890625], [877.3782348632812, 476.37371826171875, 933.4156494140625, 699.339111328125]]","[0.74853515625, 0.7333984375, 0.69677734375, 0.60498046875, 0.3759765625, 0.51904296875, 0.3798828125, 0.58935546875, 0.66845703125, 0.50830078125, 0.474853515625, 0.367431640625]","[[1828.3667602539062, 921.3123779296875], [1419.2114868164062, 1052.65478515625], [974.0335388183594, 724.7422485351562], [772.6083374023438, 700.0173950195312], [1064.4263916015625, 673.4732666015625], [1521.8490600585938, 993.2678833007812], [586.1358947753906, 535.3915405273438], [189.96056365966797, 722.6869506835938], [1645.04052734375, 1056.354736328125], [903.0079345703125, 710.6174926757812], [1129.22314453125, 591.62890625], [905.3969421386719, 699.339111328125]]",425394176,410943488,425394176,640,yolo26s_int8_640_ncnn_model,MOT17-02
510,165.10091400004967,0.0,12,"[449, 238, 358, 381, 549, 553, 550, 522, 2, 313, 540, 596]","[[1745.6859130859375, 407.9878845214844, 1920.0, 915.9661865234375], [1331.5703125, 411.934814453125, 1531.515869140625, 1049.3099365234375], [917.1375732421875, 448.2711486816406, 1032.554931640625, 725.5612182617188], [730.771484375, 435.607177734375, 821.2173461914062, 697.8724365234375], [1029.0999755859375, 476.332275390625, 1107.5888671875, 674.0440673828125], [1457.841552734375, 407.3268737792969, 1596.5340576171875, 997.8799438476562], [571.2943725585938, 455.2112731933594, 601.076171875, 535.2550048828125], [115.18508911132812, 477.2621154785156, 236.9499053955078, 727.3007202148438], [1533.276123046875, 365.23199462890625, 1783.999755859375, 1058.5421142578125], [868.8117065429688, 407.70501708984375, 940.3904418945312, 708.7175903320312], [1097.773681640625, 430.9998779296875, 1159.591796875, 589.9348754882812], [880.5044555664062, 468.1731262207031, 939.0256958007812, 698.822021484375]]","[0.69775390625, 0.75634765625, 0.7421875, 0.6474609375, 0.480224609375, 0.60107421875, 0.3837890625, 0.490966796875, 0.70849609375, 0.53564453125, 0.544921875, 0.317626953125]","[[1832.8429565429688, 915.9661865234375], [1431.5430908203125, 1049.3099365234375], [974.8462524414062, 725.5612182617188], [775.9944152832031, 697.8724365234375], [1068.3444213867188, 674.0440673828125], [1527.1878051757812, 997.8799438476562], [586.1852722167969, 535.2550048828125], [176.06749725341797, 727.3007202148438], [1658.637939453125, 1058.5421142578125], [904.60107421875, 708.7175903320312], [1128.6827392578125, 589.9348754882812], [909.7650756835938, 698.822021484375]]",425394176,410943488,425394176,640,yolo26s_int8_640_ncnn_model,MOT17-02
511,168.08654600004047,0.0,12,"[449, 238, 358, 381, 549, 553, 550, 522, 2, 313, 540, 569]","[[1751.40625, 405.6922607421875, 1920.0, 930.4234619140625], [1341.155517578125, 415.5584411621094, 1543.6064453125, 1049.3280029296875], [918.5684814453125, 448.56939697265625, 1037.2039794921875, 725.8705444335938], [730.288818359375, 435.4935302734375, 822.863037109375, 700.3135986328125], [1033.14794921875, 465.2276611328125, 1116.0751953125, 675.5272827148438], [1461.8907470703125, 404.1799011230469, 1598.14306640625, 992.980224609375], [570.9631958007812, 454.6461486816406, 600.9417724609375, 535.4446411132812], [104.81011962890625, 475.815185546875, 227.43385314941406, 726.573974609375], [1550.4501953125, 370.3371887207031, 1802.26904296875, 1060.091064453125], [872.3856201171875, 414.38385009765625, 940.9830932617188, 703.0527954101562], [1097.8453369140625, 431.851806640625, 1159.04443359375, 590.2881469726562], [415.2445983886719, 473.73712158203125, 453.65496826171875, 570.073974609375]]","[0.67724609375, 0.798828125, 0.7607421875, 0.64990234375, 0.53759765625, 0.51318359375, 0.421630859375, 0.424560546875, 0.73095703125, 0.49658203125, 0.4697265625, 0.28564453125]","[[1835.703125, 930.4234619140625], [1442.3809814453125, 1049.3280029296875], [977.88623046875, 725.8705444335938], [776.575927734375, 700.3135986328125], [1074.611572265625, 675.5272827148438], [1530.0169067382812, 992.980224609375], [585.9524841308594, 535.4446411132812], [166.12198638916016, 726.573974609375], [1676.359619140625, 1060.091064453125], [906.6843566894531, 703.0527954101562], [1128.4448852539062, 590.2881469726562], [434.4497833251953, 570.073974609375]]",425394176,410943488,425394176,640,yolo26s_int8_640_ncnn_model,MOT17-02
512,166.6571189998649,0.0,12,"[449, 238, 358, 381, 549, 553, 550, 522, 2, 313, 540, 405]","[[1761.574462890625, 400.7253112792969, 1920.0, 918.5281372070312], [1341.8260498046875, 416.9503479003906, 1547.563720703125, 1050.2105712890625], [918.328369140625, 449.6584167480469, 1039.30615234375, 724.990966796875], [733.0796508789062, 437.1814270019531, 827.2015380859375, 699.4811401367188], [1037.2952880859375, 461.8204345703125, 1122.23681640625, 676.3282470703125], [1471.4022216796875, 414.0850524902344, 1602.1392822265625, 980.86865234375], [571.17333984375, 454.9322509765625, 601.0347290039062, 536.0048828125], [88.118896484375, 476.241455078125, 213.6317901611328, 729.1338500976562], [1556.7581787109375, 369.59210205078125, 1812.7574462890625, 1063.371337890625], [873.6868286132812, 410.9455871582031, 942.2203369140625, 700.9374389648438], [1096.5946044921875, 431.4336242675781, 1158.08642578125, 590.183837890625], [700.7763671875, 457.0256652832031, 737.678466796875, 574.8199462890625]]","[0.64404296875, 0.79736328125, 0.775390625, 0.6474609375, 0.529296875, 0.487548828125, 0.419677734375, 0.54248046875, 0.74951171875, 0.56201171875, 0.56005859375, 0.317626953125]","[[1840.7872314453125, 918.5281372070312], [1444.6948852539062, 1050.2105712890625], [978.8172607421875, 724.990966796875], [780.1405944824219, 699.4811401367188], [1079.7660522460938, 676.3282470703125], [1536.770751953125, 980.86865234375], [586.1040344238281, 536.0048828125], [150.8753433227539, 729.1338500976562], [1684.7578125, 1063.371337890625], [907.9535827636719, 700.9374389648438], [1127.3405151367188, 590.183837890625], [719.2274169921875, 574.8199462890625]]",425394176,410943488,425394176,640,yolo26s_int8_640_ncnn_model,MOT17-02
513,180.53868899983172,0.0,13,"[449, 238, 358, 381, 549, 553, 550, 522, 2, 313, 540, 405, 569]","[[1771.1103515625, 397.35443115234375, 1920.0, 915.1021118164062], [1342.150146484375, 419.70318603515625, 1554.3062744140625, 1060.076171875], [916.99072265625, 448.5582275390625, 1040.90625, 725.1543579101562], [733.2188110351562, 436.8216857910156, 828.44091796875, 696.1743774414062], [1040.569091796875, 454.8707275390625, 1127.4769287109375, 672.4909057617188], [1475.737548828125, 410.4533386230469, 1604.4447021484375, 974.6209716796875], [570.9275512695312, 453.0853271484375, 601.3877563476562, 536.2151489257812], [72.988525390625, 478.1278076171875, 201.56307983398438, 735.1788940429688], [1563.50537109375, 366.6089172363281, 1825.5386962890625, 1069.2633056640625], [875.0590209960938, 410.95361328125, 942.729736328125, 698.9579467773438], [1097.25, 431.5264587402344, 1158.5452880859375, 590.8958740234375], [698.0016479492188, 454.595703125, 735.8531494140625, 575.4508666992188], [415.7568664550781, 474.6877136230469, 453.9060363769531, 570.7183227539062]]","[0.62353515625, 0.7880859375, 0.75146484375, 0.67919921875, 0.5830078125, 0.491455078125, 0.423583984375, 0.62060546875, 0.65966796875, 0.4951171875, 0.490966796875, 0.361083984375, 0.255859375]","[[1845.55517578125, 915.1021118164062], [1448.2282104492188, 1060.076171875], [978.948486328125, 725.1543579101562], [780.8298645019531, 696.1743774414062], [1084.0230102539062, 672.4909057617188], [1540.0911254882812, 974.6209716796875], [586.1576538085938, 536.2151489257812], [137.2758026123047, 735.1788940429688], [1694.5220336914062, 1069.2633056640625], [908.8943786621094, 698.9579467773438], [1127.8976440429688, 590.8958740234375], [716.9273986816406, 575.4508666992188], [434.8314514160156, 570.7183227539062]]",425394176,410943488,425394176,640,yolo26s_int8_640_ncnn_model,MOT17-02
514,171.03686399991602,0.0,14,"[449, 238, 358, 381, 549, 553, 550, 522, 2, 313, 540, 405, 569, 596]","[[1777.71728515625, 394.900634765625, 1920.0, 915.9098510742188], [1343.5152587890625, 424.4291076660156, 1558.0439453125, 1061.0062255859375], [918.4896850585938, 457.7998046875, 1041.1484375, 725.4641723632812], [732.9864501953125, 437.1748352050781, 829.8832397460938, 696.4322509765625], [1045.318603515625, 452.4715576171875, 1134.4598388671875, 674.695556640625], [1482.939453125, 414.3432312011719, 1611.27880859375, 982.9940795898438], [570.8801879882812, 453.61529541015625, 600.98095703125, 536.04638671875], [59.578914642333984, 479.83135986328125, 189.0703582763672, 737.4161987304688], [1557.84228515625, 366.7237548828125, 1818.314208984375, 1062.353759765625], [877.405517578125, 415.7273254394531, 945.02001953125, 701.5088500976562], [1098.526611328125, 433.5439453125, 1158.65185546875, 591.1719360351562], [693.4481811523438, 452.35711669921875, 731.4381103515625, 575.1569213867188], [415.5965576171875, 474.0738220214844, 453.7436218261719, 570.5885620117188], [888.7237548828125, 463.1416320800781, 950.4335327148438, 697.7279052734375]]","[0.59130859375, 0.77978515625, 0.75830078125, 0.689453125, 0.59375, 0.391357421875, 0.43359375, 0.6083984375, 0.62158203125, 0.45458984375, 0.408203125, 0.396240234375, 0.2783203125, 0.31005859375]","[[1848.858642578125, 915.9098510742188], [1450.7796020507812, 1061.0062255859375], [979.8190612792969, 725.4641723632812], [781.4348449707031, 696.4322509765625], [1089.8892211914062, 674.695556640625], [1547.109130859375, 982.9940795898438], [585.9305725097656, 536.04638671875], [124.32463645935059, 737.4161987304688], [1688.0782470703125, 1062.353759765625], [911.2127685546875, 701.5088500976562], [1128.5892333984375, 591.1719360351562], [712.4431457519531, 575.1569213867188], [434.6700897216797, 570.5885620117188], [919.5786437988281, 697.7279052734375]]",425394176,410943488,425394176,640,yolo26s_int8_640_ncnn_model,MOT17-02
515,166.94200800020553,0.0,13,"[449, 238, 358, 381, 549, 553, 550, 522, 2, 313, 540, 405, 569]","[[1788.395263671875, 394.27374267578125, 1920.0, 916.8657836914062], [1341.5396728515625, 424.7397155761719, 1559.3743896484375, 1062.7064208984375], [917.4154663085938, 457.78021240234375, 1042.4346923828125, 725.079345703125], [732.2699584960938, 437.79644775390625, 831.801513671875, 699.0282592773438], [1050.493896484375, 457.943115234375, 1139.3125, 677.0159912109375], [1487.2978515625, 414.82672119140625, 1615.7734375, 987.1180419921875], [570.5107421875, 453.5934143066406, 600.6710815429688, 536.220703125], [44.573219299316406, 480.9793701171875, 175.8440704345703, 738.6686401367188], [1568.037353515625, 372.0000305175781, 1832.13671875, 1063.353515625], [880.1264038085938, 413.29876708984375, 947.966552734375, 700.771240234375], [1099.0162353515625, 436.052978515625, 1157.6593017578125, 591.5302124023438], [691.8021850585938, 455.716796875, 727.8450317382812, 572.8072509765625], [415.85760498046875, 474.10247802734375, 453.8678283691406, 570.2904663085938]]","[0.564453125, 0.77734375, 0.7470703125, 0.64013671875, 0.6474609375, 0.439208984375, 0.427978515625, 0.62451171875, 0.755859375, 0.46337890625, 0.3017578125, 0.467041015625, 0.282470703125]","[[1854.1976318359375, 916.8657836914062], [1450.45703125, 1062.7064208984375], [979.9250793457031, 725.079345703125], [782.0357360839844, 699.0282592773438], [1094.9031982421875, 677.0159912109375], [1551.53564453125, 987.1180419921875], [585.5909118652344, 536.220703125], [110.20864486694336, 738.6686401367188], [1700.0870361328125, 1063.353515625], [914.0464782714844, 700.771240234375], [1128.3377685546875, 591.5302124023438], [709.8236083984375, 572.8072509765625], [434.8627166748047, 570.2904663085938]]",425394176,410943488,425394176,640,yolo26s_int8_640_ncnn_model,MOT17-02
516,165.52502500007904,0.0,13,"[449, 238, 358, 381, 549, 553, 550, 522, 2, 313, 540, 405, 569]","[[1795.93408203125, 394.8387145996094, 1920.0, 921.3237915039062], [1338.7852783203125, 425.8172607421875, 1560.4144287109375, 1065.21435546875], [916.3145751953125, 453.4909973144531, 1045.360595703125, 725.187255859375], [734.0823974609375, 429.5989685058594, 836.1666870117188, 696.5418090820312], [1052.717041015625, 456.42291259765625, 1142.5042724609375, 676.6900634765625], [1497.056884765625, 424.8934020996094, 1618.83984375, 962.9622802734375], [570.5973510742188, 453.3499450683594, 600.8153076171875, 536.5286865234375], [33.78142166137695, 482.3947448730469, 167.9754638671875, 742.002197265625], [1569.7982177734375, 370.78045654296875, 1836.875, 1061.966552734375], [879.9378051757812, 413.8887939453125, 948.21240234375, 701.025634765625], [1099.667236328125, 443.9732360839844, 1154.79052734375, 590.66943359375], [690.424072265625, 455.7548828125, 725.9267578125, 571.124267578125], [415.1769104003906, 473.3595886230469, 453.70538330078125, 570.9135131835938]]","[0.546875, 0.7744140625, 0.73779296875, 0.72021484375, 0.59619140625, 0.46044921875, 0.401611328125, 0.59521484375, 0.7490234375, 0.4990234375, 0.27587890625, 0.456787109375, 0.288818359375]","[[1857.967041015625, 921.3237915039062], [1449.599853515625, 1065.21435546875], [980.8375854492188, 725.187255859375], [785.1245422363281, 696.5418090820312], [1097.6106567382812, 676.6900634765625], [1557.9483642578125, 962.9622802734375], [585.7063293457031, 536.5286865234375], [100.87844276428223, 742.002197265625], [1703.3366088867188, 1061.966552734375], [914.0751037597656, 701.025634765625], [1127.2288818359375, 590.66943359375], [708.1754150390625, 571.124267578125], [434.44114685058594, 570.9135131835938]]",425394176,410943488,425394176,640,yolo26s_int8_640_ncnn_model,MOT17-02
517,165.38580199994612,0.0,12,"[449, 238, 358, 381, 549, 553, 550, 522, 2, 313, 405, 569]","[[1806.162353515625, 391.18023681640625, 1920.0, 902.300537109375], [1339.1405029296875, 423.97564697265625, 1562.913818359375, 1062.351318359375], [914.9859008789062, 450.13140869140625, 1047.146240234375, 724.98046875], [737.2339477539062, 428.23309326171875, 840.0751953125, 696.8365478515625], [1051.056884765625, 453.65997314453125, 1142.9385986328125, 677.7969360351562], [1500.868896484375, 424.46832275390625, 1623.3682861328125, 959.910400390625], [571.3158569335938, 455.4814453125, 600.6740112304688, 536.3951416015625], [23.23380470275879, 482.67791748046875, 158.98052978515625, 740.4876098632812], [1576.797119140625, 377.50408935546875, 1843.645751953125, 1063.1534423828125], [880.175537109375, 413.8768615722656, 948.8990478515625, 701.4063720703125], [687.51123046875, 451.72021484375, 724.258056640625, 570.5184326171875], [416.0975341796875, 474.3088073730469, 453.9527282714844, 569.9063720703125]]","[0.56787109375, 0.78125, 0.70703125, 0.65234375, 0.603515625, 0.348876953125, 0.3935546875, 0.572265625, 0.78369140625, 0.529296875, 0.464599609375, 0.25048828125]","[[1863.0811767578125, 902.300537109375], [1451.0271606445312, 1062.351318359375], [981.0660705566406, 724.98046875], [788.6545715332031, 696.8365478515625], [1096.9977416992188, 677.7969360351562], [1562.1185913085938, 959.910400390625], [585.9949340820312, 536.3951416015625], [91.10716724395752, 740.4876098632812], [1710.221435546875, 1063.1534423828125], [914.5372924804688, 701.4063720703125], [705.8846435546875, 570.5184326171875], [435.02513122558594, 569.9063720703125]]",425394176,410943488,425394176,640,yolo26s_int8_640_ncnn_model,MOT17-02
518,165.67319199998565,0.0,12,"[449, 238, 358, 381, 549, 550, 522, 2, 313, 405, 569, 579]","[[1816.0535888671875, 394.57904052734375, 1920.0, 882.1343383789062], [1336.988037109375, 415.3333740234375, 1565.7373046875, 1063.135009765625], [919.6401977539062, 455.0153503417969, 1050.32666015625, 723.6672973632812], [742.0985107421875, 429.95709228515625, 842.6127319335938, 693.7540893554688], [1052.5640869140625, 454.8435974121094, 1144.598388671875, 676.990966796875], [572.0973510742188, 457.3113098144531, 600.60888671875, 536.3368530273438], [11.060087203979492, 491.65472412109375, 147.5788116455078, 746.71484375], [1575.8167724609375, 384.270263671875, 1839.2967529296875, 1062.3385009765625], [882.3258666992188, 411.8957824707031, 951.984375, 700.5853271484375], [686.8617553710938, 454.9505920410156, 722.8429565429688, 569.5625], [415.99652099609375, 474.1684265136719, 454.0105895996094, 570.0073852539062], [1447.278564453125, 415.78753662109375, 1642.6058349609375, 964.1910400390625]]","[0.55224609375, 0.74755859375, 0.70703125, 0.6123046875, 0.560546875, 0.406982421875, 0.54736328125, 0.54541015625, 0.487548828125, 0.453857421875, 0.265380859375, 0.3662109375]","[[1868.0267944335938, 882.1343383789062], [1451.3626708984375, 1063.135009765625], [984.9834289550781, 723.6672973632812], [792.3556213378906, 693.7540893554688], [1098.5812377929688, 676.990966796875], [586.3531188964844, 536.3368530273438], [79.31944942474365, 746.71484375], [1707.5567626953125, 1062.3385009765625], [917.1551208496094, 700.5853271484375], [704.8523559570312, 569.5625], [435.00355529785156, 570.0073852539062], [1544.9421997070312, 964.1910400390625]]",425394176,410943488,425394176,640,yolo26s_int8_640_ncnn_model,MOT17-02
519,165.7258959999126,0.0,12,"[449, 238, 358, 381, 549, 550, 522, 2, 313, 405, 569, 540]","[[1823.953125, 399.9755554199219, 1920.0, 874.5596313476562], [1336.79296875, 412.80816650390625, 1567.8419189453125, 1061.636962890625], [924.1721801757812, 455.12835693359375, 1053.5040283203125, 719.916259765625], [747.069580078125, 430.15234375, 845.177978515625, 691.0921020507812], [1053.6761474609375, 457.3194580078125, 1145.3348388671875, 676.67529296875], [572.4701538085938, 458.7452087402344, 600.4976196289062, 536.5608520507812], [6.760042190551758, 505.1993408203125, 139.4982147216797, 749.7363891601562], [1581.0687255859375, 380.55517578125, 1849.40380859375, 1069.2344970703125], [883.485595703125, 408.9296875, 953.7120361328125, 695.59228515625], [686.2359008789062, 455.960205078125, 722.4105224609375, 569.467041015625], [416.1411437988281, 473.36572265625, 453.8509216308594, 568.8004150390625], [1103.62646484375, 439.8578796386719, 1157.430908203125, 585.331787109375]]","[0.52392578125, 0.7109375, 0.66845703125, 0.62451171875, 0.55322265625, 0.401611328125, 0.51318359375, 0.63134765625, 0.4794921875, 0.53173828125, 0.263427734375, 0.270263671875]","[[1871.9765625, 874.5596313476562], [1452.3174438476562, 1061.636962890625], [988.8381042480469, 719.916259765625], [796.123779296875, 691.0921020507812], [1099.5054931640625, 676.67529296875], [586.48388671875, 536.5608520507812], [73.12912845611572, 749.7363891601562], [1715.2362670898438, 1069.2344970703125], [918.5988159179688, 695.59228515625], [704.3232116699219, 569.467041015625], [434.99603271484375, 568.8004150390625], [1130.5286865234375, 585.331787109375]]",425394176,410943488,425394176,640,yolo26s_int8_640_ncnn_model,MOT17-02
520,174.9948689998746,0.0,11,"[238, 358, 381, 549, 550, 522, 2, 313, 405, 569, 579]","[[1341.5889892578125, 415.0707702636719, 1571.31689453125, 1056.7869873046875], [932.4402465820312, 451.64483642578125, 1062.8736572265625, 720.0321655273438], [753.5073852539062, 430.4925537109375, 849.29638671875, 690.8649291992188], [1053.373779296875, 461.51153564453125, 1144.046875, 676.3069458007812], [572.5628662109375, 459.2697448730469, 600.494384765625, 536.6401977539062], [2.5913546085357666, 487.146484375, 149.28488159179688, 755.7872314453125], [1574.615234375, 382.3470153808594, 1839.47265625, 1069.55810546875], [883.210693359375, 409.8158264160156, 955.9783935546875, 699.7018432617188], [684.0466918945312, 454.0619812011719, 721.3328857421875, 568.6931762695312], [415.9335632324219, 473.5542297363281, 454.05401611328125, 569.8324584960938], [1467.84228515625, 416.46728515625, 1659.3587646484375, 964.2054443359375]]","[0.71484375, 0.6640625, 0.56591796875, 0.42626953125, 0.42919921875, 0.66748046875, 0.64892578125, 0.55126953125, 0.56787109375, 0.29296875, 0.310791015625]","[[1456.4529418945312, 1056.7869873046875], [997.6569519042969, 720.0321655273438], [801.4018859863281, 690.8649291992188], [1098.7103271484375, 676.3069458007812], [586.5286254882812, 536.6401977539062], [75.93811810016632, 755.7872314453125], [1707.0439453125, 1069.55810546875], [919.5945434570312, 699.7018432617188], [702.6897888183594, 568.6931762695312], [434.99378967285156, 569.8324584960938], [1563.6005249023438, 964.2054443359375]]",425394176,410943488,425394176,640,yolo26s_int8_640_ncnn_model,MOT17-02
521,179.48694699998669,0.0,12,"[238, 358, 381, 549, 550, 522, 2, 313, 405, 569, 611, 579]","[[1345.5870361328125, 411.9921569824219, 1576.0797119140625, 1052.8857421875], [937.7313842773438, 453.56427001953125, 1066.8731689453125, 718.8532104492188], [759.4065551757812, 430.63409423828125, 851.0878295898438, 686.8303833007812], [1056.9351806640625, 450.379150390625, 1151.571044921875, 674.9209594726562], [572.9376831054688, 458.9534606933594, 601.1439208984375, 537.1649169921875], [0.0, 503.043701171875, 135.02447509765625, 753.875732421875], [1557.8212890625, 381.75762939453125, 1823.722900390625, 1060.9580078125], [884.299072265625, 407.6974182128906, 960.499755859375, 703.74169921875], [681.838134765625, 454.3512268066406, 719.4635009765625, 567.4244995117188], [415.71533203125, 473.375732421875, 454.27154541015625, 570.466796875], [719.4630737304688, 450.45001220703125, 750.5369262695312, 535.9500122070312], [1483.1495361328125, 420.359619140625, 1668.0535888671875, 960.3175048828125]]","[0.7001953125, 0.642578125, 0.57421875, 0.50927734375, 0.41455078125, 0.41455078125, 0.52587890625, 0.60498046875, 0.487548828125, 0.267333984375, 0.44921875, 0.389404296875]","[[1460.8333740234375, 1052.8857421875], [1002.3022766113281, 718.8532104492188], [805.2471923828125, 686.8303833007812], [1104.2531127929688, 674.9209594726562], [587.0408020019531, 537.1649169921875], [67.51223754882812, 753.875732421875], [1690.7720947265625, 1060.9580078125], [922.3994140625, 703.74169921875], [700.6508178710938, 567.4244995117188], [434.9934387207031, 570.466796875], [735.0, 535.9500122070312], [1575.6015625, 960.3175048828125]]",425394176,410943488,425394176,640,yolo26s_int8_640_ncnn_model,MOT17-02
522,165.31793300009667,0.0,13,"[238, 358, 381, 549, 550, 522, 2, 313, 405, 569, 611, 596, 553]","[[1347.25048828125, 409.86199951171875, 1579.39501953125, 1052.3790283203125], [944.4205932617188, 446.3083801269531, 1074.3472900390625, 717.429931640625], [762.9603881835938, 430.4517517089844, 852.1416015625, 685.5902099609375], [1058.395751953125, 452.40460205078125, 1152.1148681640625, 674.1710815429688], [573.3096923828125, 459.5687561035156, 601.1461181640625, 536.612548828125], [0.0, 489.70648193359375, 129.62911987304688, 752.583984375], [1598.8577880859375, 377.76312255859375, 1869.597900390625, 1057.4163818359375], [886.47802734375, 404.9508056640625, 965.2735595703125, 703.3179321289062], [678.6602783203125, 452.95709228515625, 718.2540893554688, 568.46875], [415.49261474609375, 471.8242492675781, 454.4949645996094, 570.20947265625], [718.0198364257812, 452.1070861816406, 749.6945190429688, 539.3213500976562], [891.454345703125, 432.8955993652344, 962.0687255859375, 701.5944213867188], [1535.384765625, 420.6382141113281, 1663.635498046875, 975.8314208984375]]","[0.71875, 0.60595703125, 0.5869140625, 0.56494140625, 0.453125, 0.36181640625, 0.6064453125, 0.58447265625, 0.54443359375, 0.29052734375, 0.418212890625, 0.3544921875, 0.474853515625]","[[1463.32275390625, 1052.3790283203125], [1009.3839416503906, 717.429931640625], [807.5509948730469, 685.5902099609375], [1105.2553100585938, 674.1710815429688], [587.2279052734375, 536.612548828125], [64.81455993652344, 752.583984375], [1734.2278442382812, 1057.4163818359375], [925.8757934570312, 703.3179321289062], [698.4571838378906, 568.46875], [434.99378967285156, 570.20947265625], [733.857177734375, 539.3213500976562], [926.7615356445312, 701.5944213867188], [1599.5101318359375, 975.8314208984375]]",425394176,410943488,425394176,640,yolo26s_int8_640_ncnn_model,MOT17-02
523,165.72330300004978,0.0,11,"[238, 358, 381, 549, 550, 2, 313, 405, 569, 611, 553]","[[1350.146484375, 407.60125732421875, 1585.0045166015625, 1059.591796875], [952.7288208007812, 447.559814453125, 1079.9404296875, 718.8906860351562], [765.2767333984375, 430.89251708984375, 854.2830200195312, 686.663330078125], [1060.8839111328125, 454.9914245605469, 1154.0281982421875, 675.1261596679688], [573.056396484375, 459.0406799316406, 601.5282592773438, 537.1453247070312], [1605.8023681640625, 377.9867858886719, 1882.9637451171875, 1060.3157958984375], [888.1124877929688, 404.66558837890625, 968.16455078125, 703.4041137695312], [677.4942626953125, 453.432861328125, 717.9036865234375, 568.8672485351562], [415.3721923828125, 471.23638916015625, 454.616455078125, 570.1071166992188], [718.3219604492188, 450.6701965332031, 749.1762084960938, 535.6058349609375], [1541.35205078125, 419.7140197753906, 1673.2674560546875, 984.1217651367188]]","[0.70849609375, 0.6240234375, 0.5400390625, 0.6396484375, 0.513671875, 0.56884765625, 0.6279296875, 0.54833984375, 0.348388671875, 0.481689453125, 0.5185546875]","[[1467.5755004882812, 1059.591796875], [1016.3346252441406, 718.8906860351562], [809.7798767089844, 686.663330078125], [1107.4560546875, 675.1261596679688], [587.2923278808594, 537.1453247070312], [1744.383056640625, 1060.3157958984375], [928.1385192871094, 703.4041137695312], [697.698974609375, 568.8672485351562], [434.99432373046875, 570.1071166992188], [733.7490844726562, 535.6058349609375], [1607.3097534179688, 984.1217651367188]]",425394176,410943488,425394176,640,yolo26s_int8_640_ncnn_model,MOT17-02
524,165.96915500008436,0.0,11,"[238, 358, 381, 549, 550, 2, 313, 405, 569, 611, 553]","[[1359.0150146484375, 408.00860595703125, 1592.8623046875, 1060.07958984375], [960.090087890625, 448.0606994628906, 1084.4627685546875, 718.4862060546875], [764.9358520507812, 433.30303955078125, 856.0526733398438, 694.8058471679688], [1062.1087646484375, 458.4774169921875, 1154.226318359375, 675.9916381835938], [573.9910888671875, 459.0841064453125, 602.6124877929688, 537.092529296875], [1608.7301025390625, 370.3844909667969, 1895.084716796875, 1065.13427734375], [890.4226684570312, 404.34600830078125, 971.4033813476562, 708.6221313476562], [675.6737060546875, 450.8880920410156, 716.3233642578125, 565.80517578125], [416.27984619140625, 473.2367248535156, 454.69622802734375, 569.817626953125], [717.2774047851562, 452.6934814453125, 748.5339965820312, 538.5283813476562], [1546.7357177734375, 420.6270751953125, 1679.15234375, 983.772705078125]]","[0.6865234375, 0.70703125, 0.568359375, 0.6181640625, 0.51806640625, 0.5830078125, 0.59375, 0.470947265625, 0.261962890625, 0.45751953125, 0.343994140625]","[[1475.9386596679688, 1060.07958984375], [1022.2764282226562, 718.4862060546875], [810.4942626953125, 694.8058471679688], [1108.1675415039062, 675.9916381835938], [588.3017883300781, 537.092529296875], [1751.9074096679688, 1065.13427734375], [930.9130249023438, 708.6221313476562], [695.99853515625, 565.80517578125], [435.488037109375, 569.817626953125], [732.9057006835938, 538.5283813476562], [1612.9440307617188, 983.772705078125]]",425394176,410943488,425394176,640,yolo26s_int8_640_ncnn_model,MOT17-02
525,165.0457099999585,0.0,11,"[238, 358, 381, 549, 550, 2, 313, 405, 569, 611, 553]","[[1369.6668701171875, 407.46417236328125, 1603.0985107421875, 1061.9495849609375], [966.1080322265625, 452.9761657714844, 1086.5467529296875, 719.5903930664062], [766.287109375, 433.4696960449219, 858.0004272460938, 695.6541137695312], [1063.506103515625, 460.802978515625, 1154.121337890625, 674.3318481445312], [574.6343994140625, 459.3403015136719, 603.2195434570312, 536.8190307617188], [1600.56591796875, 369.4930114746094, 1892.682373046875, 1064.975341796875], [895.8173828125, 405.968017578125, 975.8443603515625, 708.8735961914062], [675.2908935546875, 453.1667175292969, 716.5562133789062, 567.399169921875], [417.5447082519531, 478.498779296875, 453.8096923828125, 569.2044067382812], [718.6303100585938, 451.1777648925781, 749.9161376953125, 537.3133544921875], [1553.176025390625, 415.5750427246094, 1690.318359375, 991.94921875]]","[0.693359375, 0.6650390625, 0.556640625, 0.58642578125, 0.50341796875, 0.51220703125, 0.6123046875, 0.548828125, 0.2841796875, 0.467041015625, 0.467041015625]","[[1486.3826904296875, 1061.9495849609375], [1026.327392578125, 719.5903930664062], [812.1437683105469, 695.6541137695312], [1108.813720703125, 674.3318481445312], [588.9269714355469, 536.8190307617188], [1746.6241455078125, 1064.975341796875], [935.8308715820312, 708.8735961914062], [695.9235534667969, 567.399169921875], [435.6772003173828, 569.2044067382812], [734.2732238769531, 537.3133544921875], [1621.7471923828125, 991.94921875]]",425394176,410943488,425394176,640,yolo26s_int8_640_ncnn_model,MOT17-02
526,167.26119300005848,0.0,11,"[238, 358, 381, 549, 550, 2, 313, 405, 569, 611, 553]","[[1381.6259765625, 410.25115966796875, 1611.548583984375, 1065.5802001953125], [973.5960693359375, 450.1043395996094, 1093.686767578125, 723.7637939453125], [769.9277954101562, 433.5289001464844, 861.3148803710938, 693.0038452148438], [1065.346435546875, 455.1776428222656, 1157.536865234375, 673.2103881835938], [574.4871215820312, 458.4339294433594, 603.321044921875, 535.7164916992188], [1604.724365234375, 364.97918701171875, 1899.694091796875, 1060.198974609375], [900.5778198242188, 408.1067810058594, 978.6634521484375, 706.4807739257812], [674.8919677734375, 455.5281677246094, 716.03515625, 567.52099609375], [417.8333435058594, 480.7352600097656, 453.65875244140625, 569.734375], [718.525634765625, 451.419921875, 749.9572143554688, 538.1863403320312], [1557.2054443359375, 411.00274658203125, 1698.417724609375, 990.81396484375]]","[0.65869140625, 0.71923828125, 0.5185546875, 0.568359375, 0.486328125, 0.432373046875, 0.69091796875, 0.5576171875, 0.27099609375, 0.58837890625, 0.486328125]","[[1496.5872802734375, 1065.5802001953125], [1033.6414184570312, 723.7637939453125], [815.621337890625, 693.0038452148438], [1111.441650390625, 673.2103881835938], [588.9040832519531, 535.7164916992188], [1752.209228515625, 1060.198974609375], [939.6206359863281, 706.4807739257812], [695.4635620117188, 567.52099609375], [435.7460479736328, 569.734375], [734.2414245605469, 538.1863403320312], [1627.8115844726562, 990.81396484375]]",425394176,410943488,425394176,640,yolo26s_int8_640_ncnn_model,MOT17-02
527,165.97352600001614,0.0,11,"[238, 358, 381, 549, 550, 2, 313, 405, 569, 611, 553]","[[1401.694580078125, 408.86761474609375, 1626.49609375, 1061.4786376953125], [979.4195556640625, 447.5625305175781, 1096.9678955078125, 721.8692016601562], [777.1683959960938, 437.5235595703125, 868.4122314453125, 689.9990844726562], [1068.54052734375, 453.8423767089844, 1160.093994140625, 672.0630493164062], [574.886474609375, 458.08770751953125, 603.878173828125, 535.3017578125], [1637.3280029296875, 365.2768249511719, 1902.523681640625, 983.1790161132812], [900.8025512695312, 407.9474182128906, 979.1520385742188, 707.5408935546875], [674.3279418945312, 460.42535400390625, 714.8831787109375, 568.5831909179688], [417.86627197265625, 481.0104675292969, 453.67132568359375, 569.4197998046875], [718.6596069335938, 450.9862976074219, 749.8052368164062, 536.9385986328125], [1560.4200439453125, 410.2655334472656, 1705.2366943359375, 991.2589111328125]]","[0.68994140625, 0.66455078125, 0.6845703125, 0.49462890625, 0.494140625, 0.490478515625, 0.65625, 0.64404296875, 0.2939453125, 0.52001953125, 0.546875]","[[1514.0953369140625, 1061.4786376953125], [1038.1937255859375, 721.8692016601562], [822.7903137207031, 689.9990844726562], [1114.3172607421875, 672.0630493164062], [589.38232421875, 535.3017578125], [1769.9258422851562, 983.1790161132812], [939.977294921875, 707.5408935546875], [694.6055603027344, 568.5831909179688], [435.768798828125, 569.4197998046875], [734.232421875, 536.9385986328125], [1632.828369140625, 991.2589111328125]]",425394176,410943488,425394176,640,yolo26s_int8_640_ncnn_model,MOT17-02
528,195.74405699995623,0.0,11,"[238, 358, 381, 549, 550, 2, 313, 405, 569, 611, 553]","[[1418.5010986328125, 412.07489013671875, 1636.3792724609375, 1057.146240234375], [980.888671875, 446.8367614746094, 1096.6002197265625, 722.8616943359375], [784.2216796875, 436.76617431640625, 877.5358276367188, 687.1148681640625], [1074.71923828125, 451.8656921386719, 1166.79248046875, 671.1429443359375], [574.80029296875, 456.4648132324219, 604.304443359375, 534.6520385742188], [1676.418701171875, 392.4820556640625, 1917.821044921875, 957.2649536132812], [904.7874145507812, 406.9075927734375, 983.1981201171875, 705.953369140625], [674.1708984375, 459.45904541015625, 716.0473022460938, 569.7498779296875], [417.3196105957031, 477.06201171875, 455.23529052734375, 570.30859375], [718.5003662109375, 452.623046875, 749.4486694335938, 538.7833862304688], [1563.155517578125, 410.037841796875, 1713.7061767578125, 993.3168334960938]]","[0.73583984375, 0.615234375, 0.6416015625, 0.416015625, 0.5029296875, 0.346435546875, 0.69921875, 0.6630859375, 0.319091796875, 0.53515625, 0.58544921875]","[[1527.440185546875, 1057.146240234375], [1038.7444458007812, 722.8616943359375], [830.8787536621094, 687.1148681640625], [1120.755859375, 671.1429443359375], [589.5523681640625, 534.6520385742188], [1797.119873046875, 957.2649536132812], [943.9927673339844, 705.953369140625], [695.1091003417969, 569.7498779296875], [436.27745056152344, 570.30859375], [733.9745178222656, 538.7833862304688], [1638.4308471679688, 993.3168334960938]]",425394176,410943488,425394176,640,yolo26s_int8_640_ncnn_model,MOT17-02
529,166.25124799998048,0.0,10,"[238, 358, 381, 550, 2, 313, 405, 569, 611, 553]","[[1425.1275634765625, 416.2915954589844, 1638.2757568359375, 1059.455078125], [984.6181030273438, 443.6134033203125, 1100.831787109375, 724.2235107421875], [791.6131591796875, 436.7189025878906, 888.8634643554688, 686.8161010742188], [574.9672241210938, 457.33905029296875, 604.2469482421875, 534.906494140625], [1666.7930908203125, 383.11639404296875, 1905.87060546875, 933.9891357421875], [909.5244140625, 404.5429992675781, 987.2823486328125, 705.3429565429688], [673.2681274414062, 460.0866394042969, 715.3872680664062, 569.1802978515625], [416.60906982421875, 471.4493103027344, 455.8244934082031, 567.9386596679688], [717.9678955078125, 451.94647216796875, 748.7813720703125, 538.6897583007812], [1575.5650634765625, 411.23016357421875, 1728.7125244140625, 993.7823486328125]]","[0.73388671875, 0.62744140625, 0.63134765625, 0.488037109375, 0.341796875, 0.68505859375, 0.65478515625, 0.357421875, 0.51611328125, 0.61474609375]","[[1531.70166015625, 1059.455078125], [1042.7249450683594, 724.2235107421875], [840.2383117675781, 686.8161010742188], [589.6070861816406, 534.906494140625], [1786.3318481445312, 933.9891357421875], [948.4033813476562, 705.3429565429688], [694.3276977539062, 569.1802978515625], [436.21678161621094, 567.9386596679688], [733.3746337890625, 538.6897583007812], [1652.1387939453125, 993.7823486328125]]",425394176,410943488,425394176,640,yolo26s_int8_640_ncnn_model,MOT17-02
530,173.94297800001368,0.0,11,"[238, 358, 381, 550, 2, 313, 405, 569, 611, 553, 549]","[[1430.8594970703125, 417.62408447265625, 1641.1427001953125, 1062.54345703125], [995.0457763671875, 439.95263671875, 1108.839111328125, 719.332275390625], [801.493896484375, 437.9330749511719, 901.604736328125, 688.472900390625], [575.0077514648438, 457.92724609375, 604.2254028320312, 535.7560424804688], [1684.3560791015625, 389.1446533203125, 1920.0, 948.0067749023438], [914.8314208984375, 404.9003601074219, 993.038818359375, 712.7686157226562], [670.6942138671875, 458.549072265625, 713.4711303710938, 568.712890625], [417.5329895019531, 473.1848449707031, 456.3109130859375, 568.9743041992188], [717.7495727539062, 450.6798400878906, 748.0602416992188, 536.62890625], [1580.20458984375, 408.52447509765625, 1737.9669189453125, 996.1043701171875], [1082.6519775390625, 455.3863830566406, 1170.4541015625, 670.997314453125]]","[0.7607421875, 0.54931640625, 0.4990234375, 0.474853515625, 0.39501953125, 0.67626953125, 0.615234375, 0.309814453125, 0.53662109375, 0.65380859375, 0.405029296875]","[[1536.0010986328125, 1062.54345703125], [1051.9424438476562, 719.332275390625], [851.54931640625, 688.472900390625], [589.6165771484375, 535.7560424804688], [1802.1780395507812, 948.0067749023438], [953.9351196289062, 712.7686157226562], [692.0826721191406, 568.712890625], [436.9219512939453, 568.9743041992188], [732.9049072265625, 536.62890625], [1659.0857543945312, 996.1043701171875], [1126.5530395507812, 670.997314453125]]",425394176,410943488,425394176,640,yolo26s_int8_640_ncnn_model,MOT17-02
531,166.214693000029,0.0,11,"[238, 358, 381, 550, 2, 313, 405, 569, 611, 553, 549]","[[1438.6490478515625, 415.8816833496094, 1645.9710693359375, 1058.9776611328125], [1003.98193359375, 440.5539855957031, 1116.48583984375, 719.4231567382812], [805.9794921875, 434.8930969238281, 907.2332763671875, 686.6285400390625], [574.737060546875, 456.6624755859375, 604.4867553710938, 536.5733032226562], [1691.202392578125, 387.2035827636719, 1920.0, 950.2638549804688], [919.7781372070312, 403.8261413574219, 997.0076904296875, 713.8484497070312], [669.233642578125, 458.7065124511719, 711.3529052734375, 567.7965087890625], [417.1477355957031, 474.6264343261719, 455.7528991699219, 569.6337280273438], [716.7133178710938, 450.4525451660156, 747.7510986328125, 538.6194458007812], [1584.1287841796875, 411.7165832519531, 1746.6832275390625, 1006.5132446289062], [1083.1881103515625, 454.7591247558594, 1167.6614990234375, 667.4418334960938]]","[0.78369140625, 0.61279296875, 0.6337890625, 0.5458984375, 0.49755859375, 0.60400390625, 0.603515625, 0.27685546875, 0.50146484375, 0.56787109375, 0.6123046875]","[[1542.31005859375, 1058.9776611328125], [1060.23388671875, 719.4231567382812], [856.6063842773438, 686.6285400390625], [589.6119079589844, 536.5733032226562], [1805.6011962890625, 950.2638549804688], [958.3929138183594, 713.8484497070312], [690.2932739257812, 567.7965087890625], [436.4503173828125, 569.6337280273438], [732.2322082519531, 538.6194458007812], [1665.406005859375, 1006.5132446289062], [1125.4248046875, 667.4418334960938]]",425394176,410943488,425394176,640,yolo26s_int8_640_ncnn_model,MOT17-02
532,164.5733759999075,0.0,11,"[238, 358, 381, 550, 2, 313, 405, 569, 611, 553, 549]","[[1447.523681640625, 414.2132873535156, 1655.2135009765625, 1055.6160888671875], [1007.0924072265625, 448.9772033691406, 1117.2972412109375, 722.1884155273438], [807.7642211914062, 434.7302551269531, 909.8480834960938, 684.9580078125], [575.4949340820312, 459.6216125488281, 604.2037963867188, 536.3890991210938], [1698.2484130859375, 383.6546936035156, 1920.0, 950.181640625], [925.4420166015625, 404.90716552734375, 1001.4273681640625, 712.7562255859375], [667.19482421875, 458.0035705566406, 709.1499633789062, 567.2044677734375], [417.2043762207031, 475.1806335449219, 455.32769775390625, 568.8928833007812], [715.829345703125, 450.37103271484375, 747.1602172851562, 539.3524169921875], [1590.2454833984375, 407.81524658203125, 1756.6614990234375, 1011.6312866210938], [1084.9918212890625, 457.79669189453125, 1166.9688720703125, 669.963623046875]]","[0.759765625, 0.66455078125, 0.650390625, 0.46875, 0.461181640625, 0.59765625, 0.60009765625, 0.29931640625, 0.5439453125, 0.58544921875, 0.494140625]","[[1551.3685913085938, 1055.6160888671875], [1062.19482421875, 722.1884155273438], [858.80615234375, 684.9580078125], [589.849365234375, 536.3890991210938], [1809.1242065429688, 950.181640625], [963.4346923828125, 712.7562255859375], [688.1723937988281, 567.2044677734375], [436.2660369873047, 568.8928833007812], [731.4947814941406, 539.3524169921875], [1673.4534912109375, 1011.6312866210938], [1125.9803466796875, 669.963623046875]]",425394176,410943488,425394176,640,yolo26s_int8_640_ncnn_model,MOT17-02
533,164.26791300000332,0.0,11,"[238, 358, 381, 550, 2, 313, 405, 569, 611, 553, 549]","[[1456.7415771484375, 410.35076904296875, 1666.1890869140625, 1051.6107177734375], [1011.6134033203125, 449.9649658203125, 1122.7760009765625, 724.4954833984375], [807.6077880859375, 438.64923095703125, 909.2432861328125, 684.3494262695312], [576.433349609375, 457.26922607421875, 605.9368286132812, 535.8109741210938], [1705.4725341796875, 384.30426025390625, 1920.0, 956.447021484375], [929.140869140625, 409.7934875488281, 1003.3093872070312, 704.885498046875], [666.3025512695312, 457.234130859375, 708.0574340820312, 566.4933471679688], [417.3341064453125, 474.8941650390625, 454.55419921875, 567.1196899414062], [716.4630737304688, 452.0794372558594, 746.9788208007812, 539.870849609375], [1580.80078125, 412.2300720214844, 1752.1668701171875, 1011.5281982421875], [1086.9219970703125, 453.938232421875, 1168.2730712890625, 669.9223022460938]]","[0.802734375, 0.6357421875, 0.65576171875, 0.478515625, 0.572265625, 0.5830078125, 0.63037109375, 0.260009765625, 0.5732421875, 0.62939453125, 0.425537109375]","[[1561.46533203125, 1051.6107177734375], [1067.1947021484375, 724.4954833984375], [858.425537109375, 684.3494262695312], [591.1850891113281, 535.8109741210938], [1812.7362670898438, 956.447021484375], [966.2251281738281, 704.885498046875], [687.1799926757812, 566.4933471679688], [435.94415283203125, 567.1196899414062], [731.720947265625, 539.870849609375], [1666.4838256835938, 1011.5281982421875], [1127.5975341796875, 669.9223022460938]]",425394176,410943488,425394176,640,yolo26s_int8_640_ncnn_model,MOT17-02
534,164.310893999982,0.0,11,"[238, 358, 381, 550, 2, 313, 405, 569, 611, 553, 549]","[[1458.49560546875, 408.40399169921875, 1671.4935302734375, 1056.5601806640625], [1013.859375, 450.0777587890625, 1126.904296875, 726.586181640625], [809.2432250976562, 445.6274719238281, 909.902587890625, 684.64990234375], [576.8119506835938, 455.6713562011719, 607.0135498046875, 535.3536376953125], [1706.1868896484375, 382.0318298339844, 1920.0, 991.431884765625], [928.897705078125, 412.93121337890625, 1003.3369750976562, 704.6179809570312], [663.7212524414062, 455.69622802734375, 705.5244750976562, 565.4899291992188], [417.60455322265625, 476.28515625, 455.0367126464844, 568.9553833007812], [716.7706909179688, 452.4842529296875, 746.873046875, 540.3055419921875], [1593.6038818359375, 410.025634765625, 1768.9234619140625, 1015.3074951171875], [1094.423828125, 450.5223693847656, 1176.6468505859375, 673.8700561523438]]","[0.8193359375, 0.6474609375, 0.66943359375, 0.4638671875, 0.56884765625, 0.49609375, 0.64892578125, 0.2802734375, 0.59130859375, 0.6328125, 0.362060546875]","[[1564.9945678710938, 1056.5601806640625], [1070.3818359375, 726.586181640625], [859.5729064941406, 684.64990234375], [591.9127502441406, 535.3536376953125], [1813.0934448242188, 991.431884765625], [966.1173400878906, 704.6179809570312], [684.6228637695312, 565.4899291992188], [436.3206329345703, 568.9553833007812], [731.8218688964844, 540.3055419921875], [1681.263671875, 1015.3074951171875], [1135.5353393554688, 673.8700561523438]]",425394176,410943488,425394176,640,yolo26s_int8_640_ncnn_model,MOT17-02
535,164.93172900004538,0.0,11,"[238, 358, 381, 550, 2, 313, 405, 569, 611, 553, 549]","[[1459.177734375, 409.91033935546875, 1672.9617919921875, 1056.2125244140625], [1016.2249145507812, 454.5588073730469, 1128.5677490234375, 725.8795776367188], [810.404052734375, 447.952392578125, 913.2484130859375, 686.0496826171875], [577.3307495117188, 456.5423889160156, 607.516845703125, 535.6724243164062], [1708.1795654296875, 385.3218078613281, 1920.0, 1016.796630859375], [930.9223022460938, 414.82098388671875, 1007.0304565429688, 704.779296875], [663.5165405273438, 455.11737060546875, 704.9005737304688, 565.1243286132812], [418.26165771484375, 476.304931640625, 455.6496276855469, 569.1465454101562], [717.2307739257812, 452.63055419921875, 747.0034790039062, 540.4568481445312], [1589.951171875, 411.66802978515625, 1771.5498046875, 1022.0512084960938], [1099.4083251953125, 440.684326171875, 1184.3662109375, 678.0598754882812]]","[0.81396484375, 0.669921875, 0.732421875, 0.46044921875, 0.43994140625, 0.5693359375, 0.63916015625, 0.283203125, 0.58740234375, 0.5634765625, 0.39697265625]","[[1566.0697631835938, 1056.2125244140625], [1072.3963317871094, 725.8795776367188], [861.8262329101562, 686.0496826171875], [592.4237976074219, 535.6724243164062], [1814.0897827148438, 1016.796630859375], [968.9763793945312, 704.779296875], [684.2085571289062, 565.1243286132812], [436.9556427001953, 569.1465454101562], [732.1171264648438, 540.4568481445312], [1680.75048828125, 1022.0512084960938], [1141.8872680664062, 678.0598754882812]]",425394176,410943488,425394176,640,yolo26s_int8_640_ncnn_model,MOT17-02
536,164.98804399998335,0.0,11,"[238, 358, 381, 550, 2, 313, 405, 569, 611, 553, 549]","[[1458.9710693359375, 416.2069396972656, 1673.413330078125, 1062.2730712890625], [1020.6557006835938, 458.9991760253906, 1132.220947265625, 724.8382568359375], [812.501708984375, 447.7611999511719, 916.5433959960938, 684.5767211914062], [578.2901000976562, 459.85919189453125, 606.9171142578125, 534.8065185546875], [1709.7061767578125, 376.13531494140625, 1920.0, 1047.842529296875], [934.4950561523438, 412.5080261230469, 1013.3599853515625, 703.8511962890625], [662.1610717773438, 455.647216796875, 703.079833984375, 564.256591796875], [418.3786926269531, 476.55560302734375, 456.00604248046875, 569.9630126953125], [716.9558715820312, 453.1763610839844, 746.0259399414062, 540.0050048828125], [1587.28857421875, 410.1060485839844, 1773.3458251953125, 1021.816650390625], [1103.4083251953125, 438.6352233886719, 1187.9632568359375, 679.89453125]]","[0.7802734375, 0.72021484375, 0.7041015625, 0.389892578125, 0.46337890625, 0.58056640625, 0.53173828125, 0.3017578125, 0.4853515625, 0.556640625, 0.357421875]","[[1566.1921997070312, 1062.2730712890625], [1076.4383239746094, 724.8382568359375], [864.5225524902344, 684.5767211914062], [592.6036071777344, 534.8065185546875], [1814.8530883789062, 1047.842529296875], [973.9275207519531, 703.8511962890625], [682.6204528808594, 564.256591796875], [437.19236755371094, 569.9630126953125], [731.4909057617188, 540.0050048828125], [1680.3171997070312, 1021.816650390625], [1145.685791015625, 679.89453125]]",425394176,410943488,425394176,640,yolo26s_int8_640_ncnn_model,MOT17-02
537,169.1920289999871,0.0,12,"[238, 358, 381, 550, 2, 313, 405, 569, 611, 553, 549, 649]","[[1457.40087890625, 411.15740966796875, 1672.623779296875, 1056.129638671875], [1022.3829956054688, 461.1278076171875, 1134.149658203125, 723.933349609375], [812.2802124023438, 448.3887634277344, 918.4788208007812, 685.2921752929688], [579.0361938476562, 461.1323547363281, 607.7832641601562, 536.50146484375], [1729.1697998046875, 385.5571594238281, 1920.0, 996.8203735351562], [935.2802124023438, 412.12042236328125, 1017.0578002929688, 705.9986572265625], [661.031005859375, 457.8487854003906, 701.1307373046875, 563.9444580078125], [417.9783935546875, 475.16070556640625, 456.0804138183594, 569.7744750976562], [717.0305786132812, 454.12396240234375, 745.4915771484375, 540.0714111328125], [1593.5792236328125, 410.5103759765625, 1782.0325927734375, 1020.6193237304688], [1105.3065185546875, 439.8376770019531, 1186.8443603515625, 676.7098999023438], [962.235595703125, 448.79998779296875, 1132.064453125, 721.7999877929688]]","[0.763671875, 0.73974609375, 0.72705078125, 0.412353515625, 0.48486328125, 0.61376953125, 0.472412109375, 0.327880859375, 0.49267578125, 0.546875, 0.344970703125, 0.49853515625]","[[1565.0123291015625, 1056.129638671875], [1078.2663269042969, 723.933349609375], [865.3795166015625, 685.2921752929688], [593.4097290039062, 536.50146484375], [1824.5848999023438, 996.8203735351562], [976.1690063476562, 705.9986572265625], [681.0808715820312, 563.9444580078125], [437.02940368652344, 569.7744750976562], [731.2610778808594, 540.0714111328125], [1687.805908203125, 1020.6193237304688], [1146.075439453125, 676.7098999023438], [1047.1500244140625, 721.7999877929688]]",425394176,410943488,425394176,640,yolo26s_int8_640_ncnn_model,MOT17-02
538,179.62429999988672,0.0,12,"[238, 358, 381, 550, 2, 313, 405, 569, 611, 553, 549, 649]","[[1459.0579833984375, 409.73681640625, 1675.5989990234375, 1055.2767333984375], [1021.1627807617188, 455.8685302734375, 1136.397705078125, 723.5905151367188], [811.4857177734375, 446.33428955078125, 919.64453125, 684.8261108398438], [579.7804565429688, 461.83245849609375, 608.0990600585938, 535.8668212890625], [1737.37255859375, 389.724609375, 1920.0, 980.1600952148438], [935.0087280273438, 411.9627990722656, 1018.7924194335938, 706.8156127929688], [657.486572265625, 459.4291076660156, 697.6207275390625, 565.1004028320312], [417.8642578125, 477.5893859863281, 455.5693664550781, 570.6861572265625], [717.0289916992188, 453.72119140625, 745.3378295898438, 539.83837890625], [1603.918701171875, 410.19097900390625, 1794.7608642578125, 1023.5096435546875], [1110.29248046875, 441.1238708496094, 1189.738525390625, 674.69677734375], [964.7549438476562, 447.41754150390625, 1133.9228515625, 719.2655029296875]]","[0.7607421875, 0.72021484375, 0.73828125, 0.419677734375, 0.35205078125, 0.58837890625, 0.380859375, 0.290771484375, 0.5205078125, 0.5029296875, 0.4833984375, 0.5625]","[[1567.3284912109375, 1055.2767333984375], [1078.7802429199219, 723.5905151367188], [865.5651245117188, 684.8261108398438], [593.9397583007812, 535.8668212890625], [1828.686279296875, 980.1600952148438], [976.9005737304688, 706.8156127929688], [677.5536499023438, 565.1004028320312], [436.71681213378906, 570.6861572265625], [731.1834106445312, 539.83837890625], [1699.3397827148438, 1023.5096435546875], [1150.0155029296875, 674.69677734375], [1049.3388977050781, 719.2655029296875]]",425394176,410943488,425394176,640,yolo26s_int8_640_ncnn_model,MOT17-02
539,165.7092670000111,0.0,12,"[238, 358, 381, 550, 2, 313, 405, 569, 611, 553, 549, 649]","[[1459.416748046875, 408.7154541015625, 1676.62255859375, 1053.47216796875], [1019.0386962890625, 451.91693115234375, 1136.69287109375, 723.4617309570312], [812.1318969726562, 446.0267333984375, 921.8851928710938, 686.154541015625], [580.4622192382812, 459.8225402832031, 609.7852172851562, 536.8776245117188], [1746.7119140625, 394.9764709472656, 1920.0, 987.5464477539062], [933.7039184570312, 409.4156494140625, 1019.4297485351562, 706.6298217773438], [656.5294799804688, 458.5062255859375, 697.0763549804688, 565.0398559570312], [417.092041015625, 476.0306091308594, 455.0970153808594, 569.5379638671875], [715.9052734375, 453.0642395019531, 744.4296264648438, 540.2422485351562], [1616.74658203125, 418.95489501953125, 1804.06298828125, 1025.5025634765625], [1113.272216796875, 440.42340087890625, 1191.4892578125, 673.1837768554688], [964.3975219726562, 442.8641662597656, 1136.9249267578125, 720.1619262695312]]","[0.75390625, 0.72802734375, 0.7158203125, 0.451416015625, 0.363037109375, 0.548828125, 0.51025390625, 0.32275390625, 0.488037109375, 0.46044921875, 0.51171875, 0.54248046875]","[[1568.0196533203125, 1053.47216796875], [1077.8657836914062, 723.4617309570312], [867.008544921875, 686.154541015625], [595.1237182617188, 536.8776245117188], [1833.35595703125, 987.5464477539062], [976.5668334960938, 706.6298217773438], [676.8029174804688, 565.0398559570312], [436.0945281982422, 569.5379638671875], [730.1674499511719, 540.2422485351562], [1710.40478515625, 1025.5025634765625], [1152.3807373046875, 673.1837768554688], [1050.6612243652344, 720.1619262695312]]",425394176,410943488,425394176,640,yolo26s_int8_640_ncnn_model,MOT17-02
540,165.7878040000469,0.0,10,"[238, 358, 381, 550, 313, 405, 569, 611, 553, 549]","[[1462.564453125, 408.83984375, 1681.5770263671875, 1056.2681884765625], [1019.0917358398438, 444.97467041015625, 1139.6275634765625, 722.9180297851562], [812.7296752929688, 442.66082763671875, 923.1478271484375, 682.9456787109375], [579.5586547851562, 458.8360290527344, 609.5728149414062, 537.49169921875], [933.9462280273438, 409.6851501464844, 1020.7206420898438, 706.3104248046875], [655.3242797851562, 457.4075012207031, 695.8474731445312, 564.7767333984375], [417.1432189941406, 473.9577331542969, 455.5699157714844, 568.6105346679688], [714.451416015625, 452.5640563964844, 743.1578979492188, 540.6358642578125], [1626.02978515625, 420.578857421875, 1810.6343994140625, 1019.9589233398438], [1113.42236328125, 445.6335144042969, 1188.94921875, 673.1080932617188]]","[0.72607421875, 0.724609375, 0.7158203125, 0.442138671875, 0.63232421875, 0.42236328125, 0.29296875, 0.476806640625, 0.513671875, 0.481201171875]","[[1572.0707397460938, 1056.2681884765625], [1079.3596496582031, 722.9180297851562], [867.9387512207031, 682.9456787109375], [594.5657348632812, 537.49169921875], [977.3334350585938, 706.3104248046875], [675.5858764648438, 564.7767333984375], [436.3565673828125, 568.6105346679688], [728.8046569824219, 540.6358642578125], [1718.3320922851562, 1019.9589233398438], [1151.185791015625, 673.1080932617188]]",425394176,410943488,425394176,640,yolo26s_int8_640_ncnn_model,MOT17-02
541,165.58941499988578,0.0,11,"[238, 358, 381, 550, 313, 405, 569, 611, 553, 549, 652]","[[1469.0804443359375, 406.67529296875, 1689.6834716796875, 1058.568115234375], [1021.3521118164062, 441.1226501464844, 1144.180419921875, 725.900634765625], [814.5810546875, 441.8644714355469, 925.754150390625, 685.21630859375], [579.0895385742188, 458.2066955566406, 609.5732421875, 537.96826171875], [934.303955078125, 409.5434265136719, 1022.736572265625, 706.435546875], [655.7705078125, 458.2264099121094, 695.5899658203125, 564.4378051757812], [417.28668212890625, 472.4376525878906, 456.6109924316406, 569.0010986328125], [714.0979614257812, 452.8644104003906, 742.5008544921875, 540.2848510742188], [1629.6837158203125, 412.4661560058594, 1814.4149169921875, 1009.57275390625], [1113.4395751953125, 450.8998718261719, 1186.75732421875, 673.8320922851562], [882.1075439453125, 414.45001220703125, 1029.1923828125, 711.4500122070312]]","[0.71923828125, 0.70654296875, 0.705078125, 0.456298828125, 0.61083984375, 0.471435546875, 0.315185546875, 0.488525390625, 0.56689453125, 0.52978515625, 0.405029296875]","[[1579.3819580078125, 1058.568115234375], [1082.7662658691406, 725.900634765625], [870.1676025390625, 685.21630859375], [594.3313903808594, 537.96826171875], [978.520263671875, 706.435546875], [675.6802368164062, 564.4378051757812], [436.94883728027344, 569.0010986328125], [728.2994079589844, 540.2848510742188], [1722.04931640625, 1009.57275390625], [1150.0984497070312, 673.8320922851562], [955.6499633789062, 711.4500122070312]]",425394176,410943488,425394176,640,yolo26s_int8_640_ncnn_model,MOT17-02
542,166.0833780001667,0.0,11,"[238, 358, 381, 550, 313, 405, 569, 611, 553, 549, 652]","[[1471.8345947265625, 406.86004638671875, 1692.14599609375, 1059.4351806640625], [1026.000244140625, 437.4783020019531, 1149.7557373046875, 729.2407836914062], [816.7552490234375, 436.12872314453125, 930.019287109375, 685.588623046875], [579.0439453125, 458.4569396972656, 609.4098510742188, 537.6528930664062], [937.9130859375, 412.4640197753906, 1027.7840576171875, 704.5014038085938], [656.4912109375, 459.2826232910156, 695.5702514648438, 564.5680541992188], [418.07623291015625, 476.28564453125, 455.7779541015625, 568.6610107421875], [714.3065795898438, 453.4736328125, 742.4389038085938, 540.6390991210938], [1635.4219970703125, 410.6499938964844, 1820.9007568359375, 1007.3711547851562], [1114.7708740234375, 455.1296081542969, 1185.410400390625, 671.8556518554688], [888.161376953125, 414.1042785644531, 1036.7366943359375, 713.4090576171875]]","[0.7080078125, 0.65283203125, 0.6953125, 0.434326171875, 0.69189453125, 0.42041015625, 0.29052734375, 0.4794921875, 0.59716796875, 0.51904296875, 0.4375]","[[1581.9902954101562, 1059.4351806640625], [1087.8779907226562, 729.2407836914062], [873.3872680664062, 685.588623046875], [594.2268981933594, 537.6528930664062], [982.8485717773438, 704.5014038085938], [676.0307312011719, 564.5680541992188], [436.9270935058594, 568.6610107421875], [728.3727416992188, 540.6390991210938], [1728.161376953125, 1007.3711547851562], [1150.0906372070312, 671.8556518554688], [962.4490356445312, 713.4090576171875]]",425394176,410943488,425394176,640,yolo26s_int8_640_ncnn_model,MOT17-02
543,166.59000799995738,0.0,12,"[238, 358, 381, 550, 313, 405, 569, 611, 553, 549, 652, 658]","[[1487.3973388671875, 410.6617126464844, 1707.890380859375, 1060.001220703125], [1030.92138671875, 435.8737487792969, 1153.4293212890625, 727.8314819335938], [822.319580078125, 434.20953369140625, 932.611572265625, 677.6439819335938], [578.2833862304688, 456.8247985839844, 609.567626953125, 538.2646484375], [938.47509765625, 412.575439453125, 1030.3177490234375, 704.765869140625], [656.4276123046875, 463.66302490234375, 694.0016479492188, 565.6233520507812], [417.2838439941406, 473.2818298339844, 456.0421142578125, 568.0285034179688], [714.2203369140625, 453.69976806640625, 742.1150512695312, 540.7669677734375], [1642.2125244140625, 410.7234802246094, 1826.162841796875, 999.8383178710938], [1115.73095703125, 458.2048645019531, 1185.2615966796875, 673.6358642578125], [886.548828125, 413.9874572753906, 1034.8203125, 711.7499389648438], [1821.852783203125, 395.70001220703125, 1918.9971923828125, 1011.9000244140625]]","[0.77587890625, 0.50341796875, 0.662109375, 0.472412109375, 0.75634765625, 0.400390625, 0.376953125, 0.51318359375, 0.6376953125, 0.56640625, 0.467529296875, 0.39990234375]","[[1597.6438598632812, 1060.001220703125], [1092.1753540039062, 727.8314819335938], [877.465576171875, 677.6439819335938], [593.9255065917969, 538.2646484375], [984.3964233398438, 704.765869140625], [675.2146301269531, 565.6233520507812], [436.66297912597656, 568.0285034179688], [728.1676940917969, 540.7669677734375], [1734.1876831054688, 999.8383178710938], [1150.4962768554688, 673.6358642578125], [960.6845703125, 711.7499389648438], [1870.4249877929688, 1011.9000244140625]]",425394176,410943488,425394176,640,yolo26s_int8_640_ncnn_model,MOT17-02
544,166.24271199998475,0.0,13,"[238, 358, 381, 550, 313, 405, 569, 611, 553, 549, 652, 658, 661]","[[1497.08984375, 412.11871337890625, 1715.649658203125, 1056.23486328125], [1044.8724365234375, 446.60308837890625, 1162.1761474609375, 725.7872924804688], [831.2732543945312, 440.7222900390625, 939.5062866210938, 683.292724609375], [578.3194580078125, 456.94921875, 609.781005859375, 538.7335815429688], [940.7601318359375, 421.2992248535156, 1032.9989013671875, 705.1190795898438], [655.0399780273438, 461.5160217285156, 692.3640747070312, 563.76025390625], [417.4217834472656, 474.65447998046875, 455.71063232421875, 568.2931518554688], [714.272216796875, 453.53192138671875, 741.936279296875, 540.06494140625], [1646.6788330078125, 407.0319519042969, 1833.6829833984375, 1004.722412109375], [1117.383056640625, 457.30645751953125, 1186.7796630859375, 674.2960815429688], [889.267822265625, 417.3377990722656, 1036.19287109375, 710.0389404296875], [1830.0078125, 397.13726806640625, 1920.0, 983.6337890625], [545.9644165039062, 468.5249938964844, 571.5355834960938, 536.4749755859375]]","[0.72900390625, 0.5361328125, 0.603515625, 0.42626953125, 0.75390625, 0.3798828125, 0.290771484375, 0.494140625, 0.69970703125, 0.513671875, 0.396240234375, 0.4384765625, 0.3154296875]","[[1606.3697509765625, 1056.23486328125], [1103.5242919921875, 725.7872924804688], [885.3897705078125, 683.292724609375], [594.0502319335938, 538.7335815429688], [986.8795166015625, 705.1190795898438], [673.7020263671875, 563.76025390625], [436.5662078857422, 568.2931518554688], [728.104248046875, 540.06494140625], [1740.180908203125, 1004.722412109375], [1152.0813598632812, 674.2960815429688], [962.7303466796875, 710.0389404296875], [1875.00390625, 983.6337890625], [558.75, 536.4749755859375]]",425394176,410943488,425394176,640,yolo26s_int8_640_ncnn_model,MOT17-02
545,166.1710440000661,0.0,13,"[238, 358, 381, 550, 313, 405, 569, 611, 553, 549, 652, 658, 661]","[[1513.1412353515625, 413.16497802734375, 1729.592529296875, 1054.3062744140625], [1051.9188232421875, 442.05426025390625, 1168.5400390625, 724.7265625], [837.0927734375, 432.23638916015625, 945.3433837890625, 680.45361328125], [578.94580078125, 458.2342224121094, 609.724365234375, 537.6776123046875], [940.7340087890625, 420.82330322265625, 1035.692626953125, 705.0088500976562], [654.9229125976562, 457.4700012207031, 692.443115234375, 561.3369750976562], [416.97186279296875, 472.9559631347656, 456.0834655761719, 568.6494140625], [714.7677001953125, 453.2146911621094, 742.4146728515625, 540.0427856445312], [1648.4488525390625, 408.14495849609375, 1837.9595947265625, 1008.0410766601562], [1120.7330322265625, 457.1894836425781, 1190.45556640625, 675.2868041992188], [889.7596435546875, 417.6128234863281, 1036.894287109375, 708.118896484375], [1839.5679931640625, 431.0199890136719, 1920.0, 953.9177856445312], [545.1884155273438, 464.67413330078125, 572.3115844726562, 536.8773193359375]]","[0.7421875, 0.4482421875, 0.64599609375, 0.419921875, 0.71240234375, 0.4345703125, 0.31591796875, 0.568359375, 0.6630859375, 0.35107421875, 0.328125, 0.365966796875, 0.3564453125]","[[1621.3668823242188, 1054.3062744140625], [1110.2294311523438, 724.7265625], [891.2180786132812, 680.45361328125], [594.3350830078125, 537.6776123046875], [988.2133178710938, 705.0088500976562], [673.6830139160156, 561.3369750976562], [436.5276641845703, 568.6494140625], [728.5911865234375, 540.0427856445312], [1743.2042236328125, 1008.0410766601562], [1155.5942993164062, 675.2868041992188], [963.3269653320312, 708.118896484375], [1879.7839965820312, 953.9177856445312], [558.75, 536.8773193359375]]",425394176,410943488,425394176,640,yolo26s_int8_640_ncnn_model,MOT17-02
546,166.2617119998231,0.0,10,"[238, 358, 381, 550, 313, 405, 569, 611, 553, 661]","[[1524.4761962890625, 413.3030700683594, 1738.992919921875, 1054.830078125], [1063.02734375, 442.3758850097656, 1175.948486328125, 722.3630981445312], [841.2741088867188, 428.8309631347656, 949.2498168945312, 682.5974731445312], [578.63037109375, 456.7427673339844, 610.2383422851562, 538.2572021484375], [942.68310546875, 421.6089782714844, 1039.564208984375, 703.9746704101562], [654.4834594726562, 456.2021789550781, 691.951416015625, 561.1878051757812], [417.2737731933594, 474.5390625, 455.7520446777344, 568.538330078125], [715.4237060546875, 452.5967712402344, 743.1361694335938, 540.5279541015625], [1654.6962890625, 409.8349304199219, 1845.384033203125, 1011.0413818359375], [544.4622192382812, 457.7190856933594, 574.1642456054688, 537.0155029296875]]","[0.7421875, 0.44091796875, 0.63623046875, 0.423095703125, 0.6875, 0.471923828125, 0.326171875, 0.6025390625, 0.63232421875, 0.41357421875]","[[1631.7345581054688, 1054.830078125], [1119.4879150390625, 722.3630981445312], [895.261962890625, 682.5974731445312], [594.4343566894531, 538.2572021484375], [991.1236572265625, 703.9746704101562], [673.2174377441406, 561.1878051757812], [436.5129089355469, 568.538330078125], [729.2799377441406, 540.5279541015625], [1750.0401611328125, 1011.0413818359375], [559.313232421875, 537.0155029296875]]",425394176,410943488,425394176,640,yolo26s_int8_640_ncnn_model,MOT17-02
547,175.84155500003362,0.0,11,"[238, 358, 381, 550, 313, 405, 569, 611, 553, 661, 549]","[[1534.694091796875, 412.849853515625, 1745.9664306640625, 1052.5562744140625], [1075.052001953125, 438.3051452636719, 1187.47802734375, 722.70361328125], [852.2464599609375, 427.56317138671875, 956.78662109375, 680.4937133789062], [579.1458740234375, 456.93109130859375, 610.7672729492188, 538.713134765625], [946.19580078125, 424.10906982421875, 1043.0494384765625, 699.3487548828125], [654.1757202148438, 454.986572265625, 691.9832153320312, 561.892578125], [418.19769287109375, 474.6629943847656, 456.8067321777344, 568.9951171875], [716.1669311523438, 451.869384765625, 743.912353515625, 541.2017822265625], [1657.420654296875, 410.9901123046875, 1849.3582763671875, 1013.6535034179688], [544.8074340820312, 459.10400390625, 573.6790771484375, 536.5264892578125], [1114.7125244140625, 444.772216796875, 1190.209228515625, 678.7103271484375]]","[0.76611328125, 0.43603515625, 0.5419921875, 0.439208984375, 0.673828125, 0.51806640625, 0.315185546875, 0.609375, 0.6123046875, 0.3720703125, 0.3212890625]","[[1640.3302612304688, 1052.5562744140625], [1131.2650146484375, 722.70361328125], [904.5165405273438, 680.4937133789062], [594.9565734863281, 538.713134765625], [994.6226196289062, 699.3487548828125], [673.0794677734375, 561.892578125], [437.50221252441406, 568.9951171875], [730.0396423339844, 541.2017822265625], [1753.3894653320312, 1013.6535034179688], [559.2432556152344, 536.5264892578125], [1152.4608764648438, 678.7103271484375]]",425394176,410943488,425394176,640,yolo26s_int8_640_ncnn_model,MOT17-02
548,167.29547199997796,0.0,11,"[238, 358, 381, 550, 313, 405, 569, 611, 553, 661, 549]","[[1535.829833984375, 416.3954162597656, 1746.76513671875, 1061.8902587890625], [1079.1923828125, 440.2502746582031, 1188.8743896484375, 721.3602294921875], [855.3997802734375, 428.11138916015625, 954.5306396484375, 673.7706909179688], [579.9259643554688, 457.01080322265625, 611.3570556640625, 538.8821411132812], [948.092041015625, 418.7121887207031, 1047.5970458984375, 698.8800659179688], [654.485107421875, 456.7524719238281, 691.6334228515625, 561.927978515625], [417.3733825683594, 473.9678039550781, 455.89044189453125, 567.928466796875], [717.080322265625, 452.5777587890625, 744.5665893554688, 541.45361328125], [1655.36083984375, 410.94329833984375, 1849.541748046875, 1010.1696166992188], [545.2898559570312, 458.0918273925781, 574.7066650390625, 537.126953125], [1119.7596435546875, 444.64495849609375, 1194.23876953125, 677.7509155273438]]","[0.78369140625, 0.409912109375, 0.53955078125, 0.42529296875, 0.677734375, 0.53564453125, 0.3427734375, 0.65673828125, 0.6708984375, 0.44140625, 0.32177734375]","[[1641.2974853515625, 1061.8902587890625], [1134.0333862304688, 721.3602294921875], [904.9652099609375, 673.7706909179688], [595.6415100097656, 538.8821411132812], [997.8445434570312, 698.8800659179688], [673.0592651367188, 561.927978515625], [436.6319122314453, 567.928466796875], [730.8234558105469, 541.45361328125], [1752.4512939453125, 1010.1696166992188], [559.9982604980469, 537.126953125], [1156.9992065429688, 677.7509155273438]]",425394176,410943488,425394176,640,yolo26s_int8_640_ncnn_model,MOT17-02
549,165.49584099993808,0.0,11,"[238, 358, 381, 550, 313, 405, 569, 611, 553, 661, 549]","[[1540.9049072265625, 414.9978332519531, 1749.8265380859375, 1059.218017578125], [1087.850341796875, 435.5732421875, 1197.715576171875, 722.3438110351562], [860.6919555664062, 428.62530517578125, 959.1708374023438, 677.9715576171875], [580.1956176757812, 455.07275390625, 612.0833129882812, 538.939453125], [952.8084106445312, 415.2296142578125, 1054.032470703125, 698.2316284179688], [654.514404296875, 459.439453125, 690.6751098632812, 561.9578247070312], [417.3081359863281, 474.6989440917969, 455.7856140136719, 568.517822265625], [717.5770263671875, 452.853271484375, 744.6728515625, 540.5534057617188], [1655.012451171875, 409.19525146484375, 1854.673583984375, 1014.5282592773438], [546.5838012695312, 455.7603759765625, 577.0217895507812, 537.3365478515625], [1121.4705810546875, 439.45892333984375, 1197.8426513671875, 677.6105346679688]]","[0.759765625, 0.29296875, 0.56005859375, 0.50341796875, 0.59521484375, 0.51220703125, 0.3349609375, 0.62158203125, 0.55419921875, 0.464111328125, 0.28173828125]","[[1645.36572265625, 1059.218017578125], [1142.782958984375, 722.3438110351562], [909.931396484375, 677.9715576171875], [596.1394653320312, 538.939453125], [1003.4204406738281, 698.2316284179688], [672.5947570800781, 561.9578247070312], [436.546875, 568.517822265625], [731.1249389648438, 540.5534057617188], [1754.843017578125, 1014.5282592773438], [561.8027954101562, 537.3365478515625], [1159.6566162109375, 677.6105346679688]]",425394176,410943488,425394176,640,yolo26s_int8_640_ncnn_model,MOT17-02
550,165.78778500002045,0.0,11,"[238, 358, 381, 550, 313, 405, 569, 611, 553, 661, 549]","[[1546.3651123046875, 411.7196350097656, 1752.8612060546875, 1051.981201171875], [1075.747802734375, 436.79937744140625, 1186.5350341796875, 722.7182006835938], [868.7200927734375, 441.91064453125, 960.5181274414062, 679.2941284179688], [579.955810546875, 454.8360900878906, 611.7032470703125, 538.4667358398438], [955.4060668945312, 412.1676025390625, 1057.4365234375, 698.7554931640625], [654.1806640625, 461.205322265625, 689.7247924804688, 562.2326049804688], [417.5899658203125, 476.9619140625, 455.43939208984375, 568.7432861328125], [718.0347290039062, 452.2119140625, 745.4329223632812, 540.9517822265625], [1655.382568359375, 410.2731628417969, 1857.7435302734375, 1012.4493408203125], [547.1129760742188, 457.4991760253906, 576.78955078125, 536.9053344726562], [1117.3411865234375, 437.5363464355469, 1197.0516357421875, 685.3554077148438]]","[0.77001953125, 0.374755859375, 0.4990234375, 0.459228515625, 0.560546875, 0.54541015625, 0.306640625, 0.6416015625, 0.57080078125, 0.423095703125, 0.25830078125]","[[1649.6131591796875, 1051.981201171875], [1131.1414184570312, 722.7182006835938], [914.6191101074219, 679.2941284179688], [595.8295288085938, 538.4667358398438], [1006.4212951660156, 698.7554931640625], [671.9527282714844, 562.2326049804688], [436.5146789550781, 568.7432861328125], [731.7338256835938, 540.9517822265625], [1756.5630493164062, 1012.4493408203125], [561.9512634277344, 536.9053344726562], [1157.1964111328125, 685.3554077148438]]",425394176,410943488,425394176,640,yolo26s_int8_640_ncnn_model,MOT17-02
551,165.62635900004352,0.0,10,"[238, 358, 381, 550, 313, 405, 569, 611, 553, 661]","[[1554.3570556640625, 412.210693359375, 1759.4906005859375, 1050.4847412109375], [1075.3424072265625, 443.4963684082031, 1185.436279296875, 724.5995483398438], [868.775146484375, 435.22314453125, 961.5958862304688, 678.5728149414062], [580.0447387695312, 455.2510070800781, 611.34814453125, 537.783935546875], [955.7818603515625, 411.2618103027344, 1057.14697265625, 698.7304077148438], [654.2748413085938, 462.8525085449219, 689.211181640625, 562.3436889648438], [416.9161682128906, 475.8169860839844, 455.5888366699219, 568.8300170898438], [718.7010498046875, 452.9596252441406, 746.201171875, 542.0850219726562], [1664.22216796875, 412.6796875, 1865.685546875, 1009.6458740234375], [547.2996826171875, 460.3352355957031, 575.6282348632812, 536.7307739257812]]","[0.7421875, 0.46044921875, 0.490478515625, 0.471435546875, 0.5576171875, 0.51708984375, 0.29296875, 0.61083984375, 0.50537109375, 0.390869140625]","[[1656.923828125, 1050.4847412109375], [1130.3893432617188, 724.5995483398438], [915.1855163574219, 678.5728149414062], [595.6964416503906, 537.783935546875], [1006.4644165039062, 698.7304077148438], [671.7430114746094, 562.3436889648438], [436.25250244140625, 568.8300170898438], [732.4511108398438, 542.0850219726562], [1764.953857421875, 1009.6458740234375], [561.4639587402344, 536.7307739257812]]",425394176,410943488,425394176,640,yolo26s_int8_640_ncnn_model,MOT17-02
552,164.71261700007744,0.0,10,"[238, 358, 381, 550, 313, 405, 569, 611, 553, 661]","[[1558.890380859375, 415.6264343261719, 1765.9393310546875, 1057.6436767578125], [1079.657470703125, 437.6057434082031, 1192.167236328125, 721.8316650390625], [877.1565551757812, 434.5379638671875, 969.2840576171875, 678.5662841796875], [580.3955688476562, 454.925537109375, 611.8676147460938, 538.015869140625], [961.5424194335938, 408.70770263671875, 1062.076416015625, 697.010986328125], [652.7887573242188, 460.9413146972656, 688.5927734375, 562.8946533203125], [418.5167541503906, 478.35845947265625, 456.2701110839844, 567.8722534179688], [719.1587524414062, 452.7515563964844, 746.7710571289062, 543.0054321289062], [1676.22802734375, 407.3792419433594, 1879.53857421875, 1014.787353515625], [548.186279296875, 458.904296875, 576.3756713867188, 535.1286010742188]]","[0.76806640625, 0.56494140625, 0.49267578125, 0.4482421875, 0.4775390625, 0.552734375, 0.298828125, 0.64306640625, 0.5712890625, 0.430908203125]","[[1662.4148559570312, 1057.6436767578125], [1135.912353515625, 721.8316650390625], [923.2203063964844, 678.5662841796875], [596.131591796875, 538.015869140625], [1011.8094177246094, 697.010986328125], [670.6907653808594, 562.8946533203125], [437.3934326171875, 567.8722534179688], [732.9649047851562, 543.0054321289062], [1777.88330078125, 1014.787353515625], [562.2809753417969, 535.1286010742188]]",425394176,410943488,425394176,640,yolo26s_int8_640_ncnn_model,MOT17-02
553,165.9185809999144,0.0,10,"[238, 358, 381, 550, 313, 405, 569, 611, 553, 661]","[[1565.2054443359375, 412.69775390625, 1775.1826171875, 1058.613525390625], [1084.16259765625, 438.8780517578125, 1196.4991455078125, 721.2957153320312], [883.9461059570312, 434.2823791503906, 976.2405395507812, 678.5787963867188], [581.8232421875, 455.3043518066406, 612.7255249023438, 537.608642578125], [973.4586791992188, 410.9750671386719, 1070.82275390625, 696.132568359375], [652.4513549804688, 460.2290954589844, 688.687255859375, 563.1005859375], [417.95330810546875, 477.5640869140625, 456.7040710449219, 568.2606811523438], [719.5181884765625, 453.1639099121094, 746.7857666015625, 542.8538818359375], [1688.894775390625, 407.8664245605469, 1890.007080078125, 1010.2955322265625], [548.4871215820312, 456.9019775390625, 577.6505737304688, 536.0635986328125]]","[0.73974609375, 0.615234375, 0.5947265625, 0.42626953125, 0.546875, 0.5517578125, 0.316650390625, 0.64892578125, 0.482177734375, 0.417236328125]","[[1670.1940307617188, 1058.613525390625], [1140.3308715820312, 721.2957153320312], [930.0933227539062, 678.5787963867188], [597.2743835449219, 537.608642578125], [1022.1407165527344, 696.132568359375], [670.5693054199219, 563.1005859375], [437.3286895751953, 568.2606811523438], [733.1519775390625, 542.8538818359375], [1789.450927734375, 1010.2955322265625], [563.06884765625, 536.0635986328125]]",425394176,410943488,425394176,640,yolo26s_int8_640_ncnn_model,MOT17-02
554,167.40497199998572,0.0,10,"[238, 358, 381, 550, 313, 405, 569, 611, 553, 661]","[[1564.3863525390625, 414.7933654785156, 1775.484375, 1063.66845703125], [1085.3798828125, 442.863037109375, 1197.34716796875, 721.5968627929688], [890.1712036132812, 434.1933288574219, 982.8174438476562, 677.6043701171875], [582.0122680664062, 454.7143859863281, 612.8911743164062, 537.203857421875], [980.3634033203125, 411.6144104003906, 1077.4752197265625, 705.0243530273438], [651.2886962890625, 460.69189453125, 687.3407592773438, 562.4401245117188], [416.92376708984375, 475.52978515625, 457.1855163574219, 569.1486206054688], [719.3262939453125, 452.0834045410156, 746.6053466796875, 542.0411987304688], [1702.8580322265625, 408.0743713378906, 1900.267333984375, 1004.579833984375], [548.1786499023438, 458.65911865234375, 576.5411376953125, 535.9193725585938]]","[0.7333984375, 0.63623046875, 0.619140625, 0.444091796875, 0.53076171875, 0.5087890625, 0.36669921875, 0.6513671875, 0.51708984375, 0.4169921875]","[[1669.9353637695312, 1063.66845703125], [1141.363525390625, 721.5968627929688], [936.4943237304688, 677.6043701171875], [597.4517211914062, 537.203857421875], [1028.9193115234375, 705.0243530273438], [669.3147277832031, 562.4401245117188], [437.0546417236328, 569.1486206054688], [732.9658203125, 542.0411987304688], [1801.5626831054688, 1004.579833984375], [562.3598937988281, 535.9193725585938]]",425394176,410943488,425394176,640,yolo26s_int8_640_ncnn_model,MOT17-02
555,188.75684599993292,0.0,11,"[238, 358, 381, 550, 313, 405, 569, 611, 553, 661, 652]","[[1563.952392578125, 407.6769104003906, 1777.2257080078125, 1061.614013671875], [1089.5599365234375, 445.6282043457031, 1200.6170654296875, 719.4779052734375], [893.8370361328125, 436.8985595703125, 987.6038208007812, 681.4686889648438], [582.4779663085938, 455.2413024902344, 613.030517578125, 537.2997436523438], [987.715087890625, 413.8213195800781, 1080.8515625, 702.4495239257812], [651.0022583007812, 459.617919921875, 687.7265014648438, 562.4403076171875], [415.7601013183594, 474.0264892578125, 456.66748046875, 569.236572265625], [719.22998046875, 451.18121337890625, 746.5454711914062, 541.2332153320312], [1703.4715576171875, 408.6650695800781, 1900.3038330078125, 1001.9296875], [547.7092895507812, 460.1600036621094, 575.3987426757812, 536.1177368164062], [924.5806884765625, 423.26776123046875, 1063.72216796875, 692.8855590820312]]","[0.708984375, 0.68408203125, 0.640625, 0.45751953125, 0.67919921875, 0.50830078125, 0.319580078125, 0.63671875, 0.5, 0.439453125, 0.310791015625]","[[1670.5890502929688, 1061.614013671875], [1145.0885009765625, 719.4779052734375], [940.7204284667969, 681.4686889648438], [597.7542419433594, 537.2997436523438], [1034.2833251953125, 702.4495239257812], [669.3643798828125, 562.4403076171875], [436.2137908935547, 569.236572265625], [732.8877258300781, 541.2332153320312], [1801.8876953125, 1001.9296875], [561.5540161132812, 536.1177368164062], [994.1514282226562, 692.8855590820312]]",425394176,410943488,425394176,640,yolo26s_int8_640_ncnn_model,MOT17-02
556,165.7698229998914,0.0,11,"[238, 358, 381, 550, 313, 405, 569, 611, 553, 661, 652]","[[1568.6531982421875, 407.2017517089844, 1784.458740234375, 1062.535888671875], [1091.9710693359375, 444.15966796875, 1203.714599609375, 718.1923217773438], [891.3990478515625, 434.2054138183594, 986.9429321289062, 682.6815795898438], [581.9603271484375, 454.95318603515625, 612.7601928710938, 537.8341064453125], [990.708984375, 416.1788024902344, 1082.6058349609375, 701.93017578125], [648.5932006835938, 461.1926574707031, 685.2706298828125, 562.4440307617188], [414.8356628417969, 471.7317810058594, 456.9434814453125, 570.0045776367188], [719.5802612304688, 451.0898132324219, 747.1109008789062, 541.66455078125], [1696.353515625, 408.8976745605469, 1895.2105712890625, 1008.9168701171875], [547.1973266601562, 458.7391662597656, 575.2844848632812, 536.1943969726562], [929.2115478515625, 413.7919921875, 1076.1705322265625, 695.58349609375]]","[0.70849609375, 0.65576171875, 0.64990234375, 0.438720703125, 0.51904296875, 0.568359375, 0.33056640625, 0.62890625, 0.363525390625, 0.393798828125, 0.442626953125]","[[1676.5559692382812, 1062.535888671875], [1147.8428344726562, 718.1923217773438], [939.1709899902344, 682.6815795898438], [597.3602600097656, 537.8341064453125], [1036.6574096679688, 701.93017578125], [666.9319152832031, 562.4440307617188], [435.8895721435547, 570.0045776367188], [733.3455810546875, 541.66455078125], [1795.7820434570312, 1008.9168701171875], [561.2409057617188, 536.1943969726562], [1002.6910400390625, 695.58349609375]]",425394176,410943488,425394176,640,yolo26s_int8_640_ncnn_model,MOT17-02
557,165.89137799996934,0.0,11,"[238, 358, 381, 550, 313, 405, 569, 611, 553, 661, 683]","[[1567.3004150390625, 405.5609436035156, 1785.99658203125, 1062.3721923828125], [1093.0057373046875, 442.36083984375, 1206.4783935546875, 720.9649047851562], [896.390380859375, 440.821044921875, 990.33544921875, 683.3802490234375], [581.8692016601562, 455.5899963378906, 612.5360107421875, 538.2821044921875], [988.66650390625, 418.8021545410156, 1081.13818359375, 699.9916381835938], [646.818359375, 463.78594970703125, 683.2572631835938, 563.4476318359375], [415.0128479003906, 472.084228515625, 457.0108947753906, 570.0507202148438], [719.1527709960938, 450.814208984375, 746.885498046875, 542.0731811523438], [1712.4130859375, 410.9680480957031, 1911.7557373046875, 1019.45556640625], [547.085205078125, 459.4658508300781, 574.6613159179688, 535.9761352539062], [587.3268432617188, 459.07501220703125, 609.8231201171875, 536.3250122070312]]","[0.70068359375, 0.703125, 0.68798828125, 0.435302734375, 0.6279296875, 0.56005859375, 0.361572265625, 0.6064453125, 0.4287109375, 0.386474609375, 0.337158203125]","[[1676.6484985351562, 1062.3721923828125], [1149.7420654296875, 720.9649047851562], [943.3629150390625, 683.3802490234375], [597.2026062011719, 538.2821044921875], [1034.90234375, 699.9916381835938], [665.0378112792969, 563.4476318359375], [436.0118713378906, 570.0507202148438], [733.0191345214844, 542.0731811523438], [1812.0844116210938, 1019.45556640625], [560.8732604980469, 535.9761352539062], [598.5749816894531, 536.3250122070312]]",425394176,410943488,425394176,640,yolo26s_int8_640_ncnn_model,MOT17-02
558,165.53808100002243,0.0,10,"[238, 358, 381, 550, 313, 405, 569, 611, 553, 661]","[[1571.39892578125, 401.7493896484375, 1793.4429931640625, 1059.5721435546875], [1094.7362060546875, 440.9444885253906, 1207.9283447265625, 718.8046875], [897.4559326171875, 435.88507080078125, 994.0963745117188, 685.1349487304688], [582.2772216796875, 455.09552001953125, 612.9796752929688, 538.2036743164062], [991.7552490234375, 432.7593994140625, 1082.403564453125, 700.2631225585938], [645.3326416015625, 464.496337890625, 681.3948974609375, 562.075439453125], [415.64947509765625, 471.748046875, 457.4617919921875, 569.570068359375], [719.1692504882812, 450.4688415527344, 747.1011352539062, 542.4718627929688], [1720.815673828125, 423.8247375488281, 1915.3377685546875, 1023.1901245117188], [547.2328491210938, 456.77685546875, 576.2169799804688, 536.8916015625]]","[0.71337890625, 0.6845703125, 0.67822265625, 0.45068359375, 0.65234375, 0.49462890625, 0.353515625, 0.650390625, 0.401611328125, 0.409912109375]","[[1682.4209594726562, 1059.5721435546875], [1151.332275390625, 718.8046875], [945.7761535644531, 685.1349487304688], [597.6284484863281, 538.2036743164062], [1037.0794067382812, 700.2631225585938], [663.36376953125, 562.075439453125], [436.5556335449219, 569.570068359375], [733.1351928710938, 542.4718627929688], [1818.0767211914062, 1023.1901245117188], [561.7249145507812, 536.8916015625]]",425394176,410943488,425394176,640,yolo26s_int8_640_ncnn_model,MOT17-02
559,165.51126599983945,0.0,10,"[238, 358, 381, 550, 313, 405, 569, 611, 553, 661]","[[1571.8477783203125, 404.2877502441406, 1797.013427734375, 1064.42724609375], [1096.2176513671875, 443.63330078125, 1208.3792724609375, 718.7313842773438], [897.6547241210938, 436.51605224609375, 994.5130004882812, 685.2818603515625], [581.4148559570312, 454.9117431640625, 612.1727905273438, 538.1715698242188], [994.1432495117188, 440.7710876464844, 1085.3616943359375, 699.614501953125], [645.7966918945312, 466.4993896484375, 681.2703247070312, 561.8146362304688], [416.41607666015625, 474.8377380371094, 457.1128234863281, 570.1223754882812], [719.443359375, 450.34381103515625, 747.3977661132812, 542.6193237304688], [1727.5203857421875, 420.7882080078125, 1920.0, 1024.5640869140625], [547.6996459960938, 455.5489501953125, 577.3521728515625, 537.4740600585938]]","[0.69580078125, 0.646484375, 0.63427734375, 0.447509765625, 0.65234375, 0.46875, 0.34228515625, 0.63623046875, 0.361083984375, 0.418212890625]","[[1684.4306030273438, 1064.42724609375], [1152.2984619140625, 718.7313842773438], [946.0838623046875, 685.2818603515625], [596.7938232421875, 538.1715698242188], [1039.7524719238281, 699.614501953125], [663.5335083007812, 561.8146362304688], [436.7644500732422, 570.1223754882812], [733.4205627441406, 542.6193237304688], [1823.7601928710938, 1024.5640869140625], [562.5259094238281, 537.4740600585938]]",425394176,410943488,425394176,640,yolo26s_int8_640_ncnn_model,MOT17-02
560,166.15504500009592,0.0,10,"[238, 358, 381, 550, 313, 405, 569, 611, 553, 661]","[[1572.7066650390625, 401.8251953125, 1801.278076171875, 1063.7862548828125], [1098.7728271484375, 439.1787109375, 1211.28515625, 716.2284545898438], [896.8986206054688, 434.7828674316406, 994.1857299804688, 683.3410034179688], [581.55126953125, 454.5992126464844, 612.3770751953125, 538.4044189453125], [996.83447265625, 441.5595397949219, 1089.433837890625, 699.385498046875], [643.562744140625, 463.4405822753906, 680.1881103515625, 561.4716796875], [417.8039245605469, 474.2868957519531, 458.3771667480469, 569.0836181640625], [719.2674560546875, 450.5498352050781, 747.2874755859375, 543.4099731445312], [1726.33251953125, 411.4541015625, 1920.0, 1027.253173828125], [548.8138427734375, 458.2745666503906, 577.8257446289062, 538.4306640625]]","[0.65771484375, 0.544921875, 0.63818359375, 0.44287109375, 0.6435546875, 0.52099609375, 0.38525390625, 0.64990234375, 0.322021484375, 0.447265625]","[[1686.9923706054688, 1063.7862548828125], [1155.0289916992188, 716.2284545898438], [945.5421752929688, 683.3410034179688], [596.9641723632812, 538.4044189453125], [1043.1341552734375, 699.385498046875], [661.8754272460938, 561.4716796875], [438.0905456542969, 569.0836181640625], [733.2774658203125, 543.4099731445312], [1823.166259765625, 1027.253173828125], [563.3197937011719, 538.4306640625]]",425394176,410943488,425394176,640,yolo26s_int8_640_ncnn_model,MOT17-02
561,165.9887670000444,0.0,10,"[238, 358, 381, 550, 313, 405, 569, 611, 553, 661]","[[1574.4017333984375, 404.62200927734375, 1805.1424560546875, 1066.7314453125], [1103.39111328125, 440.24114990234375, 1216.4417724609375, 721.49755859375], [898.9408569335938, 436.6016845703125, 995.4371337890625, 680.1180419921875], [582.4359130859375, 454.7322998046875, 613.0943603515625, 538.2438354492188], [1000.4146118164062, 440.49871826171875, 1095.1396484375, 698.5546264648438], [641.7321166992188, 461.5754089355469, 678.8773193359375, 561.103271484375], [418.4205627441406, 480.7877197265625, 456.7554931640625, 568.9430541992188], [719.3541259765625, 452.112060546875, 747.0818481445312, 544.1970825195312], [1742.063720703125, 409.1385498046875, 1920.0, 1025.0257568359375], [549.004638671875, 458.6316223144531, 577.7350463867188, 538.5491943359375]]","[0.73486328125, 0.59423828125, 0.64306640625, 0.475830078125, 0.66943359375, 0.52978515625, 0.392822265625, 0.64990234375, 0.28955078125, 0.468017578125]","[[1689.7720947265625, 1066.7314453125], [1159.9164428710938, 721.49755859375], [947.1889953613281, 680.1180419921875], [597.76513671875, 538.2438354492188], [1047.7771301269531, 698.5546264648438], [660.3047180175781, 561.103271484375], [437.58802795410156, 568.9430541992188], [733.2179870605469, 544.1970825195312], [1831.0318603515625, 1025.0257568359375], [563.3698425292969, 538.5491943359375]]",425394176,410943488,425394176,640,yolo26s_int8_640_ncnn_model,MOT17-02
562,165.24617400000352,0.0,10,"[238, 358, 381, 550, 313, 405, 569, 611, 661, 683]","[[1579.908935546875, 401.755615234375, 1813.28466796875, 1063.87109375], [1111.6259765625, 441.8865661621094, 1221.55517578125, 717.33837890625], [907.2957763671875, 435.5523681640625, 1002.0377807617188, 677.6409912109375], [582.4414672851562, 454.54095458984375, 613.1935424804688, 538.4276733398438], [1003.5645751953125, 441.7690124511719, 1100.1912841796875, 696.5018920898438], [640.8178100585938, 461.846923828125, 677.6862182617188, 560.9698486328125], [419.1289978027344, 484.04345703125, 456.663818359375, 569.1451416015625], [719.7927856445312, 452.7132568359375, 747.0833129882812, 543.4977416992188], [548.9346313476562, 457.78790283203125, 577.8231201171875, 538.5862426757812], [587.9765625, 459.3685302734375, 610.4942626953125, 536.6185302734375]]","[0.6943359375, 0.630859375, 0.5478515625, 0.46044921875, 0.61181640625, 0.5, 0.38916015625, 0.654296875, 0.515625, 0.33056640625]","[[1696.5968017578125, 1063.87109375], [1166.590576171875, 717.33837890625], [954.6667785644531, 677.6409912109375], [597.8175048828125, 538.4276733398438], [1051.8779296875, 696.5018920898438], [659.2520141601562, 560.9698486328125], [437.8964080810547, 569.1451416015625], [733.4380493164062, 543.4977416992188], [563.3788757324219, 538.5862426757812], [599.2354125976562, 536.6185302734375]]",425394176,410943488,425394176,640,yolo26s_int8_640_ncnn_model,MOT17-02
563,165.61274800005776,0.0,9,"[238, 358, 381, 550, 313, 405, 569, 611, 661]","[[1588.485107421875, 400.4420471191406, 1825.3880615234375, 1063.9993896484375], [1116.47216796875, 440.28515625, 1225.5267333984375, 714.990478515625], [908.5940551757812, 436.6546325683594, 1002.109619140625, 679.218017578125], [583.0571899414062, 454.71990966796875, 613.5924682617188, 538.248291015625], [1007.054931640625, 444.9190979003906, 1106.50927734375, 697.006103515625], [641.8377685546875, 468.655517578125, 675.9545288085938, 560.182373046875], [418.44476318359375, 484.6702575683594, 456.5435791015625, 569.7269287109375], [720.3970336914062, 453.1870422363281, 748.1296997070312, 544.9644165039062], [549.5143432617188, 456.741455078125, 578.2179565429688, 537.3629150390625]]","[0.72802734375, 0.47314453125, 0.595703125, 0.45703125, 0.334716796875, 0.47900390625, 0.400390625, 0.62060546875, 0.4580078125]","[[1706.9365844726562, 1063.9993896484375], [1170.9994506835938, 714.990478515625], [955.3518371582031, 679.218017578125], [598.3248291015625, 538.248291015625], [1056.7821044921875, 697.006103515625], [658.8961486816406, 560.182373046875], [437.4941711425781, 569.7269287109375], [734.2633666992188, 544.9644165039062], [563.8661499023438, 537.3629150390625]]",425394176,410943488,425394176,640,yolo26s_int8_640_ncnn_model,MOT17-02
564,179.6861519999311,0.0,9,"[238, 358, 381, 550, 313, 405, 569, 611, 661]","[[1590.6781005859375, 402.19708251953125, 1830.6737060546875, 1068.7315673828125], [1121.68896484375, 435.4668884277344, 1231.30419921875, 713.3864135742188], [911.969482421875, 434.0904541015625, 1004.9664306640625, 677.8373413085938], [583.2775268554688, 455.0403137207031, 613.743408203125, 537.93017578125], [1007.8744506835938, 440.9771423339844, 1111.0498046875, 697.2119140625], [640.84228515625, 463.8353576660156, 676.818115234375, 561.1741333007812], [419.1856384277344, 485.6205749511719, 457.5198974609375, 570.1871337890625], [720.716796875, 452.8663024902344, 748.9103393554688, 545.9982299804688], [549.8817138671875, 456.1087951660156, 578.6981201171875, 537.135009765625]]","[0.66845703125, 0.4931640625, 0.57080078125, 0.442138671875, 0.4169921875, 0.54931640625, 0.37255859375, 0.61376953125, 0.414794921875]","[[1710.6759033203125, 1068.7315673828125], [1176.49658203125, 713.3864135742188], [958.4679565429688, 677.8373413085938], [598.5104675292969, 537.93017578125], [1059.4621276855469, 697.2119140625], [658.8302001953125, 561.1741333007812], [438.35276794433594, 570.1871337890625], [734.8135681152344, 545.9982299804688], [564.2899169921875, 537.135009765625]]",425394176,410943488,425394176,640,yolo26s_int8_640_ncnn_model,MOT17-02
565,167.15158299984978,0.0,10,"[238, 358, 381, 550, 313, 405, 569, 611, 661, 553]","[[1591.605224609375, 399.9235534667969, 1832.20556640625, 1064.5782470703125], [1128.574951171875, 435.898681640625, 1236.2017822265625, 711.571533203125], [918.2762451171875, 435.8498229980469, 1008.706298828125, 676.583984375], [582.8557739257812, 456.4063720703125, 613.29541015625, 538.5540771484375], [1014.668701171875, 448.4170837402344, 1118.931640625, 697.2985229492188], [640.8712158203125, 460.7101745605469, 677.7178955078125, 561.0245971679688], [419.27203369140625, 486.4369812011719, 457.5623779296875, 569.8515625], [721.383544921875, 452.24810791015625, 749.630615234375, 544.9027709960938], [549.5383911132812, 454.4050598144531, 578.8500366210938, 536.5545043945312], [1753.7982177734375, 408.56170654296875, 1920.0, 1025.83837890625]]","[0.6376953125, 0.59326171875, 0.458740234375, 0.433837890625, 0.60302734375, 0.607421875, 0.400390625, 0.6259765625, 0.4306640625, 0.287353515625]","[[1711.9053955078125, 1064.5782470703125], [1182.3883666992188, 711.571533203125], [963.4912719726562, 676.583984375], [598.0755920410156, 538.5540771484375], [1066.8001708984375, 697.2985229492188], [659.2945556640625, 561.0245971679688], [438.4172058105469, 569.8515625], [735.507080078125, 544.9027709960938], [564.1942138671875, 536.5545043945312], [1836.8991088867188, 1025.83837890625]]",425394176,410943488,425394176,640,yolo26s_int8_640_ncnn_model,MOT17-02
566,164.8862290001034,0.0,11,"[238, 358, 381, 550, 313, 405, 569, 611, 661, 553, 683]","[[1604.5941162109375, 399.8238220214844, 1843.5322265625, 1058.26708984375], [1136.9951171875, 435.1003723144531, 1243.8697509765625, 712.8997802734375], [923.486083984375, 436.2774353027344, 1013.0180053710938, 676.3739624023438], [583.0086669921875, 456.17449951171875, 613.79541015625, 538.5397338867188], [1016.6139526367188, 445.12420654296875, 1125.22509765625, 698.3561401367188], [640.5492553710938, 462.92669677734375, 676.5076293945312, 561.4605102539062], [418.64166259765625, 482.16412353515625, 459.23553466796875, 570.2256469726562], [721.5330200195312, 452.25494384765625, 749.992431640625, 545.2093505859375], [549.4109497070312, 453.77520751953125, 578.886474609375, 536.334716796875], [1762.7508544921875, 406.97613525390625, 1920.0, 1025.2581787109375], [589.5923461914062, 460.4222106933594, 611.7310791015625, 535.6113891601562]]","[0.6591796875, 0.54541015625, 0.396240234375, 0.45458984375, 0.6845703125, 0.480712890625, 0.429443359375, 0.62451171875, 0.40625, 0.41552734375, 0.3515625]","[[1724.0631713867188, 1058.26708984375], [1190.4324340820312, 712.8997802734375], [968.2520446777344, 676.3739624023438], [598.4020385742188, 538.5397338867188], [1070.9195251464844, 698.3561401367188], [658.5284423828125, 561.4605102539062], [438.9385986328125, 570.2256469726562], [735.7627258300781, 545.2093505859375], [564.1487121582031, 536.334716796875], [1841.3754272460938, 1025.2581787109375], [600.6617126464844, 535.6113891601562]]",425394176,410943488,425394176,640,yolo26s_int8_640_ncnn_model,MOT17-02
567,164.89254399994024,0.0,10,"[238, 358, 381, 550, 313, 405, 569, 611, 661, 553]","[[1621.1253662109375, 400.8075866699219, 1859.6737060546875, 1060.8416748046875], [1139.05419921875, 434.08013916015625, 1245.578369140625, 714.1651611328125], [927.80126953125, 435.691162109375, 1015.9951171875, 675.0686645507812], [583.2911987304688, 456.0841369628906, 614.2432250976562, 538.5321655273438], [1018.5988159179688, 447.1053771972656, 1128.0179443359375, 696.511474609375], [639.71875, 464.79803466796875, 674.8270874023438, 561.6358032226562], [418.0176086425781, 479.3795471191406, 459.742431640625, 569.6248168945312], [721.7487182617188, 452.5039978027344, 750.4435424804688, 546.057861328125], [548.6336059570312, 452.81854248046875, 578.626220703125, 536.9912109375], [1767.163818359375, 407.435791015625, 1920.0, 1016.119873046875]]","[0.73681640625, 0.5615234375, 0.3349609375, 0.451416015625, 0.6708984375, 0.5068359375, 0.44140625, 0.61572265625, 0.472412109375, 0.437255859375]","[[1740.3995361328125, 1060.8416748046875], [1192.3162841796875, 714.1651611328125], [971.898193359375, 675.0686645507812], [598.7672119140625, 538.5321655273438], [1073.3083801269531, 696.511474609375], [657.2729187011719, 561.6358032226562], [438.88002014160156, 569.6248168945312], [736.0961303710938, 546.057861328125], [563.6299133300781, 536.9912109375], [1843.5819091796875, 1016.119873046875]]",425394176,410943488,425394176,640,yolo26s_int8_640_ncnn_model,MOT17-02
568,165.63476600003924,0.0,11,"[238, 358, 381, 550, 313, 405, 569, 611, 661, 553, 652]","[[1638.2171630859375, 398.7197570800781, 1876.224853515625, 1058.351318359375], [1139.3731689453125, 434.2110290527344, 1246.3636474609375, 718.1204833984375], [935.871826171875, 434.2266845703125, 1024.3223876953125, 678.823486328125], [583.8518676757812, 457.0389404296875, 614.9375610351562, 539.5188598632812], [1017.0277709960938, 447.2872619628906, 1129.023193359375, 698.3218383789062], [638.99951171875, 468.494140625, 672.6666870117188, 561.7034301757812], [415.76580810546875, 473.1392517089844, 460.461669921875, 570.614990234375], [721.1202392578125, 451.3642578125, 750.3175659179688, 546.6165771484375], [548.3555297851562, 452.2298583984375, 578.4982299804688, 536.5081176757812], [1778.4583740234375, 416.5755615234375, 1920.0, 1037.611572265625], [976.9403076171875, 433.6168518066406, 1125.691162109375, 706.8064575195312]]","[0.771484375, 0.60009765625, 0.41796875, 0.447509765625, 0.73779296875, 0.48583984375, 0.437255859375, 0.59228515625, 0.440185546875, 0.396240234375, 0.359130859375]","[[1757.2210083007812, 1058.351318359375], [1192.868408203125, 718.1204833984375], [980.0971069335938, 678.823486328125], [599.3947143554688, 539.5188598632812], [1073.0254821777344, 698.3218383789062], [655.8330993652344, 561.7034301757812], [438.1137390136719, 570.614990234375], [735.7189025878906, 546.6165771484375], [563.4268798828125, 536.5081176757812], [1849.2291870117188, 1037.611572265625], [1051.3157348632812, 706.8064575195312]]",425394176,410943488,425394176,640,yolo26s_int8_640_ncnn_model,MOT17-02
569,164.6776919999411,0.0,10,"[238, 358, 381, 550, 313, 405, 569, 611, 661, 553]","[[1651.0411376953125, 400.92327880859375, 1887.4866943359375, 1060.39013671875], [1139.5791015625, 434.2833251953125, 1246.291259765625, 717.6603393554688], [944.0191040039062, 435.6523132324219, 1029.9581298828125, 676.2969360351562], [583.5809326171875, 456.40484619140625, 615.171875, 539.888671875], [1016.11767578125, 440.3412170410156, 1133.4609375, 701.9841918945312], [638.0148315429688, 468.6070556640625, 671.1325073242188, 560.972900390625], [416.06732177734375, 474.6221618652344, 460.05694580078125, 570.9876708984375], [720.8734130859375, 450.9324645996094, 749.7705688476562, 544.8551635742188], [549.2859497070312, 456.4564208984375, 578.3846435546875, 537.7977905273438], [1785.671630859375, 411.82220458984375, 1920.0, 1030.0584716796875]]","[0.794921875, 0.6015625, 0.63427734375, 0.490966796875, 0.75537109375, 0.4970703125, 0.3974609375, 0.5849609375, 0.409912109375, 0.407958984375]","[[1769.263916015625, 1060.39013671875], [1192.9351806640625, 717.6603393554688], [986.9886169433594, 676.2969360351562], [599.3764038085938, 539.888671875], [1074.789306640625, 701.9841918945312], [654.5736694335938, 560.972900390625], [438.0621337890625, 570.9876708984375], [735.3219909667969, 544.8551635742188], [563.8352966308594, 537.7977905273438], [1852.8358154296875, 1030.0584716796875]]",425394176,410943488,425394176,640,yolo26s_int8_640_ncnn_model,MOT17-02
570,165.11091400002442,0.0,13,"[238, 358, 381, 550, 313, 405, 569, 611, 661, 553, 702, 703, 683]","[[1653.6748046875, 397.8110656738281, 1891.3643798828125, 1067.119873046875], [1146.737548828125, 435.8177490234375, 1253.70556640625, 715.9981079101562], [946.83544921875, 436.9568176269531, 1030.05810546875, 673.5847778320312], [583.6222534179688, 456.9018249511719, 615.1017456054688, 539.2822875976562], [1016.1693725585938, 442.1366882324219, 1134.562744140625, 702.8548583984375], [636.8086547851562, 470.133544921875, 668.9703979492188, 561.2092895507812], [415.4422302246094, 476.98199462890625, 458.1794128417969, 570.3944091796875], [720.8141479492188, 449.5302429199219, 750.0001220703125, 544.4090576171875], [549.5501098632812, 455.6142272949219, 578.9248657226562, 537.79638671875], [1794.84375, 416.3985290527344, 1920.0, 982.9840698242188], [697.923828125, 470.70001220703125, 716.8761596679688, 534.2999877929688], [667.482421875, 464.0249938964844, 694.3675537109375, 556.5750122070312], [590.9520874023438, 461.8695068359375, 613.4210815429688, 536.8630981445312]]","[0.81005859375, 0.62451171875, 0.60400390625, 0.4453125, 0.734375, 0.48583984375, 0.392578125, 0.5869140625, 0.442138671875, 0.489501953125, 0.3837890625, 0.395751953125, 0.38671875]","[[1772.5195922851562, 1067.119873046875], [1200.2215576171875, 715.9981079101562], [988.44677734375, 673.5847778320312], [599.3619995117188, 539.2822875976562], [1075.3660583496094, 702.8548583984375], [652.8895263671875, 561.2092895507812], [436.8108215332031, 570.3944091796875], [735.4071350097656, 544.4090576171875], [564.2374877929688, 537.79638671875], [1857.421875, 982.9840698242188], [707.3999938964844, 534.2999877929688], [680.9249877929688, 556.5750122070312], [602.1865844726562, 536.8630981445312]]",425394176,410943488,425394176,640,yolo26s_int8_640_ncnn_model,MOT17-02
571,168.16378799990161,0.0,12,"[238, 358, 381, 550, 313, 405, 569, 611, 661, 553, 702, 703]","[[1660.695068359375, 399.8565368652344, 1894.148193359375, 1060.53173828125], [1154.2613525390625, 436.1715393066406, 1263.3470458984375, 714.622314453125], [949.9679565429688, 437.6952819824219, 1031.665771484375, 673.3331298828125], [583.0311889648438, 456.09356689453125, 615.1661987304688, 540.0377807617188], [1017.8910522460938, 438.8563537597656, 1136.9451904296875, 699.217529296875], [635.9791259765625, 469.924560546875, 667.6189575195312, 561.0498046875], [415.2726745605469, 473.932373046875, 458.87701416015625, 570.159912109375], [721.0185546875, 449.995849609375, 750.3430786132812, 545.2246704101562], [549.4091186523438, 455.5550537109375, 578.8606567382812, 537.546630859375], [1805.58544921875, 415.0499267578125, 1920.0, 926.7874755859375], [697.19189453125, 471.79498291015625, 716.2249145507812, 535.51025390625], [666.6522827148438, 460.2185363769531, 693.60693359375, 553.1094360351562]]","[0.8193359375, 0.47412109375, 0.64013671875, 0.49560546875, 0.7109375, 0.39599609375, 0.369384765625, 0.62646484375, 0.4931640625, 0.5048828125, 0.398681640625, 0.44140625]","[[1777.421630859375, 1060.53173828125], [1208.80419921875, 714.622314453125], [990.8168640136719, 673.3331298828125], [599.0986938476562, 540.0377807617188], [1077.4181213378906, 699.217529296875], [651.7990417480469, 561.0498046875], [437.07484436035156, 570.159912109375], [735.6808166503906, 545.2246704101562], [564.1348876953125, 537.546630859375], [1862.792724609375, 926.7874755859375], [706.7084045410156, 535.51025390625], [680.1296081542969, 553.1094360351562]]",425394176,410943488,425394176,640,yolo26s_int8_640_ncnn_model,MOT17-02
572,204.9380679998194,0.0,13,"[238, 358, 381, 550, 313, 405, 569, 611, 661, 553, 702, 703, 709]","[[1664.662841796875, 398.9282531738281, 1897.2152099609375, 1059.7197265625], [1160.1270751953125, 440.28900146484375, 1270.5853271484375, 714.11279296875], [952.0018920898438, 435.4726867675781, 1033.1014404296875, 671.7653198242188], [583.1353759765625, 455.54425048828125, 615.3490600585938, 539.5771484375], [1017.1256713867188, 431.65606689453125, 1139.0445556640625, 697.8301391601562], [635.1765747070312, 466.82635498046875, 667.6869506835938, 561.9926147460938], [415.3306579589844, 473.3056335449219, 459.0157775878906, 570.5606689453125], [721.2410888671875, 448.9494934082031, 751.304443359375, 545.7794799804688], [549.1024780273438, 454.3022155761719, 579.0767211914062, 537.6961059570312], [1812.1981201171875, 417.6591796875, 1920.0, 899.5859375], [697.3449096679688, 469.2536315917969, 716.7696533203125, 534.1720581054688], [666.3978881835938, 458.02020263671875, 693.8824462890625, 552.7633666992188], [1112.356689453125, 433.875, 1155.643310546875, 569.9249877929688]]","[0.82568359375, 0.587890625, 0.68212890625, 0.4345703125, 0.76123046875, 0.44140625, 0.376953125, 0.63330078125, 0.43994140625, 0.4580078125, 0.296875, 0.39404296875, 0.456787109375]","[[1780.9390258789062, 1059.7197265625], [1215.356201171875, 714.11279296875], [992.5516662597656, 671.7653198242188], [599.2422180175781, 539.5771484375], [1078.0851135253906, 697.8301391601562], [651.4317626953125, 561.9926147460938], [437.1732177734375, 570.5606689453125], [736.2727661132812, 545.7794799804688], [564.089599609375, 537.6961059570312], [1866.0990600585938, 899.5859375], [707.0572814941406, 534.1720581054688], [680.1401672363281, 552.7633666992188], [1134.0, 569.9249877929688]]",425394176,410943488,425394176,640,yolo26s_int8_640_ncnn_model,MOT17-02
573,165.38650799998322,0.0,14,"[238, 358, 381, 550, 313, 405, 569, 611, 661, 553, 702, 703, 709, 549]","[[1671.9173583984375, 397.8493347167969, 1905.9627685546875, 1062.1474609375], [1161.9462890625, 437.3534240722656, 1273.334228515625, 710.4378662109375], [954.503662109375, 435.13348388671875, 1035.5980224609375, 672.6904296875], [583.0428466796875, 455.58099365234375, 615.540771484375, 540.1358032226562], [1019.1574096679688, 430.92236328125, 1141.280517578125, 697.311767578125], [635.2137451171875, 464.693115234375, 667.423095703125, 560.3804931640625], [415.6484069824219, 475.778076171875, 457.7977600097656, 569.9786987304688], [721.3670654296875, 450.03253173828125, 751.6156005859375, 546.4755249023438], [550.1644897460938, 458.2638854980469, 578.956298828125, 538.24267578125], [1818.8173828125, 411.9920959472656, 1920.0, 876.3486328125], [697.6469116210938, 470.37286376953125, 716.72314453125, 533.997802734375], [668.3406372070312, 462.1199035644531, 695.3076782226562, 554.6788330078125], [1114.6839599609375, 435.3139953613281, 1157.9208984375, 571.7093505859375], [1149.7088623046875, 437.59783935546875, 1238.174072265625, 711.1910400390625]]","[0.8095703125, 0.37548828125, 0.6806640625, 0.456298828125, 0.74462890625, 0.458740234375, 0.356201171875, 0.6455078125, 0.378662109375, 0.310791015625, 0.340576171875, 0.3232421875, 0.478515625, 0.353515625]","[[1788.9400634765625, 1062.1474609375], [1217.6402587890625, 710.4378662109375], [995.0508422851562, 672.6904296875], [599.2918090820312, 540.1358032226562], [1080.2189636230469, 697.311767578125], [651.3184204101562, 560.3804931640625], [436.72308349609375, 569.9786987304688], [736.4913330078125, 546.4755249023438], [564.5603942871094, 538.24267578125], [1869.40869140625, 876.3486328125], [707.1850280761719, 533.997802734375], [681.8241577148438, 554.6788330078125], [1136.3024291992188, 571.7093505859375], [1193.9414672851562, 711.1910400390625]]",425394176,410943488,425394176,640,yolo26s_int8_640_ncnn_model,MOT17-02
574,165.4451560000325,0.0,13,"[238, 381, 550, 313, 405, 569, 611, 661, 702, 703, 709, 713, 549]","[[1677.6800537109375, 399.9307556152344, 1911.66162109375, 1061.58349609375], [955.3178100585938, 434.265380859375, 1036.39990234375, 672.8137817382812], [583.2604370117188, 456.8301696777344, 615.351318359375, 540.0966186523438], [1021.0001831054688, 434.36749267578125, 1141.8507080078125, 698.35302734375], [635.9993896484375, 467.0718688964844, 667.1279296875, 560.4949951171875], [415.5275573730469, 476.5140075683594, 457.57305908203125, 569.9981079101562], [721.4815063476562, 449.96612548828125, 752.1456909179688, 547.2291259765625], [551.3878784179688, 464.3368225097656, 578.085205078125, 537.9488525390625], [697.8005981445312, 471.0643005371094, 716.6625366210938, 533.677734375], [668.989501953125, 463.6299133300781, 695.826416015625, 555.3982543945312], [1114.2861328125, 434.34710693359375, 1157.5509033203125, 571.44091796875], [1205.4813232421875, 437.4750061035156, 1291.71875, 725.3250122070312], [1150.7882080078125, 437.1354064941406, 1238.236083984375, 712.185791015625]]","[0.80078125, 0.6123046875, 0.447265625, 0.70947265625, 0.465576171875, 0.3671875, 0.63232421875, 0.347900390625, 0.398193359375, 0.35693359375, 0.51416015625, 0.369384765625, 0.333740234375]","[[1794.6708374023438, 1061.58349609375], [995.8588562011719, 672.8137817382812], [599.3058776855469, 540.0966186523438], [1081.4254455566406, 698.35302734375], [651.5636596679688, 560.4949951171875], [436.55030822753906, 569.9981079101562], [736.8135986328125, 547.2291259765625], [564.7365417480469, 537.9488525390625], [707.2315673828125, 533.677734375], [682.407958984375, 555.3982543945312], [1135.9185180664062, 571.44091796875], [1248.6000366210938, 725.3250122070312], [1194.5121459960938, 712.185791015625]]",425394176,410943488,425394176,640,yolo26s_int8_640_ncnn_model,MOT17-02
575,165.3705070000342,0.0,14,"[238, 381, 550, 313, 405, 569, 611, 661, 702, 703, 709, 713, 549, 358]","[[1678.7618408203125, 399.49798583984375, 1914.3572998046875, 1063.5986328125], [958.4865112304688, 434.1899719238281, 1039.52685546875, 673.621337890625], [583.462646484375, 458.3028259277344, 615.1490478515625, 540.0751342773438], [1025.9111328125, 438.9247741699219, 1144.592529296875, 700.4918823242188], [636.0272827148438, 466.2378845214844, 666.8685302734375, 559.2959594726562], [415.04766845703125, 474.8077392578125, 457.9296875, 570.0048217773438], [721.3993530273438, 450.4377136230469, 751.9649658203125, 547.0132446289062], [551.9852294921875, 467.11175537109375, 577.6016235351562, 537.317626953125], [697.7183227539062, 470.7697448730469, 716.7764282226562, 534.1126708984375], [668.7752075195312, 462.8164367675781, 696.4032592773438, 556.9777221679688], [1114.651123046875, 434.8421630859375, 1157.9339599609375, 572.7061157226562], [1207.4571533203125, 448.3139953613281, 1286.4969482421875, 713.0949096679688], [1154.5704345703125, 437.464599609375, 1242.7144775390625, 714.0048217773438], [1165.6529541015625, 440.6824035644531, 1278.6328125, 713.5720825195312]]","[0.814453125, 0.57568359375, 0.45263671875, 0.62890625, 0.5029296875, 0.410888671875, 0.61572265625, 0.277099609375, 0.2978515625, 0.32666015625, 0.444091796875, 0.310791015625, 0.328369140625, 0.35009765625]","[[1796.5595703125, 1063.5986328125], [999.0066833496094, 673.621337890625], [599.3058471679688, 540.0751342773438], [1085.2518310546875, 700.4918823242188], [651.4479064941406, 559.2959594726562], [436.4886779785156, 570.0048217773438], [736.6821594238281, 547.0132446289062], [564.7934265136719, 537.317626953125], [707.2473754882812, 534.1126708984375], [682.5892333984375, 556.9777221679688], [1136.2925415039062, 572.7061157226562], [1246.97705078125, 713.0949096679688], [1198.6424560546875, 714.0048217773438], [1222.1428833007812, 713.5720825195312]]",425394176,410943488,425394176,640,yolo26s_int8_640_ncnn_model,MOT17-02
576,166.8122679998305,0.0,13,"[238, 381, 550, 313, 405, 569, 611, 661, 702, 703, 709, 549, 358]","[[1681.07177734375, 397.8576965332031, 1916.939453125, 1061.880126953125], [959.8682861328125, 434.1686706542969, 1040.2838134765625, 672.9509887695312], [584.7937622070312, 461.3478698730469, 614.807861328125, 539.5625], [1031.652587890625, 442.3849792480469, 1147.508056640625, 698.5660400390625], [636.54638671875, 468.91131591796875, 666.3117065429688, 558.8563232421875], [415.9880065917969, 476.1435241699219, 458.4239196777344, 570.0068359375], [721.8995361328125, 450.8703308105469, 752.8312377929688, 547.661376953125], [553.4985961914062, 467.8006896972656, 579.1995239257812, 537.3500366210938], [697.2105712890625, 470.6659240722656, 716.2564697265625, 534.2703857421875], [669.0635375976562, 460.21185302734375, 696.2147827148438, 552.6416625976562], [1113.9215087890625, 432.5714416503906, 1157.7791748046875, 573.3726806640625], [1157.7950439453125, 434.8719482421875, 1244.4842529296875, 704.5269165039062], [1168.46533203125, 442.1719970703125, 1282.8575439453125, 714.642578125]]","[0.80615234375, 0.55908203125, 0.447998046875, 0.619140625, 0.488525390625, 0.391845703125, 0.64013671875, 0.270751953125, 0.299072265625, 0.261962890625, 0.486572265625, 0.25830078125, 0.45068359375]","[[1799.005615234375, 1061.880126953125], [1000.0760498046875, 672.9509887695312], [599.8008117675781, 539.5625], [1089.580322265625, 698.5660400390625], [651.4290466308594, 558.8563232421875], [437.2059631347656, 570.0068359375], [737.3653869628906, 547.661376953125], [566.3490600585938, 537.3500366210938], [706.7335205078125, 534.2703857421875], [682.63916015625, 552.6416625976562], [1135.850341796875, 573.3726806640625], [1201.1396484375, 704.5269165039062], [1225.6614379882812, 714.642578125]]",425394176,410943488,425394176,640,yolo26s_int8_640_ncnn_model,MOT17-02
577,164.71059900004548,0.0,12,"[238, 381, 550, 313, 405, 569, 611, 661, 702, 703, 709, 358]","[[1678.904296875, 397.49407958984375, 1916.5084228515625, 1064.9371337890625], [967.9136352539062, 433.1755065917969, 1052.6416015625, 677.6694946289062], [585.750732421875, 462.7306213378906, 614.7186279296875, 539.1116333007812], [1034.6639404296875, 437.67474365234375, 1151.53662109375, 701.8341674804688], [636.0999755859375, 469.1625671386719, 665.8001708984375, 559.4574584960938], [416.1643371582031, 476.91900634765625, 458.3094177246094, 569.7584838867188], [721.7077026367188, 450.7881774902344, 753.030517578125, 548.1439819335938], [553.6766357421875, 468.5191955566406, 579.0980834960938, 536.8544311523438], [697.427490234375, 469.8599853515625, 716.6919555664062, 534.0746459960938], [668.6268920898438, 458.7294616699219, 695.6167602539062, 550.5009155273438], [1115.9853515625, 435.1802062988281, 1158.5091552734375, 573.3138427734375], [1169.083740234375, 443.69464111328125, 1284.59326171875, 716.01611328125]]","[0.7998046875, 0.5888671875, 0.45751953125, 0.57666015625, 0.51953125, 0.347900390625, 0.63818359375, 0.261962890625, 0.305419921875, 0.340576171875, 0.28076171875, 0.482177734375]","[[1797.7063598632812, 1064.9371337890625], [1010.2776184082031, 677.6694946289062], [600.2346801757812, 539.1116333007812], [1093.1002807617188, 701.8341674804688], [650.9500732421875, 559.4574584960938], [437.23687744140625, 569.7584838867188], [737.3691101074219, 548.1439819335938], [566.3873596191406, 536.8544311523438], [707.0597229003906, 534.0746459960938], [682.121826171875, 550.5009155273438], [1137.2472534179688, 573.3138427734375], [1226.8385009765625, 716.01611328125]]",425394176,410943488,425394176,640,yolo26s_int8_640_ncnn_model,MOT17-02
578,165.22372899999027,0.0,11,"[238, 381, 550, 313, 405, 569, 611, 702, 703, 709, 358]","[[1677.36181640625, 399.3480224609375, 1914.6766357421875, 1063.1207275390625], [970.625, 437.22906494140625, 1055.4161376953125, 675.0196533203125], [585.6941528320312, 460.93841552734375, 615.0797119140625, 539.1990966796875], [1039.765380859375, 442.5665588378906, 1151.845703125, 699.348876953125], [635.753173828125, 465.7547912597656, 665.8316040039062, 557.1905517578125], [415.5406799316406, 475.4721984863281, 457.9602966308594, 569.4158935546875], [721.7657470703125, 451.2507019042969, 753.4520263671875, 548.8096923828125], [696.9403076171875, 471.08612060546875, 716.411376953125, 535.52392578125], [669.666748046875, 459.48870849609375, 695.7100219726562, 548.471923828125], [1115.3304443359375, 434.5903625488281, 1158.067138671875, 574.817138671875], [1170.81005859375, 442.02239990234375, 1287.449951171875, 714.784912109375]]","[0.78515625, 0.6015625, 0.456298828125, 0.4931640625, 0.52734375, 0.315673828125, 0.650390625, 0.34716796875, 0.254150390625, 0.43310546875, 0.5810546875]","[[1796.0192260742188, 1063.1207275390625], [1013.0205688476562, 675.0196533203125], [600.3869323730469, 539.1990966796875], [1095.8055419921875, 699.348876953125], [650.7923889160156, 557.1905517578125], [436.75048828125, 569.4158935546875], [737.60888671875, 548.8096923828125], [706.6758422851562, 535.52392578125], [682.6883850097656, 548.471923828125], [1136.6987915039062, 574.817138671875], [1229.1300048828125, 714.784912109375]]",425394176,410943488,425394176,640,yolo26s_int8_640_ncnn_model,MOT17-02
579,165.0550070000918,0.0,12,"[238, 381, 550, 313, 405, 569, 611, 702, 703, 709, 358, 661]","[[1677.7479248046875, 401.55426025390625, 1914.580810546875, 1061.921875], [968.1856689453125, 438.8114013671875, 1053.5899658203125, 672.9828491210938], [585.9796752929688, 459.7787780761719, 615.3922729492188, 538.7350463867188], [1041.3404541015625, 440.46063232421875, 1153.0615234375, 700.3684692382812], [634.1408081054688, 463.73077392578125, 665.382080078125, 559.0768432617188], [416.22259521484375, 476.663818359375, 457.9041442871094, 569.5359497070312], [721.9144287109375, 451.4268493652344, 753.9633178710938, 549.0509643554688], [695.9838256835938, 469.0293273925781, 716.0769653320312, 535.5608520507812], [669.0795288085938, 461.8512878417969, 696.18359375, 553.9212646484375], [1115.9527587890625, 432.5920104980469, 1158.04150390625, 572.0228271484375], [1171.211181640625, 441.6302185058594, 1288.5115966796875, 714.0634765625], [556.8238525390625, 471.0816650390625, 581.9248657226562, 536.7491455078125]]","[0.7724609375, 0.6025390625, 0.423583984375, 0.50048828125, 0.449951171875, 0.308837890625, 0.5859375, 0.270263671875, 0.355712890625, 0.3203125, 0.560546875, 0.273681640625]","[[1796.1643676757812, 1061.921875], [1010.8878173828125, 672.9828491210938], [600.6859741210938, 538.7350463867188], [1097.2009887695312, 700.3684692382812], [649.7614440917969, 559.0768432617188], [437.06336975097656, 569.5359497070312], [737.9388732910156, 549.0509643554688], [706.0303955078125, 535.5608520507812], [682.6315612792969, 553.9212646484375], [1136.9971313476562, 572.0228271484375], [1229.8613891601562, 714.0634765625], [569.3743591308594, 536.7491455078125]]",425394176,410943488,425394176,640,yolo26s_int8_640_ncnn_model,MOT17-02
580,165.0036739999905,0.0,11,"[238, 381, 550, 313, 405, 569, 611, 703, 709, 358, 661]","[[1669.525390625, 403.63018798828125, 1910.6602783203125, 1068.1712646484375], [969.8062744140625, 435.6434326171875, 1058.1121826171875, 672.9796142578125], [586.7596435546875, 459.8214111328125, 615.817138671875, 538.0633544921875], [1043.59033203125, 442.63946533203125, 1151.685791015625, 697.7748413085938], [634.2848510742188, 465.4187927246094, 664.4932861328125, 557.3501586914062], [416.70098876953125, 477.87213134765625, 457.66839599609375, 569.832763671875], [721.8235473632812, 451.7392883300781, 754.2881469726562, 549.870849609375], [668.8424682617188, 459.7056884765625, 696.37060546875, 552.8850708007812], [1114.570556640625, 431.5940246582031, 1157.5849609375, 574.2540893554688], [1173.6536865234375, 440.23797607421875, 1292.31396484375, 713.0421752929688], [557.0491943359375, 469.655029296875, 583.443603515625, 537.5615234375]]","[0.75390625, 0.7080078125, 0.43212890625, 0.424072265625, 0.4228515625, 0.3369140625, 0.552734375, 0.3896484375, 0.358642578125, 0.70361328125, 0.28564453125]","[[1790.0928344726562, 1068.1712646484375], [1013.959228515625, 672.9796142578125], [601.2883911132812, 538.0633544921875], [1097.6380615234375, 697.7748413085938], [649.3890686035156, 557.3501586914062], [437.1846923828125, 569.832763671875], [738.0558471679688, 549.870849609375], [682.6065368652344, 552.8850708007812], [1136.0777587890625, 574.2540893554688], [1232.9838256835938, 713.0421752929688], [570.2463989257812, 537.5615234375]]",425394176,410943488,425394176,640,yolo26s_int8_640_ncnn_model,MOT17-02
581,179.742780999959,0.0,11,"[238, 381, 550, 313, 405, 569, 611, 703, 709, 358, 661]","[[1665.56494140625, 404.4027404785156, 1909.812744140625, 1070.5106201171875], [971.597412109375, 433.7223815917969, 1062.3743896484375, 672.7394409179688], [587.4253540039062, 459.82952880859375, 616.5889892578125, 538.8093872070312], [1048.07421875, 438.711669921875, 1155.279052734375, 696.5320434570312], [634.1466064453125, 465.3519287109375, 664.4091796875, 557.4304809570312], [415.1034240722656, 472.3470153808594, 458.3609619140625, 569.9452514648438], [722.4904174804688, 451.6087646484375, 754.6804809570312, 548.441650390625], [668.1126708984375, 461.8821716308594, 696.0687866210938, 555.4829711914062], [1117.2890625, 430.4882507324219, 1159.169189453125, 570.82080078125], [1177.4112548828125, 440.7041320800781, 1296.6243896484375, 714.6395874023438], [555.6619873046875, 469.170166015625, 582.4448852539062, 537.8369140625]]","[0.73388671875, 0.7021484375, 0.407958984375, 0.386962890625, 0.424072265625, 0.360107421875, 0.47021484375, 0.3173828125, 0.3193359375, 0.71826171875, 0.256591796875]","[[1787.6888427734375, 1070.5106201171875], [1016.9859008789062, 672.7394409179688], [602.0071716308594, 538.8093872070312], [1101.6766357421875, 696.5320434570312], [649.2778930664062, 557.4304809570312], [436.73219299316406, 569.9452514648438], [738.58544921875, 548.441650390625], [682.0907287597656, 555.4829711914062], [1138.2291259765625, 570.82080078125], [1237.017822265625, 714.6395874023438], [569.0534362792969, 537.8369140625]]",425394176,410943488,425394176,640,yolo26s_int8_640_ncnn_model,MOT17-02
582,167.0084909999332,0.0,11,"[238, 381, 550, 313, 405, 569, 611, 703, 709, 358, 661]","[[1659.1893310546875, 404.68182373046875, 1906.2403564453125, 1071.369873046875], [972.8176879882812, 435.4693298339844, 1065.1962890625, 674.141845703125], [588.11865234375, 461.06640625, 616.414306640625, 537.8514404296875], [1051.0296630859375, 433.0374755859375, 1159.126953125, 697.3161010742188], [633.2221069335938, 465.0823974609375, 663.2982788085938, 556.72412109375], [415.031005859375, 470.3200378417969, 459.0714416503906, 569.9863891601562], [723.5150146484375, 450.81024169921875, 756.0285034179688, 548.6260986328125], [667.6528930664062, 460.4752197265625, 695.628173828125, 553.7320556640625], [1117.4013671875, 427.5687561035156, 1159.676513671875, 569.9931640625], [1180.5230712890625, 437.4190368652344, 1302.263916015625, 718.7081298828125], [554.8029174804688, 468.972900390625, 581.8543090820312, 537.9236450195312]]","[0.7109375, 0.70458984375, 0.4580078125, 0.42041015625, 0.474853515625, 0.419921875, 0.465087890625, 0.354736328125, 0.250732421875, 0.72998046875, 0.314208984375]","[[1782.71484375, 1071.369873046875], [1019.0069885253906, 674.141845703125], [602.2664794921875, 537.8514404296875], [1105.0783081054688, 697.3161010742188], [648.2601928710938, 556.72412109375], [437.0512237548828, 569.9863891601562], [739.7717590332031, 548.6260986328125], [681.6405334472656, 553.7320556640625], [1138.5389404296875, 569.9931640625], [1241.3934936523438, 718.7081298828125], [568.32861328125, 537.9236450195312]]",425394176,410943488,425394176,640,yolo26s_int8_640_ncnn_model,MOT17-02
583,165.45152599996982,0.0,9,"[238, 381, 550, 313, 405, 611, 703, 709, 358]","[[1656.0888671875, 404.77252197265625, 1905.4163818359375, 1071.6622314453125], [973.8592529296875, 439.1153869628906, 1065.4471435546875, 671.7093505859375], [587.1414184570312, 459.7723083496094, 616.05322265625, 538.241455078125], [1055.3648681640625, 435.5719299316406, 1161.1187744140625, 697.865234375], [633.2198486328125, 466.4769592285156, 662.574951171875, 555.9718017578125], [723.6946411132812, 450.0174865722656, 756.2242431640625, 547.2085571289062], [666.8546752929688, 459.9438171386719, 695.5823364257812, 555.0580444335938], [1117.146240234375, 420.2919921875, 1161.1302490234375, 567.9500732421875], [1186.8292236328125, 438.14898681640625, 1306.899169921875, 718.270263671875]]","[0.69384765625, 0.708984375, 0.434326171875, 0.33642578125, 0.468505859375, 0.53125, 0.342529296875, 0.271484375, 0.734375]","[[1780.7526245117188, 1071.6622314453125], [1019.6531982421875, 671.7093505859375], [601.5973205566406, 538.241455078125], [1108.2418212890625, 697.865234375], [647.8973999023438, 555.9718017578125], [739.9594421386719, 547.2085571289062], [681.218505859375, 555.0580444335938], [1139.1382446289062, 567.9500732421875], [1246.8641967773438, 718.270263671875]]",425394176,410943488,425394176,640,yolo26s_int8_640_ncnn_model,MOT17-02
584,191.77831299998616,0.0,10,"[238, 381, 550, 313, 405, 611, 703, 358, 549, 569]","[[1652.7091064453125, 394.8884582519531, 1907.2080078125, 1071.74072265625], [973.7911987304688, 436.9931640625, 1066.7352294921875, 670.289794921875], [586.8514404296875, 457.8118896484375, 616.3363037109375, 537.8925170898438], [1054.782470703125, 428.6485900878906, 1163.8924560546875, 703.0408935546875], [632.8941040039062, 465.504150390625, 662.678466796875, 556.2039794921875], [723.3551635742188, 449.4693603515625, 756.1813354492188, 546.9092407226562], [665.3261108398438, 459.0102233886719, 695.3156127929688, 557.2802124023438], [1190.2998046875, 436.9660949707031, 1309.3289794921875, 717.5827026367188], [1163.3917236328125, 434.58612060546875, 1240.8826904296875, 679.4703979492188], [413.1983337402344, 467.7184143066406, 458.31121826171875, 570.5039672851562]]","[0.6591796875, 0.72216796875, 0.430908203125, 0.335205078125, 0.489501953125, 0.5703125, 0.43310546875, 0.70166015625, 0.361572265625, 0.27099609375]","[[1779.9585571289062, 1071.74072265625], [1020.2632141113281, 670.289794921875], [601.5938720703125, 537.8925170898438], [1109.3374633789062, 703.0408935546875], [647.7862854003906, 556.2039794921875], [739.7682495117188, 546.9092407226562], [680.3208618164062, 557.2802124023438], [1249.8143920898438, 717.5827026367188], [1202.13720703125, 679.4703979492188], [435.75477600097656, 570.5039672851562]]",425394176,410943488,425394176,640,yolo26s_int8_640_ncnn_model,MOT17-02
585,164.75876600020456,0.0,10,"[238, 381, 550, 313, 405, 611, 703, 358, 549, 569]","[[1650.23681640625, 388.4591369628906, 1909.01611328125, 1073.46826171875], [976.0142822265625, 439.9288635253906, 1068.7757568359375, 671.0205078125], [587.00244140625, 458.5432434082031, 616.1704711914062, 538.2550659179688], [1062.59619140625, 423.6549377441406, 1172.3460693359375, 707.39404296875], [632.5514526367188, 463.9075927734375, 662.9691772460938, 556.5467529296875], [722.9984741210938, 448.0306396484375, 756.865966796875, 548.03369140625], [665.6160278320312, 460.8626403808594, 694.8374633789062, 555.9178466796875], [1197.4228515625, 437.270751953125, 1314.055419921875, 715.5787353515625], [1164.0582275390625, 426.7718505859375, 1242.9649658203125, 677.2979125976562], [414.19903564453125, 467.49334716796875, 458.71502685546875, 570.333984375]]","[0.61328125, 0.7158203125, 0.407958984375, 0.314453125, 0.5166015625, 0.5498046875, 0.39013671875, 0.66748046875, 0.34228515625, 0.359375]","[[1779.62646484375, 1073.46826171875], [1022.39501953125, 671.0205078125], [601.5864562988281, 538.2550659179688], [1117.4711303710938, 707.39404296875], [647.7603149414062, 556.5467529296875], [739.9322204589844, 548.03369140625], [680.2267456054688, 555.9178466796875], [1255.7391357421875, 715.5787353515625], [1203.5115966796875, 677.2979125976562], [436.45703125, 570.333984375]]",425394176,410943488,425394176,640,yolo26s_int8_640_ncnn_model,MOT17-02
586,164.80208100006166,0.0,11,"[238, 381, 550, 313, 405, 611, 703, 358, 549, 569, 729]","[[1645.9595947265625, 386.53369140625, 1907.076416015625, 1072.6241455078125], [980.590576171875, 449.7587585449219, 1070.5919189453125, 672.5614013671875], [586.6650390625, 456.84771728515625, 616.4882202148438, 538.398681640625], [1068.947021484375, 423.93817138671875, 1174.064453125, 703.0001831054688], [631.36474609375, 463.30975341796875, 662.198974609375, 556.6851806640625], [722.7589721679688, 447.986083984375, 756.722900390625, 547.9658203125], [666.669921875, 464.8519287109375, 695.7240600585938, 558.1107788085938], [1203.4532470703125, 436.6576232910156, 1318.18701171875, 712.57421875], [1165.46875, 428.9630432128906, 1241.4229736328125, 675.0782470703125], [414.0721130371094, 469.1473083496094, 457.87811279296875, 570.5239868164062], [1162.6287841796875, 432.75, 1314.771240234375, 712.6500244140625]]","[0.6181640625, 0.72998046875, 0.447509765625, 0.364013671875, 0.494140625, 0.5205078125, 0.505859375, 0.5869140625, 0.402587890625, 0.351806640625, 0.421630859375]","[[1776.5180053710938, 1072.6241455078125], [1025.5912475585938, 672.5614013671875], [601.5766296386719, 538.398681640625], [1121.5057373046875, 703.0001831054688], [646.7818603515625, 556.6851806640625], [739.7409362792969, 547.9658203125], [681.1969909667969, 558.1107788085938], [1260.8201293945312, 712.57421875], [1203.4458618164062, 675.0782470703125], [435.97511291503906, 570.5239868164062], [1238.7000122070312, 712.6500244140625]]",425394176,410943488,425394176,640,yolo26s_int8_640_ncnn_model,MOT17-02
587,164.83569199999693,0.0,11,"[238, 381, 550, 313, 405, 611, 703, 358, 549, 569, 729]","[[1649.6893310546875, 395.9661865234375, 1908.8084716796875, 1073.99609375], [984.6597900390625, 447.8825378417969, 1074.7509765625, 671.6423950195312], [587.0484619140625, 456.2154846191406, 617.0712280273438, 538.453857421875], [1083.046142578125, 419.9288635253906, 1187.487548828125, 699.5013427734375], [630.2728881835938, 459.8849182128906, 662.578369140625, 557.9801025390625], [723.9678344726562, 447.4888610839844, 758.303466796875, 548.428466796875], [667.179443359375, 461.0844421386719, 696.9445190429688, 556.1683959960938], [1210.3262939453125, 436.935791015625, 1322.7960205078125, 710.9449462890625], [1169.2520751953125, 439.6396789550781, 1241.5428466796875, 673.5862426757812], [414.2431335449219, 473.5078125, 456.8508605957031, 570.8531494140625], [1166.5281982421875, 433.3244323730469, 1317.075927734375, 710.2373046875]]","[0.56787109375, 0.7001953125, 0.4921875, 0.53759765625, 0.484375, 0.52001953125, 0.4794921875, 0.54052734375, 0.296875, 0.362060546875, 0.378662109375]","[[1779.2489013671875, 1073.99609375], [1029.7053833007812, 671.6423950195312], [602.0598449707031, 538.453857421875], [1135.266845703125, 699.5013427734375], [646.4256286621094, 557.9801025390625], [741.1356506347656, 548.428466796875], [682.0619812011719, 556.1683959960938], [1266.5611572265625, 710.9449462890625], [1205.3974609375, 673.5862426757812], [435.5469970703125, 570.8531494140625], [1241.8020629882812, 710.2373046875]]",425394176,410943488,425394176,640,yolo26s_int8_640_ncnn_model,MOT17-02
588,166.09487799996714,0.0,14,"[238, 381, 550, 313, 405, 611, 703, 358, 549, 569, 729, 736, 737, 661]","[[1655.5596923828125, 394.15472412109375, 1914.9130859375, 1073.9945068359375], [990.4151611328125, 458.1421203613281, 1075.8323974609375, 670.3141479492188], [586.7725830078125, 456.7198181152344, 616.7239379882812, 538.72216796875], [1089.672607421875, 415.2622985839844, 1194.9443359375, 699.404052734375], [629.5865478515625, 458.1228942871094, 662.0491943359375, 557.0145874023438], [725.0066528320312, 447.55633544921875, 759.2883911132812, 548.3544921875], [666.782470703125, 461.16827392578125, 696.9917602539062, 556.9237060546875], [1216.91015625, 436.55560302734375, 1328.17724609375, 711.8360595703125], [1175.8160400390625, 456.4473571777344, 1242.4959716796875, 672.6332397460938], [414.5242004394531, 475.671142578125, 456.7572937011719, 570.48486328125], [1172.303955078125, 433.5194091796875, 1325.1072998046875, 715.269287109375], [1158.1240234375, 432.82501220703125, 1192.0760498046875, 536.1749877929688], [700.0370483398438, 474.5249938964844, 722.262939453125, 533.4749755859375], [553.964599609375, 464.3320007324219, 583.2322387695312, 538.2346801757812]]","[0.50537109375, 0.68505859375, 0.4921875, 0.6416015625, 0.50390625, 0.52099609375, 0.39599609375, 0.60009765625, 0.34423828125, 0.3837890625, 0.397216796875, 0.336181640625, 0.361328125, 0.348388671875]","[[1785.2363891601562, 1073.9945068359375], [1033.123779296875, 670.3141479492188], [601.7482604980469, 538.72216796875], [1142.3084716796875, 699.404052734375], [645.81787109375, 557.0145874023438], [742.1475219726562, 548.3544921875], [681.8871154785156, 556.9237060546875], [1272.543701171875, 711.8360595703125], [1209.156005859375, 672.6332397460938], [435.6407470703125, 570.48486328125], [1248.7056274414062, 715.269287109375], [1175.1000366210938, 536.1749877929688], [711.1499938964844, 533.4749755859375], [568.5984191894531, 538.2346801757812]]",425394176,410943488,425394176,640,yolo26s_int8_640_ncnn_model,MOT17-02
589,181.82672900002217,0.0,13,"[238, 381, 550, 313, 405, 611, 703, 358, 549, 569, 729, 737, 661]","[[1687.286865234375, 468.1689453125, 1919.2786865234375, 1078.173828125], [994.9164428710938, 453.5580139160156, 1080.745849609375, 669.0579223632812], [586.5221557617188, 456.4290466308594, 616.7236328125, 539.3193969726562], [1092.3670654296875, 412.8120422363281, 1197.3079833984375, 698.1445922851562], [628.884033203125, 455.7465515136719, 661.8287963867188, 556.39208984375], [724.7742309570312, 447.1003723144531, 759.2785034179688, 548.81494140625], [666.9261474609375, 462.6844787597656, 697.6956176757812, 559.6753540039062], [1220.8519287109375, 437.41357421875, 1330.4072265625, 712.18310546875], [1179.7943115234375, 456.2439880371094, 1245.3173828125, 670.3187866210938], [416.9248046875, 479.4737854003906, 456.94976806640625, 569.3493041992188], [1175.635986328125, 433.5657958984375, 1328.1300048828125, 715.7713623046875], [699.4226684570312, 473.26165771484375, 722.6475830078125, 534.7383422851562], [553.3885498046875, 464.6977233886719, 582.7656860351562, 538.4640502929688]]","[0.420654296875, 0.7119140625, 0.455078125, 0.66748046875, 0.5166015625, 0.5283203125, 0.3720703125, 0.58056640625, 0.382080078125, 0.305908203125, 0.3505859375, 0.3525390625, 0.30322265625]","[[1803.2827758789062, 1078.173828125], [1037.8311462402344, 669.0579223632812], [601.6228942871094, 539.3193969726562], [1144.8375244140625, 698.1445922851562], [645.3564147949219, 556.39208984375], [742.0263671875, 548.81494140625], [682.3108825683594, 559.6753540039062], [1275.6295776367188, 712.18310546875], [1212.5558471679688, 670.3187866210938], [436.9372863769531, 569.3493041992188], [1251.8829956054688, 715.7713623046875], [711.0351257324219, 534.7383422851562], [568.0771179199219, 538.4640502929688]]",425394176,410943488,425394176,640,yolo26s_int8_640_ncnn_model,MOT17-02
590,165.827304000004,0.0,12,"[238, 381, 550, 313, 405, 611, 703, 358, 549, 569, 737, 661]","[[1704.1339111328125, 486.2001647949219, 1920.0, 1078.458984375], [1001.5142211914062, 454.38360595703125, 1086.3626708984375, 670.1171264648438], [586.5275268554688, 458.539306640625, 616.124755859375, 539.2980346679688], [1096.030029296875, 415.13671875, 1200.1436767578125, 698.3997802734375], [628.3949584960938, 457.0599670410156, 661.509765625, 557.8668212890625], [724.6807861328125, 447.42926025390625, 759.2529907226562, 549.4773559570312], [666.2037963867188, 459.8140869140625, 697.7499389648438, 558.2482299804688], [1223.9202880859375, 437.7486877441406, 1332.30859375, 713.3170166015625], [1182.3182373046875, 449.9643249511719, 1249.154541015625, 671.6174926757812], [417.26190185546875, 477.0351867675781, 458.0957336425781, 568.6815795898438], [700.6439208984375, 474.8191833496094, 723.622802734375, 535.4560546875], [553.06689453125, 464.0886535644531, 582.7178344726562, 538.2965087890625]]","[0.401611328125, 0.681640625, 0.4345703125, 0.68310546875, 0.52392578125, 0.537109375, 0.48583984375, 0.6123046875, 0.451904296875, 0.331787109375, 0.25244140625, 0.31201171875]","[[1812.0669555664062, 1078.458984375], [1043.9384460449219, 670.1171264648438], [601.3261413574219, 539.2980346679688], [1148.0868530273438, 698.3997802734375], [644.9523620605469, 557.8668212890625], [741.9668884277344, 549.4773559570312], [681.9768676757812, 558.2482299804688], [1278.1144409179688, 713.3170166015625], [1215.7363891601562, 671.6174926757812], [437.67881774902344, 568.6815795898438], [712.1333618164062, 535.4560546875], [567.8923645019531, 538.2965087890625]]",425394176,410943488,425394176,640,yolo26s_int8_640_ncnn_model,MOT17-02
591,165.30117400020572,0.0,12,"[238, 381, 550, 313, 405, 611, 703, 358, 549, 569, 737, 661]","[[1717.7462158203125, 486.87335205078125, 1920.0, 1077.76708984375], [1007.7526245117188, 451.3919982910156, 1092.4486083984375, 666.786376953125], [585.5291137695312, 459.6089782714844, 614.8919677734375, 539.0369873046875], [1096.2589111328125, 415.1156921386719, 1200.06787109375, 697.5166015625], [628.1519775390625, 456.13031005859375, 661.4802856445312, 557.9514770507812], [724.9505004882812, 446.8258972167969, 758.9111328125, 547.50634765625], [665.8353271484375, 461.1742858886719, 697.8575439453125, 559.1622314453125], [1228.2215576171875, 440.1092834472656, 1334.5262451171875, 711.5211791992188], [1186.447998046875, 450.4132385253906, 1253.22021484375, 673.375244140625], [415.8616027832031, 470.9210510253906, 459.5194091796875, 569.6975708007812], [701.1544799804688, 473.702880859375, 724.4144897460938, 535.087158203125], [552.8270874023438, 466.0771789550781, 581.8309326171875, 538.9657592773438]]","[0.271484375, 0.6064453125, 0.3896484375, 0.67919921875, 0.465576171875, 0.4775390625, 0.54345703125, 0.6572265625, 0.462158203125, 0.387939453125, 0.267578125, 0.273681640625]","[[1818.8731079101562, 1077.76708984375], [1050.1006164550781, 666.786376953125], [600.2105407714844, 539.0369873046875], [1148.1633911132812, 697.5166015625], [644.8161315917969, 557.9514770507812], [741.9308166503906, 547.50634765625], [681.846435546875, 559.1622314453125], [1281.3739013671875, 711.5211791992188], [1219.8341064453125, 673.375244140625], [437.6905059814453, 569.6975708007812], [712.7844848632812, 535.087158203125], [567.3290100097656, 538.9657592773438]]",425394176,410943488,425394176,640,yolo26s_int8_640_ncnn_model,MOT17-02
592,165.26478500009034,0.0,9,"[381, 550, 313, 405, 611, 703, 358, 549, 569]","[[1011.8577270507812, 445.4804382324219, 1097.675537109375, 665.302978515625], [584.2262573242188, 458.5072326660156, 614.8623046875, 540.4354858398438], [1096.63037109375, 418.6210021972656, 1200.43310546875, 699.6586303710938], [627.9382934570312, 455.3097839355469, 661.62255859375, 558.4736938476562], [724.617919921875, 448.09429931640625, 758.6932373046875, 549.2282104492188], [665.2573852539062, 460.4695739746094, 698.3309326171875, 559.748291015625], [1235.136962890625, 444.49908447265625, 1339.705322265625, 711.3416748046875], [1186.6044921875, 448.5224914550781, 1253.9949951171875, 674.1057739257812], [416.1619873046875, 470.8439025878906, 459.7080993652344, 569.8341064453125]]","[0.62744140625, 0.429443359375, 0.6728515625, 0.49609375, 0.4697265625, 0.58935546875, 0.61767578125, 0.412841796875, 0.353759765625]","[[1054.7666320800781, 665.302978515625], [599.5442810058594, 540.4354858398438], [1148.53173828125, 699.6586303710938], [644.7804260253906, 558.4736938476562], [741.6555786132812, 549.2282104492188], [681.7941589355469, 559.748291015625], [1287.421142578125, 711.3416748046875], [1220.2997436523438, 674.1057739257812], [437.93504333496094, 569.8341064453125]]",425394176,410943488,425394176,640,yolo26s_int8_640_ncnn_model,MOT17-02
593,169.42347499980315,0.0,9,"[381, 550, 313, 405, 611, 703, 358, 549, 569]","[[1012.9714965820312, 444.2545471191406, 1098.810791015625, 665.7607421875], [584.109619140625, 456.6267395019531, 615.4745483398438, 540.4578857421875], [1096.7193603515625, 419.0065612792969, 1200.3326416015625, 699.4861450195312], [627.2002563476562, 453.0641784667969, 660.896484375, 556.716552734375], [724.3890380859375, 447.5883483886719, 758.6986083984375, 548.8843383789062], [664.9734497070312, 460.6971435546875, 698.573486328125, 559.4666137695312], [1238.987548828125, 439.1275634765625, 1346.05859375, 712.2852172851562], [1191.4107666015625, 454.50079345703125, 1256.3582763671875, 671.6767578125], [415.1239013671875, 465.4147033691406, 460.92694091796875, 570.3899536132812]]","[0.53076171875, 0.414306640625, 0.685546875, 0.4990234375, 0.471435546875, 0.60107421875, 0.69091796875, 0.4453125, 0.32421875]","[[1055.8911437988281, 665.7607421875], [599.7920837402344, 540.4578857421875], [1148.5260009765625, 699.4861450195312], [644.0483703613281, 556.716552734375], [741.5438232421875, 548.8843383789062], [681.7734680175781, 559.4666137695312], [1292.5230712890625, 712.2852172851562], [1223.884521484375, 671.6767578125], [438.0254211425781, 570.3899536132812]]",425394176,410943488,425394176,640,yolo26s_int8_640_ncnn_model,MOT17-02
594,166.36354600018421,0.0,9,"[381, 550, 313, 405, 611, 703, 358, 549, 569]","[[1013.418701171875, 440.5731506347656, 1100.896484375, 668.18994140625], [583.66162109375, 457.3754577636719, 615.143310546875, 540.94970703125], [1097.1407470703125, 413.9835205078125, 1201.6334228515625, 697.686767578125], [627.267333984375, 454.1913146972656, 660.7886962890625, 557.02099609375], [723.9121704101562, 447.64764404296875, 758.5805053710938, 549.4898681640625], [663.8388671875, 462.0245056152344, 697.7131958007812, 560.0847778320312], [1241.8958740234375, 436.64520263671875, 1349.6512451171875, 711.1583251953125], [1193.4808349609375, 451.6632385253906, 1259.8443603515625, 673.83984375], [415.4168395996094, 464.11273193359375, 460.6968078613281, 568.9116821289062]]","[0.513671875, 0.361083984375, 0.62451171875, 0.478515625, 0.43603515625, 0.5390625, 0.6943359375, 0.458251953125, 0.357421875]","[[1057.1575927734375, 668.18994140625], [599.4024658203125, 540.94970703125], [1149.3870849609375, 697.686767578125], [644.0280151367188, 557.02099609375], [741.246337890625, 549.4898681640625], [680.7760314941406, 560.0847778320312], [1295.7735595703125, 711.1583251953125], [1226.66259765625, 673.83984375], [438.05682373046875, 568.9116821289062]]",425394176,410943488,425394176,640,yolo26s_int8_640_ncnn_model,MOT17-02
595,164.87448899988522,0.0,10,"[381, 550, 313, 405, 611, 703, 358, 549, 569, 741]","[[1012.8363647460938, 441.4019775390625, 1100.262939453125, 669.8549194335938], [583.4590454101562, 457.6729431152344, 615.0540771484375, 541.1324462890625], [1097.8990478515625, 413.1041259765625, 1202.307373046875, 697.0100708007812], [626.8345336914062, 454.1651916503906, 660.2549438476562, 556.6493530273438], [724.6233520507812, 448.9091796875, 758.6192626953125, 549.468017578125], [663.1281127929688, 460.7949523925781, 697.668212890625, 560.0591430664062], [1243.161865234375, 433.2275390625, 1352.495849609375, 713.205078125], [1195.2987060546875, 449.3741760253906, 1261.919677734375, 671.9063720703125], [415.5747985839844, 464.3748474121094, 460.5503234863281, 569.5530395507812], [381.0779113769531, 472.42498779296875, 426.3721008300781, 574.5750122070312]]","[0.548828125, 0.367431640625, 0.60205078125, 0.51806640625, 0.3671875, 0.45458984375, 0.73388671875, 0.51025390625, 0.34033203125, 0.35546875]","[[1056.5496520996094, 669.8549194335938], [599.2565612792969, 541.1324462890625], [1150.1032104492188, 697.0100708007812], [643.5447387695312, 556.6493530273438], [741.6213073730469, 549.468017578125], [680.3981628417969, 560.0591430664062], [1297.828857421875, 713.205078125], [1228.6091918945312, 671.9063720703125], [438.06256103515625, 569.5530395507812], [403.7250061035156, 574.5750122070312]]",425394176,410943488,425394176,640,yolo26s_int8_640_ncnn_model,MOT17-02
596,164.32161800003087,0.0,10,"[381, 550, 313, 405, 611, 703, 358, 549, 569, 741]","[[1016.9400024414062, 445.44036865234375, 1103.3056640625, 670.752685546875], [584.24365234375, 458.52996826171875, 615.1570434570312, 540.4531860351562], [1099.3480224609375, 415.28515625, 1202.167724609375, 695.27734375], [627.3989868164062, 456.64849853515625, 659.8477783203125, 556.0181884765625], [724.5034790039062, 449.6429748535156, 759.0136108398438, 551.1924438476562], [662.3909912109375, 460.0860900878906, 697.635498046875, 560.2854614257812], [1247.593994140625, 433.4249267578125, 1356.228271484375, 712.5084838867188], [1197.568115234375, 445.4849548339844, 1265.91943359375, 672.1981201171875], [415.7765808105469, 464.2619934082031, 460.3441467285156, 570.0499877929688], [380.385986328125, 472.48236083984375, 426.14617919921875, 575.6649169921875]]","[0.60498046875, 0.33837890625, 0.5185546875, 0.4794921875, 0.456787109375, 0.583984375, 0.72607421875, 0.515625, 0.347900390625, 0.364990234375]","[[1060.1228332519531, 670.752685546875], [599.7003479003906, 540.4531860351562], [1150.7578735351562, 695.27734375], [643.6233825683594, 556.0181884765625], [741.758544921875, 551.1924438476562], [680.0132446289062, 560.2854614257812], [1301.9111328125, 712.5084838867188], [1231.7437744140625, 672.1981201171875], [438.06036376953125, 570.0499877929688], [403.2660827636719, 575.6649169921875]]",425394176,410943488,425394176,640,yolo26s_int8_640_ncnn_model,MOT17-02
597,166.6096200001448,0.0,10,"[381, 550, 313, 405, 611, 703, 358, 549, 569, 741]","[[1018.862548828125, 446.9960021972656, 1104.852783203125, 670.1038208007812], [583.1242065429688, 458.1108093261719, 614.6338500976562, 540.9335327148438], [1102.2696533203125, 415.1678771972656, 1204.4925537109375, 694.62890625], [627.9976806640625, 458.6236267089844, 659.8477172851562, 555.7830810546875], [725.0069580078125, 450.40911865234375, 759.59033203125, 552.324462890625], [661.9859619140625, 460.0650329589844, 697.2644653320312, 560.11474609375], [1248.8682861328125, 435.2595520019531, 1357.7501220703125, 715.4539184570312], [1198.80615234375, 441.0548095703125, 1267.8724365234375, 670.3561401367188], [416.065185546875, 464.0014953613281, 460.0461120605469, 569.5074462890625], [380.14849853515625, 471.9236145019531, 425.49151611328125, 574.302490234375]]","[0.6474609375, 0.349609375, 0.54833984375, 0.5224609375, 0.45556640625, 0.3837890625, 0.73876953125, 0.48291015625, 0.317138671875, 0.3310546875]","[[1061.857666015625, 670.1038208007812], [598.8790283203125, 540.9335327148438], [1153.381103515625, 694.62890625], [643.9226989746094, 555.7830810546875], [742.2986450195312, 552.324462890625], [679.6252136230469, 560.11474609375], [1303.3092041015625, 715.4539184570312], [1233.3392944335938, 670.3561401367188], [438.05564880371094, 569.5074462890625], [402.82000732421875, 574.302490234375]]",425394176,410943488,425394176,640,yolo26s_int8_640_ncnn_model,MOT17-02
598,176.24783300016134,0.0,10,"[381, 550, 313, 405, 611, 703, 358, 549, 741, 661]","[[1022.7257080078125, 445.3377990722656, 1110.026123046875, 669.11328125], [582.5784912109375, 456.22637939453125, 614.5748291015625, 540.86181640625], [1103.5477294921875, 419.8637390136719, 1205.007080078125, 697.625], [628.7212524414062, 459.8677978515625, 660.3756713867188, 556.2034301757812], [725.3286743164062, 448.9662170410156, 760.1607055664062, 551.5067138671875], [661.2847290039062, 459.3215637207031, 696.6936645507812, 559.7911376953125], [1250.6868896484375, 435.9708557128906, 1359.6710205078125, 717.5531005859375], [1199.4847412109375, 446.5319519042969, 1268.2357177734375, 671.4104614257812], [380.22381591796875, 472.5875549316406, 425.1607360839844, 574.115234375], [551.660888671875, 465.79693603515625, 580.95849609375, 539.2736206054688]]","[0.6904296875, 0.364501953125, 0.5341796875, 0.49951171875, 0.44677734375, 0.40576171875, 0.7109375, 0.5400390625, 0.315185546875, 0.26025390625]","[[1066.3759155273438, 669.11328125], [598.57666015625, 540.86181640625], [1154.2774047851562, 697.625], [644.5484619140625, 556.2034301757812], [742.7446899414062, 551.5067138671875], [678.9891967773438, 559.7911376953125], [1305.178955078125, 717.5531005859375], [1233.8602294921875, 671.4104614257812], [402.69227600097656, 574.115234375], [566.3096923828125, 539.2736206054688]]",425394176,410943488,425394176,640,yolo26s_int8_640_ncnn_model,MOT17-02
599,165.7337860001462,0.0,11,"[381, 550, 313, 405, 611, 703, 358, 549, 741, 661, 569]","[[1025.1837158203125, 442.72979736328125, 1114.7138671875, 670.7266235351562], [583.0361938476562, 457.2320251464844, 614.879638671875, 541.0755004882812], [1105.636962890625, 416.1929016113281, 1207.3792724609375, 696.2849731445312], [628.6546630859375, 461.32745361328125, 659.9253540039062, 556.3649291992188], [725.4569702148438, 447.9206848144531, 759.8621826171875, 549.7025756835938], [661.1343383789062, 456.3320007324219, 696.8693237304688, 557.440673828125], [1254.6636962890625, 436.2509460449219, 1361.77880859375, 714.3900146484375], [1199.080810546875, 444.40509033203125, 1269.82958984375, 674.0967407226562], [380.5899658203125, 472.2684020996094, 425.8321228027344, 574.6103515625], [551.8944091796875, 465.512939453125, 581.6256713867188, 539.532958984375], [417.92169189453125, 474.4198303222656, 457.6025085449219, 569.1957397460938]]","[0.7001953125, 0.37646484375, 0.5244140625, 0.47314453125, 0.462890625, 0.339111328125, 0.72509765625, 0.544921875, 0.369873046875, 0.306640625, 0.279541015625]","[[1069.9487915039062, 670.7266235351562], [598.9579162597656, 541.0755004882812], [1156.5081176757812, 696.2849731445312], [644.2900085449219, 556.3649291992188], [742.6595764160156, 549.7025756835938], [679.0018310546875, 557.440673828125], [1308.2212524414062, 714.3900146484375], [1234.4552001953125, 674.0967407226562], [403.21104431152344, 574.6103515625], [566.7600402832031, 539.532958984375], [437.76210021972656, 569.1957397460938]]",425394176,410943488,425394176,640,yolo26s_int8_640_ncnn_model,MOT17-02
600,164.92419199994401,0.0,10,"[381, 550, 313, 405, 611, 358, 549, 741, 661, 569]","[[1026.8133544921875, 441.5052185058594, 1116.56298828125, 667.64599609375], [584.5028076171875, 458.6198425292969, 615.208251953125, 540.1619873046875], [1109.1212158203125, 416.06036376953125, 1209.369873046875, 693.5604858398438], [628.9078979492188, 461.1163330078125, 659.4938354492188, 554.1761474609375], [725.20458984375, 449.258544921875, 759.5355224609375, 551.23681640625], [1256.9088134765625, 434.8760681152344, 1363.5390625, 713.6625366210938], [1200.2291259765625, 440.1697692871094, 1273.9453125, 676.57861328125], [379.92303466796875, 473.74127197265625, 424.7591247558594, 575.31396484375], [552.96533203125, 465.667236328125, 582.8333129882812, 539.3712158203125], [417.6924133300781, 478.0458068847656, 456.0774841308594, 569.123291015625]]","[0.734375, 0.39501953125, 0.51904296875, 0.474853515625, 0.468017578125, 0.74658203125, 0.5849609375, 0.328857421875, 0.291748046875, 0.29052734375]","[[1071.6881713867188, 667.64599609375], [599.8555297851562, 540.1619873046875], [1159.2455444335938, 693.5604858398438], [644.2008666992188, 554.1761474609375], [742.3700561523438, 551.23681640625], [1310.2239379882812, 713.6625366210938], [1237.0872192382812, 676.57861328125], [402.34107971191406, 575.31396484375], [567.8993225097656, 539.3712158203125], [436.88494873046875, 569.123291015625]]",425394176,410943488,425394176,640,yolo26s_int8_640_ncnn_model,MOT17-02
